recorded_at,nvidia_timestamp,name,driver_version,pstate,temperature_c,gpu_util_percent,memory_used_mib,memory_total_mib,power_w,power_limit_w,graphics_clock_mhz,memory_clock_mhz,pcie_generation,pcie_width
2026-09-07T12:59:58.4190592+07:00,2026/09/07 12:59:58.513, NVIDIA GeForce RTX 5060, 591.86, P0, 27, 0, 234, 8151, 23.41, 145.00, 2527, 14201, 4, 8
2026-09-07T13:00:03.8817948+07:00,2026/09/07 13:00:03.913, NVIDIA GeForce RTX 5060, 591.86, P0, 27, 7, 247, 8151, 18.46, 145.00, 502, 14201, 4, 8
2026-09-07T13:00:08.9176804+07:00,2026/09/07 13:00:08.948, NVIDIA GeForce RTX 5060, 591.86, P5, 27, 0, 269, 8151, 17.72, 145.00, 652, 810, 2, 8
2026-09-07T13:00:13.9533538+07:00,2026/09/07 13:00:13.984, NVIDIA GeForce RTX 5060, 591.86, P8, 26, 0, 274, 8151, 10.26, 145.00, 427, 810, 1, 8
2026-09-07T13:00:18.9846116+07:00,2026/09/07 13:00:19.015, NVIDIA GeForce RTX 5060, 591.86, P8, 26, 0, 274, 8151, 8.88, 145.00, 210, 405, 1, 8
2026-09-07T13:00:24.0194303+07:00,2026/09/07 13:00:24.050, NVIDIA GeForce RTX 5060, 591.86, P8, 26, 0, 252, 8151, 8.34, 145.00, 210, 405, 1, 8
2026-09-07T13:00:29.0592496+07:00,2026/09/07 13:00:29.090, NVIDIA GeForce RTX 5060, 591.86, P8, 26, 0, 252, 8151, 8.33, 145.00, 210, 405, 1, 8
2026-09-07T13:00:34.1571161+07:00,2026/09/07 13:00:34.188, NVIDIA GeForce RTX 5060, 591.86, P8, 26, 0, 252, 8151, 8.02, 145.00, 202, 405, 1, 8
2026-09-07T13:00:39.2097371+07:00,2026/09/07 13:00:39.240, NVIDIA GeForce RTX 5060, 591.86, P8, 26, 0, 252, 8151, 8.84, 145.00, 210, 405, 1, 8
2026-09-07T13:00:44.2622563+07:00,2026/09/07 13:00:44.292, NVIDIA GeForce RTX 5060, 591.86, P8, 26, 0, 252, 8151, 9.19, 145.00, 337, 405, 1, 8
2026-09-07T13:00:46.9025212+07:00,2026/09/07 13:00:46.948, NVIDIA GeForce RTX 5060, 591.86, P0, 28, 0, 267, 8151, 22.96, 145.00, 2512, 14201, 4, 8
2026-09-07T13:00:51.9634553+07:00,2026/09/07 13:00:51.994, NVIDIA GeForce RTX 5060, 591.86, P0, 28, 0, 277, 8151, 15.12, 145.00, 2535, 14201, 4, 8
2026-09-07T13:00:57.0111679+07:00,2026/09/07 13:00:57.042, NVIDIA GeForce RTX 5060, 591.86, P8, 27, 1, 277, 8151, 9.70, 145.00, 300, 405, 1, 8
2026-09-07T13:01:02.0572144+07:00,2026/09/07 13:01:02.087, NVIDIA GeForce RTX 5060, 591.86, P8, 27, 1, 277, 8151, 9.02, 145.00, 210, 405, 1, 8
2026-09-07T13:01:07.1741975+07:00,2026/09/07 13:01:07.204, NVIDIA GeForce RTX 5060, 591.86, P8, 27, 0, 277, 8151, 8.90, 145.00, 300, 405, 1, 8
2026-09-07T13:01:12.2250216+07:00,2026/09/07 13:01:12.255, NVIDIA GeForce RTX 5060, 591.86, P8, 27, 0, 277, 8151, 9.11, 145.00, 367, 405, 1, 8
2026-09-07T13:01:17.2661980+07:00,2026/09/07 13:01:17.297, NVIDIA GeForce RTX 5060, 591.86, P8, 27, 0, 277, 8151, 9.08, 145.00, 210, 405, 1, 8
2026-09-07T13:01:22.3115129+07:00,2026/09/07 13:01:22.354, NVIDIA GeForce RTX 5060, 591.86, P8, 27, 0, 277, 8151, 8.71, 145.00, 232, 405, 1, 8
2026-09-07T13:01:27.3660156+07:00,2026/09/07 13:01:27.410, NVIDIA GeForce RTX 5060, 591.86, P8, 27, 0, 277, 8151, 8.63, 145.00, 210, 405, 1, 8
2026-09-07T13:01:32.4256936+07:00,2026/09/07 13:01:32.470, NVIDIA GeForce RTX 5060, 591.86, P5, 27, 0, 293, 8151, 17.08, 145.00, 517, 810, 2, 8
2026-09-07T13:01:37.5409164+07:00,2026/09/07 13:01:37.586, NVIDIA GeForce RTX 5060, 591.86, P8, 27, 0, 293, 8151, 8.60, 145.00, 352, 405, 1, 8
2026-09-07T13:01:42.6003714+07:00,2026/09/07 13:01:42.631, NVIDIA GeForce RTX 5060, 591.86, P8, 27, 0, 292, 8151, 8.65, 145.00, 322, 405, 1, 8
2026-09-07T13:01:47.6475966+07:00,2026/09/07 13:01:47.677, NVIDIA GeForce RTX 5060, 591.86, P8, 27, 0, 292, 8151, 8.72, 145.00, 345, 405, 1, 8
2026-09-07T13:01:52.6937469+07:00,2026/09/07 13:01:52.723, NVIDIA GeForce RTX 5060, 591.86, P5, 28, 0, 292, 8151, 22.66, 145.00, 2527, 810, 4, 8
2026-09-07T13:01:57.7362670+07:00,2026/09/07 13:01:57.780, NVIDIA GeForce RTX 5060, 591.86, P8, 27, 0, 292, 8151, 8.76, 145.00, 210, 405, 1, 8
2026-09-07T13:02:02.7959065+07:00,2026/09/07 13:02:02.825, NVIDIA GeForce RTX 5060, 591.86, P0, 28, 0, 292, 8151, 22.75, 145.00, 2512, 14201, 4, 8
2026-09-07T13:02:07.8800782+07:00,2026/09/07 13:02:07.910, NVIDIA GeForce RTX 5060, 591.86, P8, 27, 0, 292, 8151, 8.70, 145.00, 210, 405, 1, 8
2026-09-07T13:02:12.9185871+07:00,2026/09/07 13:02:12.964, NVIDIA GeForce RTX 5060, 591.86, P8, 27, 0, 292, 8151, 8.59, 145.00, 210, 405, 1, 8
2026-09-07T13:02:17.9762276+07:00,2026/09/07 13:02:18.007, NVIDIA GeForce RTX 5060, 591.86, P8, 27, 0, 292, 8151, 8.56, 145.00, 210, 405, 1, 8
2026-09-07T13:02:23.0165210+07:00,2026/09/07 13:02:23.046, NVIDIA GeForce RTX 5060, 591.86, P8, 27, 0, 292, 8151, 8.45, 145.00, 210, 405, 1, 8
2026-09-07T13:02:28.0570242+07:00,2026/09/07 13:02:28.102, NVIDIA GeForce RTX 5060, 591.86, P8, 27, 0, 293, 8151, 8.84, 145.00, 352, 405, 1, 8
2026-09-07T13:02:33.1127803+07:00,2026/09/07 13:02:33.157, NVIDIA GeForce RTX 5060, 591.86, P8, 27, 0, 293, 8151, 8.35, 145.00, 210, 405, 1, 8
2026-09-07T13:02:38.2302026+07:00,2026/09/07 13:02:38.274, NVIDIA GeForce RTX 5060, 591.86, P8, 27, 0, 293, 8151, 7.88, 145.00, 210, 405, 1, 8
2026-09-07T13:02:43.2908566+07:00,2026/09/07 13:02:43.320, NVIDIA GeForce RTX 5060, 591.86, P8, 27, 0, 293, 8151, 7.80, 145.00, 210, 405, 1, 8
2026-09-07T13:02:48.3410056+07:00,2026/09/07 13:02:48.385, NVIDIA GeForce RTX 5060, 591.86, P8, 27, 0, 293, 8151, 8.15, 145.00, 210, 405, 1, 8
2026-09-07T13:02:53.4064372+07:00,2026/09/07 13:02:53.450, NVIDIA GeForce RTX 5060, 591.86, P0, 28, 0, 293, 8151, 22.36, 145.00, 2512, 14201, 4, 8
2026-09-07T13:02:58.4635455+07:00,2026/09/07 13:02:58.492, NVIDIA GeForce RTX 5060, 591.86, P8, 27, 0, 293, 8151, 8.02, 145.00, 210, 405, 1, 8
2026-09-07T13:03:03.5009924+07:00,2026/09/07 13:03:03.530, NVIDIA GeForce RTX 5060, 591.86, P8, 27, 0, 293, 8151, 8.43, 145.00, 232, 405, 1, 8
2026-09-07T13:03:08.5888256+07:00,2026/09/07 13:03:08.634, NVIDIA GeForce RTX 5060, 591.86, P8, 27, 0, 293, 8151, 8.48, 145.00, 210, 405, 1, 8
2026-09-07T13:03:13.6511156+07:00,2026/09/07 13:03:13.681, NVIDIA GeForce RTX 5060, 591.86, P8, 27, 0, 293, 8151, 8.90, 145.00, 210, 405, 1, 8
2026-09-07T13:03:18.6992974+07:00,2026/09/07 13:03:18.729, NVIDIA GeForce RTX 5060, 591.86, P8, 27, 1, 293, 8151, 8.53, 145.00, 315, 405, 1, 8
2026-09-07T13:03:23.7417617+07:00,2026/09/07 13:03:23.772, NVIDIA GeForce RTX 5060, 591.86, P8, 27, 0, 293, 8151, 8.80, 145.00, 262, 405, 1, 8
2026-09-07T13:03:28.7902041+07:00,2026/09/07 13:03:28.834, NVIDIA GeForce RTX 5060, 591.86, P8, 27, 0, 293, 8151, 8.44, 145.00, 210, 405, 1, 8
2026-09-07T13:03:33.8531576+07:00,2026/09/07 13:03:33.883, NVIDIA GeForce RTX 5060, 591.86, P8, 27, 0, 293, 8151, 8.48, 145.00, 232, 405, 1, 8
2026-09-07T13:03:38.9325633+07:00,2026/09/07 13:03:38.963, NVIDIA GeForce RTX 5060, 591.86, P8, 27, 0, 293, 8151, 8.69, 145.00, 345, 405, 1, 8
2026-09-07T13:03:43.9715492+07:00,2026/09/07 13:03:44.002, NVIDIA GeForce RTX 5060, 591.86, P8, 27, 0, 293, 8151, 9.00, 145.00, 232, 405, 1, 8
2026-09-07T13:03:49.0168323+07:00,2026/09/07 13:03:49.047, NVIDIA GeForce RTX 5060, 591.86, P8, 27, 0, 293, 8151, 8.33, 145.00, 232, 405, 1, 8
2026-09-07T13:03:54.0624891+07:00,2026/09/07 13:03:54.093, NVIDIA GeForce RTX 5060, 591.86, P8, 27, 0, 293, 8151, 8.53, 145.00, 345, 405, 1, 8
2026-09-07T13:03:59.1088856+07:00,2026/09/07 13:03:59.139, NVIDIA GeForce RTX 5060, 591.86, P8, 27, 0, 293, 8151, 8.78, 145.00, 202, 405, 1, 8
2026-09-07T13:04:04.1519290+07:00,2026/09/07 13:04:04.182, NVIDIA GeForce RTX 5060, 591.86, P5, 27, 0, 293, 8151, 18.09, 145.00, 480, 810, 2, 8
2026-09-07T13:04:09.2554590+07:00,2026/09/07 13:04:09.286, NVIDIA GeForce RTX 5060, 591.86, P8, 27, 0, 293, 8151, 8.53, 145.00, 210, 405, 1, 8
2026-09-07T13:04:14.2960882+07:00,2026/09/07 13:04:14.327, NVIDIA GeForce RTX 5060, 591.86, P8, 27, 0, 293, 8151, 8.78, 145.00, 292, 405, 1, 8
2026-09-07T13:04:19.3374030+07:00,2026/09/07 13:04:19.368, NVIDIA GeForce RTX 5060, 591.86, P8, 27, 1, 293, 8151, 8.82, 145.00, 322, 405, 1, 8
2026-09-07T13:04:24.3874196+07:00,2026/09/07 13:04:24.418, NVIDIA GeForce RTX 5060, 591.86, P8, 27, 0, 293, 8151, 8.65, 145.00, 255, 405, 1, 8
2026-09-07T13:04:29.4370633+07:00,2026/09/07 13:04:29.468, NVIDIA GeForce RTX 5060, 591.86, P8, 27, 0, 293, 8151, 8.52, 145.00, 210, 405, 1, 8
2026-09-07T13:04:34.4855528+07:00,2026/09/07 13:04:34.516, NVIDIA GeForce RTX 5060, 591.86, P8, 27, 0, 293, 8151, 8.60, 145.00, 210, 405, 1, 8
2026-09-07T13:04:39.5745752+07:00,2026/09/07 13:04:39.605, NVIDIA GeForce RTX 5060, 591.86, P8, 27, 0, 293, 8151, 8.64, 145.00, 232, 405, 1, 8
2026-09-07T13:04:44.6175884+07:00,2026/09/07 13:04:44.648, NVIDIA GeForce RTX 5060, 591.86, P8, 27, 1, 293, 8151, 8.49, 145.00, 322, 405, 1, 8
2026-09-07T13:04:49.6628354+07:00,2026/09/07 13:04:49.693, NVIDIA GeForce RTX 5060, 591.86, P8, 27, 1, 293, 8151, 8.62, 145.00, 337, 405, 1, 8
2026-09-07T13:04:54.7131422+07:00,2026/09/07 13:04:54.744, NVIDIA GeForce RTX 5060, 591.86, P8, 27, 0, 296, 8151, 8.72, 145.00, 322, 405, 1, 8
2026-09-07T13:04:59.7632010+07:00,2026/09/07 13:04:59.794, NVIDIA GeForce RTX 5060, 591.86, P8, 27, 1, 296, 8151, 8.57, 145.00, 360, 405, 1, 8
2026-09-07T13:05:04.8127522+07:00,2026/09/07 13:05:04.859, NVIDIA GeForce RTX 5060, 591.86, P8, 27, 0, 296, 8151, 8.62, 145.00, 315, 405, 1, 8
2026-09-07T13:05:09.9229136+07:00,2026/09/07 13:05:09.953, NVIDIA GeForce RTX 5060, 591.86, P8, 27, 0, 296, 8151, 8.34, 145.00, 247, 405, 1, 8
2026-09-07T13:05:14.9724632+07:00,2026/09/07 13:05:15.003, NVIDIA GeForce RTX 5060, 591.86, P8, 27, 0, 296, 8151, 8.42, 145.00, 210, 405, 1, 8
2026-09-07T13:05:20.0195908+07:00,2026/09/07 13:05:20.050, NVIDIA GeForce RTX 5060, 591.86, P8, 27, 0, 296, 8151, 8.60, 145.00, 232, 405, 1, 8
2026-09-07T13:05:25.0683333+07:00,2026/09/07 13:05:25.099, NVIDIA GeForce RTX 5060, 591.86, P8, 27, 0, 296, 8151, 8.73, 145.00, 232, 405, 1, 8
2026-09-07T13:05:30.1141173+07:00,2026/09/07 13:05:30.145, NVIDIA GeForce RTX 5060, 591.86, P8, 27, 1, 296, 8151, 8.59, 145.00, 322, 405, 1, 8
2026-09-07T13:05:35.1623832+07:00,2026/09/07 13:05:35.193, NVIDIA GeForce RTX 5060, 591.86, P8, 27, 0, 296, 8151, 8.56, 145.00, 322, 405, 1, 8
2026-09-07T13:05:40.2395931+07:00,2026/09/07 13:05:40.270, NVIDIA GeForce RTX 5060, 591.86, P8, 27, 0, 296, 8151, 8.24, 145.00, 210, 405, 1, 8
2026-09-07T13:05:45.2893673+07:00,2026/09/07 13:05:45.320, NVIDIA GeForce RTX 5060, 591.86, P8, 27, 0, 296, 8151, 8.75, 145.00, 210, 405, 1, 8
2026-09-07T13:05:50.3402179+07:00,2026/09/07 13:05:50.371, NVIDIA GeForce RTX 5060, 591.86, P8, 27, 0, 296, 8151, 8.46, 145.00, 322, 405, 1, 8
2026-09-07T13:05:55.3894059+07:00,2026/09/07 13:05:55.420, NVIDIA GeForce RTX 5060, 591.86, P8, 27, 0, 296, 8151, 8.22, 145.00, 232, 405, 1, 8
2026-09-07T13:06:00.4394852+07:00,2026/09/07 13:06:00.470, NVIDIA GeForce RTX 5060, 591.86, P8, 27, 1, 296, 8151, 8.60, 145.00, 240, 405, 1, 8
2026-09-07T13:06:05.4896464+07:00,2026/09/07 13:06:05.520, NVIDIA GeForce RTX 5060, 591.86, P8, 27, 0, 296, 8151, 8.64, 145.00, 345, 405, 1, 8
2026-09-07T13:06:10.5693107+07:00,2026/09/07 13:06:10.600, NVIDIA GeForce RTX 5060, 591.86, P8, 27, 0, 296, 8151, 8.34, 145.00, 315, 405, 1, 8
2026-09-07T13:06:15.6199646+07:00,2026/09/07 13:06:15.650, NVIDIA GeForce RTX 5060, 591.86, P8, 27, 0, 296, 8151, 8.48, 145.00, 210, 405, 1, 8
2026-09-07T13:06:20.6699480+07:00,2026/09/07 13:06:20.700, NVIDIA GeForce RTX 5060, 591.86, P8, 27, 0, 296, 8151, 8.77, 145.00, 247, 405, 1, 8
2026-09-07T13:06:25.7196545+07:00,2026/09/07 13:06:25.750, NVIDIA GeForce RTX 5060, 591.86, P8, 27, 0, 296, 8151, 8.51, 145.00, 322, 405, 1, 8
2026-09-07T13:06:30.7699426+07:00,2026/09/07 13:06:30.800, NVIDIA GeForce RTX 5060, 591.86, P8, 27, 0, 296, 8151, 8.66, 145.00, 210, 405, 1, 8
2026-09-07T13:06:35.8200830+07:00,2026/09/07 13:06:35.850, NVIDIA GeForce RTX 5060, 591.86, P8, 27, 0, 296, 8151, 8.84, 145.00, 322, 405, 1, 8
2026-09-07T13:06:40.9014361+07:00,2026/09/07 13:06:40.932, NVIDIA GeForce RTX 5060, 591.86, P8, 27, 0, 296, 8151, 8.39, 145.00, 300, 405, 1, 8
2026-09-07T13:06:45.9510536+07:00,2026/09/07 13:06:45.982, NVIDIA GeForce RTX 5060, 591.86, P8, 27, 0, 296, 8151, 8.68, 145.00, 210, 405, 1, 8
2026-09-07T13:06:51.0015312+07:00,2026/09/07 13:06:51.032, NVIDIA GeForce RTX 5060, 591.86, P8, 27, 1, 296, 8151, 8.54, 145.00, 315, 405, 1, 8
2026-09-07T13:06:56.0517360+07:00,2026/09/07 13:06:56.082, NVIDIA GeForce RTX 5060, 591.86, P8, 27, 0, 296, 8151, 8.44, 145.00, 210, 405, 1, 8
2026-09-07T13:07:01.1026026+07:00,2026/09/07 13:07:01.133, NVIDIA GeForce RTX 5060, 591.86, P8, 27, 0, 296, 8151, 8.72, 145.00, 322, 405, 1, 8
2026-09-07T13:07:06.1521612+07:00,2026/09/07 13:07:06.183, NVIDIA GeForce RTX 5060, 591.86, P8, 27, 1, 296, 8151, 8.40, 145.00, 232, 405, 1, 8
2026-09-07T13:07:11.2496093+07:00,2026/09/07 13:07:11.280, NVIDIA GeForce RTX 5060, 591.86, P8, 27, 0, 296, 8151, 8.53, 145.00, 232, 405, 1, 8
2026-09-07T13:07:16.2994937+07:00,2026/09/07 13:07:16.330, NVIDIA GeForce RTX 5060, 591.86, P8, 27, 0, 296, 8151, 8.85, 145.00, 210, 405, 1, 8
2026-09-07T13:07:21.3501624+07:00,2026/09/07 13:07:21.381, NVIDIA GeForce RTX 5060, 591.86, P8, 27, 0, 296, 8151, 9.07, 145.00, 337, 405, 1, 8
2026-09-07T13:07:26.3987723+07:00,2026/09/07 13:07:26.429, NVIDIA GeForce RTX 5060, 591.86, P8, 27, 0, 296, 8151, 8.49, 145.00, 210, 405, 1, 8
2026-09-07T13:07:31.4484011+07:00,2026/09/07 13:07:31.479, NVIDIA GeForce RTX 5060, 591.86, P8, 27, 0, 296, 8151, 8.97, 145.00, 270, 405, 1, 8
2026-09-07T13:07:36.4978130+07:00,2026/09/07 13:07:36.528, NVIDIA GeForce RTX 5060, 591.86, P8, 27, 0, 296, 8151, 8.57, 145.00, 322, 405, 1, 8
2026-09-07T13:07:41.5795036+07:00,2026/09/07 13:07:41.610, NVIDIA GeForce RTX 5060, 591.86, P8, 27, 0, 296, 8151, 8.62, 145.00, 232, 405, 1, 8
2026-09-07T13:07:46.6299156+07:00,2026/09/07 13:07:46.661, NVIDIA GeForce RTX 5060, 591.86, P8, 27, 0, 296, 8151, 8.90, 145.00, 345, 405, 1, 8
2026-09-07T13:07:51.6644126+07:00,2026/09/07 13:07:51.695, NVIDIA GeForce RTX 5060, 591.86, P8, 27, 0, 296, 8151, 8.78, 145.00, 337, 405, 1, 8
2026-09-07T13:07:56.7143481+07:00,2026/09/07 13:07:56.745, NVIDIA GeForce RTX 5060, 591.86, P8, 27, 0, 296, 8151, 8.52, 145.00, 232, 405, 1, 8
2026-09-07T13:08:01.7639097+07:00,2026/09/07 13:08:01.794, NVIDIA GeForce RTX 5060, 591.86, P8, 27, 0, 296, 8151, 8.92, 145.00, 345, 405, 1, 8
2026-09-07T13:08:06.8141472+07:00,2026/09/07 13:08:06.844, NVIDIA GeForce RTX 5060, 591.86, P8, 27, 0, 296, 8151, 8.72, 145.00, 210, 405, 1, 8
2026-09-07T13:08:11.9120791+07:00,2026/09/07 13:08:11.943, NVIDIA GeForce RTX 5060, 591.86, P8, 27, 1, 296, 8151, 8.70, 145.00, 345, 405, 1, 8
2026-09-07T13:08:16.9626373+07:00,2026/09/07 13:08:16.993, NVIDIA GeForce RTX 5060, 591.86, P8, 27, 0, 296, 8151, 8.92, 145.00, 300, 405, 1, 8
2026-09-07T13:08:22.0051035+07:00,2026/09/07 13:08:22.036, NVIDIA GeForce RTX 5060, 591.86, P8, 27, 0, 296, 8151, 8.62, 145.00, 255, 405, 1, 8
2026-09-07T13:08:27.0457679+07:00,2026/09/07 13:08:27.076, NVIDIA GeForce RTX 5060, 591.86, P8, 27, 0, 296, 8151, 8.92, 145.00, 322, 405, 1, 8
2026-09-07T13:08:32.0950147+07:00,2026/09/07 13:08:32.139, NVIDIA GeForce RTX 5060, 591.86, P8, 27, 0, 296, 8151, 8.69, 145.00, 262, 405, 1, 8
2026-09-07T13:08:37.1536289+07:00,2026/09/07 13:08:37.198, NVIDIA GeForce RTX 5060, 591.86, P8, 27, 0, 296, 8151, 8.60, 145.00, 210, 405, 1, 8
2026-09-07T13:08:42.2572204+07:00,2026/09/07 13:08:42.302, NVIDIA GeForce RTX 5060, 591.86, P8, 27, 0, 296, 8151, 8.82, 145.00, 345, 405, 1, 8
2026-09-07T13:08:47.3131134+07:00,2026/09/07 13:08:47.343, NVIDIA GeForce RTX 5060, 591.86, P8, 27, 0, 296, 8151, 8.89, 145.00, 292, 405, 1, 8
2026-09-07T13:08:52.3567883+07:00,2026/09/07 13:08:52.401, NVIDIA GeForce RTX 5060, 591.86, P8, 27, 0, 296, 8151, 8.59, 145.00, 210, 405, 1, 8
2026-09-07T13:08:57.4135639+07:00,2026/09/07 13:08:57.458, NVIDIA GeForce RTX 5060, 591.86, P8, 27, 0, 296, 8151, 8.47, 145.00, 210, 405, 1, 8
2026-09-07T13:09:02.4728416+07:00,2026/09/07 13:09:02.502, NVIDIA GeForce RTX 5060, 591.86, P8, 27, 1, 296, 8151, 8.81, 145.00, 345, 405, 1, 8
2026-09-07T13:09:07.5155085+07:00,2026/09/07 13:09:07.545, NVIDIA GeForce RTX 5060, 591.86, P8, 27, 0, 296, 8151, 8.97, 145.00, 397, 405, 1, 8
2026-09-07T13:09:12.6171692+07:00,2026/09/07 13:09:12.647, NVIDIA GeForce RTX 5060, 591.86, P8, 27, 0, 296, 8151, 8.97, 145.00, 315, 405, 1, 8
2026-09-07T13:09:17.6578319+07:00,2026/09/07 13:09:17.702, NVIDIA GeForce RTX 5060, 591.86, P8, 27, 0, 296, 8151, 8.80, 145.00, 262, 405, 1, 8
2026-09-07T13:09:22.7150868+07:00,2026/09/07 13:09:22.760, NVIDIA GeForce RTX 5060, 591.86, P8, 27, 0, 296, 8151, 8.53, 145.00, 270, 405, 1, 8
2026-09-07T13:09:27.7828382+07:00,2026/09/07 13:09:27.827, NVIDIA GeForce RTX 5060, 591.86, P8, 27, 0, 296, 8151, 8.73, 145.00, 337, 405, 1, 8
2026-09-07T13:09:32.8388182+07:00,2026/09/07 13:09:32.884, NVIDIA GeForce RTX 5060, 591.86, P8, 28, 1, 296, 8151, 8.90, 145.00, 360, 405, 1, 8
2026-09-07T13:09:37.9080723+07:00,2026/09/07 13:09:37.937, NVIDIA GeForce RTX 5060, 591.86, P8, 27, 1, 296, 8151, 8.99, 145.00, 382, 405, 1, 8
2026-09-07T13:09:42.9930692+07:00,2026/09/07 13:09:43.037, NVIDIA GeForce RTX 5060, 591.86, P8, 27, 0, 296, 8151, 8.89, 145.00, 240, 405, 1, 8
2026-09-07T13:09:48.0473853+07:00,2026/09/07 13:09:48.091, NVIDIA GeForce RTX 5060, 591.86, P8, 27, 0, 296, 8151, 8.69, 145.00, 270, 405, 1, 8
2026-09-07T13:09:53.1123398+07:00,2026/09/07 13:09:53.143, NVIDIA GeForce RTX 5060, 591.86, P8, 27, 0, 296, 8151, 8.73, 145.00, 210, 405, 1, 8
2026-09-07T13:09:58.1611952+07:00,2026/09/07 13:09:58.192, NVIDIA GeForce RTX 5060, 591.86, P8, 27, 0, 296, 8151, 8.81, 145.00, 210, 405, 1, 8
2026-09-07T13:10:03.2091892+07:00,2026/09/07 13:10:03.240, NVIDIA GeForce RTX 5060, 591.86, P8, 27, 1, 296, 8151, 8.82, 145.00, 232, 405, 1, 8
2026-09-07T13:10:08.2609099+07:00,2026/09/07 13:10:08.305, NVIDIA GeForce RTX 5060, 591.86, P8, 27, 0, 296, 8151, 8.33, 145.00, 210, 405, 1, 8
2026-09-07T13:10:13.3624245+07:00,2026/09/07 13:10:13.407, NVIDIA GeForce RTX 5060, 591.86, P8, 27, 0, 296, 8151, 8.83, 145.00, 210, 405, 1, 8
2026-09-07T13:10:18.4213500+07:00,2026/09/07 13:10:18.450, NVIDIA GeForce RTX 5060, 591.86, P8, 27, 0, 296, 8151, 8.78, 145.00, 270, 405, 1, 8
2026-09-07T13:10:23.4622754+07:00,2026/09/07 13:10:23.506, NVIDIA GeForce RTX 5060, 591.86, P8, 28, 1, 296, 8151, 9.19, 145.00, 382, 405, 1, 8
2026-09-07T13:10:28.5175207+07:00,2026/09/07 13:10:28.563, NVIDIA GeForce RTX 5060, 591.86, P8, 28, 2, 297, 8151, 11.73, 145.00, 967, 405, 1, 8
2026-09-07T13:10:33.5737177+07:00,2026/09/07 13:10:33.604, NVIDIA GeForce RTX 5060, 591.86, P0, 29, 2, 345, 8151, 18.15, 145.00, 2557, 14201, 4, 8
2026-09-07T13:10:38.6208016+07:00,2026/09/07 13:10:38.651, NVIDIA GeForce RTX 5060, 591.86, P8, 28, 2, 408, 8151, 9.81, 145.00, 525, 405, 1, 8
2026-09-07T13:10:43.7075475+07:00,2026/09/07 13:10:43.738, NVIDIA GeForce RTX 5060, 591.86, P8, 28, 3, 415, 8151, 10.60, 145.00, 487, 405, 1, 8
2026-09-07T13:10:48.7515227+07:00,2026/09/07 13:10:48.782, NVIDIA GeForce RTX 5060, 591.86, P8, 28, 3, 396, 8151, 10.51, 145.00, 570, 405, 1, 8
2026-09-07T13:10:53.8043359+07:00,2026/09/07 13:10:53.834, NVIDIA GeForce RTX 5060, 591.86, P5, 28, 0, 394, 8151, 12.44, 145.00, 487, 810, 2, 8
2026-09-07T13:10:58.8454374+07:00,2026/09/07 13:10:58.875, NVIDIA GeForce RTX 5060, 591.86, P8, 28, 1, 377, 8151, 9.29, 145.00, 472, 405, 1, 8
2026-09-07T13:11:03.8817141+07:00,2026/09/07 13:11:03.912, NVIDIA GeForce RTX 5060, 591.86, P8, 28, 2, 377, 8151, 9.15, 145.00, 390, 405, 1, 8
2026-09-07T13:11:08.9273849+07:00,2026/09/07 13:11:08.958, NVIDIA GeForce RTX 5060, 591.86, P8, 28, 2, 401, 8151, 9.25, 145.00, 412, 405, 1, 8
2026-09-07T13:11:14.0304853+07:00,2026/09/07 13:11:14.075, NVIDIA GeForce RTX 5060, 591.86, P8, 28, 0, 380, 8151, 9.78, 145.00, 337, 405, 1, 8
2026-09-07T13:11:19.1013569+07:00,2026/09/07 13:11:19.132, NVIDIA GeForce RTX 5060, 591.86, P8, 28, 0, 380, 8151, 9.16, 145.00, 360, 405, 1, 8
2026-09-07T13:11:24.1575573+07:00,2026/09/07 13:11:24.188, NVIDIA GeForce RTX 5060, 591.86, P8, 28, 2, 406, 8151, 9.90, 145.00, 397, 405, 1, 8
2026-09-07T13:11:29.1977989+07:00,2026/09/07 13:11:29.228, NVIDIA GeForce RTX 5060, 591.86, P8, 28, 1, 410, 8151, 10.18, 145.00, 495, 405, 1, 8
2026-09-07T13:11:34.2496426+07:00,2026/09/07 13:11:34.280, NVIDIA GeForce RTX 5060, 591.86, P8, 28, 0, 397, 8151, 9.65, 145.00, 465, 405, 1, 8
2026-09-07T13:11:39.3025820+07:00,2026/09/07 13:11:39.347, NVIDIA GeForce RTX 5060, 591.86, P8, 28, 1, 384, 8151, 10.13, 145.00, 495, 405, 1, 8
2026-09-07T13:11:44.4086859+07:00,2026/09/07 13:11:44.452, NVIDIA GeForce RTX 5060, 591.86, P8, 28, 0, 382, 8151, 9.65, 145.00, 345, 405, 1, 8
2026-09-07T13:11:49.4627323+07:00,2026/09/07 13:11:49.492, NVIDIA GeForce RTX 5060, 591.86, P0, 29, 0, 400, 8151, 22.15, 145.00, 2535, 14201, 4, 8
2026-09-07T13:11:54.5106964+07:00,2026/09/07 13:11:54.541, NVIDIA GeForce RTX 5060, 591.86, P8, 28, 6, 374, 8151, 9.39, 145.00, 390, 405, 1, 8
2026-09-07T13:11:59.5498347+07:00,2026/09/07 13:11:59.580, NVIDIA GeForce RTX 5060, 591.86, P5, 28, 0, 386, 8151, 16.96, 145.00, 645, 810, 2, 8
2026-09-07T13:12:04.6006340+07:00,2026/09/07 13:12:04.631, NVIDIA GeForce RTX 5060, 591.86, P8, 28, 1, 399, 8151, 10.06, 145.00, 487, 405, 1, 8
2026-09-07T13:12:09.6424455+07:00,2026/09/07 13:12:09.673, NVIDIA GeForce RTX 5060, 591.86, P8, 28, 0, 385, 8151, 8.97, 145.00, 270, 405, 1, 8
2026-09-07T13:12:14.7360938+07:00,2026/09/07 13:12:14.767, NVIDIA GeForce RTX 5060, 591.86, P8, 28, 1, 372, 8151, 8.77, 145.00, 360, 405, 1, 8
2026-09-07T13:12:19.7825025+07:00,2026/09/07 13:12:19.827, NVIDIA GeForce RTX 5060, 591.86, P8, 28, 2, 372, 8151, 10.16, 145.00, 510, 405, 1, 8
2026-09-07T13:12:24.8419140+07:00,2026/09/07 13:12:24.887, NVIDIA GeForce RTX 5060, 591.86, P8, 28, 3, 375, 8151, 10.43, 145.00, 690, 405, 1, 8
2026-09-07T13:12:29.9028081+07:00,2026/09/07 13:12:29.933, NVIDIA GeForce RTX 5060, 591.86, P8, 28, 2, 372, 8151, 10.08, 145.00, 472, 405, 1, 8
2026-09-07T13:12:34.9530959+07:00,2026/09/07 13:12:34.983, NVIDIA GeForce RTX 5060, 591.86, P3, 29, 1, 374, 8151, 22.20, 145.00, 2557, 7001, 4, 8
2026-09-07T13:12:40.0018475+07:00,2026/09/07 13:12:40.032, NVIDIA GeForce RTX 5060, 591.86, P8, 28, 2, 402, 8151, 9.35, 145.00, 427, 405, 1, 8
2026-09-07T13:12:45.1029180+07:00,2026/09/07 13:12:45.133, NVIDIA GeForce RTX 5060, 591.86, P8, 28, 1, 404, 8151, 9.41, 145.00, 442, 405, 1, 8
2026-09-07T13:12:50.1425388+07:00,2026/09/07 13:12:50.187, NVIDIA GeForce RTX 5060, 591.86, P8, 28, 0, 393, 8151, 8.97, 145.00, 307, 405, 1, 8
2026-09-07T13:12:55.1995233+07:00,2026/09/07 13:12:55.228, NVIDIA GeForce RTX 5060, 591.86, P8, 28, 1, 388, 8151, 9.59, 145.00, 397, 405, 1, 8
2026-09-07T13:13:00.2444669+07:00,2026/09/07 13:13:00.275, NVIDIA GeForce RTX 5060, 591.86, P8, 28, 1, 390, 8151, 9.21, 145.00, 435, 405, 1, 8
2026-09-07T13:13:05.2945202+07:00,2026/09/07 13:13:05.339, NVIDIA GeForce RTX 5060, 591.86, P8, 28, 2, 395, 8151, 9.23, 145.00, 442, 405, 1, 8
2026-09-07T13:13:10.3560561+07:00,2026/09/07 13:13:10.385, NVIDIA GeForce RTX 5060, 591.86, P8, 28, 1, 409, 8151, 9.32, 145.00, 375, 405, 1, 8
2026-09-07T13:13:15.4563923+07:00,2026/09/07 13:13:15.501, NVIDIA GeForce RTX 5060, 591.86, P8, 28, 1, 413, 8151, 10.07, 145.00, 450, 405, 1, 8
2026-09-07T13:13:20.5093659+07:00,2026/09/07 13:13:20.540, NVIDIA GeForce RTX 5060, 591.86, P8, 28, 1, 408, 8151, 9.56, 145.00, 420, 405, 1, 8
2026-09-07T13:13:25.5503175+07:00,2026/09/07 13:13:25.595, NVIDIA GeForce RTX 5060, 591.86, P8, 28, 1, 400, 8151, 9.28, 145.00, 427, 405, 1, 8
2026-09-07T13:13:30.6050434+07:00,2026/09/07 13:13:30.635, NVIDIA GeForce RTX 5060, 591.86, P8, 28, 1, 398, 8151, 9.29, 145.00, 450, 405, 1, 8
2026-09-07T13:13:35.6542493+07:00,2026/09/07 13:13:35.699, NVIDIA GeForce RTX 5060, 591.86, P8, 28, 1, 419, 8151, 9.83, 145.00, 465, 405, 1, 8
2026-09-07T13:13:40.7165649+07:00,2026/09/07 13:13:40.762, NVIDIA GeForce RTX 5060, 591.86, P8, 28, 1, 420, 8151, 9.67, 145.00, 412, 405, 1, 8
2026-09-07T13:13:45.8402018+07:00,2026/09/07 13:13:45.871, NVIDIA GeForce RTX 5060, 591.86, P8, 28, 1, 391, 8151, 9.81, 145.00, 585, 405, 1, 8
2026-09-07T13:13:50.8810370+07:00,2026/09/07 13:13:50.924, NVIDIA GeForce RTX 5060, 591.86, P8, 28, 1, 388, 8151, 9.42, 145.00, 427, 405, 1, 8
2026-09-07T13:13:55.9426728+07:00,2026/09/07 13:13:55.988, NVIDIA GeForce RTX 5060, 591.86, P8, 28, 1, 391, 8151, 9.78, 145.00, 442, 405, 1, 8
2026-09-07T13:14:00.9999961+07:00,2026/09/07 13:14:01.030, NVIDIA GeForce RTX 5060, 591.86, P8, 28, 1, 392, 8151, 9.27, 145.00, 360, 405, 1, 8
2026-09-07T13:14:06.0390998+07:00,2026/09/07 13:14:06.069, NVIDIA GeForce RTX 5060, 591.86, P8, 28, 2, 387, 8151, 9.58, 145.00, 450, 405, 1, 8
2026-09-07T13:14:11.0793935+07:00,2026/09/07 13:14:11.123, NVIDIA GeForce RTX 5060, 591.86, P8, 28, 1, 398, 8151, 9.53, 145.00, 442, 405, 1, 8
2026-09-07T13:14:16.1782914+07:00,2026/09/07 13:14:16.208, NVIDIA GeForce RTX 5060, 591.86, P8, 28, 2, 393, 8151, 9.49, 145.00, 502, 405, 1, 8
2026-09-07T13:14:21.2213020+07:00,2026/09/07 13:14:21.251, NVIDIA GeForce RTX 5060, 591.86, P8, 28, 1, 410, 8151, 9.81, 145.00, 465, 405, 1, 8
2026-09-07T13:14:26.2656646+07:00,2026/09/07 13:14:26.310, NVIDIA GeForce RTX 5060, 591.86, P8, 28, 1, 418, 8151, 9.51, 145.00, 435, 405, 1, 8
2026-09-07T13:14:31.3228266+07:00,2026/09/07 13:14:31.353, NVIDIA GeForce RTX 5060, 591.86, P8, 28, 3, 443, 8151, 11.20, 145.00, 637, 405, 1, 8
2026-09-07T13:14:36.3613491+07:00,2026/09/07 13:14:36.405, NVIDIA GeForce RTX 5060, 591.86, P0, 29, 0, 434, 8151, 23.04, 145.00, 2542, 14201, 4, 8
2026-09-07T13:14:41.4187838+07:00,2026/09/07 13:14:41.464, NVIDIA GeForce RTX 5060, 591.86, P8, 28, 4, 434, 8151, 11.20, 145.00, 615, 405, 1, 8
2026-09-07T13:14:46.5340481+07:00,2026/09/07 13:14:46.564, NVIDIA GeForce RTX 5060, 591.86, P8, 28, 1, 446, 8151, 9.46, 145.00, 472, 405, 1, 8
2026-09-07T13:14:51.5900465+07:00,2026/09/07 13:14:51.621, NVIDIA GeForce RTX 5060, 591.86, P8, 28, 1, 418, 8151, 9.47, 145.00, 450, 405, 1, 8
2026-09-07T13:14:56.6403154+07:00,2026/09/07 13:14:56.685, NVIDIA GeForce RTX 5060, 591.86, P8, 28, 1, 412, 8151, 9.14, 145.00, 435, 405, 1, 8
2026-09-07T13:15:01.7037785+07:00,2026/09/07 13:15:01.749, NVIDIA GeForce RTX 5060, 591.86, P8, 28, 1, 412, 8151, 9.35, 145.00, 360, 405, 1, 8
2026-09-07T13:15:06.7651831+07:00,2026/09/07 13:15:06.796, NVIDIA GeForce RTX 5060, 591.86, P8, 28, 1, 412, 8151, 9.27, 145.00, 375, 405, 1, 8
2026-09-07T13:15:11.8129458+07:00,2026/09/07 13:15:11.843, NVIDIA GeForce RTX 5060, 591.86, P8, 28, 1, 409, 8151, 9.11, 145.00, 360, 405, 1, 8
2026-09-07T13:15:16.9065589+07:00,2026/09/07 13:15:16.937, NVIDIA GeForce RTX 5060, 591.86, P8, 28, 1, 409, 8151, 9.22, 145.00, 375, 405, 1, 8
2026-09-07T13:15:21.9479195+07:00,2026/09/07 13:15:21.978, NVIDIA GeForce RTX 5060, 591.86, P8, 28, 1, 415, 8151, 9.27, 145.00, 397, 405, 1, 8
2026-09-07T13:15:26.9984607+07:00,2026/09/07 13:15:27.029, NVIDIA GeForce RTX 5060, 591.86, P8, 28, 1, 415, 8151, 9.26, 145.00, 382, 405, 1, 8
2026-09-07T13:15:32.0494093+07:00,2026/09/07 13:15:32.094, NVIDIA GeForce RTX 5060, 591.86, P8, 28, 1, 417, 8151, 9.23, 145.00, 382, 405, 1, 8
2026-09-07T13:15:37.1013136+07:00,2026/09/07 13:15:37.132, NVIDIA GeForce RTX 5060, 591.86, P8, 28, 1, 412, 8151, 9.24, 145.00, 397, 405, 1, 8
2026-09-07T13:15:42.1480957+07:00,2026/09/07 13:15:42.193, NVIDIA GeForce RTX 5060, 591.86, P8, 28, 1, 412, 8151, 9.13, 145.00, 375, 405, 1, 8
2026-09-07T13:15:47.2664096+07:00,2026/09/07 13:15:47.296, NVIDIA GeForce RTX 5060, 591.86, P8, 28, 1, 412, 8151, 9.15, 145.00, 390, 405, 1, 8
2026-09-07T13:15:52.3117181+07:00,2026/09/07 13:15:52.342, NVIDIA GeForce RTX 5060, 591.86, P8, 28, 1, 412, 8151, 9.06, 145.00, 375, 405, 1, 8
2026-09-07T13:15:57.3590172+07:00,2026/09/07 13:15:57.389, NVIDIA GeForce RTX 5060, 591.86, P8, 28, 1, 412, 8151, 9.27, 145.00, 397, 405, 1, 8
2026-09-07T13:16:02.4087102+07:00,2026/09/07 13:16:02.439, NVIDIA GeForce RTX 5060, 591.86, P8, 28, 1, 412, 8151, 9.20, 145.00, 390, 405, 1, 8
2026-09-07T13:16:07.4528218+07:00,2026/09/07 13:16:07.498, NVIDIA GeForce RTX 5060, 591.86, P0, 29, 0, 412, 8151, 16.17, 145.00, 2535, 14201, 4, 8
2026-09-07T13:16:12.5110986+07:00,2026/09/07 13:16:12.556, NVIDIA GeForce RTX 5060, 591.86, P8, 28, 1, 412, 8151, 9.29, 145.00, 360, 405, 1, 8
2026-09-07T13:16:17.6221642+07:00,2026/09/07 13:16:17.652, NVIDIA GeForce RTX 5060, 591.86, P8, 28, 1, 412, 8151, 9.16, 145.00, 375, 405, 1, 8
2026-09-07T13:16:22.6666153+07:00,2026/09/07 13:16:22.712, NVIDIA GeForce RTX 5060, 591.86, P8, 28, 1, 412, 8151, 9.07, 145.00, 390, 405, 1, 8
2026-09-07T13:16:27.7289772+07:00,2026/09/07 13:16:27.774, NVIDIA GeForce RTX 5060, 591.86, P8, 28, 1, 413, 8151, 9.37, 145.00, 465, 405, 1, 8
2026-09-07T13:16:32.7926227+07:00,2026/09/07 13:16:32.823, NVIDIA GeForce RTX 5060, 591.86, P8, 28, 1, 413, 8151, 9.36, 145.00, 397, 405, 1, 8
2026-09-07T13:16:37.8436317+07:00,2026/09/07 13:16:37.889, NVIDIA GeForce RTX 5060, 591.86, P8, 28, 1, 413, 8151, 9.29, 145.00, 435, 405, 1, 8
2026-09-07T13:16:42.9044391+07:00,2026/09/07 13:16:42.949, NVIDIA GeForce RTX 5060, 591.86, P8, 28, 1, 413, 8151, 9.61, 145.00, 465, 405, 1, 8
2026-09-07T13:16:48.0103562+07:00,2026/09/07 13:16:48.040, NVIDIA GeForce RTX 5060, 591.86, P8, 28, 1, 413, 8151, 9.37, 145.00, 420, 405, 1, 8
2026-09-07T13:16:53.0516976+07:00,2026/09/07 13:16:53.082, NVIDIA GeForce RTX 5060, 591.86, P8, 28, 1, 413, 8151, 9.15, 145.00, 390, 405, 1, 8
2026-09-07T13:16:58.0907045+07:00,2026/09/07 13:16:58.136, NVIDIA GeForce RTX 5060, 591.86, P8, 28, 1, 413, 8151, 9.39, 145.00, 435, 405, 1, 8
2026-09-07T13:17:03.1446923+07:00,2026/09/07 13:17:03.190, NVIDIA GeForce RTX 5060, 591.86, P8, 28, 0, 413, 8151, 9.34, 145.00, 420, 405, 1, 8
2026-09-07T13:17:08.2097510+07:00,2026/09/07 13:17:08.240, NVIDIA GeForce RTX 5060, 591.86, P8, 28, 1, 413, 8151, 9.62, 145.00, 405, 405, 1, 8
2026-09-07T13:17:13.2592944+07:00,2026/09/07 13:17:13.290, NVIDIA GeForce RTX 5060, 591.86, P8, 28, 1, 413, 8151, 9.56, 145.00, 382, 405, 1, 8
2026-09-07T13:17:18.3421498+07:00,2026/09/07 13:17:18.387, NVIDIA GeForce RTX 5060, 591.86, P8, 28, 1, 413, 8151, 9.51, 145.00, 405, 405, 1, 8
2026-09-07T13:17:23.4117568+07:00,2026/09/07 13:17:23.442, NVIDIA GeForce RTX 5060, 591.86, P8, 28, 1, 413, 8151, 9.64, 145.00, 457, 405, 1, 8
2026-09-07T13:17:28.4626268+07:00,2026/09/07 13:17:28.493, NVIDIA GeForce RTX 5060, 591.86, P8, 28, 1, 413, 8151, 9.59, 145.00, 360, 405, 1, 8
2026-09-07T13:17:33.5111541+07:00,2026/09/07 13:17:33.542, NVIDIA GeForce RTX 5060, 591.86, P8, 28, 1, 430, 8151, 9.44, 145.00, 382, 405, 1, 8
2026-09-07T13:17:38.5578080+07:00,2026/09/07 13:17:38.588, NVIDIA GeForce RTX 5060, 591.86, P8, 28, 1, 445, 8151, 10.92, 145.00, 405, 405, 1, 8
2026-09-07T13:17:43.6055546+07:00,2026/09/07 13:17:43.636, NVIDIA GeForce RTX 5060, 591.86, P8, 28, 1, 429, 8151, 9.81, 145.00, 465, 405, 1, 8
2026-09-07T13:17:48.7008006+07:00,2026/09/07 13:17:48.731, NVIDIA GeForce RTX 5060, 591.86, P8, 28, 5, 431, 8151, 9.98, 145.00, 510, 405, 1, 8
2026-09-07T13:17:53.7512419+07:00,2026/09/07 13:17:53.797, NVIDIA GeForce RTX 5060, 591.86, P8, 28, 6, 436, 8151, 10.12, 145.00, 622, 405, 4, 8
2026-09-07T13:17:58.8153924+07:00,2026/09/07 13:17:58.846, NVIDIA GeForce RTX 5060, 591.86, P5, 28, 0, 435, 8151, 12.43, 145.00, 442, 810, 2, 8
2026-09-07T13:18:03.8617773+07:00,2026/09/07 13:18:03.892, NVIDIA GeForce RTX 5060, 591.86, P8, 28, 4, 434, 8151, 10.82, 145.00, 592, 405, 1, 8
2026-09-07T13:18:08.9113225+07:00,2026/09/07 13:18:08.942, NVIDIA GeForce RTX 5060, 591.86, P8, 28, 2, 429, 8151, 10.17, 145.00, 480, 405, 1, 8
2026-09-07T13:18:13.9634546+07:00,2026/09/07 13:18:13.994, NVIDIA GeForce RTX 5060, 591.86, P8, 28, 4, 434, 8151, 10.54, 145.00, 645, 405, 1, 8
2026-09-07T13:18:19.0800629+07:00,2026/09/07 13:18:19.111, NVIDIA GeForce RTX 5060, 591.86, P8, 28, 1, 429, 8151, 9.58, 145.00, 412, 405, 1, 8
2026-09-07T13:18:24.1212566+07:00,2026/09/07 13:18:24.152, NVIDIA GeForce RTX 5060, 591.86, P8, 28, 1, 412, 8151, 9.65, 145.00, 427, 405, 1, 8
2026-09-07T13:18:29.1588865+07:00,2026/09/07 13:18:29.236, NVIDIA GeForce RTX 5060, 591.86, P8, 28, 1, 412, 8151, 9.70, 145.00, 435, 405, 1, 8
2026-09-07T13:18:34.2487779+07:00,2026/09/07 13:18:34.310, NVIDIA GeForce RTX 5060, 591.86, P8, 28, 1, 418, 8151, 9.43, 145.00, 382, 405, 1, 8
2026-09-07T13:18:39.3346471+07:00,2026/09/07 13:18:39.427, NVIDIA GeForce RTX 5060, 591.86, P8, 28, 1, 415, 8151, 9.40, 145.00, 345, 405, 1, 8
2026-09-07T13:18:44.4378054+07:00,2026/09/07 13:18:44.499, NVIDIA GeForce RTX 5060, 591.86, P8, 28, 1, 415, 8151, 9.44, 145.00, 360, 405, 1, 8
2026-09-07T13:18:49.5780335+07:00,2026/09/07 13:18:49.701, NVIDIA GeForce RTX 5060, 591.86, P8, 28, 1, 415, 8151, 9.56, 145.00, 375, 405, 1, 8
2026-09-07T13:18:54.7225633+07:00,2026/09/07 13:18:54.907, NVIDIA GeForce RTX 5060, 591.86, P8, 28, 1, 415, 8151, 9.53, 145.00, 382, 405, 1, 8
2026-09-07T13:18:59.9172064+07:00,2026/09/07 13:18:59.994, NVIDIA GeForce RTX 5060, 591.86, P8, 28, 1, 415, 8151, 9.43, 145.00, 367, 405, 1, 8
2026-09-07T13:19:05.0121940+07:00,2026/09/07 13:19:05.089, NVIDIA GeForce RTX 5060, 591.86, P8, 28, 0, 420, 8151, 8.63, 145.00, 210, 405, 1, 8
2026-09-07T13:19:10.1106504+07:00,2026/09/07 13:19:10.188, NVIDIA GeForce RTX 5060, 591.86, P8, 28, 1, 420, 8151, 10.03, 145.00, 427, 405, 1, 8
2026-09-07T13:19:15.2094695+07:00,2026/09/07 13:19:15.240, NVIDIA GeForce RTX 5060, 591.86, P5, 29, 8, 450, 8151, 12.23, 145.00, 705, 810, 2, 8
2026-09-07T13:19:20.3061578+07:00,2026/09/07 13:19:21.402, NVIDIA GeForce RTX 5060, 591.86, P8, 28, 0, 446, 8151, 9.37, 145.00, 270, 405, 1, 8
2026-09-07T13:19:26.4226436+07:00,2026/09/07 13:19:26.530, NVIDIA GeForce RTX 5060, 591.86, P8, 28, 2, 423, 8151, 9.10, 145.00, 307, 405, 1, 8
2026-09-07T13:19:31.5597442+07:00,2026/09/07 13:19:31.621, NVIDIA GeForce RTX 5060, 591.86, P8, 28, 2, 428, 8151, 10.69, 145.00, 532, 405, 1, 8
2026-09-07T13:19:36.6424825+07:00,2026/09/07 13:19:36.797, NVIDIA GeForce RTX 5060, 591.86, P8, 28, 2, 427, 8151, 10.85, 145.00, 585, 405, 1, 8
2026-09-07T13:19:41.8192800+07:00,2026/09/07 13:19:41.896, NVIDIA GeForce RTX 5060, 591.86, P8, 28, 4, 430, 8151, 10.77, 145.00, 622, 405, 4, 8
2026-09-07T13:19:46.9030836+07:00,2026/09/07 13:19:47.010, NVIDIA GeForce RTX 5060, 591.86, P5, 29, 2, 517, 8151, 13.49, 145.00, 600, 810, 2, 8
2026-09-07T13:19:52.1081732+07:00,2026/09/07 13:19:52.369, NVIDIA GeForce RTX 5060, 591.86, P8, 28, 4, 510, 8151, 11.10, 145.00, 600, 405, 1, 8
2026-09-07T13:19:57.4144231+07:00,2026/09/07 13:19:57.538, NVIDIA GeForce RTX 5060, 591.86, P8, 28, 1, 530, 8151, 9.70, 145.00, 375, 405, 1, 8
2026-09-07T13:20:02.6213803+07:00,2026/09/07 13:20:02.652, NVIDIA GeForce RTX 5060, 591.86, P8, 28, 2, 503, 8151, 9.91, 145.00, 420, 405, 1, 8
2026-09-07T13:20:07.6587771+07:00,2026/09/07 13:20:07.766, NVIDIA GeForce RTX 5060, 591.86, P8, 28, 1, 500, 8151, 9.85, 145.00, 360, 405, 1, 8
2026-09-07T13:20:12.8185507+07:00,2026/09/07 13:20:12.910, NVIDIA GeForce RTX 5060, 591.86, P8, 28, 1, 500, 8151, 9.72, 145.00, 450, 405, 1, 8
2026-09-07T13:20:17.9601511+07:00,2026/09/07 13:20:18.145, NVIDIA GeForce RTX 5060, 591.86, P8, 28, 1, 470, 8151, 10.05, 145.00, 427, 405, 1, 8
2026-09-07T13:20:23.2357102+07:00,2026/09/07 13:20:23.328, NVIDIA GeForce RTX 5060, 591.86, P8, 28, 3, 473, 8151, 10.94, 145.00, 517, 405, 1, 8
2026-09-07T13:20:28.3521767+07:00,2026/09/07 13:20:28.553, NVIDIA GeForce RTX 5060, 591.86, P0, 30, 1, 478, 8151, 22.21, 145.00, 2527, 14201, 4, 8
2026-09-07T13:20:33.5749211+07:00,2026/09/07 13:20:33.744, NVIDIA GeForce RTX 5060, 591.86, P8, 28, 1, 487, 8151, 9.39, 145.00, 450, 405, 1, 8
2026-09-07T13:20:38.7797477+07:00,2026/09/07 13:20:38.963, NVIDIA GeForce RTX 5060, 591.86, P8, 28, 0, 487, 8151, 9.43, 145.00, 292, 405, 1, 8
2026-09-07T13:20:44.0038519+07:00,2026/09/07 13:20:44.297, NVIDIA GeForce RTX 5060, 591.86, P8, 28, 0, 487, 8151, 9.16, 145.00, 285, 405, 1, 8
2026-09-07T13:20:49.3117290+07:00,2026/09/07 13:20:49.497, NVIDIA GeForce RTX 5060, 591.86, P8, 29, 5, 471, 8151, 11.10, 145.00, 585, 405, 1, 8
2026-09-07T13:20:54.5841487+07:00,2026/09/07 13:20:54.753, NVIDIA GeForce RTX 5060, 591.86, P8, 28, 2, 471, 8151, 10.44, 145.00, 435, 405, 1, 8
2026-09-07T13:20:59.8405324+07:00,2026/09/07 13:21:00.102, NVIDIA GeForce RTX 5060, 591.86, P5, 28, 3, 469, 8151, 11.48, 145.00, 600, 810, 1, 8
2026-09-07T13:21:05.1607315+07:00,2026/09/07 13:21:05.330, NVIDIA GeForce RTX 5060, 591.86, P8, 28, 1, 448, 8151, 9.53, 145.00, 427, 405, 1, 8
2026-09-07T13:21:10.3702992+07:00,2026/09/07 13:21:10.554, NVIDIA GeForce RTX 5060, 591.86, P8, 28, 1, 448, 8151, 9.35, 145.00, 375, 405, 1, 8
2026-09-07T13:21:15.5849841+07:00,2026/09/07 13:21:16.792, NVIDIA GeForce RTX 5060, 591.86, P8, 28, 0, 473, 8151, 10.25, 145.00, 450, 405, 4, 8
2026-09-07T13:21:22.2685607+07:00,2026/09/07 13:21:22.778, NVIDIA GeForce RTX 5060, 591.86, P0, 30, 0, 491, 8151, 22.08, 145.00, 2527, 14201, 4, 8
2026-09-07T13:21:27.8619135+07:00,2026/09/07 13:21:28.047, NVIDIA GeForce RTX 5060, 591.86, P8, 28, 1, 492, 8151, 10.19, 145.00, 270, 405, 1, 8
2026-09-07T13:21:33.0752739+07:00,2026/09/07 13:21:33.863, NVIDIA GeForce RTX 5060, 591.86, P8, 28, 0, 494, 8151, 9.04, 145.00, 210, 405, 1, 8
2026-09-07T13:21:38.9169305+07:00,2026/09/07 13:21:40.444, NVIDIA GeForce RTX 5060, 591.86, P8, 28, 0, 494, 8151, 9.62, 145.00, 547, 405, 1, 8
2026-09-07T13:21:45.5427631+07:00,2026/09/07 13:21:45.958, NVIDIA GeForce RTX 5060, 591.86, P8, 28, 0, 491, 8151, 8.76, 145.00, 345, 405, 1, 8
2026-09-07T13:21:51.1059248+07:00,2026/09/07 13:21:51.522, NVIDIA GeForce RTX 5060, 591.86, P8, 28, 3, 483, 8151, 9.20, 145.00, 255, 405, 1, 8
2026-09-07T13:21:56.5654163+07:00,2026/09/07 13:21:56.781, NVIDIA GeForce RTX 5060, 591.86, P8, 28, 0, 483, 8151, 9.58, 145.00, 367, 405, 1, 8
2026-09-07T13:22:01.9525432+07:00,2026/09/07 13:22:01.983, NVIDIA GeForce RTX 5060, 591.86, P8, 28, 1, 488, 8151, 10.23, 145.00, 517, 405, 1, 8
2026-09-07T13:22:06.9911478+07:00,2026/09/07 13:22:07.316, NVIDIA GeForce RTX 5060, 591.86, P8, 28, 1, 488, 8151, 9.91, 145.00, 480, 405, 1, 8
2026-09-07T13:22:12.3709939+07:00,2026/09/07 13:22:12.603, NVIDIA GeForce RTX 5060, 591.86, P8, 28, 1, 491, 8151, 9.40, 145.00, 367, 405, 1, 8
2026-09-07T13:22:17.6280036+07:00,2026/09/07 13:22:17.859, NVIDIA GeForce RTX 5060, 591.86, P8, 28, 1, 488, 8151, 9.57, 145.00, 375, 405, 1, 8
2026-09-07T13:22:22.8896604+07:00,2026/09/07 13:22:22.920, NVIDIA GeForce RTX 5060, 591.86, P8, 28, 1, 496, 8151, 9.34, 145.00, 405, 405, 1, 8
2026-09-07T13:22:27.9286803+07:00,2026/09/07 13:22:27.959, NVIDIA GeForce RTX 5060, 591.86, P0, 29, 0, 550, 8151, 22.40, 145.00, 2535, 14201, 4, 8
2026-09-07T13:22:33.0370144+07:00,2026/09/07 13:22:33.176, NVIDIA GeForce RTX 5060, 591.86, P5, 28, 0, 521, 8151, 10.98, 145.00, 390, 810, 2, 8
2026-09-07T13:22:38.1871402+07:00,2026/09/07 13:22:38.233, NVIDIA GeForce RTX 5060, 591.86, P8, 28, 1, 522, 8151, 9.29, 145.00, 360, 405, 1, 8
2026-09-07T13:22:43.2526392+07:00,2026/09/07 13:22:43.406, NVIDIA GeForce RTX 5060, 591.86, P8, 28, 1, 529, 8151, 9.52, 145.00, 450, 405, 1, 8
2026-09-07T13:22:48.4212219+07:00,2026/09/07 13:22:48.513, NVIDIA GeForce RTX 5060, 591.86, P8, 28, 1, 522, 8151, 9.33, 145.00, 382, 405, 1, 8
2026-09-07T13:22:53.5287535+07:00,2026/09/07 13:22:53.621, NVIDIA GeForce RTX 5060, 591.86, P8, 28, 0, 527, 8151, 9.21, 145.00, 367, 405, 1, 8
2026-09-07T13:22:58.6372152+07:00,2026/09/07 13:22:58.807, NVIDIA GeForce RTX 5060, 591.86, P8, 28, 1, 522, 8151, 9.33, 145.00, 360, 405, 1, 8
2026-09-07T13:23:03.8826607+07:00,2026/09/07 13:23:03.913, NVIDIA GeForce RTX 5060, 591.86, P8, 28, 1, 528, 8151, 9.18, 145.00, 360, 405, 1, 8
2026-09-07T13:23:08.9273169+07:00,2026/09/07 13:23:08.958, NVIDIA GeForce RTX 5060, 591.86, P8, 28, 1, 523, 8151, 9.16, 145.00, 360, 405, 1, 8
2026-09-07T13:23:13.9710447+07:00,2026/09/07 13:23:14.001, NVIDIA GeForce RTX 5060, 591.86, P8, 28, 1, 523, 8151, 9.22, 145.00, 360, 405, 1, 8
2026-09-07T13:23:19.0225795+07:00,2026/09/07 13:23:19.053, NVIDIA GeForce RTX 5060, 591.86, P0, 30, 0, 523, 8151, 22.45, 145.00, 2535, 14201, 4, 8
2026-09-07T13:23:24.0635972+07:00,2026/09/07 13:23:24.094, NVIDIA GeForce RTX 5060, 591.86, P8, 28, 1, 523, 8151, 9.23, 145.00, 360, 405, 1, 8
2026-09-07T13:23:29.1159794+07:00,2026/09/07 13:23:29.147, NVIDIA GeForce RTX 5060, 591.86, P8, 28, 1, 523, 8151, 9.12, 145.00, 360, 405, 1, 8
2026-09-07T13:23:34.2128061+07:00,2026/09/07 13:23:34.243, NVIDIA GeForce RTX 5060, 591.86, P8, 28, 1, 523, 8151, 9.23, 145.00, 360, 405, 1, 8
2026-09-07T13:23:39.2642938+07:00,2026/09/07 13:23:39.295, NVIDIA GeForce RTX 5060, 591.86, P8, 28, 1, 524, 8151, 9.13, 145.00, 345, 405, 1, 8
2026-09-07T13:23:44.3070918+07:00,2026/09/07 13:23:44.337, NVIDIA GeForce RTX 5060, 591.86, P8, 28, 1, 524, 8151, 9.19, 145.00, 360, 405, 1, 8
2026-09-07T13:23:49.3447021+07:00,2026/09/07 13:23:49.375, NVIDIA GeForce RTX 5060, 591.86, P8, 28, 0, 524, 8151, 9.11, 145.00, 360, 405, 1, 8
2026-09-07T13:23:54.3966258+07:00,2026/09/07 13:23:54.427, NVIDIA GeForce RTX 5060, 591.86, P8, 28, 1, 524, 8151, 9.21, 145.00, 360, 405, 1, 8
2026-09-07T13:23:59.4360069+07:00,2026/09/07 13:23:59.467, NVIDIA GeForce RTX 5060, 591.86, P8, 28, 1, 524, 8151, 9.18, 145.00, 382, 405, 1, 8
2026-09-07T13:24:04.5405559+07:00,2026/09/07 13:24:04.571, NVIDIA GeForce RTX 5060, 591.86, P8, 28, 0, 524, 8151, 9.29, 145.00, 360, 405, 1, 8
2026-09-07T13:24:09.5883350+07:00,2026/09/07 13:24:09.619, NVIDIA GeForce RTX 5060, 591.86, P8, 28, 1, 529, 8151, 9.52, 145.00, 412, 405, 1, 8
2026-09-07T13:24:14.6428253+07:00,2026/09/07 13:24:14.673, NVIDIA GeForce RTX 5060, 591.86, P8, 28, 1, 525, 8151, 9.40, 145.00, 360, 405, 1, 8
2026-09-07T13:24:19.6923441+07:00,2026/09/07 13:24:19.723, NVIDIA GeForce RTX 5060, 591.86, P8, 28, 1, 528, 8151, 9.23, 145.00, 360, 405, 1, 8
2026-09-07T13:24:24.7447778+07:00,2026/09/07 13:24:25.161, NVIDIA GeForce RTX 5060, 591.86, P8, 28, 1, 523, 8151, 9.34, 145.00, 367, 405, 1, 8
2026-09-07T13:24:30.2410734+07:00,2026/09/07 13:24:30.410, NVIDIA GeForce RTX 5060, 591.86, P8, 28, 1, 523, 8151, 9.31, 145.00, 405, 405, 1, 8
2026-09-07T13:24:35.5738694+07:00,2026/09/07 13:24:35.697, NVIDIA GeForce RTX 5060, 591.86, P8, 28, 1, 523, 8151, 9.35, 145.00, 390, 405, 1, 8
2026-09-07T13:24:40.7212389+07:00,2026/09/07 13:24:40.983, NVIDIA GeForce RTX 5060, 591.86, P8, 28, 1, 525, 8151, 9.57, 145.00, 420, 405, 1, 8
2026-09-07T13:24:46.0169817+07:00,2026/09/07 13:24:46.124, NVIDIA GeForce RTX 5060, 591.86, P8, 28, 1, 525, 8151, 9.38, 145.00, 345, 405, 1, 8
2026-09-07T13:24:51.1387808+07:00,2026/09/07 13:24:51.338, NVIDIA GeForce RTX 5060, 591.86, P8, 28, 1, 525, 8151, 9.19, 145.00, 345, 405, 1, 8
2026-09-07T13:24:56.3921080+07:00,2026/09/07 13:24:56.577, NVIDIA GeForce RTX 5060, 591.86, P8, 28, 1, 525, 8151, 9.27, 145.00, 375, 405, 1, 8
2026-09-07T13:25:01.6365600+07:00,2026/09/07 13:25:01.683, NVIDIA GeForce RTX 5060, 591.86, P8, 29, 3, 538, 8151, 12.83, 145.00, 802, 405, 1, 8
2026-09-07T13:25:06.7484106+07:00,2026/09/07 13:25:06.795, NVIDIA GeForce RTX 5060, 591.86, P8, 28, 3, 523, 8151, 10.62, 145.00, 570, 405, 1, 8
2026-09-07T13:25:11.8149828+07:00,2026/09/07 13:25:11.861, NVIDIA GeForce RTX 5060, 591.86, P8, 28, 3, 523, 8151, 10.89, 145.00, 600, 405, 1, 8
2026-09-07T13:25:16.8818185+07:00,2026/09/07 13:25:16.912, NVIDIA GeForce RTX 5060, 591.86, P8, 28, 3, 524, 8151, 11.80, 145.00, 615, 405, 1, 8
2026-09-07T13:25:21.9343802+07:00,2026/09/07 13:25:22.089, NVIDIA GeForce RTX 5060, 591.86, P8, 28, 3, 524, 8151, 10.64, 145.00, 577, 405, 1, 8
2026-09-07T13:25:27.1108005+07:00,2026/09/07 13:25:27.157, NVIDIA GeForce RTX 5060, 591.86, P8, 28, 3, 523, 8151, 10.78, 145.00, 600, 405, 1, 8
2026-09-07T13:25:32.1791884+07:00,2026/09/07 13:25:32.241, NVIDIA GeForce RTX 5060, 591.86, P8, 28, 3, 523, 8151, 10.84, 145.00, 562, 405, 1, 8
2026-09-07T13:25:37.3075493+07:00,2026/09/07 13:25:37.338, NVIDIA GeForce RTX 5060, 591.86, P8, 28, 3, 524, 8151, 10.54, 145.00, 562, 405, 1, 8
2026-09-07T13:25:42.3577459+07:00,2026/09/07 13:25:42.388, NVIDIA GeForce RTX 5060, 591.86, P8, 28, 3, 524, 8151, 10.80, 145.00, 600, 405, 1, 8
2026-09-07T13:25:47.4101442+07:00,2026/09/07 13:25:47.457, NVIDIA GeForce RTX 5060, 591.86, P8, 28, 3, 524, 8151, 10.34, 145.00, 585, 405, 1, 8
2026-09-07T13:25:52.4778406+07:00,2026/09/07 13:25:52.524, NVIDIA GeForce RTX 5060, 591.86, P8, 29, 5, 538, 8151, 11.86, 145.00, 772, 405, 1, 8
2026-09-07T13:25:57.5439918+07:00,2026/09/07 13:25:57.590, NVIDIA GeForce RTX 5060, 591.86, P8, 29, 10, 554, 8151, 13.24, 145.00, 780, 405, 1, 8
2026-09-07T13:26:02.6106288+07:00,2026/09/07 13:26:02.657, NVIDIA GeForce RTX 5060, 591.86, P8, 29, 3, 539, 8151, 10.88, 145.00, 712, 405, 1, 8
2026-09-07T13:26:07.7253366+07:00,2026/09/07 13:26:07.756, NVIDIA GeForce RTX 5060, 591.86, P5, 29, 8, 548, 8151, 13.11, 145.00, 862, 810, 1, 8
2026-09-07T13:26:12.7736262+07:00,2026/09/07 13:26:12.804, NVIDIA GeForce RTX 5060, 591.86, P8, 29, 3, 543, 8151, 11.88, 145.00, 697, 405, 1, 8
2026-09-07T13:26:17.8259233+07:00,2026/09/07 13:26:17.856, NVIDIA GeForce RTX 5060, 591.86, P8, 29, 3, 532, 8151, 10.93, 145.00, 622, 405, 1, 8
2026-09-07T13:26:22.8755245+07:00,2026/09/07 13:26:22.937, NVIDIA GeForce RTX 5060, 591.86, P8, 29, 3, 528, 8151, 10.60, 145.00, 577, 405, 1, 8
2026-09-07T13:26:27.9582424+07:00,2026/09/07 13:26:28.005, NVIDIA GeForce RTX 5060, 591.86, P8, 29, 3, 534, 8151, 11.12, 145.00, 607, 405, 1, 8
2026-09-07T13:26:33.0244991+07:00,2026/09/07 13:26:33.055, NVIDIA GeForce RTX 5060, 591.86, P8, 29, 19, 544, 8151, 13.33, 145.00, 727, 405, 2, 8
2026-09-07T13:26:38.1210814+07:00,2026/09/07 13:26:38.167, NVIDIA GeForce RTX 5060, 591.86, P8, 29, 15, 543, 8151, 12.30, 145.00, 750, 405, 2, 8
2026-09-07T13:26:43.1867863+07:00,2026/09/07 13:26:43.233, NVIDIA GeForce RTX 5060, 591.86, P5, 29, 8, 534, 8151, 12.36, 145.00, 847, 810, 2, 8
2026-09-07T13:26:48.2524934+07:00,2026/09/07 13:26:48.283, NVIDIA GeForce RTX 5060, 591.86, P5, 29, 10, 550, 8151, 12.75, 145.00, 690, 810, 1, 8
2026-09-07T13:26:53.3041431+07:00,2026/09/07 13:26:53.335, NVIDIA GeForce RTX 5060, 591.86, P8, 29, 3, 531, 8151, 10.55, 145.00, 600, 405, 1, 8
2026-09-07T13:26:58.3566547+07:00,2026/09/07 13:26:58.387, NVIDIA GeForce RTX 5060, 591.86, P8, 29, 3, 530, 8151, 10.60, 145.00, 562, 405, 1, 8
2026-09-07T13:27:03.4087280+07:00,2026/09/07 13:27:03.439, NVIDIA GeForce RTX 5060, 591.86, P8, 29, 4, 535, 8151, 11.93, 145.00, 607, 405, 1, 8
2026-09-07T13:27:08.5230831+07:00,2026/09/07 13:27:08.569, NVIDIA GeForce RTX 5060, 591.86, P5, 29, 2, 560, 8151, 12.92, 145.00, 735, 810, 2, 8
2026-09-07T13:27:13.5906041+07:00,2026/09/07 13:27:13.637, NVIDIA GeForce RTX 5060, 591.86, P8, 29, 8, 549, 8151, 11.67, 145.00, 682, 405, 1, 8
2026-09-07T13:27:18.6586992+07:00,2026/09/07 13:27:18.689, NVIDIA GeForce RTX 5060, 591.86, P8, 29, 3, 547, 8151, 10.51, 145.00, 555, 405, 1, 8
2026-09-07T13:27:23.7107756+07:00,2026/09/07 13:27:23.741, NVIDIA GeForce RTX 5060, 591.86, P8, 29, 3, 536, 8151, 10.62, 145.00, 592, 405, 1, 8
2026-09-07T13:27:28.7479255+07:00,2026/09/07 13:27:28.887, NVIDIA GeForce RTX 5060, 591.86, P8, 29, 4, 535, 8151, 10.97, 145.00, 592, 405, 1, 8
2026-09-07T13:27:33.9093186+07:00,2026/09/07 13:27:34.064, NVIDIA GeForce RTX 5060, 591.86, P8, 29, 4, 535, 8151, 10.69, 145.00, 547, 405, 1, 8
2026-09-07T13:27:39.1488857+07:00,2026/09/07 13:27:39.365, NVIDIA GeForce RTX 5060, 591.86, P8, 29, 3, 535, 8151, 10.73, 145.00, 592, 405, 1, 8
2026-09-07T13:27:44.3878878+07:00,2026/09/07 13:27:44.527, NVIDIA GeForce RTX 5060, 591.86, P8, 29, 3, 535, 8151, 10.73, 145.00, 555, 405, 1, 8
2026-09-07T13:27:49.5489816+07:00,2026/09/07 13:27:49.579, NVIDIA GeForce RTX 5060, 591.86, P8, 29, 3, 538, 8151, 10.66, 145.00, 592, 405, 1, 8
2026-09-07T13:27:54.6015365+07:00,2026/09/07 13:27:54.632, NVIDIA GeForce RTX 5060, 591.86, P8, 29, 2, 538, 8151, 10.76, 145.00, 547, 405, 1, 8
2026-09-07T13:27:59.6542444+07:00,2026/09/07 13:27:59.685, NVIDIA GeForce RTX 5060, 591.86, P8, 29, 2, 532, 8151, 10.34, 145.00, 585, 405, 1, 8
2026-09-07T13:28:04.7054471+07:00,2026/09/07 13:28:04.736, NVIDIA GeForce RTX 5060, 591.86, P8, 29, 2, 532, 8151, 10.35, 145.00, 577, 405, 1, 8
2026-09-07T13:28:09.8040045+07:00,2026/09/07 13:28:09.835, NVIDIA GeForce RTX 5060, 591.86, P8, 29, 2, 533, 8151, 10.72, 145.00, 585, 405, 1, 8
2026-09-07T13:28:14.8563601+07:00,2026/09/07 13:28:14.887, NVIDIA GeForce RTX 5060, 591.86, P8, 29, 2, 533, 8151, 10.52, 145.00, 577, 405, 1, 8
2026-09-07T13:28:19.8939809+07:00,2026/09/07 13:28:19.924, NVIDIA GeForce RTX 5060, 591.86, P8, 29, 3, 533, 8151, 10.61, 145.00, 592, 405, 1, 8
2026-09-07T13:28:24.9464763+07:00,2026/09/07 13:28:24.977, NVIDIA GeForce RTX 5060, 591.86, P8, 29, 3, 533, 8151, 10.99, 145.00, 562, 405, 1, 8
2026-09-07T13:28:29.9970340+07:00,2026/09/07 13:28:30.028, NVIDIA GeForce RTX 5060, 591.86, P8, 29, 3, 533, 8151, 10.74, 145.00, 660, 405, 1, 8
2026-09-07T13:28:35.0478904+07:00,2026/09/07 13:28:35.078, NVIDIA GeForce RTX 5060, 591.86, P8, 29, 3, 533, 8151, 10.55, 145.00, 585, 405, 1, 8
2026-09-07T13:28:40.1443134+07:00,2026/09/07 13:28:40.175, NVIDIA GeForce RTX 5060, 591.86, P8, 29, 3, 533, 8151, 10.59, 145.00, 577, 405, 1, 8
2026-09-07T13:28:45.1950083+07:00,2026/09/07 13:28:45.225, NVIDIA GeForce RTX 5060, 591.86, P8, 29, 3, 539, 8151, 11.57, 145.00, 615, 405, 1, 8
2026-09-07T13:28:50.2443971+07:00,2026/09/07 13:28:50.275, NVIDIA GeForce RTX 5060, 591.86, P8, 29, 3, 533, 8151, 10.52, 145.00, 600, 405, 1, 8
2026-09-07T13:28:55.2958775+07:00,2026/09/07 13:28:55.326, NVIDIA GeForce RTX 5060, 591.86, P8, 29, 3, 532, 8151, 10.53, 145.00, 577, 405, 1, 8
2026-09-07T13:29:00.3488930+07:00,2026/09/07 13:29:00.379, NVIDIA GeForce RTX 5060, 591.86, P8, 29, 3, 532, 8151, 10.74, 145.00, 592, 405, 1, 8
2026-09-07T13:29:05.4006358+07:00,2026/09/07 13:29:05.431, NVIDIA GeForce RTX 5060, 591.86, P8, 29, 2, 532, 8151, 10.51, 145.00, 562, 405, 1, 8
2026-09-07T13:29:10.4988318+07:00,2026/09/07 13:29:10.561, NVIDIA GeForce RTX 5060, 591.86, P8, 29, 3, 538, 8151, 10.58, 145.00, 547, 405, 1, 8
2026-09-07T13:29:15.5827356+07:00,2026/09/07 13:29:15.644, NVIDIA GeForce RTX 5060, 591.86, P8, 29, 3, 535, 8151, 10.77, 145.00, 570, 405, 1, 8
2026-09-07T13:29:20.6661212+07:00,2026/09/07 13:29:20.697, NVIDIA GeForce RTX 5060, 591.86, P8, 29, 3, 535, 8151, 10.50, 145.00, 562, 405, 1, 8
2026-09-07T13:29:25.7160443+07:00,2026/09/07 13:29:25.747, NVIDIA GeForce RTX 5060, 591.86, P8, 29, 1, 538, 8151, 9.91, 145.00, 465, 405, 1, 8
2026-09-07T13:29:30.7647303+07:00,2026/09/07 13:29:30.795, NVIDIA GeForce RTX 5060, 591.86, P8, 29, 1, 534, 8151, 10.18, 145.00, 525, 405, 1, 8
2026-09-07T13:29:35.8142246+07:00,2026/09/07 13:29:35.845, NVIDIA GeForce RTX 5060, 591.86, P8, 29, 1, 535, 8151, 9.91, 145.00, 525, 405, 1, 8
2026-09-07T13:29:40.8974003+07:00,2026/09/07 13:29:40.974, NVIDIA GeForce RTX 5060, 591.86, P8, 29, 4, 540, 8151, 10.97, 145.00, 652, 405, 1, 8
2026-09-07T13:29:45.9962006+07:00,2026/09/07 13:29:46.058, NVIDIA GeForce RTX 5060, 591.86, P8, 29, 3, 536, 8151, 10.75, 145.00, 577, 405, 1, 8
2026-09-07T13:29:51.1108479+07:00,2026/09/07 13:29:51.141, NVIDIA GeForce RTX 5060, 591.86, P8, 29, 4, 537, 8151, 10.72, 145.00, 630, 405, 1, 8
2026-09-07T13:29:56.1622803+07:00,2026/09/07 13:29:56.208, NVIDIA GeForce RTX 5060, 591.86, P8, 29, 2, 536, 8151, 10.49, 145.00, 570, 405, 1, 8
2026-09-07T13:30:01.2302392+07:00,2026/09/07 13:30:01.261, NVIDIA GeForce RTX 5060, 591.86, P8, 29, 2, 536, 8151, 10.74, 145.00, 562, 405, 1, 8
2026-09-07T13:30:06.2819258+07:00,2026/09/07 13:30:06.312, NVIDIA GeForce RTX 5060, 591.86, P8, 29, 3, 536, 8151, 10.65, 145.00, 570, 405, 1, 8
2026-09-07T13:30:11.3797147+07:00,2026/09/07 13:30:11.410, NVIDIA GeForce RTX 5060, 591.86, P8, 29, 3, 536, 8151, 10.64, 145.00, 570, 405, 1, 8
2026-09-07T13:30:16.4322088+07:00,2026/09/07 13:30:16.463, NVIDIA GeForce RTX 5060, 591.86, P8, 29, 3, 536, 8151, 10.83, 145.00, 577, 405, 1, 8
2026-09-07T13:30:21.4849378+07:00,2026/09/07 13:30:21.515, NVIDIA GeForce RTX 5060, 591.86, P8, 29, 3, 536, 8151, 10.98, 145.00, 555, 405, 1, 8
2026-09-07T13:30:26.5369370+07:00,2026/09/07 13:30:26.567, NVIDIA GeForce RTX 5060, 591.86, P8, 29, 3, 536, 8151, 10.65, 145.00, 562, 405, 1, 8
2026-09-07T13:30:31.5892534+07:00,2026/09/07 13:30:31.651, NVIDIA GeForce RTX 5060, 591.86, P8, 29, 3, 536, 8151, 10.53, 145.00, 577, 405, 1, 8
2026-09-07T13:30:36.6727285+07:00,2026/09/07 13:30:36.703, NVIDIA GeForce RTX 5060, 591.86, P8, 29, 3, 536, 8151, 10.71, 145.00, 570, 405, 1, 8
2026-09-07T13:30:41.7703235+07:00,2026/09/07 13:30:41.801, NVIDIA GeForce RTX 5060, 591.86, P8, 29, 3, 539, 8151, 10.99, 145.00, 630, 405, 1, 8
2026-09-07T13:30:46.8227162+07:00,2026/09/07 13:30:46.869, NVIDIA GeForce RTX 5060, 591.86, P8, 29, 3, 533, 8151, 10.60, 145.00, 600, 405, 1, 8
2026-09-07T13:30:51.8916034+07:00,2026/09/07 13:30:51.953, NVIDIA GeForce RTX 5060, 591.86, P8, 29, 3, 533, 8151, 10.51, 145.00, 562, 405, 1, 8
2026-09-07T13:30:56.9756784+07:00,2026/09/07 13:30:57.006, NVIDIA GeForce RTX 5060, 591.86, P8, 29, 2, 533, 8151, 10.84, 145.00, 562, 405, 1, 8
2026-09-07T13:31:02.0269332+07:00,2026/09/07 13:31:02.057, NVIDIA GeForce RTX 5060, 591.86, P8, 29, 2, 533, 8151, 10.51, 145.00, 562, 405, 1, 8
2026-09-07T13:31:07.0780439+07:00,2026/09/07 13:31:07.109, NVIDIA GeForce RTX 5060, 591.86, P8, 29, 2, 533, 8151, 10.64, 145.00, 562, 405, 1, 8
2026-09-07T13:31:12.1773577+07:00,2026/09/07 13:31:12.208, NVIDIA GeForce RTX 5060, 591.86, P8, 29, 3, 533, 8151, 10.60, 145.00, 577, 405, 1, 8
2026-09-07T13:31:17.2298085+07:00,2026/09/07 13:31:17.260, NVIDIA GeForce RTX 5060, 591.86, P8, 29, 3, 533, 8151, 10.80, 145.00, 577, 405, 1, 8
2026-09-07T13:31:22.2800487+07:00,2026/09/07 13:31:22.311, NVIDIA GeForce RTX 5060, 591.86, P8, 29, 1, 533, 8151, 9.97, 145.00, 480, 405, 1, 8
2026-09-07T13:31:27.3306212+07:00,2026/09/07 13:31:27.361, NVIDIA GeForce RTX 5060, 591.86, P8, 29, 1, 533, 8151, 9.93, 145.00, 487, 405, 1, 8
2026-09-07T13:31:32.3766401+07:00,2026/09/07 13:31:32.407, NVIDIA GeForce RTX 5060, 591.86, P8, 29, 1, 533, 8151, 9.83, 145.00, 465, 405, 1, 8
2026-09-07T13:31:37.4239246+07:00,2026/09/07 13:31:37.454, NVIDIA GeForce RTX 5060, 591.86, P8, 29, 1, 534, 8151, 9.82, 145.00, 450, 405, 1, 8
2026-09-07T13:31:42.5356071+07:00,2026/09/07 13:31:42.566, NVIDIA GeForce RTX 5060, 591.86, P8, 29, 1, 534, 8151, 9.81, 145.00, 472, 405, 1, 8
2026-09-07T13:31:47.5871345+07:00,2026/09/07 13:31:47.618, NVIDIA GeForce RTX 5060, 591.86, P8, 29, 5, 539, 8151, 12.05, 145.00, 667, 405, 1, 8
2026-09-07T13:31:52.6396877+07:00,2026/09/07 13:31:52.794, NVIDIA GeForce RTX 5060, 591.86, P3, 29, 2, 591, 8151, 17.86, 145.00, 945, 7001, 2, 8
2026-09-07T13:31:57.8162473+07:00,2026/09/07 13:31:57.878, NVIDIA GeForce RTX 5060, 591.86, P3, 30, 4, 631, 8151, 19.12, 145.00, 1132, 7001, 4, 8
2026-09-07T13:32:02.8996312+07:00,2026/09/07 13:32:02.930, NVIDIA GeForce RTX 5060, 591.86, P5, 30, 15, 690, 8151, 14.50, 145.00, 1072, 810, 2, 8
2026-09-07T13:32:07.9514067+07:00,2026/09/07 13:32:08.029, NVIDIA GeForce RTX 5060, 591.86, P5, 29, 2, 693, 8151, 11.01, 145.00, 675, 810, 2, 8
2026-09-07T13:32:13.0971578+07:00,2026/09/07 13:32:13.267, NVIDIA GeForce RTX 5060, 591.86, P0, 30, 2, 619, 8151, 21.20, 145.00, 2580, 14201, 4, 8
2026-09-07T13:32:18.2882603+07:00,2026/09/07 13:32:18.334, NVIDIA GeForce RTX 5060, 591.86, P0, 31, 4, 609, 8151, 23.94, 145.00, 2610, 14201, 4, 8
2026-09-07T13:32:23.3563469+07:00,2026/09/07 13:32:23.387, NVIDIA GeForce RTX 5060, 591.86, P5, 29, 2, 621, 8151, 11.50, 145.00, 592, 810, 1, 8
2026-09-07T13:32:28.4054266+07:00,2026/09/07 13:32:28.451, NVIDIA GeForce RTX 5060, 591.86, P8, 29, 2, 689, 8151, 10.98, 145.00, 532, 405, 2, 8
2026-09-07T13:32:33.4707623+07:00,2026/09/07 13:32:33.501, NVIDIA GeForce RTX 5060, 591.86, P8, 29, 2, 644, 8151, 10.06, 145.00, 562, 405, 1, 8
2026-09-07T13:32:38.5206319+07:00,2026/09/07 13:32:38.551, NVIDIA GeForce RTX 5060, 591.86, P0, 30, 1, 609, 8151, 23.64, 145.00, 2572, 14201, 4, 8
2026-09-07T13:32:43.6181246+07:00,2026/09/07 13:32:43.649, NVIDIA GeForce RTX 5060, 591.86, P5, 29, 2, 605, 8151, 12.06, 145.00, 600, 810, 2, 8
2026-09-07T13:32:48.6699656+07:00,2026/09/07 13:32:48.700, NVIDIA GeForce RTX 5060, 591.86, P8, 29, 2, 607, 8151, 9.98, 145.00, 540, 405, 1, 8
2026-09-07T13:32:53.7209828+07:00,2026/09/07 13:32:53.829, NVIDIA GeForce RTX 5060, 591.86, P8, 29, 2, 687, 8151, 11.00, 145.00, 525, 405, 1, 8
2026-09-07T13:32:58.8514827+07:00,2026/09/07 13:32:58.913, NVIDIA GeForce RTX 5060, 591.86, P1, 30, 1, 691, 8151, 20.40, 145.00, 2565, 14001, 4, 8
2026-09-07T13:33:03.9355824+07:00,2026/09/07 13:33:03.966, NVIDIA GeForce RTX 5060, 591.86, P0, 31, 2, 741, 8151, 24.12, 145.00, 2587, 14201, 4, 8
2026-09-07T13:33:08.9879679+07:00,2026/09/07 13:33:09.018, NVIDIA GeForce RTX 5060, 591.86, P8, 29, 3, 584, 8151, 10.99, 145.00, 622, 405, 1, 8
2026-09-07T13:33:14.0873566+07:00,2026/09/07 13:33:14.118, NVIDIA GeForce RTX 5060, 591.86, P8, 29, 3, 579, 8151, 10.95, 145.00, 600, 405, 1, 8
2026-09-07T13:33:19.1395063+07:00,2026/09/07 13:33:19.170, NVIDIA GeForce RTX 5060, 591.86, P8, 30, 3, 580, 8151, 11.86, 145.00, 667, 405, 1, 8
2026-09-07T13:33:24.1920010+07:00,2026/09/07 13:33:24.223, NVIDIA GeForce RTX 5060, 591.86, P8, 29, 3, 583, 8151, 10.90, 145.00, 607, 405, 1, 8
2026-09-07T13:33:29.2296338+07:00,2026/09/07 13:33:29.260, NVIDIA GeForce RTX 5060, 591.86, P0, 31, 2, 624, 8151, 16.93, 145.00, 2595, 14201, 4, 8
2026-09-07T13:33:34.2819126+07:00,2026/09/07 13:33:34.312, NVIDIA GeForce RTX 5060, 591.86, P5, 30, 10, 609, 8151, 14.00, 145.00, 900, 810, 2, 8
2026-09-07T13:33:39.3342471+07:00,2026/09/07 13:33:39.396, NVIDIA GeForce RTX 5060, 591.86, P5, 30, 5, 618, 8151, 12.85, 145.00, 780, 810, 2, 8
2026-09-07T13:33:44.4648501+07:00,2026/09/07 13:33:44.572, NVIDIA GeForce RTX 5060, 591.86, P0, 31, 1, 617, 8151, 23.42, 145.00, 2572, 14201, 4, 8
2026-09-07T13:33:49.5917887+07:00,2026/09/07 13:33:49.622, NVIDIA GeForce RTX 5060, 591.86, P8, 29, 1, 614, 8151, 9.82, 145.00, 510, 405, 1, 8
2026-09-07T13:33:54.6433166+07:00,2026/09/07 13:33:54.674, NVIDIA GeForce RTX 5060, 591.86, P8, 29, 5, 621, 8151, 11.15, 145.00, 622, 405, 1, 8
2026-09-07T13:33:59.6808545+07:00,2026/09/07 13:33:59.711, NVIDIA GeForce RTX 5060, 591.86, P8, 29, 5, 616, 8151, 11.08, 145.00, 622, 405, 1, 8
2026-09-07T13:34:04.7332674+07:00,2026/09/07 13:34:04.763, NVIDIA GeForce RTX 5060, 591.86, P8, 29, 5, 616, 8151, 11.13, 145.00, 600, 405, 1, 8
2026-09-07T13:34:09.7843630+07:00,2026/09/07 13:34:09.815, NVIDIA GeForce RTX 5060, 591.86, P8, 29, 5, 616, 8151, 11.04, 145.00, 600, 405, 1, 8
2026-09-07T13:34:14.8833113+07:00,2026/09/07 13:34:14.914, NVIDIA GeForce RTX 5060, 591.86, P8, 29, 7, 615, 8151, 11.23, 145.00, 607, 405, 1, 8
2026-09-07T13:34:19.9365122+07:00,2026/09/07 13:34:19.967, NVIDIA GeForce RTX 5060, 591.86, P8, 29, 5, 615, 8151, 11.31, 145.00, 615, 405, 1, 8
2026-09-07T13:34:24.9896316+07:00,2026/09/07 13:34:25.020, NVIDIA GeForce RTX 5060, 591.86, P8, 29, 5, 615, 8151, 11.14, 145.00, 615, 405, 1, 8
2026-09-07T13:34:30.0424690+07:00,2026/09/07 13:34:30.073, NVIDIA GeForce RTX 5060, 591.86, P8, 29, 5, 615, 8151, 11.14, 145.00, 585, 405, 1, 8
2026-09-07T13:34:35.0945957+07:00,2026/09/07 13:34:35.125, NVIDIA GeForce RTX 5060, 591.86, P8, 29, 5, 615, 8151, 11.12, 145.00, 630, 405, 1, 8
2026-09-07T13:34:40.1471381+07:00,2026/09/07 13:34:40.178, NVIDIA GeForce RTX 5060, 591.86, P8, 29, 5, 615, 8151, 11.05, 145.00, 645, 405, 1, 8
2026-09-07T13:34:45.2460768+07:00,2026/09/07 13:34:45.277, NVIDIA GeForce RTX 5060, 591.86, P8, 29, 5, 615, 8151, 10.97, 145.00, 645, 405, 1, 8
2026-09-07T13:34:50.2981547+07:00,2026/09/07 13:34:50.329, NVIDIA GeForce RTX 5060, 591.86, P8, 29, 5, 615, 8151, 10.98, 145.00, 622, 405, 1, 8
2026-09-07T13:34:55.3498908+07:00,2026/09/07 13:34:55.396, NVIDIA GeForce RTX 5060, 591.86, P8, 29, 4, 634, 8151, 10.93, 145.00, 600, 405, 1, 8
2026-09-07T13:35:00.4173579+07:00,2026/09/07 13:35:00.448, NVIDIA GeForce RTX 5060, 591.86, P8, 29, 5, 630, 8151, 11.02, 145.00, 637, 405, 1, 8
2026-09-07T13:35:05.4699403+07:00,2026/09/07 13:35:05.500, NVIDIA GeForce RTX 5060, 591.86, P8, 29, 5, 630, 8151, 11.12, 145.00, 622, 405, 1, 8
2026-09-07T13:35:10.5211286+07:00,2026/09/07 13:35:10.567, NVIDIA GeForce RTX 5060, 591.86, P8, 29, 5, 630, 8151, 11.02, 145.00, 615, 405, 1, 8
2026-09-07T13:35:15.6506458+07:00,2026/09/07 13:35:15.681, NVIDIA GeForce RTX 5060, 591.86, P8, 29, 5, 630, 8151, 11.13, 145.00, 622, 405, 1, 8
2026-09-07T13:35:20.7028821+07:00,2026/09/07 13:35:20.749, NVIDIA GeForce RTX 5060, 591.86, P8, 29, 5, 630, 8151, 11.10, 145.00, 585, 405, 1, 8
2026-09-07T13:35:25.7707904+07:00,2026/09/07 13:35:25.817, NVIDIA GeForce RTX 5060, 591.86, P0, 31, 2, 643, 8151, 24.33, 145.00, 2587, 14201, 4, 8
2026-09-07T13:35:30.8390083+07:00,2026/09/07 13:35:30.870, NVIDIA GeForce RTX 5060, 591.86, P0, 31, 2, 723, 8151, 24.10, 145.00, 2602, 14201, 4, 8
2026-09-07T13:35:35.8907433+07:00,2026/09/07 13:35:35.937, NVIDIA GeForce RTX 5060, 591.86, P5, 30, 7, 611, 8151, 12.33, 145.00, 1035, 810, 2, 8
2026-09-07T13:35:40.9579758+07:00,2026/09/07 13:35:41.035, NVIDIA GeForce RTX 5060, 591.86, P8, 29, 4, 645, 8151, 11.07, 145.00, 682, 405, 1, 8
2026-09-07T13:35:46.1192447+07:00,2026/09/07 13:35:46.196, NVIDIA GeForce RTX 5060, 591.86, P8, 29, 2, 644, 8151, 11.68, 145.00, 592, 405, 1, 8
2026-09-07T13:35:51.2176618+07:00,2026/09/07 13:35:51.295, NVIDIA GeForce RTX 5060, 591.86, P5, 30, 6, 792, 8151, 13.79, 145.00, 772, 810, 2, 8
2026-09-07T13:35:56.3175344+07:00,2026/09/07 13:35:56.380, NVIDIA GeForce RTX 5060, 591.86, P8, 30, 7, 792, 8151, 10.95, 145.00, 622, 405, 1, 8
2026-09-07T13:36:01.4012058+07:00,2026/09/07 13:36:01.494, NVIDIA GeForce RTX 5060, 591.86, P0, 31, 2, 662, 8151, 24.45, 145.00, 2610, 14201, 4, 8
2026-09-07T13:36:06.5313779+07:00,2026/09/07 13:36:06.624, NVIDIA GeForce RTX 5060, 591.86, P5, 30, 6, 659, 8151, 11.09, 145.00, 682, 810, 2, 8
2026-09-07T13:36:11.6458775+07:00,2026/09/07 13:36:11.738, NVIDIA GeForce RTX 5060, 591.86, P8, 30, 4, 660, 8151, 11.94, 145.00, 750, 405, 1, 8
2026-09-07T13:36:16.8073792+07:00,2026/09/07 13:36:16.884, NVIDIA GeForce RTX 5060, 591.86, P0, 31, 2, 637, 8151, 24.14, 145.00, 2595, 14201, 4, 8
2026-09-07T13:36:21.9065958+07:00,2026/09/07 13:36:21.937, NVIDIA GeForce RTX 5060, 591.86, P8, 30, 6, 633, 8151, 11.19, 145.00, 577, 405, 1, 8
2026-09-07T13:36:26.9591995+07:00,2026/09/07 13:36:26.990, NVIDIA GeForce RTX 5060, 591.86, P8, 30, 5, 633, 8151, 10.90, 145.00, 585, 405, 1, 8
2026-09-07T13:36:32.0112740+07:00,2026/09/07 13:36:32.042, NVIDIA GeForce RTX 5060, 591.86, P0, 31, 2, 711, 8151, 23.98, 145.00, 2587, 14201, 4, 8
2026-09-07T13:36:37.0640222+07:00,2026/09/07 13:36:37.094, NVIDIA GeForce RTX 5060, 591.86, P5, 30, 2, 714, 8151, 11.38, 145.00, 705, 810, 1, 8
2026-09-07T13:36:42.1146628+07:00,2026/09/07 13:36:42.145, NVIDIA GeForce RTX 5060, 591.86, P8, 30, 4, 706, 8151, 10.91, 145.00, 630, 405, 1, 8
2026-09-07T13:36:47.2138684+07:00,2026/09/07 13:36:47.244, NVIDIA GeForce RTX 5060, 591.86, P8, 29, 3, 702, 8151, 10.91, 145.00, 615, 405, 1, 8
2026-09-07T13:36:52.2666934+07:00,2026/09/07 13:36:52.297, NVIDIA GeForce RTX 5060, 591.86, P8, 29, 3, 714, 8151, 10.63, 145.00, 585, 405, 1, 8
2026-09-07T13:36:57.3191331+07:00,2026/09/07 13:36:57.350, NVIDIA GeForce RTX 5060, 591.86, P8, 29, 4, 702, 8151, 10.83, 145.00, 577, 405, 1, 8
2026-09-07T13:37:02.3715408+07:00,2026/09/07 13:37:02.402, NVIDIA GeForce RTX 5060, 591.86, P8, 29, 3, 694, 8151, 10.52, 145.00, 562, 405, 1, 8
2026-09-07T13:37:07.4249140+07:00,2026/09/07 13:37:07.455, NVIDIA GeForce RTX 5060, 591.86, P8, 29, 3, 694, 8151, 10.85, 145.00, 675, 405, 1, 8
2026-09-07T13:37:12.4620641+07:00,2026/09/07 13:37:12.493, NVIDIA GeForce RTX 5060, 591.86, P8, 29, 3, 694, 8151, 10.62, 145.00, 592, 405, 1, 8
2026-09-07T13:37:17.5761980+07:00,2026/09/07 13:37:17.607, NVIDIA GeForce RTX 5060, 591.86, P8, 29, 3, 694, 8151, 10.58, 145.00, 577, 405, 1, 8
2026-09-07T13:37:22.6279969+07:00,2026/09/07 13:37:22.658, NVIDIA GeForce RTX 5060, 591.86, P8, 29, 3, 695, 8151, 10.39, 145.00, 562, 405, 1, 8
2026-09-07T13:37:27.6806257+07:00,2026/09/07 13:37:27.711, NVIDIA GeForce RTX 5060, 591.86, P8, 29, 3, 695, 8151, 10.57, 145.00, 600, 405, 1, 8
2026-09-07T13:37:32.7324061+07:00,2026/09/07 13:37:32.764, NVIDIA GeForce RTX 5060, 591.86, P8, 29, 3, 691, 8151, 10.52, 145.00, 547, 405, 1, 8
2026-09-07T13:37:37.7841599+07:00,2026/09/07 13:37:37.815, NVIDIA GeForce RTX 5060, 591.86, P8, 29, 3, 691, 8151, 10.51, 145.00, 585, 405, 1, 8
2026-09-07T13:37:42.8225420+07:00,2026/09/07 13:37:42.853, NVIDIA GeForce RTX 5060, 591.86, P8, 29, 3, 691, 8151, 11.55, 145.00, 577, 405, 1, 8
2026-09-07T13:37:47.9218412+07:00,2026/09/07 13:37:47.952, NVIDIA GeForce RTX 5060, 591.86, P8, 29, 2, 696, 8151, 10.56, 145.00, 585, 405, 1, 8
2026-09-07T13:37:52.9752501+07:00,2026/09/07 13:37:53.006, NVIDIA GeForce RTX 5060, 591.86, P8, 29, 2, 691, 8151, 10.69, 145.00, 555, 405, 1, 8
2026-09-07T13:37:58.0275384+07:00,2026/09/07 13:37:58.058, NVIDIA GeForce RTX 5060, 591.86, P8, 29, 3, 691, 8151, 10.57, 145.00, 562, 405, 1, 8
2026-09-07T13:38:03.0800228+07:00,2026/09/07 13:38:03.111, NVIDIA GeForce RTX 5060, 591.86, P8, 29, 3, 691, 8151, 10.64, 145.00, 562, 405, 1, 8
2026-09-07T13:38:08.1327966+07:00,2026/09/07 13:38:08.163, NVIDIA GeForce RTX 5060, 591.86, P8, 29, 3, 691, 8151, 10.66, 145.00, 577, 405, 1, 8
2026-09-07T13:38:13.1852838+07:00,2026/09/07 13:38:13.216, NVIDIA GeForce RTX 5060, 591.86, P8, 29, 3, 695, 8151, 10.80, 145.00, 570, 405, 1, 8
2026-09-07T13:38:18.2845645+07:00,2026/09/07 13:38:18.315, NVIDIA GeForce RTX 5060, 591.86, P8, 29, 3, 691, 8151, 10.65, 145.00, 562, 405, 1, 8
2026-09-07T13:38:23.3370810+07:00,2026/09/07 13:38:23.368, NVIDIA GeForce RTX 5060, 591.86, P8, 29, 3, 691, 8151, 10.68, 145.00, 562, 405, 1, 8
2026-09-07T13:38:28.3894126+07:00,2026/09/07 13:38:28.420, NVIDIA GeForce RTX 5060, 591.86, P8, 29, 3, 691, 8151, 10.65, 145.00, 562, 405, 1, 8
2026-09-07T13:38:33.4276279+07:00,2026/09/07 13:38:33.458, NVIDIA GeForce RTX 5060, 591.86, P8, 29, 2, 691, 8151, 10.69, 145.00, 570, 405, 1, 8
2026-09-07T13:38:38.4789972+07:00,2026/09/07 13:38:38.509, NVIDIA GeForce RTX 5060, 591.86, P8, 29, 3, 691, 8151, 10.88, 145.00, 630, 405, 1, 8
2026-09-07T13:38:43.5317140+07:00,2026/09/07 13:38:43.562, NVIDIA GeForce RTX 5060, 591.86, P8, 29, 3, 691, 8151, 10.77, 145.00, 585, 405, 1, 8
2026-09-07T13:38:48.6149463+07:00,2026/09/07 13:38:48.645, NVIDIA GeForce RTX 5060, 591.86, P8, 29, 2, 691, 8151, 10.69, 145.00, 577, 405, 1, 8
2026-09-07T13:38:53.6676356+07:00,2026/09/07 13:38:53.698, NVIDIA GeForce RTX 5060, 591.86, P8, 29, 3, 691, 8151, 10.70, 145.00, 555, 405, 1, 8
2026-09-07T13:38:58.7199948+07:00,2026/09/07 13:38:58.750, NVIDIA GeForce RTX 5060, 591.86, P8, 29, 3, 691, 8151, 10.54, 145.00, 570, 405, 1, 8
2026-09-07T13:39:03.7717528+07:00,2026/09/07 13:39:03.802, NVIDIA GeForce RTX 5060, 591.86, P8, 29, 3, 691, 8151, 10.60, 145.00, 600, 405, 1, 8
2026-09-07T13:39:08.8095108+07:00,2026/09/07 13:39:08.840, NVIDIA GeForce RTX 5060, 591.86, P8, 29, 3, 691, 8151, 10.65, 145.00, 600, 405, 1, 8
2026-09-07T13:39:13.8612211+07:00,2026/09/07 13:39:13.892, NVIDIA GeForce RTX 5060, 591.86, P8, 29, 6, 691, 8151, 10.75, 145.00, 577, 405, 1, 8
2026-09-07T13:39:18.9608554+07:00,2026/09/07 13:39:18.991, NVIDIA GeForce RTX 5060, 591.86, P8, 29, 2, 692, 8151, 10.77, 145.00, 630, 405, 1, 8
2026-09-07T13:39:24.0123839+07:00,2026/09/07 13:39:24.058, NVIDIA GeForce RTX 5060, 591.86, P8, 29, 3, 692, 8151, 10.55, 145.00, 562, 405, 1, 8
2026-09-07T13:39:29.0808503+07:00,2026/09/07 13:39:29.127, NVIDIA GeForce RTX 5060, 591.86, P8, 29, 6, 692, 8151, 10.62, 145.00, 577, 405, 1, 8
2026-09-07T13:39:34.1482864+07:00,2026/09/07 13:39:34.194, NVIDIA GeForce RTX 5060, 591.86, P8, 29, 3, 692, 8151, 10.71, 145.00, 630, 405, 1, 8
2026-09-07T13:39:39.2155839+07:00,2026/09/07 13:39:39.262, NVIDIA GeForce RTX 5060, 591.86, P8, 29, 6, 692, 8151, 10.79, 145.00, 607, 405, 1, 8
2026-09-07T13:39:44.2830966+07:00,2026/09/07 13:39:44.314, NVIDIA GeForce RTX 5060, 591.86, P8, 29, 3, 692, 8151, 10.62, 145.00, 615, 405, 1, 8
2026-09-07T13:39:49.3672875+07:00,2026/09/07 13:39:49.398, NVIDIA GeForce RTX 5060, 591.86, P8, 29, 3, 692, 8151, 10.63, 145.00, 592, 405, 1, 8
2026-09-07T13:39:54.4051414+07:00,2026/09/07 13:39:54.436, NVIDIA GeForce RTX 5060, 591.86, P8, 29, 3, 690, 8151, 10.54, 145.00, 547, 405, 1, 8
2026-09-07T13:39:59.4575820+07:00,2026/09/07 13:39:59.488, NVIDIA GeForce RTX 5060, 591.86, P8, 29, 3, 688, 8151, 10.51, 145.00, 570, 405, 1, 8
2026-09-07T13:40:04.5105155+07:00,2026/09/07 13:40:04.541, NVIDIA GeForce RTX 5060, 591.86, P8, 29, 3, 688, 8151, 10.60, 145.00, 577, 405, 1, 8
2026-09-07T13:40:09.5636227+07:00,2026/09/07 13:40:09.594, NVIDIA GeForce RTX 5060, 591.86, P8, 29, 3, 688, 8151, 10.64, 145.00, 600, 405, 1, 8
2026-09-07T13:40:14.6158427+07:00,2026/09/07 13:40:14.646, NVIDIA GeForce RTX 5060, 591.86, P8, 29, 3, 690, 8151, 10.79, 145.00, 600, 405, 1, 8
2026-09-07T13:40:19.7288074+07:00,2026/09/07 13:40:19.759, NVIDIA GeForce RTX 5060, 591.86, P8, 29, 3, 691, 8151, 10.24, 145.00, 540, 405, 1, 8
2026-09-07T13:40:24.7777934+07:00,2026/09/07 13:40:24.808, NVIDIA GeForce RTX 5060, 591.86, P8, 29, 3, 691, 8151, 10.12, 145.00, 510, 405, 1, 8
2026-09-07T13:40:29.8233209+07:00,2026/09/07 13:40:29.854, NVIDIA GeForce RTX 5060, 591.86, P8, 29, 3, 691, 8151, 10.09, 145.00, 502, 405, 1, 8
2026-09-07T13:40:34.8718398+07:00,2026/09/07 13:40:34.902, NVIDIA GeForce RTX 5060, 591.86, P8, 29, 3, 696, 8151, 10.06, 145.00, 480, 405, 1, 8
2026-09-07T13:40:39.9213472+07:00,2026/09/07 13:40:39.952, NVIDIA GeForce RTX 5060, 591.86, P8, 29, 2, 696, 8151, 10.03, 145.00, 495, 405, 1, 8
2026-09-07T13:40:44.9687402+07:00,2026/09/07 13:40:44.999, NVIDIA GeForce RTX 5060, 591.86, P8, 29, 5, 696, 8151, 10.12, 145.00, 510, 405, 1, 8
2026-09-07T13:40:50.0668509+07:00,2026/09/07 13:40:50.097, NVIDIA GeForce RTX 5060, 591.86, P8, 29, 5, 690, 8151, 11.49, 145.00, 645, 405, 1, 8
2026-09-07T13:40:55.1046275+07:00,2026/09/07 13:40:55.135, NVIDIA GeForce RTX 5060, 591.86, P8, 29, 5, 691, 8151, 11.26, 145.00, 645, 405, 1, 8
2026-09-07T13:41:00.1554920+07:00,2026/09/07 13:41:00.201, NVIDIA GeForce RTX 5060, 591.86, P8, 29, 1, 691, 8151, 10.02, 145.00, 495, 405, 1, 8
2026-09-07T13:41:05.2204393+07:00,2026/09/07 13:41:05.266, NVIDIA GeForce RTX 5060, 591.86, P8, 29, 1, 691, 8151, 9.90, 145.00, 540, 405, 1, 8
2026-09-07T13:41:10.2827827+07:00,2026/09/07 13:41:10.313, NVIDIA GeForce RTX 5060, 591.86, P8, 29, 2, 691, 8151, 9.94, 145.00, 525, 405, 1, 8
2026-09-07T13:41:15.3294890+07:00,2026/09/07 13:41:15.360, NVIDIA GeForce RTX 5060, 591.86, P8, 29, 1, 691, 8151, 10.03, 145.00, 547, 405, 1, 8
2026-09-07T13:41:20.4223023+07:00,2026/09/07 13:41:20.468, NVIDIA GeForce RTX 5060, 591.86, P8, 29, 1, 691, 8151, 10.06, 145.00, 517, 405, 1, 8
2026-09-07T13:41:25.4865750+07:00,2026/09/07 13:41:25.533, NVIDIA GeForce RTX 5060, 591.86, P8, 29, 1, 691, 8151, 10.01, 145.00, 532, 405, 1, 8
2026-09-07T13:41:30.5513729+07:00,2026/09/07 13:41:30.582, NVIDIA GeForce RTX 5060, 591.86, P8, 29, 1, 691, 8151, 10.11, 145.00, 540, 405, 1, 8
2026-09-07T13:41:35.6019521+07:00,2026/09/07 13:41:35.632, NVIDIA GeForce RTX 5060, 591.86, P8, 29, 2, 696, 8151, 10.07, 145.00, 540, 405, 1, 8
2026-09-07T13:41:40.6506343+07:00,2026/09/07 13:41:40.681, NVIDIA GeForce RTX 5060, 591.86, P8, 29, 1, 696, 8151, 10.06, 145.00, 517, 405, 1, 8
2026-09-07T13:41:45.6984194+07:00,2026/09/07 13:41:45.729, NVIDIA GeForce RTX 5060, 591.86, P8, 29, 1, 696, 8151, 10.01, 145.00, 517, 405, 1, 8
2026-09-07T13:41:50.7786396+07:00,2026/09/07 13:41:50.809, NVIDIA GeForce RTX 5060, 591.86, P8, 29, 5, 696, 8151, 10.50, 145.00, 577, 405, 1, 8
2026-09-07T13:41:55.8308036+07:00,2026/09/07 13:41:55.861, NVIDIA GeForce RTX 5060, 591.86, P8, 29, 4, 696, 8151, 11.24, 145.00, 645, 405, 1, 8
2026-09-07T13:42:00.8834464+07:00,2026/09/07 13:42:00.913, NVIDIA GeForce RTX 5060, 591.86, P8, 29, 5, 696, 8151, 11.20, 145.00, 622, 405, 1, 8
2026-09-07T13:42:05.9340764+07:00,2026/09/07 13:42:05.965, NVIDIA GeForce RTX 5060, 591.86, P8, 29, 5, 696, 8151, 11.18, 145.00, 637, 405, 1, 8
2026-09-07T13:42:10.9868557+07:00,2026/09/07 13:42:11.017, NVIDIA GeForce RTX 5060, 591.86, P8, 29, 5, 696, 8151, 11.29, 145.00, 615, 405, 1, 8
2026-09-07T13:42:16.0352122+07:00,2026/09/07 13:42:16.066, NVIDIA GeForce RTX 5060, 591.86, P8, 29, 1, 696, 8151, 9.96, 145.00, 510, 405, 1, 8
2026-09-07T13:42:21.1298306+07:00,2026/09/07 13:42:21.160, NVIDIA GeForce RTX 5060, 591.86, P8, 29, 1, 696, 8151, 9.99, 145.00, 517, 405, 1, 8
2026-09-07T13:42:26.1781255+07:00,2026/09/07 13:42:26.209, NVIDIA GeForce RTX 5060, 591.86, P8, 29, 1, 696, 8151, 10.06, 145.00, 547, 405, 1, 8
2026-09-07T13:42:31.2261846+07:00,2026/09/07 13:42:31.257, NVIDIA GeForce RTX 5060, 591.86, P8, 29, 1, 696, 8151, 9.98, 145.00, 540, 405, 1, 8
2026-09-07T13:42:36.2737876+07:00,2026/09/07 13:42:36.304, NVIDIA GeForce RTX 5060, 591.86, P8, 29, 1, 696, 8151, 10.13, 145.00, 570, 405, 1, 8
2026-09-07T13:42:41.3224100+07:00,2026/09/07 13:42:41.353, NVIDIA GeForce RTX 5060, 591.86, P8, 29, 1, 696, 8151, 10.03, 145.00, 510, 405, 1, 8
2026-09-07T13:42:46.3732503+07:00,2026/09/07 13:42:46.404, NVIDIA GeForce RTX 5060, 591.86, P8, 29, 1, 696, 8151, 9.97, 145.00, 517, 405, 1, 8
2026-09-07T13:42:51.4662190+07:00,2026/09/07 13:42:51.497, NVIDIA GeForce RTX 5060, 591.86, P8, 29, 2, 696, 8151, 10.13, 145.00, 525, 405, 1, 8
2026-09-07T13:42:56.5171076+07:00,2026/09/07 13:42:56.548, NVIDIA GeForce RTX 5060, 591.86, P8, 29, 2, 696, 8151, 9.94, 145.00, 510, 405, 1, 8
2026-09-07T13:43:01.5681338+07:00,2026/09/07 13:43:01.599, NVIDIA GeForce RTX 5060, 591.86, P8, 29, 3, 696, 8151, 10.08, 145.00, 510, 405, 1, 8
2026-09-07T13:43:06.6194920+07:00,2026/09/07 13:43:06.650, NVIDIA GeForce RTX 5060, 591.86, P8, 29, 3, 697, 8151, 10.10, 145.00, 502, 405, 1, 8
2026-09-07T13:43:11.6706941+07:00,2026/09/07 13:43:11.701, NVIDIA GeForce RTX 5060, 591.86, P8, 29, 6, 697, 8151, 11.45, 145.00, 637, 405, 1, 8
2026-09-07T13:43:16.7230633+07:00,2026/09/07 13:43:16.754, NVIDIA GeForce RTX 5060, 591.86, P8, 29, 6, 692, 8151, 11.30, 145.00, 630, 405, 1, 8
2026-09-07T13:43:21.8226108+07:00,2026/09/07 13:43:21.853, NVIDIA GeForce RTX 5060, 591.86, P8, 29, 5, 692, 8151, 11.44, 145.00, 630, 405, 1, 8
2026-09-07T13:43:26.8754242+07:00,2026/09/07 13:43:26.906, NVIDIA GeForce RTX 5060, 591.86, P8, 29, 5, 692, 8151, 11.37, 145.00, 630, 405, 1, 8
2026-09-07T13:43:31.9270344+07:00,2026/09/07 13:43:31.958, NVIDIA GeForce RTX 5060, 591.86, P8, 29, 6, 692, 8151, 11.56, 145.00, 645, 405, 1, 8
2026-09-07T13:43:36.9784751+07:00,2026/09/07 13:43:37.009, NVIDIA GeForce RTX 5060, 591.86, P8, 29, 3, 700, 8151, 10.21, 145.00, 517, 405, 1, 8
2026-09-07T13:43:42.0289047+07:00,2026/09/07 13:43:42.059, NVIDIA GeForce RTX 5060, 591.86, P8, 29, 3, 700, 8151, 10.12, 145.00, 517, 405, 1, 8
2026-09-07T13:43:47.0805891+07:00,2026/09/07 13:43:47.111, NVIDIA GeForce RTX 5060, 591.86, P8, 29, 3, 700, 8151, 10.23, 145.00, 517, 405, 1, 8
2026-09-07T13:43:52.1799979+07:00,2026/09/07 13:43:52.210, NVIDIA GeForce RTX 5060, 591.86, P8, 29, 1, 700, 8151, 10.05, 145.00, 510, 405, 1, 8
2026-09-07T13:43:57.2318358+07:00,2026/09/07 13:43:57.262, NVIDIA GeForce RTX 5060, 591.86, P8, 29, 1, 699, 8151, 9.98, 145.00, 517, 405, 1, 8
2026-09-07T13:44:02.2813219+07:00,2026/09/07 13:44:02.312, NVIDIA GeForce RTX 5060, 591.86, P8, 29, 1, 695, 8151, 10.23, 145.00, 555, 405, 1, 8
2026-09-07T13:44:07.3321276+07:00,2026/09/07 13:44:07.363, NVIDIA GeForce RTX 5060, 591.86, P8, 29, 1, 695, 8151, 10.14, 145.00, 540, 405, 1, 8
2026-09-07T13:44:12.3824530+07:00,2026/09/07 13:44:12.413, NVIDIA GeForce RTX 5060, 591.86, P8, 29, 1, 695, 8151, 10.17, 145.00, 562, 405, 1, 8
2026-09-07T13:44:17.4310863+07:00,2026/09/07 13:44:17.462, NVIDIA GeForce RTX 5060, 591.86, P8, 29, 1, 695, 8151, 10.20, 145.00, 555, 405, 1, 8
2026-09-07T13:44:22.5256845+07:00,2026/09/07 13:44:22.556, NVIDIA GeForce RTX 5060, 591.86, P8, 29, 1, 695, 8151, 10.05, 145.00, 532, 405, 1, 8
2026-09-07T13:44:27.5755067+07:00,2026/09/07 13:44:27.606, NVIDIA GeForce RTX 5060, 591.86, P8, 29, 1, 695, 8151, 10.05, 145.00, 525, 405, 1, 8
2026-09-07T13:44:32.6261000+07:00,2026/09/07 13:44:32.657, NVIDIA GeForce RTX 5060, 591.86, P8, 29, 2, 695, 8151, 10.10, 145.00, 555, 405, 1, 8
2026-09-07T13:44:37.6733191+07:00,2026/09/07 13:44:37.704, NVIDIA GeForce RTX 5060, 591.86, P8, 28, 1, 695, 8151, 10.09, 145.00, 525, 405, 1, 8
2026-09-07T13:44:42.7219915+07:00,2026/09/07 13:44:42.752, NVIDIA GeForce RTX 5060, 591.86, P8, 28, 2, 695, 8151, 10.00, 145.00, 502, 405, 1, 8
2026-09-07T13:44:47.7703995+07:00,2026/09/07 13:44:47.801, NVIDIA GeForce RTX 5060, 591.86, P8, 28, 1, 695, 8151, 10.19, 145.00, 517, 405, 1, 8
2026-09-07T13:44:52.8505679+07:00,2026/09/07 13:44:52.881, NVIDIA GeForce RTX 5060, 591.86, P8, 28, 2, 695, 8151, 10.30, 145.00, 532, 405, 1, 8
2026-09-07T13:44:57.8999056+07:00,2026/09/07 13:44:57.930, NVIDIA GeForce RTX 5060, 591.86, P8, 28, 2, 695, 8151, 10.08, 145.00, 540, 405, 1, 8
2026-09-07T13:45:02.9473518+07:00,2026/09/07 13:45:02.978, NVIDIA GeForce RTX 5060, 591.86, P8, 28, 1, 696, 8151, 10.05, 145.00, 510, 405, 1, 8
2026-09-07T13:45:07.9976124+07:00,2026/09/07 13:45:08.028, NVIDIA GeForce RTX 5060, 591.86, P8, 28, 2, 696, 8151, 10.05, 145.00, 532, 405, 1, 8
2026-09-07T13:45:13.0482160+07:00,2026/09/07 13:45:13.079, NVIDIA GeForce RTX 5060, 591.86, P8, 28, 2, 696, 8151, 10.01, 145.00, 525, 405, 1, 8
2026-09-07T13:45:18.0988685+07:00,2026/09/07 13:45:18.129, NVIDIA GeForce RTX 5060, 591.86, P8, 28, 2, 696, 8151, 9.95, 145.00, 555, 405, 1, 8
2026-09-07T13:45:23.1947677+07:00,2026/09/07 13:45:23.225, NVIDIA GeForce RTX 5060, 591.86, P8, 28, 2, 696, 8151, 9.98, 145.00, 510, 405, 1, 8
2026-09-07T13:45:28.2407309+07:00,2026/09/07 13:45:28.271, NVIDIA GeForce RTX 5060, 591.86, P8, 28, 1, 696, 8151, 9.99, 145.00, 517, 405, 1, 8
2026-09-07T13:45:33.2910124+07:00,2026/09/07 13:45:33.322, NVIDIA GeForce RTX 5060, 591.86, P5, 29, 23, 702, 8151, 10.78, 145.00, 532, 810, 2, 8
2026-09-07T13:45:38.3433876+07:00,2026/09/07 13:45:38.374, NVIDIA GeForce RTX 5060, 591.86, P8, 29, 5, 703, 8151, 11.32, 145.00, 607, 405, 1, 8
2026-09-07T13:45:43.3963681+07:00,2026/09/07 13:45:43.427, NVIDIA GeForce RTX 5060, 591.86, P0, 30, 1, 697, 8151, 23.70, 145.00, 2580, 14201, 4, 8
2026-09-07T13:45:48.4482390+07:00,2026/09/07 13:45:48.479, NVIDIA GeForce RTX 5060, 591.86, P8, 29, 3, 697, 8151, 10.80, 145.00, 585, 405, 1, 8
2026-09-07T13:45:53.5454216+07:00,2026/09/07 13:45:53.576, NVIDIA GeForce RTX 5060, 591.86, P8, 29, 6, 697, 8151, 11.51, 145.00, 682, 405, 1, 8
2026-09-07T13:45:58.5963122+07:00,2026/09/07 13:45:58.627, NVIDIA GeForce RTX 5060, 591.86, P8, 29, 5, 697, 8151, 10.75, 145.00, 577, 405, 1, 8
2026-09-07T13:46:03.6477875+07:00,2026/09/07 13:46:03.678, NVIDIA GeForce RTX 5060, 591.86, P8, 29, 5, 697, 8151, 11.49, 145.00, 645, 405, 1, 8
2026-09-07T13:46:08.6994604+07:00,2026/09/07 13:46:08.730, NVIDIA GeForce RTX 5060, 591.86, P8, 29, 5, 697, 8151, 11.46, 145.00, 630, 405, 1, 8
2026-09-07T13:46:13.7524575+07:00,2026/09/07 13:46:13.783, NVIDIA GeForce RTX 5060, 591.86, P8, 29, 6, 697, 8151, 11.47, 145.00, 675, 405, 1, 8
2026-09-07T13:46:18.8018038+07:00,2026/09/07 13:46:18.832, NVIDIA GeForce RTX 5060, 591.86, P8, 29, 2, 697, 8151, 10.21, 145.00, 495, 405, 1, 8
2026-09-07T13:46:23.8854519+07:00,2026/09/07 13:46:23.916, NVIDIA GeForce RTX 5060, 591.86, P5, 29, 12, 703, 8151, 12.44, 145.00, 855, 810, 2, 8
2026-09-07T13:46:28.9371144+07:00,2026/09/07 13:46:28.968, NVIDIA GeForce RTX 5060, 591.86, P8, 29, 6, 703, 8151, 11.61, 145.00, 645, 405, 1, 8
2026-09-07T13:46:33.9891354+07:00,2026/09/07 13:46:34.020, NVIDIA GeForce RTX 5060, 591.86, P8, 29, 5, 704, 8151, 11.36, 145.00, 645, 405, 1, 8
2026-09-07T13:46:39.0409030+07:00,2026/09/07 13:46:39.071, NVIDIA GeForce RTX 5060, 591.86, P8, 29, 5, 697, 8151, 11.46, 145.00, 652, 405, 1, 8
2026-09-07T13:46:44.0934682+07:00,2026/09/07 13:46:44.124, NVIDIA GeForce RTX 5060, 591.86, P8, 29, 5, 701, 8151, 11.52, 145.00, 630, 405, 1, 8
2026-09-07T13:46:49.1451531+07:00,2026/09/07 13:46:49.176, NVIDIA GeForce RTX 5060, 591.86, P8, 29, 5, 697, 8151, 11.51, 145.00, 637, 405, 1, 8
2026-09-07T13:46:54.2392222+07:00,2026/09/07 13:46:54.270, NVIDIA GeForce RTX 5060, 591.86, P8, 29, 2, 697, 8151, 10.10, 145.00, 547, 405, 1, 8
2026-09-07T13:46:59.2884298+07:00,2026/09/07 13:46:59.319, NVIDIA GeForce RTX 5060, 591.86, P8, 29, 2, 697, 8151, 10.11, 145.00, 532, 405, 1, 8
2026-09-07T13:47:04.3369841+07:00,2026/09/07 13:47:04.367, NVIDIA GeForce RTX 5060, 591.86, P8, 29, 1, 697, 8151, 10.18, 145.00, 532, 405, 1, 8
2026-09-07T13:47:09.3839198+07:00,2026/09/07 13:47:09.414, NVIDIA GeForce RTX 5060, 591.86, P8, 29, 2, 697, 8151, 10.04, 145.00, 532, 405, 1, 8
2026-09-07T13:47:14.4319333+07:00,2026/09/07 13:47:14.462, NVIDIA GeForce RTX 5060, 591.86, P8, 29, 2, 697, 8151, 10.04, 145.00, 525, 405, 1, 8
2026-09-07T13:47:19.4784035+07:00,2026/09/07 13:47:19.509, NVIDIA GeForce RTX 5060, 591.86, P8, 29, 2, 697, 8151, 10.13, 145.00, 525, 405, 1, 8
2026-09-07T13:47:24.5731948+07:00,2026/09/07 13:47:24.604, NVIDIA GeForce RTX 5060, 591.86, P8, 29, 2, 697, 8151, 10.12, 145.00, 540, 405, 1, 8
2026-09-07T13:47:29.6211942+07:00,2026/09/07 13:47:29.652, NVIDIA GeForce RTX 5060, 591.86, P8, 29, 12, 701, 8151, 10.61, 145.00, 750, 405, 1, 8
2026-09-07T13:47:34.6587092+07:00,2026/09/07 13:47:34.689, NVIDIA GeForce RTX 5060, 591.86, P8, 29, 5, 701, 8151, 11.85, 145.00, 712, 405, 1, 8
2026-09-07T13:47:39.7108096+07:00,2026/09/07 13:47:39.741, NVIDIA GeForce RTX 5060, 591.86, P3, 29, 2, 695, 8151, 18.27, 145.00, 960, 7001, 4, 8
2026-09-07T13:47:44.7484445+07:00,2026/09/07 13:47:44.794, NVIDIA GeForce RTX 5060, 591.86, P0, 30, 3, 690, 8151, 17.18, 145.00, 2602, 14201, 4, 8
2026-09-07T13:47:49.8310521+07:00,2026/09/07 13:47:49.862, NVIDIA GeForce RTX 5060, 591.86, P5, 29, 2, 689, 8151, 14.96, 145.00, 712, 810, 2, 8
2026-09-07T13:47:54.9280632+07:00,2026/09/07 13:47:54.959, NVIDIA GeForce RTX 5060, 591.86, P8, 29, 3, 687, 8151, 10.74, 145.00, 622, 405, 1, 8
2026-09-07T13:47:59.9806113+07:00,2026/09/07 13:48:00.011, NVIDIA GeForce RTX 5060, 591.86, P8, 29, 3, 688, 8151, 10.68, 145.00, 570, 405, 1, 8
2026-09-07T13:48:05.0339797+07:00,2026/09/07 13:48:05.064, NVIDIA GeForce RTX 5060, 591.86, P8, 29, 3, 693, 8151, 10.74, 145.00, 607, 405, 1, 8
2026-09-07T13:48:10.0853006+07:00,2026/09/07 13:48:10.116, NVIDIA GeForce RTX 5060, 591.86, P8, 29, 3, 655, 8151, 10.63, 145.00, 562, 405, 1, 8
2026-09-07T13:48:15.1382980+07:00,2026/09/07 13:48:15.169, NVIDIA GeForce RTX 5060, 591.86, P8, 29, 3, 655, 8151, 10.51, 145.00, 592, 405, 1, 8
2026-09-07T13:48:20.1901695+07:00,2026/09/07 13:48:20.221, NVIDIA GeForce RTX 5060, 591.86, P8, 29, 3, 656, 8151, 10.68, 145.00, 562, 405, 1, 8
2026-09-07T13:48:25.2893720+07:00,2026/09/07 13:48:25.320, NVIDIA GeForce RTX 5060, 591.86, P8, 29, 3, 658, 8151, 10.84, 145.00, 577, 405, 1, 8
2026-09-07T13:48:30.3416050+07:00,2026/09/07 13:48:30.372, NVIDIA GeForce RTX 5060, 591.86, P8, 29, 3, 658, 8151, 10.63, 145.00, 562, 405, 1, 8
2026-09-07T13:48:35.3943481+07:00,2026/09/07 13:48:35.425, NVIDIA GeForce RTX 5060, 591.86, P8, 29, 3, 658, 8151, 10.71, 145.00, 577, 405, 1, 8
2026-09-07T13:48:40.4462427+07:00,2026/09/07 13:48:40.477, NVIDIA GeForce RTX 5060, 591.86, P8, 29, 3, 651, 8151, 10.72, 145.00, 577, 405, 1, 8
2026-09-07T13:48:45.4965453+07:00,2026/09/07 13:48:45.527, NVIDIA GeForce RTX 5060, 591.86, P8, 29, 3, 651, 8151, 10.89, 145.00, 607, 405, 1, 8
2026-09-07T13:48:50.5488234+07:00,2026/09/07 13:48:50.579, NVIDIA GeForce RTX 5060, 591.86, P8, 29, 3, 651, 8151, 10.68, 145.00, 570, 405, 1, 8
2026-09-07T13:48:55.6475189+07:00,2026/09/07 13:48:55.678, NVIDIA GeForce RTX 5060, 591.86, P8, 29, 3, 651, 8151, 10.62, 145.00, 562, 405, 1, 8
2026-09-07T13:49:00.6982015+07:00,2026/09/07 13:49:00.729, NVIDIA GeForce RTX 5060, 591.86, P8, 29, 3, 652, 8151, 10.66, 145.00, 562, 405, 1, 8
2026-09-07T13:49:05.7509943+07:00,2026/09/07 13:49:05.781, NVIDIA GeForce RTX 5060, 591.86, P8, 29, 3, 652, 8151, 10.83, 145.00, 607, 405, 1, 8
2026-09-07T13:49:10.8034989+07:00,2026/09/07 13:49:10.834, NVIDIA GeForce RTX 5060, 591.86, P8, 29, 3, 652, 8151, 10.71, 145.00, 562, 405, 1, 8
2026-09-07T13:49:15.8557732+07:00,2026/09/07 13:49:15.886, NVIDIA GeForce RTX 5060, 591.86, P8, 29, 3, 652, 8151, 10.70, 145.00, 562, 405, 1, 8
2026-09-07T13:49:20.9069951+07:00,2026/09/07 13:49:20.937, NVIDIA GeForce RTX 5060, 591.86, P8, 29, 3, 652, 8151, 10.61, 145.00, 570, 405, 1, 8
2026-09-07T13:49:26.0049151+07:00,2026/09/07 13:49:26.035, NVIDIA GeForce RTX 5060, 591.86, P8, 29, 3, 652, 8151, 10.87, 145.00, 570, 405, 1, 8
2026-09-07T13:49:31.0551703+07:00,2026/09/07 13:49:31.086, NVIDIA GeForce RTX 5060, 591.86, P8, 29, 3, 652, 8151, 10.73, 145.00, 547, 405, 1, 8
2026-09-07T13:49:36.1052674+07:00,2026/09/07 13:49:36.136, NVIDIA GeForce RTX 5060, 591.86, P8, 29, 3, 652, 8151, 10.86, 145.00, 592, 405, 1, 8
2026-09-07T13:49:41.1569991+07:00,2026/09/07 13:49:41.187, NVIDIA GeForce RTX 5060, 591.86, P8, 29, 3, 652, 8151, 10.74, 145.00, 570, 405, 1, 8
2026-09-07T13:49:46.2083421+07:00,2026/09/07 13:49:46.239, NVIDIA GeForce RTX 5060, 591.86, P8, 29, 3, 652, 8151, 10.85, 145.00, 607, 405, 1, 8
2026-09-07T13:49:51.2600747+07:00,2026/09/07 13:49:51.291, NVIDIA GeForce RTX 5060, 591.86, P8, 29, 3, 652, 8151, 10.79, 145.00, 562, 405, 1, 8
2026-09-07T13:49:56.3592368+07:00,2026/09/07 13:49:56.390, NVIDIA GeForce RTX 5060, 591.86, P8, 29, 3, 652, 8151, 10.62, 145.00, 577, 405, 1, 8
2026-09-07T13:50:01.4105990+07:00,2026/09/07 13:50:01.441, NVIDIA GeForce RTX 5060, 591.86, P8, 29, 3, 652, 8151, 10.74, 145.00, 600, 405, 1, 8
2026-09-07T13:50:06.4626792+07:00,2026/09/07 13:50:06.493, NVIDIA GeForce RTX 5060, 591.86, P8, 29, 3, 652, 8151, 10.72, 145.00, 562, 405, 1, 8
2026-09-07T13:50:11.5004136+07:00,2026/09/07 13:50:11.548, NVIDIA GeForce RTX 5060, 591.86, P8, 29, 3, 652, 8151, 10.80, 145.00, 592, 405, 1, 8
2026-09-07T13:50:16.5684575+07:00,2026/09/07 13:50:17.048, NVIDIA GeForce RTX 5060, 591.86, P0, 30, 4, 948, 8151, 25.19, 145.00, 2610, 14201, 4, 8
2026-09-07T13:50:22.1015075+07:00,2026/09/07 13:50:22.148, NVIDIA GeForce RTX 5060, 591.86, P8, 29, 3, 826, 8151, 11.28, 145.00, 697, 405, 1, 8
2026-09-07T13:50:27.2321128+07:00,2026/09/07 13:50:27.309, NVIDIA GeForce RTX 5060, 591.86, P8, 29, 3, 651, 8151, 10.78, 145.00, 600, 405, 1, 8
2026-09-07T13:50:32.3308148+07:00,2026/09/07 13:50:32.361, NVIDIA GeForce RTX 5060, 591.86, P8, 29, 3, 651, 8151, 10.67, 145.00, 555, 405, 1, 8
2026-09-07T13:50:37.3825179+07:00,2026/09/07 13:50:37.413, NVIDIA GeForce RTX 5060, 591.86, P8, 29, 3, 651, 8151, 10.58, 145.00, 570, 405, 1, 8
2026-09-07T13:50:42.4340779+07:00,2026/09/07 13:50:42.465, NVIDIA GeForce RTX 5060, 591.86, P8, 29, 3, 651, 8151, 10.62, 145.00, 600, 405, 1, 8
2026-09-07T13:50:47.4854064+07:00,2026/09/07 13:50:47.516, NVIDIA GeForce RTX 5060, 591.86, P8, 29, 3, 651, 8151, 10.51, 145.00, 585, 405, 1, 8
2026-09-07T13:50:52.5370627+07:00,2026/09/07 13:50:52.568, NVIDIA GeForce RTX 5060, 591.86, P8, 29, 3, 651, 8151, 10.48, 145.00, 600, 405, 1, 8
2026-09-07T13:50:57.6358400+07:00,2026/09/07 13:50:57.666, NVIDIA GeForce RTX 5060, 591.86, P8, 29, 3, 651, 8151, 10.62, 145.00, 607, 405, 1, 8
2026-09-07T13:51:02.6880066+07:00,2026/09/07 13:51:02.719, NVIDIA GeForce RTX 5060, 591.86, P8, 29, 3, 651, 8151, 10.63, 145.00, 570, 405, 1, 8
2026-09-07T13:51:07.7402669+07:00,2026/09/07 13:51:07.771, NVIDIA GeForce RTX 5060, 591.86, P8, 29, 3, 651, 8151, 10.51, 145.00, 555, 405, 1, 8
2026-09-07T13:51:12.7774599+07:00,2026/09/07 13:51:12.808, NVIDIA GeForce RTX 5060, 591.86, P8, 29, 2, 651, 8151, 10.56, 145.00, 570, 405, 1, 8
2026-09-07T13:51:17.8303769+07:00,2026/09/07 13:51:17.861, NVIDIA GeForce RTX 5060, 591.86, P8, 29, 3, 651, 8151, 10.47, 145.00, 547, 405, 1, 8
2026-09-07T13:51:22.8825567+07:00,2026/09/07 13:51:22.913, NVIDIA GeForce RTX 5060, 591.86, P8, 29, 3, 652, 8151, 10.51, 145.00, 592, 405, 1, 8
2026-09-07T13:51:27.9976470+07:00,2026/09/07 13:51:28.028, NVIDIA GeForce RTX 5060, 591.86, P8, 29, 3, 652, 8151, 10.46, 145.00, 547, 405, 1, 8
2026-09-07T13:51:33.0489301+07:00,2026/09/07 13:51:33.079, NVIDIA GeForce RTX 5060, 591.86, P8, 29, 3, 652, 8151, 10.67, 145.00, 577, 405, 1, 8
2026-09-07T13:51:38.1007079+07:00,2026/09/07 13:51:38.131, NVIDIA GeForce RTX 5060, 591.86, P8, 29, 2, 652, 8151, 10.27, 145.00, 577, 405, 1, 8
2026-09-07T13:51:43.1531849+07:00,2026/09/07 13:51:43.184, NVIDIA GeForce RTX 5060, 591.86, P8, 29, 2, 652, 8151, 9.96, 145.00, 495, 405, 1, 8
2026-09-07T13:51:48.2055982+07:00,2026/09/07 13:51:48.236, NVIDIA GeForce RTX 5060, 591.86, P8, 29, 2, 651, 8151, 10.14, 145.00, 495, 405, 1, 8
2026-09-07T13:51:53.2575124+07:00,2026/09/07 13:51:53.288, NVIDIA GeForce RTX 5060, 591.86, P8, 29, 2, 649, 8151, 10.07, 145.00, 502, 405, 1, 8
2026-09-07T13:51:58.3567890+07:00,2026/09/07 13:51:58.759, NVIDIA GeForce RTX 5060, 591.86, P8, 29, 1, 649, 8151, 10.14, 145.00, 517, 405, 1, 8
2026-09-07T13:52:03.8590733+07:00,2026/09/07 13:52:04.169, NVIDIA GeForce RTX 5060, 591.86, P8, 29, 1, 649, 8151, 10.20, 145.00, 510, 405, 1, 8
2026-09-07T13:52:09.1906428+07:00,2026/09/07 13:52:10.074, NVIDIA GeForce RTX 5060, 591.86, P8, 29, 1, 649, 8151, 10.35, 145.00, 532, 405, 1, 8
2026-09-07T13:52:15.2356414+07:00,2026/09/07 13:52:15.824, NVIDIA GeForce RTX 5060, 591.86, P8, 29, 1, 654, 8151, 10.30, 145.00, 510, 405, 1, 8
2026-09-07T13:52:20.9858389+07:00,2026/09/07 13:52:21.605, NVIDIA GeForce RTX 5060, 591.86, P8, 29, 2, 656, 8151, 10.15, 145.00, 532, 405, 1, 8
2026-09-07T13:52:26.7513855+07:00,2026/09/07 13:52:26.859, NVIDIA GeForce RTX 5060, 591.86, P8, 29, 2, 657, 8151, 10.13, 145.00, 540, 405, 1, 8
2026-09-07T13:52:31.9587846+07:00,2026/09/07 13:52:32.005, NVIDIA GeForce RTX 5060, 591.86, P8, 29, 2, 657, 8151, 10.30, 145.00, 510, 405, 1, 8
2026-09-07T13:52:37.0272851+07:00,2026/09/07 13:52:37.058, NVIDIA GeForce RTX 5060, 591.86, P8, 28, 0, 664, 8151, 9.02, 145.00, 322, 405, 1, 8
2026-09-07T13:52:42.0788355+07:00,2026/09/07 13:52:42.109, NVIDIA GeForce RTX 5060, 591.86, P8, 28, 1, 660, 8151, 10.23, 145.00, 532, 405, 1, 8
2026-09-07T13:52:47.1253642+07:00,2026/09/07 13:52:47.156, NVIDIA GeForce RTX 5060, 591.86, P8, 29, 1, 656, 8151, 10.21, 145.00, 510, 405, 1, 8
2026-09-07T13:52:52.1732093+07:00,2026/09/07 13:52:52.204, NVIDIA GeForce RTX 5060, 591.86, P8, 28, 2, 654, 8151, 10.19, 145.00, 517, 405, 1, 8
2026-09-07T13:52:57.2245053+07:00,2026/09/07 13:52:57.844, NVIDIA GeForce RTX 5060, 591.86, P8, 28, 2, 649, 8151, 9.01, 145.00, 300, 405, 1, 8
2026-09-07T13:53:02.9278295+07:00,2026/09/07 13:53:02.974, NVIDIA GeForce RTX 5060, 591.86, P8, 28, 1, 649, 8151, 10.20, 145.00, 525, 405, 1, 8
2026-09-07T13:53:07.9946981+07:00,2026/09/07 13:53:08.025, NVIDIA GeForce RTX 5060, 591.86, P8, 28, 1, 649, 8151, 10.10, 145.00, 517, 405, 1, 8
2026-09-07T13:53:13.0323785+07:00,2026/09/07 13:53:13.078, NVIDIA GeForce RTX 5060, 591.86, P8, 28, 2, 649, 8151, 10.23, 145.00, 525, 405, 1, 8
2026-09-07T13:53:18.1012435+07:00,2026/09/07 13:53:18.163, NVIDIA GeForce RTX 5060, 591.86, P8, 28, 2, 660, 8151, 10.26, 145.00, 525, 405, 1, 8
2026-09-07T13:53:23.1846403+07:00,2026/09/07 13:53:23.230, NVIDIA GeForce RTX 5060, 591.86, P8, 28, 2, 664, 8151, 10.21, 145.00, 532, 405, 1, 8
2026-09-07T13:53:28.2522632+07:00,2026/09/07 13:53:28.283, NVIDIA GeForce RTX 5060, 591.86, P3, 29, 1, 663, 8151, 16.49, 145.00, 840, 7001, 4, 8
2026-09-07T13:53:33.3662995+07:00,2026/09/07 13:53:33.397, NVIDIA GeForce RTX 5060, 591.86, P8, 29, 6, 663, 8151, 10.43, 145.00, 652, 405, 1, 8
2026-09-07T13:53:38.4190273+07:00,2026/09/07 13:53:38.450, NVIDIA GeForce RTX 5060, 591.86, P8, 29, 2, 663, 8151, 10.17, 145.00, 510, 405, 1, 8
2026-09-07T13:53:43.4705049+07:00,2026/09/07 13:53:43.501, NVIDIA GeForce RTX 5060, 591.86, P8, 29, 2, 663, 8151, 10.22, 145.00, 502, 405, 1, 8
2026-09-07T13:53:48.5229738+07:00,2026/09/07 13:53:48.569, NVIDIA GeForce RTX 5060, 591.86, P8, 29, 2, 663, 8151, 10.01, 145.00, 517, 405, 1, 8
2026-09-07T13:53:53.5898334+07:00,2026/09/07 13:53:53.698, NVIDIA GeForce RTX 5060, 591.86, P8, 29, 2, 659, 8151, 10.65, 145.00, 525, 405, 1, 8
2026-09-07T13:53:58.7198162+07:00,2026/09/07 13:53:58.750, NVIDIA GeForce RTX 5060, 591.86, P8, 29, 5, 657, 8151, 11.45, 145.00, 637, 405, 1, 8
2026-09-07T13:54:03.8185937+07:00,2026/09/07 13:54:03.849, NVIDIA GeForce RTX 5060, 591.86, P8, 29, 5, 657, 8151, 11.62, 145.00, 667, 405, 1, 8
2026-09-07T13:54:08.8703915+07:00,2026/09/07 13:54:08.916, NVIDIA GeForce RTX 5060, 591.86, P0, 30, 1, 817, 8151, 23.73, 145.00, 2580, 14201, 4, 8
2026-09-07T13:54:13.9379772+07:00,2026/09/07 13:54:14.015, NVIDIA GeForce RTX 5060, 591.86, P8, 29, 2, 811, 8151, 11.00, 145.00, 600, 405, 1, 8
2026-09-07T13:54:19.0368244+07:00,2026/09/07 13:54:19.083, NVIDIA GeForce RTX 5060, 591.86, P5, 29, 4, 838, 8151, 13.64, 145.00, 915, 810, 2, 8
2026-09-07T13:54:24.1053926+07:00,2026/09/07 13:54:24.151, NVIDIA GeForce RTX 5060, 591.86, P0, 30, 2, 648, 8151, 16.18, 145.00, 2580, 14201, 4, 8
2026-09-07T13:54:29.1732231+07:00,2026/09/07 13:54:29.204, NVIDIA GeForce RTX 5060, 591.86, P5, 29, 1, 688, 8151, 14.79, 145.00, 720, 810, 2, 8
2026-09-07T13:54:34.2720119+07:00,2026/09/07 13:54:34.303, NVIDIA GeForce RTX 5060, 591.86, P0, 30, 1, 680, 8151, 23.60, 145.00, 2565, 14201, 4, 8
2026-09-07T13:54:39.3243059+07:00,2026/09/07 13:54:39.355, NVIDIA GeForce RTX 5060, 591.86, P8, 29, 2, 806, 8151, 10.65, 145.00, 540, 405, 1, 8
2026-09-07T13:54:44.3763431+07:00,2026/09/07 13:54:44.422, NVIDIA GeForce RTX 5060, 591.86, P0, 30, 1, 803, 8151, 23.72, 145.00, 2572, 14201, 4, 8
2026-09-07T13:54:49.4439286+07:00,2026/09/07 13:54:49.490, NVIDIA GeForce RTX 5060, 591.86, P8, 29, 3, 799, 8151, 10.36, 145.00, 540, 405, 1, 8
2026-09-07T13:54:54.5109014+07:00,2026/09/07 13:54:54.541, NVIDIA GeForce RTX 5060, 591.86, P0, 30, 2, 877, 8151, 21.54, 145.00, 2602, 14201, 4, 8
2026-09-07T13:54:59.5490891+07:00,2026/09/07 13:54:59.580, NVIDIA GeForce RTX 5060, 591.86, P5, 30, 1, 798, 8151, 13.64, 145.00, 592, 810, 2, 8
2026-09-07T13:55:04.6489681+07:00,2026/09/07 13:55:04.710, NVIDIA GeForce RTX 5060, 591.86, P3, 30, 1, 790, 8151, 20.53, 145.00, 877, 7001, 2, 8
2026-09-07T13:55:09.7313054+07:00,2026/09/07 13:55:09.762, NVIDIA GeForce RTX 5060, 591.86, P8, 29, 2, 780, 8151, 10.40, 145.00, 577, 405, 1, 8
2026-09-07T13:55:14.7826672+07:00,2026/09/07 13:55:14.813, NVIDIA GeForce RTX 5060, 591.86, P8, 29, 1, 780, 8151, 10.19, 145.00, 532, 405, 1, 8
2026-09-07T13:55:19.8334872+07:00,2026/09/07 13:55:19.864, NVIDIA GeForce RTX 5060, 591.86, P8, 29, 5, 780, 8151, 11.34, 145.00, 652, 405, 1, 8
2026-09-07T13:55:24.8847907+07:00,2026/09/07 13:55:24.946, NVIDIA GeForce RTX 5060, 591.86, P8, 29, 5, 782, 8151, 11.53, 145.00, 675, 405, 1, 8
2026-09-07T13:55:29.9678277+07:00,2026/09/07 13:55:30.029, NVIDIA GeForce RTX 5060, 591.86, P8, 29, 5, 782, 8151, 11.51, 145.00, 637, 405, 1, 8
2026-09-07T13:55:35.1122573+07:00,2026/09/07 13:55:35.158, NVIDIA GeForce RTX 5060, 591.86, P8, 29, 4, 783, 8151, 11.60, 145.00, 645, 405, 1, 8
2026-09-07T13:55:40.1801059+07:00,2026/09/07 13:55:40.211, NVIDIA GeForce RTX 5060, 591.86, P8, 29, 4, 783, 8151, 11.39, 145.00, 637, 405, 1, 8
2026-09-07T13:55:45.2322886+07:00,2026/09/07 13:55:45.263, NVIDIA GeForce RTX 5060, 591.86, P8, 29, 4, 783, 8151, 11.48, 145.00, 652, 405, 1, 8
2026-09-07T13:55:50.2848066+07:00,2026/09/07 13:55:50.315, NVIDIA GeForce RTX 5060, 591.86, P8, 29, 6, 783, 8151, 11.43, 145.00, 630, 405, 1, 8
2026-09-07T13:55:55.3369574+07:00,2026/09/07 13:55:55.367, NVIDIA GeForce RTX 5060, 591.86, P8, 29, 4, 783, 8151, 11.34, 145.00, 652, 405, 1, 8
2026-09-07T13:56:00.3891175+07:00,2026/09/07 13:56:00.436, NVIDIA GeForce RTX 5060, 591.86, P8, 29, 5, 783, 8151, 11.41, 145.00, 637, 405, 1, 8
2026-09-07T13:56:05.5019890+07:00,2026/09/07 13:56:05.532, NVIDIA GeForce RTX 5060, 591.86, P8, 29, 5, 783, 8151, 11.57, 145.00, 630, 405, 1, 8
2026-09-07T13:56:10.5541832+07:00,2026/09/07 13:56:10.585, NVIDIA GeForce RTX 5060, 591.86, P8, 29, 5, 783, 8151, 11.30, 145.00, 645, 405, 1, 8
2026-09-07T13:56:15.6060614+07:00,2026/09/07 13:56:15.637, NVIDIA GeForce RTX 5060, 591.86, P8, 29, 5, 783, 8151, 11.37, 145.00, 667, 405, 1, 8
2026-09-07T13:56:20.6579179+07:00,2026/09/07 13:56:20.704, NVIDIA GeForce RTX 5060, 591.86, P8, 29, 6, 783, 8151, 11.48, 145.00, 630, 405, 1, 8
2026-09-07T13:56:25.7413447+07:00,2026/09/07 13:56:25.818, NVIDIA GeForce RTX 5060, 591.86, P8, 29, 5, 783, 8151, 11.34, 145.00, 667, 405, 1, 8
2026-09-07T13:56:30.8553799+07:00,2026/09/07 13:56:30.917, NVIDIA GeForce RTX 5060, 591.86, P8, 29, 4, 783, 8151, 11.33, 145.00, 630, 405, 1, 8
2026-09-07T13:56:36.0004095+07:00,2026/09/07 13:56:36.046, NVIDIA GeForce RTX 5060, 591.86, P8, 29, 4, 783, 8151, 11.47, 145.00, 667, 405, 1, 8
2026-09-07T13:56:41.0692319+07:00,2026/09/07 13:56:41.100, NVIDIA GeForce RTX 5060, 591.86, P8, 29, 4, 783, 8151, 11.34, 145.00, 615, 405, 1, 8
2026-09-07T13:56:46.1201678+07:00,2026/09/07 13:56:46.151, NVIDIA GeForce RTX 5060, 591.86, P8, 29, 5, 783, 8151, 11.27, 145.00, 607, 405, 1, 8
2026-09-07T13:56:51.1719832+07:00,2026/09/07 13:56:51.202, NVIDIA GeForce RTX 5060, 591.86, P8, 29, 5, 783, 8151, 11.33, 145.00, 660, 405, 1, 8
2026-09-07T13:56:56.2245660+07:00,2026/09/07 13:56:56.255, NVIDIA GeForce RTX 5060, 591.86, P8, 29, 4, 784, 8151, 11.55, 145.00, 652, 405, 1, 8
2026-09-07T13:57:01.2761158+07:00,2026/09/07 13:57:01.307, NVIDIA GeForce RTX 5060, 591.86, P8, 29, 5, 784, 8151, 11.24, 145.00, 607, 405, 1, 8
2026-09-07T13:57:06.3745394+07:00,2026/09/07 13:57:06.405, NVIDIA GeForce RTX 5060, 591.86, P8, 29, 5, 784, 8151, 11.18, 145.00, 652, 405, 1, 8
2026-09-07T13:57:11.4267584+07:00,2026/09/07 13:57:11.457, NVIDIA GeForce RTX 5060, 591.86, P8, 29, 5, 788, 8151, 11.20, 145.00, 600, 405, 1, 8
2026-09-07T13:57:16.4798573+07:00,2026/09/07 13:57:16.572, NVIDIA GeForce RTX 5060, 591.86, P8, 29, 5, 788, 8151, 11.41, 145.00, 622, 405, 1, 8
2026-09-07T13:57:21.6103576+07:00,2026/09/07 13:57:21.656, NVIDIA GeForce RTX 5060, 591.86, P8, 29, 5, 788, 8151, 11.44, 145.00, 630, 405, 1, 8
2026-09-07T13:57:26.6788751+07:00,2026/09/07 13:57:26.725, NVIDIA GeForce RTX 5060, 591.86, P8, 29, 5, 788, 8151, 11.35, 145.00, 645, 405, 1, 8
2026-09-07T13:57:31.7463162+07:00,2026/09/07 13:57:31.777, NVIDIA GeForce RTX 5060, 591.86, P8, 29, 5, 788, 8151, 11.39, 145.00, 637, 405, 1, 8
2026-09-07T13:57:36.8302437+07:00,2026/09/07 13:57:36.861, NVIDIA GeForce RTX 5060, 591.86, P8, 29, 5, 788, 8151, 11.21, 145.00, 660, 405, 1, 8
2026-09-07T13:57:41.8824644+07:00,2026/09/07 13:57:41.913, NVIDIA GeForce RTX 5060, 591.86, P8, 29, 5, 788, 8151, 11.33, 145.00, 675, 405, 1, 8
2026-09-07T13:57:46.9348621+07:00,2026/09/07 13:57:46.965, NVIDIA GeForce RTX 5060, 591.86, P8, 29, 6, 788, 8151, 11.36, 145.00, 675, 405, 1, 8
2026-09-07T13:57:51.9868204+07:00,2026/09/07 13:57:52.017, NVIDIA GeForce RTX 5060, 591.86, P8, 29, 6, 788, 8151, 11.28, 145.00, 622, 405, 1, 8
2026-09-07T13:57:57.0385504+07:00,2026/09/07 13:57:57.100, NVIDIA GeForce RTX 5060, 591.86, P8, 29, 5, 789, 8151, 11.46, 145.00, 645, 405, 1, 8
2026-09-07T13:58:02.1216456+07:00,2026/09/07 13:58:02.183, NVIDIA GeForce RTX 5060, 591.86, P8, 29, 5, 789, 8151, 11.32, 145.00, 667, 405, 1, 8
2026-09-07T13:58:07.2661403+07:00,2026/09/07 13:58:07.343, NVIDIA GeForce RTX 5060, 591.86, P8, 29, 4, 789, 8151, 11.25, 145.00, 660, 405, 1, 8
2026-09-07T13:58:12.3652701+07:00,2026/09/07 13:58:12.442, NVIDIA GeForce RTX 5060, 591.86, P8, 29, 5, 789, 8151, 11.28, 145.00, 637, 405, 1, 8
2026-09-07T13:58:17.4626670+07:00,2026/09/07 13:58:17.493, NVIDIA GeForce RTX 5060, 591.86, P8, 29, 4, 789, 8151, 11.39, 145.00, 622, 405, 1, 8
2026-09-07T13:58:22.5141257+07:00,2026/09/07 13:58:22.560, NVIDIA GeForce RTX 5060, 591.86, P8, 29, 1, 789, 8151, 10.61, 145.00, 525, 405, 1, 8
2026-09-07T13:58:27.5932976+07:00,2026/09/07 13:58:27.624, NVIDIA GeForce RTX 5060, 591.86, P8, 29, 1, 788, 8151, 10.06, 145.00, 540, 405, 1, 8
2026-09-07T13:58:32.6401176+07:00,2026/09/07 13:58:32.671, NVIDIA GeForce RTX 5060, 591.86, P8, 29, 1, 788, 8151, 10.12, 145.00, 517, 405, 1, 8
2026-09-07T13:58:37.7342949+07:00,2026/09/07 13:58:37.765, NVIDIA GeForce RTX 5060, 591.86, P8, 29, 1, 787, 8151, 10.09, 145.00, 517, 405, 1, 8
2026-09-07T13:58:42.7819945+07:00,2026/09/07 13:58:42.812, NVIDIA GeForce RTX 5060, 591.86, P8, 29, 1, 787, 8151, 9.99, 145.00, 495, 405, 1, 8
2026-09-07T13:58:47.8318134+07:00,2026/09/07 13:58:47.862, NVIDIA GeForce RTX 5060, 591.86, P8, 29, 2, 785, 8151, 9.91, 145.00, 510, 405, 1, 8
2026-09-07T13:58:52.8811582+07:00,2026/09/07 13:58:52.912, NVIDIA GeForce RTX 5060, 591.86, P8, 29, 3, 790, 8151, 10.41, 145.00, 555, 405, 1, 8
2026-09-07T13:58:57.9300018+07:00,2026/09/07 13:58:57.961, NVIDIA GeForce RTX 5060, 591.86, P8, 29, 3, 790, 8151, 10.30, 145.00, 555, 405, 1, 8
2026-09-07T13:59:02.9799246+07:00,2026/09/07 13:59:03.010, NVIDIA GeForce RTX 5060, 591.86, P8, 29, 3, 790, 8151, 10.21, 145.00, 555, 405, 1, 8
2026-09-07T13:59:08.0906617+07:00,2026/09/07 13:59:08.121, NVIDIA GeForce RTX 5060, 591.86, P8, 29, 3, 785, 8151, 10.21, 145.00, 570, 405, 1, 8
2026-09-07T13:59:13.1416230+07:00,2026/09/07 13:59:13.172, NVIDIA GeForce RTX 5060, 591.86, P8, 29, 4, 785, 8151, 10.33, 145.00, 577, 405, 1, 8
2026-09-07T13:59:18.1911610+07:00,2026/09/07 13:59:18.222, NVIDIA GeForce RTX 5060, 591.86, P8, 29, 2, 785, 8151, 10.17, 145.00, 540, 405, 1, 8
2026-09-07T13:59:23.2406131+07:00,2026/09/07 13:59:23.271, NVIDIA GeForce RTX 5060, 591.86, P8, 29, 3, 785, 8151, 10.58, 145.00, 600, 405, 1, 8
2026-09-07T13:59:28.2920784+07:00,2026/09/07 13:59:28.323, NVIDIA GeForce RTX 5060, 591.86, P8, 29, 11, 790, 8151, 11.53, 145.00, 645, 405, 1, 8
2026-09-07T13:59:33.3446733+07:00,2026/09/07 13:59:33.375, NVIDIA GeForce RTX 5060, 591.86, P5, 29, 2, 792, 8151, 15.27, 145.00, 907, 810, 2, 8
2026-09-07T13:59:38.4429655+07:00,2026/09/07 13:59:38.473, NVIDIA GeForce RTX 5060, 591.86, P0, 30, 1, 699, 8151, 23.72, 145.00, 2580, 14201, 4, 8
2026-09-07T13:59:43.4945894+07:00,2026/09/07 13:59:43.525, NVIDIA GeForce RTX 5060, 591.86, P8, 29, 3, 687, 8151, 10.67, 145.00, 562, 405, 1, 8
2026-09-07T13:59:48.5451024+07:00,2026/09/07 13:59:48.576, NVIDIA GeForce RTX 5060, 591.86, P8, 29, 3, 687, 8151, 10.66, 145.00, 600, 405, 1, 8
2026-09-07T13:59:53.5970383+07:00,2026/09/07 13:59:53.628, NVIDIA GeForce RTX 5060, 591.86, P8, 29, 3, 687, 8151, 10.72, 145.00, 570, 405, 1, 8
2026-09-07T13:59:58.6500221+07:00,2026/09/07 13:59:58.680, NVIDIA GeForce RTX 5060, 591.86, P8, 29, 2, 687, 8151, 10.63, 145.00, 562, 405, 1, 8
2026-09-07T14:00:03.7018552+07:00,2026/09/07 14:00:03.748, NVIDIA GeForce RTX 5060, 591.86, P8, 29, 3, 692, 8151, 10.65, 145.00, 592, 405, 1, 8
2026-09-07T14:00:08.8317413+07:00,2026/09/07 14:00:08.862, NVIDIA GeForce RTX 5060, 591.86, P8, 29, 3, 693, 8151, 10.56, 145.00, 577, 405, 1, 8
2026-09-07T14:00:13.8830304+07:00,2026/09/07 14:00:13.914, NVIDIA GeForce RTX 5060, 591.86, P8, 29, 2, 692, 8151, 10.60, 145.00, 562, 405, 1, 8
2026-09-07T14:00:18.9339311+07:00,2026/09/07 14:00:18.964, NVIDIA GeForce RTX 5060, 591.86, P8, 29, 3, 693, 8151, 10.69, 145.00, 577, 405, 1, 8
2026-09-07T14:00:23.9858260+07:00,2026/09/07 14:00:24.016, NVIDIA GeForce RTX 5060, 591.86, P8, 29, 3, 687, 8151, 10.57, 145.00, 562, 405, 1, 8
2026-09-07T14:00:29.0378059+07:00,2026/09/07 14:00:29.068, NVIDIA GeForce RTX 5060, 591.86, P8, 29, 3, 687, 8151, 10.64, 145.00, 570, 405, 1, 8
2026-09-07T14:00:34.0894077+07:00,2026/09/07 14:00:34.120, NVIDIA GeForce RTX 5060, 591.86, P8, 29, 3, 689, 8151, 10.72, 145.00, 585, 405, 1, 8
2026-09-07T14:00:39.1879263+07:00,2026/09/07 14:00:39.218, NVIDIA GeForce RTX 5060, 591.86, P8, 29, 2, 689, 8151, 10.51, 145.00, 547, 405, 1, 8
2026-09-07T14:00:44.2390771+07:00,2026/09/07 14:00:44.270, NVIDIA GeForce RTX 5060, 591.86, P8, 29, 3, 689, 8151, 10.42, 145.00, 570, 405, 1, 8
2026-09-07T14:00:49.2908989+07:00,2026/09/07 14:00:49.321, NVIDIA GeForce RTX 5060, 591.86, P8, 29, 3, 689, 8151, 10.39, 145.00, 570, 405, 1, 8
2026-09-07T14:00:54.3432248+07:00,2026/09/07 14:00:54.374, NVIDIA GeForce RTX 5060, 591.86, P8, 29, 2, 689, 8151, 10.53, 145.00, 577, 405, 1, 8
2026-09-07T14:00:59.3956396+07:00,2026/09/07 14:00:59.426, NVIDIA GeForce RTX 5060, 591.86, P8, 29, 3, 689, 8151, 10.33, 145.00, 585, 405, 1, 8
2026-09-07T14:01:04.4472707+07:00,2026/09/07 14:01:04.477, NVIDIA GeForce RTX 5060, 591.86, P8, 29, 3, 684, 8151, 10.57, 145.00, 600, 405, 1, 8
2026-09-07T14:01:09.5447966+07:00,2026/09/07 14:01:09.575, NVIDIA GeForce RTX 5060, 591.86, P8, 29, 2, 684, 8151, 10.50, 145.00, 592, 405, 1, 8
2026-09-07T14:01:14.5972473+07:00,2026/09/07 14:01:14.628, NVIDIA GeForce RTX 5060, 591.86, P8, 29, 3, 684, 8151, 10.48, 145.00, 600, 405, 1, 8
2026-09-07T14:01:19.6497965+07:00,2026/09/07 14:01:19.680, NVIDIA GeForce RTX 5060, 591.86, P8, 29, 3, 684, 8151, 10.39, 145.00, 585, 405, 1, 8
2026-09-07T14:01:24.7010576+07:00,2026/09/07 14:01:24.732, NVIDIA GeForce RTX 5060, 591.86, P8, 29, 2, 684, 8151, 10.62, 145.00, 592, 405, 1, 8
2026-09-07T14:01:29.7532409+07:00,2026/09/07 14:01:29.784, NVIDIA GeForce RTX 5060, 591.86, P8, 29, 3, 684, 8151, 10.55, 145.00, 577, 405, 1, 8
2026-09-07T14:01:34.8059607+07:00,2026/09/07 14:01:34.836, NVIDIA GeForce RTX 5060, 591.86, P8, 29, 3, 688, 8151, 11.02, 145.00, 637, 405, 1, 8
2026-09-07T14:01:39.9050722+07:00,2026/09/07 14:01:39.936, NVIDIA GeForce RTX 5060, 591.86, P8, 29, 3, 683, 8151, 10.61, 145.00, 577, 405, 1, 8
2026-09-07T14:01:44.9577660+07:00,2026/09/07 14:01:44.988, NVIDIA GeForce RTX 5060, 591.86, P8, 29, 3, 683, 8151, 10.66, 145.00, 607, 405, 1, 8
2026-09-07T14:01:50.0109628+07:00,2026/09/07 14:01:50.041, NVIDIA GeForce RTX 5060, 591.86, P8, 29, 3, 684, 8151, 10.52, 145.00, 592, 405, 1, 8
2026-09-07T14:01:55.0637604+07:00,2026/09/07 14:01:55.094, NVIDIA GeForce RTX 5060, 591.86, P8, 29, 3, 684, 8151, 10.56, 145.00, 562, 405, 1, 8
2026-09-07T14:02:00.1164827+07:00,2026/09/07 14:02:00.193, NVIDIA GeForce RTX 5060, 591.86, P8, 29, 3, 684, 8151, 10.83, 145.00, 585, 405, 1, 8
2026-09-07T14:02:05.2159947+07:00,2026/09/07 14:02:05.277, NVIDIA GeForce RTX 5060, 591.86, P8, 29, 1, 689, 8151, 9.94, 145.00, 472, 405, 1, 8
2026-09-07T14:02:10.3458307+07:00,2026/09/07 14:02:10.423, NVIDIA GeForce RTX 5060, 591.86, P8, 29, 3, 689, 8151, 11.02, 145.00, 615, 405, 1, 8
2026-09-07T14:02:15.4444883+07:00,2026/09/07 14:02:15.475, NVIDIA GeForce RTX 5060, 591.86, P8, 29, 3, 681, 8151, 10.62, 145.00, 577, 405, 1, 8
2026-09-07T14:02:20.4968346+07:00,2026/09/07 14:02:20.558, NVIDIA GeForce RTX 5060, 591.86, P8, 29, 3, 681, 8151, 10.97, 145.00, 697, 405, 1, 8
2026-09-07T14:02:25.5804698+07:00,2026/09/07 14:02:25.611, NVIDIA GeForce RTX 5060, 591.86, P8, 29, 3, 685, 8151, 11.14, 145.00, 577, 405, 1, 8
2026-09-07T14:02:30.6328634+07:00,2026/09/07 14:02:30.696, NVIDIA GeForce RTX 5060, 591.86, P8, 29, 3, 685, 8151, 10.71, 145.00, 577, 405, 1, 8
2026-09-07T14:02:35.7158830+07:00,2026/09/07 14:02:35.809, NVIDIA GeForce RTX 5060, 591.86, P8, 29, 4, 684, 8151, 11.02, 145.00, 660, 405, 1, 8
2026-09-07T14:02:40.8767117+07:00,2026/09/07 14:02:40.907, NVIDIA GeForce RTX 5060, 591.86, P8, 29, 3, 685, 8151, 10.72, 145.00, 622, 405, 1, 8
2026-09-07T14:02:45.9290262+07:00,2026/09/07 14:02:45.960, NVIDIA GeForce RTX 5060, 591.86, P8, 29, 3, 680, 8151, 10.42, 145.00, 555, 405, 1, 8
2026-09-07T14:02:50.9802436+07:00,2026/09/07 14:02:51.011, NVIDIA GeForce RTX 5060, 591.86, P8, 29, 3, 680, 8151, 10.51, 145.00, 577, 405, 1, 8
2026-09-07T14:02:56.0322029+07:00,2026/09/07 14:02:56.063, NVIDIA GeForce RTX 5060, 591.86, P8, 29, 3, 680, 8151, 10.59, 145.00, 570, 405, 1, 8
2026-09-07T14:03:01.0839428+07:00,2026/09/07 14:03:01.114, NVIDIA GeForce RTX 5060, 591.86, P8, 29, 3, 680, 8151, 10.79, 145.00, 592, 405, 1, 8
2026-09-07T14:03:06.1369752+07:00,2026/09/07 14:03:06.167, NVIDIA GeForce RTX 5060, 591.86, P8, 29, 3, 686, 8151, 10.79, 145.00, 577, 405, 1, 8
2026-09-07T14:03:11.2356167+07:00,2026/09/07 14:03:11.313, NVIDIA GeForce RTX 5060, 591.86, P8, 29, 3, 680, 8151, 10.70, 145.00, 570, 405, 1, 8
2026-09-07T14:03:16.3324058+07:00,2026/09/07 14:03:16.409, NVIDIA GeForce RTX 5060, 591.86, P8, 29, 3, 680, 8151, 10.45, 145.00, 585, 405, 1, 8
2026-09-07T14:03:21.4308247+07:00,2026/09/07 14:03:21.508, NVIDIA GeForce RTX 5060, 591.86, P8, 29, 3, 680, 8151, 10.58, 145.00, 555, 405, 1, 8
2026-09-07T14:03:26.5290427+07:00,2026/09/07 14:03:26.560, NVIDIA GeForce RTX 5060, 591.86, P8, 29, 3, 680, 8151, 10.53, 145.00, 562, 405, 1, 8
2026-09-07T14:03:31.5818550+07:00,2026/09/07 14:03:31.612, NVIDIA GeForce RTX 5060, 591.86, P8, 29, 3, 680, 8151, 10.58, 145.00, 585, 405, 1, 8
2026-09-07T14:03:36.6340591+07:00,2026/09/07 14:03:36.665, NVIDIA GeForce RTX 5060, 591.86, P8, 29, 3, 680, 8151, 10.81, 145.00, 585, 405, 1, 8
2026-09-07T14:03:41.7323396+07:00,2026/09/07 14:03:41.763, NVIDIA GeForce RTX 5060, 591.86, P8, 29, 3, 686, 8151, 11.23, 145.00, 615, 405, 1, 8
2026-09-07T14:03:46.7849738+07:00,2026/09/07 14:03:46.815, NVIDIA GeForce RTX 5060, 591.86, P8, 29, 3, 680, 8151, 10.71, 145.00, 585, 405, 1, 8
2026-09-07T14:03:51.8382315+07:00,2026/09/07 14:03:51.869, NVIDIA GeForce RTX 5060, 591.86, P8, 29, 2, 680, 8151, 10.71, 145.00, 592, 405, 1, 8
2026-09-07T14:03:56.8906577+07:00,2026/09/07 14:03:57.014, NVIDIA GeForce RTX 5060, 591.86, P8, 29, 3, 680, 8151, 10.94, 145.00, 622, 405, 1, 8
2026-09-07T14:04:02.1287624+07:00,2026/09/07 14:04:02.190, NVIDIA GeForce RTX 5060, 591.86, P8, 29, 3, 681, 8151, 10.86, 145.00, 637, 405, 1, 8
2026-09-07T14:04:07.2123312+07:00,2026/09/07 14:04:07.243, NVIDIA GeForce RTX 5060, 591.86, P8, 29, 3, 677, 8151, 10.48, 145.00, 570, 405, 1, 8
2026-09-07T14:04:12.3117393+07:00,2026/09/07 14:04:12.342, NVIDIA GeForce RTX 5060, 591.86, P8, 29, 3, 677, 8151, 10.64, 145.00, 577, 405, 1, 8
2026-09-07T14:04:17.3628979+07:00,2026/09/07 14:04:17.393, NVIDIA GeForce RTX 5060, 591.86, P8, 29, 3, 670, 8151, 10.65, 145.00, 562, 405, 1, 8
2026-09-07T14:04:22.4157051+07:00,2026/09/07 14:04:22.446, NVIDIA GeForce RTX 5060, 591.86, P8, 29, 3, 676, 8151, 10.72, 145.00, 577, 405, 1, 8
2026-09-07T14:04:27.4693090+07:00,2026/09/07 14:04:27.499, NVIDIA GeForce RTX 5060, 591.86, P8, 29, 3, 670, 8151, 10.44, 145.00, 585, 405, 1, 8
2026-09-07T14:04:32.5207431+07:00,2026/09/07 14:04:32.551, NVIDIA GeForce RTX 5060, 591.86, P8, 29, 2, 670, 8151, 10.66, 145.00, 570, 405, 1, 8
2026-09-07T14:04:37.5726371+07:00,2026/09/07 14:04:37.603, NVIDIA GeForce RTX 5060, 591.86, P8, 29, 3, 670, 8151, 11.19, 145.00, 637, 405, 1, 8
2026-09-07T14:04:42.6713384+07:00,2026/09/07 14:04:42.702, NVIDIA GeForce RTX 5060, 591.86, P8, 29, 3, 664, 8151, 10.72, 145.00, 607, 405, 1, 8
2026-09-07T14:04:47.7230258+07:00,2026/09/07 14:04:47.754, NVIDIA GeForce RTX 5060, 591.86, P8, 29, 3, 664, 8151, 10.50, 145.00, 585, 405, 1, 8
2026-09-07T14:04:52.7679012+07:00,2026/09/07 14:04:52.845, NVIDIA GeForce RTX 5060, 591.86, P0, 30, 1, 717, 8151, 23.82, 145.00, 2565, 14201, 4, 8
2026-09-07T14:04:57.8675894+07:00,2026/09/07 14:04:57.945, NVIDIA GeForce RTX 5060, 591.86, P8, 29, 2, 701, 8151, 10.23, 145.00, 540, 405, 1, 8
2026-09-07T14:05:02.9672858+07:00,2026/09/07 14:05:03.013, NVIDIA GeForce RTX 5060, 591.86, P8, 29, 2, 699, 8151, 10.16, 145.00, 510, 405, 1, 8
2026-09-07T14:05:08.0507916+07:00,2026/09/07 14:05:08.143, NVIDIA GeForce RTX 5060, 591.86, P8, 29, 2, 699, 8151, 10.23, 145.00, 525, 405, 1, 8
2026-09-07T14:05:13.2266915+07:00,2026/09/07 14:05:13.273, NVIDIA GeForce RTX 5060, 591.86, P8, 29, 2, 699, 8151, 10.20, 145.00, 517, 405, 1, 8
2026-09-07T14:05:18.2932830+07:00,2026/09/07 14:05:18.324, NVIDIA GeForce RTX 5060, 591.86, P8, 29, 2, 701, 8151, 10.31, 145.00, 525, 405, 1, 8
2026-09-07T14:05:23.3464386+07:00,2026/09/07 14:05:23.392, NVIDIA GeForce RTX 5060, 591.86, P8, 29, 2, 710, 8151, 10.51, 145.00, 555, 405, 1, 8
2026-09-07T14:05:28.4152728+07:00,2026/09/07 14:05:28.461, NVIDIA GeForce RTX 5060, 591.86, P8, 29, 2, 707, 8151, 10.08, 145.00, 502, 405, 1, 8
2026-09-07T14:05:33.4840930+07:00,2026/09/07 14:05:33.561, NVIDIA GeForce RTX 5060, 591.86, P8, 29, 2, 701, 8151, 10.09, 145.00, 517, 405, 1, 8
2026-09-07T14:05:38.5985810+07:00,2026/09/07 14:05:38.629, NVIDIA GeForce RTX 5060, 591.86, P8, 28, 2, 701, 8151, 10.21, 145.00, 540, 405, 1, 8
2026-09-07T14:05:43.6967594+07:00,2026/09/07 14:05:43.743, NVIDIA GeForce RTX 5060, 591.86, P8, 28, 2, 701, 8151, 10.12, 145.00, 510, 405, 1, 8
2026-09-07T14:05:48.7646923+07:00,2026/09/07 14:05:48.795, NVIDIA GeForce RTX 5060, 591.86, P8, 28, 2, 701, 8151, 10.12, 145.00, 525, 405, 1, 8
2026-09-07T14:05:53.8166913+07:00,2026/09/07 14:05:53.863, NVIDIA GeForce RTX 5060, 591.86, P8, 28, 2, 701, 8151, 10.31, 145.00, 547, 405, 1, 8
2026-09-07T14:05:58.8996594+07:00,2026/09/07 14:05:58.946, NVIDIA GeForce RTX 5060, 591.86, P8, 28, 2, 701, 8151, 10.19, 145.00, 540, 405, 1, 8
2026-09-07T14:06:03.9820656+07:00,2026/09/07 14:06:04.013, NVIDIA GeForce RTX 5060, 591.86, P8, 28, 2, 701, 8151, 10.05, 145.00, 525, 405, 1, 8
2026-09-07T14:06:09.0351904+07:00,2026/09/07 14:06:09.097, NVIDIA GeForce RTX 5060, 591.86, P8, 28, 2, 709, 8151, 10.27, 145.00, 487, 405, 1, 8
2026-09-07T14:06:14.1956123+07:00,2026/09/07 14:06:14.257, NVIDIA GeForce RTX 5060, 591.86, P8, 28, 2, 702, 8151, 10.27, 145.00, 532, 405, 1, 8
2026-09-07T14:06:19.2791165+07:00,2026/09/07 14:06:19.356, NVIDIA GeForce RTX 5060, 591.86, P8, 28, 2, 702, 8151, 10.36, 145.00, 532, 405, 1, 8
2026-09-07T14:06:24.3783187+07:00,2026/09/07 14:06:24.518, NVIDIA GeForce RTX 5060, 591.86, P8, 28, 2, 701, 8151, 10.38, 145.00, 510, 405, 1, 8
2026-09-07T14:06:29.5396922+07:00,2026/09/07 14:06:29.648, NVIDIA GeForce RTX 5060, 591.86, P8, 28, 2, 701, 8151, 10.28, 145.00, 502, 405, 1, 8
2026-09-07T14:06:34.6852114+07:00,2026/09/07 14:06:34.855, NVIDIA GeForce RTX 5060, 591.86, P8, 28, 2, 701, 8151, 10.21, 145.00, 517, 405, 1, 8
2026-09-07T14:06:39.8770630+07:00,2026/09/07 14:06:39.970, NVIDIA GeForce RTX 5060, 591.86, P8, 28, 2, 701, 8151, 10.18, 145.00, 555, 405, 1, 8
2026-09-07T14:06:45.0369784+07:00,2026/09/07 14:06:45.067, NVIDIA GeForce RTX 5060, 591.86, P8, 28, 2, 701, 8151, 10.22, 145.00, 540, 405, 1, 8
2026-09-07T14:06:50.0892783+07:00,2026/09/07 14:06:50.120, NVIDIA GeForce RTX 5060, 591.86, P8, 28, 2, 701, 8151, 10.31, 145.00, 600, 405, 1, 8
2026-09-07T14:06:55.1410460+07:00,2026/09/07 14:06:55.172, NVIDIA GeForce RTX 5060, 591.86, P3, 30, 1, 668, 8151, 23.73, 145.00, 2580, 14201, 4, 8
2026-09-07T14:07:00.1934477+07:00,2026/09/07 14:07:00.224, NVIDIA GeForce RTX 5060, 591.86, P8, 29, 3, 663, 8151, 10.55, 145.00, 570, 405, 1, 8
2026-09-07T14:07:05.2457911+07:00,2026/09/07 14:07:05.277, NVIDIA GeForce RTX 5060, 591.86, P8, 29, 3, 663, 8151, 10.53, 145.00, 577, 405, 1, 8
2026-09-07T14:07:10.2982088+07:00,2026/09/07 14:07:10.329, NVIDIA GeForce RTX 5060, 591.86, P8, 29, 3, 669, 8151, 10.43, 145.00, 585, 405, 1, 8
2026-09-07T14:07:15.4131653+07:00,2026/09/07 14:07:15.444, NVIDIA GeForce RTX 5060, 591.86, P8, 29, 3, 668, 8151, 10.51, 145.00, 562, 405, 1, 8
2026-09-07T14:07:20.4654925+07:00,2026/09/07 14:07:20.511, NVIDIA GeForce RTX 5060, 591.86, P8, 29, 3, 668, 8151, 10.47, 145.00, 592, 405, 1, 8
2026-09-07T14:07:25.5334179+07:00,2026/09/07 14:07:25.610, NVIDIA GeForce RTX 5060, 591.86, P8, 29, 3, 669, 8151, 10.40, 145.00, 570, 405, 1, 8
2026-09-07T14:07:30.6549426+07:00,2026/09/07 14:07:30.748, NVIDIA GeForce RTX 5060, 591.86, P0, 30, 1, 719, 8151, 23.61, 145.00, 2565, 14201, 4, 8
2026-09-07T14:07:35.7706127+07:00,2026/09/07 14:07:35.863, NVIDIA GeForce RTX 5060, 591.86, P8, 29, 2, 701, 8151, 10.59, 145.00, 525, 405, 1, 8
2026-09-07T14:07:40.8849137+07:00,2026/09/07 14:07:40.915, NVIDIA GeForce RTX 5060, 591.86, P8, 29, 2, 701, 8151, 10.17, 145.00, 517, 405, 1, 8
2026-09-07T14:07:45.9837372+07:00,2026/09/07 14:07:46.014, NVIDIA GeForce RTX 5060, 591.86, P8, 29, 2, 701, 8151, 10.11, 145.00, 547, 405, 1, 8
2026-09-07T14:07:51.0212881+07:00,2026/09/07 14:07:51.052, NVIDIA GeForce RTX 5060, 591.86, P8, 29, 2, 701, 8151, 10.14, 145.00, 532, 405, 1, 8
2026-09-07T14:07:56.0588047+07:00,2026/09/07 14:07:56.089, NVIDIA GeForce RTX 5060, 591.86, P8, 29, 2, 701, 8151, 10.15, 145.00, 510, 405, 1, 8
2026-09-07T14:08:01.1118042+07:00,2026/09/07 14:08:01.158, NVIDIA GeForce RTX 5060, 591.86, P8, 29, 2, 701, 8151, 10.21, 145.00, 555, 405, 1, 8
2026-09-07T14:08:06.1652954+07:00,2026/09/07 14:08:06.196, NVIDIA GeForce RTX 5060, 591.86, P8, 29, 2, 706, 8151, 10.60, 145.00, 555, 405, 1, 8
2026-09-07T14:08:11.2180371+07:00,2026/09/07 14:08:11.295, NVIDIA GeForce RTX 5060, 591.86, P8, 28, 2, 702, 8151, 10.22, 145.00, 525, 405, 1, 8
2026-09-07T14:08:16.4100839+07:00,2026/09/07 14:08:16.487, NVIDIA GeForce RTX 5060, 591.86, P8, 29, 2, 702, 8151, 10.28, 145.00, 547, 405, 1, 8
2026-09-07T14:08:21.5086931+07:00,2026/09/07 14:08:21.601, NVIDIA GeForce RTX 5060, 591.86, P8, 28, 2, 702, 8151, 10.27, 145.00, 532, 405, 1, 8
2026-09-07T14:08:26.6395839+07:00,2026/09/07 14:08:26.716, NVIDIA GeForce RTX 5060, 591.86, P8, 28, 2, 701, 8151, 10.42, 145.00, 525, 405, 1, 8
2026-09-07T14:08:31.7383897+07:00,2026/09/07 14:08:31.784, NVIDIA GeForce RTX 5060, 591.86, P8, 28, 2, 701, 8151, 10.32, 145.00, 555, 405, 1, 8
2026-09-07T14:08:36.8059144+07:00,2026/09/07 14:08:36.836, NVIDIA GeForce RTX 5060, 591.86, P8, 28, 2, 701, 8151, 10.21, 145.00, 532, 405, 1, 8
2026-09-07T14:08:41.8582499+07:00,2026/09/07 14:08:41.935, NVIDIA GeForce RTX 5060, 591.86, P8, 28, 2, 701, 8151, 10.27, 145.00, 532, 405, 1, 8
2026-09-07T14:08:47.0039984+07:00,2026/09/07 14:08:47.065, NVIDIA GeForce RTX 5060, 591.86, P8, 28, 2, 701, 8151, 10.22, 145.00, 540, 405, 1, 8
2026-09-07T14:08:52.0871791+07:00,2026/09/07 14:08:52.164, NVIDIA GeForce RTX 5060, 591.86, P8, 28, 2, 701, 8151, 10.13, 145.00, 547, 405, 1, 8
2026-09-07T14:08:57.1866793+07:00,2026/09/07 14:08:57.295, NVIDIA GeForce RTX 5060, 591.86, P8, 28, 2, 698, 8151, 10.24, 145.00, 517, 405, 1, 8
2026-09-07T14:09:02.3173081+07:00,2026/09/07 14:09:02.472, NVIDIA GeForce RTX 5060, 591.86, P8, 28, 2, 698, 8151, 10.26, 145.00, 510, 405, 1, 8
2026-09-07T14:09:07.4940685+07:00,2026/09/07 14:09:07.649, NVIDIA GeForce RTX 5060, 591.86, P8, 28, 2, 698, 8151, 10.21, 145.00, 525, 405, 1, 8
2026-09-07T14:09:12.7013922+07:00,2026/09/07 14:09:12.747, NVIDIA GeForce RTX 5060, 591.86, P8, 28, 2, 698, 8151, 10.67, 145.00, 540, 405, 1, 8
2026-09-07T14:09:17.8163335+07:00,2026/09/07 14:09:17.893, NVIDIA GeForce RTX 5060, 591.86, P8, 28, 2, 698, 8151, 10.38, 145.00, 525, 405, 1, 8
2026-09-07T14:09:22.9156165+07:00,2026/09/07 14:09:22.946, NVIDIA GeForce RTX 5060, 591.86, P8, 28, 2, 698, 8151, 10.25, 145.00, 502, 405, 1, 8
2026-09-07T14:09:27.9681543+07:00,2026/09/07 14:09:28.045, NVIDIA GeForce RTX 5060, 591.86, P8, 28, 2, 698, 8151, 10.36, 145.00, 532, 405, 1, 8
2026-09-07T14:09:33.0666953+07:00,2026/09/07 14:09:34.119, NVIDIA GeForce RTX 5060, 591.86, P5, 29, 3, 670, 8151, 15.46, 145.00, 907, 810, 2, 8
2026-09-07T14:09:39.1415407+07:00,2026/09/07 14:09:39.219, NVIDIA GeForce RTX 5060, 591.86, P8, 29, 3, 672, 8151, 10.98, 145.00, 600, 405, 1, 8
2026-09-07T14:09:44.2402892+07:00,2026/09/07 14:09:45.759, NVIDIA GeForce RTX 5060, 591.86, P8, 29, 3, 667, 8151, 11.12, 145.00, 592, 405, 1, 8
2026-09-07T14:09:51.2612966+07:00,2026/09/07 14:09:51.354, NVIDIA GeForce RTX 5060, 591.86, P8, 29, 2, 667, 8151, 10.72, 145.00, 615, 405, 1, 8
2026-09-07T14:09:56.3759915+07:00,2026/09/07 14:09:56.406, NVIDIA GeForce RTX 5060, 591.86, P8, 29, 3, 667, 8151, 10.81, 145.00, 592, 405, 1, 8
2026-09-07T14:10:01.4279954+07:00,2026/09/07 14:10:01.458, NVIDIA GeForce RTX 5060, 591.86, P8, 29, 3, 667, 8151, 10.75, 145.00, 600, 405, 1, 8
2026-09-07T14:10:06.4802860+07:00,2026/09/07 14:10:06.511, NVIDIA GeForce RTX 5060, 591.86, P8, 29, 4, 672, 8151, 11.32, 145.00, 630, 405, 1, 8
2026-09-07T14:10:11.5332270+07:00,2026/09/07 14:10:11.564, NVIDIA GeForce RTX 5060, 591.86, P8, 29, 3, 668, 8151, 10.63, 145.00, 585, 405, 1, 8
2026-09-07T14:10:16.5845572+07:00,2026/09/07 14:10:16.615, NVIDIA GeForce RTX 5060, 591.86, P8, 29, 3, 668, 8151, 10.92, 145.00, 592, 405, 1, 8
2026-09-07T14:10:21.6867994+07:00,2026/09/07 14:10:22.244, NVIDIA GeForce RTX 5060, 591.86, P8, 29, 2, 675, 8151, 11.75, 145.00, 727, 405, 1, 8
2026-09-07T14:10:27.2820685+07:00,2026/09/07 14:10:28.460, NVIDIA GeForce RTX 5060, 591.86, P3, 29, 1, 996, 8151, 16.13, 145.00, 892, 7001, 2, 8
2026-09-07T14:10:33.8846515+07:00,2026/09/07 14:10:33.977, NVIDIA GeForce RTX 5060, 591.86, P8, 29, 2, 991, 8151, 11.09, 145.00, 570, 405, 1, 8
2026-09-07T14:10:38.9980967+07:00,2026/09/07 14:10:39.122, NVIDIA GeForce RTX 5060, 591.86, P8, 29, 3, 985, 8151, 10.66, 145.00, 585, 405, 1, 8
2026-09-07T14:10:44.1741543+07:00,2026/09/07 14:10:44.205, NVIDIA GeForce RTX 5060, 591.86, P8, 29, 3, 985, 8151, 10.61, 145.00, 577, 405, 1, 8
2026-09-07T14:10:49.2263545+07:00,2026/09/07 14:10:49.257, NVIDIA GeForce RTX 5060, 591.86, P8, 29, 3, 985, 8151, 10.73, 145.00, 562, 405, 1, 8
2026-09-07T14:10:54.3399822+07:00,2026/09/07 14:10:54.448, NVIDIA GeForce RTX 5060, 591.86, P8, 29, 3, 985, 8151, 10.55, 145.00, 585, 405, 1, 8
2026-09-07T14:10:59.4689664+07:00,2026/09/07 14:10:59.499, NVIDIA GeForce RTX 5060, 591.86, P8, 29, 3, 849, 8151, 10.61, 145.00, 547, 405, 1, 8
2026-09-07T14:11:04.5203208+07:00,2026/09/07 14:11:04.551, NVIDIA GeForce RTX 5060, 591.86, P8, 29, 3, 849, 8151, 10.70, 145.00, 600, 405, 1, 8
2026-09-07T14:11:09.5730279+07:00,2026/09/07 14:11:09.604, NVIDIA GeForce RTX 5060, 591.86, P8, 29, 4, 849, 8151, 10.54, 145.00, 622, 405, 1, 8
2026-09-07T14:11:14.6101170+07:00,2026/09/07 14:11:14.641, NVIDIA GeForce RTX 5060, 591.86, P8, 29, 3, 849, 8151, 10.44, 145.00, 585, 405, 1, 8
2026-09-07T14:11:19.6629707+07:00,2026/09/07 14:11:19.724, NVIDIA GeForce RTX 5060, 591.86, P8, 28, 3, 849, 8151, 10.73, 145.00, 600, 405, 1, 8
2026-09-07T14:11:24.7926927+07:00,2026/09/07 14:11:24.855, NVIDIA GeForce RTX 5060, 591.86, P8, 29, 3, 850, 8151, 10.41, 145.00, 577, 405, 1, 8
2026-09-07T14:11:29.8746276+07:00,2026/09/07 14:11:29.905, NVIDIA GeForce RTX 5060, 591.86, P8, 29, 3, 677, 8151, 10.52, 145.00, 577, 405, 1, 8
2026-09-07T14:11:34.9273082+07:00,2026/09/07 14:11:34.958, NVIDIA GeForce RTX 5060, 591.86, P8, 29, 3, 667, 8151, 10.85, 145.00, 570, 405, 1, 8
2026-09-07T14:11:39.9784984+07:00,2026/09/07 14:11:40.009, NVIDIA GeForce RTX 5060, 591.86, P8, 29, 3, 673, 8151, 10.84, 145.00, 645, 405, 1, 8
2026-09-07T14:11:45.0307088+07:00,2026/09/07 14:11:45.061, NVIDIA GeForce RTX 5060, 591.86, P8, 29, 4, 672, 8151, 11.02, 145.00, 675, 405, 1, 8
2026-09-07T14:11:50.0834751+07:00,2026/09/07 14:11:50.114, NVIDIA GeForce RTX 5060, 591.86, P8, 28, 3, 673, 8151, 10.56, 145.00, 592, 405, 1, 8
2026-09-07T14:11:55.1829742+07:00,2026/09/07 14:11:55.213, NVIDIA GeForce RTX 5060, 591.86, P8, 29, 3, 672, 8151, 10.68, 145.00, 585, 405, 1, 8
2026-09-07T14:12:00.2369939+07:00,2026/09/07 14:12:00.282, NVIDIA GeForce RTX 5060, 591.86, P8, 29, 3, 675, 8151, 11.97, 145.00, 592, 405, 1, 8
2026-09-07T14:12:05.3044941+07:00,2026/09/07 14:12:05.412, NVIDIA GeForce RTX 5060, 591.86, P5, 29, 2, 941, 8151, 15.67, 145.00, 877, 810, 2, 8
2026-09-07T14:12:10.4348979+07:00,2026/09/07 14:12:10.481, NVIDIA GeForce RTX 5060, 591.86, P8, 29, 4, 888, 8151, 10.92, 145.00, 682, 405, 1, 8
2026-09-07T14:12:15.5027270+07:00,2026/09/07 14:12:15.533, NVIDIA GeForce RTX 5060, 591.86, P8, 29, 3, 886, 8151, 10.49, 145.00, 577, 405, 1, 8
2026-09-07T14:12:20.5549853+07:00,2026/09/07 14:12:20.585, NVIDIA GeForce RTX 5060, 591.86, P8, 29, 3, 886, 8151, 10.58, 145.00, 622, 405, 1, 8
2026-09-07T14:12:25.6539135+07:00,2026/09/07 14:12:25.684, NVIDIA GeForce RTX 5060, 591.86, P8, 29, 3, 886, 8151, 10.51, 145.00, 577, 405, 1, 8
2026-09-07T14:12:30.6916910+07:00,2026/09/07 14:12:30.722, NVIDIA GeForce RTX 5060, 591.86, P8, 29, 6, 889, 8151, 10.92, 145.00, 600, 405, 1, 8
2026-09-07T14:12:35.7443990+07:00,2026/09/07 14:12:35.775, NVIDIA GeForce RTX 5060, 591.86, P8, 29, 3, 862, 8151, 10.43, 145.00, 592, 405, 1, 8
2026-09-07T14:12:40.7967745+07:00,2026/09/07 14:12:40.827, NVIDIA GeForce RTX 5060, 591.86, P8, 29, 2, 862, 8151, 10.79, 145.00, 570, 405, 1, 8
2026-09-07T14:12:45.8495665+07:00,2026/09/07 14:12:45.880, NVIDIA GeForce RTX 5060, 591.86, P8, 29, 3, 863, 8151, 10.49, 145.00, 585, 405, 1, 8
2026-09-07T14:12:50.9029786+07:00,2026/09/07 14:12:50.933, NVIDIA GeForce RTX 5060, 591.86, P8, 28, 2, 863, 8151, 10.57, 145.00, 577, 405, 1, 8
2026-09-07T14:12:56.0011892+07:00,2026/09/07 14:12:56.032, NVIDIA GeForce RTX 5060, 591.86, P8, 29, 3, 863, 8151, 10.84, 145.00, 592, 405, 1, 8
2026-09-07T14:13:01.0534543+07:00,2026/09/07 14:13:01.084, NVIDIA GeForce RTX 5060, 591.86, P8, 29, 17, 664, 8151, 11.17, 145.00, 720, 405, 1, 8
2026-09-07T14:13:06.1054351+07:00,2026/09/07 14:13:06.136, NVIDIA GeForce RTX 5060, 591.86, P8, 29, 3, 666, 8151, 10.61, 145.00, 577, 405, 1, 8
2026-09-07T14:13:11.1573103+07:00,2026/09/07 14:13:11.188, NVIDIA GeForce RTX 5060, 591.86, P8, 29, 3, 655, 8151, 10.95, 145.00, 570, 405, 1, 8
2026-09-07T14:13:16.2089289+07:00,2026/09/07 14:13:16.239, NVIDIA GeForce RTX 5060, 591.86, P8, 29, 2, 655, 8151, 10.71, 145.00, 585, 405, 1, 8
2026-09-07T14:13:21.2613157+07:00,2026/09/07 14:13:21.292, NVIDIA GeForce RTX 5060, 591.86, P8, 29, 3, 660, 8151, 10.63, 145.00, 585, 405, 1, 8
2026-09-07T14:13:26.3592882+07:00,2026/09/07 14:13:26.390, NVIDIA GeForce RTX 5060, 591.86, P8, 28, 3, 656, 8151, 10.98, 145.00, 600, 405, 1, 8
2026-09-07T14:13:31.4120704+07:00,2026/09/07 14:13:31.443, NVIDIA GeForce RTX 5060, 591.86, P8, 29, 3, 656, 8151, 10.74, 145.00, 615, 405, 1, 8
2026-09-07T14:13:36.4650879+07:00,2026/09/07 14:13:36.542, NVIDIA GeForce RTX 5060, 591.86, P3, 29, 2, 997, 8151, 21.06, 145.00, 1290, 7001, 4, 8
2026-09-07T14:13:41.5631642+07:00,2026/09/07 14:13:41.640, NVIDIA GeForce RTX 5060, 591.86, P8, 29, 2, 664, 8151, 10.93, 145.00, 630, 405, 1, 8
2026-09-07T14:13:46.6614660+07:00,2026/09/07 14:13:46.692, NVIDIA GeForce RTX 5060, 591.86, P8, 29, 9, 655, 8151, 10.85, 145.00, 630, 405, 1, 8
2026-09-07T14:13:51.7132367+07:00,2026/09/07 14:13:51.744, NVIDIA GeForce RTX 5060, 591.86, P8, 29, 2, 655, 8151, 10.72, 145.00, 615, 405, 1, 8
2026-09-07T14:13:56.8118888+07:00,2026/09/07 14:13:56.842, NVIDIA GeForce RTX 5060, 591.86, P8, 29, 6, 661, 8151, 10.90, 145.00, 607, 405, 1, 8
2026-09-07T14:14:01.8650586+07:00,2026/09/07 14:14:01.896, NVIDIA GeForce RTX 5060, 591.86, P8, 29, 3, 661, 8151, 10.74, 145.00, 690, 405, 1, 8
2026-09-07T14:14:06.9185381+07:00,2026/09/07 14:14:06.949, NVIDIA GeForce RTX 5060, 591.86, P8, 29, 3, 656, 8151, 10.73, 145.00, 607, 405, 1, 8
2026-09-07T14:14:11.9706572+07:00,2026/09/07 14:14:12.001, NVIDIA GeForce RTX 5060, 591.86, P8, 29, 2, 658, 8151, 10.82, 145.00, 570, 405, 1, 8
2026-09-07T14:14:17.0227686+07:00,2026/09/07 14:14:17.053, NVIDIA GeForce RTX 5060, 591.86, P8, 29, 3, 665, 8151, 11.14, 145.00, 667, 405, 1, 8
2026-09-07T14:14:22.0738007+07:00,2026/09/07 14:14:22.104, NVIDIA GeForce RTX 5060, 591.86, P8, 29, 3, 655, 8151, 10.48, 145.00, 547, 405, 1, 8
2026-09-07T14:14:27.1891023+07:00,2026/09/07 14:14:27.219, NVIDIA GeForce RTX 5060, 591.86, P8, 29, 3, 655, 8151, 10.40, 145.00, 570, 405, 1, 8
2026-09-07T14:14:32.2403090+07:00,2026/09/07 14:14:32.273, NVIDIA GeForce RTX 5060, 591.86, P8, 28, 2, 655, 8151, 10.72, 145.00, 637, 405, 1, 8
2026-09-07T14:14:37.2938745+07:00,2026/09/07 14:14:37.324, NVIDIA GeForce RTX 5060, 591.86, P8, 29, 3, 657, 8151, 10.72, 145.00, 600, 405, 1, 8
2026-09-07T14:14:42.3455342+07:00,2026/09/07 14:14:42.376, NVIDIA GeForce RTX 5060, 591.86, P8, 28, 3, 657, 8151, 10.45, 145.00, 577, 405, 1, 8
2026-09-07T14:14:47.3830469+07:00,2026/09/07 14:14:47.414, NVIDIA GeForce RTX 5060, 591.86, P8, 29, 3, 657, 8151, 10.62, 145.00, 645, 405, 1, 8
2026-09-07T14:14:52.4347394+07:00,2026/09/07 14:14:52.465, NVIDIA GeForce RTX 5060, 591.86, P8, 28, 2, 657, 8151, 10.46, 145.00, 577, 405, 1, 8
2026-09-07T14:14:57.5341825+07:00,2026/09/07 14:14:57.565, NVIDIA GeForce RTX 5060, 591.86, P8, 28, 3, 658, 8151, 10.43, 145.00, 570, 405, 1, 8
2026-09-07T14:15:02.5867908+07:00,2026/09/07 14:15:02.617, NVIDIA GeForce RTX 5060, 591.86, P8, 29, 2, 658, 8151, 10.58, 145.00, 570, 405, 1, 8
2026-09-07T14:15:07.6388162+07:00,2026/09/07 14:15:07.669, NVIDIA GeForce RTX 5060, 591.86, P8, 28, 2, 658, 8151, 10.55, 145.00, 592, 405, 1, 8
2026-09-07T14:15:12.6916148+07:00,2026/09/07 14:15:12.722, NVIDIA GeForce RTX 5060, 591.86, P8, 28, 2, 658, 8151, 10.60, 145.00, 562, 405, 1, 8
2026-09-07T14:15:17.7288999+07:00,2026/09/07 14:15:17.759, NVIDIA GeForce RTX 5060, 591.86, P8, 28, 2, 658, 8151, 10.73, 145.00, 585, 405, 1, 8
2026-09-07T14:15:22.7806846+07:00,2026/09/07 14:15:22.811, NVIDIA GeForce RTX 5060, 591.86, P8, 28, 2, 658, 8151, 10.52, 145.00, 547, 405, 1, 8
2026-09-07T14:15:27.8946454+07:00,2026/09/07 14:15:27.925, NVIDIA GeForce RTX 5060, 591.86, P8, 28, 2, 658, 8151, 10.58, 145.00, 615, 405, 1, 8
2026-09-07T14:15:32.9468683+07:00,2026/09/07 14:15:32.977, NVIDIA GeForce RTX 5060, 591.86, P8, 28, 2, 658, 8151, 10.63, 145.00, 547, 405, 1, 8
2026-09-07T14:15:37.9985922+07:00,2026/09/07 14:15:38.029, NVIDIA GeForce RTX 5060, 591.86, P8, 28, 2, 658, 8151, 10.64, 145.00, 555, 405, 1, 8
2026-09-07T14:15:43.0504085+07:00,2026/09/07 14:15:43.081, NVIDIA GeForce RTX 5060, 591.86, P8, 28, 3, 662, 8151, 10.65, 145.00, 562, 405, 1, 8
2026-09-07T14:15:48.1033714+07:00,2026/09/07 14:15:48.134, NVIDIA GeForce RTX 5060, 591.86, P8, 28, 3, 657, 8151, 10.43, 145.00, 570, 405, 1, 8
2026-09-07T14:15:53.1560016+07:00,2026/09/07 14:15:53.187, NVIDIA GeForce RTX 5060, 591.86, P8, 28, 2, 657, 8151, 10.44, 145.00, 570, 405, 1, 8
2026-09-07T14:15:58.2549689+07:00,2026/09/07 14:15:58.285, NVIDIA GeForce RTX 5060, 591.86, P8, 29, 7, 663, 8151, 10.89, 145.00, 570, 405, 1, 8
2026-09-07T14:16:03.3077050+07:00,2026/09/07 14:16:03.338, NVIDIA GeForce RTX 5060, 591.86, P8, 28, 3, 658, 8151, 10.47, 145.00, 577, 405, 1, 8
2026-09-07T14:16:08.3603616+07:00,2026/09/07 14:16:08.391, NVIDIA GeForce RTX 5060, 591.86, P8, 28, 3, 658, 8151, 10.52, 145.00, 562, 405, 1, 8
2026-09-07T14:16:13.4124575+07:00,2026/09/07 14:16:13.443, NVIDIA GeForce RTX 5060, 591.86, P8, 28, 3, 658, 8151, 10.53, 145.00, 577, 405, 1, 8
2026-09-07T14:16:18.4644454+07:00,2026/09/07 14:16:18.495, NVIDIA GeForce RTX 5060, 591.86, P8, 28, 3, 658, 8151, 10.46, 145.00, 585, 405, 1, 8
2026-09-07T14:16:23.5168657+07:00,2026/09/07 14:16:23.548, NVIDIA GeForce RTX 5060, 591.86, P8, 28, 3, 658, 8151, 10.52, 145.00, 570, 405, 1, 8
2026-09-07T14:16:28.6010876+07:00,2026/09/07 14:16:28.632, NVIDIA GeForce RTX 5060, 591.86, P8, 28, 2, 658, 8151, 10.49, 145.00, 585, 405, 1, 8
2026-09-07T14:16:33.6538353+07:00,2026/09/07 14:16:33.684, NVIDIA GeForce RTX 5060, 591.86, P8, 28, 3, 658, 8151, 10.48, 145.00, 592, 405, 1, 8
2026-09-07T14:16:38.7057147+07:00,2026/09/07 14:16:38.736, NVIDIA GeForce RTX 5060, 591.86, P8, 28, 3, 658, 8151, 10.54, 145.00, 577, 405, 1, 8
2026-09-07T14:16:43.7573089+07:00,2026/09/07 14:16:43.788, NVIDIA GeForce RTX 5060, 591.86, P8, 28, 3, 658, 8151, 10.45, 145.00, 562, 405, 1, 8
2026-09-07T14:16:48.8095218+07:00,2026/09/07 14:16:48.840, NVIDIA GeForce RTX 5060, 591.86, P8, 28, 3, 658, 8151, 10.59, 145.00, 562, 405, 1, 8
2026-09-07T14:16:53.8608500+07:00,2026/09/07 14:16:53.891, NVIDIA GeForce RTX 5060, 591.86, P8, 28, 3, 658, 8151, 10.81, 145.00, 667, 405, 1, 8
2026-09-07T14:16:58.9592141+07:00,2026/09/07 14:16:58.990, NVIDIA GeForce RTX 5060, 591.86, P8, 28, 3, 658, 8151, 10.56, 145.00, 570, 405, 1, 8
2026-09-07T14:17:04.0126991+07:00,2026/09/07 14:17:04.043, NVIDIA GeForce RTX 5060, 591.86, P8, 28, 3, 658, 8151, 10.61, 145.00, 585, 405, 1, 8
2026-09-07T14:17:09.0637023+07:00,2026/09/07 14:17:09.094, NVIDIA GeForce RTX 5060, 591.86, P8, 28, 3, 658, 8151, 10.85, 145.00, 577, 405, 1, 8
2026-09-07T14:17:14.1132429+07:00,2026/09/07 14:17:14.144, NVIDIA GeForce RTX 5060, 591.86, P8, 28, 2, 658, 8151, 10.64, 145.00, 607, 405, 1, 8
2026-09-07T14:17:19.1661805+07:00,2026/09/07 14:17:19.197, NVIDIA GeForce RTX 5060, 591.86, P8, 28, 3, 658, 8151, 10.51, 145.00, 570, 405, 1, 8
2026-09-07T14:17:24.2184909+07:00,2026/09/07 14:17:24.248, NVIDIA GeForce RTX 5060, 591.86, P8, 28, 3, 658, 8151, 10.79, 145.00, 585, 405, 1, 8
2026-09-07T14:17:29.3167994+07:00,2026/09/07 14:17:29.347, NVIDIA GeForce RTX 5060, 591.86, P8, 28, 3, 658, 8151, 10.55, 145.00, 585, 405, 1, 8
2026-09-07T14:17:34.3691292+07:00,2026/09/07 14:17:34.400, NVIDIA GeForce RTX 5060, 591.86, P8, 28, 2, 658, 8151, 10.55, 145.00, 562, 405, 1, 8
2026-09-07T14:17:39.4208208+07:00,2026/09/07 14:17:39.451, NVIDIA GeForce RTX 5060, 591.86, P8, 28, 3, 658, 8151, 10.87, 145.00, 577, 405, 1, 8
2026-09-07T14:17:44.4727924+07:00,2026/09/07 14:17:44.503, NVIDIA GeForce RTX 5060, 591.86, P8, 28, 3, 658, 8151, 10.59, 145.00, 570, 405, 1, 8
2026-09-07T14:17:49.5254720+07:00,2026/09/07 14:17:49.556, NVIDIA GeForce RTX 5060, 591.86, P8, 28, 2, 658, 8151, 10.61, 145.00, 607, 405, 1, 8
2026-09-07T14:17:54.5777479+07:00,2026/09/07 14:17:54.608, NVIDIA GeForce RTX 5060, 591.86, P8, 28, 3, 658, 8151, 10.78, 145.00, 562, 405, 1, 8
2026-09-07T14:17:59.6765101+07:00,2026/09/07 14:17:59.707, NVIDIA GeForce RTX 5060, 591.86, P8, 28, 1, 658, 8151, 10.28, 145.00, 660, 405, 1, 8
2026-09-07T14:18:04.7257586+07:00,2026/09/07 14:18:04.756, NVIDIA GeForce RTX 5060, 591.86, P8, 28, 1, 658, 8151, 8.89, 145.00, 345, 405, 1, 8
2026-09-07T14:18:09.7758744+07:00,2026/09/07 14:18:09.806, NVIDIA GeForce RTX 5060, 591.86, P8, 28, 1, 658, 8151, 9.01, 145.00, 360, 405, 1, 8
2026-09-07T14:18:14.8243800+07:00,2026/09/07 14:18:14.855, NVIDIA GeForce RTX 5060, 591.86, P8, 28, 0, 658, 8151, 9.13, 145.00, 345, 405, 1, 8
2026-09-07T14:18:19.8732542+07:00,2026/09/07 14:18:19.904, NVIDIA GeForce RTX 5060, 591.86, P8, 28, 0, 658, 8151, 9.07, 145.00, 345, 405, 1, 8
2026-09-07T14:18:24.9216744+07:00,2026/09/07 14:18:24.952, NVIDIA GeForce RTX 5060, 591.86, P8, 28, 0, 658, 8151, 9.20, 145.00, 345, 405, 1, 8
2026-09-07T14:18:30.0125583+07:00,2026/09/07 14:18:30.043, NVIDIA GeForce RTX 5060, 591.86, P8, 28, 1, 658, 8151, 9.15, 145.00, 345, 405, 1, 8
2026-09-07T14:18:35.0554455+07:00,2026/09/07 14:18:35.086, NVIDIA GeForce RTX 5060, 591.86, P8, 28, 0, 658, 8151, 9.15, 145.00, 360, 405, 1, 8
2026-09-07T14:18:40.1020047+07:00,2026/09/07 14:18:40.133, NVIDIA GeForce RTX 5060, 591.86, P8, 28, 1, 658, 8151, 9.07, 145.00, 345, 405, 1, 8
2026-09-07T14:18:45.1513275+07:00,2026/09/07 14:18:45.181, NVIDIA GeForce RTX 5060, 591.86, P8, 28, 0, 658, 8151, 8.94, 145.00, 345, 405, 1, 8
2026-09-07T14:18:50.1974780+07:00,2026/09/07 14:18:50.228, NVIDIA GeForce RTX 5060, 591.86, P8, 28, 0, 658, 8151, 9.00, 145.00, 360, 405, 1, 8
2026-09-07T14:18:55.2453144+07:00,2026/09/07 14:18:55.322, NVIDIA GeForce RTX 5060, 591.86, P8, 28, 3, 664, 8151, 8.94, 145.00, 285, 405, 1, 8
2026-09-07T14:19:00.3861349+07:00,2026/09/07 14:19:00.447, NVIDIA GeForce RTX 5060, 591.86, P8, 28, 0, 664, 8151, 8.25, 145.00, 210, 405, 1, 8
2026-09-07T14:19:05.4650074+07:00,2026/09/07 14:19:05.511, NVIDIA GeForce RTX 5060, 591.86, P3, 28, 0, 663, 8151, 15.10, 145.00, 210, 14001, 4, 8
2026-09-07T14:19:10.5276877+07:00,2026/09/07 14:19:10.573, NVIDIA GeForce RTX 5060, 591.86, P1, 28, 0, 661, 8151, 15.09, 145.00, 210, 14001, 4, 8
2026-09-07T14:19:15.5898577+07:00,2026/09/07 14:19:15.636, NVIDIA GeForce RTX 5060, 591.86, P1, 28, 0, 661, 8151, 15.12, 145.00, 210, 14001, 4, 8
2026-09-07T14:19:20.6533719+07:00,2026/09/07 14:19:20.700, NVIDIA GeForce RTX 5060, 591.86, P8, 28, 0, 668, 8151, 8.63, 145.00, 210, 405, 1, 8
2026-09-07T14:19:25.7153696+07:00,2026/09/07 14:19:25.761, NVIDIA GeForce RTX 5060, 591.86, P8, 28, 0, 653, 8151, 8.59, 145.00, 210, 405, 1, 8
2026-09-07T14:19:30.8270188+07:00,2026/09/07 14:19:31.013, NVIDIA GeForce RTX 5060, 591.86, P5, 28, 0, 653, 8151, 9.45, 145.00, 210, 810, 2, 8
2026-09-07T14:19:36.0509214+07:00,2026/09/07 14:19:36.128, NVIDIA GeForce RTX 5060, 591.86, P8, 28, 0, 653, 8151, 8.50, 145.00, 210, 405, 1, 8
2026-09-07T14:19:41.1500404+07:00,2026/09/07 14:19:41.197, NVIDIA GeForce RTX 5060, 591.86, P8, 28, 0, 653, 8151, 8.43, 145.00, 210, 405, 1, 8
2026-09-07T14:19:46.2186643+07:00,2026/09/07 14:19:46.327, NVIDIA GeForce RTX 5060, 591.86, P8, 28, 0, 653, 8151, 8.57, 145.00, 210, 405, 1, 8
2026-09-07T14:19:51.3494876+07:00,2026/09/07 14:19:51.519, NVIDIA GeForce RTX 5060, 591.86, P8, 28, 0, 653, 8151, 8.56, 145.00, 210, 405, 1, 8
2026-09-07T14:19:56.5420599+07:00,2026/09/07 14:19:56.759, NVIDIA GeForce RTX 5060, 591.86, P1, 28, 0, 653, 8151, 14.88, 145.00, 210, 14001, 4, 8
2026-09-07T14:20:01.8276490+07:00,2026/09/07 14:20:02.106, NVIDIA GeForce RTX 5060, 591.86, P8, 28, 0, 653, 8151, 8.49, 145.00, 210, 405, 1, 8
2026-09-07T14:20:07.1750396+07:00,2026/09/07 14:20:07.377, NVIDIA GeForce RTX 5060, 591.86, P8, 28, 0, 653, 8151, 8.31, 145.00, 210, 405, 1, 8
2026-09-07T14:20:12.3985361+07:00,2026/09/07 14:20:12.600, NVIDIA GeForce RTX 5060, 591.86, P8, 28, 0, 653, 8151, 8.01, 145.00, 210, 405, 1, 8
2026-09-07T14:20:17.6379785+07:00,2026/09/07 14:20:17.715, NVIDIA GeForce RTX 5060, 591.86, P8, 28, 0, 663, 8151, 8.37, 145.00, 210, 405, 1, 8
2026-09-07T14:20:22.7687239+07:00,2026/09/07 14:20:22.892, NVIDIA GeForce RTX 5060, 591.86, P8, 28, 0, 655, 8151, 8.41, 145.00, 210, 405, 1, 8
2026-09-07T14:20:27.9461052+07:00,2026/09/07 14:20:28.116, NVIDIA GeForce RTX 5060, 591.86, P8, 28, 0, 655, 8151, 8.12, 145.00, 225, 405, 1, 8
2026-09-07T14:20:33.2316523+07:00,2026/09/07 14:20:33.371, NVIDIA GeForce RTX 5060, 591.86, P8, 28, 0, 655, 8151, 8.02, 145.00, 210, 405, 1, 8
2026-09-07T14:20:38.4402567+07:00,2026/09/07 14:20:38.595, NVIDIA GeForce RTX 5060, 591.86, P8, 28, 0, 655, 8151, 8.12, 145.00, 210, 405, 1, 8
2026-09-07T14:20:43.6332553+07:00,2026/09/07 14:20:43.819, NVIDIA GeForce RTX 5060, 591.86, P8, 28, 0, 655, 8151, 8.19, 145.00, 225, 405, 1, 8
2026-09-07T14:20:48.9345289+07:00,2026/09/07 14:20:49.043, NVIDIA GeForce RTX 5060, 591.86, P3, 28, 0, 655, 8151, 14.03, 145.00, 217, 7001, 2, 8
2026-09-07T14:20:54.0810769+07:00,2026/09/07 14:20:54.251, NVIDIA GeForce RTX 5060, 591.86, P8, 28, 0, 655, 8151, 8.15, 145.00, 210, 405, 1, 8
2026-09-07T14:20:59.2891610+07:00,2026/09/07 14:20:59.552, NVIDIA GeForce RTX 5060, 591.86, P8, 28, 0, 655, 8151, 8.39, 145.00, 210, 405, 1, 8
2026-09-07T14:21:04.6204528+07:00,2026/09/07 14:21:04.821, NVIDIA GeForce RTX 5060, 591.86, P8, 28, 0, 655, 8151, 8.27, 145.00, 210, 405, 1, 8
2026-09-07T14:21:09.8446255+07:00,2026/09/07 14:21:09.984, NVIDIA GeForce RTX 5060, 591.86, P8, 28, 0, 655, 8151, 8.25, 145.00, 210, 405, 1, 8
2026-09-07T14:21:15.0216380+07:00,2026/09/07 14:21:15.145, NVIDIA GeForce RTX 5060, 591.86, P8, 28, 0, 655, 8151, 8.34, 145.00, 210, 405, 1, 8
2026-09-07T14:21:20.1832206+07:00,2026/09/07 14:21:20.322, NVIDIA GeForce RTX 5060, 591.86, P8, 28, 0, 655, 8151, 8.15, 145.00, 210, 405, 1, 8
2026-09-07T14:21:25.3752451+07:00,2026/09/07 14:21:25.530, NVIDIA GeForce RTX 5060, 591.86, P8, 28, 0, 655, 8151, 8.11, 145.00, 210, 405, 1, 8
2026-09-07T14:21:30.5677994+07:00,2026/09/07 14:21:30.769, NVIDIA GeForce RTX 5060, 591.86, P8, 28, 0, 655, 8151, 8.23, 145.00, 210, 405, 1, 8
2026-09-07T14:21:35.8537582+07:00,2026/09/07 14:21:36.008, NVIDIA GeForce RTX 5060, 591.86, P8, 28, 0, 661, 8151, 8.26, 145.00, 210, 405, 1, 8
2026-09-07T14:21:41.0311057+07:00,2026/09/07 14:21:41.154, NVIDIA GeForce RTX 5060, 591.86, P8, 28, 0, 661, 8151, 8.28, 145.00, 210, 405, 1, 8
2026-09-07T14:21:46.1770726+07:00,2026/09/07 14:21:46.270, NVIDIA GeForce RTX 5060, 591.86, P8, 28, 0, 661, 8151, 8.26, 145.00, 210, 405, 1, 8
2026-09-07T14:21:51.3228157+07:00,2026/09/07 14:21:51.462, NVIDIA GeForce RTX 5060, 591.86, P8, 28, 0, 660, 8151, 8.18, 145.00, 210, 405, 1, 8
2026-09-07T14:21:56.5154060+07:00,2026/09/07 14:21:56.701, NVIDIA GeForce RTX 5060, 591.86, P1, 28, 0, 655, 8151, 11.98, 145.00, 210, 14001, 4, 8
2026-09-07T14:22:01.7234058+07:00,2026/09/07 14:22:01.940, NVIDIA GeForce RTX 5060, 591.86, P8, 28, 0, 663, 8151, 8.42, 145.00, 210, 405, 1, 8
2026-09-07T14:22:07.0396371+07:00,2026/09/07 14:22:07.132, NVIDIA GeForce RTX 5060, 591.86, P8, 28, 0, 663, 8151, 8.21, 145.00, 210, 405, 1, 8
2026-09-07T14:22:12.1698467+07:00,2026/09/07 14:22:12.324, NVIDIA GeForce RTX 5060, 591.86, P8, 28, 0, 663, 8151, 8.16, 145.00, 210, 405, 4, 8
2026-09-07T14:22:17.3780392+07:00,2026/09/07 14:22:17.517, NVIDIA GeForce RTX 5060, 591.86, P8, 28, 0, 660, 8151, 8.56, 145.00, 210, 405, 1, 8
2026-09-07T14:22:22.5706377+07:00,2026/09/07 14:22:22.710, NVIDIA GeForce RTX 5060, 591.86, P5, 28, 0, 656, 8151, 11.44, 145.00, 210, 810, 2, 8
2026-09-07T14:22:27.7936320+07:00,2026/09/07 14:22:27.995, NVIDIA GeForce RTX 5060, 591.86, P8, 28, 0, 656, 8151, 8.19, 145.00, 210, 405, 1, 8
2026-09-07T14:22:33.0486030+07:00,2026/09/07 14:22:33.203, NVIDIA GeForce RTX 5060, 591.86, P8, 28, 0, 655, 8151, 8.13, 145.00, 210, 405, 1, 8
2026-09-07T14:22:38.2722185+07:00,2026/09/07 14:22:38.334, NVIDIA GeForce RTX 5060, 591.86, P8, 28, 0, 655, 8151, 8.13, 145.00, 210, 405, 1, 8
2026-09-07T14:22:43.3561805+07:00,2026/09/07 14:22:43.449, NVIDIA GeForce RTX 5060, 591.86, P5, 28, 0, 655, 8151, 12.17, 145.00, 210, 810, 2, 8
2026-09-07T14:22:48.4862515+07:00,2026/09/07 14:22:48.563, NVIDIA GeForce RTX 5060, 591.86, P8, 28, 0, 655, 8151, 8.17, 145.00, 210, 405, 1, 8
2026-09-07T14:22:53.6624276+07:00,2026/09/07 14:22:53.724, NVIDIA GeForce RTX 5060, 591.86, P8, 28, 0, 655, 8151, 8.30, 145.00, 210, 405, 4, 8
2026-09-07T14:22:58.7620027+07:00,2026/09/07 14:22:58.808, NVIDIA GeForce RTX 5060, 591.86, P5, 28, 0, 655, 8151, 9.08, 145.00, 210, 810, 2, 8
2026-09-07T14:23:03.8463142+07:00,2026/09/07 14:23:03.939, NVIDIA GeForce RTX 5060, 591.86, P8, 28, 0, 655, 8151, 8.17, 145.00, 210, 405, 1, 8
2026-09-07T14:23:09.0078455+07:00,2026/09/07 14:23:09.162, NVIDIA GeForce RTX 5060, 591.86, P5, 28, 0, 655, 8151, 12.43, 145.00, 217, 810, 2, 8
2026-09-07T14:23:14.1849322+07:00,2026/09/07 14:23:14.262, NVIDIA GeForce RTX 5060, 591.86, P8, 28, 0, 655, 8151, 8.10, 145.00, 210, 405, 1, 8
2026-09-07T14:23:19.2834679+07:00,2026/09/07 14:23:19.360, NVIDIA GeForce RTX 5060, 591.86, P8, 28, 0, 655, 8151, 9.04, 145.00, 210, 405, 1, 8
2026-09-07T14:23:24.3802727+07:00,2026/09/07 14:23:24.488, NVIDIA GeForce RTX 5060, 591.86, P8, 28, 0, 655, 8151, 8.16, 145.00, 210, 405, 1, 8
2026-09-07T14:23:29.5102066+07:00,2026/09/07 14:23:29.618, NVIDIA GeForce RTX 5060, 591.86, P8, 28, 0, 655, 8151, 8.19, 145.00, 210, 405, 1, 8
2026-09-07T14:23:34.6381052+07:00,2026/09/07 14:23:34.730, NVIDIA GeForce RTX 5060, 591.86, P8, 28, 0, 655, 8151, 8.14, 145.00, 210, 405, 1, 8
2026-09-07T14:23:39.7912004+07:00,2026/09/07 14:23:39.853, NVIDIA GeForce RTX 5060, 591.86, P5, 28, 0, 655, 8151, 11.69, 145.00, 210, 810, 1, 8
2026-09-07T14:23:44.8726377+07:00,2026/09/07 14:23:45.043, NVIDIA GeForce RTX 5060, 591.86, P5, 28, 0, 655, 8151, 12.89, 145.00, 210, 810, 2, 8
2026-09-07T14:23:50.0633900+07:00,2026/09/07 14:23:50.171, NVIDIA GeForce RTX 5060, 591.86, P8, 28, 0, 655, 8151, 8.28, 145.00, 210, 405, 1, 8
2026-09-07T14:23:55.1898894+07:00,2026/09/07 14:23:55.267, NVIDIA GeForce RTX 5060, 591.86, P8, 28, 0, 655, 8151, 8.34, 145.00, 210, 405, 1, 8
2026-09-07T14:24:00.2879454+07:00,2026/09/07 14:24:00.380, NVIDIA GeForce RTX 5060, 591.86, P8, 28, 0, 655, 8151, 8.40, 145.00, 210, 405, 1, 8
2026-09-07T14:24:05.3981299+07:00,2026/09/07 14:24:05.460, NVIDIA GeForce RTX 5060, 591.86, P8, 28, 0, 655, 8151, 8.38, 145.00, 210, 405, 1, 8
2026-09-07T14:24:10.5271070+07:00,2026/09/07 14:24:10.651, NVIDIA GeForce RTX 5060, 591.86, P8, 28, 0, 655, 8151, 8.28, 145.00, 210, 405, 1, 8
2026-09-07T14:24:15.6726046+07:00,2026/09/07 14:24:15.750, NVIDIA GeForce RTX 5060, 591.86, P8, 28, 0, 655, 8151, 8.25, 145.00, 210, 405, 1, 8
2026-09-07T14:24:20.7718478+07:00,2026/09/07 14:24:20.834, NVIDIA GeForce RTX 5060, 591.86, P8, 28, 0, 655, 8151, 8.13, 145.00, 210, 405, 1, 8
2026-09-07T14:24:25.8705981+07:00,2026/09/07 14:24:25.963, NVIDIA GeForce RTX 5060, 591.86, P8, 28, 0, 655, 8151, 8.27, 145.00, 210, 405, 1, 8
2026-09-07T14:24:30.9843938+07:00,2026/09/07 14:24:31.123, NVIDIA GeForce RTX 5060, 591.86, P5, 28, 0, 655, 8151, 9.43, 145.00, 210, 810, 1, 8
2026-09-07T14:24:36.1595967+07:00,2026/09/07 14:24:36.237, NVIDIA GeForce RTX 5060, 591.86, P8, 28, 0, 655, 8151, 8.25, 145.00, 210, 405, 1, 8
2026-09-07T14:24:41.3044205+07:00,2026/09/07 14:24:41.381, NVIDIA GeForce RTX 5060, 591.86, P8, 28, 0, 655, 8151, 8.19, 145.00, 210, 405, 1, 8
2026-09-07T14:24:46.4025151+07:00,2026/09/07 14:24:46.557, NVIDIA GeForce RTX 5060, 591.86, P8, 28, 0, 655, 8151, 8.14, 145.00, 210, 405, 1, 8
2026-09-07T14:24:51.6088677+07:00,2026/09/07 14:24:51.794, NVIDIA GeForce RTX 5060, 591.86, P8, 28, 0, 655, 8151, 8.16, 145.00, 210, 405, 1, 8
2026-09-07T14:24:56.8305313+07:00,2026/09/07 14:24:56.893, NVIDIA GeForce RTX 5060, 591.86, P8, 28, 0, 655, 8151, 8.12, 145.00, 210, 405, 1, 8
2026-09-07T14:25:01.9284385+07:00,2026/09/07 14:25:01.975, NVIDIA GeForce RTX 5060, 591.86, P8, 28, 0, 663, 8151, 8.39, 145.00, 210, 405, 1, 8
2026-09-07T14:25:06.9961236+07:00,2026/09/07 14:25:07.042, NVIDIA GeForce RTX 5060, 591.86, P8, 28, 0, 663, 8151, 8.17, 145.00, 210, 405, 1, 8
2026-09-07T14:25:12.1241076+07:00,2026/09/07 14:25:12.201, NVIDIA GeForce RTX 5060, 591.86, P8, 28, 0, 663, 8151, 8.20, 145.00, 210, 405, 1, 8
2026-09-07T14:25:17.2236884+07:00,2026/09/07 14:25:17.316, NVIDIA GeForce RTX 5060, 591.86, P8, 28, 0, 660, 8151, 8.38, 145.00, 210, 405, 1, 8
2026-09-07T14:25:22.3321489+07:00,2026/09/07 14:25:22.393, NVIDIA GeForce RTX 5060, 591.86, P5, 28, 0, 656, 8151, 11.27, 145.00, 210, 810, 2, 8
2026-09-07T14:25:27.4227134+07:00,2026/09/07 14:25:27.500, NVIDIA GeForce RTX 5060, 591.86, P5, 28, 0, 655, 8151, 12.33, 145.00, 210, 810, 2, 8
2026-09-07T14:25:32.5171190+07:00,2026/09/07 14:25:32.579, NVIDIA GeForce RTX 5060, 591.86, P5, 28, 0, 655, 8151, 13.45, 145.00, 210, 810, 2, 8
2026-09-07T14:25:37.6167846+07:00,2026/09/07 14:25:37.663, NVIDIA GeForce RTX 5060, 591.86, P8, 28, 0, 655, 8151, 8.19, 145.00, 210, 405, 1, 8
2026-09-07T14:25:42.7293432+07:00,2026/09/07 14:25:42.806, NVIDIA GeForce RTX 5060, 591.86, P5, 28, 0, 655, 8151, 13.27, 145.00, 217, 810, 2, 8
2026-09-07T14:25:47.8277988+07:00,2026/09/07 14:25:47.889, NVIDIA GeForce RTX 5060, 591.86, P5, 28, 0, 655, 8151, 12.21, 145.00, 217, 810, 2, 8
2026-09-07T14:25:52.9110408+07:00,2026/09/07 14:25:53.035, NVIDIA GeForce RTX 5060, 591.86, P8, 28, 0, 655, 8151, 8.24, 145.00, 210, 405, 1, 8
2026-09-07T14:25:58.0558828+07:00,2026/09/07 14:25:58.117, NVIDIA GeForce RTX 5060, 591.86, P8, 28, 0, 655, 8151, 8.28, 145.00, 210, 405, 1, 8
2026-09-07T14:26:03.1387051+07:00,2026/09/07 14:26:03.247, NVIDIA GeForce RTX 5060, 591.86, P8, 28, 0, 655, 8151, 8.34, 145.00, 210, 405, 1, 8
2026-09-07T14:26:08.2688169+07:00,2026/09/07 14:26:08.315, NVIDIA GeForce RTX 5060, 591.86, P8, 28, 0, 655, 8151, 8.15, 145.00, 210, 405, 1, 8
2026-09-07T14:26:13.3836806+07:00,2026/09/07 14:26:13.492, NVIDIA GeForce RTX 5060, 591.86, P5, 28, 0, 655, 8151, 13.24, 145.00, 217, 810, 2, 8
2026-09-07T14:26:18.5137566+07:00,2026/09/07 14:26:18.560, NVIDIA GeForce RTX 5060, 591.86, P8, 28, 0, 655, 8151, 8.37, 145.00, 210, 405, 1, 8
2026-09-07T14:26:23.5823925+07:00,2026/09/07 14:26:23.675, NVIDIA GeForce RTX 5060, 591.86, P8, 28, 0, 655, 8151, 8.25, 145.00, 210, 405, 1, 8
2026-09-07T14:26:28.6823077+07:00,2026/09/07 14:26:28.759, NVIDIA GeForce RTX 5060, 591.86, P8, 28, 0, 655, 8151, 8.25, 145.00, 210, 405, 1, 8
2026-09-07T14:26:33.7812517+07:00,2026/09/07 14:26:33.858, NVIDIA GeForce RTX 5060, 591.86, P8, 28, 0, 655, 8151, 8.30, 145.00, 210, 405, 1, 8
2026-09-07T14:26:38.8807124+07:00,2026/09/07 14:26:38.911, NVIDIA GeForce RTX 5060, 591.86, P8, 28, 0, 655, 8151, 8.15, 145.00, 210, 405, 1, 8
2026-09-07T14:26:43.9802630+07:00,2026/09/07 14:26:44.026, NVIDIA GeForce RTX 5060, 591.86, P8, 28, 0, 655, 8151, 8.27, 145.00, 210, 405, 1, 8
2026-09-07T14:26:49.0457028+07:00,2026/09/07 14:26:49.092, NVIDIA GeForce RTX 5060, 591.86, P8, 28, 0, 655, 8151, 8.26, 145.00, 210, 405, 1, 8
2026-09-07T14:26:54.1128608+07:00,2026/09/07 14:26:54.159, NVIDIA GeForce RTX 5060, 591.86, P8, 28, 0, 655, 8151, 8.10, 145.00, 210, 405, 1, 8
2026-09-07T14:26:59.1771645+07:00,2026/09/07 14:26:59.223, NVIDIA GeForce RTX 5060, 591.86, P8, 28, 0, 655, 8151, 8.23, 145.00, 210, 405, 1, 8
2026-09-07T14:27:04.2439062+07:00,2026/09/07 14:27:04.290, NVIDIA GeForce RTX 5060, 591.86, P8, 28, 0, 655, 8151, 8.15, 145.00, 210, 405, 1, 8
2026-09-07T14:27:09.3117721+07:00,2026/09/07 14:27:09.358, NVIDIA GeForce RTX 5060, 591.86, P8, 28, 0, 655, 8151, 8.20, 145.00, 210, 405, 1, 8
2026-09-07T14:27:14.4112450+07:00,2026/09/07 14:27:14.473, NVIDIA GeForce RTX 5060, 591.86, P8, 27, 0, 655, 8151, 8.17, 145.00, 210, 405, 1, 8
2026-09-07T14:27:19.4953042+07:00,2026/09/07 14:27:19.557, NVIDIA GeForce RTX 5060, 591.86, P5, 28, 0, 655, 8151, 9.72, 145.00, 210, 810, 2, 8
2026-09-07T14:27:24.5787662+07:00,2026/09/07 14:27:24.640, NVIDIA GeForce RTX 5060, 591.86, P8, 28, 0, 655, 8151, 8.05, 145.00, 210, 405, 1, 8
2026-09-07T14:27:29.6611382+07:00,2026/09/07 14:27:29.707, NVIDIA GeForce RTX 5060, 591.86, P8, 28, 0, 655, 8151, 8.30, 145.00, 210, 405, 1, 8
2026-09-07T14:27:34.7288724+07:00,2026/09/07 14:27:34.883, NVIDIA GeForce RTX 5060, 591.86, P1, 28, 0, 655, 8151, 11.31, 145.00, 210, 14001, 4, 8
2026-09-07T14:27:39.9035676+07:00,2026/09/07 14:27:39.949, NVIDIA GeForce RTX 5060, 591.86, P8, 28, 0, 655, 8151, 8.14, 145.00, 210, 405, 1, 8
2026-09-07T14:27:45.0155583+07:00,2026/09/07 14:27:45.062, NVIDIA GeForce RTX 5060, 591.86, P5, 28, 0, 655, 8151, 10.97, 145.00, 210, 810, 2, 8
2026-09-07T14:27:50.1752436+07:00,2026/09/07 14:27:50.221, NVIDIA GeForce RTX 5060, 591.86, P8, 28, 0, 655, 8151, 8.17, 145.00, 210, 405, 1, 8
2026-09-07T14:27:55.2423958+07:00,2026/09/07 14:27:55.288, NVIDIA GeForce RTX 5060, 591.86, P5, 28, 0, 655, 8151, 12.86, 145.00, 217, 810, 2, 8
2026-09-07T14:28:00.3077246+07:00,2026/09/07 14:28:00.354, NVIDIA GeForce RTX 5060, 591.86, P8, 28, 0, 655, 8151, 8.25, 145.00, 210, 405, 1, 8
2026-09-07T14:28:05.3731351+07:00,2026/09/07 14:28:05.419, NVIDIA GeForce RTX 5060, 591.86, P8, 28, 2, 655, 8151, 8.81, 145.00, 435, 405, 1, 8
2026-09-07T14:28:10.4402669+07:00,2026/09/07 14:28:10.486, NVIDIA GeForce RTX 5060, 591.86, P8, 28, 0, 655, 8151, 8.28, 145.00, 210, 405, 1, 8
2026-09-07T14:28:15.5533028+07:00,2026/09/07 14:28:15.599, NVIDIA GeForce RTX 5060, 591.86, P8, 28, 0, 655, 8151, 8.35, 145.00, 210, 405, 1, 8
2026-09-07T14:28:20.6202188+07:00,2026/09/07 14:28:20.651, NVIDIA GeForce RTX 5060, 591.86, P8, 28, 0, 655, 8151, 8.04, 145.00, 210, 405, 1, 8
2026-09-07T14:28:25.6707722+07:00,2026/09/07 14:28:25.717, NVIDIA GeForce RTX 5060, 591.86, P8, 28, 0, 655, 8151, 8.42, 145.00, 210, 405, 1, 8
2026-09-07T14:28:30.7377285+07:00,2026/09/07 14:28:30.799, NVIDIA GeForce RTX 5060, 591.86, P8, 28, 0, 655, 8151, 8.24, 145.00, 210, 405, 1, 8
2026-09-07T14:28:35.8206860+07:00,2026/09/07 14:28:35.867, NVIDIA GeForce RTX 5060, 591.86, P8, 28, 0, 655, 8151, 8.25, 145.00, 210, 405, 1, 8
2026-09-07T14:28:40.8858628+07:00,2026/09/07 14:28:40.931, NVIDIA GeForce RTX 5060, 591.86, P8, 28, 0, 655, 8151, 8.45, 145.00, 210, 405, 1, 8
2026-09-07T14:28:45.9972583+07:00,2026/09/07 14:28:46.043, NVIDIA GeForce RTX 5060, 591.86, P8, 28, 0, 655, 8151, 8.22, 145.00, 210, 405, 1, 8
2026-09-07T14:28:51.0623837+07:00,2026/09/07 14:28:51.108, NVIDIA GeForce RTX 5060, 591.86, P5, 28, 0, 655, 8151, 10.05, 145.00, 232, 810, 2, 8
2026-09-07T14:28:56.1296539+07:00,2026/09/07 14:28:56.206, NVIDIA GeForce RTX 5060, 591.86, P8, 28, 0, 661, 8151, 8.61, 145.00, 210, 405, 1, 8
2026-09-07T14:29:01.2284299+07:00,2026/09/07 14:29:01.491, NVIDIA GeForce RTX 5060, 591.86, P0, 29, 0, 760, 8151, 22.94, 145.00, 2542, 14201, 4, 8
2026-09-07T14:29:06.5115618+07:00,2026/09/07 14:29:06.589, NVIDIA GeForce RTX 5060, 591.86, P8, 28, 1, 723, 8151, 8.80, 145.00, 255, 405, 1, 8
2026-09-07T14:29:11.6083139+07:00,2026/09/07 14:29:11.685, NVIDIA GeForce RTX 5060, 591.86, P8, 28, 1, 709, 8151, 8.57, 145.00, 232, 405, 1, 8
2026-09-07T14:29:16.7532556+07:00,2026/09/07 14:29:16.846, NVIDIA GeForce RTX 5060, 591.86, P0, 30, 3, 753, 8151, 23.69, 145.00, 2595, 14201, 4, 8
2026-09-07T14:29:21.8652474+07:00,2026/09/07 14:29:21.927, NVIDIA GeForce RTX 5060, 591.86, P0, 29, 0, 797, 8151, 23.75, 145.00, 2550, 14201, 4, 8
2026-09-07T14:29:26.9488144+07:00,2026/09/07 14:29:27.134, NVIDIA GeForce RTX 5060, 591.86, P5, 28, 0, 683, 8151, 10.81, 145.00, 435, 810, 2, 8
2026-09-07T14:29:32.1553692+07:00,2026/09/07 14:29:32.232, NVIDIA GeForce RTX 5060, 591.86, P0, 29, 0, 698, 8151, 15.64, 145.00, 2557, 14201, 4, 8
2026-09-07T14:29:37.2528623+07:00,2026/09/07 14:29:37.438, NVIDIA GeForce RTX 5060, 591.86, P5, 28, 0, 800, 8151, 11.98, 145.00, 262, 810, 2, 8
2026-09-07T14:29:42.5213327+07:00,2026/09/07 14:29:42.614, NVIDIA GeForce RTX 5060, 591.86, P8, 28, 0, 800, 8151, 8.93, 145.00, 210, 405, 1, 8
2026-09-07T14:29:47.6819871+07:00,2026/09/07 14:29:47.743, NVIDIA GeForce RTX 5060, 591.86, P8, 28, 0, 800, 8151, 8.93, 145.00, 412, 405, 1, 8
2026-09-07T14:29:52.7657377+07:00,2026/09/07 14:29:52.936, NVIDIA GeForce RTX 5060, 591.86, P8, 28, 0, 800, 8151, 9.01, 145.00, 210, 405, 1, 8
2026-09-07T14:29:57.9587505+07:00,2026/09/07 14:29:58.191, NVIDIA GeForce RTX 5060, 591.86, P8, 28, 1, 872, 8151, 8.62, 145.00, 210, 405, 4, 8
2026-09-07T14:30:03.2149747+07:00,2026/09/07 14:30:03.246, NVIDIA GeForce RTX 5060, 591.86, P0, 29, 0, 811, 8151, 14.83, 145.00, 2512, 14201, 4, 8
2026-09-07T14:30:08.2547299+07:00,2026/09/07 14:30:08.285, NVIDIA GeForce RTX 5060, 591.86, P8, 28, 0, 805, 8151, 10.07, 145.00, 262, 405, 1, 8
2026-09-07T14:30:13.3080651+07:00,2026/09/07 14:30:13.339, NVIDIA GeForce RTX 5060, 591.86, P0, 30, 0, 758, 8151, 23.25, 145.00, 2527, 14201, 4, 8
2026-09-07T14:30:18.4065182+07:00,2026/09/07 14:30:18.453, NVIDIA GeForce RTX 5060, 591.86, P8, 28, 1, 750, 8151, 9.34, 145.00, 262, 405, 1, 8
2026-09-07T14:30:23.4732055+07:00,2026/09/07 14:30:23.535, NVIDIA GeForce RTX 5060, 591.86, P8, 28, 0, 737, 8151, 9.70, 145.00, 405, 405, 1, 8
2026-09-07T14:30:28.5567748+07:00,2026/09/07 14:30:28.618, NVIDIA GeForce RTX 5060, 591.86, P8, 28, 0, 737, 8151, 8.93, 145.00, 232, 405, 1, 8
2026-09-07T14:30:33.6403469+07:00,2026/09/07 14:30:33.950, NVIDIA GeForce RTX 5060, 591.86, P8, 28, 2, 737, 8151, 10.09, 145.00, 495, 405, 1, 8
2026-09-07T14:30:39.0026484+07:00,2026/09/07 14:30:39.064, NVIDIA GeForce RTX 5060, 591.86, P8, 28, 4, 737, 8151, 10.24, 145.00, 637, 405, 1, 8
2026-09-07T14:30:44.0866603+07:00,2026/09/07 14:30:44.210, NVIDIA GeForce RTX 5060, 591.86, P8, 28, 2, 737, 8151, 10.32, 145.00, 487, 405, 1, 8
2026-09-07T14:30:49.2791266+07:00,2026/09/07 14:30:49.356, NVIDIA GeForce RTX 5060, 591.86, P8, 28, 3, 736, 8151, 10.44, 145.00, 502, 405, 1, 8
2026-09-07T14:30:54.3783445+07:00,2026/09/07 14:30:54.455, NVIDIA GeForce RTX 5060, 591.86, P8, 28, 2, 736, 8151, 10.38, 145.00, 502, 405, 1, 8
2026-09-07T14:30:59.4778583+07:00,2026/09/07 14:30:59.601, NVIDIA GeForce RTX 5060, 591.86, P8, 28, 2, 732, 8151, 10.45, 145.00, 510, 405, 1, 8
2026-09-07T14:31:04.6239317+07:00,2026/09/07 14:31:04.654, NVIDIA GeForce RTX 5060, 591.86, P8, 28, 3, 732, 8151, 10.42, 145.00, 532, 405, 1, 8
2026-09-07T14:31:09.6768937+07:00,2026/09/07 14:31:09.707, NVIDIA GeForce RTX 5060, 591.86, P8, 28, 3, 732, 8151, 10.44, 145.00, 517, 405, 1, 8
2026-09-07T14:31:14.7295005+07:00,2026/09/07 14:31:14.760, NVIDIA GeForce RTX 5060, 591.86, P8, 28, 2, 732, 8151, 10.27, 145.00, 487, 405, 1, 8
2026-09-07T14:31:19.8293934+07:00,2026/09/07 14:31:19.860, NVIDIA GeForce RTX 5060, 591.86, P8, 28, 3, 732, 8151, 10.26, 145.00, 517, 405, 1, 8
2026-09-07T14:31:24.8671001+07:00,2026/09/07 14:31:24.929, NVIDIA GeForce RTX 5060, 591.86, P8, 28, 3, 732, 8151, 10.35, 145.00, 487, 405, 1, 8
2026-09-07T14:31:29.9512196+07:00,2026/09/07 14:31:29.997, NVIDIA GeForce RTX 5060, 591.86, P8, 28, 2, 727, 8151, 10.31, 145.00, 502, 405, 1, 8
2026-09-07T14:31:35.0197873+07:00,2026/09/07 14:31:35.066, NVIDIA GeForce RTX 5060, 591.86, P8, 28, 3, 727, 8151, 10.29, 145.00, 525, 405, 1, 8
2026-09-07T14:31:40.1194872+07:00,2026/09/07 14:31:40.150, NVIDIA GeForce RTX 5060, 591.86, P8, 28, 3, 727, 8151, 10.28, 145.00, 510, 405, 1, 8
2026-09-07T14:31:45.1569958+07:00,2026/09/07 14:31:45.187, NVIDIA GeForce RTX 5060, 591.86, P8, 28, 3, 727, 8151, 10.23, 145.00, 502, 405, 1, 8
2026-09-07T14:31:50.2565275+07:00,2026/09/07 14:31:50.287, NVIDIA GeForce RTX 5060, 591.86, P8, 28, 3, 727, 8151, 10.40, 145.00, 502, 405, 1, 8
2026-09-07T14:31:55.2941275+07:00,2026/09/07 14:31:55.325, NVIDIA GeForce RTX 5060, 591.86, P8, 28, 3, 727, 8151, 10.23, 145.00, 502, 405, 1, 8
2026-09-07T14:32:00.3471260+07:00,2026/09/07 14:32:00.378, NVIDIA GeForce RTX 5060, 591.86, P8, 28, 0, 734, 8151, 9.11, 145.00, 232, 405, 1, 8
2026-09-07T14:32:05.4009138+07:00,2026/09/07 14:32:05.446, NVIDIA GeForce RTX 5060, 591.86, P8, 28, 0, 741, 8151, 8.78, 145.00, 232, 405, 1, 8
2026-09-07T14:32:10.4687403+07:00,2026/09/07 14:32:10.530, NVIDIA GeForce RTX 5060, 591.86, P8, 28, 1, 748, 8151, 8.51, 145.00, 240, 405, 1, 8
2026-09-07T14:32:15.5508236+07:00,2026/09/07 14:32:15.597, NVIDIA GeForce RTX 5060, 591.86, P8, 28, 0, 751, 8151, 9.33, 145.00, 292, 810, 1, 8
2026-09-07T14:32:20.6654799+07:00,2026/09/07 14:32:20.773, NVIDIA GeForce RTX 5060, 591.86, P5, 28, 0, 758, 8151, 9.37, 145.00, 420, 810, 2, 8
2026-09-07T14:32:25.7953621+07:00,2026/09/07 14:32:25.826, NVIDIA GeForce RTX 5060, 591.86, P1, 28, 0, 758, 8151, 12.26, 145.00, 225, 14001, 4, 8
2026-09-07T14:32:30.8470769+07:00,2026/09/07 14:32:30.909, NVIDIA GeForce RTX 5060, 591.86, P8, 28, 0, 765, 8151, 8.17, 145.00, 210, 405, 1, 8
2026-09-07T14:32:35.9310899+07:00,2026/09/07 14:32:35.993, NVIDIA GeForce RTX 5060, 591.86, P8, 28, 0, 765, 8151, 8.66, 145.00, 240, 405, 1, 8
2026-09-07T14:32:41.0131304+07:00,2026/09/07 14:32:41.059, NVIDIA GeForce RTX 5060, 591.86, P8, 28, 0, 776, 8151, 8.32, 145.00, 255, 405, 1, 8
2026-09-07T14:32:46.0803170+07:00,2026/09/07 14:32:46.111, NVIDIA GeForce RTX 5060, 591.86, P8, 28, 0, 776, 8151, 8.63, 145.00, 210, 405, 1, 8
2026-09-07T14:32:51.1799142+07:00,2026/09/07 14:32:51.241, NVIDIA GeForce RTX 5060, 591.86, P8, 28, 0, 776, 8151, 8.65, 145.00, 232, 405, 1, 8
2026-09-07T14:32:56.2608474+07:00,2026/09/07 14:32:56.307, NVIDIA GeForce RTX 5060, 591.86, P8, 28, 0, 776, 8151, 8.34, 145.00, 240, 405, 1, 8
2026-09-07T14:33:01.3288352+07:00,2026/09/07 14:33:01.359, NVIDIA GeForce RTX 5060, 591.86, P8, 28, 0, 776, 8151, 8.53, 145.00, 240, 405, 1, 8
2026-09-07T14:33:06.3663477+07:00,2026/09/07 14:33:06.412, NVIDIA GeForce RTX 5060, 591.86, P8, 28, 0, 786, 8151, 9.08, 145.00, 232, 405, 1, 8
2026-09-07T14:33:11.4332455+07:00,2026/09/07 14:33:11.480, NVIDIA GeForce RTX 5060, 591.86, P8, 28, 0, 793, 8151, 8.32, 145.00, 210, 405, 1, 8
2026-09-07T14:33:16.5006493+07:00,2026/09/07 14:33:16.578, NVIDIA GeForce RTX 5060, 591.86, P8, 28, 0, 793, 8151, 8.19, 145.00, 210, 405, 1, 8
2026-09-07T14:33:21.6453564+07:00,2026/09/07 14:33:21.785, NVIDIA GeForce RTX 5060, 591.86, P8, 28, 2, 793, 8151, 9.17, 145.00, 300, 405, 1, 8
2026-09-07T14:33:26.8071093+07:00,2026/09/07 14:33:26.838, NVIDIA GeForce RTX 5060, 591.86, P1, 28, 0, 793, 8151, 11.94, 145.00, 240, 14001, 4, 8
2026-09-07T14:33:31.8579356+07:00,2026/09/07 14:33:31.888, NVIDIA GeForce RTX 5060, 591.86, P3, 28, 0, 793, 8151, 12.85, 145.00, 1072, 7001, 2, 8
2026-09-07T14:33:36.9086160+07:00,2026/09/07 14:33:36.939, NVIDIA GeForce RTX 5060, 591.86, P1, 28, 0, 793, 8151, 15.18, 145.00, 210, 14001, 4, 8
2026-09-07T14:33:41.9462300+07:00,2026/09/07 14:33:41.977, NVIDIA GeForce RTX 5060, 591.86, P8, 28, 0, 793, 8151, 8.40, 145.00, 210, 405, 1, 8
2026-09-07T14:33:46.9992395+07:00,2026/09/07 14:33:47.030, NVIDIA GeForce RTX 5060, 591.86, P1, 28, 0, 793, 8151, 8.54, 145.00, 210, 405, 4, 8
2026-09-07T14:33:52.0982685+07:00,2026/09/07 14:33:52.145, NVIDIA GeForce RTX 5060, 591.86, P5, 28, 0, 800, 8151, 9.94, 145.00, 435, 810, 2, 8
2026-09-07T14:33:57.1636559+07:00,2026/09/07 14:33:57.194, NVIDIA GeForce RTX 5060, 591.86, P8, 28, 0, 800, 8151, 8.17, 145.00, 210, 405, 1, 8
2026-09-07T14:34:02.2154020+07:00,2026/09/07 14:34:02.261, NVIDIA GeForce RTX 5060, 591.86, P8, 28, 0, 800, 8151, 8.25, 145.00, 210, 405, 1, 8
2026-09-07T14:34:07.2839143+07:00,2026/09/07 14:34:07.330, NVIDIA GeForce RTX 5060, 591.86, P8, 28, 0, 800, 8151, 8.81, 145.00, 210, 405, 1, 8
2026-09-07T14:34:12.3834150+07:00,2026/09/07 14:34:12.414, NVIDIA GeForce RTX 5060, 591.86, P8, 28, 0, 800, 8151, 8.65, 145.00, 210, 405, 1, 8
2026-09-07T14:34:17.4209149+07:00,2026/09/07 14:34:17.467, NVIDIA GeForce RTX 5060, 591.86, P8, 28, 0, 800, 8151, 8.51, 145.00, 210, 405, 1, 8
2026-09-07T14:34:22.5482194+07:00,2026/09/07 14:34:22.595, NVIDIA GeForce RTX 5060, 591.86, P8, 28, 0, 807, 8151, 8.05, 145.00, 210, 405, 1, 8
2026-09-07T14:34:27.6151507+07:00,2026/09/07 14:34:27.662, NVIDIA GeForce RTX 5060, 591.86, P8, 28, 0, 807, 8151, 8.01, 145.00, 210, 405, 1, 8
2026-09-07T14:34:32.6836624+07:00,2026/09/07 14:34:32.839, NVIDIA GeForce RTX 5060, 591.86, P1, 28, 0, 807, 8151, 8.46, 145.00, 210, 405, 4, 8
2026-09-07T14:34:37.8761668+07:00,2026/09/07 14:34:38.046, NVIDIA GeForce RTX 5060, 591.86, P8, 28, 0, 807, 8151, 8.46, 145.00, 210, 405, 1, 8
2026-09-07T14:34:43.0842629+07:00,2026/09/07 14:34:43.115, NVIDIA GeForce RTX 5060, 591.86, P8, 28, 0, 807, 8151, 8.60, 145.00, 210, 405, 1, 8
2026-09-07T14:34:48.1364060+07:00,2026/09/07 14:34:48.167, NVIDIA GeForce RTX 5060, 591.86, P8, 28, 0, 766, 8151, 8.76, 145.00, 285, 405, 1, 8
2026-09-07T14:34:53.2353292+07:00,2026/09/07 14:34:53.266, NVIDIA GeForce RTX 5060, 591.86, P8, 28, 1, 729, 8151, 9.89, 145.00, 472, 405, 1, 8
2026-09-07T14:34:58.2883285+07:00,2026/09/07 14:34:58.319, NVIDIA GeForce RTX 5060, 591.86, P8, 28, 0, 729, 8151, 8.57, 145.00, 210, 405, 1, 8
2026-09-07T14:35:03.3258978+07:00,2026/09/07 14:35:03.356, NVIDIA GeForce RTX 5060, 591.86, P8, 28, 1, 729, 8151, 9.87, 145.00, 450, 405, 1, 8
2026-09-07T14:35:08.3788727+07:00,2026/09/07 14:35:08.409, NVIDIA GeForce RTX 5060, 591.86, P8, 28, 2, 729, 8151, 10.16, 145.00, 487, 405, 1, 8
2026-09-07T14:35:13.4317435+07:00,2026/09/07 14:35:13.462, NVIDIA GeForce RTX 5060, 591.86, P8, 28, 0, 729, 8151, 9.63, 145.00, 427, 405, 1, 8
2026-09-07T14:35:18.4848229+07:00,2026/09/07 14:35:18.515, NVIDIA GeForce RTX 5060, 591.86, P8, 28, 2, 729, 8151, 10.11, 145.00, 487, 405, 1, 8
2026-09-07T14:35:23.6000332+07:00,2026/09/07 14:35:23.631, NVIDIA GeForce RTX 5060, 591.86, P8, 28, 0, 729, 8151, 9.09, 145.00, 255, 405, 1, 8
2026-09-07T14:35:28.6527897+07:00,2026/09/07 14:35:28.714, NVIDIA GeForce RTX 5060, 591.86, P8, 28, 3, 729, 8151, 9.13, 145.00, 255, 405, 1, 8
2026-09-07T14:35:33.7358100+07:00,2026/09/07 14:35:33.829, NVIDIA GeForce RTX 5060, 591.86, P8, 28, 1, 729, 8151, 9.84, 145.00, 465, 405, 1, 8
2026-09-07T14:35:38.8470336+07:00,2026/09/07 14:35:38.894, NVIDIA GeForce RTX 5060, 591.86, P8, 28, 1, 729, 8151, 9.84, 145.00, 472, 405, 1, 8
2026-09-07T14:35:43.9124197+07:00,2026/09/07 14:35:43.958, NVIDIA GeForce RTX 5060, 591.86, P8, 28, 1, 726, 8151, 9.75, 145.00, 457, 405, 1, 8
2026-09-07T14:35:48.9746462+07:00,2026/09/07 14:35:49.005, NVIDIA GeForce RTX 5060, 591.86, P8, 28, 1, 733, 8151, 9.83, 145.00, 465, 405, 1, 8
2026-09-07T14:35:54.0677380+07:00,2026/09/07 14:35:54.098, NVIDIA GeForce RTX 5060, 591.86, P8, 28, 1, 735, 8151, 9.75, 145.00, 457, 405, 1, 8
2026-09-07T14:35:59.1188888+07:00,2026/09/07 14:35:59.165, NVIDIA GeForce RTX 5060, 591.86, P8, 28, 1, 735, 8151, 9.82, 145.00, 457, 405, 1, 8
2026-09-07T14:36:04.1859299+07:00,2026/09/07 14:36:04.232, NVIDIA GeForce RTX 5060, 591.86, P8, 28, 1, 732, 8151, 9.97, 145.00, 472, 405, 1, 8
2026-09-07T14:36:09.2490938+07:00,2026/09/07 14:36:09.295, NVIDIA GeForce RTX 5060, 591.86, P8, 28, 1, 727, 8151, 9.83, 145.00, 457, 405, 1, 8
2026-09-07T14:36:14.3128586+07:00,2026/09/07 14:36:14.343, NVIDIA GeForce RTX 5060, 591.86, P8, 28, 1, 727, 8151, 9.92, 145.00, 457, 405, 1, 8
2026-09-07T14:36:19.3598167+07:00,2026/09/07 14:36:19.406, NVIDIA GeForce RTX 5060, 591.86, P8, 28, 1, 727, 8151, 9.71, 145.00, 465, 405, 1, 8
2026-09-07T14:36:24.4728268+07:00,2026/09/07 14:36:24.519, NVIDIA GeForce RTX 5060, 591.86, P8, 28, 1, 727, 8151, 9.91, 145.00, 472, 405, 1, 8
2026-09-07T14:36:29.5407800+07:00,2026/09/07 14:36:29.602, NVIDIA GeForce RTX 5060, 591.86, P8, 28, 1, 727, 8151, 9.82, 145.00, 450, 405, 1, 8
2026-09-07T14:36:34.6232564+07:00,2026/09/07 14:36:34.685, NVIDIA GeForce RTX 5060, 591.86, P8, 28, 1, 727, 8151, 9.77, 145.00, 457, 405, 1, 8
2026-09-07T14:36:39.7048062+07:00,2026/09/07 14:36:39.735, NVIDIA GeForce RTX 5060, 591.86, P8, 28, 1, 727, 8151, 9.79, 145.00, 457, 405, 1, 8
2026-09-07T14:36:44.7574365+07:00,2026/09/07 14:36:44.788, NVIDIA GeForce RTX 5060, 591.86, P8, 28, 1, 727, 8151, 9.78, 145.00, 465, 405, 1, 8
2026-09-07T14:36:49.8084207+07:00,2026/09/07 14:36:49.839, NVIDIA GeForce RTX 5060, 591.86, P8, 28, 1, 727, 8151, 9.76, 145.00, 457, 405, 1, 8
2026-09-07T14:36:54.9071803+07:00,2026/09/07 14:36:54.938, NVIDIA GeForce RTX 5060, 591.86, P8, 28, 1, 727, 8151, 9.92, 145.00, 457, 405, 1, 8
2026-09-07T14:36:59.9585285+07:00,2026/09/07 14:36:59.989, NVIDIA GeForce RTX 5060, 591.86, P8, 28, 1, 727, 8151, 9.77, 145.00, 450, 405, 1, 8
2026-09-07T14:37:04.9964796+07:00,2026/09/07 14:37:05.027, NVIDIA GeForce RTX 5060, 591.86, P8, 28, 2, 734, 8151, 9.97, 145.00, 442, 405, 1, 8
2026-09-07T14:37:10.0462940+07:00,2026/09/07 14:37:10.077, NVIDIA GeForce RTX 5060, 591.86, P8, 28, 1, 734, 8151, 9.83, 145.00, 450, 405, 1, 8
2026-09-07T14:37:15.0969873+07:00,2026/09/07 14:37:15.127, NVIDIA GeForce RTX 5060, 591.86, P8, 28, 1, 734, 8151, 9.72, 145.00, 450, 405, 1, 8
2026-09-07T14:37:20.1468919+07:00,2026/09/07 14:37:20.177, NVIDIA GeForce RTX 5060, 591.86, P8, 28, 1, 732, 8151, 9.81, 145.00, 450, 405, 1, 8
2026-09-07T14:37:25.2448912+07:00,2026/09/07 14:37:25.275, NVIDIA GeForce RTX 5060, 591.86, P8, 28, 1, 727, 8151, 9.77, 145.00, 465, 405, 1, 8
2026-09-07T14:37:30.2946079+07:00,2026/09/07 14:37:30.325, NVIDIA GeForce RTX 5060, 591.86, P8, 28, 2, 727, 8151, 9.88, 145.00, 450, 405, 1, 8
2026-09-07T14:37:35.3454254+07:00,2026/09/07 14:37:35.376, NVIDIA GeForce RTX 5060, 591.86, P8, 28, 1, 727, 8151, 9.71, 145.00, 442, 405, 1, 8
2026-09-07T14:37:40.3958187+07:00,2026/09/07 14:37:40.488, NVIDIA GeForce RTX 5060, 591.86, P8, 28, 1, 727, 8151, 9.78, 145.00, 465, 405, 1, 8
2026-09-07T14:37:45.5074594+07:00,2026/09/07 14:37:45.538, NVIDIA GeForce RTX 5060, 591.86, P8, 28, 1, 727, 8151, 9.72, 145.00, 450, 405, 1, 8
2026-09-07T14:37:50.5564419+07:00,2026/09/07 14:37:50.587, NVIDIA GeForce RTX 5060, 591.86, P8, 28, 1, 727, 8151, 9.78, 145.00, 450, 405, 1, 8
2026-09-07T14:37:55.6537137+07:00,2026/09/07 14:37:55.684, NVIDIA GeForce RTX 5060, 591.86, P8, 28, 1, 727, 8151, 9.66, 145.00, 450, 405, 1, 8
2026-09-07T14:38:00.7027382+07:00,2026/09/07 14:38:00.733, NVIDIA GeForce RTX 5060, 591.86, P8, 28, 1, 727, 8151, 9.75, 145.00, 457, 405, 1, 8
2026-09-07T14:38:05.7550927+07:00,2026/09/07 14:38:05.786, NVIDIA GeForce RTX 5060, 591.86, P8, 28, 1, 727, 8151, 9.80, 145.00, 457, 405, 1, 8
2026-09-07T14:38:10.8075181+07:00,2026/09/07 14:38:10.838, NVIDIA GeForce RTX 5060, 591.86, P8, 28, 1, 727, 8151, 9.75, 145.00, 450, 405, 1, 8
2026-09-07T14:38:15.8600487+07:00,2026/09/07 14:38:15.891, NVIDIA GeForce RTX 5060, 591.86, P8, 28, 1, 727, 8151, 9.90, 145.00, 457, 405, 1, 8
2026-09-07T14:38:20.9124180+07:00,2026/09/07 14:38:20.943, NVIDIA GeForce RTX 5060, 591.86, P8, 28, 1, 727, 8151, 9.92, 145.00, 487, 405, 1, 8
2026-09-07T14:38:26.0096798+07:00,2026/09/07 14:38:26.040, NVIDIA GeForce RTX 5060, 591.86, P8, 28, 1, 727, 8151, 9.63, 145.00, 457, 405, 1, 8
2026-09-07T14:38:31.0600601+07:00,2026/09/07 14:38:31.091, NVIDIA GeForce RTX 5060, 591.86, P8, 28, 1, 727, 8151, 9.74, 145.00, 450, 405, 1, 8
2026-09-07T14:38:36.1124999+07:00,2026/09/07 14:38:36.143, NVIDIA GeForce RTX 5060, 591.86, P8, 28, 1, 727, 8151, 9.74, 145.00, 457, 405, 1, 8
2026-09-07T14:38:41.1640029+07:00,2026/09/07 14:38:41.195, NVIDIA GeForce RTX 5060, 591.86, P8, 28, 1, 727, 8151, 9.75, 145.00, 450, 405, 1, 8
2026-09-07T14:38:46.2141161+07:00,2026/09/07 14:38:46.245, NVIDIA GeForce RTX 5060, 591.86, P8, 28, 1, 727, 8151, 9.79, 145.00, 457, 405, 1, 8
2026-09-07T14:38:51.2527287+07:00,2026/09/07 14:38:51.299, NVIDIA GeForce RTX 5060, 591.86, P8, 28, 1, 727, 8151, 9.86, 145.00, 472, 405, 1, 8
2026-09-07T14:38:56.3657989+07:00,2026/09/07 14:38:56.427, NVIDIA GeForce RTX 5060, 591.86, P8, 28, 1, 727, 8151, 9.78, 145.00, 450, 405, 1, 8
2026-09-07T14:39:01.4481766+07:00,2026/09/07 14:39:01.494, NVIDIA GeForce RTX 5060, 591.86, P8, 28, 1, 727, 8151, 9.82, 145.00, 472, 405, 1, 8
2026-09-07T14:39:06.5159679+07:00,2026/09/07 14:39:06.562, NVIDIA GeForce RTX 5060, 591.86, P8, 28, 1, 727, 8151, 9.90, 145.00, 450, 405, 1, 8
2026-09-07T14:39:11.5696538+07:00,2026/09/07 14:39:11.600, NVIDIA GeForce RTX 5060, 591.86, P8, 28, 1, 727, 8151, 9.94, 145.00, 450, 405, 1, 8
2026-09-07T14:39:16.6182583+07:00,2026/09/07 14:39:16.649, NVIDIA GeForce RTX 5060, 591.86, P8, 28, 1, 727, 8151, 9.91, 145.00, 465, 405, 1, 8
2026-09-07T14:39:21.6671435+07:00,2026/09/07 14:39:21.713, NVIDIA GeForce RTX 5060, 591.86, P8, 28, 1, 727, 8151, 9.84, 145.00, 457, 405, 1, 8
2026-09-07T14:39:26.7761257+07:00,2026/09/07 14:39:26.822, NVIDIA GeForce RTX 5060, 591.86, P8, 28, 1, 729, 8151, 9.91, 145.00, 450, 405, 1, 8
2026-09-07T14:39:31.8379047+07:00,2026/09/07 14:39:31.884, NVIDIA GeForce RTX 5060, 591.86, P8, 28, 1, 723, 8151, 9.83, 145.00, 472, 405, 1, 8
2026-09-07T14:39:36.8996132+07:00,2026/09/07 14:39:36.930, NVIDIA GeForce RTX 5060, 591.86, P8, 28, 1, 723, 8151, 9.86, 145.00, 457, 405, 1, 8
2026-09-07T14:39:41.9474189+07:00,2026/09/07 14:39:41.978, NVIDIA GeForce RTX 5060, 591.86, P8, 28, 1, 726, 8151, 10.01, 145.00, 472, 405, 1, 8
2026-09-07T14:39:46.9932361+07:00,2026/09/07 14:39:47.024, NVIDIA GeForce RTX 5060, 591.86, P8, 28, 1, 716, 8151, 9.90, 145.00, 457, 405, 1, 8
2026-09-07T14:39:52.0435634+07:00,2026/09/07 14:39:52.090, NVIDIA GeForce RTX 5060, 591.86, P8, 28, 1, 696, 8151, 9.84, 145.00, 457, 405, 1, 8
2026-09-07T14:39:57.1527047+07:00,2026/09/07 14:39:57.183, NVIDIA GeForce RTX 5060, 591.86, P8, 28, 1, 686, 8151, 9.83, 145.00, 450, 405, 1, 8
2026-09-07T14:40:02.1992345+07:00,2026/09/07 14:40:02.245, NVIDIA GeForce RTX 5060, 591.86, P8, 28, 1, 686, 8151, 9.90, 145.00, 442, 405, 1, 8
2026-09-07T14:40:07.2589539+07:00,2026/09/07 14:40:07.305, NVIDIA GeForce RTX 5060, 591.86, P8, 28, 1, 686, 8151, 9.73, 145.00, 457, 405, 1, 8
2026-09-07T14:40:12.3218596+07:00,2026/09/07 14:40:12.352, NVIDIA GeForce RTX 5060, 591.86, P8, 28, 1, 686, 8151, 9.78, 145.00, 450, 405, 1, 8
2026-09-07T14:40:17.3692156+07:00,2026/09/07 14:40:17.400, NVIDIA GeForce RTX 5060, 591.86, P8, 28, 1, 686, 8151, 9.79, 145.00, 450, 405, 1, 8
2026-09-07T14:40:22.4164994+07:00,2026/09/07 14:40:22.447, NVIDIA GeForce RTX 5060, 591.86, P8, 28, 1, 693, 8151, 9.75, 145.00, 442, 405, 1, 8
2026-09-07T14:40:27.5085419+07:00,2026/09/07 14:40:27.570, NVIDIA GeForce RTX 5060, 591.86, P8, 28, 1, 692, 8151, 9.55, 145.00, 457, 405, 1, 8
2026-09-07T14:40:32.5847886+07:00,2026/09/07 14:40:32.615, NVIDIA GeForce RTX 5060, 591.86, P8, 28, 1, 692, 8151, 9.67, 145.00, 465, 405, 1, 8
2026-09-07T14:40:37.6314811+07:00,2026/09/07 14:40:37.677, NVIDIA GeForce RTX 5060, 591.86, P8, 28, 1, 690, 8151, 9.73, 145.00, 465, 405, 1, 8
2026-09-07T14:40:42.6925360+07:00,2026/09/07 14:40:42.723, NVIDIA GeForce RTX 5060, 591.86, P8, 28, 1, 685, 8151, 9.84, 145.00, 457, 405, 1, 8
2026-09-07T14:40:47.7407834+07:00,2026/09/07 14:40:47.771, NVIDIA GeForce RTX 5060, 591.86, P8, 28, 1, 685, 8151, 9.74, 145.00, 472, 405, 1, 8
2026-09-07T14:40:52.7879628+07:00,2026/09/07 14:40:52.834, NVIDIA GeForce RTX 5060, 591.86, P8, 28, 1, 685, 8151, 9.71, 145.00, 465, 405, 1, 8
2026-09-07T14:40:57.9106141+07:00,2026/09/07 14:40:57.972, NVIDIA GeForce RTX 5060, 591.86, P8, 28, 1, 685, 8151, 9.80, 145.00, 465, 405, 1, 8
2026-09-07T14:41:02.9885763+07:00,2026/09/07 14:41:03.019, NVIDIA GeForce RTX 5060, 591.86, P8, 28, 1, 685, 8151, 9.74, 145.00, 457, 405, 1, 8
2026-09-07T14:41:08.0374103+07:00,2026/09/07 14:41:08.083, NVIDIA GeForce RTX 5060, 591.86, P8, 28, 1, 685, 8151, 9.70, 145.00, 457, 405, 1, 8
2026-09-07T14:41:13.0999592+07:00,2026/09/07 14:41:13.130, NVIDIA GeForce RTX 5060, 591.86, P8, 28, 1, 685, 8151, 9.75, 145.00, 480, 405, 1, 8
2026-09-07T14:41:18.1462934+07:00,2026/09/07 14:41:18.192, NVIDIA GeForce RTX 5060, 591.86, P8, 28, 1, 685, 8151, 9.80, 145.00, 465, 405, 1, 8
2026-09-07T14:41:23.2087204+07:00,2026/09/07 14:41:23.239, NVIDIA GeForce RTX 5060, 591.86, P8, 28, 2, 685, 8151, 9.64, 145.00, 427, 405, 1, 8
2026-09-07T14:41:28.3002874+07:00,2026/09/07 14:41:28.331, NVIDIA GeForce RTX 5060, 591.86, P8, 28, 1, 685, 8151, 9.75, 145.00, 450, 405, 1, 8
2026-09-07T14:41:33.3440445+07:00,2026/09/07 14:41:33.390, NVIDIA GeForce RTX 5060, 591.86, P8, 28, 1, 685, 8151, 9.67, 145.00, 465, 405, 1, 8
2026-09-07T14:41:38.4059145+07:00,2026/09/07 14:41:38.436, NVIDIA GeForce RTX 5060, 591.86, P8, 28, 1, 685, 8151, 9.73, 145.00, 472, 405, 1, 8
2026-09-07T14:41:43.4553705+07:00,2026/09/07 14:41:43.501, NVIDIA GeForce RTX 5060, 591.86, P8, 28, 1, 685, 8151, 9.61, 145.00, 457, 405, 1, 8
2026-09-07T14:41:48.5190200+07:00,2026/09/07 14:41:48.565, NVIDIA GeForce RTX 5060, 591.86, P8, 28, 2, 685, 8151, 9.63, 145.00, 487, 405, 1, 8
2026-09-07T14:41:53.5820578+07:00,2026/09/07 14:41:53.628, NVIDIA GeForce RTX 5060, 591.86, P8, 28, 1, 685, 8151, 9.67, 145.00, 435, 405, 1, 8
2026-09-07T14:41:58.6904851+07:00,2026/09/07 14:41:58.737, NVIDIA GeForce RTX 5060, 591.86, P8, 28, 1, 685, 8151, 9.67, 145.00, 450, 405, 1, 8
2026-09-07T14:42:03.7539620+07:00,2026/09/07 14:42:03.784, NVIDIA GeForce RTX 5060, 591.86, P8, 28, 1, 685, 8151, 9.63, 145.00, 457, 405, 1, 8
2026-09-07T14:42:08.7994100+07:00,2026/09/07 14:42:08.876, NVIDIA GeForce RTX 5060, 591.86, P8, 28, 1, 685, 8151, 9.89, 145.00, 487, 405, 1, 8
2026-09-07T14:42:13.8925364+07:00,2026/09/07 14:42:13.939, NVIDIA GeForce RTX 5060, 591.86, P8, 28, 1, 685, 8151, 9.65, 145.00, 450, 405, 1, 8
2026-09-07T14:42:18.9556126+07:00,2026/09/07 14:42:19.002, NVIDIA GeForce RTX 5060, 591.86, P8, 28, 1, 685, 8151, 9.62, 145.00, 442, 405, 1, 8
2026-09-07T14:42:24.0206187+07:00,2026/09/07 14:42:24.067, NVIDIA GeForce RTX 5060, 591.86, P8, 28, 1, 685, 8151, 9.59, 145.00, 457, 405, 1, 8
2026-09-07T14:42:29.1327651+07:00,2026/09/07 14:42:29.163, NVIDIA GeForce RTX 5060, 591.86, P8, 28, 1, 685, 8151, 9.68, 145.00, 405, 405, 1, 8
2026-09-07T14:42:34.1802732+07:00,2026/09/07 14:42:34.226, NVIDIA GeForce RTX 5060, 591.86, P8, 28, 1, 685, 8151, 9.70, 145.00, 442, 405, 1, 8
2026-09-07T14:42:39.2457046+07:00,2026/09/07 14:42:39.276, NVIDIA GeForce RTX 5060, 591.86, P8, 28, 1, 685, 8151, 9.63, 145.00, 457, 405, 1, 8
2026-09-07T14:42:44.2934485+07:00,2026/09/07 14:42:44.339, NVIDIA GeForce RTX 5060, 591.86, P8, 28, 1, 686, 8151, 9.90, 145.00, 450, 405, 1, 8
2026-09-07T14:42:49.3592028+07:00,2026/09/07 14:42:49.421, NVIDIA GeForce RTX 5060, 591.86, P8, 28, 1, 686, 8151, 9.65, 145.00, 450, 405, 1, 8
2026-09-07T14:42:54.4408263+07:00,2026/09/07 14:42:54.502, NVIDIA GeForce RTX 5060, 591.86, P8, 28, 2, 688, 8151, 9.84, 145.00, 465, 405, 1, 8
2026-09-07T14:42:59.5699894+07:00,2026/09/07 14:42:59.600, NVIDIA GeForce RTX 5060, 591.86, P8, 28, 1, 681, 8151, 9.70, 145.00, 442, 405, 1, 8
2026-09-07T14:43:04.6195703+07:00,2026/09/07 14:43:04.650, NVIDIA GeForce RTX 5060, 591.86, P8, 28, 1, 681, 8151, 9.61, 145.00, 450, 405, 1, 8
2026-09-07T14:43:09.6684310+07:00,2026/09/07 14:43:09.730, NVIDIA GeForce RTX 5060, 591.86, P8, 28, 1, 681, 8151, 9.72, 145.00, 465, 405, 1, 8
2026-09-07T14:43:14.7504692+07:00,2026/09/07 14:43:14.828, NVIDIA GeForce RTX 5060, 591.86, P8, 28, 1, 676, 8151, 9.74, 145.00, 457, 405, 1, 8
2026-09-07T14:43:19.8469637+07:00,2026/09/07 14:43:19.908, NVIDIA GeForce RTX 5060, 591.86, P8, 28, 1, 676, 8151, 9.85, 145.00, 450, 405, 1, 8
2026-09-07T14:43:24.9268786+07:00,2026/09/07 14:43:24.957, NVIDIA GeForce RTX 5060, 591.86, P8, 28, 1, 676, 8151, 9.74, 145.00, 450, 405, 1, 8
2026-09-07T14:43:30.0231195+07:00,2026/09/07 14:43:30.085, NVIDIA GeForce RTX 5060, 591.86, P8, 28, 1, 676, 8151, 9.70, 145.00, 457, 405, 1, 8
2026-09-07T14:43:35.1026224+07:00,2026/09/07 14:43:35.133, NVIDIA GeForce RTX 5060, 591.86, P8, 28, 1, 676, 8151, 9.77, 145.00, 450, 405, 1, 8
2026-09-07T14:43:40.1526976+07:00,2026/09/07 14:43:40.183, NVIDIA GeForce RTX 5060, 591.86, P8, 28, 1, 676, 8151, 9.74, 145.00, 450, 405, 1, 8
2026-09-07T14:43:45.2023663+07:00,2026/09/07 14:43:45.248, NVIDIA GeForce RTX 5060, 591.86, P8, 28, 1, 676, 8151, 9.74, 145.00, 457, 405, 1, 8
2026-09-07T14:43:50.2557990+07:00,2026/09/07 14:43:50.286, NVIDIA GeForce RTX 5060, 591.86, P8, 28, 1, 676, 8151, 9.80, 145.00, 435, 405, 1, 8
2026-09-07T14:43:55.3067385+07:00,2026/09/07 14:43:55.337, NVIDIA GeForce RTX 5060, 591.86, P8, 28, 1, 676, 8151, 9.67, 145.00, 457, 405, 1, 8
2026-09-07T14:44:00.4049214+07:00,2026/09/07 14:44:00.482, NVIDIA GeForce RTX 5060, 591.86, P8, 28, 1, 676, 8151, 9.86, 145.00, 472, 405, 1, 8
2026-09-07T14:44:05.5029655+07:00,2026/09/07 14:44:05.533, NVIDIA GeForce RTX 5060, 591.86, P8, 28, 1, 676, 8151, 9.82, 145.00, 442, 405, 1, 8
2026-09-07T14:44:10.5518448+07:00,2026/09/07 14:44:10.582, NVIDIA GeForce RTX 5060, 591.86, P8, 28, 1, 676, 8151, 9.88, 145.00, 457, 405, 1, 8
2026-09-07T14:44:15.6020602+07:00,2026/09/07 14:44:15.664, NVIDIA GeForce RTX 5060, 591.86, P8, 28, 1, 676, 8151, 9.90, 145.00, 450, 405, 1, 8
2026-09-07T14:44:20.6841518+07:00,2026/09/07 14:44:20.715, NVIDIA GeForce RTX 5060, 591.86, P8, 28, 1, 676, 8151, 10.09, 145.00, 450, 405, 1, 8
2026-09-07T14:44:25.7365627+07:00,2026/09/07 14:44:25.814, NVIDIA GeForce RTX 5060, 591.86, P8, 28, 1, 676, 8151, 9.97, 145.00, 442, 405, 1, 8
2026-09-07T14:44:30.8683321+07:00,2026/09/07 14:44:30.929, NVIDIA GeForce RTX 5060, 591.86, P8, 28, 1, 676, 8151, 9.83, 145.00, 442, 405, 1, 8
2026-09-07T14:44:35.9515296+07:00,2026/09/07 14:44:35.998, NVIDIA GeForce RTX 5060, 591.86, P8, 28, 1, 676, 8151, 10.09, 145.00, 487, 405, 1, 8
2026-09-07T14:44:41.0051748+07:00,2026/09/07 14:44:41.051, NVIDIA GeForce RTX 5060, 591.86, P8, 28, 1, 676, 8151, 9.93, 145.00, 450, 405, 1, 8
2026-09-07T14:44:46.0678502+07:00,2026/09/07 14:44:46.145, NVIDIA GeForce RTX 5060, 591.86, P8, 28, 1, 676, 8151, 9.81, 145.00, 457, 405, 1, 8
2026-09-07T14:44:51.1604447+07:00,2026/09/07 14:44:51.206, NVIDIA GeForce RTX 5060, 591.86, P8, 28, 1, 676, 8151, 9.85, 145.00, 457, 405, 1, 8
2026-09-07T14:44:56.2209070+07:00,2026/09/07 14:44:56.251, NVIDIA GeForce RTX 5060, 591.86, P8, 28, 1, 676, 8151, 9.80, 145.00, 457, 405, 1, 8
2026-09-07T14:45:01.3098508+07:00,2026/09/07 14:45:01.340, NVIDIA GeForce RTX 5060, 591.86, P8, 28, 1, 676, 8151, 9.91, 145.00, 472, 405, 1, 8
2026-09-07T14:45:06.3532809+07:00,2026/09/07 14:45:06.384, NVIDIA GeForce RTX 5060, 591.86, P8, 28, 1, 676, 8151, 9.82, 145.00, 457, 405, 1, 8
2026-09-07T14:45:11.4015996+07:00,2026/09/07 14:45:11.432, NVIDIA GeForce RTX 5060, 591.86, P8, 28, 1, 676, 8151, 9.86, 145.00, 457, 405, 1, 8
2026-09-07T14:45:16.4487108+07:00,2026/09/07 14:45:16.479, NVIDIA GeForce RTX 5060, 591.86, P8, 28, 1, 670, 8151, 9.87, 145.00, 457, 405, 1, 8
2026-09-07T14:45:21.4913785+07:00,2026/09/07 14:45:21.522, NVIDIA GeForce RTX 5060, 591.86, P8, 28, 1, 670, 8151, 9.97, 145.00, 450, 405, 1, 8
2026-09-07T14:45:26.5364692+07:00,2026/09/07 14:45:26.582, NVIDIA GeForce RTX 5060, 591.86, P8, 28, 1, 670, 8151, 10.01, 145.00, 472, 405, 1, 8
2026-09-07T14:45:31.6538634+07:00,2026/09/07 14:45:31.684, NVIDIA GeForce RTX 5060, 591.86, P8, 28, 1, 670, 8151, 9.90, 145.00, 465, 405, 1, 8
2026-09-07T14:45:36.6953311+07:00,2026/09/07 14:45:36.741, NVIDIA GeForce RTX 5060, 591.86, P8, 28, 1, 670, 8151, 10.01, 145.00, 457, 405, 1, 8
2026-09-07T14:45:41.7564398+07:00,2026/09/07 14:45:41.818, NVIDIA GeForce RTX 5060, 591.86, P8, 28, 1, 670, 8151, 9.94, 145.00, 480, 405, 1, 8
2026-09-07T14:45:46.8317859+07:00,2026/09/07 14:45:46.878, NVIDIA GeForce RTX 5060, 591.86, P8, 28, 1, 663, 8151, 9.98, 145.00, 465, 405, 1, 8
2026-09-07T14:45:51.8935281+07:00,2026/09/07 14:45:51.940, NVIDIA GeForce RTX 5060, 591.86, P8, 28, 1, 663, 8151, 10.17, 145.00, 487, 405, 1, 8
2026-09-07T14:45:56.9531667+07:00,2026/09/07 14:45:56.999, NVIDIA GeForce RTX 5060, 591.86, P8, 28, 1, 663, 8151, 10.14, 145.00, 495, 405, 1, 8
2026-09-07T14:46:02.0616828+07:00,2026/09/07 14:46:02.123, NVIDIA GeForce RTX 5060, 591.86, P8, 28, 1, 663, 8151, 9.96, 145.00, 457, 405, 1, 8
2026-09-07T14:46:07.1367794+07:00,2026/09/07 14:46:07.167, NVIDIA GeForce RTX 5060, 591.86, P8, 28, 1, 663, 8151, 9.99, 145.00, 457, 405, 1, 8
2026-09-07T14:46:12.1809063+07:00,2026/09/07 14:46:12.226, NVIDIA GeForce RTX 5060, 591.86, P8, 28, 1, 663, 8151, 10.00, 145.00, 472, 405, 1, 8
2026-09-07T14:46:17.2404011+07:00,2026/09/07 14:46:17.286, NVIDIA GeForce RTX 5060, 591.86, P8, 28, 1, 663, 8151, 9.98, 145.00, 480, 405, 1, 8
2026-09-07T14:46:22.3022691+07:00,2026/09/07 14:46:22.333, NVIDIA GeForce RTX 5060, 591.86, P8, 28, 1, 663, 8151, 10.00, 145.00, 480, 405, 1, 8
2026-09-07T14:46:27.3475433+07:00,2026/09/07 14:46:27.378, NVIDIA GeForce RTX 5060, 591.86, P8, 28, 1, 663, 8151, 9.83, 145.00, 472, 405, 1, 8
2026-09-07T14:46:32.4389754+07:00,2026/09/07 14:46:32.469, NVIDIA GeForce RTX 5060, 591.86, P8, 28, 1, 663, 8151, 9.83, 145.00, 472, 405, 1, 8
2026-09-07T14:46:37.4840577+07:00,2026/09/07 14:46:37.530, NVIDIA GeForce RTX 5060, 591.86, P8, 28, 1, 666, 8151, 10.01, 145.00, 472, 405, 1, 8
2026-09-07T14:46:42.5447558+07:00,2026/09/07 14:46:42.575, NVIDIA GeForce RTX 5060, 591.86, P8, 28, 1, 663, 8151, 9.87, 145.00, 465, 405, 1, 8
2026-09-07T14:46:47.5912704+07:00,2026/09/07 14:46:47.637, NVIDIA GeForce RTX 5060, 591.86, P8, 28, 1, 666, 8151, 10.14, 145.00, 480, 405, 1, 8
2026-09-07T14:46:52.6553388+07:00,2026/09/07 14:46:52.686, NVIDIA GeForce RTX 5060, 591.86, P8, 28, 1, 663, 8151, 9.99, 145.00, 465, 405, 1, 8
2026-09-07T14:46:57.7032242+07:00,2026/09/07 14:46:57.734, NVIDIA GeForce RTX 5060, 591.86, P8, 28, 2, 663, 8151, 10.01, 145.00, 450, 405, 1, 8
2026-09-07T14:47:02.7951115+07:00,2026/09/07 14:47:02.826, NVIDIA GeForce RTX 5060, 591.86, P8, 28, 1, 663, 8151, 9.96, 145.00, 450, 405, 1, 8
2026-09-07T14:47:07.8415164+07:00,2026/09/07 14:47:07.872, NVIDIA GeForce RTX 5060, 591.86, P8, 28, 1, 663, 8151, 10.05, 145.00, 450, 405, 1, 8
2026-09-07T14:47:12.8879890+07:00,2026/09/07 14:47:12.919, NVIDIA GeForce RTX 5060, 591.86, P8, 28, 1, 663, 8151, 10.18, 145.00, 487, 405, 1, 8
2026-09-07T14:47:17.9360691+07:00,2026/09/07 14:47:17.967, NVIDIA GeForce RTX 5060, 591.86, P8, 28, 1, 663, 8151, 10.08, 145.00, 472, 405, 1, 8
2026-09-07T14:47:22.9834138+07:00,2026/09/07 14:47:23.014, NVIDIA GeForce RTX 5060, 591.86, P8, 28, 2, 663, 8151, 9.89, 145.00, 465, 405, 1, 8
2026-09-07T14:47:28.0308552+07:00,2026/09/07 14:47:28.076, NVIDIA GeForce RTX 5060, 591.86, P8, 28, 1, 663, 8151, 9.90, 145.00, 457, 405, 1, 8
2026-09-07T14:47:33.1395119+07:00,2026/09/07 14:47:33.170, NVIDIA GeForce RTX 5060, 591.86, P8, 28, 1, 663, 8151, 9.93, 145.00, 465, 405, 1, 8
2026-09-07T14:47:38.1865390+07:00,2026/09/07 14:47:38.217, NVIDIA GeForce RTX 5060, 591.86, P8, 28, 1, 663, 8151, 9.96, 145.00, 457, 405, 1, 8
2026-09-07T14:47:43.2330267+07:00,2026/09/07 14:47:43.264, NVIDIA GeForce RTX 5060, 591.86, P8, 28, 1, 663, 8151, 9.86, 145.00, 442, 405, 1, 8
2026-09-07T14:47:48.2777173+07:00,2026/09/07 14:47:48.324, NVIDIA GeForce RTX 5060, 591.86, P8, 28, 1, 663, 8151, 9.90, 145.00, 457, 405, 1, 8
2026-09-07T14:47:53.3413640+07:00,2026/09/07 14:47:53.372, NVIDIA GeForce RTX 5060, 591.86, P8, 28, 1, 663, 8151, 9.93, 145.00, 457, 405, 1, 8
2026-09-07T14:47:58.3896424+07:00,2026/09/07 14:47:58.436, NVIDIA GeForce RTX 5060, 591.86, P8, 28, 1, 663, 8151, 9.90, 145.00, 457, 405, 1, 8
2026-09-07T14:48:03.5010897+07:00,2026/09/07 14:48:03.532, NVIDIA GeForce RTX 5060, 591.86, P8, 28, 1, 663, 8151, 9.84, 145.00, 457, 405, 1, 8
2026-09-07T14:48:08.5510503+07:00,2026/09/07 14:48:08.582, NVIDIA GeForce RTX 5060, 591.86, P8, 28, 1, 663, 8151, 9.97, 145.00, 465, 405, 1, 8
2026-09-07T14:48:13.6021366+07:00,2026/09/07 14:48:13.648, NVIDIA GeForce RTX 5060, 591.86, P8, 28, 1, 663, 8151, 9.86, 145.00, 435, 405, 1, 8
2026-09-07T14:48:18.6658945+07:00,2026/09/07 14:48:18.712, NVIDIA GeForce RTX 5060, 591.86, P8, 28, 1, 663, 8151, 9.91, 145.00, 450, 405, 1, 8
2026-09-07T14:48:23.7302454+07:00,2026/09/07 14:48:23.776, NVIDIA GeForce RTX 5060, 591.86, P8, 28, 1, 663, 8151, 9.78, 145.00, 465, 405, 1, 8
2026-09-07T14:48:28.7919613+07:00,2026/09/07 14:48:28.838, NVIDIA GeForce RTX 5060, 591.86, P8, 28, 1, 660, 8151, 10.07, 145.00, 472, 405, 1, 8
2026-09-07T14:48:33.9170100+07:00,2026/09/07 14:48:33.948, NVIDIA GeForce RTX 5060, 591.86, P8, 28, 1, 660, 8151, 9.96, 145.00, 450, 405, 1, 8
2026-09-07T14:48:38.9624114+07:00,2026/09/07 14:48:38.992, NVIDIA GeForce RTX 5060, 591.86, P8, 28, 1, 660, 8151, 9.94, 145.00, 457, 405, 1, 8
2026-09-07T14:48:44.0101356+07:00,2026/09/07 14:48:44.056, NVIDIA GeForce RTX 5060, 591.86, P8, 28, 1, 660, 8151, 9.91, 145.00, 457, 405, 1, 8
2026-09-07T14:48:49.0716740+07:00,2026/09/07 14:48:49.133, NVIDIA GeForce RTX 5060, 591.86, P8, 28, 1, 660, 8151, 9.86, 145.00, 450, 405, 1, 8
2026-09-07T14:48:54.1530241+07:00,2026/09/07 14:48:54.230, NVIDIA GeForce RTX 5060, 591.86, P8, 28, 1, 668, 8151, 9.81, 145.00, 450, 405, 1, 8
2026-09-07T14:48:59.2510461+07:00,2026/09/07 14:48:59.297, NVIDIA GeForce RTX 5060, 591.86, P8, 28, 1, 668, 8151, 9.93, 145.00, 457, 405, 1, 8
2026-09-07T14:49:04.3491079+07:00,2026/09/07 14:49:04.380, NVIDIA GeForce RTX 5060, 591.86, P8, 28, 1, 668, 8151, 9.97, 145.00, 457, 405, 1, 8
2026-09-07T14:49:09.4015346+07:00,2026/09/07 14:49:09.432, NVIDIA GeForce RTX 5060, 591.86, P8, 28, 1, 665, 8151, 9.89, 145.00, 450, 405, 1, 8
2026-09-07T14:49:14.4501466+07:00,2026/09/07 14:49:14.512, NVIDIA GeForce RTX 5060, 591.86, P8, 28, 1, 661, 8151, 9.89, 145.00, 450, 405, 1, 8
2026-09-07T14:49:19.5307626+07:00,2026/09/07 14:49:19.561, NVIDIA GeForce RTX 5060, 591.86, P8, 28, 1, 660, 8151, 9.95, 145.00, 457, 405, 1, 8
2026-09-07T14:49:24.5821570+07:00,2026/09/07 14:49:24.628, NVIDIA GeForce RTX 5060, 591.86, P8, 28, 1, 660, 8151, 10.21, 145.00, 472, 405, 1, 8
2026-09-07T14:49:29.6488164+07:00,2026/09/07 14:49:29.679, NVIDIA GeForce RTX 5060, 591.86, P8, 28, 1, 660, 8151, 10.08, 145.00, 465, 405, 1, 8
2026-09-07T14:49:34.7459211+07:00,2026/09/07 14:49:34.776, NVIDIA GeForce RTX 5060, 591.86, P8, 28, 1, 660, 8151, 10.09, 145.00, 450, 405, 1, 8
2026-09-07T14:49:39.7970060+07:00,2026/09/07 14:49:39.828, NVIDIA GeForce RTX 5060, 591.86, P8, 28, 1, 660, 8151, 10.10, 145.00, 457, 405, 1, 8
2026-09-07T14:49:44.8457227+07:00,2026/09/07 14:49:44.892, NVIDIA GeForce RTX 5060, 591.86, P8, 28, 1, 660, 8151, 10.21, 145.00, 517, 405, 1, 8
2026-09-07T14:49:49.9113477+07:00,2026/09/07 14:49:49.942, NVIDIA GeForce RTX 5060, 591.86, P8, 28, 1, 657, 8151, 9.99, 145.00, 465, 405, 1, 8
2026-09-07T14:49:54.9635867+07:00,2026/09/07 14:49:54.994, NVIDIA GeForce RTX 5060, 591.86, P8, 28, 1, 657, 8151, 10.19, 145.00, 487, 405, 1, 8
2026-09-07T14:50:00.0144150+07:00,2026/09/07 14:50:00.153, NVIDIA GeForce RTX 5060, 591.86, P8, 28, 1, 657, 8151, 10.02, 145.00, 442, 405, 1, 8
2026-09-07T14:50:05.2177925+07:00,2026/09/07 14:50:05.248, NVIDIA GeForce RTX 5060, 591.86, P8, 28, 1, 657, 8151, 10.08, 145.00, 480, 405, 1, 8
2026-09-07T14:50:10.2553634+07:00,2026/09/07 14:50:10.286, NVIDIA GeForce RTX 5060, 591.86, P8, 28, 1, 657, 8151, 10.06, 145.00, 465, 405, 1, 8
2026-09-07T14:50:15.3209268+07:00,2026/09/07 14:50:15.367, NVIDIA GeForce RTX 5060, 591.86, P8, 28, 1, 657, 8151, 10.20, 145.00, 457, 405, 1, 8
2026-09-07T14:50:20.3867747+07:00,2026/09/07 14:50:20.417, NVIDIA GeForce RTX 5060, 591.86, P8, 28, 1, 657, 8151, 10.24, 145.00, 480, 405, 1, 8
2026-09-07T14:50:25.4368845+07:00,2026/09/07 14:50:25.467, NVIDIA GeForce RTX 5060, 591.86, P8, 28, 1, 657, 8151, 10.04, 145.00, 450, 405, 1, 8
2026-09-07T14:50:30.4901201+07:00,2026/09/07 14:50:30.552, NVIDIA GeForce RTX 5060, 591.86, P8, 28, 1, 657, 8151, 9.87, 145.00, 442, 405, 1, 8
2026-09-07T14:50:35.6205513+07:00,2026/09/07 14:50:35.667, NVIDIA GeForce RTX 5060, 591.86, P8, 28, 1, 657, 8151, 10.04, 145.00, 465, 405, 1, 8
2026-09-07T14:50:40.6877646+07:00,2026/09/07 14:50:40.734, NVIDIA GeForce RTX 5060, 591.86, P8, 28, 1, 657, 8151, 10.01, 145.00, 457, 405, 1, 8
2026-09-07T14:50:45.7549419+07:00,2026/09/07 14:50:45.894, NVIDIA GeForce RTX 5060, 591.86, P8, 28, 2, 660, 8151, 10.28, 145.00, 457, 405, 1, 8
2026-09-07T14:50:50.9163384+07:00,2026/09/07 14:50:50.993, NVIDIA GeForce RTX 5060, 591.86, P8, 28, 1, 655, 8151, 10.05, 145.00, 450, 405, 1, 8
2026-09-07T14:50:56.0152335+07:00,2026/09/07 14:50:56.077, NVIDIA GeForce RTX 5060, 591.86, P8, 28, 1, 655, 8151, 10.16, 145.00, 457, 405, 1, 8
2026-09-07T14:51:01.0985248+07:00,2026/09/07 14:51:01.160, NVIDIA GeForce RTX 5060, 591.86, P8, 28, 1, 655, 8151, 10.29, 145.00, 502, 405, 1, 8
2026-09-07T14:51:06.2287070+07:00,2026/09/07 14:51:06.306, NVIDIA GeForce RTX 5060, 591.86, P8, 28, 1, 655, 8151, 10.08, 145.00, 472, 405, 1, 8
2026-09-07T14:51:11.3273652+07:00,2026/09/07 14:51:11.389, NVIDIA GeForce RTX 5060, 591.86, P8, 28, 1, 655, 8151, 10.05, 145.00, 457, 405, 1, 8
2026-09-07T14:51:16.3958879+07:00,2026/09/07 14:51:16.442, NVIDIA GeForce RTX 5060, 591.86, P8, 28, 2, 655, 8151, 10.22, 145.00, 465, 405, 1, 8
2026-09-07T14:51:21.4644009+07:00,2026/09/07 14:51:21.510, NVIDIA GeForce RTX 5060, 591.86, P8, 28, 0, 658, 8151, 9.27, 145.00, 210, 405, 1, 8
2026-09-07T14:51:26.5176216+07:00,2026/09/07 14:51:26.564, NVIDIA GeForce RTX 5060, 591.86, P8, 28, 2, 655, 8151, 9.77, 145.00, 517, 405, 1, 8
2026-09-07T14:51:31.5808855+07:00,2026/09/07 14:51:31.627, NVIDIA GeForce RTX 5060, 591.86, P8, 28, 2, 651, 8151, 10.33, 145.00, 517, 405, 1, 8
2026-09-07T14:51:36.6881057+07:00,2026/09/07 14:51:36.719, NVIDIA GeForce RTX 5060, 591.86, P8, 28, 1, 651, 8151, 10.33, 145.00, 525, 405, 1, 8
2026-09-07T14:51:41.7350252+07:00,2026/09/07 14:51:41.766, NVIDIA GeForce RTX 5060, 591.86, P8, 28, 2, 651, 8151, 10.31, 145.00, 525, 405, 1, 8
2026-09-07T14:51:46.7822054+07:00,2026/09/07 14:51:46.828, NVIDIA GeForce RTX 5060, 591.86, P8, 28, 2, 651, 8151, 10.28, 145.00, 517, 405, 1, 8
2026-09-07T14:51:51.8454949+07:00,2026/09/07 14:51:51.876, NVIDIA GeForce RTX 5060, 591.86, P8, 28, 2, 651, 8151, 10.38, 145.00, 547, 405, 1, 8
2026-09-07T14:51:56.8967295+07:00,2026/09/07 14:51:56.927, NVIDIA GeForce RTX 5060, 591.86, P8, 28, 2, 651, 8151, 10.41, 145.00, 502, 405, 1, 8
2026-09-07T14:52:01.9343106+07:00,2026/09/07 14:52:01.965, NVIDIA GeForce RTX 5060, 591.86, P8, 28, 2, 651, 8151, 10.44, 145.00, 495, 405, 1, 8
2026-09-07T14:52:07.0335164+07:00,2026/09/07 14:52:07.080, NVIDIA GeForce RTX 5060, 591.86, P8, 28, 2, 651, 8151, 10.34, 145.00, 510, 405, 1, 8
2026-09-07T14:52:12.1002988+07:00,2026/09/07 14:52:12.146, NVIDIA GeForce RTX 5060, 591.86, P8, 28, 2, 651, 8151, 10.45, 145.00, 540, 405, 1, 8
2026-09-07T14:52:17.1682046+07:00,2026/09/07 14:52:17.214, NVIDIA GeForce RTX 5060, 591.86, P8, 28, 2, 651, 8151, 10.39, 145.00, 517, 405, 1, 8
2026-09-07T14:52:22.2363801+07:00,2026/09/07 14:52:22.282, NVIDIA GeForce RTX 5060, 591.86, P8, 28, 2, 651, 8151, 10.47, 145.00, 510, 405, 1, 8
2026-09-07T14:52:27.3034451+07:00,2026/09/07 14:52:27.349, NVIDIA GeForce RTX 5060, 591.86, P8, 28, 2, 651, 8151, 10.41, 145.00, 510, 405, 1, 8
2026-09-07T14:52:32.3717347+07:00,2026/09/07 14:52:32.418, NVIDIA GeForce RTX 5060, 591.86, P8, 28, 2, 651, 8151, 10.22, 145.00, 517, 405, 1, 8
2026-09-07T14:52:37.4865022+07:00,2026/09/07 14:52:37.533, NVIDIA GeForce RTX 5060, 591.86, P8, 28, 2, 651, 8151, 10.38, 145.00, 540, 405, 1, 8
2026-09-07T14:52:42.5543956+07:00,2026/09/07 14:52:42.600, NVIDIA GeForce RTX 5060, 591.86, P8, 28, 2, 651, 8151, 10.47, 145.00, 525, 405, 1, 8
2026-09-07T14:52:47.6204536+07:00,2026/09/07 14:52:47.666, NVIDIA GeForce RTX 5060, 591.86, P8, 28, 2, 651, 8151, 10.43, 145.00, 517, 405, 1, 8
2026-09-07T14:52:52.6866684+07:00,2026/09/07 14:52:52.733, NVIDIA GeForce RTX 5060, 591.86, P8, 28, 2, 651, 8151, 10.32, 145.00, 517, 405, 1, 8
2026-09-07T14:52:57.7543942+07:00,2026/09/07 14:52:57.800, NVIDIA GeForce RTX 5060, 591.86, P8, 28, 2, 651, 8151, 10.37, 145.00, 510, 405, 1, 8
2026-09-07T14:53:02.8228184+07:00,2026/09/07 14:53:02.869, NVIDIA GeForce RTX 5060, 591.86, P8, 28, 2, 651, 8151, 10.32, 145.00, 517, 405, 1, 8
2026-09-07T14:53:07.9366809+07:00,2026/09/07 14:53:07.999, NVIDIA GeForce RTX 5060, 591.86, P8, 28, 2, 651, 8151, 10.22, 145.00, 532, 405, 1, 8
2026-09-07T14:53:13.0211183+07:00,2026/09/07 14:53:13.067, NVIDIA GeForce RTX 5060, 591.86, P8, 28, 2, 651, 8151, 10.49, 145.00, 510, 405, 1, 8
2026-09-07T14:53:18.0741744+07:00,2026/09/07 14:53:18.120, NVIDIA GeForce RTX 5060, 591.86, P8, 28, 2, 651, 8151, 10.26, 145.00, 517, 405, 1, 8
2026-09-07T14:53:23.1423447+07:00,2026/09/07 14:53:23.188, NVIDIA GeForce RTX 5060, 591.86, P8, 28, 1, 651, 8151, 10.41, 145.00, 525, 405, 1, 8
2026-09-07T14:53:28.1952139+07:00,2026/09/07 14:53:28.272, NVIDIA GeForce RTX 5060, 591.86, P8, 28, 1, 651, 8151, 10.34, 145.00, 510, 405, 1, 8
2026-09-07T14:53:33.2930013+07:00,2026/09/07 14:53:33.324, NVIDIA GeForce RTX 5060, 591.86, P8, 28, 2, 651, 8151, 10.26, 145.00, 510, 405, 1, 8
2026-09-07T14:53:38.3904030+07:00,2026/09/07 14:53:38.436, NVIDIA GeForce RTX 5060, 591.86, P8, 28, 1, 651, 8151, 10.42, 145.00, 517, 405, 1, 8
2026-09-07T14:53:43.4571452+07:00,2026/09/07 14:53:43.503, NVIDIA GeForce RTX 5060, 591.86, P8, 28, 1, 651, 8151, 10.42, 145.00, 517, 405, 1, 8
2026-09-07T14:53:48.5214523+07:00,2026/09/07 14:53:48.567, NVIDIA GeForce RTX 5060, 591.86, P8, 28, 1, 652, 8151, 10.22, 145.00, 502, 405, 1, 8
2026-09-07T14:53:53.5871727+07:00,2026/09/07 14:53:53.618, NVIDIA GeForce RTX 5060, 591.86, P8, 28, 1, 652, 8151, 10.24, 145.00, 517, 405, 1, 8
2026-09-07T14:53:58.6386213+07:00,2026/09/07 14:53:58.685, NVIDIA GeForce RTX 5060, 591.86, P8, 28, 2, 652, 8151, 10.36, 145.00, 502, 405, 1, 8
2026-09-07T14:54:03.7051989+07:00,2026/09/07 14:54:03.736, NVIDIA GeForce RTX 5060, 591.86, P8, 28, 1, 652, 8151, 10.32, 145.00, 510, 405, 1, 8
2026-09-07T14:54:08.8014691+07:00,2026/09/07 14:54:08.848, NVIDIA GeForce RTX 5060, 591.86, P8, 28, 2, 652, 8151, 10.27, 145.00, 510, 405, 1, 8
2026-09-07T14:54:13.8662914+07:00,2026/09/07 14:54:13.928, NVIDIA GeForce RTX 5060, 591.86, P8, 28, 2, 652, 8151, 10.25, 145.00, 502, 405, 1, 8
2026-09-07T14:54:18.9476674+07:00,2026/09/07 14:54:18.994, NVIDIA GeForce RTX 5060, 591.86, P8, 28, 2, 652, 8151, 10.14, 145.00, 517, 405, 1, 8
2026-09-07T14:54:24.0121435+07:00,2026/09/07 14:54:24.089, NVIDIA GeForce RTX 5060, 591.86, P8, 28, 1, 652, 8151, 10.20, 145.00, 510, 405, 1, 8
2026-09-07T14:54:29.1094266+07:00,2026/09/07 14:54:29.155, NVIDIA GeForce RTX 5060, 591.86, P8, 28, 1, 652, 8151, 10.31, 145.00, 502, 405, 1, 8
2026-09-07T14:54:34.1752488+07:00,2026/09/07 14:54:34.221, NVIDIA GeForce RTX 5060, 591.86, P8, 28, 2, 652, 8151, 10.28, 145.00, 517, 405, 1, 8
2026-09-07T14:54:39.2886688+07:00,2026/09/07 14:54:39.319, NVIDIA GeForce RTX 5060, 591.86, P8, 28, 1, 652, 8151, 10.28, 145.00, 517, 405, 1, 8
2026-09-07T14:54:44.3398381+07:00,2026/09/07 14:54:44.370, NVIDIA GeForce RTX 5060, 591.86, P8, 28, 1, 652, 8151, 10.35, 145.00, 517, 405, 1, 8
2026-09-07T14:54:49.3887696+07:00,2026/09/07 14:54:49.419, NVIDIA GeForce RTX 5060, 591.86, P8, 28, 1, 652, 8151, 10.26, 145.00, 510, 405, 1, 8
2026-09-07T14:54:54.4375020+07:00,2026/09/07 14:54:54.468, NVIDIA GeForce RTX 5060, 591.86, P8, 28, 1, 652, 8151, 10.25, 145.00, 510, 405, 1, 8
2026-09-07T14:54:59.4888753+07:00,2026/09/07 14:54:59.535, NVIDIA GeForce RTX 5060, 591.86, P8, 28, 1, 652, 8151, 10.27, 145.00, 517, 405, 1, 8
2026-09-07T14:55:04.5545780+07:00,2026/09/07 14:55:04.585, NVIDIA GeForce RTX 5060, 591.86, P8, 28, 2, 652, 8151, 10.22, 145.00, 517, 405, 1, 8
2026-09-07T14:55:09.6497175+07:00,2026/09/07 14:55:09.696, NVIDIA GeForce RTX 5060, 591.86, P8, 28, 2, 652, 8151, 10.21, 145.00, 510, 405, 1, 8
2026-09-07T14:55:14.7158918+07:00,2026/09/07 14:55:14.762, NVIDIA GeForce RTX 5060, 591.86, P8, 28, 1, 652, 8151, 10.26, 145.00, 510, 405, 1, 8
2026-09-07T14:55:19.7802316+07:00,2026/09/07 14:55:19.826, NVIDIA GeForce RTX 5060, 591.86, P8, 28, 1, 652, 8151, 10.19, 145.00, 502, 405, 1, 8
2026-09-07T14:55:24.8476044+07:00,2026/09/07 14:55:24.894, NVIDIA GeForce RTX 5060, 591.86, P8, 28, 2, 652, 8151, 10.19, 145.00, 517, 405, 1, 8
2026-09-07T14:55:29.9149103+07:00,2026/09/07 14:55:29.945, NVIDIA GeForce RTX 5060, 591.86, P8, 28, 2, 652, 8151, 10.31, 145.00, 525, 405, 1, 8
2026-09-07T14:55:34.9527819+07:00,2026/09/07 14:55:34.983, NVIDIA GeForce RTX 5060, 591.86, P8, 28, 1, 652, 8151, 10.38, 145.00, 510, 405, 1, 8
2026-09-07T14:55:40.0498796+07:00,2026/09/07 14:55:40.111, NVIDIA GeForce RTX 5060, 591.86, P8, 28, 1, 652, 8151, 10.27, 145.00, 502, 405, 1, 8
2026-09-07T14:55:45.1315315+07:00,2026/09/07 14:55:45.162, NVIDIA GeForce RTX 5060, 591.86, P8, 28, 1, 652, 8151, 10.36, 145.00, 517, 405, 1, 8
2026-09-07T14:55:50.1829984+07:00,2026/09/07 14:55:50.275, NVIDIA GeForce RTX 5060, 591.86, P8, 28, 1, 652, 8151, 10.31, 145.00, 487, 405, 1, 8
2026-09-07T14:55:55.2949264+07:00,2026/09/07 14:55:55.325, NVIDIA GeForce RTX 5060, 591.86, P8, 28, 1, 652, 8151, 10.36, 145.00, 517, 405, 1, 8
2026-09-07T14:56:00.3463210+07:00,2026/09/07 14:56:00.392, NVIDIA GeForce RTX 5060, 591.86, P8, 28, 1, 652, 8151, 10.34, 145.00, 532, 405, 1, 8
2026-09-07T14:56:05.4126244+07:00,2026/09/07 14:56:05.459, NVIDIA GeForce RTX 5060, 591.86, P8, 28, 1, 652, 8151, 10.33, 145.00, 510, 405, 1, 8
2026-09-07T14:56:10.5237343+07:00,2026/09/07 14:56:10.554, NVIDIA GeForce RTX 5060, 591.86, P8, 28, 1, 652, 8151, 10.17, 145.00, 525, 405, 1, 8
2026-09-07T14:56:15.5755215+07:00,2026/09/07 14:56:15.622, NVIDIA GeForce RTX 5060, 591.86, P8, 28, 1, 652, 8151, 10.31, 145.00, 510, 405, 1, 8
2026-09-07T14:56:20.6432555+07:00,2026/09/07 14:56:20.689, NVIDIA GeForce RTX 5060, 591.86, P8, 28, 1, 652, 8151, 10.40, 145.00, 510, 405, 1, 8
2026-09-07T14:56:25.7082837+07:00,2026/09/07 14:56:25.770, NVIDIA GeForce RTX 5060, 591.86, P8, 28, 1, 652, 8151, 10.49, 145.00, 510, 405, 1, 8
2026-09-07T14:56:30.7893915+07:00,2026/09/07 14:56:30.820, NVIDIA GeForce RTX 5060, 591.86, P8, 28, 1, 652, 8151, 10.27, 145.00, 517, 405, 1, 8
2026-09-07T14:56:35.8420052+07:00,2026/09/07 14:56:35.873, NVIDIA GeForce RTX 5060, 591.86, P8, 28, 1, 652, 8151, 10.22, 145.00, 510, 405, 1, 8
2026-09-07T14:56:40.9401154+07:00,2026/09/07 14:56:40.987, NVIDIA GeForce RTX 5060, 591.86, P8, 28, 1, 652, 8151, 10.36, 145.00, 510, 405, 1, 8
2026-09-07T14:56:46.0075637+07:00,2026/09/07 14:56:46.054, NVIDIA GeForce RTX 5060, 591.86, P8, 28, 1, 652, 8151, 10.36, 145.00, 517, 405, 1, 8
2026-09-07T14:56:51.0721409+07:00,2026/09/07 14:56:51.118, NVIDIA GeForce RTX 5060, 591.86, P8, 28, 2, 652, 8151, 10.28, 145.00, 517, 405, 1, 8
2026-09-07T14:56:56.1337461+07:00,2026/09/07 14:56:56.180, NVIDIA GeForce RTX 5060, 591.86, P8, 28, 1, 652, 8151, 10.36, 145.00, 532, 405, 1, 8
2026-09-07T14:57:01.1976653+07:00,2026/09/07 14:57:01.259, NVIDIA GeForce RTX 5060, 591.86, P8, 28, 1, 652, 8151, 10.42, 145.00, 517, 405, 1, 8
2026-09-07T14:57:06.2758696+07:00,2026/09/07 14:57:06.322, NVIDIA GeForce RTX 5060, 591.86, P8, 28, 2, 652, 8151, 10.23, 145.00, 540, 405, 1, 8
2026-09-07T14:57:11.3838895+07:00,2026/09/07 14:57:11.415, NVIDIA GeForce RTX 5060, 591.86, P8, 28, 2, 652, 8151, 10.23, 145.00, 540, 405, 1, 8
2026-09-07T14:57:16.4320559+07:00,2026/09/07 14:57:16.479, NVIDIA GeForce RTX 5060, 591.86, P8, 28, 2, 652, 8151, 10.29, 145.00, 540, 405, 1, 8
2026-09-07T14:57:21.4936997+07:00,2026/09/07 14:57:21.524, NVIDIA GeForce RTX 5060, 591.86, P8, 28, 1, 652, 8151, 10.20, 145.00, 540, 405, 1, 8
2026-09-07T14:57:26.5405299+07:00,2026/09/07 14:57:26.571, NVIDIA GeForce RTX 5060, 591.86, P8, 28, 1, 652, 8151, 10.39, 145.00, 525, 405, 1, 8
2026-09-07T14:57:31.5869094+07:00,2026/09/07 14:57:31.633, NVIDIA GeForce RTX 5060, 591.86, P8, 28, 1, 652, 8151, 10.24, 145.00, 525, 405, 1, 8
2026-09-07T14:57:36.6502080+07:00,2026/09/07 14:57:36.697, NVIDIA GeForce RTX 5060, 591.86, P8, 28, 1, 652, 8151, 10.41, 145.00, 532, 405, 1, 8
2026-09-07T14:57:41.7577645+07:00,2026/09/07 14:57:41.804, NVIDIA GeForce RTX 5060, 591.86, P8, 28, 2, 652, 8151, 10.39, 145.00, 540, 405, 1, 8
2026-09-07T14:57:46.8213593+07:00,2026/09/07 14:57:46.868, NVIDIA GeForce RTX 5060, 591.86, P8, 28, 1, 652, 8151, 10.33, 145.00, 517, 405, 1, 8
2026-09-07T14:57:51.8841722+07:00,2026/09/07 14:57:51.946, NVIDIA GeForce RTX 5060, 591.86, P8, 28, 1, 652, 8151, 10.43, 145.00, 547, 405, 1, 8
2026-09-07T14:57:56.9611653+07:00,2026/09/07 14:57:57.007, NVIDIA GeForce RTX 5060, 591.86, P8, 28, 2, 652, 8151, 10.24, 145.00, 532, 405, 1, 8
2026-09-07T14:58:02.0231892+07:00,2026/09/07 14:58:02.054, NVIDIA GeForce RTX 5060, 591.86, P8, 28, 1, 652, 8151, 10.44, 145.00, 525, 405, 1, 8
2026-09-07T14:58:07.0707454+07:00,2026/09/07 14:58:07.117, NVIDIA GeForce RTX 5060, 591.86, P8, 28, 2, 652, 8151, 10.41, 145.00, 540, 405, 1, 8
2026-09-07T14:58:12.1809138+07:00,2026/09/07 14:58:12.227, NVIDIA GeForce RTX 5060, 591.86, P8, 28, 2, 652, 8151, 10.32, 145.00, 540, 405, 1, 8
2026-09-07T14:58:17.2418810+07:00,2026/09/07 14:58:17.273, NVIDIA GeForce RTX 5060, 591.86, P8, 28, 1, 652, 8151, 10.43, 145.00, 555, 405, 1, 8
2026-09-07T14:58:22.2907904+07:00,2026/09/07 14:58:22.337, NVIDIA GeForce RTX 5060, 591.86, P8, 28, 2, 652, 8151, 10.33, 145.00, 532, 405, 1, 8
2026-09-07T14:58:27.3527122+07:00,2026/09/07 14:58:27.446, NVIDIA GeForce RTX 5060, 591.86, P8, 28, 1, 651, 8151, 10.17, 145.00, 510, 405, 1, 8
2026-09-07T14:58:32.4606450+07:00,2026/09/07 14:58:32.491, NVIDIA GeForce RTX 5060, 591.86, P8, 28, 2, 651, 8151, 10.30, 145.00, 510, 405, 1, 8
2026-09-07T14:58:37.5076275+07:00,2026/09/07 14:58:37.538, NVIDIA GeForce RTX 5060, 591.86, P8, 28, 2, 651, 8151, 10.36, 145.00, 510, 405, 1, 8
2026-09-07T14:58:42.6012667+07:00,2026/09/07 14:58:42.648, NVIDIA GeForce RTX 5060, 591.86, P8, 28, 1, 651, 8151, 10.23, 145.00, 502, 405, 1, 8
2026-09-07T14:58:47.6803987+07:00,2026/09/07 14:58:47.711, NVIDIA GeForce RTX 5060, 591.86, P8, 28, 1, 659, 8151, 10.16, 145.00, 502, 405, 1, 8
2026-09-07T14:58:52.7278361+07:00,2026/09/07 14:58:52.774, NVIDIA GeForce RTX 5060, 591.86, P8, 28, 1, 659, 8151, 10.28, 145.00, 510, 405, 1, 8
2026-09-07T14:58:57.7904138+07:00,2026/09/07 14:58:57.836, NVIDIA GeForce RTX 5060, 591.86, P8, 28, 1, 659, 8151, 10.24, 145.00, 510, 405, 1, 8
2026-09-07T14:59:02.8513381+07:00,2026/09/07 14:59:02.897, NVIDIA GeForce RTX 5060, 591.86, P8, 28, 1, 657, 8151, 10.19, 145.00, 510, 405, 1, 8
2026-09-07T14:59:07.9150686+07:00,2026/09/07 14:59:07.961, NVIDIA GeForce RTX 5060, 591.86, P8, 28, 1, 652, 8151, 10.18, 145.00, 532, 405, 1, 8
2026-09-07T14:59:13.0402359+07:00,2026/09/07 14:59:13.117, NVIDIA GeForce RTX 5060, 591.86, P8, 28, 1, 652, 8151, 10.09, 145.00, 540, 405, 1, 8
2026-09-07T14:59:18.1350628+07:00,2026/09/07 14:59:18.166, NVIDIA GeForce RTX 5060, 591.86, P8, 28, 2, 651, 8151, 10.17, 145.00, 525, 405, 1, 8
2026-09-07T14:59:23.1861312+07:00,2026/09/07 14:59:23.279, NVIDIA GeForce RTX 5060, 591.86, P8, 28, 2, 651, 8151, 10.23, 145.00, 525, 405, 1, 8
2026-09-07T14:59:28.3010500+07:00,2026/09/07 14:59:28.363, NVIDIA GeForce RTX 5060, 591.86, P8, 28, 2, 651, 8151, 10.38, 145.00, 525, 405, 1, 8
2026-09-07T14:59:33.3841385+07:00,2026/09/07 14:59:33.492, NVIDIA GeForce RTX 5060, 591.86, P8, 28, 2, 651, 8151, 10.48, 145.00, 540, 405, 1, 8
2026-09-07T14:59:38.5141682+07:00,2026/09/07 14:59:38.560, NVIDIA GeForce RTX 5060, 591.86, P8, 28, 2, 651, 8151, 10.47, 145.00, 532, 405, 1, 8
2026-09-07T14:59:43.6291077+07:00,2026/09/07 14:59:43.706, NVIDIA GeForce RTX 5060, 591.86, P8, 28, 1, 651, 8151, 10.27, 145.00, 532, 405, 1, 8
2026-09-07T14:59:48.7287239+07:00,2026/09/07 14:59:48.852, NVIDIA GeForce RTX 5060, 591.86, P8, 28, 2, 651, 8151, 10.31, 145.00, 525, 405, 1, 8
2026-09-07T14:59:53.8593306+07:00,2026/09/07 14:59:53.936, NVIDIA GeForce RTX 5060, 591.86, P8, 28, 2, 651, 8151, 10.54, 145.00, 510, 405, 1, 8
2026-09-07T14:59:58.9591607+07:00,2026/09/07 14:59:59.006, NVIDIA GeForce RTX 5060, 591.86, P8, 28, 2, 654, 8151, 9.51, 145.00, 285, 405, 1, 8
2026-09-07T15:00:04.0270998+07:00,2026/09/07 15:00:04.089, NVIDIA GeForce RTX 5060, 591.86, P8, 28, 1, 657, 8151, 9.81, 145.00, 457, 405, 1, 8
2026-09-07T15:00:09.1071036+07:00,2026/09/07 15:00:09.154, NVIDIA GeForce RTX 5060, 591.86, P8, 28, 1, 657, 8151, 10.08, 145.00, 450, 405, 1, 8
2026-09-07T15:00:14.2366917+07:00,2026/09/07 15:00:14.299, NVIDIA GeForce RTX 5060, 591.86, P8, 28, 1, 657, 8151, 10.01, 145.00, 457, 405, 1, 8
2026-09-07T15:00:19.3520207+07:00,2026/09/07 15:00:19.383, NVIDIA GeForce RTX 5060, 591.86, P8, 28, 1, 657, 8151, 9.89, 145.00, 457, 405, 1, 8
2026-09-07T15:00:24.4042318+07:00,2026/09/07 15:00:24.435, NVIDIA GeForce RTX 5060, 591.86, P8, 28, 1, 657, 8151, 10.03, 145.00, 457, 405, 1, 8
2026-09-07T15:00:29.4567638+07:00,2026/09/07 15:00:29.487, NVIDIA GeForce RTX 5060, 591.86, P8, 28, 1, 657, 8151, 9.98, 145.00, 472, 405, 1, 8
2026-09-07T15:00:34.4949463+07:00,2026/09/07 15:00:34.525, NVIDIA GeForce RTX 5060, 591.86, P8, 28, 1, 657, 8151, 10.14, 145.00, 472, 405, 1, 8
2026-09-07T15:00:39.5472898+07:00,2026/09/07 15:00:39.578, NVIDIA GeForce RTX 5060, 591.86, P8, 28, 1, 657, 8151, 10.10, 145.00, 480, 405, 1, 8
2026-09-07T15:00:44.6455961+07:00,2026/09/07 15:00:44.676, NVIDIA GeForce RTX 5060, 591.86, P8, 28, 1, 657, 8151, 10.12, 145.00, 450, 405, 1, 8
2026-09-07T15:00:49.6836601+07:00,2026/09/07 15:00:49.714, NVIDIA GeForce RTX 5060, 591.86, P8, 28, 1, 657, 8151, 10.08, 145.00, 472, 405, 1, 8
2026-09-07T15:00:54.7363257+07:00,2026/09/07 15:00:54.767, NVIDIA GeForce RTX 5060, 591.86, P8, 28, 1, 657, 8151, 10.04, 145.00, 465, 405, 1, 8
2026-09-07T15:00:59.7890424+07:00,2026/09/07 15:00:59.820, NVIDIA GeForce RTX 5060, 591.86, P8, 28, 1, 657, 8151, 10.09, 145.00, 457, 405, 1, 8
2026-09-07T15:01:04.8418569+07:00,2026/09/07 15:01:04.872, NVIDIA GeForce RTX 5060, 591.86, P8, 28, 1, 657, 8151, 9.96, 145.00, 480, 405, 1, 8
2026-09-07T15:01:09.8806287+07:00,2026/09/07 15:01:09.911, NVIDIA GeForce RTX 5060, 591.86, P8, 28, 1, 657, 8151, 9.93, 145.00, 480, 405, 1, 8
2026-09-07T15:01:14.9782393+07:00,2026/09/07 15:01:15.009, NVIDIA GeForce RTX 5060, 591.86, P8, 28, 2, 657, 8151, 9.98, 145.00, 480, 405, 1, 8
2026-09-07T15:01:20.0311749+07:00,2026/09/07 15:01:20.062, NVIDIA GeForce RTX 5060, 591.86, P8, 28, 1, 657, 8151, 10.05, 145.00, 450, 405, 1, 8
2026-09-07T15:01:25.0832297+07:00,2026/09/07 15:01:25.114, NVIDIA GeForce RTX 5060, 591.86, P8, 28, 1, 657, 8151, 10.17, 145.00, 450, 405, 1, 8
2026-09-07T15:01:30.1347973+07:00,2026/09/07 15:01:30.165, NVIDIA GeForce RTX 5060, 591.86, P8, 28, 1, 657, 8151, 9.87, 145.00, 472, 405, 1, 8
2026-09-07T15:01:35.1867016+07:00,2026/09/07 15:01:35.217, NVIDIA GeForce RTX 5060, 591.86, P8, 28, 1, 657, 8151, 9.90, 145.00, 472, 405, 1, 8
2026-09-07T15:01:40.2383577+07:00,2026/09/07 15:01:40.269, NVIDIA GeForce RTX 5060, 591.86, P8, 28, 2, 657, 8151, 9.81, 145.00, 480, 405, 1, 8
2026-09-07T15:01:45.3373348+07:00,2026/09/07 15:01:45.383, NVIDIA GeForce RTX 5060, 591.86, P8, 28, 1, 657, 8151, 9.89, 145.00, 457, 405, 1, 8
2026-09-07T15:01:50.4043405+07:00,2026/09/07 15:01:50.435, NVIDIA GeForce RTX 5060, 591.86, P8, 28, 1, 657, 8151, 10.04, 145.00, 480, 405, 1, 8
2026-09-07T15:01:55.4577827+07:00,2026/09/07 15:01:55.488, NVIDIA GeForce RTX 5060, 591.86, P8, 28, 1, 657, 8151, 10.06, 145.00, 487, 405, 1, 8
2026-09-07T15:02:00.5097285+07:00,2026/09/07 15:02:00.540, NVIDIA GeForce RTX 5060, 591.86, P8, 28, 1, 657, 8151, 10.01, 145.00, 465, 405, 1, 8
2026-09-07T15:02:05.5621926+07:00,2026/09/07 15:02:05.593, NVIDIA GeForce RTX 5060, 591.86, P8, 28, 1, 657, 8151, 9.99, 145.00, 465, 405, 1, 8
2026-09-07T15:02:10.6014372+07:00,2026/09/07 15:02:10.632, NVIDIA GeForce RTX 5060, 591.86, P8, 28, 1, 657, 8151, 9.83, 145.00, 457, 405, 1, 8
2026-09-07T15:02:15.7018706+07:00,2026/09/07 15:02:15.732, NVIDIA GeForce RTX 5060, 591.86, P8, 28, 1, 657, 8151, 9.91, 145.00, 480, 405, 1, 8
2026-09-07T15:02:20.7396151+07:00,2026/09/07 15:02:20.770, NVIDIA GeForce RTX 5060, 591.86, P8, 28, 1, 657, 8151, 10.05, 145.00, 472, 405, 1, 8
2026-09-07T15:02:25.7925500+07:00,2026/09/07 15:02:25.823, NVIDIA GeForce RTX 5060, 591.86, P8, 28, 1, 658, 8151, 10.04, 145.00, 472, 405, 1, 8
2026-09-07T15:02:30.8454461+07:00,2026/09/07 15:02:30.876, NVIDIA GeForce RTX 5060, 591.86, P8, 28, 1, 658, 8151, 9.88, 145.00, 450, 405, 1, 8
2026-09-07T15:02:35.8983459+07:00,2026/09/07 15:02:35.929, NVIDIA GeForce RTX 5060, 591.86, P8, 28, 1, 658, 8151, 9.94, 145.00, 465, 405, 1, 8
2026-09-07T15:02:40.9514913+07:00,2026/09/07 15:02:40.982, NVIDIA GeForce RTX 5060, 591.86, P8, 28, 1, 658, 8151, 9.94, 145.00, 457, 405, 1, 8
2026-09-07T15:02:46.0511296+07:00,2026/09/07 15:02:46.082, NVIDIA GeForce RTX 5060, 591.86, P8, 28, 1, 658, 8151, 10.01, 145.00, 480, 405, 1, 8
2026-09-07T15:02:51.1040079+07:00,2026/09/07 15:02:51.135, NVIDIA GeForce RTX 5060, 591.86, P8, 28, 1, 658, 8151, 9.91, 145.00, 442, 405, 1, 8
2026-09-07T15:02:56.1490931+07:00,2026/09/07 15:02:56.180, NVIDIA GeForce RTX 5060, 591.86, P8, 28, 1, 658, 8151, 9.99, 145.00, 450, 405, 1, 8
2026-09-07T15:03:01.1951140+07:00,2026/09/07 15:03:01.226, NVIDIA GeForce RTX 5060, 591.86, P8, 28, 1, 658, 8151, 9.82, 145.00, 465, 405, 1, 8
2026-09-07T15:03:06.2398734+07:00,2026/09/07 15:03:06.270, NVIDIA GeForce RTX 5060, 591.86, P8, 28, 1, 658, 8151, 10.02, 145.00, 457, 405, 1, 8
2026-09-07T15:03:11.2832500+07:00,2026/09/07 15:03:11.314, NVIDIA GeForce RTX 5060, 591.86, P8, 28, 1, 658, 8151, 9.94, 145.00, 465, 405, 1, 8
2026-09-07T15:03:16.3763708+07:00,2026/09/07 15:03:16.407, NVIDIA GeForce RTX 5060, 591.86, P8, 28, 1, 658, 8151, 9.89, 145.00, 465, 405, 1, 8
2026-09-07T15:03:21.4235972+07:00,2026/09/07 15:03:21.454, NVIDIA GeForce RTX 5060, 591.86, P8, 28, 1, 658, 8151, 9.92, 145.00, 457, 405, 1, 8
2026-09-07T15:03:26.4701823+07:00,2026/09/07 15:03:26.501, NVIDIA GeForce RTX 5060, 591.86, P8, 28, 1, 658, 8151, 9.91, 145.00, 450, 405, 1, 8
2026-09-07T15:03:31.5155662+07:00,2026/09/07 15:03:31.546, NVIDIA GeForce RTX 5060, 591.86, P8, 28, 1, 658, 8151, 9.99, 145.00, 442, 405, 1, 8
2026-09-07T15:03:36.5626934+07:00,2026/09/07 15:03:36.593, NVIDIA GeForce RTX 5060, 591.86, P8, 28, 1, 658, 8151, 9.97, 145.00, 465, 405, 1, 8
2026-09-07T15:03:41.6100419+07:00,2026/09/07 15:03:41.641, NVIDIA GeForce RTX 5060, 591.86, P8, 28, 1, 658, 8151, 9.96, 145.00, 465, 405, 1, 8
2026-09-07T15:03:46.6913555+07:00,2026/09/07 15:03:46.722, NVIDIA GeForce RTX 5060, 591.86, P8, 28, 1, 658, 8151, 9.96, 145.00, 457, 405, 1, 8
2026-09-07T15:03:51.7404997+07:00,2026/09/07 15:03:51.771, NVIDIA GeForce RTX 5060, 591.86, P8, 28, 1, 658, 8151, 10.11, 145.00, 472, 405, 1, 8
2026-09-07T15:03:56.7925570+07:00,2026/09/07 15:03:56.823, NVIDIA GeForce RTX 5060, 591.86, P8, 28, 1, 658, 8151, 9.87, 145.00, 457, 405, 1, 8
2026-09-07T15:04:01.8445925+07:00,2026/09/07 15:04:01.875, NVIDIA GeForce RTX 5060, 591.86, P8, 28, 1, 658, 8151, 9.88, 145.00, 457, 405, 1, 8
2026-09-07T15:04:06.8958480+07:00,2026/09/07 15:04:06.926, NVIDIA GeForce RTX 5060, 591.86, P8, 28, 1, 658, 8151, 9.95, 145.00, 465, 405, 1, 8
2026-09-07T15:04:11.9484488+07:00,2026/09/07 15:04:11.979, NVIDIA GeForce RTX 5060, 591.86, P8, 28, 1, 658, 8151, 9.91, 145.00, 457, 405, 1, 8
2026-09-07T15:04:17.0462933+07:00,2026/09/07 15:04:17.077, NVIDIA GeForce RTX 5060, 591.86, P8, 28, 1, 658, 8151, 10.09, 145.00, 495, 405, 1, 8
2026-09-07T15:04:22.0984259+07:00,2026/09/07 15:04:22.129, NVIDIA GeForce RTX 5060, 591.86, P8, 28, 1, 658, 8151, 9.91, 145.00, 480, 405, 1, 8
2026-09-07T15:04:27.1490230+07:00,2026/09/07 15:04:27.180, NVIDIA GeForce RTX 5060, 591.86, P8, 28, 1, 658, 8151, 10.02, 145.00, 450, 405, 1, 8
2026-09-07T15:04:32.1994798+07:00,2026/09/07 15:04:32.230, NVIDIA GeForce RTX 5060, 591.86, P8, 28, 1, 658, 8151, 9.99, 145.00, 450, 405, 1, 8
2026-09-07T15:04:37.2509350+07:00,2026/09/07 15:04:37.281, NVIDIA GeForce RTX 5060, 591.86, P8, 28, 1, 658, 8151, 10.04, 145.00, 465, 405, 1, 8
2026-09-07T15:04:42.3021225+07:00,2026/09/07 15:04:42.333, NVIDIA GeForce RTX 5060, 591.86, P8, 28, 1, 658, 8151, 10.02, 145.00, 457, 405, 1, 8
2026-09-07T15:04:47.4017136+07:00,2026/09/07 15:04:47.432, NVIDIA GeForce RTX 5060, 591.86, P8, 28, 1, 657, 8151, 10.06, 145.00, 465, 405, 1, 8
2026-09-07T15:04:52.4535633+07:00,2026/09/07 15:04:52.484, NVIDIA GeForce RTX 5060, 591.86, P8, 28, 1, 657, 8151, 9.93, 145.00, 450, 405, 1, 8
2026-09-07T15:04:57.4914292+07:00,2026/09/07 15:04:57.522, NVIDIA GeForce RTX 5060, 591.86, P8, 28, 1, 657, 8151, 9.75, 145.00, 450, 405, 1, 8
2026-09-07T15:05:02.5420552+07:00,2026/09/07 15:05:02.573, NVIDIA GeForce RTX 5060, 591.86, P8, 28, 1, 665, 8151, 9.85, 145.00, 457, 405, 1, 8
2026-09-07T15:05:07.5938407+07:00,2026/09/07 15:05:07.624, NVIDIA GeForce RTX 5060, 591.86, P8, 28, 1, 665, 8151, 9.91, 145.00, 457, 405, 1, 8
2026-09-07T15:05:12.6464940+07:00,2026/09/07 15:05:12.677, NVIDIA GeForce RTX 5060, 591.86, P8, 28, 1, 665, 8151, 9.77, 145.00, 450, 405, 1, 8
2026-09-07T15:05:17.7440801+07:00,2026/09/07 15:05:17.775, NVIDIA GeForce RTX 5060, 591.86, P8, 28, 1, 663, 8151, 9.79, 145.00, 442, 405, 1, 8
2026-09-07T15:05:22.7952424+07:00,2026/09/07 15:05:22.826, NVIDIA GeForce RTX 5060, 591.86, P8, 28, 1, 662, 8151, 10.02, 145.00, 457, 405, 1, 8
2026-09-07T15:05:27.8462238+07:00,2026/09/07 15:05:27.877, NVIDIA GeForce RTX 5060, 591.86, P8, 28, 1, 658, 8151, 9.88, 145.00, 450, 405, 1, 8
2026-09-07T15:05:32.8966316+07:00,2026/09/07 15:05:32.927, NVIDIA GeForce RTX 5060, 591.86, P8, 28, 1, 657, 8151, 9.86, 145.00, 450, 405, 1, 8
2026-09-07T15:05:37.9472673+07:00,2026/09/07 15:05:37.978, NVIDIA GeForce RTX 5060, 591.86, P8, 28, 1, 657, 8151, 10.00, 145.00, 480, 405, 1, 8
2026-09-07T15:05:42.9986915+07:00,2026/09/07 15:05:43.029, NVIDIA GeForce RTX 5060, 591.86, P8, 28, 1, 657, 8151, 10.02, 145.00, 480, 405, 1, 8
2026-09-07T15:05:48.1115052+07:00,2026/09/07 15:05:48.142, NVIDIA GeForce RTX 5060, 591.86, P8, 28, 1, 657, 8151, 9.87, 145.00, 465, 405, 1, 8
2026-09-07T15:05:53.1634867+07:00,2026/09/07 15:05:53.194, NVIDIA GeForce RTX 5060, 591.86, P8, 28, 1, 657, 8151, 9.84, 145.00, 450, 405, 1, 8
2026-09-07T15:05:58.2154565+07:00,2026/09/07 15:05:58.246, NVIDIA GeForce RTX 5060, 591.86, P8, 28, 1, 658, 8151, 9.78, 145.00, 442, 405, 1, 8
2026-09-07T15:06:03.2527606+07:00,2026/09/07 15:06:03.283, NVIDIA GeForce RTX 5060, 591.86, P8, 28, 1, 658, 8151, 10.23, 145.00, 510, 405, 1, 8
2026-09-07T15:06:08.2912899+07:00,2026/09/07 15:06:08.322, NVIDIA GeForce RTX 5060, 591.86, P8, 28, 1, 658, 8151, 9.99, 145.00, 487, 405, 1, 8
2026-09-07T15:06:13.3420021+07:00,2026/09/07 15:06:13.373, NVIDIA GeForce RTX 5060, 591.86, P8, 28, 1, 658, 8151, 9.84, 145.00, 472, 405, 1, 8
2026-09-07T15:06:18.4413356+07:00,2026/09/07 15:06:18.472, NVIDIA GeForce RTX 5060, 591.86, P8, 28, 2, 658, 8151, 10.03, 145.00, 480, 405, 1, 8
2026-09-07T15:06:23.4924373+07:00,2026/09/07 15:06:23.523, NVIDIA GeForce RTX 5060, 591.86, P8, 28, 1, 658, 8151, 9.82, 145.00, 457, 405, 1, 8
2026-09-07T15:06:28.5419842+07:00,2026/09/07 15:06:28.572, NVIDIA GeForce RTX 5060, 591.86, P8, 28, 1, 658, 8151, 9.76, 145.00, 480, 405, 1, 8
2026-09-07T15:06:33.5938720+07:00,2026/09/07 15:06:33.624, NVIDIA GeForce RTX 5060, 591.86, P8, 28, 3, 658, 8151, 10.02, 145.00, 450, 405, 1, 8
2026-09-07T15:06:38.6436230+07:00,2026/09/07 15:06:38.674, NVIDIA GeForce RTX 5060, 591.86, P8, 28, 7, 658, 8151, 10.01, 145.00, 517, 405, 1, 8
2026-09-07T15:06:43.6950975+07:00,2026/09/07 15:06:43.726, NVIDIA GeForce RTX 5060, 591.86, P8, 28, 2, 658, 8151, 9.88, 145.00, 487, 405, 1, 8
2026-09-07T15:06:48.7887337+07:00,2026/09/07 15:06:48.819, NVIDIA GeForce RTX 5060, 591.86, P8, 28, 1, 658, 8151, 9.82, 145.00, 450, 405, 1, 8
2026-09-07T15:06:53.8353279+07:00,2026/09/07 15:06:53.866, NVIDIA GeForce RTX 5060, 591.86, P8, 28, 1, 658, 8151, 9.85, 145.00, 517, 405, 1, 8
2026-09-07T15:06:58.8853811+07:00,2026/09/07 15:06:58.916, NVIDIA GeForce RTX 5060, 591.86, P8, 28, 3, 658, 8151, 9.80, 145.00, 450, 405, 1, 8
2026-09-07T15:07:03.9367668+07:00,2026/09/07 15:07:03.967, NVIDIA GeForce RTX 5060, 591.86, P8, 28, 1, 658, 8151, 9.81, 145.00, 442, 405, 1, 8
2026-09-07T15:07:08.9870135+07:00,2026/09/07 15:07:09.018, NVIDIA GeForce RTX 5060, 591.86, P8, 28, 2, 658, 8151, 9.98, 145.00, 495, 405, 1, 8
2026-09-07T15:07:14.0384472+07:00,2026/09/07 15:07:14.069, NVIDIA GeForce RTX 5060, 591.86, P8, 28, 1, 658, 8151, 9.63, 145.00, 442, 405, 1, 8
2026-09-07T15:07:19.1344629+07:00,2026/09/07 15:07:19.165, NVIDIA GeForce RTX 5060, 591.86, P8, 28, 1, 658, 8151, 9.89, 145.00, 442, 405, 1, 8
2026-09-07T15:07:24.1866246+07:00,2026/09/07 15:07:24.217, NVIDIA GeForce RTX 5060, 591.86, P8, 28, 3, 658, 8151, 9.93, 145.00, 547, 405, 1, 8
2026-09-07T15:07:29.2380088+07:00,2026/09/07 15:07:29.269, NVIDIA GeForce RTX 5060, 591.86, P8, 28, 1, 658, 8151, 9.63, 145.00, 442, 405, 1, 8
2026-09-07T15:07:34.2898472+07:00,2026/09/07 15:07:34.320, NVIDIA GeForce RTX 5060, 591.86, P8, 28, 1, 658, 8151, 9.77, 145.00, 435, 405, 1, 8
2026-09-07T15:07:39.3279671+07:00,2026/09/07 15:07:39.358, NVIDIA GeForce RTX 5060, 591.86, P8, 28, 1, 658, 8151, 9.61, 145.00, 442, 405, 1, 8
2026-09-07T15:07:44.3658319+07:00,2026/09/07 15:07:44.396, NVIDIA GeForce RTX 5060, 591.86, P8, 28, 1, 657, 8151, 9.72, 145.00, 442, 405, 1, 8
2026-09-07T15:07:49.4643141+07:00,2026/09/07 15:07:49.495, NVIDIA GeForce RTX 5060, 591.86, P8, 28, 1, 657, 8151, 9.83, 145.00, 457, 405, 1, 8
2026-09-07T15:07:54.5144475+07:00,2026/09/07 15:07:54.545, NVIDIA GeForce RTX 5060, 591.86, P8, 28, 1, 657, 8151, 10.02, 145.00, 510, 405, 1, 8
2026-09-07T15:07:59.5645276+07:00,2026/09/07 15:07:59.595, NVIDIA GeForce RTX 5060, 591.86, P8, 28, 1, 660, 8151, 9.75, 145.00, 457, 405, 1, 8
2026-09-07T15:08:04.6147176+07:00,2026/09/07 15:08:04.645, NVIDIA GeForce RTX 5060, 591.86, P8, 28, 1, 660, 8151, 9.91, 145.00, 472, 405, 1, 8
2026-09-07T15:08:09.6666738+07:00,2026/09/07 15:08:09.697, NVIDIA GeForce RTX 5060, 591.86, P8, 28, 3, 660, 8151, 10.13, 145.00, 457, 405, 1, 8
2026-09-07T15:08:14.7188847+07:00,2026/09/07 15:08:14.749, NVIDIA GeForce RTX 5060, 591.86, P8, 28, 1, 660, 8151, 9.79, 145.00, 457, 405, 1, 8
2026-09-07T15:08:19.8164181+07:00,2026/09/07 15:08:19.847, NVIDIA GeForce RTX 5060, 591.86, P8, 28, 1, 668, 8151, 9.85, 145.00, 457, 405, 1, 8
2026-09-07T15:08:24.8659429+07:00,2026/09/07 15:08:24.896, NVIDIA GeForce RTX 5060, 591.86, P8, 28, 1, 668, 8151, 10.23, 145.00, 495, 405, 1, 8
2026-09-07T15:08:29.9175201+07:00,2026/09/07 15:08:29.948, NVIDIA GeForce RTX 5060, 591.86, P8, 28, 1, 668, 8151, 9.82, 145.00, 472, 405, 1, 8
2026-09-07T15:08:34.9671378+07:00,2026/09/07 15:08:34.997, NVIDIA GeForce RTX 5060, 591.86, P8, 28, 3, 665, 8151, 9.64, 145.00, 427, 405, 1, 8
2026-09-07T15:08:40.0187533+07:00,2026/09/07 15:08:40.049, NVIDIA GeForce RTX 5060, 591.86, P8, 28, 1, 660, 8151, 9.79, 145.00, 532, 405, 1, 8
2026-09-07T15:08:45.0708281+07:00,2026/09/07 15:08:45.101, NVIDIA GeForce RTX 5060, 591.86, P8, 28, 1, 660, 8151, 9.81, 145.00, 472, 405, 1, 8
2026-09-07T15:08:50.1528374+07:00,2026/09/07 15:08:50.183, NVIDIA GeForce RTX 5060, 591.86, P8, 28, 1, 660, 8151, 9.68, 145.00, 450, 405, 1, 8
2026-09-07T15:08:55.1901176+07:00,2026/09/07 15:08:55.221, NVIDIA GeForce RTX 5060, 591.86, P8, 28, 1, 660, 8151, 9.78, 145.00, 480, 405, 1, 8
2026-09-07T15:09:00.2276089+07:00,2026/09/07 15:09:00.258, NVIDIA GeForce RTX 5060, 591.86, P8, 28, 2, 660, 8151, 9.69, 145.00, 457, 405, 1, 8
2026-09-07T15:09:05.2791831+07:00,2026/09/07 15:09:05.310, NVIDIA GeForce RTX 5060, 591.86, P8, 28, 1, 660, 8151, 9.72, 145.00, 465, 405, 1, 8
2026-09-07T15:09:10.3317524+07:00,2026/09/07 15:09:10.362, NVIDIA GeForce RTX 5060, 591.86, P8, 28, 1, 660, 8151, 9.59, 145.00, 457, 405, 1, 8
2026-09-07T15:09:15.3829942+07:00,2026/09/07 15:09:15.413, NVIDIA GeForce RTX 5060, 591.86, P8, 28, 1, 660, 8151, 9.64, 145.00, 472, 405, 1, 8
2026-09-07T15:09:20.4807321+07:00,2026/09/07 15:09:20.511, NVIDIA GeForce RTX 5060, 591.86, P8, 28, 1, 660, 8151, 9.63, 145.00, 457, 405, 1, 8
2026-09-07T15:09:25.5287042+07:00,2026/09/07 15:09:25.559, NVIDIA GeForce RTX 5060, 591.86, P8, 28, 1, 660, 8151, 9.96, 145.00, 465, 405, 1, 8
2026-09-07T15:09:30.5770282+07:00,2026/09/07 15:09:30.608, NVIDIA GeForce RTX 5060, 591.86, P8, 28, 1, 660, 8151, 9.90, 145.00, 457, 405, 1, 8
2026-09-07T15:09:35.6272472+07:00,2026/09/07 15:09:35.673, NVIDIA GeForce RTX 5060, 591.86, P8, 28, 1, 660, 8151, 9.88, 145.00, 457, 405, 1, 8
2026-09-07T15:09:40.6928840+07:00,2026/09/07 15:09:40.723, NVIDIA GeForce RTX 5060, 591.86, P8, 28, 1, 660, 8151, 9.76, 145.00, 465, 405, 1, 8
2026-09-07T15:09:45.7418180+07:00,2026/09/07 15:09:45.772, NVIDIA GeForce RTX 5060, 591.86, P8, 28, 8, 660, 8151, 10.00, 145.00, 510, 405, 1, 8
2026-09-07T15:09:50.8383995+07:00,2026/09/07 15:09:50.869, NVIDIA GeForce RTX 5060, 591.86, P8, 28, 1, 660, 8151, 9.76, 145.00, 457, 405, 1, 8
2026-09-07T15:09:55.8904244+07:00,2026/09/07 15:09:55.921, NVIDIA GeForce RTX 5060, 591.86, P8, 28, 1, 660, 8151, 9.95, 145.00, 450, 405, 1, 8
2026-09-07T15:10:00.9370982+07:00,2026/09/07 15:10:00.983, NVIDIA GeForce RTX 5060, 591.86, P8, 28, 1, 660, 8151, 10.03, 145.00, 510, 405, 1, 8
2026-09-07T15:10:05.9999115+07:00,2026/09/07 15:10:06.030, NVIDIA GeForce RTX 5060, 591.86, P8, 28, 1, 660, 8151, 9.70, 145.00, 465, 405, 1, 8
2026-09-07T15:10:11.0431600+07:00,2026/09/07 15:10:11.089, NVIDIA GeForce RTX 5060, 591.86, P8, 28, 1, 660, 8151, 9.94, 145.00, 450, 405, 1, 8
2026-09-07T15:10:16.1062816+07:00,2026/09/07 15:10:16.152, NVIDIA GeForce RTX 5060, 591.86, P8, 28, 1, 660, 8151, 9.93, 145.00, 465, 405, 1, 8
2026-09-07T15:10:21.2311457+07:00,2026/09/07 15:10:21.277, NVIDIA GeForce RTX 5060, 591.86, P8, 28, 1, 660, 8151, 9.77, 145.00, 450, 405, 1, 8
2026-09-07T15:10:26.2940239+07:00,2026/09/07 15:10:26.325, NVIDIA GeForce RTX 5060, 591.86, P8, 28, 1, 660, 8151, 9.90, 145.00, 465, 405, 1, 8
2026-09-07T15:10:31.3418510+07:00,2026/09/07 15:10:31.387, NVIDIA GeForce RTX 5060, 591.86, P8, 28, 1, 660, 8151, 10.05, 145.00, 555, 405, 1, 8
2026-09-07T15:10:36.4048623+07:00,2026/09/07 15:10:36.435, NVIDIA GeForce RTX 5060, 591.86, P8, 28, 1, 660, 8151, 9.80, 145.00, 465, 405, 1, 8
2026-09-07T15:10:41.4509979+07:00,2026/09/07 15:10:41.481, NVIDIA GeForce RTX 5060, 591.86, P8, 28, 1, 660, 8151, 9.84, 145.00, 465, 405, 1, 8
2026-09-07T15:10:46.5007022+07:00,2026/09/07 15:10:46.547, NVIDIA GeForce RTX 5060, 591.86, P8, 28, 1, 660, 8151, 10.01, 145.00, 547, 405, 1, 8
2026-09-07T15:10:51.6100864+07:00,2026/09/07 15:10:51.656, NVIDIA GeForce RTX 5060, 591.86, P8, 28, 1, 660, 8151, 10.02, 145.00, 472, 405, 1, 8
2026-09-07T15:10:56.6758735+07:00,2026/09/07 15:10:56.706, NVIDIA GeForce RTX 5060, 591.86, P8, 28, 1, 660, 8151, 9.84, 145.00, 435, 405, 1, 8
2026-09-07T15:11:01.7250502+07:00,2026/09/07 15:11:01.756, NVIDIA GeForce RTX 5060, 591.86, P8, 28, 1, 660, 8151, 10.05, 145.00, 465, 405, 1, 8
2026-09-07T15:11:06.7716548+07:00,2026/09/07 15:11:06.818, NVIDIA GeForce RTX 5060, 591.86, P8, 28, 1, 660, 8151, 9.83, 145.00, 420, 405, 1, 8
2026-09-07T15:11:11.8350640+07:00,2026/09/07 15:11:11.881, NVIDIA GeForce RTX 5060, 591.86, P8, 28, 1, 660, 8151, 9.79, 145.00, 457, 405, 1, 8
2026-09-07T15:11:16.9006526+07:00,2026/09/07 15:11:16.931, NVIDIA GeForce RTX 5060, 591.86, P8, 28, 1, 660, 8151, 9.99, 145.00, 450, 405, 1, 8
2026-09-07T15:11:21.9968665+07:00,2026/09/07 15:11:22.042, NVIDIA GeForce RTX 5060, 591.86, P8, 28, 1, 660, 8151, 9.90, 145.00, 442, 405, 1, 8
2026-09-07T15:11:27.0598777+07:00,2026/09/07 15:11:27.090, NVIDIA GeForce RTX 5060, 591.86, P8, 28, 1, 660, 8151, 9.90, 145.00, 457, 405, 1, 8
2026-09-07T15:11:32.1065346+07:00,2026/09/07 15:11:32.137, NVIDIA GeForce RTX 5060, 591.86, P8, 28, 1, 660, 8151, 10.14, 145.00, 547, 405, 1, 8
2026-09-07T15:11:37.1571674+07:00,2026/09/07 15:11:37.188, NVIDIA GeForce RTX 5060, 591.86, P8, 28, 1, 660, 8151, 9.99, 145.00, 480, 405, 1, 8
2026-09-07T15:11:42.2066799+07:00,2026/09/07 15:11:42.253, NVIDIA GeForce RTX 5060, 591.86, P8, 28, 1, 660, 8151, 9.92, 145.00, 457, 405, 1, 8
2026-09-07T15:11:47.2699642+07:00,2026/09/07 15:11:47.300, NVIDIA GeForce RTX 5060, 591.86, P8, 28, 1, 660, 8151, 10.05, 145.00, 450, 405, 1, 8
2026-09-07T15:11:52.3637689+07:00,2026/09/07 15:11:52.425, NVIDIA GeForce RTX 5060, 591.86, P8, 28, 1, 660, 8151, 9.92, 145.00, 450, 405, 1, 8
2026-09-07T15:11:57.4440544+07:00,2026/09/07 15:11:57.475, NVIDIA GeForce RTX 5060, 591.86, P8, 28, 1, 660, 8151, 9.93, 145.00, 457, 405, 1, 8
2026-09-07T15:12:02.4952539+07:00,2026/09/07 15:12:02.526, NVIDIA GeForce RTX 5060, 591.86, P8, 28, 1, 663, 8151, 9.92, 145.00, 457, 405, 1, 8
2026-09-07T15:12:07.5457360+07:00,2026/09/07 15:12:07.592, NVIDIA GeForce RTX 5060, 591.86, P8, 28, 1, 663, 8151, 9.89, 145.00, 480, 405, 1, 8
2026-09-07T15:12:12.6097865+07:00,2026/09/07 15:12:12.640, NVIDIA GeForce RTX 5060, 591.86, P8, 28, 1, 663, 8151, 9.96, 145.00, 457, 405, 1, 8
2026-09-07T15:12:17.6583413+07:00,2026/09/07 15:12:17.689, NVIDIA GeForce RTX 5060, 591.86, P8, 28, 1, 663, 8151, 9.91, 145.00, 495, 405, 1, 8
2026-09-07T15:12:22.7570883+07:00,2026/09/07 15:12:22.788, NVIDIA GeForce RTX 5060, 591.86, P8, 28, 1, 663, 8151, 9.82, 145.00, 457, 405, 1, 8
2026-09-07T15:12:27.8057134+07:00,2026/09/07 15:12:27.883, NVIDIA GeForce RTX 5060, 591.86, P8, 28, 1, 663, 8151, 9.91, 145.00, 442, 405, 1, 8
2026-09-07T15:12:32.9039581+07:00,2026/09/07 15:12:32.934, NVIDIA GeForce RTX 5060, 591.86, P8, 28, 1, 663, 8151, 9.80, 145.00, 480, 405, 1, 8
2026-09-07T15:12:37.9561867+07:00,2026/09/07 15:12:37.987, NVIDIA GeForce RTX 5060, 591.86, P8, 28, 1, 663, 8151, 9.73, 145.00, 457, 405, 1, 8
2026-09-07T15:12:43.0069441+07:00,2026/09/07 15:12:43.037, NVIDIA GeForce RTX 5060, 591.86, P8, 28, 1, 663, 8151, 9.89, 145.00, 480, 405, 1, 8
2026-09-07T15:12:48.0577014+07:00,2026/09/07 15:12:48.104, NVIDIA GeForce RTX 5060, 591.86, P8, 28, 1, 663, 8151, 10.04, 145.00, 487, 405, 1, 8
2026-09-07T15:12:53.1574823+07:00,2026/09/07 15:12:53.188, NVIDIA GeForce RTX 5060, 591.86, P8, 28, 1, 663, 8151, 9.75, 145.00, 465, 405, 1, 8
2026-09-07T15:12:58.2081720+07:00,2026/09/07 15:12:58.254, NVIDIA GeForce RTX 5060, 591.86, P8, 28, 1, 663, 8151, 9.72, 145.00, 472, 405, 1, 8
2026-09-07T15:13:03.2750062+07:00,2026/09/07 15:13:03.306, NVIDIA GeForce RTX 5060, 591.86, P8, 28, 1, 662, 8151, 9.85, 145.00, 465, 405, 1, 8
2026-09-07T15:13:08.3258839+07:00,2026/09/07 15:13:08.372, NVIDIA GeForce RTX 5060, 591.86, P8, 28, 1, 662, 8151, 9.88, 145.00, 472, 405, 1, 8
2026-09-07T15:13:13.3901298+07:00,2026/09/07 15:13:13.436, NVIDIA GeForce RTX 5060, 591.86, P8, 28, 1, 662, 8151, 9.81, 145.00, 457, 405, 1, 8
2026-09-07T15:13:18.4545659+07:00,2026/09/07 15:13:18.501, NVIDIA GeForce RTX 5060, 591.86, P8, 28, 1, 662, 8151, 9.84, 145.00, 502, 405, 1, 8
2026-09-07T15:13:23.5963940+07:00,2026/09/07 15:13:23.627, NVIDIA GeForce RTX 5060, 591.86, P8, 28, 3, 662, 8151, 9.98, 145.00, 457, 405, 1, 8
2026-09-07T15:13:28.6467506+07:00,2026/09/07 15:13:28.693, NVIDIA GeForce RTX 5060, 591.86, P8, 28, 1, 662, 8151, 9.76, 145.00, 465, 405, 1, 8
2026-09-07T15:13:33.7296293+07:00,2026/09/07 15:13:33.760, NVIDIA GeForce RTX 5060, 591.86, P8, 28, 1, 662, 8151, 9.65, 145.00, 465, 405, 1, 8
2026-09-07T15:13:38.7809614+07:00,2026/09/07 15:13:38.827, NVIDIA GeForce RTX 5060, 591.86, P8, 28, 1, 662, 8151, 9.90, 145.00, 480, 405, 1, 8
2026-09-07T15:13:43.8491410+07:00,2026/09/07 15:13:43.896, NVIDIA GeForce RTX 5060, 591.86, P8, 28, 2, 662, 8151, 9.91, 145.00, 510, 405, 1, 8
2026-09-07T15:13:48.9163598+07:00,2026/09/07 15:13:48.947, NVIDIA GeForce RTX 5060, 591.86, P8, 28, 2, 662, 8151, 9.90, 145.00, 480, 405, 1, 8
2026-09-07T15:13:54.0139449+07:00,2026/09/07 15:13:54.060, NVIDIA GeForce RTX 5060, 591.86, P8, 28, 1, 662, 8151, 9.82, 145.00, 450, 405, 1, 8
2026-09-07T15:13:59.0803568+07:00,2026/09/07 15:13:59.126, NVIDIA GeForce RTX 5060, 591.86, P8, 28, 1, 662, 8151, 9.76, 145.00, 487, 405, 1, 8
2026-09-07T15:14:04.1475465+07:00,2026/09/07 15:14:04.193, NVIDIA GeForce RTX 5060, 591.86, P8, 28, 1, 662, 8151, 9.59, 145.00, 450, 405, 1, 8
2026-09-07T15:14:09.2125760+07:00,2026/09/07 15:14:09.259, NVIDIA GeForce RTX 5060, 591.86, P8, 28, 1, 662, 8151, 9.92, 145.00, 450, 405, 1, 8
2026-09-07T15:14:14.2794974+07:00,2026/09/07 15:14:14.310, NVIDIA GeForce RTX 5060, 591.86, P8, 28, 1, 662, 8151, 10.15, 145.00, 517, 405, 1, 8
2026-09-07T15:14:19.3280470+07:00,2026/09/07 15:14:19.359, NVIDIA GeForce RTX 5060, 591.86, P8, 28, 1, 662, 8151, 9.84, 145.00, 405, 405, 1, 8
2026-09-07T15:14:24.4299796+07:00,2026/09/07 15:14:24.460, NVIDIA GeForce RTX 5060, 591.86, P8, 28, 0, 662, 8151, 8.67, 145.00, 210, 405, 1, 8
2026-09-07T15:14:29.4705521+07:00,2026/09/07 15:14:29.500, NVIDIA GeForce RTX 5060, 591.86, P8, 28, 0, 662, 8151, 8.27, 145.00, 210, 405, 1, 8
2026-09-07T15:14:34.5085346+07:00,2026/09/07 15:14:34.539, NVIDIA GeForce RTX 5060, 591.86, P1, 28, 0, 662, 8151, 10.14, 145.00, 210, 14001, 4, 8
2026-09-07T15:14:39.5579363+07:00,2026/09/07 15:14:39.603, NVIDIA GeForce RTX 5060, 591.86, P8, 28, 0, 662, 8151, 8.16, 145.00, 210, 405, 1, 8
2026-09-07T15:14:44.6227764+07:00,2026/09/07 15:14:44.669, NVIDIA GeForce RTX 5060, 591.86, P1, 28, 0, 662, 8151, 10.50, 145.00, 210, 14001, 4, 8
2026-09-07T15:14:49.6858232+07:00,2026/09/07 15:14:49.716, NVIDIA GeForce RTX 5060, 591.86, P8, 28, 0, 662, 8151, 8.10, 145.00, 210, 405, 1, 8
2026-09-07T15:14:54.7796632+07:00,2026/09/07 15:14:54.810, NVIDIA GeForce RTX 5060, 591.86, P1, 28, 0, 662, 8151, 8.15, 145.00, 210, 405, 4, 8
2026-09-07T15:14:59.8273045+07:00,2026/09/07 15:14:59.873, NVIDIA GeForce RTX 5060, 591.86, P8, 28, 0, 662, 8151, 8.15, 145.00, 210, 405, 1, 8
2026-09-07T15:15:04.8909982+07:00,2026/09/07 15:15:04.937, NVIDIA GeForce RTX 5060, 591.86, P8, 28, 0, 662, 8151, 8.11, 145.00, 210, 405, 1, 8
2026-09-07T15:15:09.9460526+07:00,2026/09/07 15:15:09.992, NVIDIA GeForce RTX 5060, 591.86, P8, 28, 0, 671, 8151, 8.13, 145.00, 210, 405, 1, 8
2026-09-07T15:15:15.0021987+07:00,2026/09/07 15:15:15.064, NVIDIA GeForce RTX 5060, 591.86, P8, 28, 0, 660, 8151, 8.55, 145.00, 210, 405, 1, 8
2026-09-07T15:15:20.0778670+07:00,2026/09/07 15:15:20.264, NVIDIA GeForce RTX 5060, 591.86, P8, 28, 0, 667, 8151, 8.41, 145.00, 210, 405, 1, 8
2026-09-07T15:15:25.3945428+07:00,2026/09/07 15:15:25.441, NVIDIA GeForce RTX 5060, 591.86, P5, 28, 0, 667, 8151, 11.72, 145.00, 217, 810, 2, 8
2026-09-07T15:15:30.4626583+07:00,2026/09/07 15:15:30.509, NVIDIA GeForce RTX 5060, 591.86, P8, 28, 0, 667, 8151, 8.33, 145.00, 210, 405, 1, 8
2026-09-07T15:15:35.5465158+07:00,2026/09/07 15:15:35.624, NVIDIA GeForce RTX 5060, 591.86, P5, 28, 0, 667, 8151, 9.68, 145.00, 202, 810, 1, 8
2026-09-07T15:15:40.6461718+07:00,2026/09/07 15:15:40.677, NVIDIA GeForce RTX 5060, 591.86, P1, 28, 0, 665, 8151, 12.15, 145.00, 210, 14001, 4, 8
2026-09-07T15:15:45.6840349+07:00,2026/09/07 15:15:45.746, NVIDIA GeForce RTX 5060, 591.86, P8, 28, 0, 660, 8151, 8.28, 145.00, 210, 405, 1, 8
2026-09-07T15:15:50.7680350+07:00,2026/09/07 15:15:50.814, NVIDIA GeForce RTX 5060, 591.86, P8, 28, 0, 660, 8151, 8.23, 145.00, 210, 405, 1, 8
2026-09-07T15:15:55.8670702+07:00,2026/09/07 15:15:55.975, NVIDIA GeForce RTX 5060, 591.86, P8, 28, 0, 660, 8151, 8.29, 145.00, 210, 405, 1, 8
2026-09-07T15:16:00.9823029+07:00,2026/09/07 15:16:01.044, NVIDIA GeForce RTX 5060, 591.86, P1, 28, 0, 660, 8151, 12.26, 145.00, 210, 14001, 4, 8
2026-09-07T15:16:06.0662154+07:00,2026/09/07 15:16:06.190, NVIDIA GeForce RTX 5060, 591.86, P8, 28, 0, 660, 8151, 8.37, 145.00, 210, 405, 1, 8
2026-09-07T15:16:11.2111692+07:00,2026/09/07 15:16:11.288, NVIDIA GeForce RTX 5060, 591.86, P8, 28, 0, 660, 8151, 8.41, 145.00, 210, 405, 1, 8
2026-09-07T15:16:16.3109231+07:00,2026/09/07 15:16:16.388, NVIDIA GeForce RTX 5060, 591.86, P5, 28, 0, 660, 8151, 13.68, 145.00, 210, 810, 2, 8
2026-09-07T15:16:21.3949651+07:00,2026/09/07 15:16:21.487, NVIDIA GeForce RTX 5060, 591.86, P8, 28, 0, 660, 8151, 8.34, 145.00, 210, 405, 1, 8
2026-09-07T15:16:26.5415095+07:00,2026/09/07 15:16:26.618, NVIDIA GeForce RTX 5060, 591.86, P5, 28, 0, 660, 8151, 9.40, 145.00, 210, 810, 1, 8
2026-09-07T15:16:31.6400326+07:00,2026/09/07 15:16:31.686, NVIDIA GeForce RTX 5060, 591.86, P5, 28, 0, 660, 8151, 12.49, 145.00, 217, 810, 2, 8
2026-09-07T15:16:36.6930440+07:00,2026/09/07 15:16:36.786, NVIDIA GeForce RTX 5060, 591.86, P8, 28, 0, 660, 8151, 8.42, 145.00, 210, 405, 1, 8
2026-09-07T15:16:41.7928003+07:00,2026/09/07 15:16:41.870, NVIDIA GeForce RTX 5060, 591.86, P8, 28, 0, 660, 8151, 8.41, 145.00, 210, 405, 1, 8
2026-09-07T15:16:46.9078370+07:00,2026/09/07 15:16:46.954, NVIDIA GeForce RTX 5060, 591.86, P8, 28, 0, 660, 8151, 8.36, 145.00, 210, 405, 1, 8
2026-09-07T15:16:51.9742918+07:00,2026/09/07 15:16:52.035, NVIDIA GeForce RTX 5060, 591.86, P8, 28, 0, 660, 8151, 8.35, 145.00, 210, 405, 1, 8
2026-09-07T15:16:57.0883040+07:00,2026/09/07 15:16:57.165, NVIDIA GeForce RTX 5060, 591.86, P8, 28, 0, 660, 8151, 8.35, 145.00, 210, 405, 1, 8
2026-09-07T15:17:02.1848770+07:00,2026/09/07 15:17:02.231, NVIDIA GeForce RTX 5060, 591.86, P8, 28, 0, 660, 8151, 8.33, 145.00, 210, 405, 1, 8
2026-09-07T15:17:07.2507900+07:00,2026/09/07 15:17:07.297, NVIDIA GeForce RTX 5060, 591.86, P8, 28, 0, 660, 8151, 8.35, 145.00, 210, 405, 1, 8
2026-09-07T15:17:12.3159140+07:00,2026/09/07 15:17:12.362, NVIDIA GeForce RTX 5060, 591.86, P8, 28, 0, 660, 8151, 8.18, 145.00, 210, 405, 1, 8
2026-09-07T15:17:17.3823685+07:00,2026/09/07 15:17:17.428, NVIDIA GeForce RTX 5060, 591.86, P8, 28, 0, 660, 8151, 8.47, 145.00, 210, 405, 1, 8
2026-09-07T15:17:22.4495686+07:00,2026/09/07 15:17:22.496, NVIDIA GeForce RTX 5060, 591.86, P8, 28, 0, 667, 8151, 8.31, 145.00, 210, 405, 1, 8
2026-09-07T15:17:27.5640234+07:00,2026/09/07 15:17:27.626, NVIDIA GeForce RTX 5060, 591.86, P8, 28, 0, 667, 8151, 8.31, 145.00, 210, 405, 1, 8
2026-09-07T15:17:32.6480359+07:00,2026/09/07 15:17:32.725, NVIDIA GeForce RTX 5060, 591.86, P8, 28, 0, 667, 8151, 8.32, 145.00, 225, 405, 1, 8
2026-09-07T15:17:37.7469619+07:00,2026/09/07 15:17:37.824, NVIDIA GeForce RTX 5060, 591.86, P8, 28, 0, 665, 8151, 8.34, 145.00, 210, 405, 1, 8
2026-09-07T15:17:42.8310718+07:00,2026/09/07 15:17:42.924, NVIDIA GeForce RTX 5060, 591.86, P8, 28, 0, 660, 8151, 8.30, 145.00, 210, 405, 1, 8
2026-09-07T15:17:47.9453406+07:00,2026/09/07 15:17:48.053, NVIDIA GeForce RTX 5060, 591.86, P8, 28, 0, 660, 8151, 8.22, 145.00, 210, 405, 1, 8
2026-09-07T15:17:53.0603344+07:00,2026/09/07 15:17:53.153, NVIDIA GeForce RTX 5060, 591.86, P8, 28, 0, 660, 8151, 8.23, 145.00, 210, 405, 1, 8
2026-09-07T15:17:58.2061559+07:00,2026/09/07 15:17:58.238, NVIDIA GeForce RTX 5060, 591.86, P8, 28, 0, 660, 8151, 8.32, 145.00, 225, 405, 1, 8
2026-09-07T15:18:03.2560662+07:00,2026/09/07 15:18:03.287, NVIDIA GeForce RTX 5060, 591.86, P8, 27, 0, 660, 8151, 8.30, 145.00, 225, 405, 1, 8
2026-09-07T15:18:08.3082881+07:00,2026/09/07 15:18:08.354, NVIDIA GeForce RTX 5060, 591.86, P8, 27, 0, 660, 8151, 8.23, 145.00, 210, 405, 1, 8
2026-09-07T15:18:13.3754629+07:00,2026/09/07 15:18:13.421, NVIDIA GeForce RTX 5060, 591.86, P8, 27, 0, 660, 8151, 8.11, 145.00, 210, 405, 1, 8
2026-09-07T15:18:18.4416456+07:00,2026/09/07 15:18:18.472, NVIDIA GeForce RTX 5060, 591.86, P8, 27, 0, 660, 8151, 8.52, 145.00, 210, 405, 1, 8
2026-09-07T15:18:23.4792229+07:00,2026/09/07 15:18:23.556, NVIDIA GeForce RTX 5060, 591.86, P8, 27, 0, 660, 8151, 8.10, 145.00, 225, 405, 1, 8
2026-09-07T15:18:28.6255957+07:00,2026/09/07 15:18:28.672, NVIDIA GeForce RTX 5060, 591.86, P8, 27, 0, 660, 8151, 8.28, 145.00, 225, 405, 1, 8
2026-09-07T15:18:33.6930623+07:00,2026/09/07 15:18:33.739, NVIDIA GeForce RTX 5060, 591.86, P8, 27, 0, 660, 8151, 8.21, 145.00, 210, 405, 1, 8
2026-09-07T15:18:38.7593571+07:00,2026/09/07 15:18:38.805, NVIDIA GeForce RTX 5060, 591.86, P8, 27, 0, 660, 8151, 8.60, 145.00, 210, 405, 1, 8
2026-09-07T15:18:43.8126554+07:00,2026/09/07 15:18:43.859, NVIDIA GeForce RTX 5060, 591.86, P8, 27, 0, 660, 8151, 8.32, 145.00, 210, 405, 1, 8
2026-09-07T15:18:48.8795340+07:00,2026/09/07 15:18:48.926, NVIDIA GeForce RTX 5060, 591.86, P8, 27, 0, 660, 8151, 8.48, 145.00, 217, 405, 1, 8
2026-09-07T15:18:53.9453454+07:00,2026/09/07 15:18:53.991, NVIDIA GeForce RTX 5060, 591.86, P8, 27, 0, 660, 8151, 8.36, 145.00, 225, 405, 1, 8
2026-09-07T15:18:59.0580308+07:00,2026/09/07 15:18:59.104, NVIDIA GeForce RTX 5060, 591.86, P8, 27, 0, 660, 8151, 8.32, 145.00, 210, 405, 1, 8
2026-09-07T15:19:04.1229022+07:00,2026/09/07 15:19:04.169, NVIDIA GeForce RTX 5060, 591.86, P8, 27, 0, 660, 8151, 8.49, 145.00, 210, 405, 1, 8
2026-09-07T15:19:09.1889797+07:00,2026/09/07 15:19:09.235, NVIDIA GeForce RTX 5060, 591.86, P8, 27, 0, 660, 8151, 8.72, 145.00, 210, 405, 1, 8
2026-09-07T15:19:14.2548750+07:00,2026/09/07 15:19:14.301, NVIDIA GeForce RTX 5060, 591.86, P8, 27, 0, 660, 8151, 8.71, 145.00, 210, 405, 1, 8
2026-09-07T15:19:19.3196643+07:00,2026/09/07 15:19:19.366, NVIDIA GeForce RTX 5060, 591.86, P8, 27, 0, 660, 8151, 8.33, 145.00, 225, 405, 1, 8
2026-09-07T15:19:24.3873981+07:00,2026/09/07 15:19:24.449, NVIDIA GeForce RTX 5060, 591.86, P5, 28, 0, 660, 8151, 12.21, 145.00, 217, 810, 2, 8
2026-09-07T15:19:29.5310676+07:00,2026/09/07 15:19:29.562, NVIDIA GeForce RTX 5060, 591.86, P1, 28, 0, 660, 8151, 15.03, 145.00, 210, 14001, 4, 8
2026-09-07T15:19:34.5820072+07:00,2026/09/07 15:19:34.628, NVIDIA GeForce RTX 5060, 591.86, P8, 28, 0, 660, 8151, 8.44, 145.00, 210, 405, 1, 8
2026-09-07T15:19:39.6475932+07:00,2026/09/07 15:19:39.694, NVIDIA GeForce RTX 5060, 591.86, P8, 27, 0, 660, 8151, 8.40, 145.00, 210, 405, 1, 8
2026-09-07T15:19:44.7127956+07:00,2026/09/07 15:19:44.759, NVIDIA GeForce RTX 5060, 591.86, P8, 27, 0, 660, 8151, 8.53, 145.00, 210, 405, 1, 8
2026-09-07T15:19:49.7798214+07:00,2026/09/07 15:19:49.826, NVIDIA GeForce RTX 5060, 591.86, P8, 27, 0, 660, 8151, 8.49, 145.00, 210, 405, 1, 8
2026-09-07T15:19:54.8477124+07:00,2026/09/07 15:19:54.940, NVIDIA GeForce RTX 5060, 591.86, P8, 27, 0, 660, 8151, 8.51, 145.00, 210, 405, 1, 8
2026-09-07T15:20:00.0066811+07:00,2026/09/07 15:20:00.052, NVIDIA GeForce RTX 5060, 591.86, P8, 27, 0, 660, 8151, 8.54, 145.00, 210, 405, 1, 8
2026-09-07T15:20:05.0735058+07:00,2026/09/07 15:20:05.120, NVIDIA GeForce RTX 5060, 591.86, P8, 27, 0, 660, 8151, 8.48, 145.00, 210, 405, 1, 8
2026-09-07T15:20:10.1380932+07:00,2026/09/07 15:20:10.184, NVIDIA GeForce RTX 5060, 591.86, P8, 27, 0, 660, 8151, 8.54, 145.00, 210, 405, 1, 8
2026-09-07T15:20:15.2065667+07:00,2026/09/07 15:20:15.346, NVIDIA GeForce RTX 5060, 591.86, P8, 27, 0, 660, 8151, 8.43, 145.00, 210, 405, 1, 8
2026-09-07T15:20:20.3655513+07:00,2026/09/07 15:20:20.412, NVIDIA GeForce RTX 5060, 591.86, P8, 27, 0, 660, 8151, 8.55, 145.00, 210, 405, 1, 8
2026-09-07T15:20:25.4325295+07:00,2026/09/07 15:20:25.510, NVIDIA GeForce RTX 5060, 591.86, P8, 27, 0, 660, 8151, 8.49, 145.00, 202, 405, 1, 8
2026-09-07T15:20:30.5945258+07:00,2026/09/07 15:20:30.703, NVIDIA GeForce RTX 5060, 591.86, P8, 27, 0, 660, 8151, 8.56, 145.00, 210, 405, 1, 8
2026-09-07T15:20:35.7229102+07:00,2026/09/07 15:20:35.862, NVIDIA GeForce RTX 5060, 591.86, P8, 27, 0, 660, 8151, 8.35, 145.00, 210, 405, 1, 8
2026-09-07T15:20:40.8841551+07:00,2026/09/07 15:20:40.961, NVIDIA GeForce RTX 5060, 591.86, P8, 27, 0, 660, 8151, 8.60, 145.00, 210, 405, 1, 8
2026-09-07T15:20:45.9807166+07:00,2026/09/07 15:20:46.042, NVIDIA GeForce RTX 5060, 591.86, P8, 27, 0, 660, 8151, 8.66, 145.00, 210, 405, 1, 8
2026-09-07T15:20:51.0956541+07:00,2026/09/07 15:20:51.142, NVIDIA GeForce RTX 5060, 591.86, P8, 27, 0, 660, 8151, 8.60, 145.00, 210, 405, 1, 8
2026-09-07T15:20:56.1632884+07:00,2026/09/07 15:20:56.209, NVIDIA GeForce RTX 5060, 591.86, P1, 28, 0, 660, 8151, 15.38, 145.00, 210, 14001, 4, 8
2026-09-07T15:21:01.2783276+07:00,2026/09/07 15:21:01.324, NVIDIA GeForce RTX 5060, 591.86, P8, 27, 0, 660, 8151, 8.58, 145.00, 210, 405, 1, 8
2026-09-07T15:21:06.3459467+07:00,2026/09/07 15:21:06.392, NVIDIA GeForce RTX 5060, 591.86, P8, 27, 0, 660, 8151, 8.54, 145.00, 210, 405, 1, 8
2026-09-07T15:21:11.4140224+07:00,2026/09/07 15:21:11.522, NVIDIA GeForce RTX 5060, 591.86, P8, 27, 0, 660, 8151, 8.68, 145.00, 210, 405, 1, 8
2026-09-07T15:21:16.5429121+07:00,2026/09/07 15:21:16.589, NVIDIA GeForce RTX 5060, 591.86, P8, 27, 0, 660, 8151, 8.56, 145.00, 210, 405, 1, 8
2026-09-07T15:21:21.6106099+07:00,2026/09/07 15:21:21.688, NVIDIA GeForce RTX 5060, 591.86, P8, 27, 0, 660, 8151, 8.62, 145.00, 210, 405, 1, 8
2026-09-07T15:21:26.7097132+07:00,2026/09/07 15:21:26.756, NVIDIA GeForce RTX 5060, 591.86, P3, 28, 0, 660, 8151, 14.38, 145.00, 210, 7001, 2, 8
2026-09-07T15:21:31.8242810+07:00,2026/09/07 15:21:31.870, NVIDIA GeForce RTX 5060, 591.86, P1, 28, 0, 665, 8151, 15.32, 145.00, 247, 14001, 4, 8
2026-09-07T15:21:36.8903848+07:00,2026/09/07 15:21:37.138, NVIDIA GeForce RTX 5060, 591.86, P8, 28, 0, 665, 8151, 8.57, 145.00, 210, 405, 1, 8
2026-09-07T15:21:42.1588539+07:00,2026/09/07 15:21:42.236, NVIDIA GeForce RTX 5060, 591.86, P8, 28, 0, 665, 8151, 8.66, 145.00, 210, 405, 1, 8
2026-09-07T15:21:47.2572044+07:00,2026/09/07 15:21:47.319, NVIDIA GeForce RTX 5060, 591.86, P1, 28, 0, 665, 8151, 15.17, 145.00, 210, 14001, 4, 8
2026-09-07T15:21:52.3402662+07:00,2026/09/07 15:21:52.402, NVIDIA GeForce RTX 5060, 591.86, P8, 28, 0, 665, 8151, 8.46, 145.00, 210, 405, 1, 8
2026-09-07T15:21:57.4205725+07:00,2026/09/07 15:21:57.498, NVIDIA GeForce RTX 5060, 591.86, P8, 27, 0, 661, 8151, 8.56, 145.00, 210, 405, 1, 8
2026-09-07T15:22:02.5507590+07:00,2026/09/07 15:22:02.597, NVIDIA GeForce RTX 5060, 591.86, P8, 28, 0, 661, 8151, 8.45, 145.00, 210, 405, 1, 8
2026-09-07T15:22:07.6192687+07:00,2026/09/07 15:22:07.665, NVIDIA GeForce RTX 5060, 591.86, P8, 28, 0, 660, 8151, 8.58, 145.00, 210, 405, 1, 8
2026-09-07T15:22:12.6877042+07:00,2026/09/07 15:22:12.734, NVIDIA GeForce RTX 5060, 591.86, P8, 27, 0, 660, 8151, 8.57, 145.00, 210, 405, 1, 8
2026-09-07T15:22:17.7559585+07:00,2026/09/07 15:22:17.802, NVIDIA GeForce RTX 5060, 591.86, P8, 27, 0, 660, 8151, 8.60, 145.00, 210, 405, 1, 8
2026-09-07T15:22:22.8236588+07:00,2026/09/07 15:22:22.885, NVIDIA GeForce RTX 5060, 591.86, P8, 27, 0, 660, 8151, 8.62, 145.00, 210, 405, 1, 8
2026-09-07T15:22:27.8921899+07:00,2026/09/07 15:22:27.938, NVIDIA GeForce RTX 5060, 591.86, P1, 28, 0, 660, 8151, 15.19, 145.00, 210, 14001, 4, 8
2026-09-07T15:22:32.9914666+07:00,2026/09/07 15:22:33.130, NVIDIA GeForce RTX 5060, 591.86, P8, 28, 0, 660, 8151, 8.55, 145.00, 210, 405, 1, 8
2026-09-07T15:22:38.1671875+07:00,2026/09/07 15:22:38.244, NVIDIA GeForce RTX 5060, 591.86, P8, 27, 0, 660, 8151, 8.54, 145.00, 210, 405, 1, 8
2026-09-07T15:22:43.2645848+07:00,2026/09/07 15:22:43.311, NVIDIA GeForce RTX 5060, 591.86, P8, 27, 0, 660, 8151, 8.42, 145.00, 210, 405, 1, 8
2026-09-07T15:22:48.3311658+07:00,2026/09/07 15:22:48.377, NVIDIA GeForce RTX 5060, 591.86, P8, 27, 0, 660, 8151, 8.41, 145.00, 210, 405, 1, 8
2026-09-07T15:22:53.3957615+07:00,2026/09/07 15:22:53.442, NVIDIA GeForce RTX 5060, 591.86, P8, 27, 0, 660, 8151, 8.41, 145.00, 202, 405, 1, 8
2026-09-07T15:22:58.4612180+07:00,2026/09/07 15:22:58.507, NVIDIA GeForce RTX 5060, 591.86, P3, 28, 0, 660, 8151, 15.08, 145.00, 210, 7001, 4, 8
2026-09-07T15:23:03.5899391+07:00,2026/09/07 15:23:03.636, NVIDIA GeForce RTX 5060, 591.86, P8, 28, 0, 660, 8151, 8.54, 145.00, 210, 405, 1, 8
2026-09-07T15:23:08.6554851+07:00,2026/09/07 15:23:08.701, NVIDIA GeForce RTX 5060, 591.86, P8, 27, 0, 660, 8151, 8.42, 145.00, 210, 405, 1, 8
2026-09-07T15:23:13.7207869+07:00,2026/09/07 15:23:13.782, NVIDIA GeForce RTX 5060, 591.86, P8, 27, 0, 660, 8151, 8.52, 145.00, 210, 405, 1, 8
2026-09-07T15:23:18.8022813+07:00,2026/09/07 15:23:18.910, NVIDIA GeForce RTX 5060, 591.86, P8, 27, 0, 660, 8151, 8.52, 145.00, 210, 405, 1, 8
2026-09-07T15:23:23.9307628+07:00,2026/09/07 15:23:23.977, NVIDIA GeForce RTX 5060, 591.86, P8, 27, 0, 660, 8151, 8.13, 145.00, 210, 405, 1, 8
2026-09-07T15:23:28.9976526+07:00,2026/09/07 15:23:29.044, NVIDIA GeForce RTX 5060, 591.86, P8, 27, 0, 660, 8151, 7.91, 145.00, 210, 405, 1, 8
2026-09-07T15:23:34.1085323+07:00,2026/09/07 15:23:34.170, NVIDIA GeForce RTX 5060, 591.86, P8, 27, 0, 660, 8151, 7.95, 145.00, 210, 405, 1, 8
2026-09-07T15:23:39.1901648+07:00,2026/09/07 15:23:39.236, NVIDIA GeForce RTX 5060, 591.86, P8, 27, 0, 667, 8151, 8.47, 145.00, 210, 405, 1, 8
2026-09-07T15:23:44.2543335+07:00,2026/09/07 15:23:44.331, NVIDIA GeForce RTX 5060, 591.86, P8, 27, 0, 667, 8151, 8.33, 145.00, 210, 405, 1, 8
2026-09-07T15:23:49.3512150+07:00,2026/09/07 15:23:49.397, NVIDIA GeForce RTX 5060, 591.86, P5, 28, 0, 667, 8151, 10.28, 145.00, 247, 810, 2, 8
2026-09-07T15:23:54.4141064+07:00,2026/09/07 15:23:54.460, NVIDIA GeForce RTX 5060, 591.86, P5, 28, 0, 665, 8151, 12.55, 145.00, 270, 810, 2, 8
2026-09-07T15:23:59.4783225+07:00,2026/09/07 15:23:59.524, NVIDIA GeForce RTX 5060, 591.86, P8, 28, 0, 660, 8151, 8.29, 145.00, 210, 405, 1, 8
2026-09-07T15:24:04.5922124+07:00,2026/09/07 15:24:04.638, NVIDIA GeForce RTX 5060, 591.86, P8, 28, 0, 660, 8151, 8.57, 145.00, 210, 405, 1, 8
2026-09-07T15:24:09.6542997+07:00,2026/09/07 15:24:09.685, NVIDIA GeForce RTX 5060, 591.86, P8, 28, 0, 660, 8151, 8.50, 145.00, 210, 405, 1, 8
2026-09-07T15:24:14.7030970+07:00,2026/09/07 15:24:14.734, NVIDIA GeForce RTX 5060, 591.86, P8, 27, 0, 660, 8151, 8.44, 145.00, 210, 405, 1, 8
2026-09-07T15:24:19.7532959+07:00,2026/09/07 15:24:19.799, NVIDIA GeForce RTX 5060, 591.86, P8, 28, 0, 660, 8151, 8.50, 145.00, 210, 405, 1, 8
2026-09-07T15:24:24.8198192+07:00,2026/09/07 15:24:24.866, NVIDIA GeForce RTX 5060, 591.86, P8, 28, 0, 660, 8151, 8.51, 145.00, 210, 405, 1, 8
2026-09-07T15:24:29.8862296+07:00,2026/09/07 15:24:29.932, NVIDIA GeForce RTX 5060, 591.86, P8, 27, 0, 660, 8151, 8.41, 145.00, 255, 405, 1, 8
2026-09-07T15:24:34.9986211+07:00,2026/09/07 15:24:35.046, NVIDIA GeForce RTX 5060, 591.86, P8, 27, 0, 660, 8151, 8.59, 145.00, 210, 405, 1, 8
2026-09-07T15:24:40.0637171+07:00,2026/09/07 15:24:40.110, NVIDIA GeForce RTX 5060, 591.86, P8, 27, 0, 660, 8151, 8.50, 145.00, 210, 405, 1, 8
2026-09-07T15:24:45.1300881+07:00,2026/09/07 15:24:45.176, NVIDIA GeForce RTX 5060, 591.86, P8, 27, 0, 660, 8151, 8.52, 145.00, 202, 405, 1, 8
2026-09-07T15:24:50.1967409+07:00,2026/09/07 15:24:50.243, NVIDIA GeForce RTX 5060, 591.86, P8, 27, 1, 660, 8151, 8.52, 145.00, 210, 405, 1, 8
2026-09-07T15:24:55.2630978+07:00,2026/09/07 15:24:55.294, NVIDIA GeForce RTX 5060, 591.86, P8, 27, 0, 660, 8151, 8.57, 145.00, 210, 405, 1, 8
2026-09-07T15:25:00.3132151+07:00,2026/09/07 15:25:00.359, NVIDIA GeForce RTX 5060, 591.86, P8, 27, 0, 660, 8151, 8.57, 145.00, 210, 405, 1, 8
2026-09-07T15:25:05.4228750+07:00,2026/09/07 15:25:05.469, NVIDIA GeForce RTX 5060, 591.86, P8, 27, 0, 660, 8151, 8.63, 145.00, 262, 405, 1, 8
2026-09-07T15:25:10.4877607+07:00,2026/09/07 15:25:10.534, NVIDIA GeForce RTX 5060, 591.86, P8, 27, 0, 660, 8151, 8.51, 145.00, 210, 405, 1, 8
2026-09-07T15:25:15.5530453+07:00,2026/09/07 15:25:15.599, NVIDIA GeForce RTX 5060, 591.86, P5, 28, 0, 660, 8151, 8.87, 145.00, 210, 810, 2, 8
2026-09-07T15:25:20.6186551+07:00,2026/09/07 15:25:20.665, NVIDIA GeForce RTX 5060, 591.86, P8, 27, 0, 660, 8151, 8.59, 145.00, 210, 405, 1, 8
2026-09-07T15:25:25.6864836+07:00,2026/09/07 15:25:25.717, NVIDIA GeForce RTX 5060, 591.86, P8, 27, 0, 660, 8151, 8.55, 145.00, 210, 405, 1, 8
2026-09-07T15:25:30.7366081+07:00,2026/09/07 15:25:30.783, NVIDIA GeForce RTX 5060, 591.86, P8, 28, 0, 660, 8151, 8.60, 145.00, 210, 405, 1, 8
2026-09-07T15:25:35.8485061+07:00,2026/09/07 15:25:35.895, NVIDIA GeForce RTX 5060, 591.86, P8, 28, 0, 660, 8151, 8.45, 145.00, 210, 405, 1, 8
2026-09-07T15:25:40.9138206+07:00,2026/09/07 15:25:40.960, NVIDIA GeForce RTX 5060, 591.86, P8, 27, 0, 660, 8151, 8.64, 145.00, 210, 405, 1, 8
2026-09-07T15:25:45.9798820+07:00,2026/09/07 15:25:46.026, NVIDIA GeForce RTX 5060, 591.86, P8, 27, 0, 660, 8151, 8.50, 145.00, 210, 405, 1, 8
2026-09-07T15:25:51.0481425+07:00,2026/09/07 15:25:51.110, NVIDIA GeForce RTX 5060, 591.86, P8, 28, 1, 660, 8151, 8.57, 145.00, 262, 405, 1, 8
2026-09-07T15:25:56.1303656+07:00,2026/09/07 15:25:56.176, NVIDIA GeForce RTX 5060, 591.86, P8, 27, 0, 660, 8151, 8.47, 145.00, 217, 405, 1, 8
2026-09-07T15:26:01.1964933+07:00,2026/09/07 15:26:01.258, NVIDIA GeForce RTX 5060, 591.86, P8, 27, 0, 660, 8151, 8.27, 145.00, 210, 405, 1, 8
2026-09-07T15:26:06.3263442+07:00,2026/09/07 15:26:06.372, NVIDIA GeForce RTX 5060, 591.86, P8, 27, 0, 660, 8151, 8.58, 145.00, 202, 405, 1, 8
2026-09-07T15:26:11.3945308+07:00,2026/09/07 15:26:11.441, NVIDIA GeForce RTX 5060, 591.86, P8, 27, 0, 660, 8151, 8.48, 145.00, 255, 405, 1, 8
2026-09-07T15:26:16.4620186+07:00,2026/09/07 15:26:16.508, NVIDIA GeForce RTX 5060, 591.86, P8, 27, 0, 660, 8151, 8.47, 145.00, 217, 405, 1, 8
2026-09-07T15:26:21.5300218+07:00,2026/09/07 15:26:21.592, NVIDIA GeForce RTX 5060, 591.86, P8, 27, 0, 660, 8151, 8.49, 145.00, 255, 405, 1, 8
2026-09-07T15:26:26.6282228+07:00,2026/09/07 15:26:26.674, NVIDIA GeForce RTX 5060, 591.86, P8, 28, 2, 660, 8151, 9.24, 145.00, 465, 405, 1, 8
2026-09-07T15:26:31.6966419+07:00,2026/09/07 15:26:31.773, NVIDIA GeForce RTX 5060, 591.86, P8, 28, 0, 660, 8151, 9.55, 145.00, 210, 405, 1, 8
2026-09-07T15:26:36.8424708+07:00,2026/09/07 15:26:36.888, NVIDIA GeForce RTX 5060, 591.86, P8, 28, 2, 660, 8151, 9.83, 145.00, 457, 405, 1, 8
2026-09-07T15:26:41.9107562+07:00,2026/09/07 15:26:41.957, NVIDIA GeForce RTX 5060, 591.86, P8, 28, 2, 660, 8151, 9.90, 145.00, 457, 405, 1, 8
2026-09-07T15:26:46.9792658+07:00,2026/09/07 15:26:47.056, NVIDIA GeForce RTX 5060, 591.86, P8, 28, 2, 660, 8151, 10.05, 145.00, 450, 405, 1, 8
2026-09-07T15:26:52.0787910+07:00,2026/09/07 15:26:52.125, NVIDIA GeForce RTX 5060, 591.86, P8, 28, 2, 660, 8151, 10.02, 145.00, 465, 405, 1, 8
2026-09-07T15:26:57.1473960+07:00,2026/09/07 15:26:57.193, NVIDIA GeForce RTX 5060, 591.86, P8, 28, 2, 660, 8151, 10.01, 145.00, 472, 405, 1, 8
2026-09-07T15:27:02.2159604+07:00,2026/09/07 15:27:02.262, NVIDIA GeForce RTX 5060, 591.86, P8, 28, 2, 660, 8151, 9.95, 145.00, 465, 405, 1, 8
2026-09-07T15:27:07.3315309+07:00,2026/09/07 15:27:07.409, NVIDIA GeForce RTX 5060, 591.86, P8, 28, 2, 660, 8151, 9.95, 145.00, 472, 405, 1, 8
2026-09-07T15:27:12.4308444+07:00,2026/09/07 15:27:12.477, NVIDIA GeForce RTX 5060, 591.86, P8, 28, 2, 660, 8151, 9.98, 145.00, 442, 405, 1, 8
2026-09-07T15:27:17.4997791+07:00,2026/09/07 15:27:17.561, NVIDIA GeForce RTX 5060, 591.86, P8, 28, 2, 660, 8151, 10.05, 145.00, 472, 405, 1, 8
2026-09-07T15:27:22.5836128+07:00,2026/09/07 15:27:22.614, NVIDIA GeForce RTX 5060, 591.86, P8, 28, 2, 660, 8151, 10.03, 145.00, 465, 405, 1, 8
2026-09-07T15:27:27.6214282+07:00,2026/09/07 15:27:27.652, NVIDIA GeForce RTX 5060, 591.86, P8, 28, 2, 660, 8151, 10.01, 145.00, 480, 405, 1, 8
2026-09-07T15:27:32.6589518+07:00,2026/09/07 15:27:32.705, NVIDIA GeForce RTX 5060, 591.86, P8, 28, 2, 660, 8151, 9.95, 145.00, 465, 405, 1, 8
2026-09-07T15:27:37.7739518+07:00,2026/09/07 15:27:37.804, NVIDIA GeForce RTX 5060, 591.86, P8, 28, 2, 660, 8151, 10.04, 145.00, 450, 405, 1, 8
2026-09-07T15:27:42.8273566+07:00,2026/09/07 15:27:42.858, NVIDIA GeForce RTX 5060, 591.86, P8, 28, 2, 660, 8151, 10.05, 145.00, 495, 405, 1, 8
2026-09-07T15:27:47.8648578+07:00,2026/09/07 15:27:47.988, NVIDIA GeForce RTX 5060, 591.86, P0, 29, 1, 768, 8151, 15.97, 145.00, 2602, 14201, 4, 8
2026-09-07T15:27:53.1349605+07:00,2026/09/07 15:27:53.289, NVIDIA GeForce RTX 5060, 591.86, P3, 29, 2, 703, 8151, 16.23, 145.00, 802, 7001, 4, 8
2026-09-07T15:27:58.3122192+07:00,2026/09/07 15:27:58.374, NVIDIA GeForce RTX 5060, 591.86, P5, 28, 3, 745, 8151, 17.71, 145.00, 712, 810, 2, 8
2026-09-07T15:28:03.3963552+07:00,2026/09/07 15:28:03.458, NVIDIA GeForce RTX 5060, 591.86, P8, 28, 0, 782, 8151, 9.85, 145.00, 307, 405, 1, 8
2026-09-07T15:28:08.5415217+07:00,2026/09/07 15:28:08.619, NVIDIA GeForce RTX 5060, 591.86, P8, 28, 1, 786, 8151, 10.45, 145.00, 450, 405, 1, 8
2026-09-07T15:28:13.6412041+07:00,2026/09/07 15:28:13.703, NVIDIA GeForce RTX 5060, 591.86, P8, 28, 0, 786, 8151, 8.71, 145.00, 210, 405, 1, 8
2026-09-07T15:28:18.7250647+07:00,2026/09/07 15:28:18.787, NVIDIA GeForce RTX 5060, 591.86, P8, 28, 0, 786, 8151, 8.74, 145.00, 210, 405, 1, 8
2026-09-07T15:28:23.8090752+07:00,2026/09/07 15:28:23.902, NVIDIA GeForce RTX 5060, 591.86, P5, 28, 4, 712, 8151, 11.36, 145.00, 1005, 810, 2, 8
2026-09-07T15:28:28.9240738+07:00,2026/09/07 15:28:28.970, NVIDIA GeForce RTX 5060, 591.86, P8, 28, 1, 712, 8151, 9.87, 145.00, 352, 405, 1, 8
2026-09-07T15:28:33.9923556+07:00,2026/09/07 15:28:34.054, NVIDIA GeForce RTX 5060, 591.86, P8, 28, 0, 708, 8151, 9.40, 145.00, 247, 405, 1, 8
2026-09-07T15:28:39.1536022+07:00,2026/09/07 15:28:39.184, NVIDIA GeForce RTX 5060, 591.86, P8, 28, 0, 712, 8151, 9.24, 145.00, 337, 405, 1, 8
2026-09-07T15:28:44.2051375+07:00,2026/09/07 15:28:44.236, NVIDIA GeForce RTX 5060, 591.86, P8, 28, 41, 715, 8151, 9.69, 145.00, 465, 405, 1, 8
2026-09-07T15:28:49.2573739+07:00,2026/09/07 15:28:49.288, NVIDIA GeForce RTX 5060, 591.86, P8, 28, 40, 721, 8151, 9.59, 145.00, 232, 405, 1, 8
2026-09-07T15:28:54.3100489+07:00,2026/09/07 15:28:54.341, NVIDIA GeForce RTX 5060, 591.86, P8, 28, 3, 721, 8151, 9.69, 145.00, 517, 405, 1, 8
2026-09-07T15:28:59.3477319+07:00,2026/09/07 15:28:59.378, NVIDIA GeForce RTX 5060, 591.86, P8, 28, 2, 714, 8151, 9.35, 145.00, 307, 405, 1, 8
2026-09-07T15:29:04.4006273+07:00,2026/09/07 15:29:04.431, NVIDIA GeForce RTX 5060, 591.86, P8, 28, 3, 714, 8151, 10.89, 145.00, 652, 405, 1, 8
2026-09-07T15:29:09.4995393+07:00,2026/09/07 15:29:09.530, NVIDIA GeForce RTX 5060, 591.86, P8, 28, 1, 714, 8151, 9.70, 145.00, 405, 405, 1, 8
2026-09-07T15:29:14.5373255+07:00,2026/09/07 15:29:14.599, NVIDIA GeForce RTX 5060, 591.86, P8, 28, 2, 714, 8151, 9.49, 145.00, 315, 405, 1, 8
2026-09-07T15:29:19.6372348+07:00,2026/09/07 15:29:19.714, NVIDIA GeForce RTX 5060, 591.86, P8, 28, 0, 713, 8151, 9.28, 145.00, 300, 405, 1, 8
2026-09-07T15:29:24.7368139+07:00,2026/09/07 15:29:24.814, NVIDIA GeForce RTX 5060, 591.86, P8, 28, 4, 713, 8151, 9.12, 145.00, 307, 405, 1, 8
2026-09-07T15:29:29.8364016+07:00,2026/09/07 15:29:29.898, NVIDIA GeForce RTX 5060, 591.86, P8, 28, 0, 713, 8151, 9.10, 145.00, 285, 405, 1, 8
2026-09-07T15:29:34.9515846+07:00,2026/09/07 15:29:35.013, NVIDIA GeForce RTX 5060, 591.86, P8, 28, 10, 713, 8151, 9.15, 145.00, 210, 405, 1, 8
2026-09-07T15:29:40.0823363+07:00,2026/09/07 15:29:40.159, NVIDIA GeForce RTX 5060, 591.86, P8, 28, 0, 713, 8151, 8.94, 145.00, 210, 405, 1, 8
2026-09-07T15:29:45.1818284+07:00,2026/09/07 15:29:45.290, NVIDIA GeForce RTX 5060, 591.86, P8, 28, 0, 713, 8151, 8.91, 145.00, 210, 405, 1, 8
2026-09-07T15:29:50.3124182+07:00,2026/09/07 15:29:50.374, NVIDIA GeForce RTX 5060, 591.86, P8, 28, 0, 713, 8151, 9.06, 145.00, 210, 405, 1, 8
2026-09-07T15:29:55.3967686+07:00,2026/09/07 15:29:55.458, NVIDIA GeForce RTX 5060, 591.86, P8, 28, 0, 713, 8151, 9.10, 145.00, 210, 405, 1, 8
2026-09-07T15:30:00.4812883+07:00,2026/09/07 15:30:00.543, NVIDIA GeForce RTX 5060, 591.86, P8, 28, 0, 713, 8151, 9.15, 145.00, 210, 405, 1, 8
2026-09-07T15:30:05.5652276+07:00,2026/09/07 15:30:05.627, NVIDIA GeForce RTX 5060, 591.86, P8, 28, 0, 713, 8151, 9.04, 145.00, 315, 405, 1, 8
2026-09-07T15:30:10.6958202+07:00,2026/09/07 15:30:10.990, NVIDIA GeForce RTX 5060, 591.86, P8, 28, 0, 713, 8151, 9.02, 145.00, 210, 405, 1, 8
2026-09-07T15:30:16.0123329+07:00,2026/09/07 15:30:16.074, NVIDIA GeForce RTX 5060, 591.86, P8, 28, 9, 713, 8151, 9.02, 145.00, 210, 405, 1, 8
2026-09-07T15:30:21.0964511+07:00,2026/09/07 15:30:21.158, NVIDIA GeForce RTX 5060, 591.86, P8, 28, 0, 713, 8151, 9.24, 145.00, 285, 405, 1, 8
2026-09-07T15:30:26.1805268+07:00,2026/09/07 15:30:26.274, NVIDIA GeForce RTX 5060, 591.86, P8, 28, 0, 713, 8151, 9.13, 145.00, 262, 405, 1, 8
2026-09-07T15:30:31.2955268+07:00,2026/09/07 15:30:31.373, NVIDIA GeForce RTX 5060, 591.86, P8, 28, 2, 713, 8151, 10.12, 145.00, 472, 405, 1, 8
2026-09-07T15:30:36.3950744+07:00,2026/09/07 15:30:36.503, NVIDIA GeForce RTX 5060, 591.86, P8, 28, 2, 713, 8151, 10.23, 145.00, 495, 405, 1, 8
2026-09-07T15:30:41.5720745+07:00,2026/09/07 15:30:41.727, NVIDIA GeForce RTX 5060, 591.86, P8, 28, 2, 713, 8151, 10.20, 145.00, 412, 405, 1, 8
2026-09-07T15:30:46.7491236+07:00,2026/09/07 15:30:46.841, NVIDIA GeForce RTX 5060, 591.86, P8, 28, 2, 713, 8151, 10.27, 145.00, 502, 405, 1, 8
2026-09-07T15:30:51.8631811+07:00,2026/09/07 15:30:51.971, NVIDIA GeForce RTX 5060, 591.86, P8, 28, 2, 711, 8151, 10.24, 145.00, 487, 405, 1, 8
2026-09-07T15:30:56.9937852+07:00,2026/09/07 15:30:57.195, NVIDIA GeForce RTX 5060, 591.86, P8, 28, 2, 696, 8151, 10.49, 145.00, 510, 405, 1, 8
2026-09-07T15:31:02.2170305+07:00,2026/09/07 15:31:02.248, NVIDIA GeForce RTX 5060, 591.86, P8, 28, 2, 692, 8151, 10.12, 145.00, 487, 405, 1, 8
2026-09-07T15:31:07.2695976+07:00,2026/09/07 15:31:07.300, NVIDIA GeForce RTX 5060, 591.86, P8, 28, 2, 692, 8151, 10.27, 145.00, 502, 405, 1, 8
2026-09-07T15:31:12.3689703+07:00,2026/09/07 15:31:12.446, NVIDIA GeForce RTX 5060, 591.86, P8, 28, 2, 692, 8151, 10.17, 145.00, 487, 405, 1, 8
2026-09-07T15:31:17.4680942+07:00,2026/09/07 15:31:17.530, NVIDIA GeForce RTX 5060, 591.86, P8, 28, 2, 692, 8151, 10.37, 145.00, 502, 405, 1, 8
2026-09-07T15:31:22.5830902+07:00,2026/09/07 15:31:22.691, NVIDIA GeForce RTX 5060, 591.86, P8, 28, 2, 692, 8151, 10.37, 145.00, 487, 405, 1, 8
2026-09-07T15:31:27.7135559+07:00,2026/09/07 15:31:27.776, NVIDIA GeForce RTX 5060, 591.86, P8, 28, 3, 692, 8151, 10.32, 145.00, 495, 405, 1, 8
2026-09-07T15:31:32.7977512+07:00,2026/09/07 15:31:32.859, NVIDIA GeForce RTX 5060, 591.86, P8, 28, 4, 692, 8151, 9.18, 145.00, 292, 405, 1, 8
2026-09-07T15:31:37.8813221+07:00,2026/09/07 15:31:37.989, NVIDIA GeForce RTX 5060, 591.86, P8, 28, 2, 692, 8151, 10.04, 145.00, 495, 405, 1, 8
2026-09-07T15:31:43.0583103+07:00,2026/09/07 15:31:43.120, NVIDIA GeForce RTX 5060, 591.86, P8, 28, 2, 692, 8151, 10.35, 145.00, 555, 405, 1, 8
2026-09-07T15:31:48.1429094+07:00,2026/09/07 15:31:48.189, NVIDIA GeForce RTX 5060, 591.86, P8, 28, 1, 692, 8151, 9.74, 145.00, 450, 405, 1, 8
2026-09-07T15:31:53.2112910+07:00,2026/09/07 15:31:53.304, NVIDIA GeForce RTX 5060, 591.86, P8, 28, 1, 692, 8151, 9.81, 145.00, 457, 405, 1, 8
2026-09-07T15:31:58.3266634+07:00,2026/09/07 15:31:58.388, NVIDIA GeForce RTX 5060, 591.86, P8, 28, 1, 692, 8151, 9.82, 145.00, 442, 405, 1, 8
2026-09-07T15:32:03.4102246+07:00,2026/09/07 15:32:03.472, NVIDIA GeForce RTX 5060, 591.86, P8, 28, 1, 692, 8151, 9.79, 145.00, 472, 405, 1, 8
2026-09-07T15:32:08.4950791+07:00,2026/09/07 15:32:08.557, NVIDIA GeForce RTX 5060, 591.86, P8, 28, 1, 692, 8151, 9.68, 145.00, 450, 405, 1, 8
2026-09-07T15:32:13.6259120+07:00,2026/09/07 15:32:13.672, NVIDIA GeForce RTX 5060, 591.86, P8, 28, 1, 692, 8151, 9.92, 145.00, 465, 405, 1, 8
2026-09-07T15:32:18.6939950+07:00,2026/09/07 15:32:18.740, NVIDIA GeForce RTX 5060, 591.86, P8, 28, 1, 692, 8151, 10.07, 145.00, 465, 405, 1, 8
2026-09-07T15:32:23.7918113+07:00,2026/09/07 15:32:23.853, NVIDIA GeForce RTX 5060, 591.86, P8, 28, 1, 692, 8151, 9.86, 145.00, 442, 405, 1, 8
2026-09-07T15:32:28.8714001+07:00,2026/09/07 15:32:28.995, NVIDIA GeForce RTX 5060, 591.86, P8, 28, 1, 692, 8151, 9.89, 145.00, 457, 405, 1, 8
2026-09-07T15:32:34.0145273+07:00,2026/09/07 15:32:34.061, NVIDIA GeForce RTX 5060, 591.86, P8, 28, 1, 692, 8151, 9.85, 145.00, 465, 405, 1, 8
2026-09-07T15:32:39.0781106+07:00,2026/09/07 15:32:39.140, NVIDIA GeForce RTX 5060, 591.86, P8, 28, 1, 692, 8151, 9.85, 145.00, 472, 405, 1, 8
2026-09-07T15:32:44.2073475+07:00,2026/09/07 15:32:44.253, NVIDIA GeForce RTX 5060, 591.86, P8, 28, 1, 692, 8151, 9.98, 145.00, 457, 405, 1, 8
2026-09-07T15:32:49.2760973+07:00,2026/09/07 15:32:49.338, NVIDIA GeForce RTX 5060, 591.86, P8, 28, 1, 692, 8151, 9.79, 145.00, 465, 405, 1, 8
2026-09-07T15:32:54.3570286+07:00,2026/09/07 15:32:54.434, NVIDIA GeForce RTX 5060, 591.86, P8, 28, 1, 692, 8151, 9.90, 145.00, 450, 405, 1, 8
2026-09-07T15:32:59.4566008+07:00,2026/09/07 15:32:59.503, NVIDIA GeForce RTX 5060, 591.86, P8, 28, 1, 692, 8151, 9.84, 145.00, 457, 405, 1, 8
2026-09-07T15:33:04.5243811+07:00,2026/09/07 15:33:04.601, NVIDIA GeForce RTX 5060, 591.86, P8, 28, 1, 692, 8151, 9.87, 145.00, 457, 405, 1, 8
2026-09-07T15:33:09.6239817+07:00,2026/09/07 15:33:09.670, NVIDIA GeForce RTX 5060, 591.86, P8, 28, 1, 692, 8151, 9.95, 145.00, 465, 405, 1, 8
2026-09-07T15:33:14.7392911+07:00,2026/09/07 15:33:14.801, NVIDIA GeForce RTX 5060, 591.86, P8, 28, 1, 692, 8151, 9.82, 145.00, 450, 405, 1, 8
2026-09-07T15:33:19.8234048+07:00,2026/09/07 15:33:19.885, NVIDIA GeForce RTX 5060, 591.86, P8, 28, 1, 692, 8151, 9.98, 145.00, 465, 405, 1, 8
2026-09-07T15:33:24.9074871+07:00,2026/09/07 15:33:24.969, NVIDIA GeForce RTX 5060, 591.86, P8, 28, 1, 692, 8151, 9.88, 145.00, 487, 405, 1, 8
2026-09-07T15:33:29.9919978+07:00,2026/09/07 15:33:30.038, NVIDIA GeForce RTX 5060, 591.86, P8, 28, 1, 692, 8151, 9.82, 145.00, 472, 405, 1, 8
2026-09-07T15:33:35.0607232+07:00,2026/09/07 15:33:35.122, NVIDIA GeForce RTX 5060, 591.86, P8, 28, 0, 692, 8151, 9.64, 145.00, 390, 405, 1, 8
2026-09-07T15:33:40.1417007+07:00,2026/09/07 15:33:40.172, NVIDIA GeForce RTX 5060, 591.86, P8, 28, 0, 692, 8151, 8.32, 145.00, 210, 405, 1, 8
2026-09-07T15:33:45.2373822+07:00,2026/09/07 15:33:45.268, NVIDIA GeForce RTX 5060, 591.86, P8, 28, 0, 692, 8151, 8.01, 145.00, 210, 405, 1, 8
2026-09-07T15:33:50.2879734+07:00,2026/09/07 15:33:50.318, NVIDIA GeForce RTX 5060, 591.86, P8, 28, 0, 692, 8151, 8.49, 145.00, 210, 405, 1, 8
2026-09-07T15:33:55.3362112+07:00,2026/09/07 15:33:55.367, NVIDIA GeForce RTX 5060, 591.86, P8, 28, 0, 692, 8151, 8.39, 145.00, 210, 405, 1, 8
2026-09-07T15:34:00.3847140+07:00,2026/09/07 15:34:00.414, NVIDIA GeForce RTX 5060, 591.86, P8, 28, 0, 692, 8151, 8.03, 145.00, 210, 405, 1, 8
2026-09-07T15:34:05.4320679+07:00,2026/09/07 15:34:05.463, NVIDIA GeForce RTX 5060, 591.86, P8, 28, 0, 692, 8151, 8.22, 145.00, 210, 405, 1, 8
2026-09-07T15:34:10.4792073+07:00,2026/09/07 15:34:10.510, NVIDIA GeForce RTX 5060, 591.86, P8, 28, 0, 692, 8151, 8.10, 145.00, 210, 405, 1, 8
2026-09-07T15:34:15.5728305+07:00,2026/09/07 15:34:15.603, NVIDIA GeForce RTX 5060, 591.86, P8, 28, 0, 692, 8151, 7.87, 145.00, 210, 405, 1, 8
2026-09-07T15:34:20.6211842+07:00,2026/09/07 15:34:20.652, NVIDIA GeForce RTX 5060, 591.86, P8, 28, 0, 692, 8151, 8.32, 145.00, 210, 405, 1, 8
2026-09-07T15:34:25.6683398+07:00,2026/09/07 15:34:25.699, NVIDIA GeForce RTX 5060, 591.86, P8, 28, 0, 692, 8151, 7.91, 145.00, 210, 405, 1, 8
2026-09-07T15:34:30.7192160+07:00,2026/09/07 15:34:30.750, NVIDIA GeForce RTX 5060, 591.86, P8, 28, 0, 692, 8151, 7.87, 145.00, 210, 405, 1, 8
2026-09-07T15:34:35.7671127+07:00,2026/09/07 15:34:35.798, NVIDIA GeForce RTX 5060, 591.86, P8, 28, 0, 692, 8151, 7.89, 145.00, 210, 405, 1, 8
2026-09-07T15:34:40.8139753+07:00,2026/09/07 15:34:40.844, NVIDIA GeForce RTX 5060, 591.86, P8, 27, 0, 692, 8151, 7.94, 145.00, 210, 405, 1, 8
2026-09-07T15:34:45.9103060+07:00,2026/09/07 15:34:45.941, NVIDIA GeForce RTX 5060, 591.86, P8, 27, 0, 692, 8151, 7.89, 145.00, 210, 405, 1, 8
2026-09-07T15:34:50.9584568+07:00,2026/09/07 15:34:50.989, NVIDIA GeForce RTX 5060, 591.86, P8, 27, 0, 692, 8151, 7.98, 145.00, 210, 405, 1, 8
2026-09-07T15:34:56.0046051+07:00,2026/09/07 15:34:56.035, NVIDIA GeForce RTX 5060, 591.86, P8, 27, 0, 692, 8151, 7.96, 145.00, 210, 405, 1, 8
2026-09-07T15:35:01.0507341+07:00,2026/09/07 15:35:01.081, NVIDIA GeForce RTX 5060, 591.86, P8, 27, 0, 692, 8151, 8.51, 145.00, 210, 405, 1, 8
2026-09-07T15:35:06.1002903+07:00,2026/09/07 15:35:06.131, NVIDIA GeForce RTX 5060, 591.86, P8, 27, 0, 692, 8151, 7.98, 145.00, 210, 405, 1, 8
2026-09-07T15:35:11.1469232+07:00,2026/09/07 15:35:11.178, NVIDIA GeForce RTX 5060, 591.86, P8, 27, 0, 692, 8151, 7.89, 145.00, 210, 405, 1, 8
2026-09-07T15:35:16.2277755+07:00,2026/09/07 15:35:16.258, NVIDIA GeForce RTX 5060, 591.86, P8, 27, 0, 692, 8151, 7.83, 145.00, 210, 405, 1, 8
2026-09-07T15:35:21.2767696+07:00,2026/09/07 15:35:21.307, NVIDIA GeForce RTX 5060, 591.86, P8, 27, 0, 692, 8151, 7.95, 145.00, 210, 405, 1, 8
2026-09-07T15:35:26.3255816+07:00,2026/09/07 15:35:26.356, NVIDIA GeForce RTX 5060, 591.86, P8, 27, 0, 692, 8151, 8.02, 145.00, 210, 405, 1, 8
2026-09-07T15:35:31.3728020+07:00,2026/09/07 15:35:31.403, NVIDIA GeForce RTX 5060, 591.86, P8, 27, 0, 692, 8151, 7.87, 145.00, 210, 405, 1, 8
2026-09-07T15:35:36.4223537+07:00,2026/09/07 15:35:36.453, NVIDIA GeForce RTX 5060, 591.86, P8, 27, 0, 692, 8151, 8.04, 145.00, 210, 405, 1, 8
2026-09-07T15:35:41.4739516+07:00,2026/09/07 15:35:41.504, NVIDIA GeForce RTX 5060, 591.86, P8, 27, 0, 696, 8151, 8.78, 145.00, 262, 405, 1, 8
2026-09-07T15:35:46.5615120+07:00,2026/09/07 15:35:46.592, NVIDIA GeForce RTX 5060, 591.86, P8, 27, 5, 695, 8151, 8.76, 145.00, 262, 405, 1, 8
2026-09-07T15:35:51.6004121+07:00,2026/09/07 15:35:51.631, NVIDIA GeForce RTX 5060, 591.86, P8, 27, 0, 695, 8151, 8.41, 145.00, 210, 405, 1, 8
2026-09-07T15:35:56.6433217+07:00,2026/09/07 15:35:56.674, NVIDIA GeForce RTX 5060, 591.86, P8, 27, 0, 695, 8151, 8.82, 145.00, 345, 405, 1, 8
2026-09-07T15:36:01.6909370+07:00,2026/09/07 15:36:01.721, NVIDIA GeForce RTX 5060, 591.86, P8, 27, 0, 695, 8151, 8.40, 145.00, 210, 405, 1, 8
2026-09-07T15:36:06.7385895+07:00,2026/09/07 15:36:06.769, NVIDIA GeForce RTX 5060, 591.86, P8, 27, 0, 695, 8151, 7.99, 145.00, 210, 405, 1, 8
2026-09-07T15:36:11.7865951+07:00,2026/09/07 15:36:11.817, NVIDIA GeForce RTX 5060, 591.86, P8, 27, 0, 695, 8151, 8.04, 145.00, 210, 405, 1, 8
2026-09-07T15:36:16.8774704+07:00,2026/09/07 15:36:16.908, NVIDIA GeForce RTX 5060, 591.86, P8, 27, 0, 695, 8151, 8.05, 145.00, 210, 405, 1, 8
2026-09-07T15:36:21.9161779+07:00,2026/09/07 15:36:21.946, NVIDIA GeForce RTX 5060, 591.86, P8, 27, 0, 695, 8151, 7.90, 145.00, 210, 405, 1, 8
2026-09-07T15:36:26.9554028+07:00,2026/09/07 15:36:26.986, NVIDIA GeForce RTX 5060, 591.86, P8, 27, 0, 695, 8151, 7.88, 145.00, 210, 405, 1, 8
2026-09-07T15:36:32.0043220+07:00,2026/09/07 15:36:32.035, NVIDIA GeForce RTX 5060, 591.86, P8, 27, 0, 695, 8151, 7.86, 145.00, 210, 405, 1, 8
2026-09-07T15:36:37.0540657+07:00,2026/09/07 15:36:37.085, NVIDIA GeForce RTX 5060, 591.86, P8, 27, 0, 695, 8151, 7.74, 145.00, 210, 405, 1, 8
2026-09-07T15:36:42.1022649+07:00,2026/09/07 15:36:42.133, NVIDIA GeForce RTX 5060, 591.86, P8, 27, 1, 695, 8151, 8.44, 145.00, 465, 405, 1, 8
2026-09-07T15:36:47.2132461+07:00,2026/09/07 15:36:47.244, NVIDIA GeForce RTX 5060, 591.86, P8, 27, 1, 695, 8151, 9.70, 145.00, 450, 405, 1, 8
2026-09-07T15:36:52.2628381+07:00,2026/09/07 15:36:52.293, NVIDIA GeForce RTX 5060, 591.86, P8, 27, 1, 695, 8151, 9.90, 145.00, 457, 405, 1, 8
2026-09-07T15:36:57.3100582+07:00,2026/09/07 15:36:57.340, NVIDIA GeForce RTX 5060, 591.86, P8, 27, 6, 695, 8151, 9.94, 145.00, 525, 405, 1, 8
2026-09-07T15:37:02.3582315+07:00,2026/09/07 15:37:02.388, NVIDIA GeForce RTX 5060, 591.86, P8, 27, 1, 695, 8151, 9.62, 145.00, 450, 405, 1, 8
2026-09-07T15:37:07.4066964+07:00,2026/09/07 15:37:07.437, NVIDIA GeForce RTX 5060, 591.86, P8, 27, 1, 695, 8151, 9.99, 145.00, 450, 405, 1, 8
2026-09-07T15:37:12.4564547+07:00,2026/09/07 15:37:12.487, NVIDIA GeForce RTX 5060, 591.86, P8, 28, 5, 695, 8151, 10.01, 145.00, 457, 405, 1, 8
2026-09-07T15:37:17.5529695+07:00,2026/09/07 15:37:17.583, NVIDIA GeForce RTX 5060, 591.86, P8, 28, 2, 695, 8151, 9.73, 145.00, 457, 405, 1, 8
2026-09-07T15:37:22.6000402+07:00,2026/09/07 15:37:22.631, NVIDIA GeForce RTX 5060, 591.86, P8, 28, 1, 695, 8151, 9.78, 145.00, 457, 405, 1, 8
2026-09-07T15:37:27.6500000+07:00,2026/09/07 15:37:27.681, NVIDIA GeForce RTX 5060, 591.86, P8, 28, 1, 695, 8151, 10.02, 145.00, 540, 405, 1, 8
2026-09-07T15:37:32.6993273+07:00,2026/09/07 15:37:32.730, NVIDIA GeForce RTX 5060, 591.86, P8, 28, 1, 695, 8151, 9.68, 145.00, 450, 405, 1, 8
2026-09-07T15:37:37.7464373+07:00,2026/09/07 15:37:37.777, NVIDIA GeForce RTX 5060, 591.86, P8, 28, 1, 695, 8151, 9.88, 145.00, 457, 405, 1, 8
2026-09-07T15:37:42.7952182+07:00,2026/09/07 15:37:42.826, NVIDIA GeForce RTX 5060, 591.86, P8, 28, 1, 695, 8151, 10.04, 145.00, 547, 405, 1, 8
2026-09-07T15:37:47.8882405+07:00,2026/09/07 15:37:47.919, NVIDIA GeForce RTX 5060, 591.86, P8, 28, 1, 695, 8151, 9.66, 145.00, 450, 405, 1, 8
2026-09-07T15:37:52.9376558+07:00,2026/09/07 15:37:52.968, NVIDIA GeForce RTX 5060, 591.86, P8, 28, 2, 695, 8151, 9.81, 145.00, 457, 405, 1, 8
2026-09-07T15:37:57.9874004+07:00,2026/09/07 15:37:58.018, NVIDIA GeForce RTX 5060, 591.86, P8, 28, 4, 695, 8151, 10.01, 145.00, 517, 405, 1, 8
2026-09-07T15:38:03.0410356+07:00,2026/09/07 15:38:03.072, NVIDIA GeForce RTX 5060, 591.86, P8, 28, 1, 695, 8151, 9.69, 145.00, 457, 405, 1, 8
2026-09-07T15:38:08.0907319+07:00,2026/09/07 15:38:08.121, NVIDIA GeForce RTX 5060, 591.86, P8, 28, 1, 695, 8151, 9.67, 145.00, 435, 405, 1, 8
2026-09-07T15:38:13.1425088+07:00,2026/09/07 15:38:13.173, NVIDIA GeForce RTX 5060, 591.86, P8, 28, 1, 695, 8151, 9.98, 145.00, 450, 405, 1, 8
2026-09-07T15:38:18.2394971+07:00,2026/09/07 15:38:18.270, NVIDIA GeForce RTX 5060, 591.86, P8, 28, 1, 695, 8151, 9.83, 145.00, 457, 405, 1, 8
2026-09-07T15:38:23.2903420+07:00,2026/09/07 15:38:23.321, NVIDIA GeForce RTX 5060, 591.86, P8, 28, 1, 695, 8151, 9.76, 145.00, 465, 405, 1, 8
2026-09-07T15:38:28.3394972+07:00,2026/09/07 15:38:28.370, NVIDIA GeForce RTX 5060, 591.86, P8, 28, 1, 695, 8151, 9.82, 145.00, 457, 405, 1, 8
2026-09-07T15:38:33.3891526+07:00,2026/09/07 15:38:33.420, NVIDIA GeForce RTX 5060, 591.86, P8, 28, 1, 695, 8151, 9.71, 145.00, 457, 405, 1, 8
2026-09-07T15:38:38.4374632+07:00,2026/09/07 15:38:38.468, NVIDIA GeForce RTX 5060, 591.86, P8, 28, 1, 695, 8151, 9.81, 145.00, 457, 405, 1, 8
2026-09-07T15:38:43.4891276+07:00,2026/09/07 15:38:43.520, NVIDIA GeForce RTX 5060, 591.86, P8, 28, 2, 695, 8151, 9.78, 145.00, 465, 405, 1, 8
2026-09-07T15:38:48.5853459+07:00,2026/09/07 15:38:48.616, NVIDIA GeForce RTX 5060, 591.86, P8, 28, 1, 695, 8151, 9.72, 145.00, 465, 405, 1, 8
2026-09-07T15:38:53.6300054+07:00,2026/09/07 15:38:53.661, NVIDIA GeForce RTX 5060, 591.86, P8, 28, 2, 695, 8151, 9.59, 145.00, 435, 405, 1, 8
2026-09-07T15:38:58.6817841+07:00,2026/09/07 15:38:58.712, NVIDIA GeForce RTX 5060, 591.86, P8, 28, 2, 695, 8151, 9.79, 145.00, 457, 405, 1, 8
2026-09-07T15:39:03.7276225+07:00,2026/09/07 15:39:03.774, NVIDIA GeForce RTX 5060, 591.86, P8, 28, 4, 695, 8151, 9.89, 145.00, 480, 405, 1, 8
2026-09-07T15:39:08.7901989+07:00,2026/09/07 15:39:08.821, NVIDIA GeForce RTX 5060, 591.86, P8, 28, 1, 695, 8151, 9.65, 145.00, 457, 405, 1, 8
2026-09-07T15:39:13.8346394+07:00,2026/09/07 15:39:13.865, NVIDIA GeForce RTX 5060, 591.86, P8, 28, 1, 695, 8151, 9.85, 145.00, 465, 405, 1, 8
2026-09-07T15:39:18.9292385+07:00,2026/09/07 15:39:18.960, NVIDIA GeForce RTX 5060, 591.86, P8, 28, 1, 695, 8151, 9.76, 145.00, 450, 405, 1, 8
2026-09-07T15:39:23.9752475+07:00,2026/09/07 15:39:24.005, NVIDIA GeForce RTX 5060, 591.86, P8, 28, 1, 695, 8151, 9.62, 145.00, 457, 405, 1, 8
2026-09-07T15:39:29.0198754+07:00,2026/09/07 15:39:29.050, NVIDIA GeForce RTX 5060, 591.86, P8, 28, 2, 695, 8151, 10.02, 145.00, 457, 405, 1, 8
2026-09-07T15:39:34.0638978+07:00,2026/09/07 15:39:34.094, NVIDIA GeForce RTX 5060, 591.86, P8, 28, 2, 695, 8151, 9.70, 145.00, 450, 405, 1, 8
2026-09-07T15:39:39.1106568+07:00,2026/09/07 15:39:39.141, NVIDIA GeForce RTX 5060, 591.86, P8, 28, 2, 695, 8151, 9.78, 145.00, 457, 405, 1, 8
2026-09-07T15:39:44.1565200+07:00,2026/09/07 15:39:44.187, NVIDIA GeForce RTX 5060, 591.86, P8, 28, 2, 695, 8151, 9.78, 145.00, 457, 405, 1, 8
2026-09-07T15:39:49.2487896+07:00,2026/09/07 15:39:49.279, NVIDIA GeForce RTX 5060, 591.86, P8, 28, 3, 695, 8151, 9.89, 145.00, 525, 405, 1, 8
2026-09-07T15:39:54.2941747+07:00,2026/09/07 15:39:54.325, NVIDIA GeForce RTX 5060, 591.86, P8, 28, 2, 695, 8151, 9.70, 145.00, 442, 405, 1, 8
2026-09-07T15:39:59.3406127+07:00,2026/09/07 15:39:59.371, NVIDIA GeForce RTX 5060, 591.86, P8, 28, 2, 695, 8151, 9.81, 145.00, 450, 405, 1, 8
2026-09-07T15:40:04.3865935+07:00,2026/09/07 15:40:04.417, NVIDIA GeForce RTX 5060, 591.86, P8, 28, 8, 695, 8151, 9.98, 145.00, 510, 405, 1, 8
2026-09-07T15:40:09.4337818+07:00,2026/09/07 15:40:09.464, NVIDIA GeForce RTX 5060, 591.86, P8, 28, 2, 695, 8151, 9.66, 145.00, 457, 405, 1, 8
2026-09-07T15:40:14.4773958+07:00,2026/09/07 15:40:14.508, NVIDIA GeForce RTX 5060, 591.86, P8, 28, 1, 695, 8151, 9.79, 145.00, 450, 405, 1, 8
2026-09-07T15:40:19.5716765+07:00,2026/09/07 15:40:19.602, NVIDIA GeForce RTX 5060, 591.86, P8, 28, 2, 695, 8151, 9.82, 145.00, 487, 405, 1, 8
2026-09-07T15:40:24.6181284+07:00,2026/09/07 15:40:24.649, NVIDIA GeForce RTX 5060, 591.86, P8, 28, 1, 695, 8151, 9.65, 145.00, 457, 405, 1, 8
2026-09-07T15:40:29.6660914+07:00,2026/09/07 15:40:29.697, NVIDIA GeForce RTX 5060, 591.86, P8, 28, 1, 695, 8151, 9.67, 145.00, 450, 405, 1, 8
2026-09-07T15:40:34.7150506+07:00,2026/09/07 15:40:34.746, NVIDIA GeForce RTX 5060, 591.86, P8, 28, 1, 695, 8151, 10.00, 145.00, 547, 405, 1, 8
2026-09-07T15:40:39.7609261+07:00,2026/09/07 15:40:39.791, NVIDIA GeForce RTX 5060, 591.86, P8, 28, 1, 695, 8151, 9.81, 145.00, 465, 405, 1, 8
2026-09-07T15:40:44.8086201+07:00,2026/09/07 15:40:44.839, NVIDIA GeForce RTX 5060, 591.86, P8, 28, 1, 695, 8151, 9.67, 145.00, 450, 405, 1, 8
2026-09-07T15:40:49.9037582+07:00,2026/09/07 15:40:49.934, NVIDIA GeForce RTX 5060, 591.86, P8, 28, 1, 695, 8151, 9.82, 145.00, 510, 405, 1, 8
2026-09-07T15:40:54.9500896+07:00,2026/09/07 15:40:54.981, NVIDIA GeForce RTX 5060, 591.86, P8, 28, 1, 695, 8151, 9.51, 145.00, 457, 405, 1, 8
2026-09-07T15:41:00.0020536+07:00,2026/09/07 15:41:00.033, NVIDIA GeForce RTX 5060, 591.86, P8, 28, 1, 705, 8151, 9.84, 145.00, 450, 405, 1, 8
2026-09-07T15:41:05.0495329+07:00,2026/09/07 15:41:05.080, NVIDIA GeForce RTX 5060, 591.86, P8, 28, 2, 697, 8151, 10.06, 145.00, 510, 405, 1, 8
2026-09-07T15:41:10.0966908+07:00,2026/09/07 15:41:10.127, NVIDIA GeForce RTX 5060, 591.86, P8, 28, 1, 697, 8151, 9.86, 145.00, 442, 405, 1, 8
2026-09-07T15:41:15.1395219+07:00,2026/09/07 15:41:15.170, NVIDIA GeForce RTX 5060, 591.86, P8, 28, 2, 697, 8151, 9.80, 145.00, 465, 405, 1, 8
2026-09-07T15:41:20.2330231+07:00,2026/09/07 15:41:20.264, NVIDIA GeForce RTX 5060, 591.86, P8, 28, 1, 697, 8151, 10.29, 145.00, 450, 405, 1, 8
2026-09-07T15:41:25.2802834+07:00,2026/09/07 15:41:25.311, NVIDIA GeForce RTX 5060, 591.86, P8, 28, 2, 697, 8151, 9.75, 145.00, 457, 405, 1, 8
2026-09-07T15:41:30.3291103+07:00,2026/09/07 15:41:30.359, NVIDIA GeForce RTX 5060, 591.86, P8, 28, 2, 697, 8151, 9.82, 145.00, 450, 405, 1, 8
2026-09-07T15:41:35.3772696+07:00,2026/09/07 15:41:35.408, NVIDIA GeForce RTX 5060, 591.86, P8, 28, 2, 697, 8151, 10.01, 145.00, 517, 405, 1, 8
2026-09-07T15:41:40.4226334+07:00,2026/09/07 15:41:40.453, NVIDIA GeForce RTX 5060, 591.86, P8, 28, 2, 697, 8151, 9.77, 145.00, 465, 405, 1, 8
2026-09-07T15:41:45.4693890+07:00,2026/09/07 15:41:45.499, NVIDIA GeForce RTX 5060, 591.86, P8, 28, 2, 694, 8151, 9.84, 145.00, 480, 405, 1, 8
2026-09-07T15:41:50.5576575+07:00,2026/09/07 15:41:50.588, NVIDIA GeForce RTX 5060, 591.86, P8, 28, 2, 693, 8151, 9.70, 145.00, 457, 405, 1, 8
2026-09-07T15:41:55.6036976+07:00,2026/09/07 15:41:55.634, NVIDIA GeForce RTX 5060, 591.86, P8, 28, 2, 693, 8151, 9.81, 145.00, 495, 405, 1, 8
2026-09-07T15:42:00.6484386+07:00,2026/09/07 15:42:00.679, NVIDIA GeForce RTX 5060, 591.86, P8, 28, 1, 693, 8151, 9.79, 145.00, 457, 405, 1, 8
2026-09-07T15:42:05.6923379+07:00,2026/09/07 15:42:05.723, NVIDIA GeForce RTX 5060, 591.86, P8, 28, 1, 693, 8151, 9.82, 145.00, 450, 405, 1, 8
2026-09-07T15:42:10.7382203+07:00,2026/09/07 15:42:10.769, NVIDIA GeForce RTX 5060, 591.86, P8, 28, 1, 693, 8151, 9.92, 145.00, 450, 405, 1, 8
2026-09-07T15:42:15.7842910+07:00,2026/09/07 15:42:15.815, NVIDIA GeForce RTX 5060, 591.86, P8, 28, 1, 693, 8151, 9.90, 145.00, 457, 405, 1, 8
2026-09-07T15:42:20.8784116+07:00,2026/09/07 15:42:20.909, NVIDIA GeForce RTX 5060, 591.86, P8, 28, 1, 693, 8151, 9.78, 145.00, 435, 405, 1, 8
2026-09-07T15:42:25.9244420+07:00,2026/09/07 15:42:25.955, NVIDIA GeForce RTX 5060, 591.86, P8, 28, 1, 693, 8151, 9.82, 145.00, 450, 405, 1, 8
2026-09-07T15:42:30.9710453+07:00,2026/09/07 15:42:31.002, NVIDIA GeForce RTX 5060, 591.86, P8, 28, 2, 693, 8151, 9.80, 145.00, 465, 405, 1, 8
2026-09-07T15:42:36.0171560+07:00,2026/09/07 15:42:36.047, NVIDIA GeForce RTX 5060, 591.86, P8, 28, 1, 693, 8151, 9.82, 145.00, 457, 405, 1, 8
2026-09-07T15:42:41.0612428+07:00,2026/09/07 15:42:41.092, NVIDIA GeForce RTX 5060, 591.86, P8, 28, 1, 693, 8151, 9.75, 145.00, 457, 405, 1, 8
2026-09-07T15:42:46.1071744+07:00,2026/09/07 15:42:46.137, NVIDIA GeForce RTX 5060, 591.86, P8, 28, 1, 693, 8151, 9.74, 145.00, 442, 405, 1, 8
2026-09-07T15:42:51.2031036+07:00,2026/09/07 15:42:51.234, NVIDIA GeForce RTX 5060, 591.86, P8, 28, 2, 693, 8151, 9.72, 145.00, 457, 405, 1, 8
2026-09-07T15:42:56.2505951+07:00,2026/09/07 15:42:56.281, NVIDIA GeForce RTX 5060, 591.86, P8, 28, 1, 693, 8151, 9.74, 145.00, 457, 405, 1, 8
2026-09-07T15:43:01.2991462+07:00,2026/09/07 15:43:01.330, NVIDIA GeForce RTX 5060, 591.86, P8, 28, 2, 693, 8151, 9.81, 145.00, 457, 405, 1, 8
2026-09-07T15:43:06.3473003+07:00,2026/09/07 15:43:06.378, NVIDIA GeForce RTX 5060, 591.86, P8, 28, 1, 693, 8151, 9.84, 145.00, 465, 405, 1, 8
2026-09-07T15:43:11.3935269+07:00,2026/09/07 15:43:11.424, NVIDIA GeForce RTX 5060, 591.86, P8, 28, 1, 693, 8151, 9.79, 145.00, 450, 405, 1, 8
2026-09-07T15:43:16.4396164+07:00,2026/09/07 15:43:16.470, NVIDIA GeForce RTX 5060, 591.86, P8, 28, 2, 693, 8151, 9.76, 145.00, 427, 405, 1, 8
2026-09-07T15:43:21.5336968+07:00,2026/09/07 15:43:21.564, NVIDIA GeForce RTX 5060, 591.86, P8, 28, 2, 693, 8151, 9.84, 145.00, 465, 405, 1, 8
2026-09-07T15:43:26.5809145+07:00,2026/09/07 15:43:26.611, NVIDIA GeForce RTX 5060, 591.86, P8, 28, 1, 693, 8151, 9.84, 145.00, 442, 405, 1, 8
2026-09-07T15:43:31.6284831+07:00,2026/09/07 15:43:31.659, NVIDIA GeForce RTX 5060, 591.86, P8, 28, 2, 693, 8151, 9.87, 145.00, 457, 405, 1, 8
2026-09-07T15:43:36.6762317+07:00,2026/09/07 15:43:36.707, NVIDIA GeForce RTX 5060, 591.86, P8, 28, 1, 693, 8151, 9.96, 145.00, 457, 405, 1, 8
2026-09-07T15:43:41.7244722+07:00,2026/09/07 15:43:41.755, NVIDIA GeForce RTX 5060, 591.86, P8, 28, 1, 693, 8151, 9.83, 145.00, 465, 405, 1, 8
2026-09-07T15:43:46.7707774+07:00,2026/09/07 15:43:46.801, NVIDIA GeForce RTX 5060, 591.86, P8, 28, 1, 693, 8151, 9.87, 145.00, 450, 405, 1, 8
2026-09-07T15:43:51.8620416+07:00,2026/09/07 15:43:51.893, NVIDIA GeForce RTX 5060, 591.86, P8, 28, 1, 693, 8151, 9.74, 145.00, 450, 405, 1, 8
2026-09-07T15:43:56.9081222+07:00,2026/09/07 15:43:56.939, NVIDIA GeForce RTX 5060, 591.86, P8, 28, 2, 693, 8151, 9.63, 145.00, 450, 405, 1, 8
2026-09-07T15:44:01.9571537+07:00,2026/09/07 15:44:01.988, NVIDIA GeForce RTX 5060, 591.86, P8, 28, 1, 693, 8151, 9.96, 145.00, 465, 405, 1, 8
2026-09-07T15:44:07.0040781+07:00,2026/09/07 15:44:07.034, NVIDIA GeForce RTX 5060, 591.86, P8, 28, 1, 693, 8151, 9.91, 145.00, 457, 405, 1, 8
2026-09-07T15:44:12.0517757+07:00,2026/09/07 15:44:12.082, NVIDIA GeForce RTX 5060, 591.86, P8, 28, 1, 693, 8151, 9.85, 145.00, 465, 405, 1, 8
2026-09-07T15:44:17.1004525+07:00,2026/09/07 15:44:17.131, NVIDIA GeForce RTX 5060, 591.86, P8, 28, 1, 693, 8151, 9.84, 145.00, 450, 405, 1, 8
2026-09-07T15:44:22.1942278+07:00,2026/09/07 15:44:22.224, NVIDIA GeForce RTX 5060, 591.86, P8, 28, 2, 693, 8151, 9.84, 145.00, 472, 405, 1, 8
2026-09-07T15:44:27.2386643+07:00,2026/09/07 15:44:27.269, NVIDIA GeForce RTX 5060, 591.86, P8, 28, 2, 693, 8151, 9.90, 145.00, 457, 405, 1, 8
2026-09-07T15:44:32.2828359+07:00,2026/09/07 15:44:32.313, NVIDIA GeForce RTX 5060, 591.86, P8, 28, 2, 693, 8151, 10.05, 145.00, 465, 405, 1, 8
2026-09-07T15:44:37.3272695+07:00,2026/09/07 15:44:37.358, NVIDIA GeForce RTX 5060, 591.86, P8, 28, 2, 693, 8151, 9.94, 145.00, 472, 405, 1, 8
2026-09-07T15:44:42.3747133+07:00,2026/09/07 15:44:42.406, NVIDIA GeForce RTX 5060, 591.86, P8, 28, 2, 693, 8151, 9.97, 145.00, 495, 405, 1, 8
2026-09-07T15:44:47.4205145+07:00,2026/09/07 15:44:47.451, NVIDIA GeForce RTX 5060, 591.86, P8, 28, 2, 693, 8151, 9.84, 145.00, 457, 405, 1, 8
2026-09-07T15:44:52.5150783+07:00,2026/09/07 15:44:52.546, NVIDIA GeForce RTX 5060, 591.86, P8, 28, 2, 693, 8151, 9.95, 145.00, 457, 405, 1, 8
2026-09-07T15:44:57.5637398+07:00,2026/09/07 15:44:57.594, NVIDIA GeForce RTX 5060, 591.86, P8, 28, 2, 693, 8151, 9.98, 145.00, 450, 405, 1, 8
2026-09-07T15:45:02.6136418+07:00,2026/09/07 15:45:02.644, NVIDIA GeForce RTX 5060, 591.86, P8, 28, 2, 693, 8151, 9.94, 145.00, 450, 405, 1, 8
2026-09-07T15:45:07.6647322+07:00,2026/09/07 15:45:07.695, NVIDIA GeForce RTX 5060, 591.86, P8, 28, 2, 693, 8151, 9.92, 145.00, 450, 405, 1, 8
2026-09-07T15:45:12.7138074+07:00,2026/09/07 15:45:12.744, NVIDIA GeForce RTX 5060, 591.86, P8, 28, 2, 693, 8151, 10.03, 145.00, 457, 405, 1, 8
2026-09-07T15:45:17.7630730+07:00,2026/09/07 15:45:17.793, NVIDIA GeForce RTX 5060, 591.86, P8, 28, 2, 678, 8151, 9.95, 145.00, 457, 405, 1, 8
2026-09-07T15:45:22.8591199+07:00,2026/09/07 15:45:22.890, NVIDIA GeForce RTX 5060, 591.86, P8, 28, 2, 675, 8151, 9.95, 145.00, 450, 405, 1, 8
2026-09-07T15:45:27.9025464+07:00,2026/09/07 15:45:27.933, NVIDIA GeForce RTX 5060, 591.86, P8, 28, 1, 675, 8151, 9.77, 145.00, 465, 405, 1, 8
2026-09-07T15:45:32.9464544+07:00,2026/09/07 15:45:32.977, NVIDIA GeForce RTX 5060, 591.86, P8, 28, 1, 675, 8151, 9.82, 145.00, 465, 405, 1, 8
2026-09-07T15:45:37.9887703+07:00,2026/09/07 15:45:38.019, NVIDIA GeForce RTX 5060, 591.86, P8, 28, 1, 675, 8151, 9.83, 145.00, 450, 405, 1, 8
2026-09-07T15:45:43.0335768+07:00,2026/09/07 15:45:43.064, NVIDIA GeForce RTX 5060, 591.86, P8, 28, 1, 675, 8151, 9.85, 145.00, 472, 405, 1, 8
2026-09-07T15:45:48.0760149+07:00,2026/09/07 15:45:48.107, NVIDIA GeForce RTX 5060, 591.86, P8, 28, 1, 674, 8151, 9.83, 145.00, 472, 405, 1, 8
2026-09-07T15:45:53.1675506+07:00,2026/09/07 15:45:53.198, NVIDIA GeForce RTX 5060, 591.86, P8, 28, 1, 674, 8151, 9.85, 145.00, 450, 405, 1, 8
2026-09-07T15:45:58.2083978+07:00,2026/09/07 15:45:58.239, NVIDIA GeForce RTX 5060, 591.86, P8, 28, 1, 674, 8151, 9.68, 145.00, 465, 405, 1, 8
2026-09-07T15:46:03.2526259+07:00,2026/09/07 15:46:03.283, NVIDIA GeForce RTX 5060, 591.86, P8, 28, 2, 674, 8151, 9.95, 145.00, 465, 405, 1, 8
2026-09-07T15:46:08.2983891+07:00,2026/09/07 15:46:08.329, NVIDIA GeForce RTX 5060, 591.86, P8, 28, 1, 674, 8151, 9.92, 145.00, 457, 405, 1, 8
2026-09-07T15:46:13.3399229+07:00,2026/09/07 15:46:13.370, NVIDIA GeForce RTX 5060, 591.86, P8, 28, 1, 674, 8151, 9.84, 145.00, 442, 405, 1, 8
2026-09-07T15:46:18.3817569+07:00,2026/09/07 15:46:18.412, NVIDIA GeForce RTX 5060, 591.86, P8, 28, 2, 674, 8151, 9.95, 145.00, 457, 405, 1, 8
2026-09-07T15:46:23.4738971+07:00,2026/09/07 15:46:23.504, NVIDIA GeForce RTX 5060, 591.86, P8, 28, 1, 674, 8151, 9.88, 145.00, 442, 405, 1, 8
2026-09-07T15:46:28.5179761+07:00,2026/09/07 15:46:28.548, NVIDIA GeForce RTX 5060, 591.86, P8, 28, 2, 674, 8151, 9.87, 145.00, 450, 405, 1, 8
2026-09-07T15:46:33.5611515+07:00,2026/09/07 15:46:33.592, NVIDIA GeForce RTX 5060, 591.86, P8, 28, 1, 674, 8151, 9.82, 145.00, 450, 405, 1, 8
2026-09-07T15:46:38.6074056+07:00,2026/09/07 15:46:38.638, NVIDIA GeForce RTX 5060, 591.86, P8, 28, 1, 674, 8151, 9.86, 145.00, 450, 405, 1, 8
2026-09-07T15:46:43.6500850+07:00,2026/09/07 15:46:43.681, NVIDIA GeForce RTX 5060, 591.86, P8, 28, 1, 674, 8151, 9.75, 145.00, 450, 405, 1, 8
2026-09-07T15:46:48.6951652+07:00,2026/09/07 15:46:48.726, NVIDIA GeForce RTX 5060, 591.86, P8, 28, 2, 674, 8151, 9.75, 145.00, 450, 405, 1, 8
2026-09-07T15:46:53.7864652+07:00,2026/09/07 15:46:53.817, NVIDIA GeForce RTX 5060, 591.86, P8, 28, 1, 674, 8151, 9.71, 145.00, 465, 405, 1, 8
2026-09-07T15:46:58.8314565+07:00,2026/09/07 15:46:58.862, NVIDIA GeForce RTX 5060, 591.86, P8, 28, 1, 674, 8151, 9.72, 145.00, 457, 405, 1, 8
2026-09-07T15:47:03.8742195+07:00,2026/09/07 15:47:03.905, NVIDIA GeForce RTX 5060, 591.86, P8, 28, 2, 674, 8151, 9.78, 145.00, 450, 405, 1, 8
2026-09-07T15:47:08.9195568+07:00,2026/09/07 15:47:08.950, NVIDIA GeForce RTX 5060, 591.86, P8, 28, 1, 674, 8151, 9.79, 145.00, 457, 405, 1, 8
2026-09-07T15:47:13.9629868+07:00,2026/09/07 15:47:13.993, NVIDIA GeForce RTX 5060, 591.86, P8, 28, 1, 674, 8151, 9.73, 145.00, 450, 405, 1, 8
2026-09-07T15:47:19.0069624+07:00,2026/09/07 15:47:19.037, NVIDIA GeForce RTX 5060, 591.86, P8, 28, 1, 674, 8151, 9.81, 145.00, 457, 405, 1, 8
2026-09-07T15:47:24.1119245+07:00,2026/09/07 15:47:24.142, NVIDIA GeForce RTX 5060, 591.86, P8, 28, 1, 674, 8151, 9.76, 145.00, 457, 405, 1, 8
2026-09-07T15:47:29.1545423+07:00,2026/09/07 15:47:29.185, NVIDIA GeForce RTX 5060, 591.86, P8, 28, 1, 674, 8151, 9.81, 145.00, 457, 405, 1, 8
2026-09-07T15:47:34.1979342+07:00,2026/09/07 15:47:34.228, NVIDIA GeForce RTX 5060, 591.86, P8, 28, 2, 674, 8151, 9.68, 145.00, 457, 405, 1, 8
2026-09-07T15:47:39.2412059+07:00,2026/09/07 15:47:39.272, NVIDIA GeForce RTX 5060, 591.86, P8, 28, 1, 674, 8151, 9.71, 145.00, 450, 405, 1, 8
2026-09-07T15:47:44.2869247+07:00,2026/09/07 15:47:44.317, NVIDIA GeForce RTX 5060, 591.86, P8, 28, 1, 674, 8151, 9.83, 145.00, 450, 405, 1, 8
2026-09-07T15:47:49.3345746+07:00,2026/09/07 15:47:49.365, NVIDIA GeForce RTX 5060, 591.86, P8, 28, 2, 682, 8151, 9.83, 145.00, 480, 405, 1, 8
2026-09-07T15:47:54.4268667+07:00,2026/09/07 15:47:54.457, NVIDIA GeForce RTX 5060, 591.86, P8, 28, 2, 672, 8151, 9.81, 145.00, 450, 405, 1, 8
2026-09-07T15:47:59.4729074+07:00,2026/09/07 15:47:59.503, NVIDIA GeForce RTX 5060, 591.86, P8, 28, 2, 672, 8151, 9.69, 145.00, 457, 405, 1, 8
2026-09-07T15:48:04.5210266+07:00,2026/09/07 15:48:04.552, NVIDIA GeForce RTX 5060, 591.86, P8, 28, 2, 672, 8151, 9.73, 145.00, 457, 405, 1, 8
2026-09-07T15:48:09.5692445+07:00,2026/09/07 15:48:09.600, NVIDIA GeForce RTX 5060, 591.86, P8, 28, 2, 672, 8151, 9.83, 145.00, 457, 405, 1, 8
2026-09-07T15:48:14.6198665+07:00,2026/09/07 15:48:14.650, NVIDIA GeForce RTX 5060, 591.86, P8, 28, 2, 672, 8151, 9.82, 145.00, 457, 405, 1, 8
2026-09-07T15:48:19.6689096+07:00,2026/09/07 15:48:19.699, NVIDIA GeForce RTX 5060, 591.86, P8, 28, 2, 672, 8151, 9.82, 145.00, 457, 405, 1, 8
2026-09-07T15:48:24.7641259+07:00,2026/09/07 15:48:24.795, NVIDIA GeForce RTX 5060, 591.86, P8, 28, 1, 672, 8151, 9.86, 145.00, 442, 405, 1, 8
2026-09-07T15:48:29.8171984+07:00,2026/09/07 15:48:29.848, NVIDIA GeForce RTX 5060, 591.86, P8, 28, 2, 672, 8151, 9.75, 145.00, 457, 405, 1, 8
2026-09-07T15:48:34.8691661+07:00,2026/09/07 15:48:34.900, NVIDIA GeForce RTX 5060, 591.86, P8, 28, 1, 672, 8151, 9.71, 145.00, 457, 405, 1, 8
2026-09-07T15:48:39.9200912+07:00,2026/09/07 15:48:39.951, NVIDIA GeForce RTX 5060, 591.86, P8, 28, 2, 672, 8151, 9.63, 145.00, 457, 405, 1, 8
2026-09-07T15:48:44.9711386+07:00,2026/09/07 15:48:45.001, NVIDIA GeForce RTX 5060, 591.86, P8, 28, 2, 672, 8151, 9.70, 145.00, 457, 405, 1, 8
2026-09-07T15:48:50.0181351+07:00,2026/09/07 15:48:50.049, NVIDIA GeForce RTX 5060, 591.86, P8, 28, 2, 672, 8151, 9.82, 145.00, 442, 405, 1, 8
2026-09-07T15:48:55.1020758+07:00,2026/09/07 15:48:55.133, NVIDIA GeForce RTX 5060, 591.86, P8, 28, 1, 672, 8151, 9.79, 145.00, 442, 405, 1, 8
2026-09-07T15:49:00.1545881+07:00,2026/09/07 15:49:00.185, NVIDIA GeForce RTX 5060, 591.86, P8, 28, 1, 672, 8151, 9.84, 145.00, 442, 405, 1, 8
2026-09-07T15:49:05.2060612+07:00,2026/09/07 15:49:05.237, NVIDIA GeForce RTX 5060, 591.86, P8, 28, 2, 672, 8151, 9.92, 145.00, 457, 405, 1, 8
2026-09-07T15:49:10.2568798+07:00,2026/09/07 15:49:10.288, NVIDIA GeForce RTX 5060, 591.86, P8, 28, 2, 672, 8151, 9.91, 145.00, 450, 405, 1, 8
2026-09-07T15:49:15.3089077+07:00,2026/09/07 15:49:15.339, NVIDIA GeForce RTX 5060, 591.86, P8, 28, 2, 672, 8151, 9.78, 145.00, 457, 405, 1, 8
2026-09-07T15:49:20.3464323+07:00,2026/09/07 15:49:20.377, NVIDIA GeForce RTX 5060, 591.86, P8, 28, 2, 672, 8151, 9.90, 145.00, 457, 405, 1, 8
2026-09-07T15:49:25.4445194+07:00,2026/09/07 15:49:25.475, NVIDIA GeForce RTX 5060, 591.86, P8, 28, 2, 672, 8151, 9.74, 145.00, 442, 405, 1, 8
2026-09-07T15:49:30.4969609+07:00,2026/09/07 15:49:30.527, NVIDIA GeForce RTX 5060, 591.86, P8, 28, 2, 672, 8151, 9.78, 145.00, 450, 405, 1, 8
2026-09-07T15:49:35.5482585+07:00,2026/09/07 15:49:35.579, NVIDIA GeForce RTX 5060, 591.86, P8, 28, 2, 672, 8151, 9.82, 145.00, 457, 405, 1, 8
2026-09-07T15:49:40.6011044+07:00,2026/09/07 15:49:40.633, NVIDIA GeForce RTX 5060, 591.86, P8, 28, 2, 672, 8151, 9.79, 145.00, 457, 405, 1, 8
2026-09-07T15:49:45.6521514+07:00,2026/09/07 15:49:45.683, NVIDIA GeForce RTX 5060, 591.86, P8, 28, 1, 672, 8151, 9.83, 145.00, 450, 405, 1, 8
2026-09-07T15:49:50.7017631+07:00,2026/09/07 15:49:50.732, NVIDIA GeForce RTX 5060, 591.86, P8, 28, 2, 672, 8151, 9.73, 145.00, 450, 405, 1, 8
2026-09-07T15:49:55.7989045+07:00,2026/09/07 15:49:55.830, NVIDIA GeForce RTX 5060, 591.86, P8, 28, 2, 672, 8151, 9.82, 145.00, 442, 405, 1, 8
2026-09-07T15:50:00.8493254+07:00,2026/09/07 15:50:00.880, NVIDIA GeForce RTX 5060, 591.86, P8, 28, 1, 672, 8151, 9.84, 145.00, 435, 405, 1, 8
2026-09-07T15:50:05.9007281+07:00,2026/09/07 15:50:05.931, NVIDIA GeForce RTX 5060, 591.86, P8, 28, 2, 672, 8151, 9.89, 145.00, 457, 405, 1, 8
2026-09-07T15:50:10.9493364+07:00,2026/09/07 15:50:10.980, NVIDIA GeForce RTX 5060, 591.86, P8, 28, 1, 672, 8151, 9.73, 145.00, 457, 405, 1, 8
2026-09-07T15:50:15.9966451+07:00,2026/09/07 15:50:16.027, NVIDIA GeForce RTX 5060, 591.86, P8, 28, 2, 672, 8151, 9.87, 145.00, 457, 405, 1, 8
2026-09-07T15:50:21.0456814+07:00,2026/09/07 15:50:21.076, NVIDIA GeForce RTX 5060, 591.86, P8, 28, 1, 672, 8151, 9.86, 145.00, 450, 405, 1, 8
2026-09-07T15:50:26.1398498+07:00,2026/09/07 15:50:26.170, NVIDIA GeForce RTX 5060, 591.86, P8, 28, 1, 672, 8151, 9.95, 145.00, 435, 405, 1, 8
2026-09-07T15:50:31.1882136+07:00,2026/09/07 15:50:31.219, NVIDIA GeForce RTX 5060, 591.86, P8, 28, 2, 672, 8151, 9.77, 145.00, 442, 405, 1, 8
2026-09-07T15:50:36.2370628+07:00,2026/09/07 15:50:36.268, NVIDIA GeForce RTX 5060, 591.86, P8, 28, 1, 672, 8151, 9.85, 145.00, 450, 405, 1, 8
2026-09-07T15:50:41.2896632+07:00,2026/09/07 15:50:41.320, NVIDIA GeForce RTX 5060, 591.86, P8, 28, 2, 672, 8151, 9.77, 145.00, 457, 405, 1, 8
2026-09-07T15:50:46.3399940+07:00,2026/09/07 15:50:46.370, NVIDIA GeForce RTX 5060, 591.86, P8, 28, 2, 672, 8151, 9.78, 145.00, 465, 405, 1, 8
2026-09-07T15:50:51.3879990+07:00,2026/09/07 15:50:51.418, NVIDIA GeForce RTX 5060, 591.86, P8, 28, 2, 672, 8151, 9.91, 145.00, 457, 405, 1, 8
2026-09-07T15:50:56.4814472+07:00,2026/09/07 15:50:56.512, NVIDIA GeForce RTX 5060, 591.86, P8, 28, 2, 672, 8151, 9.85, 145.00, 457, 405, 1, 8
2026-09-07T15:51:01.5249283+07:00,2026/09/07 15:51:01.555, NVIDIA GeForce RTX 5060, 591.86, P8, 28, 2, 672, 8151, 9.69, 145.00, 472, 405, 1, 8
2026-09-07T15:51:06.5696323+07:00,2026/09/07 15:51:06.600, NVIDIA GeForce RTX 5060, 591.86, P8, 28, 2, 672, 8151, 9.90, 145.00, 472, 405, 1, 8
2026-09-07T15:51:11.6127324+07:00,2026/09/07 15:51:11.643, NVIDIA GeForce RTX 5060, 591.86, P8, 28, 2, 672, 8151, 9.73, 145.00, 450, 405, 1, 8
2026-09-07T15:51:16.6570567+07:00,2026/09/07 15:51:16.688, NVIDIA GeForce RTX 5060, 591.86, P8, 28, 2, 672, 8151, 9.67, 145.00, 465, 405, 1, 8
2026-09-07T15:51:21.7028033+07:00,2026/09/07 15:51:21.733, NVIDIA GeForce RTX 5060, 591.86, P8, 28, 2, 672, 8151, 9.73, 145.00, 472, 405, 1, 8
2026-09-07T15:51:26.7963385+07:00,2026/09/07 15:51:26.827, NVIDIA GeForce RTX 5060, 591.86, P8, 28, 1, 672, 8151, 9.69, 145.00, 457, 405, 1, 8
2026-09-07T15:51:31.8439082+07:00,2026/09/07 15:51:31.874, NVIDIA GeForce RTX 5060, 591.86, P8, 28, 2, 672, 8151, 9.72, 145.00, 465, 405, 1, 8
2026-09-07T15:51:36.8889959+07:00,2026/09/07 15:51:36.919, NVIDIA GeForce RTX 5060, 591.86, P8, 28, 2, 672, 8151, 9.66, 145.00, 450, 405, 1, 8
2026-09-07T15:51:41.9340889+07:00,2026/09/07 15:51:41.965, NVIDIA GeForce RTX 5060, 591.86, P8, 28, 2, 672, 8151, 9.85, 145.00, 465, 405, 1, 8
2026-09-07T15:51:46.9782829+07:00,2026/09/07 15:51:47.009, NVIDIA GeForce RTX 5060, 591.86, P8, 28, 1, 672, 8151, 9.83, 145.00, 465, 405, 1, 8
2026-09-07T15:51:52.0236440+07:00,2026/09/07 15:51:52.054, NVIDIA GeForce RTX 5060, 591.86, P8, 28, 2, 672, 8151, 9.79, 145.00, 465, 405, 1, 8
2026-09-07T15:51:57.1159246+07:00,2026/09/07 15:51:57.146, NVIDIA GeForce RTX 5060, 591.86, P8, 28, 2, 672, 8151, 9.72, 145.00, 450, 405, 1, 8
2026-09-07T15:52:02.1606813+07:00,2026/09/07 15:52:02.191, NVIDIA GeForce RTX 5060, 591.86, P8, 28, 2, 672, 8151, 9.85, 145.00, 450, 405, 1, 8
2026-09-07T15:52:07.2064306+07:00,2026/09/07 15:52:07.237, NVIDIA GeForce RTX 5060, 591.86, P8, 28, 1, 672, 8151, 9.74, 145.00, 465, 405, 1, 8
2026-09-07T15:52:12.2516784+07:00,2026/09/07 15:52:12.282, NVIDIA GeForce RTX 5060, 591.86, P8, 28, 2, 672, 8151, 9.88, 145.00, 480, 405, 1, 8
2026-09-07T15:52:17.3005865+07:00,2026/09/07 15:52:17.331, NVIDIA GeForce RTX 5060, 591.86, P8, 28, 2, 672, 8151, 9.60, 145.00, 442, 405, 1, 8
2026-09-07T15:52:22.3463449+07:00,2026/09/07 15:52:22.377, NVIDIA GeForce RTX 5060, 591.86, P8, 28, 2, 672, 8151, 9.66, 145.00, 457, 405, 1, 8
2026-09-07T15:52:27.4544992+07:00,2026/09/07 15:52:27.485, NVIDIA GeForce RTX 5060, 591.86, P8, 28, 2, 672, 8151, 9.69, 145.00, 495, 405, 1, 8
2026-09-07T15:52:32.4975808+07:00,2026/09/07 15:52:32.528, NVIDIA GeForce RTX 5060, 591.86, P8, 28, 1, 672, 8151, 9.57, 145.00, 457, 405, 1, 8
2026-09-07T15:52:37.5417511+07:00,2026/09/07 15:52:37.572, NVIDIA GeForce RTX 5060, 591.86, P8, 28, 2, 672, 8151, 9.62, 145.00, 465, 405, 1, 8
2026-09-07T15:52:42.5903096+07:00,2026/09/07 15:52:42.621, NVIDIA GeForce RTX 5060, 591.86, P8, 28, 2, 672, 8151, 9.59, 145.00, 457, 405, 1, 8
2026-09-07T15:52:47.6357387+07:00,2026/09/07 15:52:47.666, NVIDIA GeForce RTX 5060, 591.86, P8, 28, 2, 672, 8151, 9.63, 145.00, 465, 405, 1, 8
2026-09-07T15:52:52.6853907+07:00,2026/09/07 15:52:52.716, NVIDIA GeForce RTX 5060, 591.86, P8, 28, 2, 672, 8151, 9.58, 145.00, 457, 405, 1, 8
2026-09-07T15:52:57.7795783+07:00,2026/09/07 15:52:57.810, NVIDIA GeForce RTX 5060, 591.86, P8, 28, 2, 672, 8151, 9.67, 145.00, 450, 405, 1, 8
2026-09-07T15:53:02.8259901+07:00,2026/09/07 15:53:02.856, NVIDIA GeForce RTX 5060, 591.86, P8, 28, 2, 672, 8151, 9.78, 145.00, 457, 405, 1, 8
2026-09-07T15:53:07.8718295+07:00,2026/09/07 15:53:07.902, NVIDIA GeForce RTX 5060, 591.86, P8, 28, 2, 672, 8151, 9.75, 145.00, 442, 405, 1, 8
2026-09-07T15:53:12.9205930+07:00,2026/09/07 15:53:12.951, NVIDIA GeForce RTX 5060, 591.86, P8, 28, 1, 672, 8151, 9.62, 145.00, 442, 405, 1, 8
2026-09-07T15:53:17.9680243+07:00,2026/09/07 15:53:17.999, NVIDIA GeForce RTX 5060, 591.86, P8, 28, 2, 672, 8151, 9.72, 145.00, 465, 405, 1, 8
2026-09-07T15:53:23.0140388+07:00,2026/09/07 15:53:23.045, NVIDIA GeForce RTX 5060, 591.86, P8, 28, 1, 672, 8151, 9.67, 145.00, 450, 405, 1, 8
2026-09-07T15:53:28.1056619+07:00,2026/09/07 15:53:28.136, NVIDIA GeForce RTX 5060, 591.86, P8, 28, 2, 672, 8151, 9.82, 145.00, 465, 405, 1, 8
2026-09-07T15:53:33.1518996+07:00,2026/09/07 15:53:33.182, NVIDIA GeForce RTX 5060, 591.86, P8, 28, 1, 672, 8151, 9.73, 145.00, 457, 405, 1, 8
2026-09-07T15:53:38.1992632+07:00,2026/09/07 15:53:38.230, NVIDIA GeForce RTX 5060, 591.86, P8, 28, 2, 672, 8151, 9.67, 145.00, 457, 405, 1, 8
2026-09-07T15:53:43.2459277+07:00,2026/09/07 15:53:43.276, NVIDIA GeForce RTX 5060, 591.86, P8, 28, 1, 672, 8151, 9.63, 145.00, 427, 405, 1, 8
2026-09-07T15:53:48.2933527+07:00,2026/09/07 15:53:48.324, NVIDIA GeForce RTX 5060, 591.86, P8, 28, 2, 672, 8151, 9.73, 145.00, 457, 405, 1, 8
2026-09-07T15:53:53.3400993+07:00,2026/09/07 15:53:53.371, NVIDIA GeForce RTX 5060, 591.86, P8, 28, 2, 672, 8151, 9.68, 145.00, 457, 405, 1, 8
2026-09-07T15:53:58.4337377+07:00,2026/09/07 15:53:58.464, NVIDIA GeForce RTX 5060, 591.86, P8, 28, 2, 672, 8151, 9.73, 145.00, 472, 405, 1, 8
2026-09-07T15:54:03.4823482+07:00,2026/09/07 15:54:03.513, NVIDIA GeForce RTX 5060, 591.86, P8, 28, 2, 672, 8151, 9.63, 145.00, 465, 405, 1, 8
2026-09-07T15:54:08.5315683+07:00,2026/09/07 15:54:08.562, NVIDIA GeForce RTX 5060, 591.86, P8, 28, 2, 672, 8151, 9.60, 145.00, 465, 405, 1, 8
2026-09-07T15:54:13.5808195+07:00,2026/09/07 15:54:13.611, NVIDIA GeForce RTX 5060, 591.86, P8, 28, 1, 672, 8151, 9.70, 145.00, 465, 405, 1, 8
2026-09-07T15:54:18.6295396+07:00,2026/09/07 15:54:18.660, NVIDIA GeForce RTX 5060, 591.86, P8, 28, 2, 672, 8151, 9.88, 145.00, 465, 405, 1, 8
2026-09-07T15:54:23.6780866+07:00,2026/09/07 15:54:23.709, NVIDIA GeForce RTX 5060, 591.86, P8, 28, 2, 672, 8151, 9.83, 145.00, 450, 405, 1, 8
2026-09-07T15:54:28.7734333+07:00,2026/09/07 15:54:28.804, NVIDIA GeForce RTX 5060, 591.86, P8, 28, 2, 672, 8151, 9.75, 145.00, 457, 405, 1, 8
2026-09-07T15:54:33.8228065+07:00,2026/09/07 15:54:33.853, NVIDIA GeForce RTX 5060, 591.86, P8, 28, 2, 672, 8151, 9.61, 145.00, 457, 405, 1, 8
2026-09-07T15:54:38.8689785+07:00,2026/09/07 15:54:38.899, NVIDIA GeForce RTX 5060, 591.86, P8, 28, 1, 672, 8151, 9.68, 145.00, 465, 405, 1, 8
2026-09-07T15:54:43.9182785+07:00,2026/09/07 15:54:43.949, NVIDIA GeForce RTX 5060, 591.86, P8, 28, 1, 672, 8151, 9.67, 145.00, 450, 405, 1, 8
2026-09-07T15:54:48.9691690+07:00,2026/09/07 15:54:49.000, NVIDIA GeForce RTX 5060, 591.86, P8, 28, 1, 672, 8151, 9.70, 145.00, 450, 405, 1, 8
2026-09-07T15:54:54.0209544+07:00,2026/09/07 15:54:54.051, NVIDIA GeForce RTX 5060, 591.86, P8, 28, 2, 672, 8151, 9.71, 145.00, 450, 405, 1, 8
2026-09-07T15:54:59.1202444+07:00,2026/09/07 15:54:59.151, NVIDIA GeForce RTX 5060, 591.86, P8, 28, 1, 672, 8151, 9.74, 145.00, 450, 405, 1, 8
2026-09-07T15:55:04.1732728+07:00,2026/09/07 15:55:04.204, NVIDIA GeForce RTX 5060, 591.86, P8, 28, 2, 672, 8151, 9.70, 145.00, 465, 405, 1, 8
2026-09-07T15:55:09.2260607+07:00,2026/09/07 15:55:09.257, NVIDIA GeForce RTX 5060, 591.86, P8, 28, 1, 672, 8151, 9.59, 145.00, 450, 405, 1, 8
2026-09-07T15:55:14.2745288+07:00,2026/09/07 15:55:14.305, NVIDIA GeForce RTX 5060, 591.86, P8, 28, 2, 672, 8151, 9.63, 145.00, 450, 405, 1, 8
2026-09-07T15:55:19.3219291+07:00,2026/09/07 15:55:19.352, NVIDIA GeForce RTX 5060, 591.86, P8, 28, 1, 672, 8151, 9.63, 145.00, 457, 405, 1, 8
2026-09-07T15:55:24.3710422+07:00,2026/09/07 15:55:24.401, NVIDIA GeForce RTX 5060, 591.86, P8, 28, 1, 672, 8151, 9.61, 145.00, 457, 405, 1, 8
2026-09-07T15:55:29.4674474+07:00,2026/09/07 15:55:29.498, NVIDIA GeForce RTX 5060, 591.86, P8, 28, 2, 672, 8151, 9.66, 145.00, 450, 405, 1, 8
2026-09-07T15:55:34.5148484+07:00,2026/09/07 15:55:34.546, NVIDIA GeForce RTX 5060, 591.86, P8, 28, 2, 672, 8151, 9.76, 145.00, 457, 405, 1, 8
2026-09-07T15:55:39.5660507+07:00,2026/09/07 15:55:39.597, NVIDIA GeForce RTX 5060, 591.86, P8, 28, 2, 672, 8151, 9.80, 145.00, 450, 405, 1, 8
2026-09-07T15:55:44.6167872+07:00,2026/09/07 15:55:44.647, NVIDIA GeForce RTX 5060, 591.86, P8, 28, 1, 672, 8151, 9.67, 145.00, 450, 405, 1, 8
2026-09-07T15:55:49.6633953+07:00,2026/09/07 15:55:49.693, NVIDIA GeForce RTX 5060, 591.86, P8, 28, 2, 672, 8151, 9.79, 145.00, 450, 405, 1, 8
2026-09-07T15:55:54.7116233+07:00,2026/09/07 15:55:54.742, NVIDIA GeForce RTX 5060, 591.86, P8, 28, 2, 672, 8151, 9.77, 145.00, 465, 405, 1, 8
2026-09-07T15:55:59.8079013+07:00,2026/09/07 15:55:59.838, NVIDIA GeForce RTX 5060, 591.86, P8, 28, 2, 672, 8151, 9.86, 145.00, 457, 405, 1, 8
2026-09-07T15:56:04.8563429+07:00,2026/09/07 15:56:04.887, NVIDIA GeForce RTX 5060, 591.86, P8, 28, 1, 672, 8151, 9.73, 145.00, 457, 405, 1, 8
2026-09-07T15:56:09.9060813+07:00,2026/09/07 15:56:09.937, NVIDIA GeForce RTX 5060, 591.86, P8, 28, 2, 672, 8151, 9.83, 145.00, 457, 405, 1, 8
2026-09-07T15:56:14.9571773+07:00,2026/09/07 15:56:14.988, NVIDIA GeForce RTX 5060, 591.86, P8, 28, 1, 672, 8151, 9.68, 145.00, 450, 405, 1, 8
2026-09-07T15:56:20.0067377+07:00,2026/09/07 15:56:20.037, NVIDIA GeForce RTX 5060, 591.86, P8, 28, 1, 672, 8151, 9.90, 145.00, 442, 405, 1, 8
2026-09-07T15:56:25.0571768+07:00,2026/09/07 15:56:25.088, NVIDIA GeForce RTX 5060, 591.86, P8, 28, 1, 672, 8151, 9.91, 145.00, 450, 405, 1, 8
2026-09-07T15:56:30.1528249+07:00,2026/09/07 15:56:30.183, NVIDIA GeForce RTX 5060, 591.86, P8, 28, 2, 672, 8151, 9.93, 145.00, 450, 405, 1, 8
2026-09-07T15:56:35.2036962+07:00,2026/09/07 15:56:35.234, NVIDIA GeForce RTX 5060, 591.86, P8, 28, 1, 672, 8151, 9.82, 145.00, 450, 405, 1, 8
2026-09-07T15:56:40.2543351+07:00,2026/09/07 15:56:40.285, NVIDIA GeForce RTX 5060, 591.86, P8, 28, 2, 672, 8151, 9.68, 145.00, 442, 405, 1, 8
2026-09-07T15:56:45.3057964+07:00,2026/09/07 15:56:45.336, NVIDIA GeForce RTX 5060, 591.86, P8, 28, 1, 672, 8151, 9.82, 145.00, 435, 405, 1, 8
2026-09-07T15:56:50.3515333+07:00,2026/09/07 15:56:50.382, NVIDIA GeForce RTX 5060, 591.86, P8, 28, 2, 672, 8151, 9.84, 145.00, 442, 405, 1, 8
2026-09-07T15:56:55.3955664+07:00,2026/09/07 15:56:55.426, NVIDIA GeForce RTX 5060, 591.86, P8, 28, 2, 672, 8151, 9.98, 145.00, 465, 405, 1, 8
2026-09-07T15:57:00.5000333+07:00,2026/09/07 15:57:00.531, NVIDIA GeForce RTX 5060, 591.86, P8, 28, 2, 672, 8151, 9.80, 145.00, 457, 405, 1, 8
2026-09-07T15:57:05.5450831+07:00,2026/09/07 15:57:05.576, NVIDIA GeForce RTX 5060, 591.86, P8, 28, 2, 672, 8151, 9.74, 145.00, 457, 405, 1, 8
2026-09-07T15:57:10.5890544+07:00,2026/09/07 15:57:10.620, NVIDIA GeForce RTX 5060, 591.86, P8, 28, 2, 672, 8151, 9.74, 145.00, 442, 405, 1, 8
2026-09-07T15:57:15.6354106+07:00,2026/09/07 15:57:15.666, NVIDIA GeForce RTX 5060, 591.86, P8, 28, 2, 672, 8151, 9.82, 145.00, 472, 405, 1, 8
2026-09-07T15:57:20.6794003+07:00,2026/09/07 15:57:20.710, NVIDIA GeForce RTX 5060, 591.86, P8, 28, 2, 672, 8151, 9.75, 145.00, 465, 405, 1, 8
2026-09-07T15:57:25.7267644+07:00,2026/09/07 15:57:25.757, NVIDIA GeForce RTX 5060, 591.86, P8, 28, 2, 672, 8151, 9.83, 145.00, 472, 405, 1, 8
2026-09-07T15:57:30.8322442+07:00,2026/09/07 15:57:30.863, NVIDIA GeForce RTX 5060, 591.86, P8, 28, 1, 672, 8151, 9.84, 145.00, 457, 405, 1, 8
2026-09-07T15:57:35.8779016+07:00,2026/09/07 15:57:35.908, NVIDIA GeForce RTX 5060, 591.86, P8, 28, 2, 672, 8151, 9.89, 145.00, 457, 405, 1, 8
2026-09-07T15:57:40.9228817+07:00,2026/09/07 15:57:40.953, NVIDIA GeForce RTX 5060, 591.86, P8, 28, 1, 672, 8151, 9.92, 145.00, 457, 405, 1, 8
2026-09-07T15:57:45.9671899+07:00,2026/09/07 15:57:45.998, NVIDIA GeForce RTX 5060, 591.86, P8, 28, 2, 672, 8151, 9.84, 145.00, 457, 405, 1, 8
2026-09-07T15:57:51.0126419+07:00,2026/09/07 15:57:51.043, NVIDIA GeForce RTX 5060, 591.86, P8, 28, 2, 672, 8151, 9.93, 145.00, 442, 405, 1, 8
2026-09-07T15:57:56.0563072+07:00,2026/09/07 15:57:56.087, NVIDIA GeForce RTX 5060, 591.86, P8, 28, 2, 672, 8151, 9.74, 145.00, 457, 405, 1, 8
2026-09-07T15:58:01.1472148+07:00,2026/09/07 15:58:01.178, NVIDIA GeForce RTX 5060, 591.86, P8, 28, 1, 672, 8151, 9.74, 145.00, 450, 405, 1, 8
2026-09-07T15:58:06.1949749+07:00,2026/09/07 15:58:06.225, NVIDIA GeForce RTX 5060, 591.86, P8, 28, 2, 672, 8151, 9.73, 145.00, 457, 405, 1, 8
2026-09-07T15:58:11.2412282+07:00,2026/09/07 15:58:11.272, NVIDIA GeForce RTX 5060, 591.86, P8, 28, 1, 672, 8151, 9.70, 145.00, 450, 405, 1, 8
2026-09-07T15:58:16.2854464+07:00,2026/09/07 15:58:16.316, NVIDIA GeForce RTX 5060, 591.86, P8, 28, 2, 672, 8151, 9.82, 145.00, 465, 405, 1, 8
2026-09-07T15:58:21.3314920+07:00,2026/09/07 15:58:21.362, NVIDIA GeForce RTX 5060, 591.86, P8, 28, 2, 672, 8151, 9.60, 145.00, 472, 405, 1, 8
2026-09-07T15:58:26.3763183+07:00,2026/09/07 15:58:26.407, NVIDIA GeForce RTX 5060, 591.86, P8, 28, 2, 672, 8151, 9.75, 145.00, 457, 405, 1, 8
2026-09-07T15:58:31.4670245+07:00,2026/09/07 15:58:31.498, NVIDIA GeForce RTX 5060, 591.86, P8, 28, 2, 672, 8151, 9.56, 145.00, 465, 405, 1, 8
2026-09-07T15:58:36.5111841+07:00,2026/09/07 15:58:36.542, NVIDIA GeForce RTX 5060, 591.86, P8, 28, 1, 672, 8151, 9.70, 145.00, 450, 405, 1, 8
2026-09-07T15:58:41.5561986+07:00,2026/09/07 15:58:41.586, NVIDIA GeForce RTX 5060, 591.86, P8, 28, 1, 672, 8151, 9.66, 145.00, 450, 405, 1, 8
2026-09-07T15:58:46.6036280+07:00,2026/09/07 15:58:46.634, NVIDIA GeForce RTX 5060, 591.86, P8, 28, 1, 672, 8151, 9.73, 145.00, 450, 405, 1, 8
2026-09-07T15:58:51.6504289+07:00,2026/09/07 15:58:51.681, NVIDIA GeForce RTX 5060, 591.86, P8, 28, 1, 672, 8151, 9.65, 145.00, 457, 405, 1, 8
2026-09-07T15:58:56.6970733+07:00,2026/09/07 15:58:56.728, NVIDIA GeForce RTX 5060, 591.86, P8, 28, 1, 672, 8151, 9.65, 145.00, 450, 405, 1, 8
2026-09-07T15:59:01.7912698+07:00,2026/09/07 15:59:01.822, NVIDIA GeForce RTX 5060, 591.86, P8, 28, 2, 672, 8151, 9.70, 145.00, 450, 405, 1, 8
2026-09-07T15:59:06.8385785+07:00,2026/09/07 15:59:06.869, NVIDIA GeForce RTX 5060, 591.86, P8, 28, 2, 672, 8151, 9.72, 145.00, 450, 405, 1, 8
2026-09-07T15:59:11.8876056+07:00,2026/09/07 15:59:11.918, NVIDIA GeForce RTX 5060, 591.86, P8, 28, 2, 672, 8151, 9.78, 145.00, 457, 405, 1, 8
2026-09-07T15:59:16.9362883+07:00,2026/09/07 15:59:16.967, NVIDIA GeForce RTX 5060, 591.86, P8, 28, 2, 672, 8151, 9.71, 145.00, 450, 405, 1, 8
2026-09-07T15:59:21.9821464+07:00,2026/09/07 15:59:22.013, NVIDIA GeForce RTX 5060, 591.86, P8, 28, 2, 672, 8151, 9.73, 145.00, 450, 405, 1, 8
2026-09-07T15:59:27.0286152+07:00,2026/09/07 15:59:27.059, NVIDIA GeForce RTX 5060, 591.86, P8, 28, 2, 672, 8151, 9.79, 145.00, 457, 405, 1, 8
2026-09-07T15:59:32.1226342+07:00,2026/09/07 15:59:32.153, NVIDIA GeForce RTX 5060, 591.86, P8, 28, 1, 672, 8151, 9.79, 145.00, 457, 405, 1, 8
2026-09-07T15:59:37.1676560+07:00,2026/09/07 15:59:37.198, NVIDIA GeForce RTX 5060, 591.86, P8, 28, 1, 672, 8151, 9.72, 145.00, 450, 405, 1, 8
2026-09-07T15:59:42.2154548+07:00,2026/09/07 15:59:42.246, NVIDIA GeForce RTX 5060, 591.86, P8, 28, 2, 672, 8151, 9.82, 145.00, 465, 405, 1, 8
2026-09-07T15:59:47.2620607+07:00,2026/09/07 15:59:47.293, NVIDIA GeForce RTX 5060, 591.86, P8, 28, 2, 672, 8151, 9.71, 145.00, 450, 405, 1, 8
2026-09-07T15:59:52.3115468+07:00,2026/09/07 15:59:52.342, NVIDIA GeForce RTX 5060, 591.86, P8, 28, 1, 672, 8151, 9.75, 145.00, 457, 405, 1, 8
2026-09-07T15:59:57.3630667+07:00,2026/09/07 15:59:57.394, NVIDIA GeForce RTX 5060, 591.86, P8, 28, 1, 672, 8151, 9.63, 145.00, 450, 405, 1, 8
2026-09-07T16:00:02.4554686+07:00,2026/09/07 16:00:02.486, NVIDIA GeForce RTX 5060, 591.86, P8, 28, 1, 672, 8151, 9.80, 145.00, 465, 405, 1, 8
2026-09-07T16:00:07.5063943+07:00,2026/09/07 16:00:07.537, NVIDIA GeForce RTX 5060, 591.86, P8, 28, 1, 672, 8151, 9.83, 145.00, 457, 405, 1, 8
2026-09-07T16:00:12.5558941+07:00,2026/09/07 16:00:12.586, NVIDIA GeForce RTX 5060, 591.86, P8, 28, 1, 672, 8151, 9.82, 145.00, 465, 405, 1, 8
2026-09-07T16:00:17.6040433+07:00,2026/09/07 16:00:17.634, NVIDIA GeForce RTX 5060, 591.86, P8, 28, 1, 672, 8151, 9.71, 145.00, 450, 405, 1, 8
2026-09-07T16:00:22.6548735+07:00,2026/09/07 16:00:22.685, NVIDIA GeForce RTX 5060, 591.86, P8, 28, 1, 672, 8151, 9.73, 145.00, 442, 405, 1, 8
2026-09-07T16:00:27.7028591+07:00,2026/09/07 16:00:27.733, NVIDIA GeForce RTX 5060, 591.86, P8, 28, 1, 672, 8151, 9.70, 145.00, 450, 405, 1, 8
2026-09-07T16:00:32.7984595+07:00,2026/09/07 16:00:32.829, NVIDIA GeForce RTX 5060, 591.86, P8, 28, 1, 672, 8151, 9.59, 145.00, 457, 405, 1, 8
2026-09-07T16:00:37.8449809+07:00,2026/09/07 16:00:37.875, NVIDIA GeForce RTX 5060, 591.86, P8, 28, 1, 672, 8151, 9.75, 145.00, 457, 405, 1, 8
2026-09-07T16:00:42.8947993+07:00,2026/09/07 16:00:42.925, NVIDIA GeForce RTX 5060, 591.86, P8, 28, 1, 672, 8151, 9.69, 145.00, 442, 405, 1, 8
2026-09-07T16:00:47.9429800+07:00,2026/09/07 16:00:47.973, NVIDIA GeForce RTX 5060, 591.86, P8, 28, 2, 672, 8151, 9.78, 145.00, 450, 405, 1, 8
2026-09-07T16:00:52.9948716+07:00,2026/09/07 16:00:53.025, NVIDIA GeForce RTX 5060, 591.86, P8, 28, 2, 672, 8151, 9.84, 145.00, 457, 405, 1, 8
2026-09-07T16:00:58.0327056+07:00,2026/09/07 16:00:58.063, NVIDIA GeForce RTX 5060, 591.86, P8, 28, 2, 672, 8151, 9.79, 145.00, 465, 405, 1, 8
2026-09-07T16:01:03.1330199+07:00,2026/09/07 16:01:03.164, NVIDIA GeForce RTX 5060, 591.86, P8, 28, 2, 672, 8151, 9.81, 145.00, 480, 405, 1, 8
2026-09-07T16:01:08.1863711+07:00,2026/09/07 16:01:08.217, NVIDIA GeForce RTX 5060, 591.86, P8, 28, 2, 672, 8151, 9.78, 145.00, 465, 405, 1, 8
2026-09-07T16:01:13.2394610+07:00,2026/09/07 16:01:13.270, NVIDIA GeForce RTX 5060, 591.86, P8, 28, 2, 672, 8151, 9.90, 145.00, 450, 405, 1, 8
2026-09-07T16:01:18.2916646+07:00,2026/09/07 16:01:18.462, NVIDIA GeForce RTX 5060, 591.86, P8, 28, 1, 672, 8151, 9.97, 145.00, 465, 405, 1, 8
2026-09-07T16:01:23.4995227+07:00,2026/09/07 16:01:23.608, NVIDIA GeForce RTX 5060, 591.86, P8, 28, 2, 672, 8151, 9.90, 145.00, 465, 405, 1, 8
2026-09-07T16:01:28.6611509+07:00,2026/09/07 16:01:28.785, NVIDIA GeForce RTX 5060, 591.86, P8, 28, 1, 672, 8151, 9.88, 145.00, 465, 405, 1, 8
2026-09-07T16:01:33.8538656+07:00,2026/09/07 16:01:34.008, NVIDIA GeForce RTX 5060, 591.86, P8, 28, 2, 672, 8151, 9.89, 145.00, 465, 405, 1, 8
2026-09-07T16:01:39.0770212+07:00,2026/09/07 16:01:39.139, NVIDIA GeForce RTX 5060, 591.86, P8, 28, 3, 672, 8151, 10.06, 145.00, 472, 405, 1, 8
2026-09-07T16:01:44.1767237+07:00,2026/09/07 16:01:44.223, NVIDIA GeForce RTX 5060, 591.86, P8, 28, 6, 672, 8151, 9.15, 145.00, 240, 405, 1, 8
2026-09-07T16:01:49.2452237+07:00,2026/09/07 16:01:49.307, NVIDIA GeForce RTX 5060, 591.86, P8, 27, 0, 672, 8151, 8.94, 145.00, 210, 405, 1, 8
2026-09-07T16:01:54.3242670+07:00,2026/09/07 16:01:54.370, NVIDIA GeForce RTX 5060, 591.86, P8, 28, 2, 672, 8151, 9.98, 145.00, 465, 405, 1, 8
2026-09-07T16:01:59.4047321+07:00,2026/09/07 16:01:59.513, NVIDIA GeForce RTX 5060, 591.86, P8, 28, 2, 672, 8151, 9.89, 145.00, 465, 405, 1, 8
2026-09-07T16:02:04.5744587+07:00,2026/09/07 16:02:04.651, NVIDIA GeForce RTX 5060, 591.86, P8, 28, 2, 672, 8151, 9.98, 145.00, 465, 405, 1, 8
2026-09-07T16:02:09.6710033+07:00,2026/09/07 16:02:09.717, NVIDIA GeForce RTX 5060, 591.86, P8, 28, 2, 670, 8151, 9.91, 145.00, 457, 405, 1, 8
2026-09-07T16:02:14.7340556+07:00,2026/09/07 16:02:14.780, NVIDIA GeForce RTX 5060, 591.86, P8, 28, 1, 670, 8151, 9.84, 145.00, 465, 405, 1, 8
2026-09-07T16:02:19.7996187+07:00,2026/09/07 16:02:19.861, NVIDIA GeForce RTX 5060, 591.86, P8, 28, 1, 670, 8151, 9.75, 145.00, 435, 405, 1, 8
2026-09-07T16:02:24.8847738+07:00,2026/09/07 16:02:24.962, NVIDIA GeForce RTX 5060, 591.86, P8, 28, 2, 670, 8151, 9.86, 145.00, 465, 405, 1, 8
2026-09-07T16:02:29.9854883+07:00,2026/09/07 16:02:30.047, NVIDIA GeForce RTX 5060, 591.86, P8, 28, 2, 670, 8151, 9.90, 145.00, 457, 405, 1, 8
2026-09-07T16:02:35.1330441+07:00,2026/09/07 16:02:35.179, NVIDIA GeForce RTX 5060, 591.86, P8, 28, 2, 670, 8151, 9.87, 145.00, 450, 405, 1, 8
2026-09-07T16:02:40.2030194+07:00,2026/09/07 16:02:40.249, NVIDIA GeForce RTX 5060, 591.86, P8, 28, 2, 669, 8151, 9.84, 145.00, 465, 405, 1, 8
2026-09-07T16:02:45.2728315+07:00,2026/09/07 16:02:45.319, NVIDIA GeForce RTX 5060, 591.86, P8, 28, 2, 669, 8151, 9.95, 145.00, 457, 405, 1, 8
2026-09-07T16:02:50.3419507+07:00,2026/09/07 16:02:50.435, NVIDIA GeForce RTX 5060, 591.86, P8, 28, 1, 669, 8151, 9.91, 145.00, 472, 405, 1, 8
2026-09-07T16:02:55.4569100+07:00,2026/09/07 16:02:55.534, NVIDIA GeForce RTX 5060, 591.86, P8, 28, 2, 669, 8151, 9.93, 145.00, 465, 405, 1, 8
2026-09-07T16:03:00.5566040+07:00,2026/09/07 16:03:00.618, NVIDIA GeForce RTX 5060, 591.86, P8, 28, 1, 669, 8151, 9.88, 145.00, 465, 405, 1, 8
2026-09-07T16:03:05.7030897+07:00,2026/09/07 16:03:05.749, NVIDIA GeForce RTX 5060, 591.86, P8, 28, 2, 669, 8151, 10.05, 145.00, 472, 405, 1, 8
2026-09-07T16:03:10.7706399+07:00,2026/09/07 16:03:10.817, NVIDIA GeForce RTX 5060, 591.86, P8, 28, 1, 669, 8151, 9.92, 145.00, 472, 405, 1, 8
2026-09-07T16:03:15.8375405+07:00,2026/09/07 16:03:15.884, NVIDIA GeForce RTX 5060, 591.86, P8, 28, 1, 669, 8151, 10.02, 145.00, 465, 405, 1, 8
2026-09-07T16:03:20.9057398+07:00,2026/09/07 16:03:20.952, NVIDIA GeForce RTX 5060, 591.86, P8, 28, 2, 669, 8151, 9.97, 145.00, 465, 405, 1, 8
2026-09-07T16:03:25.9743775+07:00,2026/09/07 16:03:26.020, NVIDIA GeForce RTX 5060, 591.86, P8, 28, 2, 669, 8151, 9.85, 145.00, 457, 405, 1, 8
2026-09-07T16:03:31.0409778+07:00,2026/09/07 16:03:31.087, NVIDIA GeForce RTX 5060, 591.86, P8, 28, 2, 669, 8151, 9.76, 145.00, 465, 405, 1, 8
2026-09-07T16:03:36.1549781+07:00,2026/09/07 16:03:36.201, NVIDIA GeForce RTX 5060, 591.86, P8, 28, 1, 669, 8151, 9.78, 145.00, 457, 405, 1, 8
2026-09-07T16:03:41.2203908+07:00,2026/09/07 16:03:41.266, NVIDIA GeForce RTX 5060, 591.86, P8, 28, 2, 669, 8151, 9.93, 145.00, 472, 405, 1, 8
2026-09-07T16:03:46.2878885+07:00,2026/09/07 16:03:46.380, NVIDIA GeForce RTX 5060, 591.86, P8, 28, 2, 669, 8151, 9.94, 145.00, 472, 405, 1, 8
2026-09-07T16:03:51.4154964+07:00,2026/09/07 16:03:51.477, NVIDIA GeForce RTX 5060, 591.86, P8, 28, 2, 669, 8151, 9.84, 145.00, 472, 405, 1, 8
2026-09-07T16:03:56.4975699+07:00,2026/09/07 16:03:56.544, NVIDIA GeForce RTX 5060, 591.86, P8, 28, 2, 669, 8151, 9.82, 145.00, 457, 405, 1, 8
2026-09-07T16:04:01.5787587+07:00,2026/09/07 16:04:01.625, NVIDIA GeForce RTX 5060, 591.86, P8, 28, 2, 669, 8151, 9.84, 145.00, 457, 405, 1, 8
2026-09-07T16:04:06.7065547+07:00,2026/09/07 16:04:06.753, NVIDIA GeForce RTX 5060, 591.86, P8, 28, 1, 669, 8151, 9.77, 145.00, 457, 405, 1, 8
2026-09-07T16:04:11.7706640+07:00,2026/09/07 16:04:11.848, NVIDIA GeForce RTX 5060, 591.86, P8, 28, 2, 669, 8151, 9.81, 145.00, 465, 405, 1, 8
2026-09-07T16:04:16.8642106+07:00,2026/09/07 16:04:16.926, NVIDIA GeForce RTX 5060, 591.86, P8, 28, 1, 669, 8151, 9.72, 145.00, 457, 405, 1, 8
2026-09-07T16:04:21.9752256+07:00,2026/09/07 16:04:22.022, NVIDIA GeForce RTX 5060, 591.86, P8, 28, 1, 669, 8151, 9.81, 145.00, 457, 405, 1, 8
2026-09-07T16:04:27.0388646+07:00,2026/09/07 16:04:27.070, NVIDIA GeForce RTX 5060, 591.86, P8, 28, 1, 669, 8151, 9.67, 145.00, 465, 405, 1, 8
2026-09-07T16:04:32.0867325+07:00,2026/09/07 16:04:32.136, NVIDIA GeForce RTX 5060, 591.86, P8, 28, 2, 669, 8151, 9.65, 145.00, 450, 405, 1, 8
2026-09-07T16:04:37.2237803+07:00,2026/09/07 16:04:37.270, NVIDIA GeForce RTX 5060, 591.86, P8, 28, 1, 669, 8151, 9.70, 145.00, 465, 405, 1, 8
2026-09-07T16:04:42.2890620+07:00,2026/09/07 16:04:42.320, NVIDIA GeForce RTX 5060, 591.86, P8, 28, 2, 669, 8151, 9.65, 145.00, 450, 405, 1, 8
2026-09-07T16:04:47.3364450+07:00,2026/09/07 16:04:47.413, NVIDIA GeForce RTX 5060, 591.86, P8, 28, 1, 669, 8151, 9.71, 145.00, 465, 405, 1, 8
2026-09-07T16:04:52.4320382+07:00,2026/09/07 16:04:52.463, NVIDIA GeForce RTX 5060, 591.86, P8, 28, 1, 669, 8151, 9.64, 145.00, 465, 405, 1, 8
2026-09-07T16:04:57.4794707+07:00,2026/09/07 16:04:57.510, NVIDIA GeForce RTX 5060, 591.86, P8, 28, 1, 669, 8151, 9.65, 145.00, 457, 405, 1, 8
2026-09-07T16:05:02.5279700+07:00,2026/09/07 16:05:02.574, NVIDIA GeForce RTX 5060, 591.86, P8, 28, 1, 669, 8151, 9.73, 145.00, 465, 405, 1, 8
2026-09-07T16:05:07.6410333+07:00,2026/09/07 16:05:07.687, NVIDIA GeForce RTX 5060, 591.86, P8, 28, 1, 669, 8151, 9.84, 145.00, 465, 405, 1, 8
2026-09-07T16:05:12.7036416+07:00,2026/09/07 16:05:12.765, NVIDIA GeForce RTX 5060, 591.86, P8, 28, 1, 669, 8151, 9.71, 145.00, 472, 405, 1, 8
2026-09-07T16:05:17.7837251+07:00,2026/09/07 16:05:17.830, NVIDIA GeForce RTX 5060, 591.86, P8, 28, 1, 669, 8151, 9.82, 145.00, 465, 405, 1, 8
2026-09-07T16:05:22.8494464+07:00,2026/09/07 16:05:22.895, NVIDIA GeForce RTX 5060, 591.86, P8, 28, 1, 669, 8151, 9.89, 145.00, 457, 405, 1, 8
2026-09-07T16:05:27.9127015+07:00,2026/09/07 16:05:27.959, NVIDIA GeForce RTX 5060, 591.86, P8, 28, 1, 669, 8151, 9.82, 145.00, 465, 405, 1, 8
2026-09-07T16:05:32.9773034+07:00,2026/09/07 16:05:33.024, NVIDIA GeForce RTX 5060, 591.86, P8, 28, 2, 669, 8151, 9.83, 145.00, 465, 405, 1, 8
2026-09-07T16:05:38.1035226+07:00,2026/09/07 16:05:38.135, NVIDIA GeForce RTX 5060, 591.86, P8, 28, 1, 669, 8151, 9.75, 145.00, 457, 405, 1, 8
2026-09-07T16:05:43.1662444+07:00,2026/09/07 16:05:43.212, NVIDIA GeForce RTX 5060, 591.86, P8, 28, 2, 669, 8151, 9.76, 145.00, 457, 405, 1, 8
2026-09-07T16:05:48.2310997+07:00,2026/09/07 16:05:48.277, NVIDIA GeForce RTX 5060, 591.86, P8, 28, 1, 669, 8151, 9.89, 145.00, 465, 405, 1, 8
2026-09-07T16:05:53.2984559+07:00,2026/09/07 16:05:53.344, NVIDIA GeForce RTX 5060, 591.86, P8, 28, 1, 669, 8151, 9.77, 145.00, 472, 405, 1, 8
2026-09-07T16:05:58.3656665+07:00,2026/09/07 16:05:58.396, NVIDIA GeForce RTX 5060, 591.86, P8, 28, 1, 669, 8151, 9.81, 145.00, 465, 405, 1, 8
2026-09-07T16:06:03.4178182+07:00,2026/09/07 16:06:03.464, NVIDIA GeForce RTX 5060, 591.86, P8, 28, 1, 669, 8151, 9.73, 145.00, 465, 405, 1, 8
2026-09-07T16:06:08.5624134+07:00,2026/09/07 16:06:08.593, NVIDIA GeForce RTX 5060, 591.86, P8, 28, 1, 669, 8151, 9.66, 145.00, 457, 405, 1, 8
2026-09-07T16:06:13.6122201+07:00,2026/09/07 16:06:13.673, NVIDIA GeForce RTX 5060, 591.86, P8, 28, 1, 669, 8151, 9.71, 145.00, 457, 405, 1, 8
2026-09-07T16:06:18.7089637+07:00,2026/09/07 16:06:18.739, NVIDIA GeForce RTX 5060, 591.86, P8, 28, 1, 669, 8151, 9.78, 145.00, 465, 405, 1, 8
2026-09-07T16:06:23.7590104+07:00,2026/09/07 16:06:23.805, NVIDIA GeForce RTX 5060, 591.86, P8, 28, 1, 669, 8151, 9.70, 145.00, 465, 405, 1, 8
2026-09-07T16:06:28.8261970+07:00,2026/09/07 16:06:28.872, NVIDIA GeForce RTX 5060, 591.86, P8, 28, 2, 669, 8151, 9.82, 145.00, 450, 405, 1, 8
2026-09-07T16:06:33.8946127+07:00,2026/09/07 16:06:33.941, NVIDIA GeForce RTX 5060, 591.86, P8, 28, 1, 669, 8151, 9.71, 145.00, 465, 405, 1, 8
2026-09-07T16:06:39.0083896+07:00,2026/09/07 16:06:39.054, NVIDIA GeForce RTX 5060, 591.86, P8, 28, 1, 669, 8151, 9.76, 145.00, 457, 405, 1, 8
2026-09-07T16:06:44.0738505+07:00,2026/09/07 16:06:44.104, NVIDIA GeForce RTX 5060, 591.86, P8, 28, 1, 669, 8151, 9.74, 145.00, 465, 405, 1, 8
2026-09-07T16:06:49.1256456+07:00,2026/09/07 16:06:49.187, NVIDIA GeForce RTX 5060, 591.86, P8, 28, 1, 669, 8151, 9.84, 145.00, 457, 405, 1, 8
2026-09-07T16:06:54.2092493+07:00,2026/09/07 16:06:54.240, NVIDIA GeForce RTX 5060, 591.86, P8, 28, 1, 669, 8151, 9.76, 145.00, 457, 405, 1, 8
2026-09-07T16:06:59.2613308+07:00,2026/09/07 16:06:59.307, NVIDIA GeForce RTX 5060, 591.86, P8, 28, 1, 669, 8151, 9.71, 145.00, 457, 405, 1, 8
2026-09-07T16:07:04.3280028+07:00,2026/09/07 16:07:04.374, NVIDIA GeForce RTX 5060, 591.86, P8, 28, 2, 669, 8151, 9.63, 145.00, 457, 405, 1, 8
2026-09-07T16:07:09.4435099+07:00,2026/09/07 16:07:09.536, NVIDIA GeForce RTX 5060, 591.86, P8, 28, 2, 669, 8151, 9.71, 145.00, 457, 405, 1, 8
2026-09-07T16:07:14.5554951+07:00,2026/09/07 16:07:14.601, NVIDIA GeForce RTX 5060, 591.86, P8, 28, 2, 669, 8151, 9.76, 145.00, 457, 405, 1, 8
2026-09-07T16:07:19.6215783+07:00,2026/09/07 16:07:19.668, NVIDIA GeForce RTX 5060, 591.86, P8, 28, 2, 669, 8151, 9.67, 145.00, 457, 405, 1, 8
2026-09-07T16:07:24.7039920+07:00,2026/09/07 16:07:24.781, NVIDIA GeForce RTX 5060, 591.86, P8, 28, 1, 669, 8151, 9.75, 145.00, 450, 405, 1, 8
2026-09-07T16:07:29.8029743+07:00,2026/09/07 16:07:29.849, NVIDIA GeForce RTX 5060, 591.86, P8, 28, 1, 669, 8151, 9.86, 145.00, 465, 405, 1, 8
2026-09-07T16:07:34.8709560+07:00,2026/09/07 16:07:34.917, NVIDIA GeForce RTX 5060, 591.86, P8, 28, 1, 669, 8151, 9.79, 145.00, 457, 405, 1, 8
2026-09-07T16:07:39.9836796+07:00,2026/09/07 16:07:40.015, NVIDIA GeForce RTX 5060, 591.86, P8, 28, 1, 669, 8151, 9.63, 145.00, 450, 405, 1, 8
2026-09-07T16:07:45.0339171+07:00,2026/09/07 16:07:45.173, NVIDIA GeForce RTX 5060, 591.86, P8, 28, 1, 669, 8151, 9.75, 145.00, 457, 405, 1, 8
2026-09-07T16:07:50.1940808+07:00,2026/09/07 16:07:50.240, NVIDIA GeForce RTX 5060, 591.86, P8, 28, 2, 669, 8151, 9.86, 145.00, 457, 405, 1, 8
2026-09-07T16:07:55.2609344+07:00,2026/09/07 16:07:55.291, NVIDIA GeForce RTX 5060, 591.86, P8, 28, 1, 669, 8151, 9.73, 145.00, 450, 405, 1, 8
2026-09-07T16:08:00.3133400+07:00,2026/09/07 16:08:00.344, NVIDIA GeForce RTX 5060, 591.86, P8, 28, 1, 669, 8151, 9.69, 145.00, 465, 405, 1, 8
2026-09-07T16:08:05.3658300+07:00,2026/09/07 16:08:05.412, NVIDIA GeForce RTX 5060, 591.86, P8, 28, 1, 669, 8151, 9.68, 145.00, 457, 405, 1, 8
2026-09-07T16:08:10.4953233+07:00,2026/09/07 16:08:10.541, NVIDIA GeForce RTX 5060, 591.86, P8, 28, 2, 669, 8151, 9.69, 145.00, 442, 405, 1, 8
2026-09-07T16:08:15.5611634+07:00,2026/09/07 16:08:15.607, NVIDIA GeForce RTX 5060, 591.86, P8, 28, 1, 669, 8151, 9.76, 145.00, 450, 405, 1, 8
2026-09-07T16:08:20.6286046+07:00,2026/09/07 16:08:20.675, NVIDIA GeForce RTX 5060, 591.86, P8, 28, 2, 669, 8151, 9.83, 145.00, 465, 405, 1, 8
2026-09-07T16:08:25.6961101+07:00,2026/09/07 16:08:25.773, NVIDIA GeForce RTX 5060, 591.86, P8, 28, 1, 669, 8151, 9.66, 145.00, 457, 405, 1, 8
2026-09-07T16:08:30.8390256+07:00,2026/09/07 16:08:30.885, NVIDIA GeForce RTX 5060, 591.86, P8, 28, 2, 669, 8151, 9.61, 145.00, 465, 405, 1, 8
2026-09-07T16:08:35.9056538+07:00,2026/09/07 16:08:35.952, NVIDIA GeForce RTX 5060, 591.86, P8, 28, 2, 669, 8151, 9.81, 145.00, 450, 405, 1, 8
2026-09-07T16:08:41.0354246+07:00,2026/09/07 16:08:41.066, NVIDIA GeForce RTX 5060, 591.86, P8, 28, 2, 669, 8151, 9.85, 145.00, 465, 405, 1, 8
2026-09-07T16:08:46.0869243+07:00,2026/09/07 16:08:46.133, NVIDIA GeForce RTX 5060, 591.86, P8, 28, 1, 669, 8151, 9.80, 145.00, 465, 405, 1, 8
2026-09-07T16:08:51.1513769+07:00,2026/09/07 16:08:51.197, NVIDIA GeForce RTX 5060, 591.86, P8, 28, 1, 669, 8151, 9.79, 145.00, 472, 405, 1, 8
2026-09-07T16:08:56.2291440+07:00,2026/09/07 16:08:56.305, NVIDIA GeForce RTX 5060, 591.86, P8, 28, 2, 669, 8151, 9.79, 145.00, 457, 405, 1, 8
2026-09-07T16:09:01.3207344+07:00,2026/09/07 16:09:01.367, NVIDIA GeForce RTX 5060, 591.86, P8, 28, 1, 669, 8151, 9.73, 145.00, 465, 405, 1, 8
2026-09-07T16:09:06.3832816+07:00,2026/09/07 16:09:06.476, NVIDIA GeForce RTX 5060, 591.86, P8, 28, 2, 669, 8151, 9.84, 145.00, 465, 405, 1, 8
2026-09-07T16:09:11.5371863+07:00,2026/09/07 16:09:11.598, NVIDIA GeForce RTX 5060, 591.86, P8, 28, 2, 669, 8151, 9.90, 145.00, 487, 405, 1, 8
2026-09-07T16:09:16.6143389+07:00,2026/09/07 16:09:16.660, NVIDIA GeForce RTX 5060, 591.86, P8, 28, 2, 669, 8151, 9.86, 145.00, 465, 405, 1, 8
2026-09-07T16:09:21.6756110+07:00,2026/09/07 16:09:21.706, NVIDIA GeForce RTX 5060, 591.86, P8, 28, 1, 669, 8151, 9.77, 145.00, 457, 405, 1, 8
2026-09-07T16:09:26.7332700+07:00,2026/09/07 16:09:26.779, NVIDIA GeForce RTX 5060, 591.86, P8, 28, 2, 669, 8151, 9.80, 145.00, 465, 405, 1, 8
2026-09-07T16:09:31.7957344+07:00,2026/09/07 16:09:31.826, NVIDIA GeForce RTX 5060, 591.86, P8, 28, 2, 669, 8151, 9.83, 145.00, 480, 405, 1, 8
2026-09-07T16:09:36.8410385+07:00,2026/09/07 16:09:36.887, NVIDIA GeForce RTX 5060, 591.86, P8, 28, 2, 669, 8151, 9.77, 145.00, 465, 405, 1, 8
2026-09-07T16:09:41.9509664+07:00,2026/09/07 16:09:41.997, NVIDIA GeForce RTX 5060, 591.86, P8, 28, 2, 669, 8151, 9.81, 145.00, 472, 405, 1, 8
2026-09-07T16:09:47.0113621+07:00,2026/09/07 16:09:47.057, NVIDIA GeForce RTX 5060, 591.86, P8, 28, 2, 669, 8151, 9.81, 145.00, 472, 405, 1, 8
2026-09-07T16:09:52.0732775+07:00,2026/09/07 16:09:52.290, NVIDIA GeForce RTX 5060, 591.86, P8, 28, 2, 669, 8151, 9.75, 145.00, 457, 405, 1, 8
2026-09-07T16:09:57.4050341+07:00,2026/09/07 16:09:57.591, NVIDIA GeForce RTX 5060, 591.86, P8, 28, 2, 669, 8151, 9.86, 145.00, 457, 405, 1, 8
2026-09-07T16:10:02.6286093+07:00,2026/09/07 16:10:02.799, NVIDIA GeForce RTX 5060, 591.86, P8, 28, 2, 669, 8151, 9.72, 145.00, 472, 405, 1, 8
2026-09-07T16:10:07.8210617+07:00,2026/09/07 16:10:07.914, NVIDIA GeForce RTX 5060, 591.86, P8, 28, 2, 669, 8151, 9.85, 145.00, 457, 405, 1, 8
2026-09-07T16:10:12.9974267+07:00,2026/09/07 16:10:13.059, NVIDIA GeForce RTX 5060, 591.86, P8, 28, 2, 669, 8151, 9.82, 145.00, 450, 405, 1, 8
2026-09-07T16:10:18.1127653+07:00,2026/09/07 16:10:18.190, NVIDIA GeForce RTX 5060, 591.86, P8, 28, 2, 669, 8151, 9.91, 145.00, 450, 405, 1, 8
2026-09-07T16:10:23.2585401+07:00,2026/09/07 16:10:23.429, NVIDIA GeForce RTX 5060, 591.86, P8, 28, 2, 669, 8151, 9.88, 145.00, 450, 405, 1, 8
2026-09-07T16:10:28.5126470+07:00,2026/09/07 16:10:28.559, NVIDIA GeForce RTX 5060, 591.86, P8, 28, 2, 669, 8151, 10.06, 145.00, 472, 405, 1, 8
2026-09-07T16:10:33.5813519+07:00,2026/09/07 16:10:33.643, NVIDIA GeForce RTX 5060, 591.86, P8, 27, 0, 669, 8151, 9.05, 145.00, 247, 405, 1, 8
2026-09-07T16:10:38.6615926+07:00,2026/09/07 16:10:38.723, NVIDIA GeForce RTX 5060, 591.86, P8, 28, 1, 669, 8151, 9.67, 145.00, 465, 405, 1, 8
2026-09-07T16:10:43.8058384+07:00,2026/09/07 16:10:43.883, NVIDIA GeForce RTX 5060, 591.86, P8, 28, 2, 669, 8151, 9.79, 145.00, 472, 405, 1, 8
2026-09-07T16:10:48.9361695+07:00,2026/09/07 16:10:49.013, NVIDIA GeForce RTX 5060, 591.86, P8, 28, 2, 669, 8151, 9.93, 145.00, 480, 405, 1, 8
2026-09-07T16:10:54.0350642+07:00,2026/09/07 16:10:54.128, NVIDIA GeForce RTX 5060, 591.86, P8, 28, 2, 669, 8151, 9.90, 145.00, 465, 405, 1, 8
2026-09-07T16:10:59.1494709+07:00,2026/09/07 16:10:59.195, NVIDIA GeForce RTX 5060, 591.86, P8, 28, 2, 669, 8151, 9.80, 145.00, 465, 405, 1, 8
2026-09-07T16:11:04.2180312+07:00,2026/09/07 16:11:04.264, NVIDIA GeForce RTX 5060, 591.86, P8, 28, 2, 669, 8151, 9.82, 145.00, 457, 405, 1, 8
2026-09-07T16:11:09.2867517+07:00,2026/09/07 16:11:09.333, NVIDIA GeForce RTX 5060, 591.86, P8, 28, 2, 669, 8151, 9.83, 145.00, 465, 405, 1, 8
2026-09-07T16:11:14.4016654+07:00,2026/09/07 16:11:14.525, NVIDIA GeForce RTX 5060, 591.86, P8, 28, 2, 669, 8151, 9.78, 145.00, 472, 405, 1, 8
2026-09-07T16:11:19.5632125+07:00,2026/09/07 16:11:19.609, NVIDIA GeForce RTX 5060, 591.86, P8, 28, 2, 669, 8151, 9.75, 145.00, 465, 405, 1, 8
2026-09-07T16:11:24.6307167+07:00,2026/09/07 16:11:24.708, NVIDIA GeForce RTX 5060, 591.86, P8, 28, 2, 669, 8151, 9.86, 145.00, 465, 405, 1, 8
2026-09-07T16:11:29.7601520+07:00,2026/09/07 16:11:29.791, NVIDIA GeForce RTX 5060, 591.86, P8, 28, 2, 669, 8151, 9.64, 145.00, 450, 405, 1, 8
2026-09-07T16:11:34.8119228+07:00,2026/09/07 16:11:34.858, NVIDIA GeForce RTX 5060, 591.86, P8, 28, 2, 669, 8151, 9.56, 145.00, 465, 405, 1, 8
2026-09-07T16:11:39.8797478+07:00,2026/09/07 16:11:39.926, NVIDIA GeForce RTX 5060, 591.86, P8, 28, 2, 669, 8151, 9.65, 145.00, 472, 405, 1, 8
2026-09-07T16:11:45.0105626+07:00,2026/09/07 16:11:45.119, NVIDIA GeForce RTX 5060, 591.86, P8, 28, 2, 669, 8151, 9.75, 145.00, 472, 405, 1, 8
2026-09-07T16:11:50.1410498+07:00,2026/09/07 16:11:50.203, NVIDIA GeForce RTX 5060, 591.86, P8, 28, 2, 669, 8151, 9.86, 145.00, 450, 405, 1, 8
2026-09-07T16:11:55.2253207+07:00,2026/09/07 16:11:55.271, NVIDIA GeForce RTX 5060, 591.86, P8, 28, 2, 669, 8151, 9.80, 145.00, 465, 405, 1, 8
2026-09-07T16:12:00.2932060+07:00,2026/09/07 16:12:00.339, NVIDIA GeForce RTX 5060, 591.86, P8, 28, 2, 669, 8151, 9.77, 145.00, 450, 405, 1, 8
2026-09-07T16:12:05.3916595+07:00,2026/09/07 16:12:05.438, NVIDIA GeForce RTX 5060, 591.86, P8, 28, 2, 669, 8151, 9.86, 145.00, 465, 405, 1, 8
2026-09-07T16:12:10.4575441+07:00,2026/09/07 16:12:10.504, NVIDIA GeForce RTX 5060, 591.86, P8, 28, 2, 669, 8151, 9.77, 145.00, 465, 405, 1, 8
2026-09-07T16:12:15.5729488+07:00,2026/09/07 16:12:15.650, NVIDIA GeForce RTX 5060, 591.86, P8, 28, 2, 669, 8151, 9.77, 145.00, 472, 405, 1, 8
2026-09-07T16:12:20.6718099+07:00,2026/09/07 16:12:20.764, NVIDIA GeForce RTX 5060, 591.86, P8, 28, 2, 669, 8151, 9.90, 145.00, 472, 405, 1, 8
2026-09-07T16:12:25.7875452+07:00,2026/09/07 16:12:25.911, NVIDIA GeForce RTX 5060, 591.86, P8, 28, 2, 669, 8151, 9.80, 145.00, 457, 405, 1, 8
2026-09-07T16:12:30.9351913+07:00,2026/09/07 16:12:30.997, NVIDIA GeForce RTX 5060, 591.86, P8, 28, 1, 669, 8151, 9.81, 145.00, 465, 405, 1, 8
2026-09-07T16:12:36.0340406+07:00,2026/09/07 16:12:36.096, NVIDIA GeForce RTX 5060, 591.86, P8, 28, 2, 669, 8151, 9.98, 145.00, 465, 405, 1, 8
2026-09-07T16:12:41.1188739+07:00,2026/09/07 16:12:41.165, NVIDIA GeForce RTX 5060, 591.86, P8, 28, 2, 669, 8151, 9.91, 145.00, 465, 405, 1, 8
2026-09-07T16:12:46.2487259+07:00,2026/09/07 16:12:46.310, NVIDIA GeForce RTX 5060, 591.86, P8, 28, 2, 669, 8151, 9.86, 145.00, 472, 405, 1, 8
2026-09-07T16:12:51.3175635+07:00,2026/09/07 16:12:51.379, NVIDIA GeForce RTX 5060, 591.86, P8, 28, 2, 669, 8151, 9.69, 145.00, 457, 405, 1, 8
2026-09-07T16:12:56.4017460+07:00,2026/09/07 16:12:56.448, NVIDIA GeForce RTX 5060, 591.86, P8, 28, 2, 669, 8151, 9.85, 145.00, 465, 405, 1, 8
2026-09-07T16:13:01.4699484+07:00,2026/09/07 16:13:01.547, NVIDIA GeForce RTX 5060, 591.86, P8, 28, 2, 669, 8151, 9.71, 145.00, 465, 405, 1, 8
2026-09-07T16:13:06.5698447+07:00,2026/09/07 16:13:06.616, NVIDIA GeForce RTX 5060, 591.86, P8, 28, 2, 669, 8151, 9.75, 145.00, 457, 405, 1, 8
2026-09-07T16:13:11.6389261+07:00,2026/09/07 16:13:11.685, NVIDIA GeForce RTX 5060, 591.86, P8, 28, 3, 665, 8151, 10.00, 145.00, 472, 405, 1, 8
2026-09-07T16:13:16.7519334+07:00,2026/09/07 16:13:16.798, NVIDIA GeForce RTX 5060, 591.86, P8, 28, 1, 665, 8151, 9.78, 145.00, 480, 405, 1, 8
2026-09-07T16:13:21.8186506+07:00,2026/09/07 16:13:21.865, NVIDIA GeForce RTX 5060, 591.86, P8, 28, 2, 665, 8151, 9.79, 145.00, 457, 405, 1, 8
2026-09-07T16:13:26.8851742+07:00,2026/09/07 16:13:26.916, NVIDIA GeForce RTX 5060, 591.86, P8, 28, 2, 665, 8151, 9.73, 145.00, 457, 405, 1, 8
2026-09-07T16:13:31.9309593+07:00,2026/09/07 16:13:31.977, NVIDIA GeForce RTX 5060, 591.86, P8, 28, 2, 665, 8151, 9.57, 145.00, 465, 405, 1, 8
2026-09-07T16:13:36.9941036+07:00,2026/09/07 16:13:37.071, NVIDIA GeForce RTX 5060, 591.86, P8, 28, 2, 665, 8151, 9.65, 145.00, 457, 405, 1, 8
2026-09-07T16:13:42.0896549+07:00,2026/09/07 16:13:42.151, NVIDIA GeForce RTX 5060, 591.86, P8, 28, 2, 665, 8151, 9.54, 145.00, 465, 405, 1, 8
2026-09-07T16:13:47.2156991+07:00,2026/09/07 16:13:47.246, NVIDIA GeForce RTX 5060, 591.86, P8, 28, 2, 665, 8151, 9.65, 145.00, 465, 405, 1, 8
2026-09-07T16:13:52.2534128+07:00,2026/09/07 16:13:52.299, NVIDIA GeForce RTX 5060, 591.86, P8, 28, 2, 665, 8151, 9.73, 145.00, 465, 405, 1, 8
2026-09-07T16:13:57.3177593+07:00,2026/09/07 16:13:57.364, NVIDIA GeForce RTX 5060, 591.86, P8, 28, 2, 665, 8151, 9.68, 145.00, 472, 405, 1, 8
2026-09-07T16:14:02.3848891+07:00,2026/09/07 16:14:02.415, NVIDIA GeForce RTX 5060, 591.86, P8, 28, 2, 665, 8151, 9.76, 145.00, 465, 405, 1, 8
2026-09-07T16:14:07.4358983+07:00,2026/09/07 16:14:07.466, NVIDIA GeForce RTX 5060, 591.86, P8, 28, 2, 665, 8151, 9.72, 145.00, 457, 405, 1, 8
2026-09-07T16:14:12.4886386+07:00,2026/09/07 16:14:12.535, NVIDIA GeForce RTX 5060, 591.86, P8, 28, 2, 665, 8151, 9.83, 145.00, 465, 405, 1, 8
2026-09-07T16:14:17.6037129+07:00,2026/09/07 16:14:17.665, NVIDIA GeForce RTX 5060, 591.86, P8, 28, 2, 665, 8151, 9.70, 145.00, 465, 405, 1, 8
2026-09-07T16:14:22.6865755+07:00,2026/09/07 16:14:22.733, NVIDIA GeForce RTX 5060, 591.86, P8, 28, 2, 665, 8151, 9.60, 145.00, 465, 405, 1, 8
2026-09-07T16:14:27.7877509+07:00,2026/09/07 16:14:27.818, NVIDIA GeForce RTX 5060, 591.86, P8, 28, 1, 665, 8151, 9.72, 145.00, 450, 405, 1, 8
2026-09-07T16:14:32.8259762+07:00,2026/09/07 16:14:32.872, NVIDIA GeForce RTX 5060, 591.86, P8, 28, 1, 665, 8151, 9.72, 145.00, 465, 405, 1, 8
2026-09-07T16:14:37.8943607+07:00,2026/09/07 16:14:37.941, NVIDIA GeForce RTX 5060, 591.86, P8, 28, 2, 665, 8151, 9.64, 145.00, 465, 405, 1, 8
2026-09-07T16:14:42.9599071+07:00,2026/09/07 16:14:43.006, NVIDIA GeForce RTX 5060, 591.86, P8, 28, 2, 665, 8151, 9.58, 145.00, 465, 405, 1, 8
2026-09-07T16:14:48.1068673+07:00,2026/09/07 16:14:48.153, NVIDIA GeForce RTX 5060, 591.86, P8, 28, 2, 665, 8151, 9.81, 145.00, 465, 405, 1, 8
2026-09-07T16:14:53.1732076+07:00,2026/09/07 16:14:53.219, NVIDIA GeForce RTX 5060, 591.86, P8, 28, 2, 665, 8151, 9.83, 145.00, 487, 405, 1, 8
2026-09-07T16:14:58.2414276+07:00,2026/09/07 16:14:58.318, NVIDIA GeForce RTX 5060, 591.86, P8, 28, 2, 665, 8151, 9.68, 145.00, 465, 405, 1, 8
2026-09-07T16:15:03.3397215+07:00,2026/09/07 16:15:03.386, NVIDIA GeForce RTX 5060, 591.86, P8, 28, 2, 665, 8151, 9.65, 145.00, 472, 405, 1, 8
2026-09-07T16:15:08.4082728+07:00,2026/09/07 16:15:08.454, NVIDIA GeForce RTX 5060, 591.86, P8, 28, 2, 665, 8151, 9.71, 145.00, 465, 405, 1, 8
2026-09-07T16:15:13.4762853+07:00,2026/09/07 16:15:13.568, NVIDIA GeForce RTX 5060, 591.86, P8, 28, 2, 665, 8151, 9.79, 145.00, 465, 405, 1, 8
2026-09-07T16:15:18.6368471+07:00,2026/09/07 16:15:18.714, NVIDIA GeForce RTX 5060, 591.86, P8, 28, 1, 665, 8151, 9.69, 145.00, 457, 405, 1, 8
2026-09-07T16:15:23.7362272+07:00,2026/09/07 16:15:23.782, NVIDIA GeForce RTX 5060, 591.86, P8, 28, 1, 665, 8151, 9.74, 145.00, 465, 405, 1, 8
2026-09-07T16:15:28.8051539+07:00,2026/09/07 16:15:28.898, NVIDIA GeForce RTX 5060, 591.86, P8, 28, 1, 665, 8151, 9.68, 145.00, 472, 405, 1, 8
2026-09-07T16:15:33.9205385+07:00,2026/09/07 16:15:33.967, NVIDIA GeForce RTX 5060, 591.86, P8, 28, 2, 665, 8151, 9.76, 145.00, 465, 405, 1, 8
2026-09-07T16:15:38.9887842+07:00,2026/09/07 16:15:39.050, NVIDIA GeForce RTX 5060, 591.86, P8, 28, 1, 665, 8151, 9.57, 145.00, 472, 405, 1, 8
2026-09-07T16:15:44.1049989+07:00,2026/09/07 16:15:44.151, NVIDIA GeForce RTX 5060, 591.86, P8, 28, 2, 665, 8151, 9.71, 145.00, 472, 405, 1, 8
2026-09-07T16:15:49.2349441+07:00,2026/09/07 16:15:49.327, NVIDIA GeForce RTX 5060, 591.86, P8, 28, 2, 665, 8151, 9.75, 145.00, 465, 405, 1, 8
2026-09-07T16:15:54.3490829+07:00,2026/09/07 16:15:54.395, NVIDIA GeForce RTX 5060, 591.86, P8, 28, 2, 665, 8151, 9.70, 145.00, 472, 405, 1, 8
2026-09-07T16:15:59.4153142+07:00,2026/09/07 16:15:59.461, NVIDIA GeForce RTX 5060, 591.86, P8, 28, 2, 665, 8151, 9.81, 145.00, 465, 405, 1, 8
2026-09-07T16:16:04.4979348+07:00,2026/09/07 16:16:04.544, NVIDIA GeForce RTX 5060, 591.86, P8, 28, 2, 665, 8151, 9.80, 145.00, 465, 405, 1, 8
2026-09-07T16:16:09.5667742+07:00,2026/09/07 16:16:09.644, NVIDIA GeForce RTX 5060, 591.86, P8, 28, 2, 665, 8151, 9.77, 145.00, 472, 405, 1, 8
2026-09-07T16:16:14.6652896+07:00,2026/09/07 16:16:14.758, NVIDIA GeForce RTX 5060, 591.86, P8, 28, 1, 665, 8151, 9.65, 145.00, 465, 405, 1, 8
2026-09-07T16:16:19.8572101+07:00,2026/09/07 16:16:19.903, NVIDIA GeForce RTX 5060, 591.86, P8, 28, 2, 665, 8151, 9.72, 145.00, 465, 405, 1, 8
2026-09-07T16:16:24.9253282+07:00,2026/09/07 16:16:24.987, NVIDIA GeForce RTX 5060, 591.86, P8, 28, 2, 665, 8151, 9.70, 145.00, 457, 405, 1, 8
2026-09-07T16:16:30.0086551+07:00,2026/09/07 16:16:30.055, NVIDIA GeForce RTX 5060, 591.86, P8, 28, 2, 665, 8151, 9.84, 145.00, 457, 405, 1, 8
2026-09-07T16:16:35.0759925+07:00,2026/09/07 16:16:35.122, NVIDIA GeForce RTX 5060, 591.86, P8, 28, 2, 665, 8151, 9.82, 145.00, 472, 405, 1, 8
2026-09-07T16:16:40.1450082+07:00,2026/09/07 16:16:40.238, NVIDIA GeForce RTX 5060, 591.86, P8, 28, 2, 665, 8151, 9.78, 145.00, 457, 405, 1, 8
2026-09-07T16:16:45.2586602+07:00,2026/09/07 16:16:45.336, NVIDIA GeForce RTX 5060, 591.86, P8, 28, 2, 665, 8151, 9.77, 145.00, 465, 405, 1, 8
2026-09-07T16:16:50.4039672+07:00,2026/09/07 16:16:50.465, NVIDIA GeForce RTX 5060, 591.86, P8, 28, 2, 665, 8151, 9.85, 145.00, 465, 405, 1, 8
2026-09-07T16:16:55.4857039+07:00,2026/09/07 16:16:55.609, NVIDIA GeForce RTX 5060, 591.86, P8, 28, 2, 665, 8151, 9.86, 145.00, 465, 405, 1, 8
2026-09-07T16:17:00.6606705+07:00,2026/09/07 16:17:00.753, NVIDIA GeForce RTX 5060, 591.86, P8, 28, 2, 665, 8151, 9.82, 145.00, 450, 405, 1, 8
2026-09-07T16:17:05.7706050+07:00,2026/09/07 16:17:05.801, NVIDIA GeForce RTX 5060, 591.86, P8, 28, 9, 665, 8151, 10.22, 145.00, 562, 405, 1, 8
2026-09-07T16:17:10.8202001+07:00,2026/09/07 16:17:10.851, NVIDIA GeForce RTX 5060, 591.86, P8, 28, 2, 665, 8151, 9.73, 145.00, 457, 405, 1, 8
2026-09-07T16:17:15.8664244+07:00,2026/09/07 16:17:15.897, NVIDIA GeForce RTX 5060, 591.86, P8, 28, 2, 665, 8151, 9.94, 145.00, 472, 405, 1, 8
2026-09-07T16:17:20.9586270+07:00,2026/09/07 16:17:20.989, NVIDIA GeForce RTX 5060, 591.86, P8, 28, 10, 665, 8151, 10.03, 145.00, 525, 405, 1, 8
2026-09-07T16:17:26.0079206+07:00,2026/09/07 16:17:26.038, NVIDIA GeForce RTX 5060, 591.86, P8, 28, 2, 665, 8151, 9.76, 145.00, 465, 405, 1, 8
2026-09-07T16:17:31.0588109+07:00,2026/09/07 16:17:31.105, NVIDIA GeForce RTX 5060, 591.86, P8, 28, 2, 665, 8151, 9.83, 145.00, 472, 405, 1, 8
2026-09-07T16:17:36.1229897+07:00,2026/09/07 16:17:36.169, NVIDIA GeForce RTX 5060, 591.86, P8, 28, 2, 665, 8151, 10.07, 145.00, 465, 405, 1, 8
2026-09-07T16:17:41.1873554+07:00,2026/09/07 16:17:41.264, NVIDIA GeForce RTX 5060, 591.86, P8, 28, 2, 665, 8151, 9.76, 145.00, 472, 405, 1, 8
2026-09-07T16:17:46.2845591+07:00,2026/09/07 16:17:46.331, NVIDIA GeForce RTX 5060, 591.86, P8, 28, 2, 665, 8151, 9.80, 145.00, 465, 405, 1, 8
2026-09-07T16:17:51.3957628+07:00,2026/09/07 16:17:51.442, NVIDIA GeForce RTX 5060, 591.86, P8, 28, 2, 665, 8151, 9.96, 145.00, 472, 405, 1, 8
2026-09-07T16:17:56.4618693+07:00,2026/09/07 16:17:56.508, NVIDIA GeForce RTX 5060, 591.86, P8, 28, 1, 665, 8151, 9.73, 145.00, 472, 405, 1, 8
2026-09-07T16:18:01.5274201+07:00,2026/09/07 16:18:01.558, NVIDIA GeForce RTX 5060, 591.86, P8, 28, 2, 665, 8151, 9.71, 145.00, 457, 405, 1, 8
2026-09-07T16:18:06.5804020+07:00,2026/09/07 16:18:06.673, NVIDIA GeForce RTX 5060, 591.86, P8, 28, 2, 665, 8151, 9.84, 145.00, 465, 405, 1, 8
2026-09-07T16:18:11.7260830+07:00,2026/09/07 16:18:11.803, NVIDIA GeForce RTX 5060, 591.86, P8, 28, 2, 665, 8151, 9.94, 145.00, 465, 405, 1, 8
2026-09-07T16:18:16.8563986+07:00,2026/09/07 16:18:16.980, NVIDIA GeForce RTX 5060, 591.86, P8, 28, 2, 665, 8151, 9.80, 145.00, 457, 405, 1, 8
2026-09-07T16:18:22.0634346+07:00,2026/09/07 16:18:22.109, NVIDIA GeForce RTX 5060, 591.86, P8, 28, 2, 665, 8151, 9.79, 145.00, 442, 405, 1, 8
2026-09-07T16:18:27.1582979+07:00,2026/09/07 16:18:27.220, NVIDIA GeForce RTX 5060, 591.86, P8, 28, 2, 665, 8151, 10.06, 145.00, 540, 405, 1, 8
2026-09-07T16:18:32.2414963+07:00,2026/09/07 16:18:32.288, NVIDIA GeForce RTX 5060, 591.86, P8, 28, 1, 665, 8151, 9.68, 145.00, 465, 405, 1, 8
2026-09-07T16:18:37.3090607+07:00,2026/09/07 16:18:37.371, NVIDIA GeForce RTX 5060, 591.86, P8, 28, 2, 665, 8151, 9.63, 145.00, 457, 405, 1, 8
2026-09-07T16:18:42.4215864+07:00,2026/09/07 16:18:42.468, NVIDIA GeForce RTX 5060, 591.86, P8, 28, 2, 665, 8151, 9.95, 145.00, 555, 405, 1, 8
2026-09-07T16:18:47.4863353+07:00,2026/09/07 16:18:47.548, NVIDIA GeForce RTX 5060, 591.86, P8, 28, 2, 665, 8151, 9.70, 145.00, 465, 405, 1, 8
2026-09-07T16:18:52.6151978+07:00,2026/09/07 16:18:52.646, NVIDIA GeForce RTX 5060, 591.86, P8, 28, 2, 665, 8151, 9.59, 145.00, 465, 405, 1, 8
2026-09-07T16:18:57.6676595+07:00,2026/09/07 16:18:57.729, NVIDIA GeForce RTX 5060, 591.86, P8, 28, 2, 665, 8151, 9.97, 145.00, 465, 405, 1, 8
2026-09-07T16:19:02.7492694+07:00,2026/09/07 16:19:02.873, NVIDIA GeForce RTX 5060, 591.86, P8, 28, 1, 665, 8151, 9.81, 145.00, 457, 405, 1, 8
2026-09-07T16:19:07.8926602+07:00,2026/09/07 16:19:07.923, NVIDIA GeForce RTX 5060, 591.86, P8, 28, 2, 665, 8151, 9.94, 145.00, 472, 405, 1, 8
2026-09-07T16:19:12.9431702+07:00,2026/09/07 16:19:13.005, NVIDIA GeForce RTX 5060, 591.86, P8, 28, 2, 665, 8151, 10.19, 145.00, 465, 405, 1, 8
2026-09-07T16:19:18.0272291+07:00,2026/09/07 16:19:18.119, NVIDIA GeForce RTX 5060, 591.86, P8, 28, 2, 665, 8151, 9.86, 145.00, 465, 405, 1, 8
2026-09-07T16:19:23.2037277+07:00,2026/09/07 16:19:23.250, NVIDIA GeForce RTX 5060, 591.86, P8, 28, 2, 665, 8151, 9.82, 145.00, 465, 405, 1, 8
2026-09-07T16:19:28.2730993+07:00,2026/09/07 16:19:28.335, NVIDIA GeForce RTX 5060, 591.86, P8, 28, 2, 665, 8151, 9.84, 145.00, 457, 405, 1, 8
2026-09-07T16:19:33.3563319+07:00,2026/09/07 16:19:33.418, NVIDIA GeForce RTX 5060, 591.86, P8, 28, 2, 665, 8151, 9.90, 145.00, 465, 405, 1, 8
2026-09-07T16:19:38.4398673+07:00,2026/09/07 16:19:38.501, NVIDIA GeForce RTX 5060, 591.86, P8, 28, 2, 664, 8151, 9.84, 145.00, 457, 405, 1, 8
2026-09-07T16:19:43.5408487+07:00,2026/09/07 16:19:43.602, NVIDIA GeForce RTX 5060, 591.86, P8, 28, 2, 664, 8151, 9.87, 145.00, 472, 405, 1, 8
2026-09-07T16:19:48.6248234+07:00,2026/09/07 16:19:48.671, NVIDIA GeForce RTX 5060, 591.86, P8, 28, 2, 664, 8151, 9.77, 145.00, 465, 405, 1, 8
2026-09-07T16:19:53.7512918+07:00,2026/09/07 16:19:53.828, NVIDIA GeForce RTX 5060, 591.86, P8, 28, 1, 664, 8151, 9.87, 145.00, 457, 405, 1, 8
2026-09-07T16:19:58.8481880+07:00,2026/09/07 16:19:58.878, NVIDIA GeForce RTX 5060, 591.86, P8, 28, 1, 664, 8151, 9.75, 145.00, 465, 405, 1, 8
2026-09-07T16:20:03.8986771+07:00,2026/09/07 16:20:03.976, NVIDIA GeForce RTX 5060, 591.86, P8, 28, 2, 664, 8151, 10.18, 145.00, 577, 405, 1, 8
2026-09-07T16:20:08.9975969+07:00,2026/09/07 16:20:09.044, NVIDIA GeForce RTX 5060, 591.86, P8, 28, 2, 664, 8151, 9.83, 145.00, 465, 405, 1, 8
2026-09-07T16:20:14.0645519+07:00,2026/09/07 16:20:14.127, NVIDIA GeForce RTX 5060, 591.86, P8, 28, 2, 664, 8151, 9.70, 145.00, 457, 405, 1, 8
2026-09-07T16:20:19.1468936+07:00,2026/09/07 16:20:19.224, NVIDIA GeForce RTX 5060, 591.86, P8, 28, 1, 664, 8151, 10.05, 145.00, 465, 405, 1, 8
2026-09-07T16:20:24.3069787+07:00,2026/09/07 16:20:24.353, NVIDIA GeForce RTX 5060, 591.86, P8, 28, 2, 664, 8151, 9.76, 145.00, 457, 405, 1, 8
2026-09-07T16:20:29.3756020+07:00,2026/09/07 16:20:29.530, NVIDIA GeForce RTX 5060, 591.86, P8, 28, 2, 664, 8151, 9.72, 145.00, 465, 405, 1, 8
2026-09-07T16:20:34.5510047+07:00,2026/09/07 16:20:34.644, NVIDIA GeForce RTX 5060, 591.86, P8, 28, 2, 664, 8151, 9.93, 145.00, 465, 405, 1, 8
2026-09-07T16:20:39.6796652+07:00,2026/09/07 16:20:39.726, NVIDIA GeForce RTX 5060, 591.86, P8, 28, 2, 664, 8151, 9.86, 145.00, 555, 405, 1, 8
2026-09-07T16:20:44.7449639+07:00,2026/09/07 16:20:44.791, NVIDIA GeForce RTX 5060, 591.86, P8, 28, 2, 664, 8151, 9.64, 145.00, 465, 405, 1, 8
2026-09-07T16:20:49.8060566+07:00,2026/09/07 16:20:49.852, NVIDIA GeForce RTX 5060, 591.86, P8, 28, 2, 664, 8151, 10.01, 145.00, 472, 405, 1, 8
2026-09-07T16:20:54.9142742+07:00,2026/09/07 16:20:54.960, NVIDIA GeForce RTX 5060, 591.86, P8, 28, 2, 664, 8151, 9.94, 145.00, 547, 405, 1, 8
2026-09-07T16:20:59.9769506+07:00,2026/09/07 16:21:00.038, NVIDIA GeForce RTX 5060, 591.86, P8, 28, 2, 664, 8151, 9.83, 145.00, 472, 405, 1, 8
2026-09-07T16:21:05.0539963+07:00,2026/09/07 16:21:05.100, NVIDIA GeForce RTX 5060, 591.86, P8, 28, 1, 664, 8151, 10.03, 145.00, 465, 405, 1, 8
2026-09-07T16:21:10.1210128+07:00,2026/09/07 16:21:10.167, NVIDIA GeForce RTX 5060, 591.86, P8, 28, 2, 664, 8151, 10.10, 145.00, 547, 405, 1, 8
2026-09-07T16:21:15.1987946+07:00,2026/09/07 16:21:15.260, NVIDIA GeForce RTX 5060, 591.86, P8, 28, 2, 664, 8151, 9.82, 145.00, 472, 405, 1, 8
2026-09-07T16:21:20.2786048+07:00,2026/09/07 16:21:20.325, NVIDIA GeForce RTX 5060, 591.86, P8, 28, 2, 664, 8151, 9.79, 145.00, 465, 405, 1, 8
2026-09-07T16:21:25.3867657+07:00,2026/09/07 16:21:25.433, NVIDIA GeForce RTX 5060, 591.86, P8, 28, 2, 664, 8151, 10.07, 145.00, 577, 405, 1, 8
2026-09-07T16:21:30.4504408+07:00,2026/09/07 16:21:30.512, NVIDIA GeForce RTX 5060, 591.86, P8, 28, 1, 664, 8151, 9.62, 145.00, 465, 405, 1, 8
2026-09-07T16:21:35.5604850+07:00,2026/09/07 16:21:35.637, NVIDIA GeForce RTX 5060, 591.86, P8, 28, 2, 677, 8151, 9.78, 145.00, 480, 405, 1, 8
2026-09-07T16:21:40.6551958+07:00,2026/09/07 16:21:40.701, NVIDIA GeForce RTX 5060, 591.86, P8, 28, 2, 677, 8151, 9.98, 145.00, 450, 405, 1, 8
2026-09-07T16:21:45.7191707+07:00,2026/09/07 16:21:45.780, NVIDIA GeForce RTX 5060, 591.86, P8, 28, 2, 677, 8151, 9.77, 145.00, 465, 405, 1, 8
2026-09-07T16:21:50.7989176+07:00,2026/09/07 16:21:50.891, NVIDIA GeForce RTX 5060, 591.86, P8, 28, 2, 677, 8151, 9.59, 145.00, 465, 405, 1, 8
2026-09-07T16:21:55.9568639+07:00,2026/09/07 16:21:56.003, NVIDIA GeForce RTX 5060, 591.86, P8, 28, 2, 677, 8151, 10.18, 145.00, 465, 405, 1, 8
2026-09-07T16:22:01.0221524+07:00,2026/09/07 16:22:01.161, NVIDIA GeForce RTX 5060, 591.86, P8, 28, 2, 677, 8151, 9.88, 145.00, 540, 405, 1, 8
2026-09-07T16:22:06.1779725+07:00,2026/09/07 16:22:06.224, NVIDIA GeForce RTX 5060, 591.86, P8, 28, 2, 677, 8151, 9.90, 145.00, 472, 405, 1, 8
2026-09-07T16:22:11.2407365+07:00,2026/09/07 16:22:11.286, NVIDIA GeForce RTX 5060, 591.86, P8, 28, 2, 677, 8151, 10.05, 145.00, 457, 405, 1, 8
2026-09-07T16:22:16.3029751+07:00,2026/09/07 16:22:16.364, NVIDIA GeForce RTX 5060, 591.86, P8, 28, 5, 677, 8151, 9.98, 145.00, 525, 405, 1, 8
2026-09-07T16:22:21.3823393+07:00,2026/09/07 16:22:21.428, NVIDIA GeForce RTX 5060, 591.86, P8, 28, 2, 677, 8151, 9.78, 145.00, 472, 405, 1, 8
2026-09-07T16:22:26.4902639+07:00,2026/09/07 16:22:26.536, NVIDIA GeForce RTX 5060, 591.86, P8, 28, 2, 677, 8151, 10.00, 145.00, 472, 405, 1, 8
2026-09-07T16:22:31.5542680+07:00,2026/09/07 16:22:31.631, NVIDIA GeForce RTX 5060, 591.86, P8, 28, 2, 677, 8151, 9.68, 145.00, 480, 405, 1, 8
2026-09-07T16:22:36.6501894+07:00,2026/09/07 16:22:36.696, NVIDIA GeForce RTX 5060, 591.86, P8, 28, 1, 677, 8151, 9.66, 145.00, 465, 405, 1, 8
2026-09-07T16:22:41.7122556+07:00,2026/09/07 16:22:41.758, NVIDIA GeForce RTX 5060, 591.86, P8, 28, 2, 677, 8151, 9.70, 145.00, 465, 405, 1, 8
2026-09-07T16:22:46.7766944+07:00,2026/09/07 16:22:46.823, NVIDIA GeForce RTX 5060, 591.86, P8, 28, 2, 677, 8151, 9.60, 145.00, 465, 405, 1, 8
2026-09-07T16:22:51.8426880+07:00,2026/09/07 16:22:51.889, NVIDIA GeForce RTX 5060, 591.86, P8, 28, 2, 677, 8151, 9.58, 145.00, 465, 405, 1, 8
2026-09-07T16:22:56.9563657+07:00,2026/09/07 16:22:56.987, NVIDIA GeForce RTX 5060, 591.86, P8, 28, 2, 677, 8151, 9.75, 145.00, 450, 405, 1, 8
2026-09-07T16:23:02.0072173+07:00,2026/09/07 16:23:02.038, NVIDIA GeForce RTX 5060, 591.86, P8, 28, 7, 689, 8151, 10.06, 145.00, 457, 405, 1, 8
2026-09-07T16:23:07.0570232+07:00,2026/09/07 16:23:07.088, NVIDIA GeForce RTX 5060, 591.86, P8, 28, 2, 687, 8151, 9.71, 145.00, 450, 405, 1, 8
2026-09-07T16:23:12.1072919+07:00,2026/09/07 16:23:12.138, NVIDIA GeForce RTX 5060, 591.86, P8, 28, 2, 687, 8151, 9.77, 145.00, 465, 405, 1, 8
2026-09-07T16:23:17.1580646+07:00,2026/09/07 16:23:17.251, NVIDIA GeForce RTX 5060, 591.86, P8, 28, 2, 687, 8151, 9.87, 145.00, 457, 405, 1, 8
2026-09-07T16:23:22.2695516+07:00,2026/09/07 16:23:22.316, NVIDIA GeForce RTX 5060, 591.86, P8, 28, 2, 687, 8151, 9.73, 145.00, 465, 405, 1, 8
2026-09-07T16:23:27.3814381+07:00,2026/09/07 16:23:27.427, NVIDIA GeForce RTX 5060, 591.86, P8, 28, 2, 687, 8151, 9.72, 145.00, 450, 405, 1, 8
2026-09-07T16:23:32.4457932+07:00,2026/09/07 16:23:32.492, NVIDIA GeForce RTX 5060, 591.86, P8, 28, 2, 687, 8151, 9.79, 145.00, 457, 405, 1, 8
2026-09-07T16:23:37.5086036+07:00,2026/09/07 16:23:37.570, NVIDIA GeForce RTX 5060, 591.86, P8, 28, 3, 685, 8151, 9.81, 145.00, 472, 405, 1, 8
2026-09-07T16:23:42.5885733+07:00,2026/09/07 16:23:42.635, NVIDIA GeForce RTX 5060, 591.86, P8, 28, 2, 685, 8151, 9.83, 145.00, 465, 405, 1, 8
2026-09-07T16:23:47.6542470+07:00,2026/09/07 16:23:47.700, NVIDIA GeForce RTX 5060, 591.86, P8, 28, 2, 685, 8151, 9.81, 145.00, 457, 405, 1, 8
2026-09-07T16:23:52.7173959+07:00,2026/09/07 16:23:52.763, NVIDIA GeForce RTX 5060, 591.86, P8, 28, 3, 685, 8151, 10.06, 145.00, 525, 405, 1, 8
2026-09-07T16:23:57.8308014+07:00,2026/09/07 16:23:57.877, NVIDIA GeForce RTX 5060, 591.86, P8, 28, 2, 685, 8151, 9.74, 145.00, 465, 405, 1, 8
2026-09-07T16:24:02.8954581+07:00,2026/09/07 16:24:02.941, NVIDIA GeForce RTX 5060, 591.86, P8, 28, 1, 695, 8151, 9.51, 145.00, 435, 405, 1, 8
2026-09-07T16:24:07.9592643+07:00,2026/09/07 16:24:08.005, NVIDIA GeForce RTX 5060, 591.86, P8, 29, 8, 695, 8151, 10.00, 145.00, 540, 405, 1, 8
2026-09-07T16:24:13.0249838+07:00,2026/09/07 16:24:13.071, NVIDIA GeForce RTX 5060, 591.86, P8, 28, 1, 695, 8151, 9.61, 145.00, 435, 405, 1, 8
2026-09-07T16:24:18.0909672+07:00,2026/09/07 16:24:18.168, NVIDIA GeForce RTX 5060, 591.86, P8, 29, 1, 695, 8151, 9.82, 145.00, 472, 405, 1, 8
2026-09-07T16:24:23.2037738+07:00,2026/09/07 16:24:23.250, NVIDIA GeForce RTX 5060, 591.86, P8, 28, 2, 695, 8151, 9.97, 145.00, 517, 405, 1, 8
2026-09-07T16:24:28.3149574+07:00,2026/09/07 16:24:28.376, NVIDIA GeForce RTX 5060, 591.86, P8, 28, 1, 695, 8151, 9.70, 145.00, 450, 405, 1, 8
2026-09-07T16:24:33.3955460+07:00,2026/09/07 16:24:33.457, NVIDIA GeForce RTX 5060, 591.86, P8, 29, 2, 692, 8151, 9.70, 145.00, 465, 405, 1, 8
2026-09-07T16:24:38.4788582+07:00,2026/09/07 16:24:38.525, NVIDIA GeForce RTX 5060, 591.86, P8, 29, 1, 692, 8151, 9.90, 145.00, 540, 405, 1, 8
2026-09-07T16:24:43.5464375+07:00,2026/09/07 16:24:43.592, NVIDIA GeForce RTX 5060, 591.86, P8, 29, 2, 692, 8151, 9.69, 145.00, 457, 405, 1, 8
2026-09-07T16:24:48.6453144+07:00,2026/09/07 16:24:48.707, NVIDIA GeForce RTX 5060, 591.86, P8, 29, 1, 692, 8151, 9.50, 145.00, 442, 405, 1, 8
2026-09-07T16:24:53.7575266+07:00,2026/09/07 16:24:53.788, NVIDIA GeForce RTX 5060, 591.86, P8, 29, 1, 692, 8151, 9.91, 145.00, 472, 405, 1, 8
2026-09-07T16:24:58.8416451+07:00,2026/09/07 16:24:58.886, NVIDIA GeForce RTX 5060, 591.86, P8, 28, 0, 692, 8151, 8.08, 145.00, 210, 405, 1, 8
2026-09-07T16:25:03.8995313+07:00,2026/09/07 16:25:03.945, NVIDIA GeForce RTX 5060, 591.86, P8, 28, 0, 699, 8151, 8.26, 145.00, 210, 405, 1, 8
2026-09-07T16:25:08.9616646+07:00,2026/09/07 16:25:09.006, NVIDIA GeForce RTX 5060, 591.86, P8, 28, 0, 699, 8151, 7.86, 145.00, 210, 405, 1, 8
2026-09-07T16:25:14.0244225+07:00,2026/09/07 16:25:14.069, NVIDIA GeForce RTX 5060, 591.86, P8, 28, 0, 699, 8151, 7.94, 145.00, 210, 405, 1, 8
2026-09-07T16:25:19.0869450+07:00,2026/09/07 16:25:19.132, NVIDIA GeForce RTX 5060, 591.86, P8, 28, 0, 699, 8151, 7.78, 145.00, 210, 405, 1, 8
2026-09-07T16:25:24.1477907+07:00,2026/09/07 16:25:24.177, NVIDIA GeForce RTX 5060, 591.86, P8, 28, 0, 699, 8151, 7.98, 145.00, 210, 405, 1, 8
2026-09-07T16:25:29.2456971+07:00,2026/09/07 16:25:29.290, NVIDIA GeForce RTX 5060, 591.86, P8, 28, 0, 699, 8151, 7.67, 145.00, 210, 405, 1, 8
2026-09-07T16:25:34.3105282+07:00,2026/09/07 16:25:34.355, NVIDIA GeForce RTX 5060, 591.86, P8, 28, 0, 698, 8151, 8.17, 145.00, 210, 405, 1, 8
2026-09-07T16:25:39.3739104+07:00,2026/09/07 16:25:39.419, NVIDIA GeForce RTX 5060, 591.86, P8, 28, 0, 698, 8151, 8.02, 145.00, 210, 405, 1, 8
2026-09-07T16:25:44.4361468+07:00,2026/09/07 16:25:44.480, NVIDIA GeForce RTX 5060, 591.86, P8, 28, 0, 698, 8151, 8.06, 145.00, 210, 405, 1, 8
2026-09-07T16:25:49.4992401+07:00,2026/09/07 16:25:49.543, NVIDIA GeForce RTX 5060, 591.86, P8, 28, 0, 698, 8151, 7.91, 145.00, 210, 405, 1, 8
2026-09-07T16:25:54.5801925+07:00,2026/09/07 16:25:54.624, NVIDIA GeForce RTX 5060, 591.86, P8, 28, 0, 698, 8151, 8.04, 145.00, 210, 405, 1, 8
2026-09-07T16:25:59.6871625+07:00,2026/09/07 16:25:59.732, NVIDIA GeForce RTX 5060, 591.86, P8, 28, 0, 698, 8151, 8.14, 145.00, 210, 405, 1, 8
2026-09-07T16:26:04.7505331+07:00,2026/09/07 16:26:04.796, NVIDIA GeForce RTX 5060, 591.86, P8, 28, 0, 698, 8151, 8.12, 145.00, 210, 405, 1, 8
2026-09-07T16:26:09.8302125+07:00,2026/09/07 16:26:09.875, NVIDIA GeForce RTX 5060, 591.86, P8, 28, 0, 698, 8151, 7.78, 145.00, 210, 405, 1, 8
2026-09-07T16:26:14.9070532+07:00,2026/09/07 16:26:14.951, NVIDIA GeForce RTX 5060, 591.86, P8, 28, 0, 698, 8151, 8.16, 145.00, 210, 405, 1, 8
2026-09-07T16:26:19.9680394+07:00,2026/09/07 16:26:20.012, NVIDIA GeForce RTX 5060, 591.86, P8, 28, 0, 698, 8151, 8.17, 145.00, 210, 405, 1, 8
2026-09-07T16:26:25.0387841+07:00,2026/09/07 16:26:25.099, NVIDIA GeForce RTX 5060, 591.86, P8, 28, 0, 698, 8151, 8.05, 145.00, 210, 405, 1, 8
2026-09-07T16:26:30.1599193+07:00,2026/09/07 16:26:30.204, NVIDIA GeForce RTX 5060, 591.86, P8, 28, 0, 698, 8151, 8.03, 145.00, 210, 405, 1, 8
2026-09-07T16:26:35.2235948+07:00,2026/09/07 16:26:35.268, NVIDIA GeForce RTX 5060, 591.86, P8, 28, 0, 698, 8151, 8.13, 145.00, 210, 405, 1, 8
2026-09-07T16:26:40.2846995+07:00,2026/09/07 16:26:40.314, NVIDIA GeForce RTX 5060, 591.86, P8, 28, 0, 698, 8151, 7.81, 145.00, 210, 405, 1, 8
2026-09-07T16:26:45.3322237+07:00,2026/09/07 16:26:45.375, NVIDIA GeForce RTX 5060, 591.86, P8, 28, 0, 698, 8151, 7.82, 145.00, 210, 405, 1, 8
2026-09-07T16:26:50.4031918+07:00,2026/09/07 16:26:50.433, NVIDIA GeForce RTX 5060, 591.86, P8, 28, 0, 698, 8151, 8.11, 145.00, 210, 405, 1, 8
2026-09-07T16:26:55.4432394+07:00,2026/09/07 16:26:55.488, NVIDIA GeForce RTX 5060, 591.86, P8, 28, 0, 698, 8151, 8.07, 145.00, 210, 405, 1, 8
2026-09-07T16:27:00.5488992+07:00,2026/09/07 16:27:00.579, NVIDIA GeForce RTX 5060, 591.86, P8, 28, 0, 698, 8151, 8.12, 145.00, 210, 405, 1, 8
2026-09-07T16:27:05.5883640+07:00,2026/09/07 16:27:05.633, NVIDIA GeForce RTX 5060, 591.86, P8, 28, 0, 698, 8151, 7.97, 145.00, 210, 405, 1, 8
2026-09-07T16:27:10.6482465+07:00,2026/09/07 16:27:10.679, NVIDIA GeForce RTX 5060, 591.86, P8, 28, 0, 698, 8151, 8.09, 145.00, 210, 405, 1, 8
2026-09-07T16:27:15.6931276+07:00,2026/09/07 16:27:15.738, NVIDIA GeForce RTX 5060, 591.86, P8, 28, 0, 698, 8151, 8.01, 145.00, 210, 405, 1, 8
2026-09-07T16:27:20.7652038+07:00,2026/09/07 16:27:20.796, NVIDIA GeForce RTX 5060, 591.86, P8, 28, 0, 698, 8151, 8.10, 145.00, 210, 405, 1, 8
2026-09-07T16:27:25.8079861+07:00,2026/09/07 16:27:25.853, NVIDIA GeForce RTX 5060, 591.86, P8, 28, 0, 698, 8151, 7.66, 145.00, 210, 405, 1, 8
2026-09-07T16:27:30.9323364+07:00,2026/09/07 16:27:30.993, NVIDIA GeForce RTX 5060, 591.86, P8, 28, 0, 709, 8151, 7.82, 145.00, 210, 405, 1, 8
2026-09-07T16:27:36.0163557+07:00,2026/09/07 16:27:36.061, NVIDIA GeForce RTX 5060, 591.86, P8, 28, 0, 700, 8151, 8.02, 145.00, 210, 405, 1, 8
2026-09-07T16:27:41.0739777+07:00,2026/09/07 16:27:41.104, NVIDIA GeForce RTX 5060, 591.86, P8, 28, 0, 700, 8151, 7.92, 145.00, 210, 405, 1, 8
2026-09-07T16:27:46.1162037+07:00,2026/09/07 16:27:46.160, NVIDIA GeForce RTX 5060, 591.86, P8, 28, 0, 700, 8151, 7.99, 145.00, 210, 405, 1, 8
2026-09-07T16:27:51.1730456+07:00,2026/09/07 16:27:51.233, NVIDIA GeForce RTX 5060, 591.86, P8, 28, 0, 700, 8151, 8.09, 145.00, 210, 405, 1, 8
2026-09-07T16:27:56.2493936+07:00,2026/09/07 16:27:56.294, NVIDIA GeForce RTX 5060, 591.86, P8, 28, 0, 700, 8151, 8.07, 145.00, 210, 405, 1, 8
2026-09-07T16:28:01.3586058+07:00,2026/09/07 16:28:01.419, NVIDIA GeForce RTX 5060, 591.86, P8, 28, 0, 705, 8151, 8.25, 145.00, 210, 405, 1, 8
2026-09-07T16:28:06.4329459+07:00,2026/09/07 16:28:06.493, NVIDIA GeForce RTX 5060, 591.86, P8, 28, 0, 705, 8151, 8.21, 145.00, 210, 405, 1, 8
2026-09-07T16:28:11.5272042+07:00,2026/09/07 16:28:11.574, NVIDIA GeForce RTX 5060, 591.86, P8, 28, 0, 704, 8151, 8.27, 145.00, 210, 405, 1, 8
2026-09-07T16:28:16.5926627+07:00,2026/09/07 16:28:16.637, NVIDIA GeForce RTX 5060, 591.86, P8, 28, 0, 704, 8151, 7.99, 145.00, 210, 405, 1, 8
2026-09-07T16:28:21.6572333+07:00,2026/09/07 16:28:21.688, NVIDIA GeForce RTX 5060, 591.86, P8, 28, 0, 704, 8151, 8.10, 145.00, 210, 405, 1, 8
2026-09-07T16:28:26.7073635+07:00,2026/09/07 16:28:26.752, NVIDIA GeForce RTX 5060, 591.86, P8, 28, 0, 704, 8151, 7.78, 145.00, 210, 405, 1, 8
2026-09-07T16:28:31.8102658+07:00,2026/09/07 16:28:31.854, NVIDIA GeForce RTX 5060, 591.86, P8, 28, 0, 704, 8151, 8.03, 145.00, 202, 405, 1, 8
2026-09-07T16:28:36.8731130+07:00,2026/09/07 16:28:36.902, NVIDIA GeForce RTX 5060, 591.86, P8, 28, 0, 704, 8151, 7.63, 145.00, 202, 405, 1, 8
2026-09-07T16:28:41.9153134+07:00,2026/09/07 16:28:41.960, NVIDIA GeForce RTX 5060, 591.86, P8, 28, 0, 704, 8151, 7.64, 145.00, 210, 405, 1, 8
2026-09-07T16:28:46.9789571+07:00,2026/09/07 16:28:47.023, NVIDIA GeForce RTX 5060, 591.86, P8, 28, 0, 704, 8151, 7.67, 145.00, 210, 405, 1, 8
2026-09-07T16:28:52.0392301+07:00,2026/09/07 16:28:52.084, NVIDIA GeForce RTX 5060, 591.86, P8, 28, 0, 704, 8151, 8.11, 145.00, 210, 405, 1, 8
2026-09-07T16:28:57.0964990+07:00,2026/09/07 16:28:57.141, NVIDIA GeForce RTX 5060, 591.86, P8, 28, 0, 704, 8151, 8.06, 145.00, 210, 405, 1, 8
2026-09-07T16:29:02.2123668+07:00,2026/09/07 16:29:02.257, NVIDIA GeForce RTX 5060, 591.86, P8, 28, 0, 704, 8151, 8.32, 145.00, 210, 405, 1, 8
2026-09-07T16:29:07.2710088+07:00,2026/09/07 16:29:07.316, NVIDIA GeForce RTX 5060, 591.86, P8, 28, 0, 704, 8151, 8.06, 145.00, 210, 405, 1, 8
2026-09-07T16:29:12.3424298+07:00,2026/09/07 16:29:12.386, NVIDIA GeForce RTX 5060, 591.86, P8, 28, 0, 704, 8151, 8.02, 145.00, 210, 405, 1, 8
2026-09-07T16:29:17.4014639+07:00,2026/09/07 16:29:17.445, NVIDIA GeForce RTX 5060, 591.86, P8, 28, 0, 704, 8151, 8.14, 145.00, 210, 405, 1, 8
2026-09-07T16:29:22.4586891+07:00,2026/09/07 16:29:22.522, NVIDIA GeForce RTX 5060, 591.86, P8, 28, 0, 704, 8151, 7.63, 145.00, 210, 405, 1, 8
2026-09-07T16:29:27.5617972+07:00,2026/09/07 16:29:27.606, NVIDIA GeForce RTX 5060, 591.86, P8, 28, 0, 704, 8151, 8.10, 145.00, 210, 405, 1, 8
2026-09-07T16:29:32.6642005+07:00,2026/09/07 16:29:32.694, NVIDIA GeForce RTX 5060, 591.86, P8, 28, 0, 704, 8151, 8.02, 145.00, 210, 405, 1, 8
2026-09-07T16:29:37.7082047+07:00,2026/09/07 16:29:37.737, NVIDIA GeForce RTX 5060, 591.86, P8, 28, 0, 704, 8151, 8.04, 145.00, 210, 405, 1, 8
2026-09-07T16:29:42.7473738+07:00,2026/09/07 16:29:42.791, NVIDIA GeForce RTX 5060, 591.86, P8, 28, 0, 704, 8151, 8.07, 145.00, 210, 405, 1, 8
2026-09-07T16:29:47.8043046+07:00,2026/09/07 16:29:47.833, NVIDIA GeForce RTX 5060, 591.86, P8, 28, 0, 704, 8151, 8.05, 145.00, 210, 405, 1, 8
2026-09-07T16:29:52.8565953+07:00,2026/09/07 16:29:52.901, NVIDIA GeForce RTX 5060, 591.86, P8, 28, 0, 704, 8151, 8.12, 145.00, 210, 405, 1, 8
2026-09-07T16:29:57.9220108+07:00,2026/09/07 16:29:57.982, NVIDIA GeForce RTX 5060, 591.86, P8, 28, 0, 704, 8151, 7.64, 145.00, 210, 405, 1, 8
2026-09-07T16:30:03.0467653+07:00,2026/09/07 16:30:03.092, NVIDIA GeForce RTX 5060, 591.86, P8, 28, 0, 704, 8151, 7.81, 145.00, 210, 405, 1, 8
2026-09-07T16:30:08.1157790+07:00,2026/09/07 16:30:08.161, NVIDIA GeForce RTX 5060, 591.86, P8, 28, 0, 704, 8151, 8.15, 145.00, 210, 405, 1, 8
2026-09-07T16:30:13.1811470+07:00,2026/09/07 16:30:13.225, NVIDIA GeForce RTX 5060, 591.86, P8, 28, 0, 704, 8151, 8.11, 145.00, 210, 405, 1, 8
2026-09-07T16:30:18.2436358+07:00,2026/09/07 16:30:18.288, NVIDIA GeForce RTX 5060, 591.86, P8, 28, 0, 704, 8151, 8.13, 145.00, 210, 405, 1, 8
2026-09-07T16:30:23.3072210+07:00,2026/09/07 16:30:23.352, NVIDIA GeForce RTX 5060, 591.86, P8, 28, 0, 704, 8151, 8.06, 145.00, 210, 405, 1, 8
2026-09-07T16:30:28.3705324+07:00,2026/09/07 16:30:28.415, NVIDIA GeForce RTX 5060, 591.86, P8, 28, 0, 704, 8151, 7.96, 145.00, 210, 405, 1, 8
2026-09-07T16:30:33.5254204+07:00,2026/09/07 16:30:33.556, NVIDIA GeForce RTX 5060, 591.86, P8, 28, 0, 704, 8151, 7.83, 145.00, 210, 405, 1, 8
2026-09-07T16:30:38.5776816+07:00,2026/09/07 16:30:38.622, NVIDIA GeForce RTX 5060, 591.86, P8, 28, 0, 704, 8151, 8.03, 145.00, 210, 405, 1, 8
2026-09-07T16:30:43.6386528+07:00,2026/09/07 16:30:43.683, NVIDIA GeForce RTX 5060, 591.86, P8, 28, 0, 704, 8151, 8.12, 145.00, 210, 405, 1, 8
2026-09-07T16:30:48.7004194+07:00,2026/09/07 16:30:48.745, NVIDIA GeForce RTX 5060, 591.86, P8, 28, 0, 704, 8151, 7.95, 145.00, 210, 405, 1, 8
2026-09-07T16:30:53.7693712+07:00,2026/09/07 16:30:53.814, NVIDIA GeForce RTX 5060, 591.86, P8, 28, 0, 704, 8151, 8.07, 145.00, 210, 405, 1, 8
2026-09-07T16:30:58.8253411+07:00,2026/09/07 16:30:58.854, NVIDIA GeForce RTX 5060, 591.86, P8, 28, 0, 704, 8151, 8.10, 145.00, 210, 405, 1, 8
2026-09-07T16:31:03.9044918+07:00,2026/09/07 16:31:03.934, NVIDIA GeForce RTX 5060, 591.86, P8, 28, 0, 704, 8151, 7.93, 145.00, 210, 405, 1, 8
2026-09-07T16:31:08.9561895+07:00,2026/09/07 16:31:09.001, NVIDIA GeForce RTX 5060, 591.86, P8, 28, 0, 704, 8151, 7.81, 145.00, 210, 405, 1, 8
2026-09-07T16:31:14.0131496+07:00,2026/09/07 16:31:14.042, NVIDIA GeForce RTX 5060, 591.86, P8, 28, 0, 704, 8151, 7.86, 145.00, 210, 405, 1, 8
2026-09-07T16:31:19.0544020+07:00,2026/09/07 16:31:19.100, NVIDIA GeForce RTX 5060, 591.86, P8, 28, 0, 704, 8151, 8.18, 145.00, 210, 405, 1, 8
2026-09-07T16:31:24.1241949+07:00,2026/09/07 16:31:24.184, NVIDIA GeForce RTX 5060, 591.86, P8, 28, 0, 704, 8151, 8.01, 145.00, 210, 405, 1, 8
2026-09-07T16:31:29.2178530+07:00,2026/09/07 16:31:29.263, NVIDIA GeForce RTX 5060, 591.86, P8, 29, 0, 703, 8151, 8.18, 145.00, 210, 405, 1, 8
2026-09-07T16:31:34.3285542+07:00,2026/09/07 16:31:34.373, NVIDIA GeForce RTX 5060, 591.86, P8, 28, 0, 703, 8151, 8.10, 145.00, 210, 405, 1, 8
2026-09-07T16:31:39.3848616+07:00,2026/09/07 16:31:39.429, NVIDIA GeForce RTX 5060, 591.86, P8, 28, 0, 703, 8151, 8.05, 145.00, 210, 405, 1, 8
2026-09-07T16:31:44.4535751+07:00,2026/09/07 16:31:44.483, NVIDIA GeForce RTX 5060, 591.86, P8, 28, 0, 703, 8151, 8.05, 145.00, 210, 405, 1, 8
2026-09-07T16:31:49.4908499+07:00,2026/09/07 16:31:49.520, NVIDIA GeForce RTX 5060, 591.86, P8, 28, 0, 699, 8151, 8.45, 145.00, 210, 405, 1, 8
2026-09-07T16:31:54.5283309+07:00,2026/09/07 16:31:54.573, NVIDIA GeForce RTX 5060, 591.86, P8, 28, 0, 671, 8151, 8.31, 145.00, 210, 405, 1, 8
2026-09-07T16:31:59.5997392+07:00,2026/09/07 16:31:59.631, NVIDIA GeForce RTX 5060, 591.86, P8, 29, 0, 670, 8151, 7.80, 145.00, 210, 405, 1, 8
2026-09-07T16:32:04.6999956+07:00,2026/09/07 16:32:04.745, NVIDIA GeForce RTX 5060, 591.86, P8, 28, 0, 670, 8151, 8.14, 145.00, 210, 405, 1, 8
2026-09-07T16:32:09.7698956+07:00,2026/09/07 16:32:09.815, NVIDIA GeForce RTX 5060, 591.86, P8, 29, 0, 670, 8151, 8.01, 145.00, 202, 405, 1, 8
2026-09-07T16:32:14.8375493+07:00,2026/09/07 16:32:14.883, NVIDIA GeForce RTX 5060, 591.86, P8, 29, 0, 670, 8151, 7.95, 145.00, 210, 405, 1, 8
2026-09-07T16:32:19.9085360+07:00,2026/09/07 16:32:19.953, NVIDIA GeForce RTX 5060, 591.86, P8, 29, 0, 670, 8151, 8.08, 145.00, 210, 405, 1, 8
2026-09-07T16:32:24.9787876+07:00,2026/09/07 16:32:25.023, NVIDIA GeForce RTX 5060, 591.86, P8, 29, 0, 670, 8151, 8.11, 145.00, 210, 405, 1, 8
2026-09-07T16:32:30.0371157+07:00,2026/09/07 16:32:30.082, NVIDIA GeForce RTX 5060, 591.86, P8, 28, 0, 670, 8151, 7.50, 145.00, 210, 405, 1, 8
2026-09-07T16:32:35.1532346+07:00,2026/09/07 16:32:35.198, NVIDIA GeForce RTX 5060, 591.86, P8, 28, 0, 670, 8151, 8.03, 145.00, 210, 405, 1, 8
2026-09-07T16:32:40.2200916+07:00,2026/09/07 16:32:40.264, NVIDIA GeForce RTX 5060, 591.86, P8, 29, 0, 670, 8151, 8.02, 145.00, 210, 405, 1, 8
2026-09-07T16:32:45.2877362+07:00,2026/09/07 16:32:45.332, NVIDIA GeForce RTX 5060, 591.86, P8, 29, 0, 670, 8151, 7.94, 145.00, 210, 405, 1, 8
2026-09-07T16:32:50.3542538+07:00,2026/09/07 16:32:50.399, NVIDIA GeForce RTX 5060, 591.86, P8, 29, 0, 670, 8151, 7.93, 145.00, 210, 405, 1, 8
2026-09-07T16:32:55.4235046+07:00,2026/09/07 16:32:55.468, NVIDIA GeForce RTX 5060, 591.86, P8, 29, 0, 670, 8151, 8.00, 145.00, 210, 405, 1, 8
2026-09-07T16:33:00.4812519+07:00,2026/09/07 16:33:00.510, NVIDIA GeForce RTX 5060, 591.86, P8, 29, 0, 670, 8151, 8.00, 145.00, 210, 405, 1, 8
2026-09-07T16:33:05.5714261+07:00,2026/09/07 16:33:05.616, NVIDIA GeForce RTX 5060, 591.86, P8, 28, 0, 670, 8151, 7.65, 145.00, 210, 405, 1, 8
2026-09-07T16:33:10.6324127+07:00,2026/09/07 16:33:10.677, NVIDIA GeForce RTX 5060, 591.86, P8, 29, 0, 670, 8151, 7.61, 145.00, 210, 405, 1, 8
2026-09-07T16:33:15.6983432+07:00,2026/09/07 16:33:15.729, NVIDIA GeForce RTX 5060, 591.86, P8, 29, 0, 670, 8151, 7.98, 145.00, 210, 405, 1, 8
2026-09-07T16:33:20.7547701+07:00,2026/09/07 16:33:20.799, NVIDIA GeForce RTX 5060, 591.86, P8, 29, 0, 657, 8151, 8.08, 145.00, 210, 405, 1, 8
2026-09-07T16:33:25.8275903+07:00,2026/09/07 16:33:25.872, NVIDIA GeForce RTX 5060, 591.86, P8, 29, 0, 657, 8151, 7.99, 145.00, 210, 405, 1, 8
2026-09-07T16:33:30.8911188+07:00,2026/09/07 16:33:30.936, NVIDIA GeForce RTX 5060, 591.86, P8, 29, 0, 657, 8151, 8.03, 145.00, 210, 405, 1, 8
2026-09-07T16:33:36.0070224+07:00,2026/09/07 16:33:36.037, NVIDIA GeForce RTX 5060, 591.86, P8, 29, 0, 654, 8151, 8.30, 145.00, 210, 405, 1, 8
2026-09-07T16:33:41.0647952+07:00,2026/09/07 16:33:41.109, NVIDIA GeForce RTX 5060, 591.86, P8, 29, 0, 652, 8151, 8.10, 145.00, 210, 405, 1, 8
2026-09-07T16:33:46.1186407+07:00,2026/09/07 16:33:46.149, NVIDIA GeForce RTX 5060, 591.86, P8, 29, 0, 652, 8151, 7.49, 145.00, 210, 405, 1, 8
2026-09-07T16:33:51.1661729+07:00,2026/09/07 16:33:51.211, NVIDIA GeForce RTX 5060, 591.86, P8, 29, 0, 652, 8151, 8.06, 145.00, 210, 405, 1, 8
2026-09-07T16:33:56.2371278+07:00,2026/09/07 16:33:56.268, NVIDIA GeForce RTX 5060, 591.86, P8, 29, 0, 652, 8151, 7.70, 145.00, 210, 405, 1, 8
2026-09-07T16:34:01.2792189+07:00,2026/09/07 16:34:01.309, NVIDIA GeForce RTX 5060, 591.86, P8, 29, 0, 652, 8151, 8.14, 145.00, 210, 405, 1, 8
2026-09-07T16:34:06.3852608+07:00,2026/09/07 16:34:06.415, NVIDIA GeForce RTX 5060, 591.86, P8, 29, 0, 652, 8151, 8.14, 145.00, 210, 405, 1, 8
2026-09-07T16:34:11.4314556+07:00,2026/09/07 16:34:11.476, NVIDIA GeForce RTX 5060, 591.86, P8, 29, 0, 652, 8151, 8.06, 145.00, 210, 405, 1, 8
2026-09-07T16:34:16.5036010+07:00,2026/09/07 16:34:16.534, NVIDIA GeForce RTX 5060, 591.86, P8, 29, 0, 652, 8151, 8.09, 145.00, 210, 405, 1, 8
2026-09-07T16:34:21.5472864+07:00,2026/09/07 16:34:21.591, NVIDIA GeForce RTX 5060, 591.86, P8, 29, 0, 652, 8151, 8.22, 145.00, 210, 405, 1, 8
2026-09-07T16:34:26.6053230+07:00,2026/09/07 16:34:26.636, NVIDIA GeForce RTX 5060, 591.86, P8, 29, 0, 652, 8151, 7.99, 145.00, 210, 405, 1, 8
2026-09-07T16:34:31.6666876+07:00,2026/09/07 16:34:31.712, NVIDIA GeForce RTX 5060, 591.86, P8, 29, 0, 652, 8151, 7.93, 145.00, 210, 405, 1, 8
2026-09-07T16:34:36.7821966+07:00,2026/09/07 16:34:36.812, NVIDIA GeForce RTX 5060, 591.86, P8, 29, 0, 652, 8151, 8.17, 145.00, 210, 405, 1, 8
2026-09-07T16:34:41.8289115+07:00,2026/09/07 16:34:41.873, NVIDIA GeForce RTX 5060, 591.86, P8, 29, 0, 652, 8151, 8.17, 145.00, 210, 405, 1, 8
2026-09-07T16:34:46.8893019+07:00,2026/09/07 16:34:46.920, NVIDIA GeForce RTX 5060, 591.86, P3, 29, 0, 652, 8151, 14.88, 145.00, 210, 14001, 4, 8
2026-09-07T16:34:51.9371638+07:00,2026/09/07 16:34:51.982, NVIDIA GeForce RTX 5060, 591.86, P8, 29, 0, 652, 8151, 8.13, 145.00, 210, 405, 1, 8
2026-09-07T16:34:56.9970726+07:00,2026/09/07 16:34:57.028, NVIDIA GeForce RTX 5060, 591.86, P8, 29, 0, 652, 8151, 8.17, 145.00, 210, 405, 1, 8
2026-09-07T16:35:02.0366714+07:00,2026/09/07 16:35:02.082, NVIDIA GeForce RTX 5060, 591.86, P8, 29, 0, 652, 8151, 8.26, 145.00, 210, 405, 1, 8
2026-09-07T16:35:07.1580141+07:00,2026/09/07 16:35:07.203, NVIDIA GeForce RTX 5060, 591.86, P8, 29, 0, 652, 8151, 7.75, 145.00, 210, 405, 1, 8
2026-09-07T16:35:12.2265355+07:00,2026/09/07 16:35:12.255, NVIDIA GeForce RTX 5060, 591.86, P8, 29, 0, 652, 8151, 7.73, 145.00, 210, 405, 1, 8
2026-09-07T16:35:17.2654245+07:00,2026/09/07 16:35:17.296, NVIDIA GeForce RTX 5060, 591.86, P8, 29, 0, 652, 8151, 7.89, 145.00, 210, 405, 1, 8
2026-09-07T16:35:22.3229730+07:00,2026/09/07 16:35:22.367, NVIDIA GeForce RTX 5060, 591.86, P8, 29, 0, 652, 8151, 8.11, 145.00, 210, 405, 1, 8
2026-09-07T16:35:27.3773986+07:00,2026/09/07 16:35:27.408, NVIDIA GeForce RTX 5060, 591.86, P8, 29, 0, 652, 8151, 8.11, 145.00, 210, 405, 1, 8
2026-09-07T16:35:32.4188666+07:00,2026/09/07 16:35:32.464, NVIDIA GeForce RTX 5060, 591.86, P8, 29, 0, 652, 8151, 7.98, 145.00, 210, 405, 1, 8
2026-09-07T16:35:37.5187326+07:00,2026/09/07 16:35:37.563, NVIDIA GeForce RTX 5060, 591.86, P8, 29, 0, 652, 8151, 8.00, 145.00, 210, 405, 1, 8
2026-09-07T16:35:42.5752003+07:00,2026/09/07 16:35:42.636, NVIDIA GeForce RTX 5060, 591.86, P8, 29, 0, 652, 8151, 8.13, 145.00, 210, 405, 1, 8
2026-09-07T16:35:47.6560544+07:00,2026/09/07 16:35:47.761, NVIDIA GeForce RTX 5060, 591.86, P8, 29, 0, 652, 8151, 7.76, 145.00, 210, 405, 1, 8
2026-09-07T16:35:52.7832866+07:00,2026/09/07 16:35:52.814, NVIDIA GeForce RTX 5060, 591.86, P8, 29, 0, 652, 8151, 8.16, 145.00, 210, 405, 1, 8
2026-09-07T16:35:57.8311117+07:00,2026/09/07 16:35:57.860, NVIDIA GeForce RTX 5060, 591.86, P8, 29, 0, 652, 8151, 7.81, 145.00, 210, 405, 1, 8
2026-09-07T16:36:02.8830724+07:00,2026/09/07 16:36:02.927, NVIDIA GeForce RTX 5060, 591.86, P8, 29, 0, 654, 8151, 7.98, 145.00, 210, 405, 1, 8
2026-09-07T16:36:07.9825091+07:00,2026/09/07 16:36:08.012, NVIDIA GeForce RTX 5060, 591.86, P8, 29, 0, 654, 8151, 8.16, 145.00, 210, 405, 1, 8
2026-09-07T16:36:13.0222985+07:00,2026/09/07 16:36:13.067, NVIDIA GeForce RTX 5060, 591.86, P8, 29, 0, 654, 8151, 8.23, 145.00, 210, 405, 1, 8
2026-09-07T16:36:18.0875791+07:00,2026/09/07 16:36:18.132, NVIDIA GeForce RTX 5060, 591.86, P8, 29, 0, 654, 8151, 8.36, 145.00, 210, 405, 1, 8
2026-09-07T16:36:23.1550327+07:00,2026/09/07 16:36:23.199, NVIDIA GeForce RTX 5060, 591.86, P8, 29, 0, 654, 8151, 8.28, 145.00, 210, 405, 1, 8
2026-09-07T16:36:28.2187395+07:00,2026/09/07 16:36:28.248, NVIDIA GeForce RTX 5060, 591.86, P3, 29, 0, 654, 8151, 14.90, 145.00, 210, 14001, 4, 8
2026-09-07T16:36:33.2668699+07:00,2026/09/07 16:36:33.311, NVIDIA GeForce RTX 5060, 591.86, P8, 29, 0, 654, 8151, 8.18, 145.00, 210, 405, 1, 8
2026-09-07T16:36:38.3803621+07:00,2026/09/07 16:36:38.424, NVIDIA GeForce RTX 5060, 591.86, P8, 29, 0, 654, 8151, 8.22, 145.00, 210, 405, 1, 8
2026-09-07T16:36:43.4427072+07:00,2026/09/07 16:36:43.487, NVIDIA GeForce RTX 5060, 591.86, P8, 29, 0, 654, 8151, 8.20, 145.00, 210, 405, 1, 8
2026-09-07T16:36:48.4967860+07:00,2026/09/07 16:36:48.526, NVIDIA GeForce RTX 5060, 591.86, P8, 29, 0, 654, 8151, 7.95, 145.00, 210, 405, 1, 8
2026-09-07T16:36:53.5441691+07:00,2026/09/07 16:36:53.588, NVIDIA GeForce RTX 5060, 591.86, P8, 29, 0, 654, 8151, 8.29, 145.00, 210, 405, 1, 8
2026-09-07T16:36:58.5986173+07:00,2026/09/07 16:36:58.628, NVIDIA GeForce RTX 5060, 591.86, P8, 29, 0, 654, 8151, 8.27, 145.00, 210, 405, 1, 8
2026-09-07T16:37:03.6491190+07:00,2026/09/07 16:37:03.678, NVIDIA GeForce RTX 5060, 591.86, P8, 29, 0, 654, 8151, 8.10, 145.00, 210, 405, 1, 8
2026-09-07T16:37:08.7434304+07:00,2026/09/07 16:37:08.773, NVIDIA GeForce RTX 5060, 591.86, P8, 29, 0, 654, 8151, 7.86, 145.00, 210, 405, 1, 8
2026-09-07T16:37:13.7818829+07:00,2026/09/07 16:37:13.812, NVIDIA GeForce RTX 5060, 591.86, P8, 29, 0, 654, 8151, 7.79, 145.00, 210, 405, 1, 8
2026-09-07T16:37:18.8234463+07:00,2026/09/07 16:37:18.868, NVIDIA GeForce RTX 5060, 591.86, P8, 29, 0, 654, 8151, 8.05, 145.00, 210, 405, 1, 8
2026-09-07T16:37:23.8848345+07:00,2026/09/07 16:37:23.913, NVIDIA GeForce RTX 5060, 591.86, P8, 29, 0, 654, 8151, 8.03, 145.00, 210, 405, 1, 8
2026-09-07T16:37:28.9274462+07:00,2026/09/07 16:37:28.972, NVIDIA GeForce RTX 5060, 591.86, P8, 29, 0, 654, 8151, 8.16, 145.00, 210, 405, 1, 8
2026-09-07T16:37:33.9861948+07:00,2026/09/07 16:37:34.031, NVIDIA GeForce RTX 5060, 591.86, P8, 29, 0, 654, 8151, 8.05, 145.00, 202, 405, 1, 8
2026-09-07T16:37:39.1024744+07:00,2026/09/07 16:37:39.131, NVIDIA GeForce RTX 5060, 591.86, P8, 29, 0, 654, 8151, 8.24, 145.00, 210, 405, 1, 8
2026-09-07T16:37:44.1454562+07:00,2026/09/07 16:37:44.190, NVIDIA GeForce RTX 5060, 591.86, P8, 29, 0, 654, 8151, 8.05, 145.00, 210, 405, 1, 8
2026-09-07T16:37:49.2176579+07:00,2026/09/07 16:37:49.247, NVIDIA GeForce RTX 5060, 591.86, P8, 29, 0, 654, 8151, 8.01, 145.00, 210, 405, 1, 8
2026-09-07T16:37:54.2672212+07:00,2026/09/07 16:37:54.313, NVIDIA GeForce RTX 5060, 591.86, P8, 29, 0, 654, 8151, 7.80, 145.00, 210, 405, 1, 8
2026-09-07T16:37:59.3293237+07:00,2026/09/07 16:37:59.374, NVIDIA GeForce RTX 5060, 591.86, P8, 29, 0, 654, 8151, 8.10, 145.00, 210, 405, 1, 8
2026-09-07T16:38:04.3963708+07:00,2026/09/07 16:38:04.425, NVIDIA GeForce RTX 5060, 591.86, P8, 29, 0, 654, 8151, 8.16, 145.00, 210, 405, 1, 8
2026-09-07T16:38:09.4985697+07:00,2026/09/07 16:38:09.559, NVIDIA GeForce RTX 5060, 591.86, P8, 29, 0, 654, 8151, 8.15, 145.00, 210, 405, 1, 8
2026-09-07T16:38:14.5732391+07:00,2026/09/07 16:38:14.618, NVIDIA GeForce RTX 5060, 591.86, P8, 29, 0, 654, 8151, 8.06, 145.00, 210, 405, 1, 8
2026-09-07T16:38:19.6311488+07:00,2026/09/07 16:38:19.660, NVIDIA GeForce RTX 5060, 591.86, P8, 29, 0, 654, 8151, 8.27, 145.00, 210, 405, 1, 8
2026-09-07T16:38:24.6705781+07:00,2026/09/07 16:38:24.700, NVIDIA GeForce RTX 5060, 591.86, P8, 29, 0, 654, 8151, 8.11, 145.00, 210, 405, 1, 8
2026-09-07T16:38:29.7103798+07:00,2026/09/07 16:38:29.754, NVIDIA GeForce RTX 5060, 591.86, P8, 29, 0, 654, 8151, 8.07, 145.00, 210, 405, 1, 8
2026-09-07T16:38:34.7769522+07:00,2026/09/07 16:38:34.806, NVIDIA GeForce RTX 5060, 591.86, P8, 29, 0, 654, 8151, 8.06, 145.00, 210, 405, 1, 8
2026-09-07T16:38:39.8780743+07:00,2026/09/07 16:38:39.922, NVIDIA GeForce RTX 5060, 591.86, P8, 29, 0, 654, 8151, 7.81, 145.00, 210, 405, 1, 8
2026-09-07T16:38:44.9452842+07:00,2026/09/07 16:38:44.990, NVIDIA GeForce RTX 5060, 591.86, P8, 29, 0, 654, 8151, 8.11, 145.00, 210, 405, 1, 8
2026-09-07T16:38:50.0135674+07:00,2026/09/07 16:38:50.058, NVIDIA GeForce RTX 5060, 591.86, P8, 29, 0, 654, 8151, 8.09, 145.00, 210, 405, 1, 8
2026-09-07T16:38:55.0687091+07:00,2026/09/07 16:38:55.113, NVIDIA GeForce RTX 5060, 591.86, P8, 29, 0, 654, 8151, 8.11, 145.00, 210, 405, 1, 8
2026-09-07T16:39:00.1350718+07:00,2026/09/07 16:39:00.180, NVIDIA GeForce RTX 5060, 591.86, P8, 29, 0, 654, 8151, 8.19, 145.00, 210, 405, 1, 8
2026-09-07T16:39:05.2044027+07:00,2026/09/07 16:39:05.249, NVIDIA GeForce RTX 5060, 591.86, P8, 29, 0, 654, 8151, 8.17, 145.00, 210, 405, 1, 8
2026-09-07T16:39:10.3218657+07:00,2026/09/07 16:39:10.351, NVIDIA GeForce RTX 5060, 591.86, P8, 29, 0, 654, 8151, 8.10, 145.00, 210, 405, 1, 8
2026-09-07T16:39:15.3637035+07:00,2026/09/07 16:39:15.408, NVIDIA GeForce RTX 5060, 591.86, P8, 29, 0, 654, 8151, 7.84, 145.00, 210, 405, 1, 8
2026-09-07T16:39:20.4177692+07:00,2026/09/07 16:39:20.463, NVIDIA GeForce RTX 5060, 591.86, P8, 29, 0, 654, 8151, 7.72, 145.00, 210, 405, 1, 8
2026-09-07T16:39:25.4882449+07:00,2026/09/07 16:39:25.532, NVIDIA GeForce RTX 5060, 591.86, P8, 29, 0, 654, 8151, 8.18, 145.00, 210, 405, 1, 8
2026-09-07T16:39:30.5536560+07:00,2026/09/07 16:39:30.583, NVIDIA GeForce RTX 5060, 591.86, P8, 29, 0, 654, 8151, 8.21, 145.00, 210, 405, 1, 8
2026-09-07T16:39:35.5961232+07:00,2026/09/07 16:39:35.640, NVIDIA GeForce RTX 5060, 591.86, P8, 29, 0, 654, 8151, 8.18, 145.00, 210, 405, 1, 8
2026-09-07T16:39:40.6947589+07:00,2026/09/07 16:39:40.724, NVIDIA GeForce RTX 5060, 591.86, P8, 29, 0, 654, 8151, 8.22, 145.00, 210, 405, 1, 8
2026-09-07T16:39:45.7458306+07:00,2026/09/07 16:39:45.774, NVIDIA GeForce RTX 5060, 591.86, P8, 29, 0, 654, 8151, 8.16, 145.00, 210, 405, 1, 8
2026-09-07T16:39:50.7982668+07:00,2026/09/07 16:39:50.842, NVIDIA GeForce RTX 5060, 591.86, P8, 29, 0, 654, 8151, 8.27, 145.00, 210, 405, 1, 8
2026-09-07T16:39:55.8589364+07:00,2026/09/07 16:39:55.904, NVIDIA GeForce RTX 5060, 591.86, P8, 29, 0, 654, 8151, 8.15, 145.00, 210, 405, 1, 8
2026-09-07T16:40:00.9218880+07:00,2026/09/07 16:40:00.966, NVIDIA GeForce RTX 5060, 591.86, P8, 29, 0, 654, 8151, 7.91, 145.00, 247, 405, 1, 8
2026-09-07T16:40:05.9880546+07:00,2026/09/07 16:40:06.033, NVIDIA GeForce RTX 5060, 591.86, P8, 29, 0, 654, 8151, 7.74, 145.00, 210, 405, 1, 8
2026-09-07T16:40:11.0981450+07:00,2026/09/07 16:40:11.127, NVIDIA GeForce RTX 5060, 591.86, P8, 29, 0, 654, 8151, 8.15, 145.00, 210, 405, 1, 8
2026-09-07T16:40:16.1421230+07:00,2026/09/07 16:40:16.187, NVIDIA GeForce RTX 5060, 591.86, P8, 29, 0, 654, 8151, 8.17, 145.00, 210, 405, 1, 8
2026-09-07T16:40:21.2005861+07:00,2026/09/07 16:40:21.230, NVIDIA GeForce RTX 5060, 591.86, P8, 29, 0, 654, 8151, 8.12, 145.00, 210, 405, 1, 8
2026-09-07T16:40:26.2483689+07:00,2026/09/07 16:40:26.292, NVIDIA GeForce RTX 5060, 591.86, P8, 29, 0, 654, 8151, 8.10, 145.00, 210, 405, 1, 8
2026-09-07T16:40:31.3190917+07:00,2026/09/07 16:40:31.364, NVIDIA GeForce RTX 5060, 591.86, P8, 29, 0, 654, 8151, 8.17, 145.00, 210, 405, 1, 8
2026-09-07T16:40:36.3726082+07:00,2026/09/07 16:40:36.417, NVIDIA GeForce RTX 5060, 591.86, P8, 29, 0, 654, 8151, 8.12, 145.00, 210, 405, 1, 8
2026-09-07T16:40:41.4766938+07:00,2026/09/07 16:40:41.507, NVIDIA GeForce RTX 5060, 591.86, P8, 29, 0, 654, 8151, 7.87, 145.00, 210, 405, 1, 8
2026-09-07T16:40:46.5270794+07:00,2026/09/07 16:40:46.571, NVIDIA GeForce RTX 5060, 591.86, P8, 29, 0, 654, 8151, 7.78, 145.00, 210, 405, 1, 8
2026-09-07T16:40:51.5892156+07:00,2026/09/07 16:40:51.619, NVIDIA GeForce RTX 5060, 591.86, P8, 29, 0, 654, 8151, 8.09, 145.00, 210, 405, 1, 8
2026-09-07T16:40:56.6278391+07:00,2026/09/07 16:40:56.656, NVIDIA GeForce RTX 5060, 591.86, P8, 29, 0, 654, 8151, 8.17, 145.00, 210, 405, 1, 8
2026-09-07T16:41:01.6653025+07:00,2026/09/07 16:41:01.694, NVIDIA GeForce RTX 5060, 591.86, P8, 29, 0, 654, 8151, 8.35, 145.00, 210, 405, 1, 8
2026-09-07T16:41:06.7072051+07:00,2026/09/07 16:41:06.752, NVIDIA GeForce RTX 5060, 591.86, P8, 29, 0, 654, 8151, 8.04, 145.00, 210, 405, 1, 8
2026-09-07T16:41:11.8214163+07:00,2026/09/07 16:41:11.865, NVIDIA GeForce RTX 5060, 591.86, P8, 29, 0, 654, 8151, 8.20, 145.00, 210, 405, 1, 8
2026-09-07T16:41:16.8866435+07:00,2026/09/07 16:41:16.931, NVIDIA GeForce RTX 5060, 591.86, P8, 29, 0, 654, 8151, 8.22, 145.00, 210, 405, 1, 8
2026-09-07T16:41:21.9545021+07:00,2026/09/07 16:41:21.999, NVIDIA GeForce RTX 5060, 591.86, P8, 29, 0, 654, 8151, 7.85, 145.00, 210, 405, 1, 8
2026-09-07T16:41:27.0131044+07:00,2026/09/07 16:41:27.057, NVIDIA GeForce RTX 5060, 591.86, P3, 29, 0, 654, 8151, 14.81, 145.00, 210, 14001, 4, 8
2026-09-07T16:41:32.0804688+07:00,2026/09/07 16:41:32.125, NVIDIA GeForce RTX 5060, 591.86, P8, 29, 0, 654, 8151, 8.07, 145.00, 210, 405, 1, 8
2026-09-07T16:41:37.1414713+07:00,2026/09/07 16:41:37.186, NVIDIA GeForce RTX 5060, 591.86, P8, 29, 0, 654, 8151, 8.00, 145.00, 210, 405, 1, 8
2026-09-07T16:41:42.2446116+07:00,2026/09/07 16:41:42.288, NVIDIA GeForce RTX 5060, 591.86, P8, 29, 0, 654, 8151, 7.97, 145.00, 210, 405, 1, 8
2026-09-07T16:41:47.3084157+07:00,2026/09/07 16:41:47.353, NVIDIA GeForce RTX 5060, 591.86, P8, 29, 1, 654, 8151, 9.01, 145.00, 412, 405, 1, 8
2026-09-07T16:41:52.3686910+07:00,2026/09/07 16:41:52.399, NVIDIA GeForce RTX 5060, 591.86, P8, 29, 2, 661, 8151, 9.28, 145.00, 345, 405, 1, 8
2026-09-07T16:41:57.4185834+07:00,2026/09/07 16:41:57.449, NVIDIA GeForce RTX 5060, 591.86, P8, 29, 0, 657, 8151, 8.85, 145.00, 210, 405, 1, 8
2026-09-07T16:42:02.4599097+07:00,2026/09/07 16:42:02.490, NVIDIA GeForce RTX 5060, 591.86, P8, 29, 1, 649, 8151, 8.75, 145.00, 255, 405, 1, 8
2026-09-07T16:42:07.5098319+07:00,2026/09/07 16:42:07.540, NVIDIA GeForce RTX 5060, 591.86, P8, 29, 0, 657, 8151, 8.49, 145.00, 255, 405, 1, 8
2026-09-07T16:42:12.6054321+07:00,2026/09/07 16:42:12.636, NVIDIA GeForce RTX 5060, 591.86, P8, 29, 0, 640, 8151, 8.81, 145.00, 300, 405, 1, 8
2026-09-07T16:42:17.6531588+07:00,2026/09/07 16:42:17.684, NVIDIA GeForce RTX 5060, 591.86, P8, 29, 1, 640, 8151, 8.59, 145.00, 210, 405, 1, 8
2026-09-07T16:42:22.7029953+07:00,2026/09/07 16:42:22.733, NVIDIA GeForce RTX 5060, 591.86, P8, 29, 0, 640, 8151, 8.67, 145.00, 255, 405, 1, 8
2026-09-07T16:42:27.7521884+07:00,2026/09/07 16:42:27.783, NVIDIA GeForce RTX 5060, 591.86, P8, 29, 0, 640, 8151, 8.77, 145.00, 300, 405, 1, 8
2026-09-07T16:42:32.7984726+07:00,2026/09/07 16:42:32.829, NVIDIA GeForce RTX 5060, 591.86, P8, 29, 0, 640, 8151, 8.58, 145.00, 210, 405, 1, 8
2026-09-07T16:42:37.8486420+07:00,2026/09/07 16:42:37.879, NVIDIA GeForce RTX 5060, 591.86, P8, 29, 0, 641, 8151, 8.96, 145.00, 300, 405, 1, 8
2026-09-07T16:42:42.9347027+07:00,2026/09/07 16:42:42.965, NVIDIA GeForce RTX 5060, 591.86, P8, 29, 0, 640, 8151, 8.40, 145.00, 210, 405, 1, 8
2026-09-07T16:42:47.9722840+07:00,2026/09/07 16:42:48.003, NVIDIA GeForce RTX 5060, 591.86, P8, 29, 0, 640, 8151, 9.02, 145.00, 255, 405, 1, 8
2026-09-07T16:42:53.0224956+07:00,2026/09/07 16:42:53.053, NVIDIA GeForce RTX 5060, 591.86, P8, 29, 0, 640, 8151, 8.65, 145.00, 210, 405, 1, 8
2026-09-07T16:42:58.0593536+07:00,2026/09/07 16:42:58.090, NVIDIA GeForce RTX 5060, 591.86, P8, 29, 1, 643, 8151, 9.73, 145.00, 442, 405, 1, 8
2026-09-07T16:43:03.1116369+07:00,2026/09/07 16:43:03.142, NVIDIA GeForce RTX 5060, 591.86, P8, 29, 1, 643, 8151, 9.78, 145.00, 442, 405, 1, 8
2026-09-07T16:43:08.1639041+07:00,2026/09/07 16:43:08.194, NVIDIA GeForce RTX 5060, 591.86, P8, 29, 2, 643, 8151, 9.87, 145.00, 465, 405, 1, 8
2026-09-07T16:43:13.2473315+07:00,2026/09/07 16:43:13.278, NVIDIA GeForce RTX 5060, 591.86, P8, 29, 1, 643, 8151, 9.90, 145.00, 435, 405, 1, 8
2026-09-07T16:43:18.2997819+07:00,2026/09/07 16:43:18.330, NVIDIA GeForce RTX 5060, 591.86, P8, 29, 1, 643, 8151, 9.69, 145.00, 427, 405, 1, 8
2026-09-07T16:43:23.3516439+07:00,2026/09/07 16:43:23.382, NVIDIA GeForce RTX 5060, 591.86, P8, 29, 2, 643, 8151, 9.74, 145.00, 457, 405, 1, 8
2026-09-07T16:43:28.4038691+07:00,2026/09/07 16:43:28.434, NVIDIA GeForce RTX 5060, 591.86, P8, 29, 1, 643, 8151, 9.77, 145.00, 457, 405, 1, 8
2026-09-07T16:43:33.4551764+07:00,2026/09/07 16:43:33.486, NVIDIA GeForce RTX 5060, 591.86, P8, 29, 1, 643, 8151, 9.68, 145.00, 457, 405, 1, 8
2026-09-07T16:43:38.5042302+07:00,2026/09/07 16:43:38.535, NVIDIA GeForce RTX 5060, 591.86, P8, 29, 1, 643, 8151, 9.78, 145.00, 457, 405, 1, 8
2026-09-07T16:43:43.5996403+07:00,2026/09/07 16:43:43.630, NVIDIA GeForce RTX 5060, 591.86, P8, 29, 3, 649, 8151, 10.47, 145.00, 510, 405, 1, 8
2026-09-07T16:43:48.6484101+07:00,2026/09/07 16:43:48.679, NVIDIA GeForce RTX 5060, 591.86, P8, 29, 3, 648, 8151, 10.62, 145.00, 600, 405, 1, 8
2026-09-07T16:43:53.6999757+07:00,2026/09/07 16:43:53.746, NVIDIA GeForce RTX 5060, 591.86, P8, 29, 3, 648, 8151, 10.66, 145.00, 585, 405, 1, 8
2026-09-07T16:43:58.7668405+07:00,2026/09/07 16:43:58.813, NVIDIA GeForce RTX 5060, 591.86, P8, 29, 2, 651, 8151, 10.53, 145.00, 540, 405, 1, 8
2026-09-07T16:44:03.8330702+07:00,2026/09/07 16:44:03.879, NVIDIA GeForce RTX 5060, 591.86, P8, 30, 3, 651, 8151, 10.39, 145.00, 532, 405, 1, 8
2026-09-07T16:44:08.8998794+07:00,2026/09/07 16:44:08.946, NVIDIA GeForce RTX 5060, 591.86, P8, 30, 3, 651, 8151, 10.58, 145.00, 562, 405, 1, 8
2026-09-07T16:44:14.0274958+07:00,2026/09/07 16:44:14.120, NVIDIA GeForce RTX 5060, 591.86, P8, 30, 2, 651, 8151, 10.50, 145.00, 525, 405, 1, 8
2026-09-07T16:44:19.1425082+07:00,2026/09/07 16:44:19.220, NVIDIA GeForce RTX 5060, 591.86, P8, 30, 3, 651, 8151, 10.53, 145.00, 525, 405, 1, 8
2026-09-07T16:44:24.2885077+07:00,2026/09/07 16:44:24.443, NVIDIA GeForce RTX 5060, 591.86, P8, 30, 2, 651, 8151, 10.44, 145.00, 562, 405, 1, 8
2026-09-07T16:44:29.4804123+07:00,2026/09/07 16:44:29.604, NVIDIA GeForce RTX 5060, 591.86, P8, 30, 2, 651, 8151, 10.48, 145.00, 547, 405, 1, 8
2026-09-07T16:44:34.6574091+07:00,2026/09/07 16:44:34.765, NVIDIA GeForce RTX 5060, 591.86, P8, 30, 2, 653, 8151, 10.37, 145.00, 540, 405, 1, 8
2026-09-07T16:44:39.8796415+07:00,2026/09/07 16:44:39.926, NVIDIA GeForce RTX 5060, 591.86, P8, 30, 1, 648, 8151, 9.95, 145.00, 487, 405, 1, 8
2026-09-07T16:44:44.9938071+07:00,2026/09/07 16:44:45.210, NVIDIA GeForce RTX 5060, 591.86, P8, 30, 1, 648, 8151, 9.48, 145.00, 412, 405, 1, 8
2026-09-07T16:44:50.2621551+07:00,2026/09/07 16:44:50.308, NVIDIA GeForce RTX 5060, 591.86, P8, 30, 1, 645, 8151, 9.54, 145.00, 412, 405, 1, 8
2026-09-07T16:44:55.3268883+07:00,2026/09/07 16:44:55.373, NVIDIA GeForce RTX 5060, 591.86, P8, 30, 1, 645, 8151, 9.42, 145.00, 427, 405, 1, 8
2026-09-07T16:45:00.3925407+07:00,2026/09/07 16:45:00.439, NVIDIA GeForce RTX 5060, 591.86, P8, 30, 1, 645, 8151, 9.59, 145.00, 435, 405, 1, 8
2026-09-07T16:45:05.4582399+07:00,2026/09/07 16:45:05.504, NVIDIA GeForce RTX 5060, 591.86, P8, 30, 2, 645, 8151, 9.49, 145.00, 435, 405, 1, 8
2026-09-07T16:45:10.5232358+07:00,2026/09/07 16:45:10.600, NVIDIA GeForce RTX 5060, 591.86, P8, 30, 1, 645, 8151, 9.35, 145.00, 412, 405, 1, 8
2026-09-07T16:45:15.6694575+07:00,2026/09/07 16:45:15.793, NVIDIA GeForce RTX 5060, 591.86, P8, 30, 1, 645, 8151, 9.44, 145.00, 412, 405, 1, 8
2026-09-07T16:45:20.8467216+07:00,2026/09/07 16:45:20.955, NVIDIA GeForce RTX 5060, 591.86, P8, 30, 1, 645, 8151, 9.35, 145.00, 427, 405, 1, 8
2026-09-07T16:45:25.9772061+07:00,2026/09/07 16:45:26.147, NVIDIA GeForce RTX 5060, 591.86, P8, 30, 1, 645, 8151, 9.44, 145.00, 412, 405, 1, 8
2026-09-07T16:45:31.2162817+07:00,2026/09/07 16:45:31.355, NVIDIA GeForce RTX 5060, 591.86, P8, 30, 1, 645, 8151, 9.47, 145.00, 412, 405, 1, 8
2026-09-07T16:45:36.4243710+07:00,2026/09/07 16:45:36.563, NVIDIA GeForce RTX 5060, 591.86, P8, 30, 1, 645, 8151, 9.40, 145.00, 412, 405, 1, 8
2026-09-07T16:45:41.5861597+07:00,2026/09/07 16:45:41.679, NVIDIA GeForce RTX 5060, 591.86, P8, 30, 1, 645, 8151, 9.29, 145.00, 412, 405, 1, 8
2026-09-07T16:45:46.7638900+07:00,2026/09/07 16:45:46.872, NVIDIA GeForce RTX 5060, 591.86, P8, 30, 1, 645, 8151, 9.41, 145.00, 412, 405, 1, 8
2026-09-07T16:45:51.8921076+07:00,2026/09/07 16:45:51.954, NVIDIA GeForce RTX 5060, 591.86, P8, 30, 2, 645, 8151, 9.58, 145.00, 442, 405, 1, 8
2026-09-07T16:45:56.9733519+07:00,2026/09/07 16:45:57.035, NVIDIA GeForce RTX 5060, 591.86, P8, 30, 1, 645, 8151, 9.56, 145.00, 412, 405, 1, 8
2026-09-07T16:46:02.0549002+07:00,2026/09/07 16:46:02.101, NVIDIA GeForce RTX 5060, 591.86, P8, 30, 1, 645, 8151, 9.53, 145.00, 405, 405, 1, 8
2026-09-07T16:46:07.1220113+07:00,2026/09/07 16:46:07.168, NVIDIA GeForce RTX 5060, 591.86, P8, 30, 1, 645, 8151, 9.47, 145.00, 412, 405, 1, 8
2026-09-07T16:46:12.1897468+07:00,2026/09/07 16:46:12.313, NVIDIA GeForce RTX 5060, 591.86, P8, 30, 1, 731, 8151, 9.63, 145.00, 465, 405, 1, 8
2026-09-07T16:46:17.3818306+07:00,2026/09/07 16:46:17.505, NVIDIA GeForce RTX 5060, 591.86, P8, 30, 1, 729, 8151, 9.43, 145.00, 412, 405, 1, 8
2026-09-07T16:46:22.5888387+07:00,2026/09/07 16:46:22.635, NVIDIA GeForce RTX 5060, 591.86, P8, 30, 1, 729, 8151, 9.47, 145.00, 412, 405, 1, 8
2026-09-07T16:46:27.6554406+07:00,2026/09/07 16:46:27.717, NVIDIA GeForce RTX 5060, 591.86, P8, 30, 1, 718, 8151, 9.51, 145.00, 412, 405, 1, 8
2026-09-07T16:46:32.7388585+07:00,2026/09/07 16:46:32.769, NVIDIA GeForce RTX 5060, 591.86, P8, 30, 1, 714, 8151, 9.26, 145.00, 412, 405, 1, 8
2026-09-07T16:46:37.7893473+07:00,2026/09/07 16:46:37.835, NVIDIA GeForce RTX 5060, 591.86, P8, 30, 1, 714, 8151, 9.24, 145.00, 412, 405, 1, 8
2026-09-07T16:46:42.8554450+07:00,2026/09/07 16:46:42.933, NVIDIA GeForce RTX 5060, 591.86, P8, 30, 1, 712, 8151, 9.34, 145.00, 405, 405, 1, 8
2026-09-07T16:46:48.0136587+07:00,2026/09/07 16:46:48.059, NVIDIA GeForce RTX 5060, 591.86, P8, 30, 1, 712, 8151, 9.38, 145.00, 412, 405, 1, 8
2026-09-07T16:46:53.0784245+07:00,2026/09/07 16:46:53.124, NVIDIA GeForce RTX 5060, 591.86, P8, 30, 1, 712, 8151, 9.36, 145.00, 412, 405, 1, 8
2026-09-07T16:46:58.1436054+07:00,2026/09/07 16:46:58.190, NVIDIA GeForce RTX 5060, 591.86, P8, 30, 1, 712, 8151, 9.36, 145.00, 412, 405, 1, 8
2026-09-07T16:47:03.2096061+07:00,2026/09/07 16:47:03.318, NVIDIA GeForce RTX 5060, 591.86, P8, 30, 1, 712, 8151, 9.46, 145.00, 412, 405, 1, 8
2026-09-07T16:47:08.3386842+07:00,2026/09/07 16:47:08.509, NVIDIA GeForce RTX 5060, 591.86, P8, 30, 1, 712, 8151, 9.40, 145.00, 412, 405, 1, 8
2026-09-07T16:47:13.5613196+07:00,2026/09/07 16:47:13.654, NVIDIA GeForce RTX 5060, 591.86, P8, 30, 1, 712, 8151, 9.39, 145.00, 412, 405, 1, 8
2026-09-07T16:47:18.7197964+07:00,2026/09/07 16:47:18.797, NVIDIA GeForce RTX 5060, 591.86, P8, 30, 1, 712, 8151, 9.43, 145.00, 412, 405, 1, 8
2026-09-07T16:47:23.8175140+07:00,2026/09/07 16:47:23.864, NVIDIA GeForce RTX 5060, 591.86, P8, 30, 1, 712, 8151, 9.30, 145.00, 412, 405, 1, 8
2026-09-07T16:47:28.8836667+07:00,2026/09/07 16:47:28.930, NVIDIA GeForce RTX 5060, 591.86, P8, 30, 1, 712, 8151, 9.27, 145.00, 412, 405, 1, 8
2026-09-07T16:47:33.9502291+07:00,2026/09/07 16:47:34.012, NVIDIA GeForce RTX 5060, 591.86, P8, 30, 1, 712, 8151, 9.22, 145.00, 412, 405, 1, 8
2026-09-07T16:47:39.0324057+07:00,2026/09/07 16:47:39.078, NVIDIA GeForce RTX 5060, 591.86, P8, 30, 1, 712, 8151, 9.43, 145.00, 412, 405, 1, 8
2026-09-07T16:47:44.1003494+07:00,2026/09/07 16:47:44.162, NVIDIA GeForce RTX 5060, 591.86, P8, 30, 1, 712, 8151, 9.48, 145.00, 412, 405, 1, 8
2026-09-07T16:47:49.2281723+07:00,2026/09/07 16:47:49.274, NVIDIA GeForce RTX 5060, 591.86, P8, 30, 1, 712, 8151, 9.35, 145.00, 412, 405, 1, 8
2026-09-07T16:47:54.2948180+07:00,2026/09/07 16:47:54.341, NVIDIA GeForce RTX 5060, 591.86, P8, 30, 1, 712, 8151, 9.29, 145.00, 412, 405, 1, 8
2026-09-07T16:47:59.3601721+07:00,2026/09/07 16:47:59.406, NVIDIA GeForce RTX 5060, 591.86, P8, 30, 1, 712, 8151, 9.31, 145.00, 412, 405, 1, 8
2026-09-07T16:48:04.4262999+07:00,2026/09/07 16:48:04.472, NVIDIA GeForce RTX 5060, 591.86, P8, 30, 1, 712, 8151, 9.37, 145.00, 412, 405, 1, 8
2026-09-07T16:48:09.4930715+07:00,2026/09/07 16:48:09.601, NVIDIA GeForce RTX 5060, 591.86, P8, 30, 1, 712, 8151, 9.37, 145.00, 412, 405, 1, 8
2026-09-07T16:48:14.6236037+07:00,2026/09/07 16:48:14.670, NVIDIA GeForce RTX 5060, 591.86, P8, 30, 1, 712, 8151, 9.35, 145.00, 412, 405, 1, 8
2026-09-07T16:48:19.7358961+07:00,2026/09/07 16:48:19.797, NVIDIA GeForce RTX 5060, 591.86, P8, 30, 1, 712, 8151, 9.17, 145.00, 412, 405, 1, 8
2026-09-07T16:48:24.8139627+07:00,2026/09/07 16:48:24.875, NVIDIA GeForce RTX 5060, 591.86, P8, 30, 1, 712, 8151, 9.36, 145.00, 412, 405, 1, 8
2026-09-07T16:48:29.8971088+07:00,2026/09/07 16:48:29.943, NVIDIA GeForce RTX 5060, 591.86, P8, 30, 1, 712, 8151, 9.43, 145.00, 412, 405, 1, 8
2026-09-07T16:48:34.9638714+07:00,2026/09/07 16:48:35.010, NVIDIA GeForce RTX 5060, 591.86, P8, 30, 1, 712, 8151, 9.32, 145.00, 412, 405, 1, 8
2026-09-07T16:48:40.0309748+07:00,2026/09/07 16:48:40.108, NVIDIA GeForce RTX 5060, 591.86, P8, 30, 1, 712, 8151, 9.45, 145.00, 412, 405, 1, 8
2026-09-07T16:48:45.1287550+07:00,2026/09/07 16:48:45.190, NVIDIA GeForce RTX 5060, 591.86, P8, 30, 1, 712, 8151, 9.35, 145.00, 412, 405, 1, 8
2026-09-07T16:48:50.2555979+07:00,2026/09/07 16:48:50.302, NVIDIA GeForce RTX 5060, 591.86, P8, 30, 1, 712, 8151, 9.36, 145.00, 412, 405, 1, 8
2026-09-07T16:48:55.3217588+07:00,2026/09/07 16:48:55.383, NVIDIA GeForce RTX 5060, 591.86, P8, 30, 1, 712, 8151, 9.38, 145.00, 412, 405, 1, 8
2026-09-07T16:49:00.4034093+07:00,2026/09/07 16:49:00.480, NVIDIA GeForce RTX 5060, 591.86, P8, 30, 1, 712, 8151, 9.34, 145.00, 412, 405, 1, 8
2026-09-07T16:49:05.5016446+07:00,2026/09/07 16:49:05.548, NVIDIA GeForce RTX 5060, 591.86, P8, 30, 1, 712, 8151, 9.35, 145.00, 412, 405, 1, 8
2026-09-07T16:49:10.5686904+07:00,2026/09/07 16:49:10.615, NVIDIA GeForce RTX 5060, 591.86, P8, 30, 1, 712, 8151, 9.38, 145.00, 412, 405, 1, 8
2026-09-07T16:49:15.6353745+07:00,2026/09/07 16:49:15.774, NVIDIA GeForce RTX 5060, 591.86, P8, 30, 1, 712, 8151, 9.39, 145.00, 412, 405, 1, 8
2026-09-07T16:49:20.8371235+07:00,2026/09/07 16:49:20.930, NVIDIA GeForce RTX 5060, 591.86, P8, 30, 1, 712, 8151, 9.48, 145.00, 412, 405, 1, 8
2026-09-07T16:49:25.9427580+07:00,2026/09/07 16:49:26.035, NVIDIA GeForce RTX 5060, 591.86, P8, 30, 1, 712, 8151, 9.44, 145.00, 412, 405, 1, 8
2026-09-07T16:49:31.0522604+07:00,2026/09/07 16:49:31.129, NVIDIA GeForce RTX 5060, 591.86, P8, 30, 1, 712, 8151, 9.46, 145.00, 412, 405, 1, 8
2026-09-07T16:49:36.1406122+07:00,2026/09/07 16:49:36.218, NVIDIA GeForce RTX 5060, 591.86, P8, 30, 1, 712, 8151, 9.39, 145.00, 412, 405, 1, 8
2026-09-07T16:49:41.2302277+07:00,2026/09/07 16:49:41.292, NVIDIA GeForce RTX 5060, 591.86, P8, 30, 1, 712, 8151, 9.36, 145.00, 405, 405, 1, 8
2026-09-07T16:49:46.3116110+07:00,2026/09/07 16:49:46.373, NVIDIA GeForce RTX 5060, 591.86, P8, 30, 1, 712, 8151, 9.29, 145.00, 412, 405, 1, 8
2026-09-07T16:49:51.4416718+07:00,2026/09/07 16:49:51.503, NVIDIA GeForce RTX 5060, 591.86, P8, 30, 1, 712, 8151, 9.39, 145.00, 412, 405, 1, 8
2026-09-07T16:49:56.5254651+07:00,2026/09/07 16:49:56.633, NVIDIA GeForce RTX 5060, 591.86, P8, 30, 1, 712, 8151, 9.28, 145.00, 412, 405, 1, 8
2026-09-07T16:50:01.6562331+07:00,2026/09/07 16:50:01.718, NVIDIA GeForce RTX 5060, 591.86, P8, 30, 1, 712, 8151, 9.32, 145.00, 412, 405, 1, 8
2026-09-07T16:50:06.7388662+07:00,2026/09/07 16:50:06.800, NVIDIA GeForce RTX 5060, 591.86, P8, 30, 1, 712, 8151, 9.34, 145.00, 412, 405, 1, 8
2026-09-07T16:50:11.8204425+07:00,2026/09/07 16:50:11.866, NVIDIA GeForce RTX 5060, 591.86, P8, 30, 1, 712, 8151, 9.35, 145.00, 412, 405, 1, 8
2026-09-07T16:50:16.8872175+07:00,2026/09/07 16:50:16.949, NVIDIA GeForce RTX 5060, 591.86, P8, 30, 1, 712, 8151, 9.25, 145.00, 412, 405, 1, 8
2026-09-07T16:50:22.0296544+07:00,2026/09/07 16:50:22.076, NVIDIA GeForce RTX 5060, 591.86, P8, 30, 1, 712, 8151, 9.38, 145.00, 412, 405, 1, 8
2026-09-07T16:50:27.0941342+07:00,2026/09/07 16:50:27.141, NVIDIA GeForce RTX 5060, 591.86, P8, 30, 1, 712, 8151, 9.40, 145.00, 412, 405, 1, 8
2026-09-07T16:50:32.1631789+07:00,2026/09/07 16:50:32.210, NVIDIA GeForce RTX 5060, 591.86, P8, 30, 1, 712, 8151, 9.33, 145.00, 412, 405, 1, 8
2026-09-07T16:50:37.2290253+07:00,2026/09/07 16:50:37.275, NVIDIA GeForce RTX 5060, 591.86, P8, 30, 1, 712, 8151, 9.30, 145.00, 412, 405, 1, 8
2026-09-07T16:50:42.2948609+07:00,2026/09/07 16:50:42.341, NVIDIA GeForce RTX 5060, 591.86, P8, 30, 1, 712, 8151, 9.29, 145.00, 412, 405, 1, 8
2026-09-07T16:50:47.3624887+07:00,2026/09/07 16:50:47.439, NVIDIA GeForce RTX 5060, 591.86, P8, 30, 1, 712, 8151, 9.39, 145.00, 412, 405, 1, 8
2026-09-07T16:50:52.5691724+07:00,2026/09/07 16:50:52.631, NVIDIA GeForce RTX 5060, 591.86, P8, 30, 1, 712, 8151, 9.33, 145.00, 412, 405, 1, 8
2026-09-07T16:50:57.6514539+07:00,2026/09/07 16:50:57.697, NVIDIA GeForce RTX 5060, 591.86, P8, 30, 1, 712, 8151, 9.38, 145.00, 412, 405, 1, 8
2026-09-07T16:51:02.7194093+07:00,2026/09/07 16:51:02.828, NVIDIA GeForce RTX 5060, 591.86, P8, 30, 1, 712, 8151, 9.28, 145.00, 412, 405, 1, 8
2026-09-07T16:51:07.8477208+07:00,2026/09/07 16:51:07.894, NVIDIA GeForce RTX 5060, 591.86, P8, 30, 1, 712, 8151, 9.35, 145.00, 412, 405, 1, 8
2026-09-07T16:51:12.9147823+07:00,2026/09/07 16:51:12.961, NVIDIA GeForce RTX 5060, 591.86, P8, 30, 1, 712, 8151, 9.52, 145.00, 412, 405, 1, 8
2026-09-07T16:51:17.9814697+07:00,2026/09/07 16:51:19.159, NVIDIA GeForce RTX 5060, 591.86, P8, 30, 1, 712, 8151, 9.44, 145.00, 412, 405, 1, 8
2026-09-07T16:51:24.2384393+07:00,2026/09/07 16:51:24.284, NVIDIA GeForce RTX 5060, 591.86, P8, 30, 1, 712, 8151, 9.47, 145.00, 412, 405, 1, 8
2026-09-07T16:51:29.3034080+07:00,2026/09/07 16:51:29.350, NVIDIA GeForce RTX 5060, 591.86, P8, 30, 1, 712, 8151, 9.42, 145.00, 412, 405, 1, 8
2026-09-07T16:51:34.3697207+07:00,2026/09/07 16:51:34.416, NVIDIA GeForce RTX 5060, 591.86, P8, 30, 1, 712, 8151, 9.34, 145.00, 412, 405, 1, 8
2026-09-07T16:51:39.4381012+07:00,2026/09/07 16:51:39.485, NVIDIA GeForce RTX 5060, 591.86, P8, 30, 1, 712, 8151, 9.38, 145.00, 450, 405, 1, 8
2026-09-07T16:51:44.5034866+07:00,2026/09/07 16:51:44.581, NVIDIA GeForce RTX 5060, 591.86, P8, 30, 1, 712, 8151, 9.44, 145.00, 412, 405, 1, 8
2026-09-07T16:51:49.6139221+07:00,2026/09/07 16:51:49.660, NVIDIA GeForce RTX 5060, 591.86, P8, 30, 1, 712, 8151, 9.42, 145.00, 412, 405, 1, 8
2026-09-07T16:51:54.7250388+07:00,2026/09/07 16:51:54.802, NVIDIA GeForce RTX 5060, 591.86, P8, 30, 1, 712, 8151, 9.30, 145.00, 412, 405, 1, 8
2026-09-07T16:51:59.8209984+07:00,2026/09/07 16:51:59.929, NVIDIA GeForce RTX 5060, 591.86, P8, 30, 1, 712, 8151, 9.43, 145.00, 412, 405, 1, 8
2026-09-07T16:52:04.9799544+07:00,2026/09/07 16:52:05.026, NVIDIA GeForce RTX 5060, 591.86, P8, 30, 1, 712, 8151, 9.40, 145.00, 412, 405, 1, 8
2026-09-07T16:52:10.0442007+07:00,2026/09/07 16:52:10.091, NVIDIA GeForce RTX 5060, 591.86, P8, 30, 1, 712, 8151, 9.40, 145.00, 412, 405, 1, 8
2026-09-07T16:52:15.1091399+07:00,2026/09/07 16:52:15.156, NVIDIA GeForce RTX 5060, 591.86, P8, 30, 1, 712, 8151, 9.43, 145.00, 412, 405, 1, 8
2026-09-07T16:52:20.1753880+07:00,2026/09/07 16:52:20.222, NVIDIA GeForce RTX 5060, 591.86, P8, 30, 1, 712, 8151, 9.37, 145.00, 412, 405, 1, 8
2026-09-07T16:52:25.3044239+07:00,2026/09/07 16:52:25.397, NVIDIA GeForce RTX 5060, 591.86, P8, 30, 1, 712, 8151, 9.45, 145.00, 412, 405, 1, 8
2026-09-07T16:52:30.4170043+07:00,2026/09/07 16:52:30.463, NVIDIA GeForce RTX 5060, 591.86, P8, 30, 1, 712, 8151, 9.40, 145.00, 412, 405, 1, 8
2026-09-07T16:52:35.4816089+07:00,2026/09/07 16:52:35.528, NVIDIA GeForce RTX 5060, 591.86, P8, 30, 1, 712, 8151, 9.39, 145.00, 412, 405, 1, 8
2026-09-07T16:52:40.5776651+07:00,2026/09/07 16:52:40.624, NVIDIA GeForce RTX 5060, 591.86, P8, 30, 1, 712, 8151, 9.38, 145.00, 412, 405, 1, 8
2026-09-07T16:52:45.6436330+07:00,2026/09/07 16:52:45.690, NVIDIA GeForce RTX 5060, 591.86, P8, 30, 1, 712, 8151, 9.42, 145.00, 412, 405, 1, 8
2026-09-07T16:52:50.7118956+07:00,2026/09/07 16:52:50.789, NVIDIA GeForce RTX 5060, 591.86, P8, 30, 1, 712, 8151, 9.51, 145.00, 412, 405, 1, 8
2026-09-07T16:52:55.8876937+07:00,2026/09/07 16:52:55.934, NVIDIA GeForce RTX 5060, 591.86, P8, 30, 1, 712, 8151, 9.38, 145.00, 412, 405, 1, 8
2026-09-07T16:53:00.9547210+07:00,2026/09/07 16:53:01.016, NVIDIA GeForce RTX 5060, 591.86, P8, 30, 1, 712, 8151, 9.46, 145.00, 412, 405, 1, 8
2026-09-07T16:53:06.0364306+07:00,2026/09/07 16:53:06.082, NVIDIA GeForce RTX 5060, 591.86, P8, 30, 1, 712, 8151, 9.41, 145.00, 412, 405, 1, 8
2026-09-07T16:53:11.1039404+07:00,2026/09/07 16:53:11.150, NVIDIA GeForce RTX 5060, 591.86, P8, 30, 1, 712, 8151, 9.31, 145.00, 412, 405, 1, 8
2026-09-07T16:53:16.1712604+07:00,2026/09/07 16:53:16.218, NVIDIA GeForce RTX 5060, 591.86, P8, 30, 1, 712, 8151, 9.31, 145.00, 442, 405, 1, 8
2026-09-07T16:53:21.2346845+07:00,2026/09/07 16:53:21.297, NVIDIA GeForce RTX 5060, 591.86, P8, 30, 1, 712, 8151, 9.36, 145.00, 412, 405, 1, 8
2026-09-07T16:53:26.3919333+07:00,2026/09/07 16:53:26.531, NVIDIA GeForce RTX 5060, 591.86, P8, 30, 1, 712, 8151, 9.39, 145.00, 412, 405, 1, 8
2026-09-07T16:53:31.6304073+07:00,2026/09/07 16:53:31.723, NVIDIA GeForce RTX 5060, 591.86, P8, 30, 1, 712, 8151, 9.55, 145.00, 412, 405, 1, 8
2026-09-07T16:53:36.7762585+07:00,2026/09/07 16:53:36.853, NVIDIA GeForce RTX 5060, 591.86, P8, 30, 1, 712, 8151, 9.47, 145.00, 450, 405, 1, 8
2026-09-07T16:53:41.8752808+07:00,2026/09/07 16:53:41.921, NVIDIA GeForce RTX 5060, 591.86, P8, 30, 3, 712, 8151, 9.52, 145.00, 412, 405, 1, 8
2026-09-07T16:53:46.9430563+07:00,2026/09/07 16:53:46.989, NVIDIA GeForce RTX 5060, 591.86, P8, 30, 3, 715, 8151, 10.19, 145.00, 525, 405, 1, 8
2026-09-07T16:53:52.0117364+07:00,2026/09/07 16:53:52.073, NVIDIA GeForce RTX 5060, 591.86, P8, 30, 2, 708, 8151, 10.37, 145.00, 495, 405, 1, 8
2026-09-07T16:53:57.1424029+07:00,2026/09/07 16:53:57.188, NVIDIA GeForce RTX 5060, 591.86, P8, 30, 3, 708, 8151, 10.29, 145.00, 510, 405, 1, 8
2026-09-07T16:54:02.2417252+07:00,2026/09/07 16:54:02.288, NVIDIA GeForce RTX 5060, 591.86, P8, 30, 3, 706, 8151, 10.21, 145.00, 510, 405, 1, 8
2026-09-07T16:54:07.3102249+07:00,2026/09/07 16:54:07.356, NVIDIA GeForce RTX 5060, 591.86, P8, 30, 3, 706, 8151, 10.34, 145.00, 502, 405, 1, 8
2026-09-07T16:54:12.3791190+07:00,2026/09/07 16:54:12.471, NVIDIA GeForce RTX 5060, 591.86, P8, 30, 3, 706, 8151, 10.40, 145.00, 487, 405, 1, 8
2026-09-07T16:54:17.4940016+07:00,2026/09/07 16:54:17.540, NVIDIA GeForce RTX 5060, 591.86, P8, 30, 3, 706, 8151, 10.35, 145.00, 495, 405, 1, 8
2026-09-07T16:54:22.5933595+07:00,2026/09/07 16:54:22.655, NVIDIA GeForce RTX 5060, 591.86, P8, 30, 3, 704, 8151, 10.46, 145.00, 502, 405, 1, 8
2026-09-07T16:54:27.7239374+07:00,2026/09/07 16:54:27.770, NVIDIA GeForce RTX 5060, 591.86, P8, 30, 3, 704, 8151, 10.40, 145.00, 495, 405, 1, 8
2026-09-07T16:54:32.7923996+07:00,2026/09/07 16:54:32.854, NVIDIA GeForce RTX 5060, 591.86, P8, 30, 3, 704, 8151, 10.41, 145.00, 502, 405, 1, 8
2026-09-07T16:54:37.8764827+07:00,2026/09/07 16:54:37.922, NVIDIA GeForce RTX 5060, 591.86, P8, 30, 3, 704, 8151, 10.35, 145.00, 495, 405, 1, 8
2026-09-07T16:54:42.9453292+07:00,2026/09/07 16:54:42.976, NVIDIA GeForce RTX 5060, 591.86, P8, 30, 3, 704, 8151, 10.30, 145.00, 487, 405, 1, 8
2026-09-07T16:54:47.9983294+07:00,2026/09/07 16:54:48.029, NVIDIA GeForce RTX 5060, 591.86, P8, 30, 3, 704, 8151, 10.42, 145.00, 487, 405, 1, 8
2026-09-07T16:54:53.0361626+07:00,2026/09/07 16:54:53.067, NVIDIA GeForce RTX 5060, 591.86, P8, 30, 3, 706, 8151, 10.39, 145.00, 502, 405, 1, 8
2026-09-07T16:54:58.1357090+07:00,2026/09/07 16:54:58.182, NVIDIA GeForce RTX 5060, 591.86, P8, 30, 3, 705, 8151, 10.43, 145.00, 510, 405, 1, 8
2026-09-07T16:55:03.2044284+07:00,2026/09/07 16:55:03.250, NVIDIA GeForce RTX 5060, 591.86, P8, 30, 3, 705, 8151, 10.51, 145.00, 495, 405, 1, 8
2026-09-07T16:55:08.2724778+07:00,2026/09/07 16:55:08.318, NVIDIA GeForce RTX 5060, 591.86, P8, 30, 3, 705, 8151, 10.41, 145.00, 495, 405, 1, 8
2026-09-07T16:55:13.3409905+07:00,2026/09/07 16:55:13.371, NVIDIA GeForce RTX 5060, 591.86, P8, 30, 3, 705, 8151, 10.35, 145.00, 495, 405, 1, 8
2026-09-07T16:55:18.3786287+07:00,2026/09/07 16:55:18.409, NVIDIA GeForce RTX 5060, 591.86, P8, 30, 3, 705, 8151, 10.35, 145.00, 510, 405, 1, 8
2026-09-07T16:55:23.4313632+07:00,2026/09/07 16:55:23.462, NVIDIA GeForce RTX 5060, 591.86, P8, 30, 3, 705, 8151, 10.49, 145.00, 547, 405, 1, 8
2026-09-07T16:55:28.5309640+07:00,2026/09/07 16:55:28.577, NVIDIA GeForce RTX 5060, 591.86, P8, 30, 3, 705, 8151, 10.26, 145.00, 495, 405, 1, 8
2026-09-07T16:55:33.5994805+07:00,2026/09/07 16:55:33.661, NVIDIA GeForce RTX 5060, 591.86, P8, 30, 2, 705, 8151, 10.25, 145.00, 525, 405, 1, 8
2026-09-07T16:55:38.6834797+07:00,2026/09/07 16:55:38.714, NVIDIA GeForce RTX 5060, 591.86, P8, 30, 1, 705, 8151, 10.26, 145.00, 487, 405, 1, 8
2026-09-07T16:55:43.7218751+07:00,2026/09/07 16:55:43.752, NVIDIA GeForce RTX 5060, 591.86, P8, 30, 1, 705, 8151, 10.25, 145.00, 525, 405, 1, 8
2026-09-07T16:55:48.7588737+07:00,2026/09/07 16:55:48.820, NVIDIA GeForce RTX 5060, 591.86, P8, 30, 1, 705, 8151, 10.19, 145.00, 465, 405, 1, 8
2026-09-07T16:55:53.8739672+07:00,2026/09/07 16:55:53.920, NVIDIA GeForce RTX 5060, 591.86, P8, 30, 1, 709, 8151, 10.01, 145.00, 420, 405, 1, 8
2026-09-07T16:55:59.0047588+07:00,2026/09/07 16:55:59.051, NVIDIA GeForce RTX 5060, 591.86, P8, 30, 1, 714, 8151, 9.79, 145.00, 420, 405, 1, 8
2026-09-07T16:56:04.0732317+07:00,2026/09/07 16:56:04.119, NVIDIA GeForce RTX 5060, 591.86, P8, 30, 2, 718, 8151, 10.22, 145.00, 420, 405, 1, 8
2026-09-07T16:56:09.1573018+07:00,2026/09/07 16:56:09.203, NVIDIA GeForce RTX 5060, 591.86, P8, 30, 1, 714, 8151, 9.90, 145.00, 412, 405, 1, 8
2026-09-07T16:56:14.2246302+07:00,2026/09/07 16:56:14.255, NVIDIA GeForce RTX 5060, 591.86, P8, 31, 3, 707, 8151, 11.48, 145.00, 772, 405, 1, 8
2026-09-07T16:56:19.2765441+07:00,2026/09/07 16:56:19.323, NVIDIA GeForce RTX 5060, 591.86, P8, 31, 4, 707, 8151, 10.99, 145.00, 742, 405, 1, 8
2026-09-07T16:56:24.3450580+07:00,2026/09/07 16:56:24.376, NVIDIA GeForce RTX 5060, 591.86, P8, 31, 3, 707, 8151, 11.15, 145.00, 705, 405, 1, 8
2026-09-07T16:56:29.4291428+07:00,2026/09/07 16:56:29.475, NVIDIA GeForce RTX 5060, 591.86, P8, 31, 3, 704, 8151, 11.32, 145.00, 750, 405, 1, 8
2026-09-07T16:56:34.4978641+07:00,2026/09/07 16:56:34.575, NVIDIA GeForce RTX 5060, 591.86, P8, 31, 2, 704, 8151, 10.75, 145.00, 547, 405, 1, 8
2026-09-07T16:56:39.5972669+07:00,2026/09/07 16:56:39.643, NVIDIA GeForce RTX 5060, 591.86, P8, 31, 4, 704, 8151, 11.59, 145.00, 795, 405, 1, 8
2026-09-07T16:56:44.6655106+07:00,2026/09/07 16:56:44.712, NVIDIA GeForce RTX 5060, 591.86, P8, 31, 4, 704, 8151, 10.73, 145.00, 532, 405, 1, 8
2026-09-07T16:56:49.7335620+07:00,2026/09/07 16:56:49.826, NVIDIA GeForce RTX 5060, 591.86, P8, 31, 3, 704, 8151, 10.68, 145.00, 540, 405, 1, 8
2026-09-07T16:56:54.8486353+07:00,2026/09/07 16:56:54.910, NVIDIA GeForce RTX 5060, 591.86, P8, 31, 3, 704, 8151, 10.39, 145.00, 487, 405, 1, 8
2026-09-07T16:56:59.9792759+07:00,2026/09/07 16:57:00.025, NVIDIA GeForce RTX 5060, 591.86, P8, 30, 6, 704, 8151, 10.13, 145.00, 480, 405, 1, 8
2026-09-07T16:57:05.0477576+07:00,2026/09/07 16:57:05.094, NVIDIA GeForce RTX 5060, 591.86, P8, 30, 1, 704, 8151, 10.02, 145.00, 480, 405, 1, 8
2026-09-07T16:57:10.1164300+07:00,2026/09/07 16:57:10.178, NVIDIA GeForce RTX 5060, 591.86, P8, 30, 1, 704, 8151, 10.05, 145.00, 502, 405, 1, 8
2026-09-07T16:57:15.2160332+07:00,2026/09/07 16:57:15.262, NVIDIA GeForce RTX 5060, 591.86, P8, 30, 1, 704, 8151, 9.91, 145.00, 412, 405, 1, 8
2026-09-07T16:57:20.2846184+07:00,2026/09/07 16:57:20.331, NVIDIA GeForce RTX 5060, 591.86, P8, 30, 1, 707, 8151, 9.98, 145.00, 412, 405, 1, 8
2026-09-07T16:57:25.3533197+07:00,2026/09/07 16:57:25.399, NVIDIA GeForce RTX 5060, 591.86, P8, 30, 1, 714, 8151, 10.14, 145.00, 412, 405, 1, 8
2026-09-07T16:57:30.4838202+07:00,2026/09/07 16:57:30.514, NVIDIA GeForce RTX 5060, 591.86, P8, 30, 1, 711, 8151, 9.88, 145.00, 420, 405, 1, 8
2026-09-07T16:57:35.5213350+07:00,2026/09/07 16:57:35.552, NVIDIA GeForce RTX 5060, 591.86, P8, 30, 1, 711, 8151, 10.20, 145.00, 420, 405, 1, 8
2026-09-07T16:57:40.5589566+07:00,2026/09/07 16:57:40.589, NVIDIA GeForce RTX 5060, 591.86, P8, 30, 1, 707, 8151, 10.01, 145.00, 495, 405, 1, 8
2026-09-07T16:57:45.6118847+07:00,2026/09/07 16:57:45.642, NVIDIA GeForce RTX 5060, 591.86, P8, 31, 3, 704, 8151, 10.72, 145.00, 570, 405, 1, 8
2026-09-07T16:57:50.6638656+07:00,2026/09/07 16:57:50.710, NVIDIA GeForce RTX 5060, 591.86, P8, 31, 3, 704, 8151, 10.59, 145.00, 532, 405, 1, 8
2026-09-07T16:57:55.7323605+07:00,2026/09/07 16:57:55.763, NVIDIA GeForce RTX 5060, 591.86, P8, 31, 3, 704, 8151, 10.65, 145.00, 547, 405, 1, 8
2026-09-07T16:58:00.8319534+07:00,2026/09/07 16:58:00.909, NVIDIA GeForce RTX 5060, 591.86, P8, 31, 3, 704, 8151, 10.53, 145.00, 532, 405, 1, 8
2026-09-07T16:58:05.9160410+07:00,2026/09/07 16:58:05.962, NVIDIA GeForce RTX 5060, 591.86, P8, 31, 3, 696, 8151, 10.76, 145.00, 532, 405, 1, 8
2026-09-07T16:58:10.9846220+07:00,2026/09/07 16:58:11.031, NVIDIA GeForce RTX 5060, 591.86, P8, 31, 3, 696, 8151, 10.60, 145.00, 570, 405, 1, 8
2026-09-07T16:58:16.0526916+07:00,2026/09/07 16:58:16.114, NVIDIA GeForce RTX 5060, 591.86, P8, 31, 3, 696, 8151, 10.77, 145.00, 555, 405, 1, 8
2026-09-07T16:58:21.1367982+07:00,2026/09/07 16:58:21.198, NVIDIA GeForce RTX 5060, 591.86, P8, 31, 2, 696, 8151, 10.36, 145.00, 555, 405, 1, 8
2026-09-07T16:58:26.2202305+07:00,2026/09/07 16:58:26.266, NVIDIA GeForce RTX 5060, 591.86, P8, 31, 2, 696, 8151, 10.39, 145.00, 555, 405, 1, 8
2026-09-07T16:58:31.3349080+07:00,2026/09/07 16:58:31.396, NVIDIA GeForce RTX 5060, 591.86, P8, 31, 3, 696, 8151, 10.42, 145.00, 607, 405, 1, 8
2026-09-07T16:58:36.4190246+07:00,2026/09/07 16:58:36.465, NVIDIA GeForce RTX 5060, 591.86, P8, 31, 2, 696, 8151, 10.18, 145.00, 517, 405, 1, 8
2026-09-07T16:58:41.4874915+07:00,2026/09/07 16:58:41.533, NVIDIA GeForce RTX 5060, 591.86, P8, 31, 2, 696, 8151, 10.12, 145.00, 510, 405, 1, 8
2026-09-07T16:58:46.5551574+07:00,2026/09/07 16:58:46.601, NVIDIA GeForce RTX 5060, 591.86, P8, 31, 2, 696, 8151, 9.94, 145.00, 502, 405, 1, 8
2026-09-07T16:58:51.6221386+07:00,2026/09/07 16:58:51.668, NVIDIA GeForce RTX 5060, 591.86, P8, 31, 1, 696, 8151, 9.71, 145.00, 510, 405, 1, 8
2026-09-07T16:58:56.6870278+07:00,2026/09/07 16:58:56.733, NVIDIA GeForce RTX 5060, 591.86, P8, 31, 1, 696, 8151, 9.82, 145.00, 517, 405, 1, 8
2026-09-07T16:59:01.7984001+07:00,2026/09/07 16:59:01.829, NVIDIA GeForce RTX 5060, 591.86, P8, 31, 2, 704, 8151, 10.03, 145.00, 555, 405, 1, 8
2026-09-07T16:59:06.8462182+07:00,2026/09/07 16:59:06.908, NVIDIA GeForce RTX 5060, 591.86, P8, 31, 1, 701, 8151, 9.95, 145.00, 502, 405, 1, 8
2026-09-07T16:59:11.9261701+07:00,2026/09/07 16:59:11.988, NVIDIA GeForce RTX 5060, 591.86, P8, 31, 1, 701, 8151, 10.05, 145.00, 517, 405, 1, 8
2026-09-07T16:59:17.0073271+07:00,2026/09/07 16:59:17.038, NVIDIA GeForce RTX 5060, 591.86, P8, 31, 1, 701, 8151, 10.04, 145.00, 510, 405, 1, 8
2026-09-07T16:59:22.0584613+07:00,2026/09/07 16:59:22.104, NVIDIA GeForce RTX 5060, 591.86, P8, 31, 2, 701, 8151, 9.99, 145.00, 510, 405, 1, 8
2026-09-07T16:59:27.1212054+07:00,2026/09/07 16:59:27.183, NVIDIA GeForce RTX 5060, 591.86, P8, 31, 2, 701, 8151, 9.98, 145.00, 510, 405, 1, 8
2026-09-07T16:59:32.2474168+07:00,2026/09/07 16:59:32.278, NVIDIA GeForce RTX 5060, 591.86, P8, 31, 1, 701, 8151, 9.97, 145.00, 487, 405, 1, 8
2026-09-07T16:59:37.2980559+07:00,2026/09/07 16:59:37.328, NVIDIA GeForce RTX 5060, 591.86, P8, 31, 1, 701, 8151, 9.97, 145.00, 517, 405, 1, 8
2026-09-07T16:59:42.3467029+07:00,2026/09/07 16:59:42.377, NVIDIA GeForce RTX 5060, 591.86, P8, 31, 1, 701, 8151, 10.01, 145.00, 510, 405, 1, 8
2026-09-07T16:59:47.3955385+07:00,2026/09/07 16:59:47.426, NVIDIA GeForce RTX 5060, 591.86, P8, 31, 1, 701, 8151, 9.99, 145.00, 517, 405, 1, 8
2026-09-07T16:59:52.4458361+07:00,2026/09/07 16:59:52.492, NVIDIA GeForce RTX 5060, 591.86, P8, 31, 1, 701, 8151, 10.05, 145.00, 525, 405, 1, 8
2026-09-07T16:59:57.5113246+07:00,2026/09/07 16:59:57.588, NVIDIA GeForce RTX 5060, 591.86, P8, 31, 1, 701, 8151, 10.06, 145.00, 502, 405, 1, 8
2026-09-07T17:00:02.6546896+07:00,2026/09/07 17:00:02.685, NVIDIA GeForce RTX 5060, 591.86, P8, 31, 1, 706, 8151, 10.00, 145.00, 510, 405, 1, 8
2026-09-07T17:00:07.7030126+07:00,2026/09/07 17:00:07.734, NVIDIA GeForce RTX 5060, 591.86, P8, 31, 2, 706, 8151, 10.00, 145.00, 510, 405, 1, 8
2026-09-07T17:00:12.7525344+07:00,2026/09/07 17:00:12.799, NVIDIA GeForce RTX 5060, 591.86, P8, 31, 2, 706, 8151, 10.06, 145.00, 502, 405, 1, 8
2026-09-07T17:00:17.8182036+07:00,2026/09/07 17:00:17.880, NVIDIA GeForce RTX 5060, 591.86, P8, 31, 1, 706, 8151, 10.08, 145.00, 517, 405, 1, 8
2026-09-07T17:00:22.8976932+07:00,2026/09/07 17:00:22.928, NVIDIA GeForce RTX 5060, 591.86, P8, 31, 2, 706, 8151, 10.17, 145.00, 517, 405, 1, 8
2026-09-07T17:00:27.9450064+07:00,2026/09/07 17:00:28.007, NVIDIA GeForce RTX 5060, 591.86, P8, 31, 2, 706, 8151, 10.08, 145.00, 525, 405, 1, 8
2026-09-07T17:00:33.0732514+07:00,2026/09/07 17:00:33.119, NVIDIA GeForce RTX 5060, 591.86, P8, 31, 2, 705, 8151, 10.11, 145.00, 510, 405, 1, 8
2026-09-07T17:00:38.1351491+07:00,2026/09/07 17:00:38.166, NVIDIA GeForce RTX 5060, 591.86, P8, 31, 1, 705, 8151, 10.03, 145.00, 495, 405, 1, 8
2026-09-07T17:00:43.1830006+07:00,2026/09/07 17:00:43.229, NVIDIA GeForce RTX 5060, 591.86, P8, 31, 1, 705, 8151, 10.10, 145.00, 525, 405, 1, 8
2026-09-07T17:00:48.2486458+07:00,2026/09/07 17:00:48.279, NVIDIA GeForce RTX 5060, 591.86, P8, 31, 1, 705, 8151, 10.07, 145.00, 517, 405, 1, 8
2026-09-07T17:00:53.2866151+07:00,2026/09/07 17:00:53.317, NVIDIA GeForce RTX 5060, 591.86, P8, 31, 1, 705, 8151, 10.08, 145.00, 525, 405, 1, 8
2026-09-07T17:00:58.3376128+07:00,2026/09/07 17:00:58.368, NVIDIA GeForce RTX 5060, 591.86, P8, 31, 1, 705, 8151, 10.07, 145.00, 495, 405, 1, 8
2026-09-07T17:01:03.4340100+07:00,2026/09/07 17:01:03.480, NVIDIA GeForce RTX 5060, 591.86, P8, 31, 1, 712, 8151, 10.01, 145.00, 502, 405, 1, 8
2026-09-07T17:01:08.5012410+07:00,2026/09/07 17:01:08.547, NVIDIA GeForce RTX 5060, 591.86, P8, 31, 1, 712, 8151, 10.06, 145.00, 517, 405, 1, 8
2026-09-07T17:01:13.5690441+07:00,2026/09/07 17:01:13.600, NVIDIA GeForce RTX 5060, 591.86, P8, 31, 1, 712, 8151, 10.07, 145.00, 517, 405, 1, 8
2026-09-07T17:01:18.6194595+07:00,2026/09/07 17:01:18.650, NVIDIA GeForce RTX 5060, 591.86, P8, 31, 1, 712, 8151, 9.94, 145.00, 517, 405, 1, 8
2026-09-07T17:01:23.6703799+07:00,2026/09/07 17:01:23.701, NVIDIA GeForce RTX 5060, 591.86, P8, 31, 1, 712, 8151, 9.92, 145.00, 510, 405, 1, 8
2026-09-07T17:01:28.7208625+07:00,2026/09/07 17:01:28.751, NVIDIA GeForce RTX 5060, 591.86, P8, 31, 2, 712, 8151, 10.01, 145.00, 495, 405, 1, 8
2026-09-07T17:01:33.8182056+07:00,2026/09/07 17:01:34.252, NVIDIA GeForce RTX 5060, 591.86, P0, 32, 1, 663, 8151, 23.66, 145.00, 2572, 14201, 4, 8
2026-09-07T17:01:39.3165600+07:00,2026/09/07 17:01:39.363, NVIDIA GeForce RTX 5060, 591.86, P8, 31, 1, 669, 8151, 10.04, 145.00, 487, 405, 1, 8
2026-09-07T17:01:44.3998438+07:00,2026/09/07 17:01:44.430, NVIDIA GeForce RTX 5060, 591.86, P8, 31, 1, 666, 8151, 9.89, 145.00, 510, 405, 1, 8
2026-09-07T17:01:49.4517350+07:00,2026/09/07 17:01:49.482, NVIDIA GeForce RTX 5060, 591.86, P8, 31, 1, 657, 8151, 10.01, 145.00, 487, 405, 1, 8
2026-09-07T17:01:54.4902057+07:00,2026/09/07 17:01:54.521, NVIDIA GeForce RTX 5060, 591.86, P8, 31, 1, 667, 8151, 10.11, 145.00, 472, 405, 1, 8
2026-09-07T17:01:59.5399597+07:00,2026/09/07 17:01:59.617, NVIDIA GeForce RTX 5060, 591.86, P8, 31, 1, 669, 8151, 10.01, 145.00, 517, 405, 1, 8
2026-09-07T17:02:04.6831056+07:00,2026/09/07 17:02:04.714, NVIDIA GeForce RTX 5060, 591.86, P8, 31, 1, 665, 8151, 10.06, 145.00, 517, 405, 1, 8
2026-09-07T17:02:09.7348423+07:00,2026/09/07 17:02:09.765, NVIDIA GeForce RTX 5060, 591.86, P8, 31, 1, 665, 8151, 10.02, 145.00, 517, 405, 1, 8
2026-09-07T17:02:14.7860242+07:00,2026/09/07 17:02:14.817, NVIDIA GeForce RTX 5060, 591.86, P8, 31, 1, 658, 8151, 10.10, 145.00, 517, 405, 1, 8
2026-09-07T17:02:19.8367958+07:00,2026/09/07 17:02:19.867, NVIDIA GeForce RTX 5060, 591.86, P8, 31, 1, 657, 8151, 10.09, 145.00, 517, 405, 1, 8
2026-09-07T17:02:24.8859519+07:00,2026/09/07 17:02:24.916, NVIDIA GeForce RTX 5060, 591.86, P8, 31, 1, 653, 8151, 10.10, 145.00, 525, 405, 1, 8
2026-09-07T17:02:29.9233026+07:00,2026/09/07 17:02:29.954, NVIDIA GeForce RTX 5060, 591.86, P8, 31, 1, 653, 8151, 10.08, 145.00, 525, 405, 1, 8
2026-09-07T17:02:35.0199686+07:00,2026/09/07 17:02:35.081, NVIDIA GeForce RTX 5060, 591.86, P8, 31, 1, 653, 8151, 10.00, 145.00, 510, 405, 1, 8
2026-09-07T17:02:40.1020055+07:00,2026/09/07 17:02:40.133, NVIDIA GeForce RTX 5060, 591.86, P8, 31, 1, 653, 8151, 10.02, 145.00, 525, 405, 1, 8
2026-09-07T17:02:45.1492376+07:00,2026/09/07 17:02:45.180, NVIDIA GeForce RTX 5060, 591.86, P8, 31, 1, 653, 8151, 9.96, 145.00, 517, 405, 1, 8
2026-09-07T17:02:50.1991317+07:00,2026/09/07 17:02:50.245, NVIDIA GeForce RTX 5060, 591.86, P8, 31, 2, 651, 8151, 10.03, 145.00, 517, 405, 1, 8
2026-09-07T17:02:55.2809548+07:00,2026/09/07 17:02:55.327, NVIDIA GeForce RTX 5060, 591.86, P8, 31, 2, 651, 8151, 10.01, 145.00, 525, 405, 1, 8
2026-09-07T17:03:00.3480345+07:00,2026/09/07 17:03:00.410, NVIDIA GeForce RTX 5060, 591.86, P8, 31, 2, 651, 8151, 10.30, 145.00, 517, 405, 1, 8
2026-09-07T17:03:05.4775736+07:00,2026/09/07 17:03:05.524, NVIDIA GeForce RTX 5060, 591.86, P8, 31, 2, 651, 8151, 9.94, 145.00, 525, 405, 1, 8
2026-09-07T17:03:10.5898943+07:00,2026/09/07 17:03:10.682, NVIDIA GeForce RTX 5060, 591.86, P8, 31, 2, 651, 8151, 10.05, 145.00, 525, 405, 1, 8
2026-09-07T17:03:15.7355251+07:00,2026/09/07 17:03:15.782, NVIDIA GeForce RTX 5060, 591.86, P8, 31, 1, 658, 8151, 10.40, 145.00, 660, 405, 1, 8
2026-09-07T17:03:20.8024949+07:00,2026/09/07 17:03:20.848, NVIDIA GeForce RTX 5060, 591.86, P8, 31, 3, 655, 8151, 10.98, 145.00, 637, 405, 1, 8
2026-09-07T17:03:25.8666457+07:00,2026/09/07 17:03:25.897, NVIDIA GeForce RTX 5060, 591.86, P8, 31, 2, 648, 8151, 10.17, 145.00, 517, 405, 1, 8
2026-09-07T17:03:30.9184842+07:00,2026/09/07 17:03:30.949, NVIDIA GeForce RTX 5060, 591.86, P8, 31, 2, 648, 8151, 10.35, 145.00, 562, 405, 1, 8
2026-09-07T17:03:36.0124951+07:00,2026/09/07 17:03:36.074, NVIDIA GeForce RTX 5060, 591.86, P8, 31, 2, 648, 8151, 10.35, 145.00, 540, 405, 1, 8
2026-09-07T17:03:41.0927740+07:00,2026/09/07 17:03:41.123, NVIDIA GeForce RTX 5060, 591.86, P8, 31, 2, 648, 8151, 10.30, 145.00, 555, 405, 1, 8
2026-09-07T17:03:46.1409865+07:00,2026/09/07 17:03:46.171, NVIDIA GeForce RTX 5060, 591.86, P8, 31, 1, 648, 8151, 10.12, 145.00, 555, 405, 1, 8
2026-09-07T17:03:51.1899468+07:00,2026/09/07 17:03:51.236, NVIDIA GeForce RTX 5060, 591.86, P8, 31, 2, 648, 8151, 10.53, 145.00, 570, 405, 1, 8
2026-09-07T17:03:56.2550934+07:00,2026/09/07 17:03:56.286, NVIDIA GeForce RTX 5060, 591.86, P8, 31, 2, 648, 8151, 10.43, 145.00, 555, 405, 1, 8
2026-09-07T17:04:01.3029704+07:00,2026/09/07 17:04:01.349, NVIDIA GeForce RTX 5060, 591.86, P8, 31, 2, 648, 8151, 10.32, 145.00, 547, 405, 1, 8
2026-09-07T17:04:06.4123077+07:00,2026/09/07 17:04:06.458, NVIDIA GeForce RTX 5060, 591.86, P8, 31, 3, 648, 8151, 10.66, 145.00, 667, 405, 1, 8
2026-09-07T17:04:11.4794374+07:00,2026/09/07 17:04:11.603, NVIDIA GeForce RTX 5060, 591.86, P8, 31, 3, 654, 8151, 11.51, 145.00, 652, 405, 1, 8
2026-09-07T17:04:16.6554726+07:00,2026/09/07 17:04:16.748, NVIDIA GeForce RTX 5060, 591.86, P8, 31, 4, 653, 8151, 11.52, 145.00, 652, 405, 1, 8
2026-09-07T17:04:21.7695914+07:00,2026/09/07 17:04:21.800, NVIDIA GeForce RTX 5060, 591.86, P8, 31, 4, 653, 8151, 11.40, 145.00, 652, 405, 1, 8
2026-09-07T17:04:26.8222158+07:00,2026/09/07 17:04:26.884, NVIDIA GeForce RTX 5060, 591.86, P8, 31, 4, 654, 8151, 11.74, 145.00, 727, 405, 1, 8
2026-09-07T17:04:31.9057826+07:00,2026/09/07 17:04:31.952, NVIDIA GeForce RTX 5060, 591.86, P3, 32, 2, 686, 8151, 18.17, 145.00, 930, 7001, 4, 8
2026-09-07T17:04:37.0202347+07:00,2026/09/07 17:04:37.067, NVIDIA GeForce RTX 5060, 591.86, P0, 32, 2, 736, 8151, 15.80, 145.00, 2130, 14201, 4, 8
2026-09-07T17:04:42.0882173+07:00,2026/09/07 17:04:42.150, NVIDIA GeForce RTX 5060, 591.86, P5, 31, 3, 736, 8151, 12.46, 145.00, 750, 810, 2, 8
2026-09-07T17:04:47.1711705+07:00,2026/09/07 17:04:47.248, NVIDIA GeForce RTX 5060, 591.86, P8, 31, 2, 721, 8151, 10.68, 145.00, 607, 405, 1, 8
2026-09-07T17:04:52.2703102+07:00,2026/09/07 17:04:52.301, NVIDIA GeForce RTX 5060, 591.86, P8, 31, 2, 716, 8151, 10.78, 145.00, 570, 405, 1, 8
2026-09-07T17:04:57.3237130+07:00,2026/09/07 17:04:57.369, NVIDIA GeForce RTX 5060, 591.86, P8, 31, 2, 718, 8151, 10.78, 145.00, 585, 405, 1, 8
2026-09-07T17:05:02.3916216+07:00,2026/09/07 17:05:02.422, NVIDIA GeForce RTX 5060, 591.86, P8, 31, 2, 709, 8151, 10.65, 145.00, 592, 405, 1, 8
2026-09-07T17:05:07.5057640+07:00,2026/09/07 17:05:07.536, NVIDIA GeForce RTX 5060, 591.86, P8, 31, 3, 714, 8151, 10.93, 145.00, 585, 405, 1, 8
2026-09-07T17:05:12.5577106+07:00,2026/09/07 17:05:12.588, NVIDIA GeForce RTX 5060, 591.86, P3, 32, 2, 730, 8151, 15.69, 145.00, 937, 7001, 4, 8
2026-09-07T17:05:17.6104203+07:00,2026/09/07 17:05:17.641, NVIDIA GeForce RTX 5060, 591.86, P8, 31, 2, 717, 8151, 10.76, 145.00, 555, 405, 1, 8
2026-09-07T17:05:22.6627199+07:00,2026/09/07 17:05:22.693, NVIDIA GeForce RTX 5060, 591.86, P8, 31, 2, 717, 8151, 10.80, 145.00, 555, 405, 1, 8
2026-09-07T17:05:27.7151278+07:00,2026/09/07 17:05:27.746, NVIDIA GeForce RTX 5060, 591.86, P8, 31, 2, 718, 8151, 10.75, 145.00, 607, 405, 1, 8
2026-09-07T17:05:32.7675723+07:00,2026/09/07 17:05:32.798, NVIDIA GeForce RTX 5060, 591.86, P8, 31, 2, 720, 8151, 10.69, 145.00, 600, 405, 1, 8
2026-09-07T17:05:37.8654744+07:00,2026/09/07 17:05:37.896, NVIDIA GeForce RTX 5060, 591.86, P8, 31, 2, 715, 8151, 10.56, 145.00, 577, 405, 1, 8
2026-09-07T17:05:42.9175173+07:00,2026/09/07 17:05:42.948, NVIDIA GeForce RTX 5060, 591.86, P8, 31, 2, 715, 8151, 10.58, 145.00, 555, 405, 1, 8
2026-09-07T17:05:47.9698425+07:00,2026/09/07 17:05:48.000, NVIDIA GeForce RTX 5060, 591.86, P8, 31, 2, 715, 8151, 10.60, 145.00, 555, 405, 1, 8
2026-09-07T17:05:53.0218407+07:00,2026/09/07 17:05:53.052, NVIDIA GeForce RTX 5060, 591.86, P8, 31, 2, 715, 8151, 10.58, 145.00, 562, 405, 1, 8
2026-09-07T17:05:58.0741893+07:00,2026/09/07 17:05:58.105, NVIDIA GeForce RTX 5060, 591.86, P8, 31, 2, 715, 8151, 10.54, 145.00, 570, 405, 1, 8
2026-09-07T17:06:03.1257198+07:00,2026/09/07 17:06:03.156, NVIDIA GeForce RTX 5060, 591.86, P8, 31, 2, 716, 8151, 10.58, 145.00, 592, 405, 1, 8
2026-09-07T17:06:08.2253254+07:00,2026/09/07 17:06:08.255, NVIDIA GeForce RTX 5060, 591.86, P5, 31, 4, 730, 8151, 13.17, 145.00, 832, 810, 2, 8
2026-09-07T17:06:13.2767031+07:00,2026/09/07 17:06:13.338, NVIDIA GeForce RTX 5060, 591.86, P8, 32, 13, 739, 8151, 12.13, 145.00, 630, 405, 1, 8
2026-09-07T17:06:18.3601533+07:00,2026/09/07 17:06:18.422, NVIDIA GeForce RTX 5060, 591.86, P8, 31, 3, 720, 8151, 11.52, 145.00, 600, 405, 1, 8
2026-09-07T17:06:23.4440870+07:00,2026/09/07 17:06:23.506, NVIDIA GeForce RTX 5060, 591.86, P8, 31, 2, 712, 8151, 10.55, 145.00, 547, 405, 1, 8
2026-09-07T17:06:28.5271602+07:00,2026/09/07 17:06:28.558, NVIDIA GeForce RTX 5060, 591.86, P8, 31, 2, 712, 8151, 10.51, 145.00, 570, 405, 1, 8
2026-09-07T17:06:33.5794162+07:00,2026/09/07 17:06:33.610, NVIDIA GeForce RTX 5060, 591.86, P8, 31, 2, 712, 8151, 10.66, 145.00, 585, 405, 1, 8
2026-09-07T17:06:38.6783624+07:00,2026/09/07 17:06:38.709, NVIDIA GeForce RTX 5060, 591.86, P0, 33, 1, 714, 8151, 23.87, 145.00, 2580, 14201, 4, 8
2026-09-07T17:06:43.7162299+07:00,2026/09/07 17:06:43.778, NVIDIA GeForce RTX 5060, 591.86, P8, 31, 2, 711, 8151, 10.52, 145.00, 577, 405, 1, 8
2026-09-07T17:06:48.7995365+07:00,2026/09/07 17:06:48.830, NVIDIA GeForce RTX 5060, 591.86, P8, 31, 3, 707, 8151, 10.73, 145.00, 592, 405, 1, 8
2026-09-07T17:06:53.8506746+07:00,2026/09/07 17:06:53.881, NVIDIA GeForce RTX 5060, 591.86, P8, 31, 2, 709, 8151, 10.56, 145.00, 562, 405, 1, 8
2026-09-07T17:06:58.8885853+07:00,2026/09/07 17:06:58.919, NVIDIA GeForce RTX 5060, 591.86, P8, 31, 2, 711, 8151, 10.45, 145.00, 577, 405, 1, 8
2026-09-07T17:07:03.9257464+07:00,2026/09/07 17:07:03.956, NVIDIA GeForce RTX 5060, 591.86, P8, 31, 2, 710, 8151, 10.48, 145.00, 555, 405, 1, 8
2026-09-07T17:07:09.0246153+07:00,2026/09/07 17:07:09.055, NVIDIA GeForce RTX 5060, 591.86, P8, 31, 2, 710, 8151, 10.76, 145.00, 600, 405, 1, 8
2026-09-07T17:07:14.0782091+07:00,2026/09/07 17:07:14.109, NVIDIA GeForce RTX 5060, 591.86, P8, 31, 2, 710, 8151, 10.53, 145.00, 585, 405, 1, 8
2026-09-07T17:07:19.1316378+07:00,2026/09/07 17:07:19.193, NVIDIA GeForce RTX 5060, 591.86, P8, 31, 2, 709, 8151, 10.59, 145.00, 600, 405, 1, 8
2026-09-07T17:07:24.2146038+07:00,2026/09/07 17:07:24.245, NVIDIA GeForce RTX 5060, 591.86, P8, 31, 2, 711, 8151, 10.50, 145.00, 555, 405, 1, 8
2026-09-07T17:07:29.2516098+07:00,2026/09/07 17:07:29.282, NVIDIA GeForce RTX 5060, 591.86, P8, 31, 2, 710, 8151, 10.60, 145.00, 585, 405, 1, 8
2026-09-07T17:07:34.3046467+07:00,2026/09/07 17:07:34.335, NVIDIA GeForce RTX 5060, 591.86, P8, 31, 2, 710, 8151, 10.70, 145.00, 600, 405, 1, 8
2026-09-07T17:07:39.4044688+07:00,2026/09/07 17:07:39.435, NVIDIA GeForce RTX 5060, 591.86, P8, 31, 2, 710, 8151, 10.51, 145.00, 562, 405, 1, 8
2026-09-07T17:07:44.4562348+07:00,2026/09/07 17:07:44.534, NVIDIA GeForce RTX 5060, 591.86, P8, 31, 7, 711, 8151, 11.16, 145.00, 630, 405, 1, 8
2026-09-07T17:07:49.5537448+07:00,2026/09/07 17:07:49.677, NVIDIA GeForce RTX 5060, 591.86, P8, 31, 2, 710, 8151, 10.73, 145.00, 585, 405, 1, 8
2026-09-07T17:07:54.6995853+07:00,2026/09/07 17:07:54.746, NVIDIA GeForce RTX 5060, 591.86, P8, 31, 2, 710, 8151, 10.75, 145.00, 577, 405, 1, 8
2026-09-07T17:07:59.7664288+07:00,2026/09/07 17:07:59.797, NVIDIA GeForce RTX 5060, 591.86, P8, 31, 2, 710, 8151, 10.69, 145.00, 592, 405, 1, 8
2026-09-07T17:08:04.8041705+07:00,2026/09/07 17:08:04.835, NVIDIA GeForce RTX 5060, 591.86, P8, 31, 2, 710, 8151, 10.65, 145.00, 570, 405, 1, 8
2026-09-07T17:08:09.9032750+07:00,2026/09/07 17:08:09.934, NVIDIA GeForce RTX 5060, 591.86, P8, 31, 2, 711, 8151, 10.72, 145.00, 615, 405, 1, 8
2026-09-07T17:08:14.9555352+07:00,2026/09/07 17:08:14.986, NVIDIA GeForce RTX 5060, 591.86, P8, 31, 2, 710, 8151, 10.66, 145.00, 555, 405, 1, 8
2026-09-07T17:08:20.0089505+07:00,2026/09/07 17:08:20.039, NVIDIA GeForce RTX 5060, 591.86, P8, 31, 2, 710, 8151, 10.67, 145.00, 562, 405, 1, 8
2026-09-07T17:08:25.0614229+07:00,2026/09/07 17:08:25.092, NVIDIA GeForce RTX 5060, 591.86, P8, 31, 2, 710, 8151, 10.85, 145.00, 577, 405, 1, 8
2026-09-07T17:08:30.1146809+07:00,2026/09/07 17:08:30.145, NVIDIA GeForce RTX 5060, 591.86, P8, 31, 2, 710, 8151, 10.89, 145.00, 577, 405, 1, 8
2026-09-07T17:08:35.1670960+07:00,2026/09/07 17:08:35.198, NVIDIA GeForce RTX 5060, 591.86, P8, 31, 2, 710, 8151, 10.66, 145.00, 577, 405, 1, 8
2026-09-07T17:08:40.2653536+07:00,2026/09/07 17:08:40.296, NVIDIA GeForce RTX 5060, 591.86, P8, 31, 2, 712, 8151, 10.67, 145.00, 600, 405, 1, 8
2026-09-07T17:08:45.3175754+07:00,2026/09/07 17:08:45.348, NVIDIA GeForce RTX 5060, 591.86, P8, 31, 2, 711, 8151, 10.86, 145.00, 615, 405, 1, 8
2026-09-07T17:08:50.3701279+07:00,2026/09/07 17:08:50.401, NVIDIA GeForce RTX 5060, 591.86, P8, 31, 2, 710, 8151, 10.75, 145.00, 577, 405, 1, 8
2026-09-07T17:08:55.4230864+07:00,2026/09/07 17:08:55.454, NVIDIA GeForce RTX 5060, 591.86, P8, 31, 2, 710, 8151, 10.64, 145.00, 585, 405, 1, 8
2026-09-07T17:09:00.4759762+07:00,2026/09/07 17:09:00.506, NVIDIA GeForce RTX 5060, 591.86, P8, 31, 5, 711, 8151, 10.92, 145.00, 637, 405, 1, 8
2026-09-07T17:09:05.5135672+07:00,2026/09/07 17:09:05.606, NVIDIA GeForce RTX 5060, 591.86, P8, 31, 2, 710, 8151, 10.69, 145.00, 585, 405, 1, 8
2026-09-07T17:09:10.6746875+07:00,2026/09/07 17:09:10.736, NVIDIA GeForce RTX 5060, 591.86, P0, 33, 4, 875, 8151, 25.31, 145.00, 2617, 14201, 4, 8
2026-09-07T17:09:15.7576508+07:00,2026/09/07 17:09:16.083, NVIDIA GeForce RTX 5060, 591.86, P5, 31, 2, 909, 8151, 11.64, 145.00, 697, 810, 2, 8
2026-09-07T17:09:21.2128682+07:00,2026/09/07 17:09:21.321, NVIDIA GeForce RTX 5060, 591.86, P8, 31, 3, 903, 8151, 10.97, 145.00, 600, 405, 1, 8
2026-09-07T17:09:26.3431343+07:00,2026/09/07 17:09:26.405, NVIDIA GeForce RTX 5060, 591.86, P8, 31, 2, 828, 8151, 11.25, 145.00, 660, 405, 1, 8
2026-09-07T17:09:31.4269902+07:00,2026/09/07 17:09:31.473, NVIDIA GeForce RTX 5060, 591.86, P8, 31, 2, 796, 8151, 11.00, 145.00, 652, 405, 1, 8
2026-09-07T17:09:36.4937017+07:00,2026/09/07 17:09:36.555, NVIDIA GeForce RTX 5060, 591.86, P8, 31, 3, 790, 8151, 11.14, 145.00, 772, 405, 1, 8
2026-09-07T17:09:41.6235370+07:00,2026/09/07 17:09:41.716, NVIDIA GeForce RTX 5060, 591.86, P8, 31, 3, 796, 8151, 11.09, 145.00, 705, 405, 1, 8
2026-09-07T17:09:46.7377564+07:00,2026/09/07 17:09:46.768, NVIDIA GeForce RTX 5060, 591.86, P8, 31, 4, 790, 8151, 11.07, 145.00, 637, 405, 1, 8
2026-09-07T17:09:51.7899099+07:00,2026/09/07 17:09:51.820, NVIDIA GeForce RTX 5060, 591.86, P8, 31, 2, 709, 8151, 10.53, 145.00, 592, 405, 1, 8
2026-09-07T17:09:56.8423214+07:00,2026/09/07 17:09:56.873, NVIDIA GeForce RTX 5060, 591.86, P8, 31, 2, 710, 8151, 10.49, 145.00, 585, 405, 1, 8
2026-09-07T17:10:01.8951013+07:00,2026/09/07 17:10:01.926, NVIDIA GeForce RTX 5060, 591.86, P8, 31, 2, 710, 8151, 10.61, 145.00, 562, 405, 1, 8
2026-09-07T17:10:06.9467770+07:00,2026/09/07 17:10:06.977, NVIDIA GeForce RTX 5060, 591.86, P8, 31, 2, 710, 8151, 10.46, 145.00, 570, 405, 1, 8
2026-09-07T17:10:12.0461326+07:00,2026/09/07 17:10:12.077, NVIDIA GeForce RTX 5060, 591.86, P8, 31, 2, 709, 8151, 10.56, 145.00, 622, 405, 1, 8
2026-09-07T17:10:17.0988479+07:00,2026/09/07 17:10:17.129, NVIDIA GeForce RTX 5060, 591.86, P8, 31, 2, 709, 8151, 10.51, 145.00, 600, 405, 1, 8
2026-09-07T17:10:22.1512478+07:00,2026/09/07 17:10:22.182, NVIDIA GeForce RTX 5060, 591.86, P8, 31, 2, 709, 8151, 10.59, 145.00, 592, 405, 1, 8
2026-09-07T17:10:27.2041133+07:00,2026/09/07 17:10:27.235, NVIDIA GeForce RTX 5060, 591.86, P8, 31, 2, 709, 8151, 10.67, 145.00, 577, 405, 1, 8
2026-09-07T17:10:32.2561543+07:00,2026/09/07 17:10:32.287, NVIDIA GeForce RTX 5060, 591.86, P8, 31, 2, 709, 8151, 10.70, 145.00, 585, 405, 1, 8
2026-09-07T17:10:37.2934689+07:00,2026/09/07 17:10:37.324, NVIDIA GeForce RTX 5060, 591.86, P8, 31, 2, 709, 8151, 10.62, 145.00, 577, 405, 1, 8
2026-09-07T17:10:42.3916493+07:00,2026/09/07 17:10:42.422, NVIDIA GeForce RTX 5060, 591.86, P8, 31, 2, 709, 8151, 10.58, 145.00, 570, 405, 1, 8
2026-09-07T17:10:47.4430622+07:00,2026/09/07 17:10:47.474, NVIDIA GeForce RTX 5060, 591.86, P8, 31, 2, 709, 8151, 10.62, 145.00, 562, 405, 1, 8
2026-09-07T17:10:52.4947546+07:00,2026/09/07 17:10:52.525, NVIDIA GeForce RTX 5060, 591.86, P8, 31, 2, 709, 8151, 10.64, 145.00, 592, 405, 1, 8
2026-09-07T17:10:57.5330094+07:00,2026/09/07 17:10:57.564, NVIDIA GeForce RTX 5060, 591.86, P8, 31, 2, 710, 8151, 10.94, 145.00, 585, 405, 1, 8
2026-09-07T17:11:02.5851918+07:00,2026/09/07 17:11:02.616, NVIDIA GeForce RTX 5060, 591.86, P8, 31, 2, 711, 8151, 10.87, 145.00, 577, 405, 1, 8
2026-09-07T17:11:07.6382785+07:00,2026/09/07 17:11:07.762, NVIDIA GeForce RTX 5060, 591.86, P3, 32, 5, 852, 8151, 17.75, 145.00, 975, 7001, 4, 8
2026-09-07T17:11:12.8929889+07:00,2026/09/07 17:11:12.939, NVIDIA GeForce RTX 5060, 591.86, P8, 32, 21, 1088, 8151, 11.35, 145.00, 1147, 405, 2, 8
2026-09-07T17:11:17.9775272+07:00,2026/09/07 17:11:18.008, NVIDIA GeForce RTX 5060, 591.86, P8, 31, 2, 1038, 8151, 10.73, 145.00, 600, 405, 1, 8
2026-09-07T17:11:23.0299374+07:00,2026/09/07 17:11:23.060, NVIDIA GeForce RTX 5060, 591.86, P8, 31, 2, 1004, 8151, 10.72, 145.00, 585, 405, 1, 8
2026-09-07T17:11:28.0676249+07:00,2026/09/07 17:11:28.129, NVIDIA GeForce RTX 5060, 591.86, P8, 31, 2, 1004, 8151, 10.72, 145.00, 585, 405, 1, 8
2026-09-07T17:11:33.1517461+07:00,2026/09/07 17:11:33.213, NVIDIA GeForce RTX 5060, 591.86, P8, 31, 2, 1004, 8151, 10.76, 145.00, 577, 405, 1, 8
2026-09-07T17:11:38.2350180+07:00,2026/09/07 17:11:38.266, NVIDIA GeForce RTX 5060, 591.86, P8, 31, 2, 855, 8151, 10.75, 145.00, 532, 405, 1, 8
2026-09-07T17:11:43.3336197+07:00,2026/09/07 17:11:43.364, NVIDIA GeForce RTX 5060, 591.86, P8, 31, 2, 854, 8151, 10.56, 145.00, 570, 405, 1, 8
2026-09-07T17:11:48.3856186+07:00,2026/09/07 17:11:48.509, NVIDIA GeForce RTX 5060, 591.86, P8, 31, 2, 709, 8151, 10.79, 145.00, 585, 405, 1, 8
2026-09-07T17:11:53.5314169+07:00,2026/09/07 17:11:53.562, NVIDIA GeForce RTX 5060, 591.86, P8, 31, 2, 709, 8151, 10.62, 145.00, 577, 405, 1, 8
2026-09-07T17:11:58.5825751+07:00,2026/09/07 17:11:58.613, NVIDIA GeForce RTX 5060, 591.86, P8, 31, 2, 709, 8151, 10.80, 145.00, 577, 405, 1, 8
2026-09-07T17:12:03.6347313+07:00,2026/09/07 17:12:03.665, NVIDIA GeForce RTX 5060, 591.86, P8, 31, 2, 709, 8151, 10.66, 145.00, 547, 405, 1, 8
2026-09-07T17:12:08.6873581+07:00,2026/09/07 17:12:08.718, NVIDIA GeForce RTX 5060, 591.86, P8, 31, 2, 711, 8151, 11.00, 145.00, 562, 405, 1, 8
2026-09-07T17:12:13.7853378+07:00,2026/09/07 17:12:13.816, NVIDIA GeForce RTX 5060, 591.86, P8, 31, 2, 709, 8151, 10.79, 145.00, 585, 405, 1, 8
2026-09-07T17:12:18.8365179+07:00,2026/09/07 17:12:18.867, NVIDIA GeForce RTX 5060, 591.86, P8, 31, 2, 709, 8151, 10.76, 145.00, 577, 405, 1, 8
2026-09-07T17:12:23.8891242+07:00,2026/09/07 17:12:23.920, NVIDIA GeForce RTX 5060, 591.86, P8, 31, 2, 709, 8151, 10.66, 145.00, 585, 405, 1, 8
2026-09-07T17:12:28.9420381+07:00,2026/09/07 17:12:28.973, NVIDIA GeForce RTX 5060, 591.86, P8, 31, 2, 709, 8151, 10.86, 145.00, 592, 405, 1, 8
2026-09-07T17:12:33.9952678+07:00,2026/09/07 17:12:34.026, NVIDIA GeForce RTX 5060, 591.86, P8, 31, 2, 710, 8151, 10.85, 145.00, 562, 405, 1, 8
2026-09-07T17:12:39.0476737+07:00,2026/09/07 17:12:39.078, NVIDIA GeForce RTX 5060, 591.86, P8, 31, 2, 709, 8151, 11.13, 145.00, 585, 405, 1, 8
2026-09-07T17:12:44.1467851+07:00,2026/09/07 17:12:44.193, NVIDIA GeForce RTX 5060, 591.86, P3, 32, 4, 846, 8151, 19.96, 145.00, 1035, 7001, 4, 8
2026-09-07T17:12:49.2149372+07:00,2026/09/07 17:12:49.261, NVIDIA GeForce RTX 5060, 591.86, P5, 32, 4, 924, 8151, 12.97, 145.00, 855, 810, 2, 8
2026-09-07T17:12:54.2821580+07:00,2026/09/07 17:12:54.313, NVIDIA GeForce RTX 5060, 591.86, P8, 31, 2, 1032, 8151, 11.87, 145.00, 577, 405, 1, 8
2026-09-07T17:12:59.3350972+07:00,2026/09/07 17:12:59.366, NVIDIA GeForce RTX 5060, 591.86, P5, 31, 2, 901, 8151, 13.16, 145.00, 750, 810, 2, 8
2026-09-07T17:13:04.3879997+07:00,2026/09/07 17:13:04.449, NVIDIA GeForce RTX 5060, 591.86, P8, 31, 2, 951, 8151, 12.20, 145.00, 622, 405, 1, 8
2026-09-07T17:13:09.4710206+07:00,2026/09/07 17:13:09.533, NVIDIA GeForce RTX 5060, 591.86, P8, 31, 2, 996, 8151, 11.75, 145.00, 600, 405, 1, 8
2026-09-07T17:13:14.5997972+07:00,2026/09/07 17:13:14.894, NVIDIA GeForce RTX 5060, 591.86, P5, 32, 8, 873, 8151, 12.99, 145.00, 847, 810, 2, 8
2026-09-07T17:13:19.9164952+07:00,2026/09/07 17:13:19.978, NVIDIA GeForce RTX 5060, 591.86, P8, 31, 2, 967, 8151, 10.87, 145.00, 630, 405, 1, 8
2026-09-07T17:13:25.0001256+07:00,2026/09/07 17:13:25.031, NVIDIA GeForce RTX 5060, 591.86, P8, 31, 2, 710, 8151, 11.48, 145.00, 577, 405, 1, 8
2026-09-07T17:13:30.0527832+07:00,2026/09/07 17:13:30.083, NVIDIA GeForce RTX 5060, 591.86, P8, 31, 3, 709, 8151, 10.98, 145.00, 570, 405, 1, 8
2026-09-07T17:13:35.1059593+07:00,2026/09/07 17:13:35.136, NVIDIA GeForce RTX 5060, 591.86, P8, 31, 2, 711, 8151, 11.33, 145.00, 562, 405, 1, 8
2026-09-07T17:13:40.1580401+07:00,2026/09/07 17:13:40.189, NVIDIA GeForce RTX 5060, 591.86, P8, 31, 3, 709, 8151, 11.88, 145.00, 607, 405, 1, 8
2026-09-07T17:13:45.2573794+07:00,2026/09/07 17:13:45.288, NVIDIA GeForce RTX 5060, 591.86, P8, 31, 2, 709, 8151, 11.93, 145.00, 570, 405, 1, 8
2026-09-07T17:13:50.3086678+07:00,2026/09/07 17:13:50.339, NVIDIA GeForce RTX 5060, 591.86, P8, 31, 3, 709, 8151, 12.06, 145.00, 585, 405, 1, 8
2026-09-07T17:13:55.3612738+07:00,2026/09/07 17:13:55.392, NVIDIA GeForce RTX 5060, 591.86, P8, 31, 2, 709, 8151, 10.93, 145.00, 570, 405, 1, 8
2026-09-07T17:14:00.3992531+07:00,2026/09/07 17:14:00.430, NVIDIA GeForce RTX 5060, 591.86, P8, 31, 2, 709, 8151, 11.69, 145.00, 615, 405, 1, 8
2026-09-07T17:14:05.4508600+07:00,2026/09/07 17:14:05.481, NVIDIA GeForce RTX 5060, 591.86, P8, 31, 2, 709, 8151, 11.74, 145.00, 577, 405, 1, 8
2026-09-07T17:14:10.5037223+07:00,2026/09/07 17:14:10.534, NVIDIA GeForce RTX 5060, 591.86, P8, 31, 2, 709, 8151, 12.05, 145.00, 555, 405, 1, 8
2026-09-07T17:14:15.6180569+07:00,2026/09/07 17:14:15.649, NVIDIA GeForce RTX 5060, 591.86, P8, 31, 2, 709, 8151, 12.26, 145.00, 555, 405, 1, 8
2026-09-07T17:14:20.6698616+07:00,2026/09/07 17:14:20.700, NVIDIA GeForce RTX 5060, 591.86, P8, 31, 6, 709, 8151, 12.66, 145.00, 645, 405, 1, 8
2026-09-07T17:14:25.7214151+07:00,2026/09/07 17:14:25.752, NVIDIA GeForce RTX 5060, 591.86, P8, 31, 2, 709, 8151, 12.31, 145.00, 637, 405, 1, 8
2026-09-07T17:14:30.7745447+07:00,2026/09/07 17:14:30.805, NVIDIA GeForce RTX 5060, 591.86, P3, 32, 5, 852, 8151, 24.31, 145.00, 1260, 7001, 4, 8
2026-09-07T17:14:35.8261871+07:00,2026/09/07 17:14:35.857, NVIDIA GeForce RTX 5060, 591.86, P5, 32, 10, 968, 8151, 13.65, 145.00, 1057, 810, 2, 8
2026-09-07T17:14:40.8639300+07:00,2026/09/07 17:14:40.895, NVIDIA GeForce RTX 5060, 591.86, P8, 31, 3, 1075, 8151, 12.09, 145.00, 577, 405, 1, 8
2026-09-07T17:14:45.9623472+07:00,2026/09/07 17:14:45.993, NVIDIA GeForce RTX 5060, 591.86, P8, 31, 2, 897, 8151, 12.43, 145.00, 592, 405, 1, 8
2026-09-07T17:14:51.0147196+07:00,2026/09/07 17:14:51.045, NVIDIA GeForce RTX 5060, 591.86, P5, 31, 2, 948, 8151, 12.89, 145.00, 720, 810, 2, 8
2026-09-07T17:14:56.0675647+07:00,2026/09/07 17:14:56.098, NVIDIA GeForce RTX 5060, 591.86, P0, 32, 1, 1033, 8151, 16.35, 145.00, 2580, 14201, 4, 8
2026-09-07T17:15:01.1188136+07:00,2026/09/07 17:15:01.197, NVIDIA GeForce RTX 5060, 591.86, P5, 32, 3, 922, 8151, 15.15, 145.00, 825, 810, 2, 8
2026-09-07T17:15:06.2325390+07:00,2026/09/07 17:15:06.310, NVIDIA GeForce RTX 5060, 591.86, P5, 32, 4, 935, 8151, 12.90, 145.00, 862, 810, 1, 8
2026-09-07T17:15:11.3454422+07:00,2026/09/07 17:15:11.376, NVIDIA GeForce RTX 5060, 591.86, P5, 32, 7, 1032, 8151, 12.26, 145.00, 847, 810, 1, 8
2026-09-07T17:15:16.4442337+07:00,2026/09/07 17:15:16.475, NVIDIA GeForce RTX 5060, 591.86, P8, 31, 2, 702, 8151, 11.98, 145.00, 577, 405, 1, 8
2026-09-07T17:15:21.4957934+07:00,2026/09/07 17:15:21.526, NVIDIA GeForce RTX 5060, 591.86, P8, 31, 2, 700, 8151, 12.23, 145.00, 570, 405, 1, 8
2026-09-07T17:15:26.5486264+07:00,2026/09/07 17:15:26.579, NVIDIA GeForce RTX 5060, 591.86, P5, 31, 2, 699, 8151, 12.10, 145.00, 690, 810, 1, 8
2026-09-07T17:15:31.6003149+07:00,2026/09/07 17:15:31.631, NVIDIA GeForce RTX 5060, 591.86, P8, 32, 3, 699, 8151, 12.01, 145.00, 757, 405, 1, 8
2026-09-07T17:15:36.6530455+07:00,2026/09/07 17:15:36.684, NVIDIA GeForce RTX 5060, 591.86, P5, 32, 11, 699, 8151, 11.85, 145.00, 840, 810, 1, 8
2026-09-07T17:15:41.7057694+07:00,2026/09/07 17:15:41.736, NVIDIA GeForce RTX 5060, 591.86, P5, 32, 11, 700, 8151, 11.84, 145.00, 862, 810, 1, 8
2026-09-07T17:15:46.8057468+07:00,2026/09/07 17:15:46.836, NVIDIA GeForce RTX 5060, 591.86, P8, 32, 8, 699, 8151, 11.57, 145.00, 810, 405, 2, 8
2026-09-07T17:15:51.8567984+07:00,2026/09/07 17:15:51.887, NVIDIA GeForce RTX 5060, 591.86, P8, 32, 9, 700, 8151, 11.34, 145.00, 727, 405, 1, 8
2026-09-07T17:15:56.8946692+07:00,2026/09/07 17:15:56.925, NVIDIA GeForce RTX 5060, 591.86, P5, 31, 2, 700, 8151, 12.07, 145.00, 742, 810, 1, 8
2026-09-07T17:16:01.9468788+07:00,2026/09/07 17:16:01.977, NVIDIA GeForce RTX 5060, 591.86, P8, 31, 3, 699, 8151, 11.70, 145.00, 810, 405, 1, 8
2026-09-07T17:16:06.9981442+07:00,2026/09/07 17:16:07.029, NVIDIA GeForce RTX 5060, 591.86, P8, 32, 14, 700, 8151, 12.05, 145.00, 855, 405, 2, 8
2026-09-07T17:16:12.0506709+07:00,2026/09/07 17:16:12.081, NVIDIA GeForce RTX 5060, 591.86, P8, 32, 11, 699, 8151, 11.66, 145.00, 787, 405, 2, 8
2026-09-07T17:16:17.1498266+07:00,2026/09/07 17:16:17.180, NVIDIA GeForce RTX 5060, 591.86, P8, 32, 9, 700, 8151, 11.43, 145.00, 742, 405, 1, 8
2026-09-07T17:16:22.1875737+07:00,2026/09/07 17:16:22.218, NVIDIA GeForce RTX 5060, 591.86, P8, 32, 10, 701, 8151, 11.05, 145.00, 682, 405, 2, 8
2026-09-07T17:16:27.2405852+07:00,2026/09/07 17:16:27.271, NVIDIA GeForce RTX 5060, 591.86, P8, 31, 7, 701, 8151, 10.67, 145.00, 570, 405, 1, 8
2026-09-07T17:16:32.2928159+07:00,2026/09/07 17:16:32.323, NVIDIA GeForce RTX 5060, 591.86, P8, 31, 2, 699, 8151, 10.81, 145.00, 562, 405, 2, 8
2026-09-07T17:16:37.3456254+07:00,2026/09/07 17:16:37.376, NVIDIA GeForce RTX 5060, 591.86, P8, 31, 2, 699, 8151, 10.74, 145.00, 585, 405, 1, 8
2026-09-07T17:16:42.3985792+07:00,2026/09/07 17:16:42.429, NVIDIA GeForce RTX 5060, 591.86, P8, 32, 13, 698, 8151, 11.30, 145.00, 712, 405, 1, 8
2026-09-07T17:16:47.5135792+07:00,2026/09/07 17:16:47.699, NVIDIA GeForce RTX 5060, 591.86, P8, 31, 2, 694, 8151, 10.74, 145.00, 607, 405, 1, 8
2026-09-07T17:16:52.7523740+07:00,2026/09/07 17:16:52.892, NVIDIA GeForce RTX 5060, 591.86, P8, 31, 3, 688, 8151, 10.59, 145.00, 592, 405, 1, 8
2026-09-07T17:16:57.9447929+07:00,2026/09/07 17:16:58.161, NVIDIA GeForce RTX 5060, 591.86, P8, 31, 2, 688, 8151, 10.68, 145.00, 577, 405, 1, 8
2026-09-07T17:17:03.1838064+07:00,2026/09/07 17:17:03.308, NVIDIA GeForce RTX 5060, 591.86, P8, 31, 3, 688, 8151, 10.85, 145.00, 562, 405, 1, 8
2026-09-07T17:17:08.3298065+07:00,2026/09/07 17:17:08.392, NVIDIA GeForce RTX 5060, 591.86, P8, 31, 2, 698, 8151, 11.20, 145.00, 510, 405, 1, 8
2026-09-07T17:17:13.4138186+07:00,2026/09/07 17:17:13.475, NVIDIA GeForce RTX 5060, 591.86, P8, 31, 3, 698, 8151, 11.90, 145.00, 652, 405, 1, 8
2026-09-07T17:17:18.5439346+07:00,2026/09/07 17:17:18.621, NVIDIA GeForce RTX 5060, 591.86, P8, 31, 2, 698, 8151, 11.94, 145.00, 562, 405, 1, 8
2026-09-07T17:17:23.6431359+07:00,2026/09/07 17:17:23.674, NVIDIA GeForce RTX 5060, 591.86, P8, 31, 2, 698, 8151, 12.06, 145.00, 547, 405, 1, 8
2026-09-07T17:17:28.6960296+07:00,2026/09/07 17:17:28.727, NVIDIA GeForce RTX 5060, 591.86, P8, 31, 2, 698, 8151, 11.89, 145.00, 570, 405, 1, 8
2026-09-07T17:17:33.7490115+07:00,2026/09/07 17:17:33.811, NVIDIA GeForce RTX 5060, 591.86, P8, 31, 2, 698, 8151, 11.95, 145.00, 622, 405, 1, 8
2026-09-07T17:17:38.8327382+07:00,2026/09/07 17:17:38.863, NVIDIA GeForce RTX 5060, 591.86, P5, 31, 3, 698, 8151, 12.16, 145.00, 675, 810, 1, 8
2026-09-07T17:17:43.8846043+07:00,2026/09/07 17:17:43.962, NVIDIA GeForce RTX 5060, 591.86, P8, 31, 2, 698, 8151, 12.10, 145.00, 540, 405, 1, 8
2026-09-07T17:17:49.0297333+07:00,2026/09/07 17:17:49.091, NVIDIA GeForce RTX 5060, 591.86, P8, 31, 2, 698, 8151, 11.97, 145.00, 570, 405, 1, 8
2026-09-07T17:17:54.1133933+07:00,2026/09/07 17:17:54.237, NVIDIA GeForce RTX 5060, 591.86, P8, 31, 3, 698, 8151, 12.09, 145.00, 600, 405, 1, 8
2026-09-07T17:17:59.2590036+07:00,2026/09/07 17:17:59.305, NVIDIA GeForce RTX 5060, 591.86, P8, 31, 2, 698, 8151, 12.03, 145.00, 600, 405, 1, 8
2026-09-07T17:18:04.3268480+07:00,2026/09/07 17:18:04.404, NVIDIA GeForce RTX 5060, 591.86, P8, 31, 3, 698, 8151, 12.00, 145.00, 660, 405, 1, 8
2026-09-07T17:18:09.4253025+07:00,2026/09/07 17:18:09.471, NVIDIA GeForce RTX 5060, 591.86, P8, 31, 2, 700, 8151, 12.01, 145.00, 547, 405, 1, 8
2026-09-07T17:18:14.4936697+07:00,2026/09/07 17:18:14.555, NVIDIA GeForce RTX 5060, 591.86, P8, 31, 2, 699, 8151, 12.07, 145.00, 585, 405, 1, 8
2026-09-07T17:18:19.6394624+07:00,2026/09/07 17:18:19.747, NVIDIA GeForce RTX 5060, 591.86, P8, 31, 2, 701, 8151, 12.42, 145.00, 622, 405, 1, 8
2026-09-07T17:18:24.8009300+07:00,2026/09/07 17:18:24.878, NVIDIA GeForce RTX 5060, 591.86, P8, 31, 3, 704, 8151, 12.82, 145.00, 607, 405, 1, 8
2026-09-07T17:18:29.8999490+07:00,2026/09/07 17:18:29.992, NVIDIA GeForce RTX 5060, 591.86, P8, 31, 2, 717, 8151, 11.23, 145.00, 637, 405, 1, 8
2026-09-07T17:18:35.0146601+07:00,2026/09/07 17:18:35.123, NVIDIA GeForce RTX 5060, 591.86, P8, 31, 2, 703, 8151, 10.75, 145.00, 562, 405, 1, 8
2026-09-07T17:18:40.1445147+07:00,2026/09/07 17:18:40.206, NVIDIA GeForce RTX 5060, 591.86, P8, 31, 2, 699, 8151, 10.75, 145.00, 540, 405, 1, 8
2026-09-07T17:18:45.2742530+07:00,2026/09/07 17:18:45.305, NVIDIA GeForce RTX 5060, 591.86, P8, 31, 2, 699, 8151, 10.73, 145.00, 585, 405, 1, 8
2026-09-07T17:18:50.3735416+07:00,2026/09/07 17:18:50.420, NVIDIA GeForce RTX 5060, 591.86, P8, 31, 2, 699, 8151, 10.65, 145.00, 570, 405, 1, 8
2026-09-07T17:18:55.4420073+07:00,2026/09/07 17:18:55.504, NVIDIA GeForce RTX 5060, 591.86, P8, 31, 2, 699, 8151, 10.69, 145.00, 547, 405, 1, 8
2026-09-07T17:19:00.5253089+07:00,2026/09/07 17:19:00.571, NVIDIA GeForce RTX 5060, 591.86, P8, 31, 2, 699, 8151, 10.62, 145.00, 562, 405, 1, 8
2026-09-07T17:19:05.6086338+07:00,2026/09/07 17:19:05.686, NVIDIA GeForce RTX 5060, 591.86, P8, 31, 2, 699, 8151, 10.72, 145.00, 570, 405, 1, 8
2026-09-07T17:19:10.7078801+07:00,2026/09/07 17:19:10.754, NVIDIA GeForce RTX 5060, 591.86, P8, 31, 2, 699, 8151, 10.53, 145.00, 562, 405, 1, 8
2026-09-07T17:19:15.7755261+07:00,2026/09/07 17:19:15.822, NVIDIA GeForce RTX 5060, 591.86, P8, 31, 2, 699, 8151, 10.63, 145.00, 592, 405, 1, 8
2026-09-07T17:19:20.8899480+07:00,2026/09/07 17:19:20.920, NVIDIA GeForce RTX 5060, 591.86, P8, 31, 3, 699, 8151, 10.71, 145.00, 585, 405, 1, 8
2026-09-07T17:19:25.9419608+07:00,2026/09/07 17:19:25.988, NVIDIA GeForce RTX 5060, 591.86, P8, 31, 2, 699, 8151, 10.64, 145.00, 562, 405, 1, 8
2026-09-07T17:19:31.0096430+07:00,2026/09/07 17:19:31.087, NVIDIA GeForce RTX 5060, 591.86, P8, 31, 2, 699, 8151, 10.69, 145.00, 570, 405, 1, 8
2026-09-07T17:19:36.1085450+07:00,2026/09/07 17:19:36.217, NVIDIA GeForce RTX 5060, 591.86, P8, 31, 2, 699, 8151, 10.76, 145.00, 555, 405, 1, 8
2026-09-07T17:19:41.2392702+07:00,2026/09/07 17:19:41.285, NVIDIA GeForce RTX 5060, 591.86, P8, 31, 6, 707, 8151, 11.09, 145.00, 630, 405, 4, 8
2026-09-07T17:19:46.3074225+07:00,2026/09/07 17:19:46.400, NVIDIA GeForce RTX 5060, 591.86, P3, 32, 3, 763, 8151, 18.03, 145.00, 900, 7001, 4, 8
2026-09-07T17:19:51.4691023+07:00,2026/09/07 17:19:51.546, NVIDIA GeForce RTX 5060, 591.86, P0, 33, 2, 668, 8151, 23.80, 145.00, 2580, 14201, 4, 8
2026-09-07T17:19:56.5666700+07:00,2026/09/07 17:19:56.628, NVIDIA GeForce RTX 5060, 591.86, P5, 32, 3, 693, 8151, 15.48, 145.00, 855, 810, 2, 8
2026-09-07T17:20:01.6513863+07:00,2026/09/07 17:20:01.729, NVIDIA GeForce RTX 5060, 591.86, P5, 32, 15, 756, 8151, 15.86, 145.00, 1162, 810, 2, 8
2026-09-07T17:20:06.7522554+07:00,2026/09/07 17:20:06.783, NVIDIA GeForce RTX 5060, 591.86, P5, 32, 12, 738, 8151, 14.92, 145.00, 1005, 810, 2, 8
2026-09-07T17:20:11.7918073+07:00,2026/09/07 17:20:11.822, NVIDIA GeForce RTX 5060, 591.86, P5, 32, 14, 683, 8151, 14.98, 145.00, 945, 810, 2, 8
2026-09-07T17:20:16.8415015+07:00,2026/09/07 17:20:16.872, NVIDIA GeForce RTX 5060, 591.86, P5, 32, 14, 678, 8151, 14.83, 145.00, 900, 810, 2, 8
2026-09-07T17:20:21.9402904+07:00,2026/09/07 17:20:21.971, NVIDIA GeForce RTX 5060, 591.86, P5, 32, 12, 678, 8151, 14.83, 145.00, 922, 810, 2, 8
2026-09-07T17:20:26.9797268+07:00,2026/09/07 17:20:27.010, NVIDIA GeForce RTX 5060, 591.86, P5, 33, 12, 677, 8151, 14.77, 145.00, 975, 810, 2, 8
2026-09-07T17:20:32.0339626+07:00,2026/09/07 17:20:32.065, NVIDIA GeForce RTX 5060, 591.86, P5, 32, 12, 676, 8151, 14.80, 145.00, 930, 810, 2, 8
2026-09-07T17:20:37.0861286+07:00,2026/09/07 17:20:37.117, NVIDIA GeForce RTX 5060, 591.86, P5, 33, 13, 693, 8151, 15.02, 145.00, 1012, 810, 2, 8
2026-09-07T17:20:42.1246803+07:00,2026/09/07 17:20:42.186, NVIDIA GeForce RTX 5060, 591.86, P5, 33, 12, 678, 8151, 15.27, 145.00, 975, 810, 2, 8
2026-09-07T17:20:47.2099025+07:00,2026/09/07 17:20:47.240, NVIDIA GeForce RTX 5060, 591.86, P5, 33, 12, 693, 8151, 15.12, 145.00, 952, 810, 2, 8
2026-09-07T17:20:52.3110239+07:00,2026/09/07 17:20:52.373, NVIDIA GeForce RTX 5060, 591.86, P5, 33, 13, 729, 8151, 14.58, 145.00, 960, 810, 2, 8
2026-09-07T17:20:57.3823421+07:00,2026/09/07 17:20:57.413, NVIDIA GeForce RTX 5060, 591.86, P5, 33, 12, 715, 8151, 15.12, 145.00, 945, 810, 2, 8
2026-09-07T17:21:02.4359576+07:00,2026/09/07 17:21:02.513, NVIDIA GeForce RTX 5060, 591.86, P5, 33, 11, 704, 8151, 14.39, 145.00, 870, 810, 2, 8
2026-09-07T17:21:07.5365031+07:00,2026/09/07 17:21:07.598, NVIDIA GeForce RTX 5060, 591.86, P5, 33, 16, 709, 8151, 14.58, 145.00, 885, 810, 2, 8
2026-09-07T17:21:12.6224274+07:00,2026/09/07 17:21:12.684, NVIDIA GeForce RTX 5060, 591.86, P5, 33, 10, 745, 8151, 15.18, 145.00, 1185, 810, 2, 8
2026-09-07T17:21:17.7040642+07:00,2026/09/07 17:21:17.750, NVIDIA GeForce RTX 5060, 591.86, P0, 33, 4, 798, 8151, 21.00, 145.00, 2602, 14201, 4, 8
2026-09-07T17:21:22.8213804+07:00,2026/09/07 17:21:22.852, NVIDIA GeForce RTX 5060, 591.86, P5, 32, 5, 734, 8151, 16.19, 145.00, 1042, 810, 2, 8
2026-09-07T17:21:27.8602869+07:00,2026/09/07 17:21:27.891, NVIDIA GeForce RTX 5060, 591.86, P0, 33, 1, 724, 8151, 19.66, 145.00, 2580, 14201, 4, 8
2026-09-07T17:21:32.9135640+07:00,2026/09/07 17:21:32.944, NVIDIA GeForce RTX 5060, 591.86, P5, 32, 2, 736, 8151, 12.36, 145.00, 585, 810, 1, 8
2026-09-07T17:21:37.9628974+07:00,2026/09/07 17:21:37.994, NVIDIA GeForce RTX 5060, 591.86, P0, 33, 2, 751, 8151, 16.55, 145.00, 2355, 14201, 4, 8
2026-09-07T17:21:43.0030520+07:00,2026/09/07 17:21:43.034, NVIDIA GeForce RTX 5060, 591.86, P5, 33, 3, 719, 8151, 13.93, 145.00, 727, 810, 2, 8
2026-09-07T17:21:48.0557506+07:00,2026/09/07 17:21:48.086, NVIDIA GeForce RTX 5060, 591.86, P8, 32, 2, 738, 8151, 13.18, 145.00, 600, 405, 1, 8
2026-09-07T17:21:53.1542959+07:00,2026/09/07 17:21:53.185, NVIDIA GeForce RTX 5060, 591.86, P8, 32, 5, 729, 8151, 11.28, 145.00, 645, 405, 1, 8
2026-09-07T17:21:58.2067514+07:00,2026/09/07 17:21:58.237, NVIDIA GeForce RTX 5060, 591.86, P8, 32, 5, 727, 8151, 12.54, 145.00, 720, 405, 1, 8
2026-09-07T17:22:03.2585823+07:00,2026/09/07 17:22:03.289, NVIDIA GeForce RTX 5060, 591.86, P8, 32, 4, 736, 8151, 11.85, 145.00, 660, 405, 1, 8
2026-09-07T17:22:08.3101040+07:00,2026/09/07 17:22:08.341, NVIDIA GeForce RTX 5060, 591.86, P8, 32, 9, 735, 8151, 12.50, 145.00, 667, 405, 1, 8
2026-09-07T17:22:13.3628330+07:00,2026/09/07 17:22:13.564, NVIDIA GeForce RTX 5060, 591.86, P3, 33, 2, 767, 8151, 22.26, 145.00, 1365, 7001, 4, 8
2026-09-07T17:22:18.5859850+07:00,2026/09/07 17:22:18.647, NVIDIA GeForce RTX 5060, 591.86, P5, 33, 6, 853, 8151, 12.78, 145.00, 892, 810, 2, 8
2026-09-07T17:22:23.7469063+07:00,2026/09/07 17:22:23.777, NVIDIA GeForce RTX 5060, 591.86, P5, 32, 6, 755, 8151, 12.73, 145.00, 735, 810, 2, 8
2026-09-07T17:22:28.7980671+07:00,2026/09/07 17:22:28.829, NVIDIA GeForce RTX 5060, 591.86, P5, 32, 2, 780, 8151, 12.36, 145.00, 787, 810, 2, 8
2026-09-07T17:22:33.8508961+07:00,2026/09/07 17:22:33.881, NVIDIA GeForce RTX 5060, 591.86, P8, 32, 9, 762, 8151, 11.20, 145.00, 675, 405, 1, 8
2026-09-07T17:22:38.9034154+07:00,2026/09/07 17:22:38.934, NVIDIA GeForce RTX 5060, 591.86, P8, 32, 12, 789, 8151, 12.82, 145.00, 615, 405, 1, 8
2026-09-07T17:22:43.9549234+07:00,2026/09/07 17:22:43.985, NVIDIA GeForce RTX 5060, 591.86, P5, 32, 2, 820, 8151, 11.67, 145.00, 630, 810, 2, 8
2026-09-07T17:22:49.0070308+07:00,2026/09/07 17:22:49.038, NVIDIA GeForce RTX 5060, 591.86, P8, 32, 2, 796, 8151, 11.07, 145.00, 510, 405, 1, 8
2026-09-07T17:22:54.1058584+07:00,2026/09/07 17:22:54.136, NVIDIA GeForce RTX 5060, 591.86, P8, 32, 4, 801, 8151, 11.56, 145.00, 697, 405, 1, 8
2026-09-07T17:22:59.1564000+07:00,2026/09/07 17:22:59.187, NVIDIA GeForce RTX 5060, 591.86, P8, 32, 1, 859, 8151, 10.14, 145.00, 480, 405, 1, 8
2026-09-07T17:23:04.2057925+07:00,2026/09/07 17:23:04.236, NVIDIA GeForce RTX 5060, 591.86, P8, 32, 1, 792, 8151, 10.77, 145.00, 660, 405, 1, 8
2026-09-07T17:23:09.2584063+07:00,2026/09/07 17:23:09.289, NVIDIA GeForce RTX 5060, 591.86, P8, 32, 1, 784, 8151, 10.58, 145.00, 442, 405, 1, 8
2026-09-07T17:23:14.3086874+07:00,2026/09/07 17:23:14.339, NVIDIA GeForce RTX 5060, 591.86, P5, 32, 3, 827, 8151, 12.16, 145.00, 952, 810, 2, 8
2026-09-07T17:23:19.3585439+07:00,2026/09/07 17:23:19.389, NVIDIA GeForce RTX 5060, 591.86, P8, 32, 3, 805, 8151, 10.44, 145.00, 682, 405, 1, 8
2026-09-07T17:23:24.4406356+07:00,2026/09/07 17:23:24.471, NVIDIA GeForce RTX 5060, 591.86, P8, 32, 4, 784, 8151, 10.91, 145.00, 637, 405, 1, 8
2026-09-07T17:23:29.4923362+07:00,2026/09/07 17:23:29.523, NVIDIA GeForce RTX 5060, 591.86, P8, 32, 3, 781, 8151, 10.88, 145.00, 450, 405, 1, 8
2026-09-07T17:23:34.5453119+07:00,2026/09/07 17:23:34.576, NVIDIA GeForce RTX 5060, 591.86, P8, 32, 5, 784, 8151, 11.02, 145.00, 667, 405, 1, 8
2026-09-07T17:23:39.5970196+07:00,2026/09/07 17:23:39.628, NVIDIA GeForce RTX 5060, 591.86, P0, 33, 1, 796, 8151, 23.68, 145.00, 2565, 14201, 4, 8
2026-09-07T17:23:44.6473157+07:00,2026/09/07 17:23:44.678, NVIDIA GeForce RTX 5060, 591.86, P5, 32, 1, 787, 8151, 11.90, 145.00, 562, 810, 2, 8
2026-09-07T17:23:49.6972974+07:00,2026/09/07 17:23:49.728, NVIDIA GeForce RTX 5060, 591.86, P8, 32, 1, 783, 8151, 10.49, 145.00, 457, 405, 1, 8
2026-09-07T17:23:54.7939752+07:00,2026/09/07 17:23:54.824, NVIDIA GeForce RTX 5060, 591.86, P8, 32, 3, 783, 8151, 10.89, 145.00, 547, 405, 1, 8
2026-09-07T17:23:59.8452758+07:00,2026/09/07 17:23:59.876, NVIDIA GeForce RTX 5060, 591.86, P8, 32, 5, 782, 8151, 10.23, 145.00, 457, 405, 1, 8
2026-09-07T17:24:04.8957878+07:00,2026/09/07 17:24:04.926, NVIDIA GeForce RTX 5060, 591.86, P8, 32, 1, 782, 8151, 9.73, 145.00, 442, 405, 1, 8
2026-09-07T17:24:09.9453968+07:00,2026/09/07 17:24:09.976, NVIDIA GeForce RTX 5060, 591.86, P8, 32, 1, 784, 8151, 10.47, 145.00, 450, 405, 1, 8
2026-09-07T17:24:14.9949472+07:00,2026/09/07 17:24:15.025, NVIDIA GeForce RTX 5060, 591.86, P8, 32, 3, 787, 8151, 10.98, 145.00, 630, 405, 1, 8
2026-09-07T17:24:20.0466100+07:00,2026/09/07 17:24:20.077, NVIDIA GeForce RTX 5060, 591.86, P8, 32, 3, 787, 8151, 11.11, 145.00, 585, 405, 1, 8
2026-09-07T17:24:25.1453878+07:00,2026/09/07 17:24:25.176, NVIDIA GeForce RTX 5060, 591.86, P8, 32, 3, 787, 8151, 10.99, 145.00, 607, 405, 1, 8
2026-09-07T17:24:30.1964669+07:00,2026/09/07 17:24:30.227, NVIDIA GeForce RTX 5060, 591.86, P8, 32, 3, 792, 8151, 11.23, 145.00, 652, 405, 1, 8
2026-09-07T17:24:35.2454325+07:00,2026/09/07 17:24:35.276, NVIDIA GeForce RTX 5060, 591.86, P8, 32, 4, 792, 8151, 11.20, 145.00, 615, 405, 1, 8
2026-09-07T17:24:40.2981551+07:00,2026/09/07 17:24:40.329, NVIDIA GeForce RTX 5060, 591.86, P8, 32, 3, 787, 8151, 11.18, 145.00, 637, 405, 1, 8
2026-09-07T17:24:45.3503448+07:00,2026/09/07 17:24:45.381, NVIDIA GeForce RTX 5060, 591.86, P8, 32, 4, 787, 8151, 11.29, 145.00, 592, 405, 1, 8
2026-09-07T17:24:50.4032074+07:00,2026/09/07 17:24:50.434, NVIDIA GeForce RTX 5060, 591.86, P8, 32, 3, 787, 8151, 11.23, 145.00, 652, 405, 1, 8
2026-09-07T17:24:55.5012882+07:00,2026/09/07 17:24:55.532, NVIDIA GeForce RTX 5060, 591.86, P8, 32, 3, 787, 8151, 11.23, 145.00, 630, 405, 1, 8
2026-09-07T17:25:00.5533326+07:00,2026/09/07 17:25:00.584, NVIDIA GeForce RTX 5060, 591.86, P8, 32, 3, 789, 8151, 11.19, 145.00, 622, 405, 1, 8
2026-09-07T17:25:05.6059852+07:00,2026/09/07 17:25:05.714, NVIDIA GeForce RTX 5060, 591.86, P3, 32, 1, 977, 8151, 21.20, 145.00, 1492, 7001, 4, 8
2026-09-07T17:25:10.7342651+07:00,2026/09/07 17:25:10.765, NVIDIA GeForce RTX 5060, 591.86, P8, 32, 2, 784, 8151, 10.60, 145.00, 555, 405, 1, 8
2026-09-07T17:25:15.7873828+07:00,2026/09/07 17:25:15.818, NVIDIA GeForce RTX 5060, 591.86, P8, 32, 2, 784, 8151, 10.65, 145.00, 577, 405, 1, 8
2026-09-07T17:25:20.8393055+07:00,2026/09/07 17:25:20.870, NVIDIA GeForce RTX 5060, 591.86, P8, 32, 2, 784, 8151, 10.84, 145.00, 562, 405, 1, 8
2026-09-07T17:25:25.9374001+07:00,2026/09/07 17:25:25.968, NVIDIA GeForce RTX 5060, 591.86, P8, 32, 2, 784, 8151, 10.83, 145.00, 577, 405, 1, 8
2026-09-07T17:25:30.9900676+07:00,2026/09/07 17:25:31.021, NVIDIA GeForce RTX 5060, 591.86, P8, 32, 2, 784, 8151, 10.78, 145.00, 562, 405, 1, 8
2026-09-07T17:25:36.0432799+07:00,2026/09/07 17:25:36.074, NVIDIA GeForce RTX 5060, 591.86, P8, 31, 2, 784, 8151, 10.84, 145.00, 585, 405, 1, 8
2026-09-07T17:25:41.0956930+07:00,2026/09/07 17:25:41.126, NVIDIA GeForce RTX 5060, 591.86, P8, 31, 2, 784, 8151, 10.61, 145.00, 585, 405, 1, 8
2026-09-07T17:25:46.1483597+07:00,2026/09/07 17:25:46.179, NVIDIA GeForce RTX 5060, 591.86, P8, 31, 2, 784, 8151, 10.66, 145.00, 585, 405, 1, 8
2026-09-07T17:25:51.2002952+07:00,2026/09/07 17:25:51.231, NVIDIA GeForce RTX 5060, 591.86, P8, 32, 2, 784, 8151, 10.73, 145.00, 555, 405, 1, 8
2026-09-07T17:25:56.2982796+07:00,2026/09/07 17:25:56.329, NVIDIA GeForce RTX 5060, 591.86, P8, 31, 2, 784, 8151, 10.60, 145.00, 562, 405, 1, 8
2026-09-07T17:26:01.3503759+07:00,2026/09/07 17:26:01.381, NVIDIA GeForce RTX 5060, 591.86, P8, 32, 3, 785, 8151, 10.66, 145.00, 585, 405, 1, 8
2026-09-07T17:26:06.4025602+07:00,2026/09/07 17:26:06.433, NVIDIA GeForce RTX 5060, 591.86, P8, 31, 2, 785, 8151, 10.60, 145.00, 555, 405, 1, 8
2026-09-07T17:26:11.4548217+07:00,2026/09/07 17:26:11.485, NVIDIA GeForce RTX 5060, 591.86, P8, 31, 2, 785, 8151, 10.55, 145.00, 562, 405, 1, 8
2026-09-07T17:26:16.5062598+07:00,2026/09/07 17:26:16.537, NVIDIA GeForce RTX 5060, 591.86, P8, 31, 2, 785, 8151, 10.56, 145.00, 577, 405, 1, 8
2026-09-07T17:26:21.5585389+07:00,2026/09/07 17:26:21.589, NVIDIA GeForce RTX 5060, 591.86, P8, 31, 2, 785, 8151, 10.57, 145.00, 570, 405, 1, 8
2026-09-07T17:26:26.6577178+07:00,2026/09/07 17:26:26.688, NVIDIA GeForce RTX 5060, 591.86, P8, 31, 2, 786, 8151, 10.83, 145.00, 637, 405, 1, 8
2026-09-07T17:26:31.7071705+07:00,2026/09/07 17:26:31.738, NVIDIA GeForce RTX 5060, 591.86, P5, 32, 13, 786, 8151, 14.92, 145.00, 930, 810, 2, 8
2026-09-07T17:26:36.7568600+07:00,2026/09/07 17:26:36.788, NVIDIA GeForce RTX 5060, 591.86, P5, 32, 10, 745, 8151, 13.51, 145.00, 772, 810, 2, 8
2026-09-07T17:26:41.8068206+07:00,2026/09/07 17:26:41.838, NVIDIA GeForce RTX 5060, 591.86, P5, 32, 9, 738, 8151, 13.48, 145.00, 840, 810, 2, 8
2026-09-07T17:26:46.8480165+07:00,2026/09/07 17:26:46.894, NVIDIA GeForce RTX 5060, 591.86, P5, 32, 9, 738, 8151, 13.91, 145.00, 855, 810, 2, 8
2026-09-07T17:26:51.9043438+07:00,2026/09/07 17:26:51.935, NVIDIA GeForce RTX 5060, 591.86, P5, 32, 9, 730, 8151, 13.93, 145.00, 847, 810, 2, 8
2026-09-07T17:26:57.0050924+07:00,2026/09/07 17:26:57.082, NVIDIA GeForce RTX 5060, 591.86, P5, 32, 13, 730, 8151, 14.03, 145.00, 870, 810, 2, 8
2026-09-07T17:27:02.1079245+07:00,2026/09/07 17:27:02.309, NVIDIA GeForce RTX 5060, 591.86, P5, 32, 9, 728, 8151, 14.01, 145.00, 975, 810, 2, 8
2026-09-07T17:27:07.3622067+07:00,2026/09/07 17:27:07.502, NVIDIA GeForce RTX 5060, 591.86, P5, 32, 10, 728, 8151, 13.95, 145.00, 877, 810, 2, 8
2026-09-07T17:27:12.5410561+07:00,2026/09/07 17:27:12.665, NVIDIA GeForce RTX 5060, 591.86, P5, 32, 10, 737, 8151, 14.30, 145.00, 862, 810, 2, 8
2026-09-07T17:27:17.7043213+07:00,2026/09/07 17:27:17.859, NVIDIA GeForce RTX 5060, 591.86, P5, 32, 9, 737, 8151, 14.04, 145.00, 960, 810, 2, 8
2026-09-07T17:27:22.8826666+07:00,2026/09/07 17:27:23.053, NVIDIA GeForce RTX 5060, 591.86, P5, 32, 12, 728, 8151, 14.37, 145.00, 960, 810, 2, 8
2026-09-07T17:27:28.1388415+07:00,2026/09/07 17:27:28.201, NVIDIA GeForce RTX 5060, 591.86, P5, 32, 10, 728, 8151, 13.98, 145.00, 907, 810, 2, 8
2026-09-07T17:27:33.2411845+07:00,2026/09/07 17:27:33.302, NVIDIA GeForce RTX 5060, 591.86, P5, 32, 13, 737, 8151, 14.25, 145.00, 840, 810, 2, 8
2026-09-07T17:27:38.3553013+07:00,2026/09/07 17:27:38.386, NVIDIA GeForce RTX 5060, 591.86, P5, 32, 14, 737, 8151, 13.60, 145.00, 840, 810, 2, 8
2026-09-07T17:27:43.4068061+07:00,2026/09/07 17:27:43.437, NVIDIA GeForce RTX 5060, 591.86, P5, 32, 10, 743, 8151, 13.58, 145.00, 855, 810, 2, 8
2026-09-07T17:27:48.4607358+07:00,2026/09/07 17:27:48.553, NVIDIA GeForce RTX 5060, 591.86, P8, 32, 6, 766, 8151, 12.84, 145.00, 735, 405, 1, 8
2026-09-07T17:27:53.5764885+07:00,2026/09/07 17:27:53.764, NVIDIA GeForce RTX 5060, 591.86, P5, 32, 8, 764, 8151, 14.69, 145.00, 1027, 810, 2, 8
2026-09-07T17:27:58.8484269+07:00,2026/09/07 17:27:58.879, NVIDIA GeForce RTX 5060, 591.86, P8, 32, 2, 775, 8151, 10.72, 145.00, 607, 405, 1, 8
2026-09-07T17:28:03.8985240+07:00,2026/09/07 17:28:03.929, NVIDIA GeForce RTX 5060, 591.86, P8, 32, 2, 775, 8151, 10.78, 145.00, 600, 405, 1, 8
2026-09-07T17:28:08.9374226+07:00,2026/09/07 17:28:08.968, NVIDIA GeForce RTX 5060, 591.86, P8, 32, 3, 778, 8151, 11.31, 145.00, 600, 405, 1, 8
2026-09-07T17:28:13.9896982+07:00,2026/09/07 17:28:14.020, NVIDIA GeForce RTX 5060, 591.86, P8, 32, 3, 770, 8151, 10.86, 145.00, 585, 405, 1, 8
2026-09-07T17:28:19.0426243+07:00,2026/09/07 17:28:19.120, NVIDIA GeForce RTX 5060, 591.86, P8, 32, 3, 770, 8151, 10.68, 145.00, 592, 405, 1, 8
2026-09-07T17:28:24.1417690+07:00,2026/09/07 17:28:24.265, NVIDIA GeForce RTX 5060, 591.86, P8, 32, 3, 770, 8151, 10.77, 145.00, 592, 405, 1, 8
2026-09-07T17:28:29.3497541+07:00,2026/09/07 17:28:29.411, NVIDIA GeForce RTX 5060, 591.86, P8, 32, 3, 756, 8151, 10.84, 145.00, 585, 405, 1, 8
2026-09-07T17:28:34.4337543+07:00,2026/09/07 17:28:34.464, NVIDIA GeForce RTX 5060, 591.86, P8, 32, 3, 756, 8151, 10.76, 145.00, 570, 405, 1, 8
2026-09-07T17:28:39.4854432+07:00,2026/09/07 17:28:39.562, NVIDIA GeForce RTX 5060, 591.86, P3, 32, 2, 769, 8151, 21.31, 145.00, 1687, 7001, 4, 8
2026-09-07T17:28:44.5851577+07:00,2026/09/07 17:28:44.616, NVIDIA GeForce RTX 5060, 591.86, P8, 32, 2, 765, 8151, 11.00, 145.00, 600, 405, 1, 8
2026-09-07T17:28:49.6376924+07:00,2026/09/07 17:28:49.668, NVIDIA GeForce RTX 5060, 591.86, P8, 32, 2, 770, 8151, 10.66, 145.00, 577, 405, 1, 8
2026-09-07T17:28:54.6813425+07:00,2026/09/07 17:28:54.712, NVIDIA GeForce RTX 5060, 591.86, P5, 32, 11, 811, 8151, 15.07, 145.00, 870, 810, 2, 8
2026-09-07T17:28:59.7697524+07:00,2026/09/07 17:28:59.800, NVIDIA GeForce RTX 5060, 591.86, P5, 32, 13, 746, 8151, 14.97, 145.00, 952, 810, 2, 8
2026-09-07T17:29:04.8241183+07:00,2026/09/07 17:29:04.855, NVIDIA GeForce RTX 5060, 591.86, P5, 32, 12, 746, 8151, 14.64, 145.00, 907, 810, 2, 8
2026-09-07T17:29:09.8634308+07:00,2026/09/07 17:29:09.894, NVIDIA GeForce RTX 5060, 591.86, P5, 33, 13, 746, 8151, 14.79, 145.00, 930, 810, 2, 8
2026-09-07T17:29:14.9033749+07:00,2026/09/07 17:29:14.965, NVIDIA GeForce RTX 5060, 591.86, P5, 32, 11, 746, 8151, 14.85, 145.00, 915, 810, 2, 8
2026-09-07T17:29:19.9885461+07:00,2026/09/07 17:29:20.020, NVIDIA GeForce RTX 5060, 591.86, P5, 33, 12, 746, 8151, 15.08, 145.00, 1042, 810, 2, 8
2026-09-07T17:29:25.0271614+07:00,2026/09/07 17:29:25.058, NVIDIA GeForce RTX 5060, 591.86, P5, 33, 12, 745, 8151, 14.95, 145.00, 915, 810, 2, 8
2026-09-07T17:29:30.1280095+07:00,2026/09/07 17:29:30.159, NVIDIA GeForce RTX 5060, 591.86, P5, 33, 13, 744, 8151, 14.84, 145.00, 922, 810, 2, 8
2026-09-07T17:29:35.1791816+07:00,2026/09/07 17:29:35.241, NVIDIA GeForce RTX 5060, 591.86, P5, 33, 12, 791, 8151, 14.75, 145.00, 907, 810, 2, 8
2026-09-07T17:29:40.2645646+07:00,2026/09/07 17:29:40.326, NVIDIA GeForce RTX 5060, 591.86, P5, 33, 12, 762, 8151, 14.57, 145.00, 892, 810, 2, 8
2026-09-07T17:29:45.3483771+07:00,2026/09/07 17:29:45.379, NVIDIA GeForce RTX 5060, 591.86, P5, 33, 12, 718, 8151, 14.54, 145.00, 825, 810, 2, 8
2026-09-07T17:29:50.4023692+07:00,2026/09/07 17:29:50.433, NVIDIA GeForce RTX 5060, 591.86, P5, 33, 13, 718, 8151, 14.66, 145.00, 907, 810, 2, 8
2026-09-07T17:29:55.4555473+07:00,2026/09/07 17:29:55.486, NVIDIA GeForce RTX 5060, 591.86, P5, 33, 14, 748, 8151, 14.45, 145.00, 885, 810, 2, 8
2026-09-07T17:30:00.5580507+07:00,2026/09/07 17:30:00.589, NVIDIA GeForce RTX 5060, 591.86, P5, 33, 11, 722, 8151, 14.56, 145.00, 870, 810, 2, 8
2026-09-07T17:30:05.5973884+07:00,2026/09/07 17:30:05.628, NVIDIA GeForce RTX 5060, 591.86, P5, 33, 11, 713, 8151, 14.29, 145.00, 907, 810, 2, 8
2026-09-07T17:30:10.6507755+07:00,2026/09/07 17:30:10.681, NVIDIA GeForce RTX 5060, 591.86, P5, 33, 21, 722, 8151, 14.77, 145.00, 1080, 810, 2, 8
2026-09-07T17:30:15.6890310+07:00,2026/09/07 17:30:15.720, NVIDIA GeForce RTX 5060, 591.86, P5, 33, 11, 749, 8151, 14.70, 145.00, 945, 810, 2, 8
2026-09-07T17:30:20.7277630+07:00,2026/09/07 17:30:20.805, NVIDIA GeForce RTX 5060, 591.86, P5, 33, 12, 718, 8151, 14.48, 145.00, 915, 810, 2, 8
2026-09-07T17:30:25.8284437+07:00,2026/09/07 17:30:25.937, NVIDIA GeForce RTX 5060, 591.86, P0, 33, 1, 761, 8151, 20.09, 145.00, 2587, 14201, 4, 8
2026-09-07T17:30:31.0074063+07:00,2026/09/07 17:30:31.132, NVIDIA GeForce RTX 5060, 591.86, P5, 33, 13, 770, 8151, 16.56, 145.00, 1057, 810, 2, 8
2026-09-07T17:30:36.1560422+07:00,2026/09/07 17:30:36.218, NVIDIA GeForce RTX 5060, 591.86, P5, 33, 14, 722, 8151, 14.50, 145.00, 885, 810, 2, 8
2026-09-07T17:30:41.2431431+07:00,2026/09/07 17:30:41.305, NVIDIA GeForce RTX 5060, 591.86, P5, 33, 14, 730, 8151, 14.90, 145.00, 930, 810, 2, 8
2026-09-07T17:30:46.3278000+07:00,2026/09/07 17:30:46.389, NVIDIA GeForce RTX 5060, 591.86, P5, 33, 13, 726, 8151, 14.24, 145.00, 810, 810, 2, 8
2026-09-07T17:30:51.4119296+07:00,2026/09/07 17:30:51.458, NVIDIA GeForce RTX 5060, 591.86, P5, 33, 14, 722, 8151, 14.70, 145.00, 900, 810, 2, 8
2026-09-07T17:30:56.4810346+07:00,2026/09/07 17:30:56.574, NVIDIA GeForce RTX 5060, 591.86, P0, 33, 17, 748, 8151, 15.38, 145.00, 1725, 14201, 4, 8
2026-09-07T17:31:01.6749236+07:00,2026/09/07 17:31:01.737, NVIDIA GeForce RTX 5060, 591.86, P5, 33, 10, 723, 8151, 16.41, 145.00, 1035, 810, 2, 8
2026-09-07T17:31:06.7589279+07:00,2026/09/07 17:31:06.789, NVIDIA GeForce RTX 5060, 591.86, P5, 33, 12, 706, 8151, 14.42, 145.00, 877, 810, 2, 8
2026-09-07T17:31:11.8120253+07:00,2026/09/07 17:31:11.843, NVIDIA GeForce RTX 5060, 591.86, P5, 33, 12, 706, 8151, 14.57, 145.00, 915, 810, 2, 8
2026-09-07T17:31:16.8628995+07:00,2026/09/07 17:31:16.894, NVIDIA GeForce RTX 5060, 591.86, P5, 33, 12, 706, 8151, 14.29, 145.00, 840, 810, 2, 8
2026-09-07T17:31:21.9169279+07:00,2026/09/07 17:31:21.979, NVIDIA GeForce RTX 5060, 591.86, P3, 33, 6, 752, 8151, 21.87, 145.00, 1245, 7001, 4, 8
2026-09-07T17:31:27.0009850+07:00,2026/09/07 17:31:27.032, NVIDIA GeForce RTX 5060, 591.86, P5, 33, 15, 771, 8151, 14.41, 145.00, 1027, 810, 2, 8
2026-09-07T17:31:32.1033453+07:00,2026/09/07 17:31:32.134, NVIDIA GeForce RTX 5060, 591.86, P5, 33, 16, 867, 8151, 15.30, 145.00, 1057, 810, 2, 8
2026-09-07T17:31:37.1539610+07:00,2026/09/07 17:31:37.184, NVIDIA GeForce RTX 5060, 591.86, P5, 33, 11, 764, 8151, 13.99, 145.00, 907, 810, 2, 8
2026-09-07T17:31:42.2058547+07:00,2026/09/07 17:31:42.236, NVIDIA GeForce RTX 5060, 591.86, P5, 33, 10, 712, 8151, 14.10, 145.00, 855, 810, 2, 8
2026-09-07T17:31:47.2578940+07:00,2026/09/07 17:31:47.288, NVIDIA GeForce RTX 5060, 591.86, P5, 33, 12, 715, 8151, 14.24, 145.00, 885, 810, 2, 8
2026-09-07T17:31:52.3097083+07:00,2026/09/07 17:31:52.356, NVIDIA GeForce RTX 5060, 591.86, P0, 34, 2, 842, 8151, 25.18, 145.00, 2587, 14201, 4, 8
2026-09-07T17:31:57.3796273+07:00,2026/09/07 17:31:57.410, NVIDIA GeForce RTX 5060, 591.86, P5, 33, 13, 727, 8151, 13.97, 145.00, 847, 810, 2, 8
2026-09-07T17:32:02.4815768+07:00,2026/09/07 17:32:02.512, NVIDIA GeForce RTX 5060, 591.86, P5, 33, 11, 716, 8151, 14.41, 145.00, 922, 810, 2, 8
2026-09-07T17:32:07.5334626+07:00,2026/09/07 17:32:07.564, NVIDIA GeForce RTX 5060, 591.86, P5, 33, 10, 731, 8151, 13.40, 145.00, 802, 810, 2, 8
2026-09-07T17:32:12.5842162+07:00,2026/09/07 17:32:12.615, NVIDIA GeForce RTX 5060, 591.86, P5, 33, 9, 731, 8151, 13.17, 145.00, 750, 810, 2, 8
2026-09-07T17:32:17.6370032+07:00,2026/09/07 17:32:17.668, NVIDIA GeForce RTX 5060, 591.86, P5, 33, 7, 731, 8151, 13.17, 145.00, 750, 810, 1, 8
2026-09-07T17:32:22.6839730+07:00,2026/09/07 17:32:22.715, NVIDIA GeForce RTX 5060, 591.86, P5, 33, 16, 796, 8151, 14.95, 145.00, 1050, 810, 2, 8
2026-09-07T17:32:27.7359256+07:00,2026/09/07 17:32:27.767, NVIDIA GeForce RTX 5060, 591.86, P5, 33, 8, 784, 8151, 15.14, 145.00, 922, 810, 2, 8
2026-09-07T17:32:32.8357262+07:00,2026/09/07 17:32:32.866, NVIDIA GeForce RTX 5060, 591.86, P5, 33, 9, 739, 8151, 13.45, 145.00, 847, 810, 2, 8
2026-09-07T17:32:37.8900353+07:00,2026/09/07 17:32:37.921, NVIDIA GeForce RTX 5060, 591.86, P5, 33, 13, 779, 8151, 14.88, 145.00, 1200, 810, 2, 8
2026-09-07T17:32:42.9413417+07:00,2026/09/07 17:32:42.972, NVIDIA GeForce RTX 5060, 591.86, P5, 33, 12, 755, 8151, 14.26, 145.00, 825, 810, 2, 8
2026-09-07T17:32:47.9918204+07:00,2026/09/07 17:32:48.022, NVIDIA GeForce RTX 5060, 591.86, P5, 33, 11, 741, 8151, 14.04, 145.00, 802, 810, 2, 8
2026-09-07T17:32:53.0453036+07:00,2026/09/07 17:32:53.076, NVIDIA GeForce RTX 5060, 591.86, P8, 32, 4, 749, 8151, 11.90, 145.00, 555, 405, 1, 8
2026-09-07T17:32:58.0972282+07:00,2026/09/07 17:32:58.128, NVIDIA GeForce RTX 5060, 591.86, P8, 32, 1, 858, 8151, 11.22, 145.00, 487, 405, 1, 8
2026-09-07T17:33:03.2083124+07:00,2026/09/07 17:33:03.239, NVIDIA GeForce RTX 5060, 591.86, P8, 33, 10, 762, 8151, 12.24, 145.00, 772, 405, 1, 8
2026-09-07T17:33:08.2590261+07:00,2026/09/07 17:33:08.290, NVIDIA GeForce RTX 5060, 591.86, P8, 32, 1, 764, 8151, 11.35, 145.00, 465, 405, 1, 8
2026-09-07T17:33:13.3116330+07:00,2026/09/07 17:33:13.343, NVIDIA GeForce RTX 5060, 591.86, P8, 32, 4, 766, 8151, 12.10, 145.00, 577, 405, 1, 8
2026-09-07T17:33:18.3650796+07:00,2026/09/07 17:33:18.396, NVIDIA GeForce RTX 5060, 591.86, P8, 32, 1, 770, 8151, 10.44, 145.00, 495, 405, 1, 8
2026-09-07T17:33:23.4158923+07:00,2026/09/07 17:33:23.447, NVIDIA GeForce RTX 5060, 591.86, P0, 33, 1, 770, 8151, 23.97, 145.00, 2572, 14201, 4, 8
2026-09-07T17:33:28.4547270+07:00,2026/09/07 17:33:28.485, NVIDIA GeForce RTX 5060, 591.86, P0, 33, 1, 793, 8151, 18.73, 145.00, 2565, 14201, 4, 8
2026-09-07T17:33:33.5533285+07:00,2026/09/07 17:33:33.599, NVIDIA GeForce RTX 5060, 591.86, P5, 33, 3, 793, 8151, 14.37, 145.00, 757, 810, 2, 8
2026-09-07T17:33:38.6067800+07:00,2026/09/07 17:33:38.637, NVIDIA GeForce RTX 5060, 591.86, P5, 33, 1, 793, 8151, 14.12, 145.00, 682, 810, 2, 8
2026-09-07T17:33:43.6595212+07:00,2026/09/07 17:33:43.690, NVIDIA GeForce RTX 5060, 591.86, P5, 33, 11, 844, 8151, 14.54, 145.00, 877, 810, 2, 8
2026-09-07T17:33:48.7015694+07:00,2026/09/07 17:33:48.732, NVIDIA GeForce RTX 5060, 591.86, P0, 34, 1, 790, 8151, 24.24, 145.00, 2565, 14201, 4, 8
2026-09-07T17:33:53.7402214+07:00,2026/09/07 17:33:53.771, NVIDIA GeForce RTX 5060, 591.86, P5, 33, 15, 816, 8151, 15.02, 145.00, 1087, 810, 2, 8
2026-09-07T17:33:58.7931504+07:00,2026/09/07 17:33:58.824, NVIDIA GeForce RTX 5060, 591.86, P8, 32, 2, 847, 8151, 12.31, 145.00, 495, 405, 1, 8
2026-09-07T17:34:03.8788938+07:00,2026/09/07 17:34:03.909, NVIDIA GeForce RTX 5060, 591.86, P5, 32, 1, 839, 8151, 11.69, 145.00, 525, 810, 1, 8
2026-09-07T17:34:08.9306157+07:00,2026/09/07 17:34:08.961, NVIDIA GeForce RTX 5060, 591.86, P8, 32, 1, 837, 8151, 10.30, 145.00, 487, 405, 1, 8
2026-09-07T17:34:13.9834141+07:00,2026/09/07 17:34:14.030, NVIDIA GeForce RTX 5060, 591.86, P8, 33, 16, 846, 8151, 12.69, 145.00, 997, 405, 2, 8
2026-09-07T17:34:19.0399799+07:00,2026/09/07 17:34:19.071, NVIDIA GeForce RTX 5060, 591.86, P8, 33, 8, 846, 8151, 11.89, 145.00, 607, 405, 1, 8
2026-09-07T17:34:24.0919657+07:00,2026/09/07 17:34:24.138, NVIDIA GeForce RTX 5060, 591.86, P8, 32, 1, 842, 8151, 10.42, 145.00, 495, 405, 1, 8
2026-09-07T17:34:29.1614812+07:00,2026/09/07 17:34:29.209, NVIDIA GeForce RTX 5060, 591.86, P8, 32, 1, 841, 8151, 10.39, 145.00, 495, 405, 1, 8
2026-09-07T17:34:34.3227948+07:00,2026/09/07 17:34:34.447, NVIDIA GeForce RTX 5060, 591.86, P8, 32, 1, 846, 8151, 10.30, 145.00, 495, 405, 1, 8
2026-09-07T17:34:39.4685423+07:00,2026/09/07 17:34:39.499, NVIDIA GeForce RTX 5060, 591.86, P8, 32, 1, 824, 8151, 10.38, 145.00, 487, 405, 1, 8
2026-09-07T17:34:44.5065156+07:00,2026/09/07 17:34:44.569, NVIDIA GeForce RTX 5060, 591.86, P8, 32, 1, 857, 8151, 10.33, 145.00, 525, 405, 1, 8
2026-09-07T17:34:49.5860369+07:00,2026/09/07 17:34:49.664, NVIDIA GeForce RTX 5060, 591.86, P8, 32, 8, 827, 8151, 11.26, 145.00, 802, 405, 1, 8
2026-09-07T17:34:54.6851882+07:00,2026/09/07 17:34:54.747, NVIDIA GeForce RTX 5060, 591.86, P8, 32, 1, 827, 8151, 10.17, 145.00, 510, 405, 1, 8
2026-09-07T17:34:59.7654301+07:00,2026/09/07 17:34:59.812, NVIDIA GeForce RTX 5060, 591.86, P8, 32, 11, 842, 8151, 11.05, 145.00, 622, 405, 2, 8
2026-09-07T17:35:04.9133970+07:00,2026/09/07 17:35:04.990, NVIDIA GeForce RTX 5060, 591.86, P8, 32, 3, 854, 8151, 11.76, 145.00, 585, 405, 1, 8
2026-09-07T17:35:10.0408308+07:00,2026/09/07 17:35:10.087, NVIDIA GeForce RTX 5060, 591.86, P8, 32, 3, 849, 8151, 11.36, 145.00, 502, 405, 1, 8
2026-09-07T17:35:15.1051921+07:00,2026/09/07 17:35:15.151, NVIDIA GeForce RTX 5060, 591.86, P8, 32, 7, 840, 8151, 11.51, 145.00, 615, 405, 1, 8
2026-09-07T17:35:20.1889015+07:00,2026/09/07 17:35:20.313, NVIDIA GeForce RTX 5060, 591.86, P8, 32, 2, 846, 8151, 12.09, 145.00, 585, 405, 1, 8
2026-09-07T17:35:25.3352602+07:00,2026/09/07 17:35:25.382, NVIDIA GeForce RTX 5060, 591.86, P8, 32, 2, 841, 8151, 11.06, 145.00, 615, 405, 1, 8
2026-09-07T17:35:30.4026850+07:00,2026/09/07 17:35:30.464, NVIDIA GeForce RTX 5060, 591.86, P8, 32, 2, 841, 8151, 10.98, 145.00, 585, 405, 1, 8
2026-09-07T17:35:35.5496765+07:00,2026/09/07 17:35:35.580, NVIDIA GeForce RTX 5060, 591.86, P8, 32, 2, 841, 8151, 11.33, 145.00, 570, 405, 1, 8
2026-09-07T17:35:40.6013685+07:00,2026/09/07 17:35:40.632, NVIDIA GeForce RTX 5060, 591.86, P8, 32, 2, 840, 8151, 10.90, 145.00, 585, 405, 1, 8
2026-09-07T17:35:45.6403152+07:00,2026/09/07 17:35:45.702, NVIDIA GeForce RTX 5060, 591.86, P0, 33, 4, 1015, 8151, 22.48, 145.00, 2595, 14201, 4, 8
2026-09-07T17:35:50.7398057+07:00,2026/09/07 17:35:50.832, NVIDIA GeForce RTX 5060, 591.86, P8, 32, 3, 847, 8151, 11.37, 145.00, 600, 405, 1, 8
2026-09-07T17:35:55.8717691+07:00,2026/09/07 17:35:55.902, NVIDIA GeForce RTX 5060, 591.86, P8, 32, 4, 828, 8151, 11.24, 145.00, 735, 405, 1, 8
2026-09-07T17:36:00.9247205+07:00,2026/09/07 17:36:00.955, NVIDIA GeForce RTX 5060, 591.86, P8, 32, 2, 849, 8151, 11.04, 145.00, 600, 405, 1, 8
2026-09-07T17:36:06.0254885+07:00,2026/09/07 17:36:06.056, NVIDIA GeForce RTX 5060, 591.86, P5, 32, 4, 965, 8151, 14.10, 145.00, 900, 810, 2, 8
2026-09-07T17:36:11.0761454+07:00,2026/09/07 17:36:11.107, NVIDIA GeForce RTX 5060, 591.86, P5, 33, 11, 870, 8151, 15.78, 145.00, 1132, 810, 2, 8
2026-09-07T17:36:16.1152868+07:00,2026/09/07 17:36:16.146, NVIDIA GeForce RTX 5060, 591.86, P5, 33, 16, 791, 8151, 14.03, 145.00, 937, 810, 2, 8
2026-09-07T17:36:21.1638614+07:00,2026/09/07 17:36:21.194, NVIDIA GeForce RTX 5060, 591.86, P5, 32, 6, 806, 8151, 13.73, 145.00, 750, 810, 2, 8
2026-09-07T17:36:26.2145643+07:00,2026/09/07 17:36:26.245, NVIDIA GeForce RTX 5060, 591.86, P5, 32, 8, 777, 8151, 13.85, 145.00, 937, 810, 2, 8
2026-09-07T17:36:31.2692301+07:00,2026/09/07 17:36:31.299, NVIDIA GeForce RTX 5060, 591.86, P8, 32, 8, 777, 8151, 13.77, 145.00, 780, 405, 2, 8
2026-09-07T17:36:36.3661973+07:00,2026/09/07 17:36:36.397, NVIDIA GeForce RTX 5060, 591.86, P8, 32, 7, 782, 8151, 13.82, 145.00, 802, 405, 2, 8
2026-09-07T17:36:41.4201133+07:00,2026/09/07 17:36:41.451, NVIDIA GeForce RTX 5060, 591.86, P5, 33, 11, 789, 8151, 13.74, 145.00, 885, 810, 1, 8
2026-09-07T17:36:46.4757310+07:00,2026/09/07 17:36:46.506, NVIDIA GeForce RTX 5060, 591.86, P5, 32, 10, 785, 8151, 14.08, 145.00, 907, 810, 2, 8
2026-09-07T17:36:51.5298349+07:00,2026/09/07 17:36:51.560, NVIDIA GeForce RTX 5060, 591.86, P5, 33, 11, 790, 8151, 14.22, 145.00, 937, 810, 2, 8
2026-09-07T17:36:56.5841003+07:00,2026/09/07 17:36:56.615, NVIDIA GeForce RTX 5060, 591.86, P5, 33, 9, 790, 8151, 13.75, 145.00, 862, 810, 2, 8
2026-09-07T17:37:01.6384935+07:00,2026/09/07 17:37:01.669, NVIDIA GeForce RTX 5060, 591.86, P0, 34, 3, 964, 8151, 25.58, 145.00, 2610, 14201, 4, 8
2026-09-07T17:37:06.7514907+07:00,2026/09/07 17:37:06.782, NVIDIA GeForce RTX 5060, 591.86, P5, 33, 15, 808, 8151, 16.88, 145.00, 1147, 810, 2, 8
2026-09-07T17:37:11.7917366+07:00,2026/09/07 17:37:11.822, NVIDIA GeForce RTX 5060, 591.86, P5, 33, 13, 814, 8151, 15.42, 145.00, 967, 810, 2, 8
2026-09-07T17:37:16.8321688+07:00,2026/09/07 17:37:16.863, NVIDIA GeForce RTX 5060, 591.86, P5, 33, 13, 794, 8151, 14.23, 145.00, 847, 810, 2, 8
2026-09-07T17:37:21.8819484+07:00,2026/09/07 17:37:21.912, NVIDIA GeForce RTX 5060, 591.86, P5, 33, 13, 816, 8151, 14.09, 145.00, 877, 810, 2, 8
2026-09-07T17:37:26.9332726+07:00,2026/09/07 17:37:26.964, NVIDIA GeForce RTX 5060, 591.86, P5, 33, 14, 843, 8151, 15.35, 145.00, 1005, 810, 2, 8
2026-09-07T17:37:31.9734747+07:00,2026/09/07 17:37:32.005, NVIDIA GeForce RTX 5060, 591.86, P5, 33, 13, 791, 8151, 14.30, 145.00, 885, 810, 2, 8
2026-09-07T17:37:37.0719879+07:00,2026/09/07 17:37:37.103, NVIDIA GeForce RTX 5060, 591.86, P5, 33, 12, 791, 8151, 14.23, 145.00, 862, 810, 2, 8
2026-09-07T17:37:42.1224792+07:00,2026/09/07 17:37:42.154, NVIDIA GeForce RTX 5060, 591.86, P5, 33, 11, 790, 8151, 14.61, 145.00, 900, 810, 2, 8
2026-09-07T17:37:47.1628687+07:00,2026/09/07 17:37:47.194, NVIDIA GeForce RTX 5060, 591.86, P5, 33, 4, 801, 8151, 16.40, 145.00, 915, 810, 2, 8
2026-09-07T17:37:52.2016167+07:00,2026/09/07 17:37:52.232, NVIDIA GeForce RTX 5060, 591.86, P5, 33, 9, 787, 8151, 14.28, 145.00, 877, 810, 2, 8
2026-09-07T17:37:57.2392212+07:00,2026/09/07 17:37:57.270, NVIDIA GeForce RTX 5060, 591.86, P5, 33, 10, 828, 8151, 14.82, 145.00, 952, 810, 2, 8
2026-09-07T17:38:02.2923678+07:00,2026/09/07 17:38:02.323, NVIDIA GeForce RTX 5060, 591.86, P5, 33, 10, 807, 8151, 13.91, 145.00, 885, 810, 2, 8
2026-09-07T17:38:07.4006177+07:00,2026/09/07 17:38:07.431, NVIDIA GeForce RTX 5060, 591.86, P5, 33, 10, 806, 8151, 13.62, 145.00, 870, 810, 2, 8
2026-09-07T17:38:12.4382511+07:00,2026/09/07 17:38:12.469, NVIDIA GeForce RTX 5060, 591.86, P5, 33, 10, 814, 8151, 13.57, 145.00, 817, 810, 2, 8
2026-09-07T17:38:17.4881540+07:00,2026/09/07 17:38:17.519, NVIDIA GeForce RTX 5060, 591.86, P8, 33, 9, 800, 8151, 13.35, 145.00, 772, 405, 2, 8
2026-09-07T17:38:22.5402649+07:00,2026/09/07 17:38:22.571, NVIDIA GeForce RTX 5060, 591.86, P5, 33, 2, 835, 8151, 14.24, 145.00, 967, 810, 2, 8
2026-09-07T17:38:27.5906609+07:00,2026/09/07 17:38:27.622, NVIDIA GeForce RTX 5060, 591.86, P8, 32, 2, 888, 8151, 10.89, 145.00, 622, 405, 1, 8
2026-09-07T17:38:32.6429659+07:00,2026/09/07 17:38:32.673, NVIDIA GeForce RTX 5060, 591.86, P5, 32, 5, 874, 8151, 10.84, 145.00, 727, 810, 2, 8
2026-09-07T17:38:37.7402922+07:00,2026/09/07 17:38:37.771, NVIDIA GeForce RTX 5060, 591.86, P8, 32, 4, 903, 8151, 11.23, 145.00, 525, 405, 1, 8
2026-09-07T17:38:42.7921118+07:00,2026/09/07 17:38:42.823, NVIDIA GeForce RTX 5060, 591.86, P8, 32, 2, 850, 8151, 10.55, 145.00, 525, 405, 1, 8
2026-09-07T17:38:47.8455269+07:00,2026/09/07 17:38:47.876, NVIDIA GeForce RTX 5060, 591.86, P3, 33, 2, 924, 8151, 22.58, 145.00, 1095, 7001, 4, 8
2026-09-07T17:38:52.8961768+07:00,2026/09/07 17:38:52.927, NVIDIA GeForce RTX 5060, 591.86, P5, 32, 1, 859, 8151, 11.89, 145.00, 540, 810, 1, 8
2026-09-07T17:38:57.9481898+07:00,2026/09/07 17:38:57.979, NVIDIA GeForce RTX 5060, 591.86, P8, 32, 2, 832, 8151, 11.46, 145.00, 472, 405, 1, 8
2026-09-07T17:39:02.9956589+07:00,2026/09/07 17:39:03.026, NVIDIA GeForce RTX 5060, 591.86, P8, 32, 1, 831, 8151, 10.29, 145.00, 532, 405, 1, 8
2026-09-07T17:39:08.0932541+07:00,2026/09/07 17:39:08.124, NVIDIA GeForce RTX 5060, 591.86, P8, 32, 1, 824, 8151, 11.30, 145.00, 510, 405, 1, 8
2026-09-07T17:39:13.1454243+07:00,2026/09/07 17:39:13.176, NVIDIA GeForce RTX 5060, 591.86, P0, 34, 1, 836, 8151, 23.74, 145.00, 2565, 14201, 4, 8
2026-09-07T17:39:18.1840594+07:00,2026/09/07 17:39:18.215, NVIDIA GeForce RTX 5060, 591.86, P8, 32, 5, 831, 8151, 11.47, 145.00, 540, 405, 1, 8
2026-09-07T17:39:23.2348470+07:00,2026/09/07 17:39:23.265, NVIDIA GeForce RTX 5060, 591.86, P8, 32, 1, 823, 8151, 10.12, 145.00, 495, 405, 1, 8
2026-09-07T17:39:28.2864694+07:00,2026/09/07 17:39:28.317, NVIDIA GeForce RTX 5060, 591.86, P8, 32, 6, 827, 8151, 10.84, 145.00, 637, 405, 1, 8
2026-09-07T17:39:33.3373796+07:00,2026/09/07 17:39:33.368, NVIDIA GeForce RTX 5060, 591.86, P8, 32, 1, 823, 8151, 10.36, 145.00, 585, 405, 1, 8
2026-09-07T17:39:38.4326392+07:00,2026/09/07 17:39:38.464, NVIDIA GeForce RTX 5060, 591.86, P8, 32, 1, 827, 8151, 10.61, 145.00, 547, 405, 1, 8
2026-09-07T17:39:43.4837721+07:00,2026/09/07 17:39:43.514, NVIDIA GeForce RTX 5060, 591.86, P8, 32, 2, 830, 8151, 12.03, 145.00, 562, 405, 1, 8
2026-09-07T17:39:48.5304594+07:00,2026/09/07 17:39:48.561, NVIDIA GeForce RTX 5060, 591.86, P8, 32, 5, 826, 8151, 10.51, 145.00, 570, 405, 1, 8
2026-09-07T17:39:53.5797591+07:00,2026/09/07 17:39:53.610, NVIDIA GeForce RTX 5060, 591.86, P8, 32, 7, 826, 8151, 11.21, 145.00, 495, 405, 1, 8
2026-09-07T17:39:58.6312051+07:00,2026/09/07 17:39:58.662, NVIDIA GeForce RTX 5060, 591.86, P8, 32, 4, 826, 8151, 10.79, 145.00, 562, 405, 1, 8
2026-09-07T17:40:03.6693568+07:00,2026/09/07 17:40:03.700, NVIDIA GeForce RTX 5060, 591.86, P8, 32, 1, 837, 8151, 10.14, 145.00, 502, 405, 1, 8
2026-09-07T17:40:08.7678650+07:00,2026/09/07 17:40:08.798, NVIDIA GeForce RTX 5060, 591.86, P5, 32, 1, 837, 8151, 13.82, 145.00, 682, 810, 2, 8
2026-09-07T17:40:13.8187442+07:00,2026/09/07 17:40:13.849, NVIDIA GeForce RTX 5060, 591.86, P5, 33, 2, 833, 8151, 20.07, 145.00, 847, 810, 2, 8
2026-09-07T17:40:18.8573527+07:00,2026/09/07 17:40:18.888, NVIDIA GeForce RTX 5060, 591.86, P0, 34, 1, 842, 8151, 24.03, 145.00, 2565, 14201, 4, 8
2026-09-07T17:40:23.9079929+07:00,2026/09/07 17:40:23.939, NVIDIA GeForce RTX 5060, 591.86, P8, 32, 1, 833, 8151, 10.85, 145.00, 577, 405, 1, 8
2026-09-07T17:40:28.9581525+07:00,2026/09/07 17:40:28.989, NVIDIA GeForce RTX 5060, 591.86, P8, 32, 5, 826, 8151, 10.67, 145.00, 577, 405, 1, 8
2026-09-07T17:40:34.0053329+07:00,2026/09/07 17:40:34.036, NVIDIA GeForce RTX 5060, 591.86, P5, 32, 3, 838, 8151, 13.37, 145.00, 652, 810, 1, 8
2026-09-07T17:40:39.1029519+07:00,2026/09/07 17:40:39.134, NVIDIA GeForce RTX 5060, 591.86, P8, 32, 1, 839, 8151, 10.63, 145.00, 540, 405, 1, 8
2026-09-07T17:40:44.1406524+07:00,2026/09/07 17:40:44.171, NVIDIA GeForce RTX 5060, 591.86, P0, 33, 1, 839, 8151, 23.97, 145.00, 2565, 14201, 4, 8
2026-09-07T17:40:49.1910790+07:00,2026/09/07 17:40:49.222, NVIDIA GeForce RTX 5060, 591.86, P0, 33, 2, 834, 8151, 18.05, 145.00, 2580, 14201, 4, 8
2026-09-07T17:40:54.2408255+07:00,2026/09/07 17:40:54.287, NVIDIA GeForce RTX 5060, 591.86, P5, 33, 2, 840, 8151, 13.22, 145.00, 615, 810, 2, 8
2026-09-07T17:40:59.3099506+07:00,2026/09/07 17:40:59.340, NVIDIA GeForce RTX 5060, 591.86, P0, 34, 3, 886, 8151, 24.67, 145.00, 2602, 14201, 4, 8
2026-09-07T17:41:04.3610118+07:00,2026/09/07 17:41:04.392, NVIDIA GeForce RTX 5060, 591.86, P5, 33, 12, 868, 8151, 16.92, 145.00, 1102, 810, 2, 8
2026-09-07T17:41:09.4577346+07:00,2026/09/07 17:41:09.488, NVIDIA GeForce RTX 5060, 591.86, P5, 33, 13, 854, 8151, 13.76, 145.00, 840, 810, 2, 8
2026-09-07T17:41:14.5094245+07:00,2026/09/07 17:41:14.540, NVIDIA GeForce RTX 5060, 591.86, P5, 33, 12, 829, 8151, 13.76, 145.00, 825, 810, 2, 8
2026-09-07T17:41:19.5478773+07:00,2026/09/07 17:41:19.578, NVIDIA GeForce RTX 5060, 591.86, P5, 33, 11, 829, 8151, 13.87, 145.00, 810, 810, 2, 8
2026-09-07T17:41:24.5866124+07:00,2026/09/07 17:41:24.617, NVIDIA GeForce RTX 5060, 591.86, P5, 33, 10, 829, 8151, 13.73, 145.00, 840, 810, 2, 8
2026-09-07T17:41:29.6374918+07:00,2026/09/07 17:41:29.668, NVIDIA GeForce RTX 5060, 591.86, P5, 33, 11, 823, 8151, 13.77, 145.00, 810, 810, 2, 8
2026-09-07T17:41:34.6901827+07:00,2026/09/07 17:41:34.721, NVIDIA GeForce RTX 5060, 591.86, P5, 33, 10, 833, 8151, 13.47, 145.00, 855, 810, 2, 8
2026-09-07T17:41:39.7881529+07:00,2026/09/07 17:41:39.819, NVIDIA GeForce RTX 5060, 591.86, P5, 33, 10, 828, 8151, 14.09, 145.00, 990, 810, 2, 8
2026-09-07T17:41:44.8264215+07:00,2026/09/07 17:41:44.857, NVIDIA GeForce RTX 5060, 591.86, P5, 33, 10, 828, 8151, 13.68, 145.00, 817, 810, 2, 8
2026-09-07T17:41:49.8679871+07:00,2026/09/07 17:41:49.899, NVIDIA GeForce RTX 5060, 591.86, P0, 34, 2, 879, 8151, 23.03, 145.00, 1830, 14201, 4, 8
2026-09-07T17:41:54.9204637+07:00,2026/09/07 17:41:54.951, NVIDIA GeForce RTX 5060, 591.86, P5, 33, 10, 861, 8151, 15.61, 145.00, 945, 810, 2, 8
2026-09-07T17:41:59.9594335+07:00,2026/09/07 17:42:00.021, NVIDIA GeForce RTX 5060, 591.86, P5, 33, 10, 893, 8151, 13.41, 145.00, 1095, 810, 2, 8
2026-09-07T17:42:05.0590757+07:00,2026/09/07 17:42:05.090, NVIDIA GeForce RTX 5060, 591.86, P0, 34, 6, 1099, 8151, 18.23, 145.00, 2317, 14201, 4, 8
2026-09-07T17:42:10.1584632+07:00,2026/09/07 17:42:10.189, NVIDIA GeForce RTX 5060, 591.86, P5, 33, 11, 903, 8151, 13.36, 145.00, 652, 810, 2, 8
2026-09-07T17:42:15.2093691+07:00,2026/09/07 17:42:15.240, NVIDIA GeForce RTX 5060, 591.86, P5, 33, 2, 901, 8151, 13.81, 145.00, 757, 810, 2, 8
2026-09-07T17:42:20.2620227+07:00,2026/09/07 17:42:20.293, NVIDIA GeForce RTX 5060, 591.86, P5, 33, 11, 781, 8151, 13.86, 145.00, 840, 810, 2, 8
2026-09-07T17:42:25.3138867+07:00,2026/09/07 17:42:25.344, NVIDIA GeForce RTX 5060, 591.86, P5, 33, 11, 729, 8151, 13.67, 145.00, 802, 810, 2, 8
2026-09-07T17:42:30.3636497+07:00,2026/09/07 17:42:30.394, NVIDIA GeForce RTX 5060, 591.86, P5, 33, 11, 727, 8151, 14.06, 145.00, 885, 810, 2, 8
2026-09-07T17:42:35.4154282+07:00,2026/09/07 17:42:35.446, NVIDIA GeForce RTX 5060, 591.86, P3, 33, 3, 727, 8151, 16.77, 145.00, 960, 7001, 4, 8
2026-09-07T17:42:40.5152516+07:00,2026/09/07 17:42:40.546, NVIDIA GeForce RTX 5060, 591.86, P5, 33, 11, 780, 8151, 14.25, 145.00, 922, 810, 2, 8
2026-09-07T17:42:45.5652532+07:00,2026/09/07 17:42:45.596, NVIDIA GeForce RTX 5060, 591.86, P5, 33, 11, 732, 8151, 14.15, 145.00, 990, 810, 2, 8
2026-09-07T17:42:50.6151334+07:00,2026/09/07 17:42:50.646, NVIDIA GeForce RTX 5060, 591.86, P5, 33, 10, 736, 8151, 13.94, 145.00, 832, 810, 2, 8
2026-09-07T17:42:55.6647918+07:00,2026/09/07 17:42:55.695, NVIDIA GeForce RTX 5060, 591.86, P8, 33, 10, 736, 8151, 13.72, 145.00, 780, 405, 1, 8
2026-09-07T17:43:00.7142271+07:00,2026/09/07 17:43:00.745, NVIDIA GeForce RTX 5060, 591.86, P5, 33, 9, 736, 8151, 14.32, 145.00, 825, 810, 2, 8
2026-09-07T17:43:05.7671398+07:00,2026/09/07 17:43:05.799, NVIDIA GeForce RTX 5060, 591.86, P5, 33, 11, 739, 8151, 14.34, 145.00, 990, 810, 2, 8
2026-09-07T17:43:10.8810459+07:00,2026/09/07 17:43:10.912, NVIDIA GeForce RTX 5060, 591.86, P8, 33, 3, 824, 8151, 11.17, 145.00, 570, 405, 1, 8
2026-09-07T17:43:15.9335636+07:00,2026/09/07 17:43:15.964, NVIDIA GeForce RTX 5060, 591.86, P3, 33, 2, 777, 8151, 20.45, 145.00, 877, 7001, 4, 8
2026-09-07T17:43:20.9851867+07:00,2026/09/07 17:43:21.016, NVIDIA GeForce RTX 5060, 591.86, P5, 33, 1, 826, 8151, 12.18, 145.00, 960, 810, 2, 8
2026-09-07T17:43:26.0362445+07:00,2026/09/07 17:43:26.067, NVIDIA GeForce RTX 5060, 591.86, P5, 33, 1, 839, 8151, 12.87, 145.00, 915, 810, 2, 8
2026-09-07T17:43:31.0860451+07:00,2026/09/07 17:43:31.117, NVIDIA GeForce RTX 5060, 591.86, P5, 33, 14, 793, 8151, 12.26, 145.00, 652, 810, 2, 8
2026-09-07T17:43:36.1360943+07:00,2026/09/07 17:43:36.167, NVIDIA GeForce RTX 5060, 591.86, P8, 32, 1, 788, 8151, 10.94, 145.00, 472, 405, 1, 8
2026-09-07T17:43:41.2465772+07:00,2026/09/07 17:43:41.277, NVIDIA GeForce RTX 5060, 591.86, P8, 33, 5, 775, 8151, 11.31, 145.00, 472, 405, 1, 8
2026-09-07T17:43:46.2975203+07:00,2026/09/07 17:43:46.328, NVIDIA GeForce RTX 5060, 591.86, P0, 33, 4, 779, 8151, 14.45, 145.00, 825, 14201, 4, 8
2026-09-07T17:43:51.3475739+07:00,2026/09/07 17:43:51.378, NVIDIA GeForce RTX 5060, 591.86, P5, 33, 1, 774, 8151, 13.19, 145.00, 630, 810, 2, 8
2026-09-07T17:43:56.3981451+07:00,2026/09/07 17:43:56.429, NVIDIA GeForce RTX 5060, 591.86, P0, 34, 1, 779, 8151, 23.94, 145.00, 2557, 14201, 4, 8
2026-09-07T17:44:01.4480729+07:00,2026/09/07 17:44:01.479, NVIDIA GeForce RTX 5060, 591.86, P0, 34, 1, 777, 8151, 19.06, 145.00, 2587, 14201, 4, 8
2026-09-07T17:44:06.4994999+07:00,2026/09/07 17:44:06.531, NVIDIA GeForce RTX 5060, 591.86, P5, 33, 1, 775, 8151, 14.18, 145.00, 667, 810, 2, 8
2026-09-07T17:44:11.5965773+07:00,2026/09/07 17:44:11.627, NVIDIA GeForce RTX 5060, 591.86, P8, 33, 1, 764, 8151, 11.34, 145.00, 600, 405, 1, 8
2026-09-07T17:44:16.6460851+07:00,2026/09/07 17:44:16.677, NVIDIA GeForce RTX 5060, 591.86, P8, 33, 6, 762, 8151, 11.56, 145.00, 705, 405, 1, 8
2026-09-07T17:44:21.6990184+07:00,2026/09/07 17:44:21.730, NVIDIA GeForce RTX 5060, 591.86, P8, 32, 1, 759, 8151, 10.36, 145.00, 585, 405, 1, 8
2026-09-07T17:44:26.7497159+07:00,2026/09/07 17:44:26.811, NVIDIA GeForce RTX 5060, 591.86, P8, 32, 1, 759, 8151, 11.01, 145.00, 555, 405, 1, 8
2026-09-07T17:44:31.8296687+07:00,2026/09/07 17:44:31.860, NVIDIA GeForce RTX 5060, 591.86, P8, 32, 3, 759, 8151, 9.26, 145.00, 360, 405, 1, 8
2026-09-07T17:44:36.8756193+07:00,2026/09/07 17:44:36.906, NVIDIA GeForce RTX 5060, 591.86, P8, 32, 0, 759, 8151, 8.90, 145.00, 255, 405, 1, 8
2026-09-07T17:44:41.9596019+07:00,2026/09/07 17:44:41.990, NVIDIA GeForce RTX 5060, 591.86, P1, 32, 0, 759, 8151, 12.52, 145.00, 225, 14001, 4, 8
2026-09-07T17:44:47.0100805+07:00,2026/09/07 17:44:47.041, NVIDIA GeForce RTX 5060, 591.86, P8, 32, 5, 759, 8151, 9.22, 145.00, 210, 405, 1, 8
2026-09-07T17:44:52.0499074+07:00,2026/09/07 17:44:52.080, NVIDIA GeForce RTX 5060, 591.86, P8, 32, 0, 759, 8151, 9.40, 145.00, 330, 405, 1, 8
2026-09-07T17:44:57.0916452+07:00,2026/09/07 17:44:57.122, NVIDIA GeForce RTX 5060, 591.86, P8, 32, 3, 759, 8151, 9.46, 145.00, 210, 405, 1, 8
2026-09-07T17:45:02.1302934+07:00,2026/09/07 17:45:02.161, NVIDIA GeForce RTX 5060, 591.86, P8, 32, 3, 759, 8151, 9.15, 145.00, 322, 405, 1, 8
2026-09-07T17:45:07.1710560+07:00,2026/09/07 17:45:07.202, NVIDIA GeForce RTX 5060, 591.86, P8, 32, 0, 759, 8151, 9.54, 145.00, 352, 405, 1, 8
2026-09-07T17:45:12.2806009+07:00,2026/09/07 17:45:12.312, NVIDIA GeForce RTX 5060, 591.86, P8, 32, 2, 759, 8151, 9.56, 145.00, 285, 405, 1, 8
2026-09-07T17:45:17.3237728+07:00,2026/09/07 17:45:17.354, NVIDIA GeForce RTX 5060, 591.86, P8, 32, 1, 767, 8151, 9.97, 145.00, 442, 405, 1, 8
2026-09-07T17:45:22.3691199+07:00,2026/09/07 17:45:22.400, NVIDIA GeForce RTX 5060, 591.86, P8, 32, 1, 762, 8151, 10.00, 145.00, 457, 405, 1, 8
2026-09-07T17:45:27.4086508+07:00,2026/09/07 17:45:27.486, NVIDIA GeForce RTX 5060, 591.86, P8, 32, 2, 762, 8151, 10.05, 145.00, 495, 405, 1, 8
2026-09-07T17:45:32.5143948+07:00,2026/09/07 17:45:32.669, NVIDIA GeForce RTX 5060, 591.86, P8, 32, 2, 762, 8151, 10.30, 145.00, 472, 405, 1, 8
2026-09-07T17:45:37.7697356+07:00,2026/09/07 17:45:37.847, NVIDIA GeForce RTX 5060, 591.86, P8, 32, 4, 761, 8151, 10.03, 145.00, 442, 405, 1, 8
2026-09-07T17:45:42.9319117+07:00,2026/09/07 17:45:43.367, NVIDIA GeForce RTX 5060, 591.86, P0, 33, 0, 774, 8151, 23.47, 145.00, 2557, 14201, 4, 8
2026-09-07T17:45:48.4204448+07:00,2026/09/07 17:45:48.451, NVIDIA GeForce RTX 5060, 591.86, P8, 32, 1, 798, 8151, 9.85, 145.00, 405, 405, 1, 8
2026-09-07T17:45:53.4585461+07:00,2026/09/07 17:45:53.490, NVIDIA GeForce RTX 5060, 591.86, P5, 32, 10, 821, 8151, 13.70, 145.00, 1207, 810, 2, 8
2026-09-07T17:45:58.4972729+07:00,2026/09/07 17:45:58.527, NVIDIA GeForce RTX 5060, 591.86, P8, 32, 3, 789, 8151, 10.99, 145.00, 517, 405, 1, 8
2026-09-07T17:46:03.5503819+07:00,2026/09/07 17:46:03.581, NVIDIA GeForce RTX 5060, 591.86, P8, 32, 12, 785, 8151, 12.91, 145.00, 697, 405, 2, 8
2026-09-07T17:46:08.5894542+07:00,2026/09/07 17:46:08.620, NVIDIA GeForce RTX 5060, 591.86, P5, 32, 9, 762, 8151, 13.30, 145.00, 802, 810, 2, 8
2026-09-07T17:46:13.6900887+07:00,2026/09/07 17:46:13.721, NVIDIA GeForce RTX 5060, 591.86, P8, 32, 13, 753, 8151, 13.11, 145.00, 780, 405, 1, 8
2026-09-07T17:46:18.7297289+07:00,2026/09/07 17:46:18.760, NVIDIA GeForce RTX 5060, 591.86, P8, 32, 12, 767, 8151, 13.11, 145.00, 705, 405, 1, 8
2026-09-07T17:46:23.7696906+07:00,2026/09/07 17:46:23.800, NVIDIA GeForce RTX 5060, 591.86, P5, 32, 7, 768, 8151, 13.41, 145.00, 750, 810, 2, 8
2026-09-07T17:46:28.8224271+07:00,2026/09/07 17:46:28.962, NVIDIA GeForce RTX 5060, 591.86, P8, 32, 11, 762, 8151, 12.90, 145.00, 690, 405, 2, 8
2026-09-07T17:46:33.9878843+07:00,2026/09/07 17:46:34.081, NVIDIA GeForce RTX 5060, 591.86, P0, 33, 4, 946, 8151, 20.48, 145.00, 2602, 14201, 4, 8
2026-09-07T17:46:39.1353692+07:00,2026/09/07 17:46:39.306, NVIDIA GeForce RTX 5060, 591.86, P8, 32, 2, 787, 8151, 10.49, 145.00, 405, 405, 1, 8
2026-09-07T17:46:44.3909747+07:00,2026/09/07 17:46:44.422, NVIDIA GeForce RTX 5060, 591.86, P8, 32, 1, 757, 8151, 9.62, 145.00, 337, 405, 1, 8
2026-09-07T17:46:49.4428125+07:00,2026/09/07 17:46:49.473, NVIDIA GeForce RTX 5060, 591.86, P8, 32, 9, 931, 8151, 12.89, 145.00, 720, 405, 1, 8
2026-09-07T17:46:54.4967695+07:00,2026/09/07 17:46:54.527, NVIDIA GeForce RTX 5060, 591.86, P5, 32, 7, 941, 8151, 12.96, 145.00, 682, 810, 2, 8
2026-09-07T17:46:59.5494256+07:00,2026/09/07 17:46:59.580, NVIDIA GeForce RTX 5060, 591.86, P8, 32, 12, 892, 8151, 12.62, 145.00, 652, 405, 2, 8
2026-09-07T17:47:04.5888895+07:00,2026/09/07 17:47:04.651, NVIDIA GeForce RTX 5060, 591.86, P8, 32, 16, 891, 8151, 13.07, 145.00, 780, 405, 2, 8
2026-09-07T17:47:09.6587401+07:00,2026/09/07 17:47:09.845, NVIDIA GeForce RTX 5060, 591.86, P5, 32, 6, 898, 8151, 13.19, 145.00, 780, 810, 2, 8
2026-09-07T17:47:14.9455276+07:00,2026/09/07 17:47:15.116, NVIDIA GeForce RTX 5060, 591.86, P5, 32, 12, 895, 8151, 12.78, 145.00, 727, 810, 2, 8
2026-09-07T17:47:20.1397116+07:00,2026/09/07 17:47:20.357, NVIDIA GeForce RTX 5060, 591.86, P8, 32, 0, 883, 8151, 10.29, 145.00, 210, 405, 1, 8
2026-09-07T17:47:25.3825060+07:00,2026/09/07 17:47:25.569, NVIDIA GeForce RTX 5060, 591.86, P8, 32, 0, 847, 8151, 9.14, 145.00, 247, 405, 1, 8
2026-09-07T17:47:30.7155159+07:00,2026/09/07 17:47:30.870, NVIDIA GeForce RTX 5060, 591.86, P8, 32, 0, 841, 8151, 8.32, 145.00, 210, 405, 1, 8
2026-09-07T17:47:35.9219757+07:00,2026/09/07 17:47:36.061, NVIDIA GeForce RTX 5060, 591.86, P5, 32, 0, 830, 8151, 10.70, 145.00, 210, 810, 2, 8
2026-09-07T17:47:41.1143773+07:00,2026/09/07 17:47:41.269, NVIDIA GeForce RTX 5060, 591.86, P8, 32, 0, 836, 8151, 9.79, 145.00, 210, 405, 1, 8
2026-09-07T17:47:46.3538698+07:00,2026/09/07 17:47:46.478, NVIDIA GeForce RTX 5060, 591.86, P8, 32, 3, 876, 8151, 10.61, 145.00, 292, 405, 1, 8
2026-09-07T17:47:51.5637673+07:00,2026/09/07 17:47:51.734, NVIDIA GeForce RTX 5060, 591.86, P1, 32, 1, 844, 8151, 16.58, 145.00, 450, 14001, 4, 8
2026-09-07T17:47:56.7564851+07:00,2026/09/07 17:47:57.535, NVIDIA GeForce RTX 5060, 591.86, P8, 32, 1, 862, 8151, 11.78, 145.00, 487, 405, 1, 8
2026-09-07T17:48:02.5885419+07:00,2026/09/07 17:48:02.759, NVIDIA GeForce RTX 5060, 591.86, P8, 32, 0, 887, 8151, 8.20, 145.00, 210, 405, 1, 8
2026-09-07T17:48:07.7948370+07:00,2026/09/07 17:48:07.997, NVIDIA GeForce RTX 5060, 591.86, P8, 31, 0, 887, 8151, 7.96, 145.00, 210, 405, 1, 8
2026-09-07T17:48:13.0479502+07:00,2026/09/07 17:48:13.250, NVIDIA GeForce RTX 5060, 591.86, P8, 32, 6, 876, 8151, 8.95, 145.00, 465, 405, 1, 8
2026-09-07T17:48:18.3810728+07:00,2026/09/07 17:48:18.521, NVIDIA GeForce RTX 5060, 591.86, P5, 32, 7, 870, 8151, 13.45, 145.00, 945, 810, 2, 8
2026-09-07T17:48:23.5586364+07:00,2026/09/07 17:48:23.776, NVIDIA GeForce RTX 5060, 591.86, P5, 32, 7, 810, 8151, 12.73, 145.00, 667, 810, 2, 8
2026-09-07T17:48:28.7971095+07:00,2026/09/07 17:48:29.061, NVIDIA GeForce RTX 5060, 591.86, P8, 32, 14, 808, 8151, 13.73, 145.00, 772, 405, 1, 8
2026-09-07T17:48:34.1587463+07:00,2026/09/07 17:48:34.377, NVIDIA GeForce RTX 5060, 591.86, P8, 32, 12, 808, 8151, 13.03, 145.00, 742, 405, 1, 8
2026-09-07T17:48:39.4298098+07:00,2026/09/07 17:48:39.632, NVIDIA GeForce RTX 5060, 591.86, P5, 32, 8, 816, 8151, 12.48, 145.00, 697, 810, 1, 8
2026-09-07T17:48:44.6509127+07:00,2026/09/07 17:48:44.883, NVIDIA GeForce RTX 5060, 591.86, P8, 32, 12, 811, 8151, 13.17, 145.00, 720, 405, 2, 8
2026-09-07T17:48:49.9848676+07:00,2026/09/07 17:48:50.171, NVIDIA GeForce RTX 5060, 591.86, P8, 32, 12, 811, 8151, 12.78, 145.00, 750, 810, 1, 8
2026-09-07T17:48:55.2401685+07:00,2026/09/07 17:48:55.784, NVIDIA GeForce RTX 5060, 591.86, P5, 32, 9, 846, 8151, 13.43, 145.00, 997, 810, 2, 8
2026-09-07T17:49:00.8676864+07:00,2026/09/07 17:49:01.006, NVIDIA GeForce RTX 5060, 591.86, P8, 32, 7, 807, 8151, 11.39, 145.00, 495, 405, 1, 8
2026-09-07T17:49:06.0298169+07:00,2026/09/07 17:49:06.279, NVIDIA GeForce RTX 5060, 591.86, P8, 32, 4, 791, 8151, 11.45, 145.00, 577, 405, 1, 8
2026-09-07T17:49:11.3309081+07:00,2026/09/07 17:49:11.470, NVIDIA GeForce RTX 5060, 591.86, P8, 32, 7, 791, 8151, 11.07, 145.00, 562, 405, 1, 8
2026-09-07T17:49:16.4918428+07:00,2026/09/07 17:49:16.663, NVIDIA GeForce RTX 5060, 591.86, P8, 32, 7, 791, 8151, 11.15, 145.00, 540, 405, 1, 8
2026-09-07T17:49:21.8264982+07:00,2026/09/07 17:49:21.966, NVIDIA GeForce RTX 5060, 591.86, P8, 32, 5, 797, 8151, 11.30, 145.00, 532, 405, 1, 8
2026-09-07T17:49:27.0165179+07:00,2026/09/07 17:49:27.125, NVIDIA GeForce RTX 5060, 591.86, P8, 32, 4, 794, 8151, 11.08, 145.00, 525, 405, 1, 8
2026-09-07T17:49:32.1603940+07:00,2026/09/07 17:49:32.238, NVIDIA GeForce RTX 5060, 591.86, P8, 32, 4, 793, 8151, 11.18, 145.00, 570, 405, 1, 8
2026-09-07T17:49:37.3038996+07:00,2026/09/07 17:49:37.396, NVIDIA GeForce RTX 5060, 591.86, P8, 32, 6, 793, 8151, 10.90, 145.00, 495, 405, 1, 8
2026-09-07T17:49:42.4798693+07:00,2026/09/07 17:49:42.588, NVIDIA GeForce RTX 5060, 591.86, P8, 32, 9, 793, 8151, 11.25, 145.00, 540, 405, 1, 8
2026-09-07T17:49:47.6395754+07:00,2026/09/07 17:49:47.686, NVIDIA GeForce RTX 5060, 591.86, P8, 32, 12, 804, 8151, 11.92, 145.00, 622, 405, 1, 8
2026-09-07T17:49:52.7802718+07:00,2026/09/07 17:49:52.827, NVIDIA GeForce RTX 5060, 591.86, P8, 32, 5, 777, 8151, 11.15, 145.00, 517, 405, 1, 8
2026-09-07T17:49:57.8434368+07:00,2026/09/07 17:49:57.937, NVIDIA GeForce RTX 5060, 591.86, P8, 32, 6, 777, 8151, 11.26, 145.00, 457, 405, 1, 8
2026-09-07T17:50:02.9732821+07:00,2026/09/07 17:50:03.081, NVIDIA GeForce RTX 5060, 591.86, P8, 32, 7, 788, 8151, 11.41, 145.00, 547, 405, 1, 8
2026-09-07T17:50:08.1028312+07:00,2026/09/07 17:50:08.165, NVIDIA GeForce RTX 5060, 591.86, P8, 32, 1, 855, 8151, 11.61, 145.00, 457, 405, 1, 8
2026-09-07T17:50:13.1868375+07:00,2026/09/07 17:50:13.264, NVIDIA GeForce RTX 5060, 591.86, P8, 32, 0, 863, 8151, 8.81, 145.00, 210, 405, 1, 8
2026-09-07T17:50:18.2771498+07:00,2026/09/07 17:50:18.370, NVIDIA GeForce RTX 5060, 591.86, P8, 32, 0, 862, 8151, 8.64, 145.00, 217, 405, 1, 8
2026-09-07T17:50:23.4379586+07:00,2026/09/07 17:50:23.484, NVIDIA GeForce RTX 5060, 591.86, P8, 32, 0, 857, 8151, 8.53, 145.00, 210, 405, 1, 8
2026-09-07T17:50:28.5064239+07:00,2026/09/07 17:50:28.568, NVIDIA GeForce RTX 5060, 591.86, P8, 31, 0, 843, 8151, 8.23, 145.00, 210, 405, 1, 8
2026-09-07T17:50:33.5897174+07:00,2026/09/07 17:50:33.636, NVIDIA GeForce RTX 5060, 591.86, P1, 32, 0, 843, 8151, 11.87, 145.00, 210, 14001, 4, 8
2026-09-07T17:50:38.6426597+07:00,2026/09/07 17:50:38.906, NVIDIA GeForce RTX 5060, 591.86, P8, 31, 0, 844, 8151, 8.58, 145.00, 210, 405, 1, 8
2026-09-07T17:50:43.9736844+07:00,2026/09/07 17:50:44.066, NVIDIA GeForce RTX 5060, 591.86, P8, 31, 0, 841, 8151, 8.55, 145.00, 210, 405, 1, 8
2026-09-07T17:50:49.1187444+07:00,2026/09/07 17:50:49.320, NVIDIA GeForce RTX 5060, 591.86, P8, 31, 0, 848, 8151, 8.61, 145.00, 210, 405, 1, 8
2026-09-07T17:50:54.4188801+07:00,2026/09/07 17:50:54.558, NVIDIA GeForce RTX 5060, 591.86, P8, 31, 0, 850, 8151, 8.58, 145.00, 210, 405, 1, 8
2026-09-07T17:50:59.5790615+07:00,2026/09/07 17:50:59.718, NVIDIA GeForce RTX 5060, 591.86, P8, 31, 0, 850, 8151, 8.56, 145.00, 210, 405, 1, 8
2026-09-07T17:51:04.7855518+07:00,2026/09/07 17:51:04.863, NVIDIA GeForce RTX 5060, 591.86, P8, 31, 0, 848, 8151, 8.55, 145.00, 210, 405, 1, 8
2026-09-07T17:51:09.8844474+07:00,2026/09/07 17:51:10.039, NVIDIA GeForce RTX 5060, 591.86, P8, 31, 0, 844, 8151, 8.58, 145.00, 210, 405, 1, 8
2026-09-07T17:51:15.1228251+07:00,2026/09/07 17:51:15.200, NVIDIA GeForce RTX 5060, 591.86, P8, 31, 0, 844, 8151, 8.63, 145.00, 210, 405, 1, 8
2026-09-07T17:51:20.2221837+07:00,2026/09/07 17:51:20.377, NVIDIA GeForce RTX 5060, 591.86, P8, 31, 0, 843, 8151, 8.40, 145.00, 210, 405, 1, 8
2026-09-07T17:51:25.5227944+07:00,2026/09/07 17:51:25.662, NVIDIA GeForce RTX 5060, 591.86, P8, 31, 0, 850, 8151, 8.39, 145.00, 210, 405, 1, 8
2026-09-07T17:51:30.7141791+07:00,2026/09/07 17:51:30.869, NVIDIA GeForce RTX 5060, 591.86, P8, 31, 0, 850, 8151, 8.51, 145.00, 210, 405, 1, 8
2026-09-07T17:51:35.9687090+07:00,2026/09/07 17:51:36.138, NVIDIA GeForce RTX 5060, 591.86, P8, 31, 0, 848, 8151, 8.41, 145.00, 210, 405, 1, 8
2026-09-07T17:51:41.1871268+07:00,2026/09/07 17:51:41.388, NVIDIA GeForce RTX 5060, 591.86, P8, 31, 0, 844, 8151, 8.49, 145.00, 210, 405, 1, 8
2026-09-07T17:51:46.4247375+07:00,2026/09/07 17:51:46.579, NVIDIA GeForce RTX 5060, 591.86, P8, 31, 0, 844, 8151, 8.50, 145.00, 210, 405, 1, 8
2026-09-07T17:51:51.5992753+07:00,2026/09/07 17:51:51.769, NVIDIA GeForce RTX 5060, 591.86, P8, 31, 0, 843, 8151, 8.54, 145.00, 210, 405, 1, 8
2026-09-07T17:51:56.8687061+07:00,2026/09/07 17:51:56.977, NVIDIA GeForce RTX 5060, 591.86, P8, 31, 0, 850, 8151, 8.47, 145.00, 210, 405, 1, 8
2026-09-07T17:52:02.0293978+07:00,2026/09/07 17:52:02.168, NVIDIA GeForce RTX 5060, 591.86, P8, 31, 0, 850, 8151, 8.50, 145.00, 210, 405, 1, 8
2026-09-07T17:52:07.1897402+07:00,2026/09/07 17:52:07.298, NVIDIA GeForce RTX 5060, 591.86, P8, 31, 0, 848, 8151, 8.64, 145.00, 210, 405, 1, 8
2026-09-07T17:52:12.3436538+07:00,2026/09/07 17:52:12.575, NVIDIA GeForce RTX 5060, 591.86, P8, 31, 0, 844, 8151, 8.44, 145.00, 210, 405, 1, 8
2026-09-07T17:52:17.6519424+07:00,2026/09/07 17:52:17.760, NVIDIA GeForce RTX 5060, 591.86, P8, 31, 0, 850, 8151, 8.52, 145.00, 210, 405, 1, 8
2026-09-07T17:52:22.8253596+07:00,2026/09/07 17:52:22.980, NVIDIA GeForce RTX 5060, 591.86, P8, 31, 0, 850, 8151, 8.47, 145.00, 210, 405, 1, 8
2026-09-07T17:52:28.0707217+07:00,2026/09/07 17:52:28.318, NVIDIA GeForce RTX 5060, 591.86, P8, 31, 0, 848, 8151, 8.46, 145.00, 210, 405, 1, 8
2026-09-07T17:52:33.3592365+07:00,2026/09/07 17:52:33.452, NVIDIA GeForce RTX 5060, 591.86, P8, 31, 0, 844, 8151, 8.48, 145.00, 210, 405, 1, 8
2026-09-07T17:52:38.4736207+07:00,2026/09/07 17:52:38.644, NVIDIA GeForce RTX 5060, 591.86, P8, 31, 0, 844, 8151, 8.36, 145.00, 210, 405, 1, 8
2026-09-07T17:52:43.6974217+07:00,2026/09/07 17:52:43.898, NVIDIA GeForce RTX 5060, 591.86, P8, 31, 0, 843, 8151, 8.49, 145.00, 210, 405, 1, 8
2026-09-07T17:52:48.9367243+07:00,2026/09/07 17:52:49.153, NVIDIA GeForce RTX 5060, 591.86, P8, 31, 0, 843, 8151, 8.45, 145.00, 210, 405, 1, 8
2026-09-07T17:52:54.1744465+07:00,2026/09/07 17:52:54.236, NVIDIA GeForce RTX 5060, 591.86, P8, 31, 0, 843, 8151, 8.52, 145.00, 210, 405, 1, 8
2026-09-07T17:52:59.3041551+07:00,2026/09/07 17:52:59.366, NVIDIA GeForce RTX 5060, 591.86, P8, 31, 0, 843, 8151, 8.56, 145.00, 210, 405, 1, 8
2026-09-07T17:53:04.3872768+07:00,2026/09/07 17:53:04.433, NVIDIA GeForce RTX 5060, 591.86, P8, 31, 0, 843, 8151, 8.54, 145.00, 210, 405, 1, 8
2026-09-07T17:53:09.4524344+07:00,2026/09/07 17:53:09.514, NVIDIA GeForce RTX 5060, 591.86, P8, 31, 0, 843, 8151, 8.40, 145.00, 210, 405, 1, 8
2026-09-07T17:53:14.5328231+07:00,2026/09/07 17:53:14.579, NVIDIA GeForce RTX 5060, 591.86, P8, 31, 0, 843, 8151, 8.41, 145.00, 210, 405, 1, 8
2026-09-07T17:53:19.6012576+07:00,2026/09/07 17:53:19.771, NVIDIA GeForce RTX 5060, 591.86, P8, 31, 0, 843, 8151, 8.29, 145.00, 210, 405, 1, 8
2026-09-07T17:53:24.8227907+07:00,2026/09/07 17:53:24.900, NVIDIA GeForce RTX 5060, 591.86, P8, 31, 0, 843, 8151, 8.31, 145.00, 210, 405, 1, 8
2026-09-07T17:53:29.9790493+07:00,2026/09/07 17:53:30.118, NVIDIA GeForce RTX 5060, 591.86, P8, 31, 0, 843, 8151, 8.37, 145.00, 210, 405, 1, 8
2026-09-07T17:53:35.1544028+07:00,2026/09/07 17:53:35.247, NVIDIA GeForce RTX 5060, 591.86, P8, 31, 0, 843, 8151, 8.50, 145.00, 210, 405, 1, 8
2026-09-07T17:53:40.2672998+07:00,2026/09/07 17:53:40.313, NVIDIA GeForce RTX 5060, 591.86, P8, 31, 0, 850, 8151, 8.42, 145.00, 210, 405, 1, 8
2026-09-07T17:53:45.3322397+07:00,2026/09/07 17:53:45.456, NVIDIA GeForce RTX 5060, 591.86, P8, 31, 0, 850, 8151, 8.47, 145.00, 202, 405, 1, 8
2026-09-07T17:53:50.5228889+07:00,2026/09/07 17:53:50.553, NVIDIA GeForce RTX 5060, 591.86, P8, 31, 2, 848, 8151, 9.88, 145.00, 450, 405, 1, 8
2026-09-07T17:53:55.5754345+07:00,2026/09/07 17:53:55.621, NVIDIA GeForce RTX 5060, 591.86, P5, 31, 5, 869, 8151, 11.37, 145.00, 877, 810, 2, 8
2026-09-07T17:54:00.7030333+07:00,2026/09/07 17:54:02.206, NVIDIA GeForce RTX 5060, 591.86, P8, 31, 7, 892, 8151, 12.13, 145.00, 637, 405, 1, 8
2026-09-07T17:54:07.2250618+07:00,2026/09/07 17:54:07.333, NVIDIA GeForce RTX 5060, 591.86, P8, 31, 3, 976, 8151, 10.73, 145.00, 547, 405, 1, 8
2026-09-07T17:54:12.3519182+07:00,2026/09/07 17:54:12.413, NVIDIA GeForce RTX 5060, 591.86, P8, 31, 1, 988, 8151, 9.61, 145.00, 367, 405, 1, 8
2026-09-07T17:54:17.4337136+07:00,2026/09/07 17:54:17.883, NVIDIA GeForce RTX 5060, 591.86, P8, 31, 1, 987, 8151, 9.09, 145.00, 390, 405, 1, 8
2026-09-07T17:54:22.9047521+07:00,2026/09/07 17:54:22.966, NVIDIA GeForce RTX 5060, 591.86, P8, 31, 1, 989, 8151, 9.62, 145.00, 405, 405, 1, 8
2026-09-07T17:54:27.9874947+07:00,2026/09/07 17:54:28.064, NVIDIA GeForce RTX 5060, 591.86, P8, 31, 2, 985, 8151, 9.64, 145.00, 427, 405, 1, 8
2026-09-07T17:54:33.1313273+07:00,2026/09/07 17:54:33.162, NVIDIA GeForce RTX 5060, 591.86, P8, 31, 0, 985, 8151, 8.72, 145.00, 285, 405, 1, 8
2026-09-07T17:54:38.1828965+07:00,2026/09/07 17:54:38.244, NVIDIA GeForce RTX 5060, 591.86, P8, 31, 1, 984, 8151, 9.54, 145.00, 420, 405, 1, 8
2026-09-07T17:54:43.2660832+07:00,2026/09/07 17:54:43.328, NVIDIA GeForce RTX 5060, 591.86, P8, 31, 0, 982, 8151, 9.91, 145.00, 375, 405, 1, 8
2026-09-07T17:54:48.3469040+07:00,2026/09/07 17:54:48.408, NVIDIA GeForce RTX 5060, 591.86, P8, 31, 1, 982, 8151, 9.46, 145.00, 420, 405, 1, 8
2026-09-07T17:54:53.4291359+07:00,2026/09/07 17:54:53.506, NVIDIA GeForce RTX 5060, 591.86, P8, 31, 1, 982, 8151, 9.55, 145.00, 420, 405, 1, 8
2026-09-07T17:54:58.5264600+07:00,2026/09/07 17:54:58.588, NVIDIA GeForce RTX 5060, 591.86, P8, 31, 1, 974, 8151, 9.43, 145.00, 420, 405, 1, 8
2026-09-07T17:55:03.6550468+07:00,2026/09/07 17:55:03.717, NVIDIA GeForce RTX 5060, 591.86, P8, 31, 1, 975, 8151, 9.70, 145.00, 412, 405, 1, 8
2026-09-07T17:55:08.7382156+07:00,2026/09/07 17:55:08.800, NVIDIA GeForce RTX 5060, 591.86, P8, 31, 1, 974, 8151, 9.48, 145.00, 412, 405, 1, 8
2026-09-07T17:55:13.8208700+07:00,2026/09/07 17:55:13.884, NVIDIA GeForce RTX 5060, 591.86, P8, 31, 1, 976, 8151, 9.64, 145.00, 450, 405, 1, 8
2026-09-07T17:55:18.9040927+07:00,2026/09/07 17:55:18.966, NVIDIA GeForce RTX 5060, 591.86, P8, 31, 1, 957, 8151, 9.07, 145.00, 247, 405, 1, 8
2026-09-07T17:55:23.9865739+07:00,2026/09/07 17:55:24.064, NVIDIA GeForce RTX 5060, 591.86, P8, 31, 1, 946, 8151, 9.56, 145.00, 420, 405, 1, 8
2026-09-07T17:55:29.0836603+07:00,2026/09/07 17:55:29.145, NVIDIA GeForce RTX 5060, 591.86, P8, 31, 1, 946, 8151, 9.48, 145.00, 420, 405, 1, 8
2026-09-07T17:55:34.2116181+07:00,2026/09/07 17:55:34.258, NVIDIA GeForce RTX 5060, 591.86, P8, 31, 1, 946, 8151, 9.44, 145.00, 420, 405, 1, 8
2026-09-07T17:55:39.2747515+07:00,2026/09/07 17:55:39.491, NVIDIA GeForce RTX 5060, 591.86, P8, 31, 1, 946, 8151, 9.64, 145.00, 427, 405, 1, 8
2026-09-07T17:55:44.5458675+07:00,2026/09/07 17:55:44.623, NVIDIA GeForce RTX 5060, 591.86, P1, 31, 0, 946, 8151, 15.33, 145.00, 210, 14001, 2, 8
2026-09-07T17:55:49.6437399+07:00,2026/09/07 17:55:49.690, NVIDIA GeForce RTX 5060, 591.86, P1, 31, 0, 944, 8151, 15.24, 145.00, 210, 14001, 4, 8
2026-09-07T17:55:54.7260410+07:00,2026/09/07 17:55:54.788, NVIDIA GeForce RTX 5060, 591.86, P8, 31, 0, 944, 8151, 8.34, 145.00, 210, 405, 1, 8
2026-09-07T17:55:59.8101668+07:00,2026/09/07 17:55:59.872, NVIDIA GeForce RTX 5060, 591.86, P8, 31, 0, 944, 8151, 8.42, 145.00, 210, 405, 1, 8
2026-09-07T17:56:04.9394028+07:00,2026/09/07 17:56:05.032, NVIDIA GeForce RTX 5060, 591.86, P8, 31, 0, 944, 8151, 8.65, 145.00, 210, 405, 4, 8
2026-09-07T17:56:10.0694848+07:00,2026/09/07 17:56:10.224, NVIDIA GeForce RTX 5060, 591.86, P8, 31, 0, 944, 8151, 8.20, 145.00, 210, 810, 1, 8
2026-09-07T17:56:15.2610976+07:00,2026/09/07 17:56:15.462, NVIDIA GeForce RTX 5060, 591.86, P8, 31, 0, 944, 8151, 8.55, 145.00, 210, 405, 1, 8
2026-09-07T17:56:20.5000451+07:00,2026/09/07 17:56:20.562, NVIDIA GeForce RTX 5060, 591.86, P8, 31, 0, 944, 8151, 8.54, 145.00, 210, 405, 1, 8
2026-09-07T17:56:25.5837452+07:00,2026/09/07 17:56:26.482, NVIDIA GeForce RTX 5060, 591.86, P8, 31, 1, 944, 8151, 8.64, 145.00, 210, 405, 1, 8
2026-09-07T17:56:31.5813973+07:00,2026/09/07 17:56:31.643, NVIDIA GeForce RTX 5060, 591.86, P8, 31, 0, 944, 8151, 8.52, 145.00, 232, 405, 1, 8
2026-09-07T17:56:36.7114334+07:00,2026/09/07 17:56:36.881, NVIDIA GeForce RTX 5060, 591.86, P8, 31, 2, 944, 8151, 10.20, 145.00, 480, 405, 1, 8
2026-09-07T17:56:41.9037984+07:00,2026/09/07 17:56:41.996, NVIDIA GeForce RTX 5060, 591.86, P8, 31, 4, 944, 8151, 10.56, 145.00, 600, 405, 1, 8
2026-09-07T17:56:47.0184339+07:00,2026/09/07 17:56:47.064, NVIDIA GeForce RTX 5060, 591.86, P8, 31, 2, 944, 8151, 10.21, 145.00, 487, 405, 1, 8
2026-09-07T17:56:52.0860117+07:00,2026/09/07 17:56:52.164, NVIDIA GeForce RTX 5060, 591.86, P8, 31, 2, 944, 8151, 10.35, 145.00, 495, 405, 1, 8
2026-09-07T17:56:57.2161961+07:00,2026/09/07 17:56:57.262, NVIDIA GeForce RTX 5060, 591.86, P8, 31, 2, 944, 8151, 10.23, 145.00, 472, 405, 1, 8
2026-09-07T17:57:02.3001981+07:00,2026/09/07 17:57:02.393, NVIDIA GeForce RTX 5060, 591.86, P8, 31, 2, 944, 8151, 10.31, 145.00, 502, 405, 1, 8
2026-09-07T17:57:07.4615762+07:00,2026/09/07 17:57:07.539, NVIDIA GeForce RTX 5060, 591.86, P8, 31, 2, 944, 8151, 10.25, 145.00, 495, 405, 1, 8
2026-09-07T17:57:12.5765771+07:00,2026/09/07 17:57:12.716, NVIDIA GeForce RTX 5060, 591.86, P8, 31, 2, 944, 8151, 10.20, 145.00, 495, 405, 1, 8
2026-09-07T17:57:17.7851333+07:00,2026/09/07 17:57:17.831, NVIDIA GeForce RTX 5060, 591.86, P8, 31, 2, 944, 8151, 10.28, 145.00, 480, 405, 1, 8
2026-09-07T17:57:22.8535969+07:00,2026/09/07 17:57:22.900, NVIDIA GeForce RTX 5060, 591.86, P8, 31, 2, 944, 8151, 10.25, 145.00, 487, 405, 1, 8
2026-09-07T17:57:27.9219506+07:00,2026/09/07 17:57:28.030, NVIDIA GeForce RTX 5060, 591.86, P8, 31, 2, 944, 8151, 10.33, 145.00, 502, 405, 1, 8
2026-09-07T17:57:33.0678424+07:00,2026/09/07 17:57:33.114, NVIDIA GeForce RTX 5060, 591.86, P8, 31, 2, 944, 8151, 10.37, 145.00, 502, 405, 1, 8
2026-09-07T17:57:38.1825678+07:00,2026/09/07 17:57:38.244, NVIDIA GeForce RTX 5060, 591.86, P8, 31, 2, 944, 8151, 10.41, 145.00, 495, 405, 1, 8
2026-09-07T17:57:43.3589541+07:00,2026/09/07 17:57:43.405, NVIDIA GeForce RTX 5060, 591.86, P8, 31, 2, 944, 8151, 10.28, 145.00, 472, 405, 1, 8
2026-09-07T17:57:48.4264348+07:00,2026/09/07 17:57:48.503, NVIDIA GeForce RTX 5060, 591.86, P8, 31, 2, 944, 8151, 10.25, 145.00, 487, 405, 1, 8
2026-09-07T17:57:53.5258304+07:00,2026/09/07 17:57:53.572, NVIDIA GeForce RTX 5060, 591.86, P8, 31, 3, 944, 8151, 10.25, 145.00, 502, 405, 1, 8
2026-09-07T17:57:58.6096731+07:00,2026/09/07 17:57:58.640, NVIDIA GeForce RTX 5060, 591.86, P8, 31, 3, 943, 8151, 10.37, 145.00, 517, 405, 1, 8
2026-09-07T17:58:03.6471854+07:00,2026/09/07 17:58:03.678, NVIDIA GeForce RTX 5060, 591.86, P8, 31, 2, 943, 8151, 10.42, 145.00, 487, 405, 1, 8
2026-09-07T17:58:08.7467762+07:00,2026/09/07 17:58:08.778, NVIDIA GeForce RTX 5060, 591.86, P8, 31, 3, 943, 8151, 10.41, 145.00, 487, 405, 1, 8
2026-09-07T17:58:13.7996304+07:00,2026/09/07 17:58:13.846, NVIDIA GeForce RTX 5060, 591.86, P8, 31, 3, 943, 8151, 10.38, 145.00, 510, 405, 1, 8
2026-09-07T17:58:18.8681305+07:00,2026/09/07 17:58:18.914, NVIDIA GeForce RTX 5060, 591.86, P8, 31, 2, 943, 8151, 10.27, 145.00, 465, 405, 1, 8
2026-09-07T17:58:23.9373737+07:00,2026/09/07 17:58:23.983, NVIDIA GeForce RTX 5060, 591.86, P8, 31, 3, 943, 8151, 9.60, 145.00, 315, 405, 1, 8
2026-09-07T17:58:29.0059397+07:00,2026/09/07 17:58:29.083, NVIDIA GeForce RTX 5060, 591.86, P8, 31, 0, 943, 8151, 9.01, 145.00, 210, 405, 1, 8
2026-09-07T17:58:34.1047874+07:00,2026/09/07 17:58:34.151, NVIDIA GeForce RTX 5060, 591.86, P8, 31, 0, 943, 8151, 9.12, 145.00, 307, 405, 1, 8
2026-09-07T17:58:39.2197872+07:00,2026/09/07 17:58:39.297, NVIDIA GeForce RTX 5060, 591.86, P8, 31, 0, 947, 8151, 8.89, 145.00, 210, 405, 1, 8
2026-09-07T17:58:44.3350083+07:00,2026/09/07 17:58:44.381, NVIDIA GeForce RTX 5060, 591.86, P8, 31, 0, 947, 8151, 9.12, 145.00, 210, 405, 1, 8
2026-09-07T17:58:49.4024419+07:00,2026/09/07 17:58:49.448, NVIDIA GeForce RTX 5060, 591.86, P8, 31, 0, 950, 8151, 8.99, 145.00, 210, 405, 1, 8
2026-09-07T17:58:54.4698027+07:00,2026/09/07 17:58:54.547, NVIDIA GeForce RTX 5060, 591.86, P8, 31, 0, 954, 8151, 8.88, 145.00, 210, 405, 1, 8
2026-09-07T17:58:59.5846721+07:00,2026/09/07 17:58:59.630, NVIDIA GeForce RTX 5060, 591.86, P8, 31, 0, 957, 8151, 8.86, 145.00, 210, 405, 1, 8
2026-09-07T17:59:04.6529460+07:00,2026/09/07 17:59:04.698, NVIDIA GeForce RTX 5060, 591.86, P8, 31, 0, 954, 8151, 8.81, 145.00, 337, 405, 1, 8
2026-09-07T17:59:09.7663001+07:00,2026/09/07 17:59:09.797, NVIDIA GeForce RTX 5060, 591.86, P8, 31, 3, 943, 8151, 10.81, 145.00, 675, 405, 1, 8
2026-09-07T17:59:14.8038731+07:00,2026/09/07 17:59:14.834, NVIDIA GeForce RTX 5060, 591.86, P8, 31, 3, 943, 8151, 10.70, 145.00, 652, 405, 1, 8
2026-09-07T17:59:19.8414617+07:00,2026/09/07 17:59:19.872, NVIDIA GeForce RTX 5060, 591.86, P8, 31, 3, 943, 8151, 10.55, 145.00, 525, 405, 1, 8
2026-09-07T17:59:24.8949360+07:00,2026/09/07 17:59:24.957, NVIDIA GeForce RTX 5060, 591.86, P8, 31, 3, 943, 8151, 10.71, 145.00, 652, 405, 1, 8
2026-09-07T17:59:29.9792424+07:00,2026/09/07 17:59:30.041, NVIDIA GeForce RTX 5060, 591.86, P8, 31, 3, 943, 8151, 10.93, 145.00, 645, 405, 1, 8
2026-09-07T17:59:35.0787549+07:00,2026/09/07 17:59:35.171, NVIDIA GeForce RTX 5060, 591.86, P8, 31, 3, 943, 8151, 10.95, 145.00, 585, 405, 1, 8
2026-09-07T17:59:40.2712550+07:00,2026/09/07 17:59:40.364, NVIDIA GeForce RTX 5060, 591.86, P8, 31, 3, 943, 8151, 10.66, 145.00, 592, 405, 1, 8
2026-09-07T17:59:45.4178563+07:00,2026/09/07 17:59:45.448, NVIDIA GeForce RTX 5060, 591.86, P8, 31, 3, 943, 8151, 10.20, 145.00, 495, 405, 1, 8
2026-09-07T17:59:50.4705475+07:00,2026/09/07 17:59:50.517, NVIDIA GeForce RTX 5060, 591.86, P8, 31, 3, 943, 8151, 10.48, 145.00, 525, 405, 1, 8
2026-09-07T17:59:55.5392378+07:00,2026/09/07 17:59:55.585, NVIDIA GeForce RTX 5060, 591.86, P8, 31, 4, 943, 8151, 9.38, 145.00, 277, 405, 1, 8
2026-09-07T18:00:00.6077376+07:00,2026/09/07 18:00:00.685, NVIDIA GeForce RTX 5060, 591.86, P8, 31, 0, 943, 8151, 9.21, 145.00, 285, 405, 1, 8
2026-09-07T18:00:05.7068316+07:00,2026/09/07 18:00:05.753, NVIDIA GeForce RTX 5060, 591.86, P8, 31, 0, 943, 8151, 8.98, 145.00, 210, 405, 1, 8
2026-09-07T18:00:10.8215271+07:00,2026/09/07 18:00:10.883, NVIDIA GeForce RTX 5060, 591.86, P8, 31, 0, 943, 8151, 9.74, 145.00, 375, 405, 1, 8
2026-09-07T18:00:15.9051624+07:00,2026/09/07 18:00:15.982, NVIDIA GeForce RTX 5060, 591.86, P8, 31, 12, 943, 8151, 9.77, 145.00, 210, 405, 1, 8
2026-09-07T18:00:21.0046624+07:00,2026/09/07 18:00:21.067, NVIDIA GeForce RTX 5060, 591.86, P8, 31, 0, 943, 8151, 9.07, 145.00, 210, 405, 1, 8
2026-09-07T18:00:26.0885639+07:00,2026/09/07 18:00:26.150, NVIDIA GeForce RTX 5060, 591.86, P8, 32, 6, 944, 8151, 9.84, 145.00, 600, 405, 1, 8
2026-09-07T18:00:31.1881592+07:00,2026/09/07 18:00:31.575, NVIDIA GeForce RTX 5060, 591.86, P8, 31, 0, 943, 8151, 10.10, 145.00, 300, 405, 1, 8
2026-09-07T18:00:36.5974289+07:00,2026/09/07 18:00:36.674, NVIDIA GeForce RTX 5060, 591.86, P8, 31, 5, 940, 8151, 10.31, 145.00, 472, 405, 1, 8
2026-09-07T18:00:41.7435014+07:00,2026/09/07 18:00:41.789, NVIDIA GeForce RTX 5060, 591.86, P8, 31, 2, 940, 8151, 11.68, 145.00, 667, 405, 1, 8
2026-09-07T18:00:46.8119767+07:00,2026/09/07 18:00:46.904, NVIDIA GeForce RTX 5060, 591.86, P8, 32, 9, 928, 8151, 11.01, 145.00, 570, 405, 1, 8
2026-09-07T18:00:51.9424769+07:00,2026/09/07 18:00:52.019, NVIDIA GeForce RTX 5060, 591.86, P0, 33, 1, 911, 8151, 22.43, 145.00, 2587, 14201, 4, 8
2026-09-07T18:00:57.0419770+07:00,2026/09/07 18:00:57.119, NVIDIA GeForce RTX 5060, 591.86, P5, 32, 3, 879, 8151, 11.99, 145.00, 765, 810, 2, 8
2026-09-07T18:01:02.1415697+07:00,2026/09/07 18:01:02.203, NVIDIA GeForce RTX 5060, 591.86, P0, 33, 2, 927, 8151, 24.01, 145.00, 2565, 14201, 4, 8
2026-09-07T18:01:07.2404488+07:00,2026/09/07 18:01:07.302, NVIDIA GeForce RTX 5060, 591.86, P0, 33, 2, 864, 8151, 24.08, 145.00, 2587, 14201, 4, 8
2026-09-07T18:01:12.4015069+07:00,2026/09/07 18:01:12.479, NVIDIA GeForce RTX 5060, 591.86, P8, 32, 4, 908, 8151, 11.25, 145.00, 592, 405, 1, 8
2026-09-07T18:01:17.5007368+07:00,2026/09/07 18:01:17.655, NVIDIA GeForce RTX 5060, 591.86, P8, 32, 10, 897, 8151, 10.40, 145.00, 585, 405, 1, 8
2026-09-07T18:01:22.6770028+07:00,2026/09/07 18:01:22.800, NVIDIA GeForce RTX 5060, 591.86, P5, 32, 1, 915, 8151, 14.03, 145.00, 705, 810, 2, 8
2026-09-07T18:01:27.8534887+07:00,2026/09/07 18:01:27.946, NVIDIA GeForce RTX 5060, 591.86, P8, 32, 2, 915, 8151, 10.35, 145.00, 480, 405, 1, 8
2026-09-07T18:01:32.9684170+07:00,2026/09/07 18:01:33.046, NVIDIA GeForce RTX 5060, 591.86, P8, 32, 2, 922, 8151, 10.25, 145.00, 495, 405, 1, 8
2026-09-07T18:01:38.0679289+07:00,2026/09/07 18:01:38.191, NVIDIA GeForce RTX 5060, 591.86, P8, 32, 1, 915, 8151, 9.85, 145.00, 352, 405, 1, 8
2026-09-07T18:01:43.3379307+07:00,2026/09/07 18:01:43.446, NVIDIA GeForce RTX 5060, 591.86, P8, 32, 2, 875, 8151, 10.68, 145.00, 547, 405, 1, 8
2026-09-07T18:01:48.4684277+07:00,2026/09/07 18:01:48.685, NVIDIA GeForce RTX 5060, 591.86, P5, 32, 2, 978, 8151, 14.96, 145.00, 832, 810, 2, 8
2026-09-07T18:01:53.7074406+07:00,2026/09/07 18:01:53.784, NVIDIA GeForce RTX 5060, 591.86, P8, 32, 2, 1089, 8151, 10.01, 145.00, 510, 405, 1, 8
2026-09-07T18:01:58.8066213+07:00,2026/09/07 18:01:59.085, NVIDIA GeForce RTX 5060, 591.86, P0, 33, 1, 1116, 8151, 23.33, 145.00, 2565, 14201, 4, 8
2026-09-07T18:02:04.1076314+07:00,2026/09/07 18:02:04.185, NVIDIA GeForce RTX 5060, 591.86, P8, 32, 1, 1120, 8151, 10.02, 145.00, 495, 405, 1, 8
2026-09-07T18:02:09.2071315+07:00,2026/09/07 18:02:09.238, NVIDIA GeForce RTX 5060, 591.86, P8, 32, 1, 1120, 8151, 9.96, 145.00, 517, 405, 1, 8
2026-09-07T18:02:14.3066311+07:00,2026/09/07 18:02:14.337, NVIDIA GeForce RTX 5060, 591.86, P8, 32, 1, 1120, 8151, 9.90, 145.00, 517, 405, 1, 8
2026-09-07T18:02:19.3601344+07:00,2026/09/07 18:02:19.421, NVIDIA GeForce RTX 5060, 591.86, P8, 32, 7, 1110, 8151, 12.21, 145.00, 697, 405, 1, 8
2026-09-07T18:02:24.4436308+07:00,2026/09/07 18:02:24.474, NVIDIA GeForce RTX 5060, 591.86, P8, 32, 1, 1110, 8151, 9.89, 145.00, 510, 405, 1, 8
2026-09-07T18:02:29.4966431+07:00,2026/09/07 18:02:29.527, NVIDIA GeForce RTX 5060, 591.86, P8, 32, 3, 1110, 8151, 10.02, 145.00, 510, 405, 1, 8
2026-09-07T18:02:34.5497366+07:00,2026/09/07 18:02:34.580, NVIDIA GeForce RTX 5060, 591.86, P8, 32, 6, 1050, 8151, 10.59, 145.00, 547, 405, 1, 8
2026-09-07T18:02:39.6027506+07:00,2026/09/07 18:02:39.665, NVIDIA GeForce RTX 5060, 591.86, P8, 32, 3, 1016, 8151, 11.44, 145.00, 787, 405, 1, 8
2026-09-07T18:02:44.7488068+07:00,2026/09/07 18:02:44.826, NVIDIA GeForce RTX 5060, 591.86, P0, 33, 1, 1019, 8151, 23.70, 145.00, 2595, 14201, 4, 8
2026-09-07T18:02:49.8482612+07:00,2026/09/07 18:02:49.879, NVIDIA GeForce RTX 5060, 591.86, P0, 34, 11, 1154, 8151, 24.94, 145.00, 2617, 14201, 4, 8
2026-09-07T18:02:54.9012614+07:00,2026/09/07 18:02:54.994, NVIDIA GeForce RTX 5060, 591.86, P5, 33, 1, 1012, 8151, 13.71, 145.00, 780, 810, 2, 8
2026-09-07T18:03:00.0317705+07:00,2026/09/07 18:03:00.062, NVIDIA GeForce RTX 5060, 591.86, P8, 32, 2, 1012, 8151, 10.14, 145.00, 532, 405, 1, 8
2026-09-07T18:03:05.0847711+07:00,2026/09/07 18:03:05.115, NVIDIA GeForce RTX 5060, 591.86, P8, 32, 2, 1012, 8151, 10.17, 145.00, 540, 405, 1, 8
2026-09-07T18:03:10.1377803+07:00,2026/09/07 18:03:10.168, NVIDIA GeForce RTX 5060, 591.86, P8, 32, 2, 1012, 8151, 10.21, 145.00, 547, 405, 1, 8
2026-09-07T18:03:15.2527824+07:00,2026/09/07 18:03:15.283, NVIDIA GeForce RTX 5060, 591.86, P8, 32, 1, 1012, 8151, 10.13, 145.00, 525, 405, 1, 8
2026-09-07T18:03:20.2902900+07:00,2026/09/07 18:03:20.352, NVIDIA GeForce RTX 5060, 591.86, P8, 32, 2, 1012, 8151, 10.18, 145.00, 555, 405, 1, 8
2026-09-07T18:03:25.3744036+07:00,2026/09/07 18:03:25.436, NVIDIA GeForce RTX 5060, 591.86, P8, 32, 2, 1012, 8151, 10.15, 145.00, 517, 405, 1, 8
2026-09-07T18:03:30.4584179+07:00,2026/09/07 18:03:30.504, NVIDIA GeForce RTX 5060, 591.86, P8, 32, 1, 1012, 8151, 10.19, 145.00, 517, 405, 1, 8
2026-09-07T18:03:35.5269180+07:00,2026/09/07 18:03:35.573, NVIDIA GeForce RTX 5060, 591.86, P8, 32, 2, 1012, 8151, 10.12, 145.00, 525, 405, 1, 8
2026-09-07T18:03:40.5954308+07:00,2026/09/07 18:03:40.626, NVIDIA GeForce RTX 5060, 591.86, P8, 32, 1, 1012, 8151, 10.15, 145.00, 525, 405, 1, 8
2026-09-07T18:03:45.6950309+07:00,2026/09/07 18:03:45.726, NVIDIA GeForce RTX 5060, 591.86, P8, 32, 2, 1012, 8151, 10.10, 145.00, 525, 405, 1, 8
2026-09-07T18:03:50.7485406+07:00,2026/09/07 18:03:50.794, NVIDIA GeForce RTX 5060, 591.86, P8, 32, 1, 1012, 8151, 10.24, 145.00, 532, 405, 1, 8
2026-09-07T18:03:55.8165401+07:00,2026/09/07 18:03:55.878, NVIDIA GeForce RTX 5060, 591.86, P8, 32, 2, 1012, 8151, 10.23, 145.00, 532, 405, 1, 8
2026-09-07T18:04:00.9001840+07:00,2026/09/07 18:04:00.977, NVIDIA GeForce RTX 5060, 591.86, P8, 32, 2, 1012, 8151, 10.13, 145.00, 517, 405, 1, 8
2026-09-07T18:04:05.9996839+07:00,2026/09/07 18:04:06.030, NVIDIA GeForce RTX 5060, 591.86, P8, 32, 2, 1012, 8151, 10.19, 145.00, 525, 405, 1, 8
2026-09-07T18:04:11.0528153+07:00,2026/09/07 18:04:11.083, NVIDIA GeForce RTX 5060, 591.86, P8, 32, 2, 1012, 8151, 10.14, 145.00, 510, 405, 1, 8
2026-09-07T18:04:16.1519465+07:00,2026/09/07 18:04:16.229, NVIDIA GeForce RTX 5060, 591.86, P8, 32, 2, 1012, 8151, 10.14, 145.00, 502, 405, 1, 8
2026-09-07T18:04:21.2514604+07:00,2026/09/07 18:04:21.313, NVIDIA GeForce RTX 5060, 591.86, P8, 32, 2, 1012, 8151, 10.02, 145.00, 502, 405, 1, 8
2026-09-07T18:04:26.3351253+07:00,2026/09/07 18:04:26.397, NVIDIA GeForce RTX 5060, 591.86, P8, 32, 0, 1012, 8151, 9.79, 145.00, 487, 405, 1, 8
2026-09-07T18:04:31.4191463+07:00,2026/09/07 18:04:31.465, NVIDIA GeForce RTX 5060, 591.86, P8, 32, 1, 1012, 8151, 9.94, 145.00, 517, 405, 1, 8
2026-09-07T18:04:36.4876463+07:00,2026/09/07 18:04:36.565, NVIDIA GeForce RTX 5060, 591.86, P8, 32, 1, 1022, 8151, 10.08, 145.00, 510, 405, 1, 8
2026-09-07T18:04:41.5871615+07:00,2026/09/07 18:04:41.680, NVIDIA GeForce RTX 5060, 591.86, P8, 32, 1, 1079, 8151, 10.69, 145.00, 502, 405, 1, 8
2026-09-07T18:04:46.7486618+07:00,2026/09/07 18:04:46.779, NVIDIA GeForce RTX 5060, 591.86, P8, 32, 2, 1076, 8151, 11.05, 145.00, 727, 405, 1, 8
2026-09-07T18:04:51.8016745+07:00,2026/09/07 18:04:51.832, NVIDIA GeForce RTX 5060, 591.86, P5, 32, 1, 1100, 8151, 14.48, 145.00, 667, 810, 2, 8
2026-09-07T18:04:56.8544983+07:00,2026/09/07 18:04:56.885, NVIDIA GeForce RTX 5060, 591.86, P8, 32, 2, 1100, 8151, 10.47, 145.00, 660, 405, 1, 8
2026-09-07T18:05:01.9071373+07:00,2026/09/07 18:05:01.938, NVIDIA GeForce RTX 5060, 591.86, P8, 32, 2, 1100, 8151, 10.43, 145.00, 547, 405, 1, 8
2026-09-07T18:05:06.9604628+07:00,2026/09/07 18:05:06.990, NVIDIA GeForce RTX 5060, 591.86, P8, 32, 1, 1085, 8151, 9.99, 145.00, 502, 405, 1, 8
2026-09-07T18:05:12.0127862+07:00,2026/09/07 18:05:12.043, NVIDIA GeForce RTX 5060, 591.86, P8, 32, 2, 1085, 8151, 9.95, 145.00, 487, 405, 1, 8
2026-09-07T18:05:17.1122861+07:00,2026/09/07 18:05:17.174, NVIDIA GeForce RTX 5060, 591.86, P8, 32, 1, 1085, 8151, 10.32, 145.00, 615, 405, 1, 8
2026-09-07T18:05:22.1962986+07:00,2026/09/07 18:05:22.273, NVIDIA GeForce RTX 5060, 591.86, P8, 32, 2, 1080, 8151, 10.28, 145.00, 532, 405, 1, 8
2026-09-07T18:05:27.2957990+07:00,2026/09/07 18:05:27.357, NVIDIA GeForce RTX 5060, 591.86, P8, 32, 1, 1073, 8151, 10.15, 145.00, 517, 405, 1, 8
2026-09-07T18:05:32.3798125+07:00,2026/09/07 18:05:32.410, NVIDIA GeForce RTX 5060, 591.86, P3, 33, 3, 1022, 8151, 24.50, 145.00, 2602, 7001, 4, 8
2026-09-07T18:05:37.4328122+07:00,2026/09/07 18:05:37.463, NVIDIA GeForce RTX 5060, 591.86, P0, 34, 1, 1055, 8151, 23.42, 145.00, 2565, 14201, 4, 8
2026-09-07T18:05:42.4858291+07:00,2026/09/07 18:05:42.532, NVIDIA GeForce RTX 5060, 591.86, P8, 32, 1, 1077, 8151, 10.21, 145.00, 472, 405, 1, 8
2026-09-07T18:05:47.6163261+07:00,2026/09/07 18:05:47.647, NVIDIA GeForce RTX 5060, 591.86, P8, 32, 1, 1057, 8151, 10.12, 145.00, 517, 405, 1, 8
2026-09-07T18:05:52.6693392+07:00,2026/09/07 18:05:52.700, NVIDIA GeForce RTX 5060, 591.86, P8, 32, 1, 1087, 8151, 12.63, 145.00, 757, 405, 1, 8
2026-09-07T18:05:57.7223386+07:00,2026/09/07 18:05:57.753, NVIDIA GeForce RTX 5060, 591.86, P8, 32, 1, 1075, 8151, 10.11, 145.00, 517, 405, 1, 8
2026-09-07T18:06:02.7598524+07:00,2026/09/07 18:06:02.790, NVIDIA GeForce RTX 5060, 591.86, P8, 32, 2, 1067, 8151, 10.03, 145.00, 517, 405, 1, 8
2026-09-07T18:06:07.8128524+07:00,2026/09/07 18:06:07.843, NVIDIA GeForce RTX 5060, 591.86, P8, 32, 2, 1065, 8151, 10.08, 145.00, 525, 405, 1, 8
2026-09-07T18:06:12.8654660+07:00,2026/09/07 18:06:12.896, NVIDIA GeForce RTX 5060, 591.86, P8, 32, 2, 1065, 8151, 10.08, 145.00, 517, 405, 1, 8
2026-09-07T18:06:17.9649659+07:00,2026/09/07 18:06:17.995, NVIDIA GeForce RTX 5060, 591.86, P8, 32, 2, 1065, 8151, 10.05, 145.00, 517, 405, 1, 8
2026-09-07T18:06:23.0180816+07:00,2026/09/07 18:06:23.049, NVIDIA GeForce RTX 5060, 591.86, P8, 32, 2, 1065, 8151, 10.07, 145.00, 510, 405, 1, 8
2026-09-07T18:06:28.0712061+07:00,2026/09/07 18:06:28.102, NVIDIA GeForce RTX 5060, 591.86, P8, 32, 2, 1065, 8151, 10.12, 145.00, 517, 405, 1, 8
2026-09-07T18:06:33.1087136+07:00,2026/09/07 18:06:33.139, NVIDIA GeForce RTX 5060, 591.86, P8, 32, 2, 1065, 8151, 10.03, 145.00, 517, 405, 1, 8
2026-09-07T18:06:38.1462152+07:00,2026/09/07 18:06:38.177, NVIDIA GeForce RTX 5060, 591.86, P8, 32, 2, 1064, 8151, 10.08, 145.00, 510, 405, 1, 8
2026-09-07T18:06:43.1837264+07:00,2026/09/07 18:06:43.214, NVIDIA GeForce RTX 5060, 591.86, P8, 32, 1, 1064, 8151, 10.05, 145.00, 525, 405, 1, 8
2026-09-07T18:06:48.2984907+07:00,2026/09/07 18:06:48.344, NVIDIA GeForce RTX 5060, 591.86, P8, 32, 2, 1064, 8151, 9.79, 145.00, 525, 405, 1, 8
2026-09-07T18:06:53.3668699+07:00,2026/09/07 18:06:53.459, NVIDIA GeForce RTX 5060, 591.86, P8, 32, 1, 1064, 8151, 10.08, 145.00, 517, 405, 1, 8
2026-09-07T18:06:58.4819839+07:00,2026/09/07 18:06:58.543, NVIDIA GeForce RTX 5060, 591.86, P8, 32, 1, 1064, 8151, 9.92, 145.00, 517, 405, 1, 8
2026-09-07T18:07:03.5661685+07:00,2026/09/07 18:07:03.597, NVIDIA GeForce RTX 5060, 591.86, P8, 32, 2, 1064, 8151, 10.17, 145.00, 525, 405, 1, 8
2026-09-07T18:07:08.6194002+07:00,2026/09/07 18:07:08.743, NVIDIA GeForce RTX 5060, 591.86, P8, 32, 1, 1064, 8151, 10.09, 145.00, 525, 405, 1, 8
2026-09-07T18:07:13.7969173+07:00,2026/09/07 18:07:13.858, NVIDIA GeForce RTX 5060, 591.86, P8, 32, 2, 1064, 8151, 10.10, 145.00, 525, 405, 1, 8
2026-09-07T18:07:18.9424161+07:00,2026/09/07 18:07:19.004, NVIDIA GeForce RTX 5060, 591.86, P8, 32, 2, 1064, 8151, 10.04, 145.00, 517, 405, 1, 8
2026-09-07T18:07:24.0262064+07:00,2026/09/07 18:07:24.057, NVIDIA GeForce RTX 5060, 591.86, P8, 32, 2, 1064, 8151, 10.12, 145.00, 510, 405, 1, 8
2026-09-07T18:07:29.0793203+07:00,2026/09/07 18:07:29.125, NVIDIA GeForce RTX 5060, 591.86, P8, 32, 2, 1064, 8151, 10.12, 145.00, 525, 405, 1, 8
2026-09-07T18:07:34.1629530+07:00,2026/09/07 18:07:34.209, NVIDIA GeForce RTX 5060, 591.86, P8, 32, 2, 1064, 8151, 10.23, 145.00, 517, 405, 1, 8
2026-09-07T18:07:39.2308029+07:00,2026/09/07 18:07:39.277, NVIDIA GeForce RTX 5060, 591.86, P8, 32, 1, 1064, 8151, 10.15, 145.00, 510, 405, 1, 8
2026-09-07T18:07:44.3144447+07:00,2026/09/07 18:07:44.376, NVIDIA GeForce RTX 5060, 591.86, P8, 32, 2, 1064, 8151, 10.23, 145.00, 517, 405, 1, 8
2026-09-07T18:07:49.4452592+07:00,2026/09/07 18:07:49.491, NVIDIA GeForce RTX 5060, 591.86, P8, 32, 1, 1064, 8151, 10.12, 145.00, 517, 405, 1, 8
2026-09-07T18:07:54.5135323+07:00,2026/09/07 18:07:54.559, NVIDIA GeForce RTX 5060, 591.86, P8, 32, 1, 1064, 8151, 10.20, 145.00, 532, 405, 1, 8
2026-09-07T18:07:59.5816870+07:00,2026/09/07 18:07:59.643, NVIDIA GeForce RTX 5060, 591.86, P8, 32, 2, 1059, 8151, 10.20, 145.00, 525, 405, 1, 8
2026-09-07T18:08:04.6659711+07:00,2026/09/07 18:08:04.758, NVIDIA GeForce RTX 5060, 591.86, P8, 32, 1, 1059, 8151, 10.18, 145.00, 517, 405, 1, 8
2026-09-07T18:08:09.7810885+07:00,2026/09/07 18:08:09.827, NVIDIA GeForce RTX 5060, 591.86, P8, 32, 1, 1059, 8151, 10.04, 145.00, 510, 405, 1, 8
2026-09-07T18:08:14.8651709+07:00,2026/09/07 18:08:14.911, NVIDIA GeForce RTX 5060, 591.86, P8, 32, 1, 1059, 8151, 10.06, 145.00, 510, 405, 1, 8
2026-09-07T18:08:19.9801706+07:00,2026/09/07 18:08:20.026, NVIDIA GeForce RTX 5060, 591.86, P8, 32, 1, 1059, 8151, 10.29, 145.00, 525, 405, 1, 8
2026-09-07T18:08:25.0487888+07:00,2026/09/07 18:08:25.095, NVIDIA GeForce RTX 5060, 591.86, P8, 32, 1, 1059, 8151, 10.18, 145.00, 525, 405, 1, 8
2026-09-07T18:08:30.1171136+07:00,2026/09/07 18:08:30.148, NVIDIA GeForce RTX 5060, 591.86, P8, 32, 1, 1059, 8151, 10.08, 145.00, 532, 405, 1, 8
2026-09-07T18:08:35.1709482+07:00,2026/09/07 18:08:35.201, NVIDIA GeForce RTX 5060, 591.86, P8, 32, 2, 1059, 8151, 10.01, 145.00, 502, 405, 1, 8
2026-09-07T18:08:40.2238427+07:00,2026/09/07 18:08:40.254, NVIDIA GeForce RTX 5060, 591.86, P8, 32, 2, 1059, 8151, 9.98, 145.00, 510, 405, 1, 8
2026-09-07T18:08:45.2768522+07:00,2026/09/07 18:08:45.307, NVIDIA GeForce RTX 5060, 591.86, P8, 32, 2, 1059, 8151, 10.07, 145.00, 525, 405, 1, 8
2026-09-07T18:08:50.3764739+07:00,2026/09/07 18:08:50.407, NVIDIA GeForce RTX 5060, 591.86, P8, 32, 1, 1059, 8151, 10.05, 145.00, 517, 405, 1, 8
2026-09-07T18:08:55.4139859+07:00,2026/09/07 18:08:55.444, NVIDIA GeForce RTX 5060, 591.86, P8, 32, 1, 1059, 8151, 10.03, 145.00, 510, 405, 1, 8
2026-09-07T18:09:00.4669864+07:00,2026/09/07 18:09:00.497, NVIDIA GeForce RTX 5060, 591.86, P8, 32, 2, 1068, 8151, 10.10, 145.00, 510, 405, 1, 8
2026-09-07T18:09:05.5045845+07:00,2026/09/07 18:09:05.535, NVIDIA GeForce RTX 5060, 591.86, P8, 32, 1, 1068, 8151, 10.07, 145.00, 502, 405, 1, 8
2026-09-07T18:09:10.5420944+07:00,2026/09/07 18:09:10.573, NVIDIA GeForce RTX 5060, 591.86, P8, 32, 1, 1068, 8151, 10.15, 145.00, 517, 405, 1, 8
2026-09-07T18:09:15.5950942+07:00,2026/09/07 18:09:15.626, NVIDIA GeForce RTX 5060, 591.86, P8, 32, 1, 1068, 8151, 10.14, 145.00, 532, 405, 1, 8
2026-09-07T18:09:20.6791031+07:00,2026/09/07 18:09:20.710, NVIDIA GeForce RTX 5060, 591.86, P8, 32, 2, 1068, 8151, 10.04, 145.00, 517, 405, 1, 8
2026-09-07T18:09:25.7321034+07:00,2026/09/07 18:09:25.763, NVIDIA GeForce RTX 5060, 591.86, P8, 32, 2, 1068, 8151, 10.24, 145.00, 532, 405, 1, 8
2026-09-07T18:09:30.7846588+07:00,2026/09/07 18:09:30.815, NVIDIA GeForce RTX 5060, 591.86, P8, 32, 2, 1068, 8151, 10.22, 145.00, 517, 405, 1, 8
2026-09-07T18:09:35.8222412+07:00,2026/09/07 18:09:35.853, NVIDIA GeForce RTX 5060, 591.86, P8, 32, 1, 1068, 8151, 10.20, 145.00, 510, 405, 1, 8
2026-09-07T18:09:40.8748393+07:00,2026/09/07 18:09:40.905, NVIDIA GeForce RTX 5060, 591.86, P8, 32, 1, 1068, 8151, 10.23, 145.00, 487, 405, 1, 8
2026-09-07T18:09:45.9278393+07:00,2026/09/07 18:09:45.958, NVIDIA GeForce RTX 5060, 591.86, P8, 32, 1, 1068, 8151, 10.07, 145.00, 502, 405, 1, 8
2026-09-07T18:09:51.0278575+07:00,2026/09/07 18:09:51.058, NVIDIA GeForce RTX 5060, 591.86, P8, 32, 1, 1068, 8151, 10.11, 145.00, 510, 405, 1, 8
2026-09-07T18:09:56.0803485+07:00,2026/09/07 18:09:56.111, NVIDIA GeForce RTX 5060, 591.86, P8, 32, 1, 1068, 8151, 10.20, 145.00, 510, 405, 1, 8
2026-09-07T18:10:01.1333561+07:00,2026/09/07 18:10:01.164, NVIDIA GeForce RTX 5060, 591.86, P8, 32, 1, 1068, 8151, 10.02, 145.00, 525, 405, 1, 8
2026-09-07T18:10:06.1863567+07:00,2026/09/07 18:10:06.217, NVIDIA GeForce RTX 5060, 591.86, P8, 32, 1, 1068, 8151, 10.21, 145.00, 502, 405, 1, 8
2026-09-07T18:10:11.2393676+07:00,2026/09/07 18:10:11.270, NVIDIA GeForce RTX 5060, 591.86, P8, 32, 1, 1068, 8151, 10.14, 145.00, 517, 405, 1, 8
2026-09-07T18:10:16.2920143+07:00,2026/09/07 18:10:16.323, NVIDIA GeForce RTX 5060, 591.86, P8, 32, 1, 1068, 8151, 10.15, 145.00, 517, 405, 1, 8
2026-09-07T18:10:21.3916381+07:00,2026/09/07 18:10:21.422, NVIDIA GeForce RTX 5060, 591.86, P8, 32, 1, 1068, 8151, 10.03, 145.00, 517, 405, 1, 8
2026-09-07T18:10:26.4446381+07:00,2026/09/07 18:10:26.475, NVIDIA GeForce RTX 5060, 591.86, P8, 32, 1, 1068, 8151, 10.15, 145.00, 502, 405, 1, 8
2026-09-07T18:10:31.4976477+07:00,2026/09/07 18:10:31.528, NVIDIA GeForce RTX 5060, 591.86, P8, 32, 1, 1068, 8151, 10.11, 145.00, 525, 405, 1, 8
2026-09-07T18:10:36.5506485+07:00,2026/09/07 18:10:36.581, NVIDIA GeForce RTX 5060, 591.86, P8, 32, 1, 1068, 8151, 10.05, 145.00, 510, 405, 1, 8
2026-09-07T18:10:41.6037730+07:00,2026/09/07 18:10:41.634, NVIDIA GeForce RTX 5060, 591.86, P8, 32, 1, 1068, 8151, 10.05, 145.00, 517, 405, 1, 8
2026-09-07T18:10:46.6567721+07:00,2026/09/07 18:10:46.703, NVIDIA GeForce RTX 5060, 591.86, P8, 32, 1, 1068, 8151, 9.84, 145.00, 510, 405, 1, 8
2026-09-07T18:10:51.7717855+07:00,2026/09/07 18:10:51.818, NVIDIA GeForce RTX 5060, 591.86, P8, 32, 2, 1068, 8151, 10.13, 145.00, 502, 405, 1, 8
2026-09-07T18:10:56.9022857+07:00,2026/09/07 18:10:56.933, NVIDIA GeForce RTX 5060, 591.86, P8, 32, 2, 1068, 8151, 10.07, 145.00, 517, 405, 1, 8
2026-09-07T18:11:01.9552982+07:00,2026/09/07 18:11:02.001, NVIDIA GeForce RTX 5060, 591.86, P8, 32, 1, 1068, 8151, 10.05, 145.00, 502, 405, 1, 8
2026-09-07T18:11:07.0237981+07:00,2026/09/07 18:11:07.070, NVIDIA GeForce RTX 5060, 591.86, P8, 32, 1, 1068, 8151, 10.06, 145.00, 547, 405, 1, 8
2026-09-07T18:11:12.0923113+07:00,2026/09/07 18:11:12.138, NVIDIA GeForce RTX 5060, 591.86, P8, 32, 1, 1068, 8151, 10.19, 145.00, 540, 405, 1, 8
2026-09-07T18:11:17.1608116+07:00,2026/09/07 18:11:17.207, NVIDIA GeForce RTX 5060, 591.86, P8, 32, 1, 1068, 8151, 10.18, 145.00, 510, 405, 1, 8
2026-09-07T18:11:22.2914118+07:00,2026/09/07 18:11:22.337, NVIDIA GeForce RTX 5060, 591.86, P8, 32, 1, 1068, 8151, 10.19, 145.00, 502, 405, 1, 8
2026-09-07T18:11:27.3599114+07:00,2026/09/07 18:11:27.406, NVIDIA GeForce RTX 5060, 591.86, P8, 32, 1, 1068, 8151, 10.22, 145.00, 510, 405, 1, 8
2026-09-07T18:11:32.4283027+07:00,2026/09/07 18:11:32.474, NVIDIA GeForce RTX 5060, 591.86, P8, 32, 1, 1068, 8151, 10.09, 145.00, 525, 405, 1, 8
2026-09-07T18:11:37.4970296+07:00,2026/09/07 18:11:37.543, NVIDIA GeForce RTX 5060, 591.86, P8, 32, 1, 1068, 8151, 10.13, 145.00, 510, 405, 1, 8
2026-09-07T18:11:42.5653586+07:00,2026/09/07 18:11:42.611, NVIDIA GeForce RTX 5060, 591.86, P8, 32, 1, 1068, 8151, 10.02, 145.00, 517, 405, 1, 8
2026-09-07T18:11:47.6339641+07:00,2026/09/07 18:11:47.680, NVIDIA GeForce RTX 5060, 591.86, P8, 32, 1, 1068, 8151, 10.14, 145.00, 510, 405, 1, 8
2026-09-07T18:11:52.7490884+07:00,2026/09/07 18:11:52.796, NVIDIA GeForce RTX 5060, 591.86, P8, 32, 1, 1068, 8151, 10.14, 145.00, 525, 405, 1, 8
2026-09-07T18:11:57.8165052+07:00,2026/09/07 18:11:57.863, NVIDIA GeForce RTX 5060, 591.86, P8, 32, 1, 1068, 8151, 10.15, 145.00, 510, 405, 1, 8
2026-09-07T18:12:02.8855209+07:00,2026/09/07 18:12:02.963, NVIDIA GeForce RTX 5060, 591.86, P8, 32, 1, 1068, 8151, 10.17, 145.00, 525, 405, 1, 8
2026-09-07T18:12:07.9842512+07:00,2026/09/07 18:12:08.030, NVIDIA GeForce RTX 5060, 591.86, P8, 32, 1, 1068, 8151, 10.17, 145.00, 525, 405, 1, 8
2026-09-07T18:12:13.0524330+07:00,2026/09/07 18:12:13.098, NVIDIA GeForce RTX 5060, 591.86, P8, 32, 2, 1068, 8151, 10.15, 145.00, 532, 405, 1, 8
2026-09-07T18:12:18.1206934+07:00,2026/09/07 18:12:18.214, NVIDIA GeForce RTX 5060, 591.86, P0, 33, 1, 1088, 8151, 23.57, 145.00, 2565, 14201, 4, 8
2026-09-07T18:12:23.2977054+07:00,2026/09/07 18:12:23.344, NVIDIA GeForce RTX 5060, 591.86, P8, 32, 7, 1009, 8151, 10.82, 145.00, 727, 405, 1, 8
2026-09-07T18:12:28.3662051+07:00,2026/09/07 18:12:28.490, NVIDIA GeForce RTX 5060, 591.86, P0, 33, 2, 1039, 8151, 23.72, 145.00, 2580, 14201, 4, 8
2026-09-07T18:12:33.5122182+07:00,2026/09/07 18:12:33.574, NVIDIA GeForce RTX 5060, 591.86, P8, 33, 40, 1149, 8151, 11.46, 145.00, 780, 405, 4, 8
2026-09-07T18:12:38.5962182+07:00,2026/09/07 18:12:38.658, NVIDIA GeForce RTX 5060, 591.86, P5, 32, 2, 1337, 8151, 10.77, 145.00, 540, 810, 1, 8
2026-09-07T18:12:43.6802319+07:00,2026/09/07 18:12:43.711, NVIDIA GeForce RTX 5060, 591.86, P8, 32, 2, 1338, 8151, 10.26, 145.00, 525, 405, 1, 8
2026-09-07T18:12:48.7332309+07:00,2026/09/07 18:12:48.764, NVIDIA GeForce RTX 5060, 591.86, P8, 32, 2, 1318, 8151, 10.92, 145.00, 540, 405, 1, 8
2026-09-07T18:12:53.8948322+07:00,2026/09/07 18:12:53.941, NVIDIA GeForce RTX 5060, 591.86, P8, 32, 2, 1081, 8151, 11.28, 145.00, 592, 405, 1, 8
2026-09-07T18:12:58.9629797+07:00,2026/09/07 18:12:59.009, NVIDIA GeForce RTX 5060, 591.86, P0, 32, 7, 1062, 8151, 10.49, 145.00, 480, 14201, 4, 8
2026-09-07T18:13:04.0314933+07:00,2026/09/07 18:13:04.062, NVIDIA GeForce RTX 5060, 591.86, P3, 33, 1, 1052, 8151, 18.67, 145.00, 1050, 7001, 4, 8
2026-09-07T18:13:09.0689931+07:00,2026/09/07 18:13:09.099, NVIDIA GeForce RTX 5060, 591.86, P0, 34, 1, 1062, 8151, 24.06, 145.00, 2565, 14201, 4, 8
2026-09-07T18:13:14.1066083+07:00,2026/09/07 18:13:14.137, NVIDIA GeForce RTX 5060, 591.86, P8, 32, 1, 1056, 8151, 10.36, 145.00, 510, 405, 1, 8
2026-09-07T18:13:19.1597185+07:00,2026/09/07 18:13:19.190, NVIDIA GeForce RTX 5060, 591.86, P8, 32, 1, 1056, 8151, 10.35, 145.00, 495, 405, 1, 8
2026-09-07T18:13:24.2595664+07:00,2026/09/07 18:13:24.290, NVIDIA GeForce RTX 5060, 591.86, P8, 32, 1, 1056, 8151, 10.39, 145.00, 517, 405, 1, 8
2026-09-07T18:13:29.3124022+07:00,2026/09/07 18:13:29.343, NVIDIA GeForce RTX 5060, 591.86, P8, 32, 1, 1056, 8151, 10.19, 145.00, 525, 405, 1, 8
2026-09-07T18:13:34.3659128+07:00,2026/09/07 18:13:34.396, NVIDIA GeForce RTX 5060, 591.86, P8, 32, 1, 1056, 8151, 10.26, 145.00, 510, 405, 1, 8
2026-09-07T18:13:39.4177088+07:00,2026/09/07 18:13:39.448, NVIDIA GeForce RTX 5060, 591.86, P8, 32, 1, 1056, 8151, 10.27, 145.00, 517, 405, 1, 8
2026-09-07T18:13:44.4704651+07:00,2026/09/07 18:13:44.501, NVIDIA GeForce RTX 5060, 591.86, P8, 32, 1, 1056, 8151, 10.30, 145.00, 525, 405, 1, 8
2026-09-07T18:13:49.5234640+07:00,2026/09/07 18:13:49.554, NVIDIA GeForce RTX 5060, 591.86, P8, 32, 2, 1050, 8151, 10.32, 145.00, 525, 405, 1, 8
2026-09-07T18:13:54.6230712+07:00,2026/09/07 18:13:54.654, NVIDIA GeForce RTX 5060, 591.86, P8, 32, 2, 1050, 8151, 10.17, 145.00, 532, 405, 1, 8
2026-09-07T18:13:59.6606718+07:00,2026/09/07 18:13:59.691, NVIDIA GeForce RTX 5060, 591.86, P8, 32, 1, 1050, 8151, 10.22, 145.00, 517, 405, 1, 8
2026-09-07T18:14:04.7134317+07:00,2026/09/07 18:14:04.744, NVIDIA GeForce RTX 5060, 591.86, P8, 32, 1, 1050, 8151, 10.09, 145.00, 517, 405, 1, 8
2026-09-07T18:14:09.7509324+07:00,2026/09/07 18:14:09.781, NVIDIA GeForce RTX 5060, 591.86, P8, 32, 1, 1050, 8151, 10.15, 145.00, 510, 405, 1, 8
2026-09-07T18:14:14.8040265+07:00,2026/09/07 18:14:14.835, NVIDIA GeForce RTX 5060, 591.86, P8, 32, 2, 1050, 8151, 10.18, 145.00, 517, 405, 1, 8
2026-09-07T18:14:19.8560914+07:00,2026/09/07 18:14:19.887, NVIDIA GeForce RTX 5060, 591.86, P8, 32, 1, 1050, 8151, 10.10, 145.00, 525, 405, 1, 8
2026-09-07T18:14:24.9403148+07:00,2026/09/07 18:14:24.971, NVIDIA GeForce RTX 5060, 591.86, P8, 32, 1, 1050, 8151, 10.13, 145.00, 525, 405, 1, 8
2026-09-07T18:14:29.9929448+07:00,2026/09/07 18:14:30.023, NVIDIA GeForce RTX 5060, 591.86, P8, 32, 1, 1050, 8151, 10.16, 145.00, 517, 405, 1, 8
2026-09-07T18:14:35.0457493+07:00,2026/09/07 18:14:35.076, NVIDIA GeForce RTX 5060, 591.86, P8, 32, 1, 1050, 8151, 10.08, 145.00, 517, 405, 1, 8
2026-09-07T18:14:40.0833399+07:00,2026/09/07 18:14:40.114, NVIDIA GeForce RTX 5060, 591.86, P8, 32, 1, 1050, 8151, 10.25, 145.00, 510, 405, 1, 8
2026-09-07T18:14:45.1209574+07:00,2026/09/07 18:14:45.151, NVIDIA GeForce RTX 5060, 591.86, P8, 32, 1, 1050, 8151, 10.22, 145.00, 487, 405, 1, 8
2026-09-07T18:14:50.1584579+07:00,2026/09/07 18:14:50.189, NVIDIA GeForce RTX 5060, 591.86, P8, 32, 1, 1050, 8151, 10.19, 145.00, 525, 405, 1, 8
2026-09-07T18:14:55.2580414+07:00,2026/09/07 18:14:55.289, NVIDIA GeForce RTX 5060, 591.86, P8, 32, 1, 1050, 8151, 10.26, 145.00, 517, 405, 1, 8
2026-09-07T18:15:00.3110414+07:00,2026/09/07 18:15:00.342, NVIDIA GeForce RTX 5060, 591.86, P8, 32, 1, 1050, 8151, 10.28, 145.00, 517, 405, 1, 8
2026-09-07T18:15:05.3485540+07:00,2026/09/07 18:15:05.379, NVIDIA GeForce RTX 5060, 591.86, P8, 32, 1, 1050, 8151, 10.16, 145.00, 525, 405, 1, 8
2026-09-07T18:15:10.3860541+07:00,2026/09/07 18:15:10.417, NVIDIA GeForce RTX 5060, 591.86, P8, 32, 1, 1050, 8151, 10.19, 145.00, 517, 405, 1, 8
2026-09-07T18:15:15.4390683+07:00,2026/09/07 18:15:15.470, NVIDIA GeForce RTX 5060, 591.86, P8, 32, 1, 1050, 8151, 10.03, 145.00, 517, 405, 1, 8
2026-09-07T18:15:20.4925714+07:00,2026/09/07 18:15:20.523, NVIDIA GeForce RTX 5060, 591.86, P8, 32, 1, 1050, 8151, 10.15, 145.00, 502, 405, 1, 8
2026-09-07T18:15:25.5915809+07:00,2026/09/07 18:15:25.622, NVIDIA GeForce RTX 5060, 591.86, P8, 32, 2, 1050, 8151, 10.09, 145.00, 510, 405, 1, 8
2026-09-07T18:15:30.6290809+07:00,2026/09/07 18:15:30.660, NVIDIA GeForce RTX 5060, 591.86, P8, 32, 2, 1050, 8151, 10.09, 145.00, 525, 405, 1, 8
2026-09-07T18:15:35.6665935+07:00,2026/09/07 18:15:35.697, NVIDIA GeForce RTX 5060, 591.86, P8, 32, 2, 1050, 8151, 10.12, 145.00, 517, 405, 1, 8
2026-09-07T18:15:40.7195937+07:00,2026/09/07 18:15:40.750, NVIDIA GeForce RTX 5060, 591.86, P8, 32, 2, 1050, 8151, 10.12, 145.00, 502, 405, 1, 8
2026-09-07T18:15:45.7727046+07:00,2026/09/07 18:15:45.803, NVIDIA GeForce RTX 5060, 591.86, P8, 32, 1, 1050, 8151, 10.16, 145.00, 540, 405, 1, 8
2026-09-07T18:15:50.8257041+07:00,2026/09/07 18:15:50.856, NVIDIA GeForce RTX 5060, 591.86, P8, 32, 1, 1050, 8151, 10.10, 145.00, 517, 405, 1, 8
2026-09-07T18:15:55.9252121+07:00,2026/09/07 18:15:55.956, NVIDIA GeForce RTX 5060, 591.86, P8, 32, 1, 1050, 8151, 10.20, 145.00, 517, 405, 1, 8
2026-09-07T18:16:00.9782115+07:00,2026/09/07 18:16:01.009, NVIDIA GeForce RTX 5060, 591.86, P8, 32, 1, 1050, 8151, 10.21, 145.00, 517, 405, 1, 8
2026-09-07T18:16:06.0312226+07:00,2026/09/07 18:16:06.062, NVIDIA GeForce RTX 5060, 591.86, P8, 32, 1, 1050, 8151, 10.15, 145.00, 525, 405, 1, 8
2026-09-07T18:16:11.0842222+07:00,2026/09/07 18:16:11.115, NVIDIA GeForce RTX 5060, 591.86, P8, 32, 1, 1050, 8151, 10.14, 145.00, 532, 405, 1, 8
2026-09-07T18:16:16.1372334+07:00,2026/09/07 18:16:16.168, NVIDIA GeForce RTX 5060, 591.86, P8, 32, 1, 1050, 8151, 10.15, 145.00, 525, 405, 1, 8
2026-09-07T18:16:21.1900642+07:00,2026/09/07 18:16:21.221, NVIDIA GeForce RTX 5060, 591.86, P8, 32, 2, 1050, 8151, 10.17, 145.00, 517, 405, 1, 8
2026-09-07T18:16:26.2895313+07:00,2026/09/07 18:16:26.336, NVIDIA GeForce RTX 5060, 591.86, P8, 32, 2, 1050, 8151, 10.05, 145.00, 517, 405, 1, 8
2026-09-07T18:16:31.3581902+07:00,2026/09/07 18:16:31.420, NVIDIA GeForce RTX 5060, 591.86, P8, 32, 2, 1050, 8151, 10.16, 145.00, 525, 405, 1, 8
2026-09-07T18:16:36.4421591+07:00,2026/09/07 18:16:36.488, NVIDIA GeForce RTX 5060, 591.86, P8, 32, 11, 1066, 8151, 10.29, 145.00, 532, 405, 1, 8
2026-09-07T18:16:41.5106594+07:00,2026/09/07 18:16:42.394, NVIDIA GeForce RTX 5060, 591.86, P0, 33, 1, 1094, 8151, 23.98, 145.00, 2572, 14201, 4, 8
2026-09-07T18:16:47.4626731+07:00,2026/09/07 18:16:47.540, NVIDIA GeForce RTX 5060, 591.86, P8, 32, 7, 1107, 8151, 10.86, 145.00, 547, 405, 1, 8
2026-09-07T18:16:52.5776735+07:00,2026/09/07 18:16:52.639, NVIDIA GeForce RTX 5060, 591.86, P5, 33, 28, 1093, 8151, 11.51, 145.00, 615, 810, 2, 8
2026-09-07T18:16:57.7236860+07:00,2026/09/07 18:16:57.894, NVIDIA GeForce RTX 5060, 591.86, P5, 33, 27, 1090, 8151, 11.34, 145.00, 645, 810, 2, 8
2026-09-07T18:17:02.9161860+07:00,2026/09/07 18:17:02.962, NVIDIA GeForce RTX 5060, 591.86, P8, 32, 2, 1095, 8151, 10.18, 145.00, 517, 405, 2, 8
2026-09-07T18:17:07.9846965+07:00,2026/09/07 18:17:08.093, NVIDIA GeForce RTX 5060, 591.86, P0, 33, 1, 1117, 8151, 23.64, 145.00, 2580, 14201, 4, 8
2026-09-07T18:17:13.1151977+07:00,2026/09/07 18:17:13.254, NVIDIA GeForce RTX 5060, 591.86, P8, 32, 1, 1142, 8151, 10.08, 145.00, 532, 405, 1, 8
2026-09-07T18:17:18.2766447+07:00,2026/09/07 18:17:18.431, NVIDIA GeForce RTX 5060, 591.86, P0, 34, 1, 1136, 8151, 23.58, 145.00, 2572, 14201, 4, 8
2026-09-07T18:17:23.4691463+07:00,2026/09/07 18:17:23.500, NVIDIA GeForce RTX 5060, 591.86, P8, 32, 1, 1119, 8151, 10.14, 145.00, 525, 405, 1, 8
2026-09-07T18:17:28.5841593+07:00,2026/09/07 18:17:28.615, NVIDIA GeForce RTX 5060, 591.86, P8, 32, 1, 1107, 8151, 10.09, 145.00, 495, 405, 1, 8
2026-09-07T18:17:33.6371595+07:00,2026/09/07 18:17:33.668, NVIDIA GeForce RTX 5060, 591.86, P8, 32, 1, 1107, 8151, 10.12, 145.00, 525, 405, 1, 8
2026-09-07T18:17:38.6901734+07:00,2026/09/07 18:17:38.721, NVIDIA GeForce RTX 5060, 591.86, P8, 32, 2, 1102, 8151, 10.15, 145.00, 495, 405, 1, 8
2026-09-07T18:17:43.7431731+07:00,2026/09/07 18:17:43.805, NVIDIA GeForce RTX 5060, 591.86, P8, 32, 3, 1102, 8151, 9.98, 145.00, 322, 405, 1, 8
2026-09-07T18:17:48.8271928+07:00,2026/09/07 18:17:48.873, NVIDIA GeForce RTX 5060, 591.86, P8, 32, 0, 1105, 8151, 8.97, 145.00, 210, 405, 1, 8
2026-09-07T18:17:53.8962055+07:00,2026/09/07 18:17:53.973, NVIDIA GeForce RTX 5060, 591.86, P8, 32, 1, 1105, 8151, 10.20, 145.00, 540, 405, 1, 8
2026-09-07T18:17:59.0574321+07:00,2026/09/07 18:17:59.134, NVIDIA GeForce RTX 5060, 591.86, P8, 32, 1, 1099, 8151, 9.94, 145.00, 510, 405, 1, 8
2026-09-07T18:18:04.1473856+07:00,2026/09/07 18:18:04.224, NVIDIA GeForce RTX 5060, 591.86, P8, 32, 1, 1099, 8151, 9.98, 145.00, 495, 405, 1, 8
2026-09-07T18:18:09.2481310+07:00,2026/09/07 18:18:09.279, NVIDIA GeForce RTX 5060, 591.86, P8, 32, 2, 1099, 8151, 9.88, 145.00, 517, 405, 1, 8
2026-09-07T18:18:14.2870649+07:00,2026/09/07 18:18:14.333, NVIDIA GeForce RTX 5060, 591.86, P8, 32, 1, 1099, 8151, 9.92, 145.00, 517, 405, 1, 8
2026-09-07T18:18:19.3556928+07:00,2026/09/07 18:18:19.464, NVIDIA GeForce RTX 5060, 591.86, P8, 32, 2, 1099, 8151, 10.18, 145.00, 517, 405, 1, 8
2026-09-07T18:18:24.5017964+07:00,2026/09/07 18:18:24.687, NVIDIA GeForce RTX 5060, 591.86, P8, 32, 2, 1099, 8151, 10.03, 145.00, 525, 405, 1, 8
2026-09-07T18:18:29.7563096+07:00,2026/09/07 18:18:29.802, NVIDIA GeForce RTX 5060, 591.86, P8, 32, 1, 1099, 8151, 10.07, 145.00, 517, 405, 1, 8
2026-09-07T18:18:34.8248095+07:00,2026/09/07 18:18:34.933, NVIDIA GeForce RTX 5060, 591.86, P8, 32, 2, 1106, 8151, 9.98, 145.00, 502, 405, 1, 8
2026-09-07T18:18:39.9709431+07:00,2026/09/07 18:18:40.017, NVIDIA GeForce RTX 5060, 591.86, P8, 32, 2, 1106, 8151, 10.12, 145.00, 510, 405, 1, 8
2026-09-07T18:18:45.0394431+07:00,2026/09/07 18:18:45.085, NVIDIA GeForce RTX 5060, 591.86, P8, 32, 2, 1106, 8151, 10.04, 145.00, 495, 405, 1, 8
2026-09-07T18:18:50.1079561+07:00,2026/09/07 18:18:50.154, NVIDIA GeForce RTX 5060, 591.86, P8, 32, 2, 1106, 8151, 10.08, 145.00, 525, 405, 1, 8
2026-09-07T18:18:55.1914566+07:00,2026/09/07 18:18:55.299, NVIDIA GeForce RTX 5060, 591.86, P0, 33, 1, 1080, 8151, 23.77, 145.00, 2572, 14201, 4, 8
2026-09-07T18:19:00.4307518+07:00,2026/09/07 18:19:00.461, NVIDIA GeForce RTX 5060, 591.86, P5, 32, 4, 1085, 8151, 12.70, 145.00, 682, 810, 1, 8
2026-09-07T18:19:05.4754097+07:00,2026/09/07 18:19:05.552, NVIDIA GeForce RTX 5060, 591.86, P3, 33, 1, 1093, 8151, 21.94, 145.00, 2317, 7001, 4, 8
2026-09-07T18:19:10.5771934+07:00,2026/09/07 18:19:10.608, NVIDIA GeForce RTX 5060, 591.86, P5, 33, 1, 1096, 8151, 12.56, 145.00, 750, 810, 2, 8
2026-09-07T18:19:15.6303355+07:00,2026/09/07 18:19:15.661, NVIDIA GeForce RTX 5060, 591.86, P0, 34, 1, 1100, 8151, 25.17, 145.00, 2602, 14201, 4, 8
2026-09-07T18:19:20.6833488+07:00,2026/09/07 18:19:20.714, NVIDIA GeForce RTX 5060, 591.86, P5, 33, 1, 1096, 8151, 13.35, 145.00, 742, 810, 2, 8
2026-09-07T18:19:25.7363488+07:00,2026/09/07 18:19:25.767, NVIDIA GeForce RTX 5060, 591.86, P8, 33, 2, 1096, 8151, 10.62, 145.00, 570, 405, 1, 8
2026-09-07T18:19:30.8513647+07:00,2026/09/07 18:19:30.882, NVIDIA GeForce RTX 5060, 591.86, P8, 32, 2, 1096, 8151, 10.30, 145.00, 577, 405, 1, 8
2026-09-07T18:19:35.9043647+07:00,2026/09/07 18:19:35.935, NVIDIA GeForce RTX 5060, 591.86, P8, 32, 1, 1089, 8151, 10.27, 145.00, 577, 405, 1, 8
2026-09-07T18:19:40.9573799+07:00,2026/09/07 18:19:41.003, NVIDIA GeForce RTX 5060, 591.86, P8, 32, 2, 1089, 8151, 10.40, 145.00, 570, 405, 1, 8
2026-09-07T18:19:46.0258785+07:00,2026/09/07 18:19:46.087, NVIDIA GeForce RTX 5060, 591.86, P8, 32, 2, 1089, 8151, 10.32, 145.00, 577, 405, 1, 8
2026-09-07T18:19:51.1098916+07:00,2026/09/07 18:19:51.156, NVIDIA GeForce RTX 5060, 591.86, P8, 32, 2, 1088, 8151, 10.58, 145.00, 577, 405, 1, 8
2026-09-07T18:19:56.1783931+07:00,2026/09/07 18:19:56.224, NVIDIA GeForce RTX 5060, 591.86, P8, 32, 2, 1088, 8151, 10.37, 145.00, 585, 405, 1, 8
2026-09-07T18:20:01.2934116+07:00,2026/09/07 18:20:01.339, NVIDIA GeForce RTX 5060, 591.86, P8, 32, 3, 1088, 8151, 10.50, 145.00, 570, 405, 1, 8
2026-09-07T18:20:06.3619113+07:00,2026/09/07 18:20:06.392, NVIDIA GeForce RTX 5060, 591.86, P8, 32, 2, 1088, 8151, 10.42, 145.00, 577, 405, 1, 8
2026-09-07T18:20:11.4154289+07:00,2026/09/07 18:20:11.523, NVIDIA GeForce RTX 5060, 591.86, P0, 34, 1, 1087, 8151, 23.64, 145.00, 2572, 14201, 4, 8
2026-09-07T18:20:16.5454262+07:00,2026/09/07 18:20:16.715, NVIDIA GeForce RTX 5060, 591.86, P0, 34, 1, 1087, 8151, 25.27, 145.00, 2640, 14201, 4, 8
2026-09-07T18:20:21.7383356+07:00,2026/09/07 18:20:21.769, NVIDIA GeForce RTX 5060, 591.86, P5, 33, 1, 1088, 8151, 11.50, 145.00, 652, 810, 1, 8
2026-09-07T18:20:26.7913358+07:00,2026/09/07 18:20:26.822, NVIDIA GeForce RTX 5060, 591.86, P8, 33, 4, 1087, 8151, 10.51, 145.00, 562, 405, 1, 8
2026-09-07T18:20:31.8909097+07:00,2026/09/07 18:20:31.921, NVIDIA GeForce RTX 5060, 591.86, P8, 33, 2, 1087, 8151, 10.29, 145.00, 555, 405, 1, 8
2026-09-07T18:20:36.9439096+07:00,2026/09/07 18:20:36.974, NVIDIA GeForce RTX 5060, 591.86, P8, 33, 1, 1087, 8151, 10.32, 145.00, 555, 405, 1, 8
2026-09-07T18:20:41.9966806+07:00,2026/09/07 18:20:42.027, NVIDIA GeForce RTX 5060, 591.86, P8, 33, 1, 1087, 8151, 10.23, 145.00, 555, 405, 1, 8
2026-09-07T18:20:47.0496806+07:00,2026/09/07 18:20:47.080, NVIDIA GeForce RTX 5060, 591.86, P8, 32, 2, 1087, 8151, 10.40, 145.00, 547, 405, 1, 8
2026-09-07T18:20:52.1026933+07:00,2026/09/07 18:20:52.133, NVIDIA GeForce RTX 5060, 591.86, P8, 32, 2, 1087, 8151, 10.29, 145.00, 577, 405, 1, 8
2026-09-07T18:20:57.1556934+07:00,2026/09/07 18:20:57.202, NVIDIA GeForce RTX 5060, 591.86, P8, 32, 2, 1087, 8151, 10.24, 145.00, 547, 405, 1, 8
2026-09-07T18:21:02.2707062+07:00,2026/09/07 18:21:02.317, NVIDIA GeForce RTX 5060, 591.86, P8, 32, 2, 1087, 8151, 10.31, 145.00, 577, 405, 1, 8
2026-09-07T18:21:07.3392060+07:00,2026/09/07 18:21:07.370, NVIDIA GeForce RTX 5060, 591.86, P8, 32, 2, 1087, 8151, 10.00, 145.00, 495, 405, 1, 8
2026-09-07T18:21:12.3918673+07:00,2026/09/07 18:21:12.422, NVIDIA GeForce RTX 5060, 591.86, P8, 32, 2, 1087, 8151, 10.03, 145.00, 510, 405, 1, 8
2026-09-07T18:21:17.4294896+07:00,2026/09/07 18:21:17.475, NVIDIA GeForce RTX 5060, 591.86, P8, 32, 1, 1087, 8151, 10.02, 145.00, 487, 405, 1, 8
2026-09-07T18:21:22.4972975+07:00,2026/09/07 18:21:22.543, NVIDIA GeForce RTX 5060, 591.86, P8, 32, 2, 1087, 8151, 10.07, 145.00, 525, 405, 1, 8
2026-09-07T18:21:27.5657975+07:00,2026/09/07 18:21:27.612, NVIDIA GeForce RTX 5060, 591.86, P8, 32, 1, 1074, 8151, 10.13, 145.00, 525, 405, 1, 8
2026-09-07T18:21:32.6964083+07:00,2026/09/07 18:21:32.727, NVIDIA GeForce RTX 5060, 591.86, P3, 33, 1, 1075, 8151, 22.46, 145.00, 2400, 7001, 4, 8
2026-09-07T18:21:37.7494082+07:00,2026/09/07 18:21:37.795, NVIDIA GeForce RTX 5060, 591.86, P8, 32, 1, 1075, 8151, 10.19, 145.00, 517, 405, 1, 8
2026-09-07T18:21:42.8335215+07:00,2026/09/07 18:21:42.880, NVIDIA GeForce RTX 5060, 591.86, P8, 32, 1, 1072, 8151, 10.22, 145.00, 517, 405, 1, 8
2026-09-07T18:21:47.9020230+07:00,2026/09/07 18:21:47.995, NVIDIA GeForce RTX 5060, 591.86, P8, 32, 1, 1072, 8151, 10.16, 145.00, 517, 405, 1, 8
2026-09-07T18:21:53.0168486+07:00,2026/09/07 18:21:53.063, NVIDIA GeForce RTX 5060, 591.86, P8, 32, 2, 1072, 8151, 10.19, 145.00, 510, 405, 1, 8
2026-09-07T18:21:58.0853485+07:00,2026/09/07 18:21:58.132, NVIDIA GeForce RTX 5060, 591.86, P8, 32, 2, 1072, 8151, 10.08, 145.00, 525, 405, 1, 8
2026-09-07T18:22:03.2003602+07:00,2026/09/07 18:22:03.278, NVIDIA GeForce RTX 5060, 591.86, P8, 32, 1, 1056, 8151, 10.12, 145.00, 525, 405, 1, 8
2026-09-07T18:22:08.2998596+07:00,2026/09/07 18:22:08.330, NVIDIA GeForce RTX 5060, 591.86, P8, 32, 2, 1056, 8151, 10.13, 145.00, 540, 405, 1, 8
2026-09-07T18:22:13.3528676+07:00,2026/09/07 18:22:13.399, NVIDIA GeForce RTX 5060, 591.86, P8, 32, 2, 1056, 8151, 10.14, 145.00, 510, 405, 1, 8
2026-09-07T18:22:18.4213682+07:00,2026/09/07 18:22:18.499, NVIDIA GeForce RTX 5060, 591.86, P8, 32, 2, 1056, 8151, 10.09, 145.00, 532, 405, 1, 8
2026-09-07T18:22:23.5209986+07:00,2026/09/07 18:22:23.567, NVIDIA GeForce RTX 5060, 591.86, P8, 32, 2, 1056, 8151, 10.07, 145.00, 525, 405, 1, 8
2026-09-07T18:22:28.5894984+07:00,2026/09/07 18:22:28.636, NVIDIA GeForce RTX 5060, 591.86, P8, 32, 1, 1056, 8151, 9.94, 145.00, 502, 405, 1, 8
2026-09-07T18:22:33.7355119+07:00,2026/09/07 18:22:33.798, NVIDIA GeForce RTX 5060, 591.86, P8, 32, 2, 1056, 8151, 10.11, 145.00, 510, 405, 1, 8
2026-09-07T18:22:38.8195121+07:00,2026/09/07 18:22:38.866, NVIDIA GeForce RTX 5060, 591.86, P8, 32, 1, 1056, 8151, 10.10, 145.00, 525, 405, 1, 8
2026-09-07T18:22:43.8880248+07:00,2026/09/07 18:22:43.950, NVIDIA GeForce RTX 5060, 591.86, P8, 32, 2, 1056, 8151, 10.09, 145.00, 517, 405, 1, 8
2026-09-07T18:22:48.9720246+07:00,2026/09/07 18:22:49.003, NVIDIA GeForce RTX 5060, 591.86, P8, 32, 1, 1056, 8151, 10.10, 145.00, 510, 405, 1, 8
2026-09-07T18:22:54.0095381+07:00,2026/09/07 18:22:54.133, NVIDIA GeForce RTX 5060, 591.86, P8, 32, 2, 1056, 8151, 10.04, 145.00, 517, 405, 1, 8
2026-09-07T18:22:59.1555378+07:00,2026/09/07 18:22:59.202, NVIDIA GeForce RTX 5060, 591.86, P8, 32, 2, 1056, 8151, 10.14, 145.00, 510, 405, 1, 8
2026-09-07T18:23:04.2705501+07:00,2026/09/07 18:23:04.332, NVIDIA GeForce RTX 5060, 591.86, P8, 32, 2, 1056, 8151, 10.03, 145.00, 525, 405, 1, 8
2026-09-07T18:23:09.3545502+07:00,2026/09/07 18:23:09.465, NVIDIA GeForce RTX 5060, 591.86, P8, 32, 2, 1056, 8151, 9.98, 145.00, 502, 405, 1, 8
2026-09-07T18:23:14.5317471+07:00,2026/09/07 18:23:14.642, NVIDIA GeForce RTX 5060, 591.86, P8, 32, 1, 1056, 8151, 10.10, 145.00, 510, 405, 1, 8
2026-09-07T18:23:19.7242472+07:00,2026/09/07 18:23:19.771, NVIDIA GeForce RTX 5060, 591.86, P8, 32, 2, 1056, 8151, 10.11, 145.00, 525, 405, 1, 8
2026-09-07T18:23:24.7927554+07:00,2026/09/07 18:23:24.839, NVIDIA GeForce RTX 5060, 591.86, P8, 32, 2, 1056, 8151, 10.28, 145.00, 510, 405, 1, 8
2026-09-07T18:23:29.8613505+07:00,2026/09/07 18:23:29.923, NVIDIA GeForce RTX 5060, 591.86, P8, 32, 1, 1056, 8151, 10.07, 145.00, 517, 405, 1, 8
2026-09-07T18:23:34.9920718+07:00,2026/09/07 18:23:35.054, NVIDIA GeForce RTX 5060, 591.86, P8, 32, 1, 1056, 8151, 10.19, 145.00, 532, 405, 1, 8
2026-09-07T18:23:40.1067085+07:00,2026/09/07 18:23:40.137, NVIDIA GeForce RTX 5060, 591.86, P8, 32, 2, 1056, 8151, 10.21, 145.00, 510, 405, 1, 8
2026-09-07T18:23:45.1598838+07:00,2026/09/07 18:23:45.221, NVIDIA GeForce RTX 5060, 591.86, P8, 32, 2, 1056, 8151, 10.36, 145.00, 525, 405, 1, 8
2026-09-07T18:23:50.2440059+07:00,2026/09/07 18:23:50.275, NVIDIA GeForce RTX 5060, 591.86, P8, 32, 2, 1056, 8151, 10.21, 145.00, 525, 405, 1, 8
2026-09-07T18:23:55.2971106+07:00,2026/09/07 18:23:55.328, NVIDIA GeForce RTX 5060, 591.86, P8, 32, 2, 1056, 8151, 10.32, 145.00, 525, 405, 1, 8
2026-09-07T18:24:00.3498384+07:00,2026/09/07 18:24:00.380, NVIDIA GeForce RTX 5060, 591.86, P8, 32, 2, 1056, 8151, 10.26, 145.00, 525, 405, 1, 8
2026-09-07T18:24:05.4649507+07:00,2026/09/07 18:24:05.495, NVIDIA GeForce RTX 5060, 591.86, P8, 32, 2, 1056, 8151, 10.27, 145.00, 525, 405, 1, 8
2026-09-07T18:24:10.5180468+07:00,2026/09/07 18:24:10.549, NVIDIA GeForce RTX 5060, 591.86, P8, 32, 1, 1056, 8151, 10.18, 145.00, 525, 405, 1, 8
2026-09-07T18:24:15.5709666+07:00,2026/09/07 18:24:15.601, NVIDIA GeForce RTX 5060, 591.86, P8, 32, 1, 1056, 8151, 10.10, 145.00, 525, 405, 1, 8
2026-09-07T18:24:20.6242878+07:00,2026/09/07 18:24:20.655, NVIDIA GeForce RTX 5060, 591.86, P8, 32, 2, 1056, 8151, 10.17, 145.00, 525, 405, 1, 8
2026-09-07T18:24:25.6769964+07:00,2026/09/07 18:24:25.707, NVIDIA GeForce RTX 5060, 591.86, P8, 32, 2, 1056, 8151, 10.12, 145.00, 517, 405, 1, 8
2026-09-07T18:24:30.7297064+07:00,2026/09/07 18:24:30.776, NVIDIA GeForce RTX 5060, 591.86, P8, 32, 2, 1056, 8151, 10.13, 145.00, 517, 405, 1, 8
2026-09-07T18:24:35.8912090+07:00,2026/09/07 18:24:35.968, NVIDIA GeForce RTX 5060, 591.86, P8, 32, 2, 1056, 8151, 10.32, 145.00, 525, 405, 1, 8
2026-09-07T18:24:41.0062155+07:00,2026/09/07 18:24:41.037, NVIDIA GeForce RTX 5060, 591.86, P8, 32, 2, 1056, 8151, 10.19, 145.00, 502, 405, 1, 8
2026-09-07T18:24:46.0591462+07:00,2026/09/07 18:24:46.229, NVIDIA GeForce RTX 5060, 591.86, P8, 32, 2, 1056, 8151, 10.31, 145.00, 525, 405, 1, 8
2026-09-07T18:24:51.2672387+07:00,2026/09/07 18:24:51.360, NVIDIA GeForce RTX 5060, 591.86, P8, 32, 1, 1056, 8151, 10.31, 145.00, 525, 405, 1, 8
2026-09-07T18:24:56.3821680+07:00,2026/09/07 18:24:56.444, NVIDIA GeForce RTX 5060, 591.86, P8, 32, 1, 1056, 8151, 10.27, 145.00, 517, 405, 1, 8
2026-09-07T18:25:01.4658994+07:00,2026/09/07 18:25:01.512, NVIDIA GeForce RTX 5060, 591.86, P8, 32, 2, 1056, 8151, 10.33, 145.00, 517, 405, 1, 8
2026-09-07T18:25:06.5968266+07:00,2026/09/07 18:25:06.643, NVIDIA GeForce RTX 5060, 591.86, P8, 32, 2, 1056, 8151, 10.40, 145.00, 532, 405, 1, 8
2026-09-07T18:25:11.6653557+07:00,2026/09/07 18:25:11.696, NVIDIA GeForce RTX 5060, 591.86, P8, 32, 2, 1056, 8151, 10.34, 145.00, 510, 405, 1, 8
2026-09-07T18:25:16.7184614+07:00,2026/09/07 18:25:16.796, NVIDIA GeForce RTX 5060, 591.86, P8, 32, 1, 1056, 8151, 10.34, 145.00, 517, 405, 1, 8
2026-09-07T18:25:21.8182150+07:00,2026/09/07 18:25:21.864, NVIDIA GeForce RTX 5060, 591.86, P8, 32, 2, 1056, 8151, 10.37, 145.00, 532, 405, 1, 8
2026-09-07T18:25:26.8856827+07:00,2026/09/07 18:25:26.932, NVIDIA GeForce RTX 5060, 591.86, P8, 32, 2, 1056, 8151, 10.27, 145.00, 517, 405, 1, 8
2026-09-07T18:25:31.9539317+07:00,2026/09/07 18:25:32.031, NVIDIA GeForce RTX 5060, 591.86, P8, 32, 2, 1056, 8151, 10.27, 145.00, 517, 405, 1, 8
2026-09-07T18:25:37.0999320+07:00,2026/09/07 18:25:37.270, NVIDIA GeForce RTX 5060, 591.86, P8, 32, 2, 1056, 8151, 10.37, 145.00, 532, 405, 1, 8
2026-09-07T18:25:42.3854468+07:00,2026/09/07 18:25:42.555, NVIDIA GeForce RTX 5060, 591.86, P8, 32, 1, 1056, 8151, 10.40, 145.00, 510, 405, 1, 8
2026-09-07T18:25:47.5779605+07:00,2026/09/07 18:25:47.686, NVIDIA GeForce RTX 5060, 591.86, P8, 32, 2, 1056, 8151, 10.38, 145.00, 525, 405, 1, 8
2026-09-07T18:25:52.7084603+07:00,2026/09/07 18:25:52.786, NVIDIA GeForce RTX 5060, 591.86, P8, 32, 2, 1056, 8151, 10.12, 145.00, 510, 405, 1, 8
2026-09-07T18:25:57.8544745+07:00,2026/09/07 18:25:57.978, NVIDIA GeForce RTX 5060, 591.86, P8, 32, 2, 1056, 8151, 10.34, 145.00, 525, 405, 1, 8
2026-09-07T18:26:03.0159741+07:00,2026/09/07 18:26:03.171, NVIDIA GeForce RTX 5060, 591.86, P8, 32, 2, 1056, 8151, 10.30, 145.00, 517, 405, 1, 8
2026-09-07T18:26:08.3169869+07:00,2026/09/07 18:26:08.379, NVIDIA GeForce RTX 5060, 591.86, P8, 32, 2, 1056, 8151, 10.50, 145.00, 502, 405, 1, 8
2026-09-07T18:26:13.4319916+07:00,2026/09/07 18:26:13.478, NVIDIA GeForce RTX 5060, 591.86, P8, 32, 10, 1056, 8151, 9.34, 145.00, 322, 405, 1, 8
2026-09-07T18:26:18.5005345+07:00,2026/09/07 18:26:18.563, NVIDIA GeForce RTX 5060, 591.86, P8, 32, 1, 1056, 8151, 10.54, 145.00, 510, 405, 1, 8
2026-09-07T18:26:23.6155364+07:00,2026/09/07 18:26:23.681, NVIDIA GeForce RTX 5060, 591.86, P8, 32, 2, 1056, 8151, 10.41, 145.00, 517, 405, 1, 8
2026-09-07T18:26:28.6995517+07:00,2026/09/07 18:26:28.761, NVIDIA GeForce RTX 5060, 591.86, P8, 32, 2, 1056, 8151, 10.29, 145.00, 517, 405, 1, 8
2026-09-07T18:26:33.7836571+07:00,2026/09/07 18:26:33.814, NVIDIA GeForce RTX 5060, 591.86, P8, 32, 2, 1056, 8151, 10.23, 145.00, 517, 405, 1, 8
2026-09-07T18:26:38.8831699+07:00,2026/09/07 18:26:38.914, NVIDIA GeForce RTX 5060, 591.86, P8, 32, 2, 1056, 8151, 10.14, 145.00, 510, 405, 1, 8
2026-09-07T18:26:43.9361699+07:00,2026/09/07 18:26:43.967, NVIDIA GeForce RTX 5060, 591.86, P8, 32, 2, 1056, 8151, 10.27, 145.00, 525, 405, 1, 8
2026-09-07T18:26:48.9736836+07:00,2026/09/07 18:26:49.020, NVIDIA GeForce RTX 5060, 591.86, P8, 32, 2, 1056, 8151, 10.24, 145.00, 517, 405, 1, 8
2026-09-07T18:26:54.0731836+07:00,2026/09/07 18:26:54.119, NVIDIA GeForce RTX 5060, 591.86, P8, 32, 2, 1056, 8151, 10.27, 145.00, 532, 405, 1, 8
2026-09-07T18:26:59.1727000+07:00,2026/09/07 18:26:59.235, NVIDIA GeForce RTX 5060, 591.86, P8, 32, 2, 1056, 8151, 10.26, 145.00, 517, 405, 1, 8
2026-09-07T18:27:04.2877001+07:00,2026/09/07 18:27:04.365, NVIDIA GeForce RTX 5060, 591.86, P8, 32, 2, 1056, 8151, 10.19, 145.00, 517, 405, 1, 8
2026-09-07T18:27:09.4337134+07:00,2026/09/07 18:27:09.480, NVIDIA GeForce RTX 5060, 591.86, P8, 32, 2, 1056, 8151, 10.22, 145.00, 517, 405, 1, 8
2026-09-07T18:27:14.5022945+07:00,2026/09/07 18:27:14.549, NVIDIA GeForce RTX 5060, 591.86, P8, 32, 2, 1056, 8151, 10.24, 145.00, 517, 405, 1, 8
2026-09-07T18:27:19.5708390+07:00,2026/09/07 18:27:19.632, NVIDIA GeForce RTX 5060, 591.86, P8, 32, 2, 1069, 8151, 10.22, 145.00, 525, 405, 1, 8
2026-09-07T18:27:24.6549609+07:00,2026/09/07 18:27:24.732, NVIDIA GeForce RTX 5060, 591.86, P8, 32, 2, 1069, 8151, 10.18, 145.00, 525, 405, 1, 8
2026-09-07T18:27:29.7544540+07:00,2026/09/07 18:27:29.816, NVIDIA GeForce RTX 5060, 591.86, P8, 32, 2, 1069, 8151, 10.27, 145.00, 525, 405, 1, 8
2026-09-07T18:27:34.8384551+07:00,2026/09/07 18:27:34.900, NVIDIA GeForce RTX 5060, 591.86, P8, 32, 2, 1069, 8151, 10.21, 145.00, 525, 405, 1, 8
2026-09-07T18:27:39.9844670+07:00,2026/09/07 18:27:40.031, NVIDIA GeForce RTX 5060, 591.86, P8, 32, 2, 1069, 8151, 10.05, 145.00, 517, 405, 1, 8
2026-09-07T18:27:45.0526080+07:00,2026/09/07 18:27:45.083, NVIDIA GeForce RTX 5060, 591.86, P8, 32, 2, 1069, 8151, 10.16, 145.00, 525, 405, 1, 8
2026-09-07T18:27:50.1056196+07:00,2026/09/07 18:27:50.136, NVIDIA GeForce RTX 5060, 591.86, P8, 32, 2, 1067, 8151, 10.19, 145.00, 502, 405, 1, 8
2026-09-07T18:27:55.1586199+07:00,2026/09/07 18:27:55.220, NVIDIA GeForce RTX 5060, 591.86, P8, 32, 1, 1067, 8151, 10.30, 145.00, 510, 405, 1, 8
2026-09-07T18:28:00.2426319+07:00,2026/09/07 18:28:00.289, NVIDIA GeForce RTX 5060, 591.86, P8, 32, 2, 1067, 8151, 10.12, 145.00, 517, 405, 1, 8
2026-09-07T18:28:05.3112451+07:00,2026/09/07 18:28:05.357, NVIDIA GeForce RTX 5060, 591.86, P8, 32, 2, 1067, 8151, 10.09, 145.00, 502, 405, 1, 8
2026-09-07T18:28:10.4417589+07:00,2026/09/07 18:28:10.472, NVIDIA GeForce RTX 5060, 591.86, P8, 32, 1, 1067, 8151, 10.02, 145.00, 495, 405, 1, 8
2026-09-07T18:28:15.4947587+07:00,2026/09/07 18:28:15.556, NVIDIA GeForce RTX 5060, 591.86, P8, 32, 2, 1067, 8151, 10.10, 145.00, 532, 405, 1, 8
2026-09-07T18:28:20.5787586+07:00,2026/09/07 18:28:20.625, NVIDIA GeForce RTX 5060, 591.86, P8, 32, 2, 1067, 8151, 10.18, 145.00, 525, 405, 1, 8
2026-09-07T18:28:25.6469266+07:00,2026/09/07 18:28:25.693, NVIDIA GeForce RTX 5060, 591.86, P8, 32, 2, 1067, 8151, 10.26, 145.00, 517, 405, 1, 8
2026-09-07T18:28:30.7152550+07:00,2026/09/07 18:28:30.762, NVIDIA GeForce RTX 5060, 591.86, P8, 32, 2, 1067, 8151, 10.22, 145.00, 532, 405, 1, 8
2026-09-07T18:28:35.7838859+07:00,2026/09/07 18:28:35.830, NVIDIA GeForce RTX 5060, 591.86, P8, 32, 2, 1067, 8151, 10.16, 145.00, 510, 405, 1, 8
2026-09-07T18:28:40.8988858+07:00,2026/09/07 18:28:40.976, NVIDIA GeForce RTX 5060, 591.86, P8, 32, 2, 1067, 8151, 10.14, 145.00, 525, 405, 1, 8
2026-09-07T18:28:45.9983996+07:00,2026/09/07 18:28:46.044, NVIDIA GeForce RTX 5060, 591.86, P8, 32, 2, 1067, 8151, 10.30, 145.00, 517, 405, 1, 8
2026-09-07T18:28:51.0668996+07:00,2026/09/07 18:28:51.097, NVIDIA GeForce RTX 5060, 591.86, P8, 32, 2, 1067, 8151, 10.24, 145.00, 517, 405, 1, 8
2026-09-07T18:28:56.1199131+07:00,2026/09/07 18:28:56.150, NVIDIA GeForce RTX 5060, 591.86, P8, 32, 1, 1067, 8151, 10.11, 145.00, 510, 405, 1, 8
2026-09-07T18:29:01.1728607+07:00,2026/09/07 18:29:01.203, NVIDIA GeForce RTX 5060, 591.86, P8, 32, 1, 1059, 8151, 10.11, 145.00, 525, 405, 1, 8
2026-09-07T18:29:06.2253900+07:00,2026/09/07 18:29:06.256, NVIDIA GeForce RTX 5060, 591.86, P8, 32, 1, 1059, 8151, 10.00, 145.00, 532, 405, 1, 8
2026-09-07T18:29:11.3242841+07:00,2026/09/07 18:29:11.355, NVIDIA GeForce RTX 5060, 591.86, P8, 32, 1, 1059, 8151, 10.00, 145.00, 510, 405, 1, 8
2026-09-07T18:29:16.3769593+07:00,2026/09/07 18:29:16.407, NVIDIA GeForce RTX 5060, 591.86, P8, 32, 1, 1059, 8151, 10.15, 145.00, 525, 405, 1, 8
2026-09-07T18:29:21.4300669+07:00,2026/09/07 18:29:21.461, NVIDIA GeForce RTX 5060, 591.86, P8, 32, 1, 1059, 8151, 9.94, 145.00, 502, 405, 1, 8
2026-09-07T18:29:26.4678858+07:00,2026/09/07 18:29:26.498, NVIDIA GeForce RTX 5060, 591.86, P8, 32, 1, 1061, 8151, 10.09, 145.00, 510, 405, 1, 8
2026-09-07T18:29:31.5204958+07:00,2026/09/07 18:29:31.582, NVIDIA GeForce RTX 5060, 591.86, P8, 32, 1, 1070, 8151, 10.09, 145.00, 525, 405, 1, 8
2026-09-07T18:29:36.6046207+07:00,2026/09/07 18:29:36.666, NVIDIA GeForce RTX 5060, 591.86, P8, 32, 2, 1059, 8151, 10.14, 145.00, 510, 405, 1, 8
2026-09-07T18:29:41.7506919+07:00,2026/09/07 18:29:41.781, NVIDIA GeForce RTX 5060, 591.86, P8, 32, 2, 1059, 8151, 10.34, 145.00, 525, 405, 1, 8
2026-09-07T18:29:46.8037003+07:00,2026/09/07 18:29:46.850, NVIDIA GeForce RTX 5060, 591.86, P8, 32, 2, 1059, 8151, 10.31, 145.00, 517, 405, 1, 8
2026-09-07T18:29:51.8718519+07:00,2026/09/07 18:29:51.918, NVIDIA GeForce RTX 5060, 591.86, P8, 32, 2, 1059, 8151, 10.37, 145.00, 525, 405, 1, 8
2026-09-07T18:29:56.9404310+07:00,2026/09/07 18:29:57.002, NVIDIA GeForce RTX 5060, 591.86, P8, 32, 2, 1059, 8151, 10.22, 145.00, 525, 405, 1, 8
2026-09-07T18:30:02.0245164+07:00,2026/09/07 18:30:02.071, NVIDIA GeForce RTX 5060, 591.86, P8, 32, 2, 1059, 8151, 10.20, 145.00, 517, 405, 1, 8
2026-09-07T18:30:07.0930339+07:00,2026/09/07 18:30:07.139, NVIDIA GeForce RTX 5060, 591.86, P8, 32, 2, 1059, 8151, 10.33, 145.00, 517, 405, 1, 8
2026-09-07T18:30:12.2235342+07:00,2026/09/07 18:30:12.285, NVIDIA GeForce RTX 5060, 591.86, P8, 32, 1, 1059, 8151, 10.16, 145.00, 517, 405, 1, 8
2026-09-07T18:30:17.3076844+07:00,2026/09/07 18:30:17.400, NVIDIA GeForce RTX 5060, 591.86, P8, 32, 2, 1059, 8151, 10.09, 145.00, 510, 405, 1, 8
2026-09-07T18:30:22.4228029+07:00,2026/09/07 18:30:22.484, NVIDIA GeForce RTX 5060, 591.86, P8, 32, 2, 1059, 8151, 10.21, 145.00, 525, 405, 1, 8
2026-09-07T18:30:27.5069391+07:00,2026/09/07 18:30:27.553, NVIDIA GeForce RTX 5060, 591.86, P8, 32, 2, 1059, 8151, 10.20, 145.00, 525, 405, 1, 8
2026-09-07T18:30:32.5756266+07:00,2026/09/07 18:30:32.653, NVIDIA GeForce RTX 5060, 591.86, P8, 32, 2, 1059, 8151, 10.17, 145.00, 517, 405, 1, 8
2026-09-07T18:30:37.6746295+07:00,2026/09/07 18:30:37.721, NVIDIA GeForce RTX 5060, 591.86, P8, 32, 2, 1059, 8151, 10.21, 145.00, 525, 405, 1, 8
2026-09-07T18:30:42.7898624+07:00,2026/09/07 18:30:42.836, NVIDIA GeForce RTX 5060, 591.86, P8, 32, 1, 1059, 8151, 10.25, 145.00, 517, 405, 1, 8
2026-09-07T18:30:47.8583773+07:00,2026/09/07 18:30:47.935, NVIDIA GeForce RTX 5060, 591.86, P8, 32, 2, 1059, 8151, 10.25, 145.00, 517, 405, 1, 8
2026-09-07T18:30:52.9578772+07:00,2026/09/07 18:30:53.019, NVIDIA GeForce RTX 5060, 591.86, P8, 32, 2, 1059, 8151, 10.16, 145.00, 517, 405, 1, 8
2026-09-07T18:30:58.0419689+07:00,2026/09/07 18:30:58.103, NVIDIA GeForce RTX 5060, 591.86, P8, 32, 1, 1059, 8151, 10.14, 145.00, 510, 405, 1, 8
2026-09-07T18:31:03.1261992+07:00,2026/09/07 18:31:03.188, NVIDIA GeForce RTX 5060, 591.86, P8, 32, 2, 1059, 8151, 10.15, 145.00, 517, 405, 1, 8
2026-09-07T18:31:08.2102118+07:00,2026/09/07 18:31:08.241, NVIDIA GeForce RTX 5060, 591.86, P8, 32, 2, 1059, 8151, 10.16, 145.00, 517, 405, 1, 8
2026-09-07T18:31:13.3103212+07:00,2026/09/07 18:31:13.371, NVIDIA GeForce RTX 5060, 591.86, P8, 32, 2, 1059, 8151, 10.06, 145.00, 525, 405, 1, 8
2026-09-07T18:31:18.3938331+07:00,2026/09/07 18:31:18.471, NVIDIA GeForce RTX 5060, 591.86, P0, 33, 5, 1068, 8151, 22.76, 145.00, 2587, 14201, 4, 8
2026-09-07T18:31:23.4933331+07:00,2026/09/07 18:31:23.570, NVIDIA GeForce RTX 5060, 591.86, P5, 32, 1, 1059, 8151, 11.89, 145.00, 630, 810, 2, 8
2026-09-07T18:31:28.5926014+07:00,2026/09/07 18:31:28.670, NVIDIA GeForce RTX 5060, 591.86, P8, 32, 2, 1059, 8151, 10.07, 145.00, 517, 405, 1, 8
2026-09-07T18:31:33.6921596+07:00,2026/09/07 18:31:33.909, NVIDIA GeForce RTX 5060, 591.86, P8, 32, 2, 1059, 8151, 10.20, 145.00, 510, 405, 1, 8
2026-09-07T18:31:38.9621715+07:00,2026/09/07 18:31:39.272, NVIDIA GeForce RTX 5060, 591.86, P8, 32, 2, 1059, 8151, 10.23, 145.00, 525, 405, 1, 8
2026-09-07T18:31:44.3561718+07:00,2026/09/07 18:31:44.402, NVIDIA GeForce RTX 5060, 591.86, P8, 32, 2, 1059, 8151, 10.18, 145.00, 532, 405, 1, 8
2026-09-07T18:31:49.4400943+07:00,2026/09/07 18:31:49.486, NVIDIA GeForce RTX 5060, 591.86, P8, 32, 2, 1059, 8151, 10.32, 145.00, 525, 405, 1, 8
2026-09-07T18:31:54.5238296+07:00,2026/09/07 18:31:54.601, NVIDIA GeForce RTX 5060, 591.86, P8, 32, 2, 1059, 8151, 10.12, 145.00, 517, 405, 1, 8
2026-09-07T18:31:59.6233400+07:00,2026/09/07 18:31:59.685, NVIDIA GeForce RTX 5060, 591.86, P8, 32, 2, 1059, 8151, 10.24, 145.00, 525, 405, 1, 8
2026-09-07T18:32:04.7069885+07:00,2026/09/07 18:32:04.768, NVIDIA GeForce RTX 5060, 591.86, P8, 32, 2, 1059, 8151, 10.30, 145.00, 510, 405, 1, 8
2026-09-07T18:32:09.7911121+07:00,2026/09/07 18:32:09.868, NVIDIA GeForce RTX 5060, 591.86, P8, 32, 2, 1059, 8151, 10.29, 145.00, 517, 405, 1, 8
2026-09-07T18:32:14.9526142+07:00,2026/09/07 18:32:15.014, NVIDIA GeForce RTX 5060, 591.86, P8, 32, 2, 1059, 8151, 10.26, 145.00, 517, 405, 1, 8
2026-09-07T18:32:20.0521240+07:00,2026/09/07 18:32:20.160, NVIDIA GeForce RTX 5060, 591.86, P8, 32, 2, 1059, 8151, 10.28, 145.00, 517, 405, 1, 8
2026-09-07T18:32:25.1826240+07:00,2026/09/07 18:32:25.322, NVIDIA GeForce RTX 5060, 591.86, P8, 32, 2, 1059, 8151, 9.98, 145.00, 517, 405, 1, 8
2026-09-07T18:32:30.3441370+07:00,2026/09/07 18:32:30.406, NVIDIA GeForce RTX 5060, 591.86, P8, 32, 2, 1044, 8151, 10.23, 145.00, 592, 405, 1, 8
2026-09-07T18:32:35.4271750+07:00,2026/09/07 18:32:35.473, NVIDIA GeForce RTX 5060, 591.86, P8, 32, 2, 1016, 8151, 10.17, 145.00, 517, 405, 1, 8
2026-09-07T18:32:40.4956881+07:00,2026/09/07 18:32:40.619, NVIDIA GeForce RTX 5060, 591.86, P8, 32, 2, 1016, 8151, 10.24, 145.00, 510, 405, 1, 8
2026-09-07T18:32:45.7036880+07:00,2026/09/07 18:32:45.796, NVIDIA GeForce RTX 5060, 591.86, P8, 32, 1, 989, 8151, 10.38, 145.00, 517, 405, 1, 8
2026-09-07T18:32:50.8188065+07:00,2026/09/07 18:32:50.911, NVIDIA GeForce RTX 5060, 591.86, P8, 32, 3, 995, 8151, 10.01, 145.00, 510, 405, 1, 8
2026-09-07T18:32:55.9338066+07:00,2026/09/07 18:32:56.042, NVIDIA GeForce RTX 5060, 591.86, P8, 32, 1, 992, 8151, 10.10, 145.00, 502, 405, 1, 8
2026-09-07T18:33:01.0643849+07:00,2026/09/07 18:33:01.141, NVIDIA GeForce RTX 5060, 591.86, P8, 32, 2, 983, 8151, 10.26, 145.00, 525, 405, 1, 8
2026-09-07T18:33:06.1638845+07:00,2026/09/07 18:33:06.272, NVIDIA GeForce RTX 5060, 591.86, P0, 32, 9, 1022, 8151, 13.51, 145.00, 1170, 14201, 4, 8
2026-09-07T18:33:11.2943937+07:00,2026/09/07 18:33:11.340, NVIDIA GeForce RTX 5060, 591.86, P5, 32, 2, 1027, 8151, 14.25, 145.00, 735, 810, 2, 8
2026-09-07T18:33:16.4245255+07:00,2026/09/07 18:33:16.487, NVIDIA GeForce RTX 5060, 591.86, P8, 32, 1, 1022, 8151, 10.12, 145.00, 525, 405, 1, 8
2026-09-07T18:33:21.5240386+07:00,2026/09/07 18:33:21.617, NVIDIA GeForce RTX 5060, 591.86, P8, 32, 3, 997, 8151, 10.35, 145.00, 555, 405, 1, 8
2026-09-07T18:33:26.6545390+07:00,2026/09/07 18:33:26.685, NVIDIA GeForce RTX 5060, 591.86, P5, 32, 2, 1006, 8151, 12.99, 145.00, 877, 810, 2, 8
2026-09-07T18:33:31.7075535+07:00,2026/09/07 18:33:31.738, NVIDIA GeForce RTX 5060, 591.86, P8, 32, 1, 1006, 8151, 12.21, 145.00, 622, 405, 1, 8
2026-09-07T18:33:36.7605468+07:00,2026/09/07 18:33:36.838, NVIDIA GeForce RTX 5060, 591.86, P5, 32, 8, 1029, 8151, 14.11, 145.00, 1155, 810, 2, 8
2026-09-07T18:33:41.8600586+07:00,2026/09/07 18:33:41.922, NVIDIA GeForce RTX 5060, 591.86, P8, 32, 1, 1023, 8151, 10.28, 145.00, 517, 405, 1, 8
2026-09-07T18:33:47.0215561+07:00,2026/09/07 18:33:47.068, NVIDIA GeForce RTX 5060, 591.86, P8, 32, 1, 1023, 8151, 10.15, 145.00, 502, 405, 1, 8
2026-09-07T18:33:52.1054229+07:00,2026/09/07 18:33:52.151, NVIDIA GeForce RTX 5060, 591.86, P8, 32, 1, 997, 8151, 10.56, 145.00, 510, 405, 1, 8
2026-09-07T18:33:57.2043944+07:00,2026/09/07 18:33:57.250, NVIDIA GeForce RTX 5060, 591.86, P8, 32, 2, 997, 8151, 10.31, 145.00, 540, 405, 1, 8
2026-09-07T18:34:02.2729058+07:00,2026/09/07 18:34:02.381, NVIDIA GeForce RTX 5060, 591.86, P8, 32, 2, 992, 8151, 10.37, 145.00, 510, 405, 1, 8
2026-09-07T18:34:07.4809074+07:00,2026/09/07 18:34:07.558, NVIDIA GeForce RTX 5060, 591.86, P8, 32, 2, 992, 8151, 10.36, 145.00, 517, 405, 1, 8
2026-09-07T18:34:12.5804147+07:00,2026/09/07 18:34:12.626, NVIDIA GeForce RTX 5060, 591.86, P8, 32, 2, 992, 8151, 10.38, 145.00, 555, 405, 1, 8
2026-09-07T18:34:17.6954147+07:00,2026/09/07 18:34:17.742, NVIDIA GeForce RTX 5060, 591.86, P8, 32, 1, 992, 8151, 10.17, 145.00, 510, 405, 1, 8
2026-09-07T18:34:22.7640019+07:00,2026/09/07 18:34:22.810, NVIDIA GeForce RTX 5060, 591.86, P8, 32, 1, 992, 8151, 10.24, 145.00, 525, 405, 1, 8
2026-09-07T18:34:27.8326113+07:00,2026/09/07 18:34:27.910, NVIDIA GeForce RTX 5060, 591.86, P8, 32, 2, 992, 8151, 10.43, 145.00, 600, 405, 1, 8
2026-09-07T18:34:32.9632379+07:00,2026/09/07 18:34:33.040, NVIDIA GeForce RTX 5060, 591.86, P8, 32, 1, 980, 8151, 10.33, 145.00, 517, 405, 1, 8
2026-09-07T18:34:38.0627380+07:00,2026/09/07 18:34:38.093, NVIDIA GeForce RTX 5060, 591.86, P8, 32, 1, 980, 8151, 10.35, 145.00, 525, 405, 1, 8
2026-09-07T18:34:43.1153896+07:00,2026/09/07 18:34:43.239, NVIDIA GeForce RTX 5060, 591.86, P8, 32, 2, 980, 8151, 10.25, 145.00, 525, 405, 1, 8
2026-09-07T18:34:48.3076136+07:00,2026/09/07 18:34:48.354, NVIDIA GeForce RTX 5060, 591.86, P8, 32, 2, 980, 8151, 10.26, 145.00, 517, 405, 1, 8
2026-09-07T18:34:53.3762274+07:00,2026/09/07 18:34:53.485, NVIDIA GeForce RTX 5060, 591.86, P8, 32, 2, 980, 8151, 10.29, 145.00, 525, 405, 1, 8
2026-09-07T18:34:58.5532275+07:00,2026/09/07 18:34:58.615, NVIDIA GeForce RTX 5060, 591.86, P8, 32, 2, 980, 8151, 10.41, 145.00, 525, 405, 1, 8
2026-09-07T18:35:03.6372373+07:00,2026/09/07 18:35:03.668, NVIDIA GeForce RTX 5060, 591.86, P8, 32, 2, 980, 8151, 10.30, 145.00, 517, 405, 1, 8
2026-09-07T18:35:08.7367376+07:00,2026/09/07 18:35:08.798, NVIDIA GeForce RTX 5060, 591.86, P8, 32, 1, 980, 8151, 10.19, 145.00, 517, 405, 1, 8
2026-09-07T18:35:13.8212497+07:00,2026/09/07 18:35:13.882, NVIDIA GeForce RTX 5060, 591.86, P8, 32, 1, 980, 8151, 10.06, 145.00, 495, 405, 1, 8
2026-09-07T18:35:18.9822505+07:00,2026/09/07 18:35:19.028, NVIDIA GeForce RTX 5060, 591.86, P8, 32, 9, 980, 8151, 10.38, 145.00, 547, 405, 1, 8
2026-09-07T18:35:24.0508748+07:00,2026/09/07 18:35:24.112, NVIDIA GeForce RTX 5060, 591.86, P8, 32, 1, 980, 8151, 10.23, 145.00, 517, 405, 1, 8
2026-09-07T18:35:29.1348750+07:00,2026/09/07 18:35:29.181, NVIDIA GeForce RTX 5060, 591.86, P8, 32, 1, 980, 8151, 10.32, 145.00, 517, 405, 1, 8
2026-09-07T18:35:34.2033876+07:00,2026/09/07 18:35:34.249, NVIDIA GeForce RTX 5060, 591.86, P8, 32, 2, 980, 8151, 10.33, 145.00, 525, 405, 1, 8
2026-09-07T18:35:39.2873874+07:00,2026/09/07 18:35:39.349, NVIDIA GeForce RTX 5060, 591.86, P8, 32, 1, 980, 8151, 10.14, 145.00, 525, 405, 1, 8
2026-09-07T18:35:44.3714857+07:00,2026/09/07 18:35:44.433, NVIDIA GeForce RTX 5060, 591.86, P8, 32, 2, 980, 8151, 9.99, 145.00, 525, 405, 1, 8
2026-09-07T18:35:49.5174851+07:00,2026/09/07 18:35:49.563, NVIDIA GeForce RTX 5060, 591.86, P8, 32, 2, 980, 8151, 10.22, 145.00, 585, 405, 1, 8
2026-09-07T18:35:54.6016040+07:00,2026/09/07 18:35:54.725, NVIDIA GeForce RTX 5060, 591.86, P8, 32, 3, 980, 8151, 10.24, 145.00, 517, 405, 1, 8
2026-09-07T18:35:59.7627394+07:00,2026/09/07 18:35:59.793, NVIDIA GeForce RTX 5060, 591.86, P8, 32, 1, 980, 8151, 10.20, 145.00, 540, 405, 1, 8
2026-09-07T18:36:04.8002514+07:00,2026/09/07 18:36:04.831, NVIDIA GeForce RTX 5060, 591.86, P8, 32, 1, 980, 8151, 10.33, 145.00, 525, 405, 1, 8
2026-09-07T18:36:09.8532516+07:00,2026/09/07 18:36:09.884, NVIDIA GeForce RTX 5060, 591.86, P8, 32, 2, 980, 8151, 10.20, 145.00, 540, 405, 1, 8
2026-09-07T18:36:14.9062640+07:00,2026/09/07 18:36:14.937, NVIDIA GeForce RTX 5060, 591.86, P8, 32, 1, 980, 8151, 10.07, 145.00, 502, 405, 1, 8
2026-09-07T18:36:20.0059753+07:00,2026/09/07 18:36:20.036, NVIDIA GeForce RTX 5060, 591.86, P8, 32, 1, 980, 8151, 10.48, 145.00, 532, 405, 1, 8
2026-09-07T18:36:25.0588160+07:00,2026/09/07 18:36:25.089, NVIDIA GeForce RTX 5060, 591.86, P8, 32, 1, 980, 8151, 10.18, 145.00, 525, 405, 1, 8
2026-09-07T18:36:30.0964235+07:00,2026/09/07 18:36:30.127, NVIDIA GeForce RTX 5060, 591.86, P8, 32, 1, 980, 8151, 10.21, 145.00, 540, 405, 1, 8
2026-09-07T18:36:35.1494358+07:00,2026/09/07 18:36:35.180, NVIDIA GeForce RTX 5060, 591.86, P8, 32, 1, 980, 8151, 10.37, 145.00, 517, 405, 1, 8
2026-09-07T18:36:40.2024369+07:00,2026/09/07 18:36:40.233, NVIDIA GeForce RTX 5060, 591.86, P8, 32, 9, 980, 8151, 10.45, 145.00, 577, 405, 1, 8
2026-09-07T18:36:45.2554486+07:00,2026/09/07 18:36:45.286, NVIDIA GeForce RTX 5060, 591.86, P8, 32, 2, 980, 8151, 10.22, 145.00, 510, 405, 1, 8
2026-09-07T18:36:50.3549485+07:00,2026/09/07 18:36:50.463, NVIDIA GeForce RTX 5060, 591.86, P8, 32, 2, 980, 8151, 10.35, 145.00, 525, 405, 1, 8
2026-09-07T18:36:55.5474615+07:00,2026/09/07 18:36:55.593, NVIDIA GeForce RTX 5060, 591.86, P8, 32, 2, 980, 8151, 10.28, 145.00, 555, 405, 1, 8
2026-09-07T18:37:00.6153072+07:00,2026/09/07 18:37:00.677, NVIDIA GeForce RTX 5060, 591.86, P8, 32, 2, 980, 8151, 10.05, 145.00, 502, 405, 1, 8
2026-09-07T18:37:05.6967630+07:00,2026/09/07 18:37:05.851, NVIDIA GeForce RTX 5060, 591.86, P8, 32, 0, 838, 8151, 8.55, 145.00, 210, 405, 1, 8
2026-09-07T18:37:10.8810638+07:00,2026/09/07 18:37:10.926, NVIDIA GeForce RTX 5060, 591.86, P8, 31, 0, 838, 8151, 8.10, 145.00, 210, 405, 1, 8
2026-09-07T18:37:15.9422070+07:00,2026/09/07 18:37:15.973, NVIDIA GeForce RTX 5060, 591.86, P8, 32, 0, 873, 8151, 9.19, 145.00, 472, 405, 1, 8
2026-09-07T18:37:21.0419309+07:00,2026/09/07 18:37:21.087, NVIDIA GeForce RTX 5060, 591.86, P8, 32, 0, 873, 8151, 8.51, 145.00, 210, 405, 1, 8
2026-09-07T18:37:26.0983758+07:00,2026/09/07 18:37:26.127, NVIDIA GeForce RTX 5060, 591.86, P8, 31, 0, 872, 8151, 8.60, 145.00, 210, 405, 1, 8
2026-09-07T18:37:31.1357069+07:00,2026/09/07 18:37:31.180, NVIDIA GeForce RTX 5060, 591.86, P8, 31, 0, 871, 8151, 8.40, 145.00, 210, 405, 1, 8
2026-09-07T18:37:36.2016235+07:00,2026/09/07 18:37:36.246, NVIDIA GeForce RTX 5060, 591.86, P8, 31, 0, 871, 8151, 8.27, 145.00, 210, 405, 1, 8
2026-09-07T18:37:41.2676346+07:00,2026/09/07 18:37:41.296, NVIDIA GeForce RTX 5060, 591.86, P8, 31, 0, 867, 8151, 8.40, 145.00, 210, 405, 1, 8
2026-09-07T18:37:46.3130131+07:00,2026/09/07 18:37:46.358, NVIDIA GeForce RTX 5060, 591.86, P5, 32, 0, 866, 8151, 15.10, 145.00, 210, 810, 2, 8
2026-09-07T18:37:51.4226443+07:00,2026/09/07 18:37:51.467, NVIDIA GeForce RTX 5060, 591.86, P8, 31, 0, 866, 8151, 8.51, 145.00, 210, 405, 1, 8
2026-09-07T18:37:56.4786111+07:00,2026/09/07 18:37:56.522, NVIDIA GeForce RTX 5060, 591.86, P8, 31, 0, 866, 8151, 8.61, 145.00, 210, 405, 1, 8
2026-09-07T18:38:01.5437265+07:00,2026/09/07 18:38:01.588, NVIDIA GeForce RTX 5060, 591.86, P8, 31, 0, 866, 8151, 8.34, 145.00, 210, 405, 1, 8
2026-09-07T18:38:06.6103697+07:00,2026/09/07 18:38:06.640, NVIDIA GeForce RTX 5060, 591.86, P8, 31, 0, 866, 8151, 8.23, 145.00, 247, 405, 1, 8
2026-09-07T18:38:11.6618781+07:00,2026/09/07 18:38:11.691, NVIDIA GeForce RTX 5060, 591.86, P8, 31, 0, 866, 8151, 8.18, 145.00, 247, 405, 1, 8
2026-09-07T18:38:16.7094327+07:00,2026/09/07 18:38:16.753, NVIDIA GeForce RTX 5060, 591.86, P8, 31, 0, 866, 8151, 8.36, 145.00, 210, 405, 1, 8
2026-09-07T18:38:21.8197147+07:00,2026/09/07 18:38:21.863, NVIDIA GeForce RTX 5060, 591.86, P8, 31, 0, 866, 8151, 8.34, 145.00, 210, 405, 1, 8
2026-09-07T18:38:26.8844722+07:00,2026/09/07 18:38:26.915, NVIDIA GeForce RTX 5060, 591.86, P8, 31, 0, 866, 8151, 8.38, 145.00, 210, 405, 1, 8
2026-09-07T18:38:31.9329208+07:00,2026/09/07 18:38:31.962, NVIDIA GeForce RTX 5060, 591.86, P8, 31, 0, 866, 8151, 8.29, 145.00, 255, 405, 1, 8
2026-09-07T18:38:36.9852884+07:00,2026/09/07 18:38:37.030, NVIDIA GeForce RTX 5060, 591.86, P8, 31, 0, 866, 8151, 8.36, 145.00, 247, 405, 1, 8
2026-09-07T18:38:42.0406117+07:00,2026/09/07 18:38:42.084, NVIDIA GeForce RTX 5060, 591.86, P8, 31, 0, 866, 8151, 8.17, 145.00, 210, 405, 1, 8
2026-09-07T18:38:47.1023966+07:00,2026/09/07 18:38:47.147, NVIDIA GeForce RTX 5060, 591.86, P8, 31, 0, 866, 8151, 8.19, 145.00, 247, 405, 1, 8
2026-09-07T18:38:52.2117300+07:00,2026/09/07 18:38:52.256, NVIDIA GeForce RTX 5060, 591.86, P1, 32, 0, 866, 8151, 14.09, 145.00, 210, 14001, 4, 8
2026-09-07T18:38:57.2800807+07:00,2026/09/07 18:38:57.325, NVIDIA GeForce RTX 5060, 591.86, P8, 31, 0, 866, 8151, 8.12, 145.00, 210, 405, 1, 8
2026-09-07T18:39:02.3465702+07:00,2026/09/07 18:39:02.377, NVIDIA GeForce RTX 5060, 591.86, P8, 31, 0, 866, 8151, 8.46, 145.00, 210, 405, 1, 8
2026-09-07T18:39:07.3870177+07:00,2026/09/07 18:39:07.418, NVIDIA GeForce RTX 5060, 591.86, P1, 32, 0, 866, 8151, 14.94, 145.00, 210, 14001, 4, 8
2026-09-07T18:39:12.4255473+07:00,2026/09/07 18:39:12.455, NVIDIA GeForce RTX 5060, 591.86, P8, 31, 0, 866, 8151, 8.18, 145.00, 247, 405, 1, 8
2026-09-07T18:39:17.4747843+07:00,2026/09/07 18:39:17.519, NVIDIA GeForce RTX 5060, 591.86, P8, 31, 0, 866, 8151, 8.27, 145.00, 247, 405, 1, 8
2026-09-07T18:39:22.5739586+07:00,2026/09/07 18:39:22.603, NVIDIA GeForce RTX 5060, 591.86, P8, 31, 2, 866, 8151, 8.23, 145.00, 247, 405, 1, 8
2026-09-07T18:39:27.6204402+07:00,2026/09/07 18:39:27.650, NVIDIA GeForce RTX 5060, 591.86, P8, 31, 0, 866, 8151, 8.21, 145.00, 247, 405, 1, 8
2026-09-07T18:39:32.6729716+07:00,2026/09/07 18:39:32.718, NVIDIA GeForce RTX 5060, 591.86, P8, 31, 0, 866, 8151, 8.17, 145.00, 247, 405, 1, 8
2026-09-07T18:39:37.7287080+07:00,2026/09/07 18:39:37.773, NVIDIA GeForce RTX 5060, 591.86, P8, 31, 2, 866, 8151, 8.23, 145.00, 255, 405, 1, 8
2026-09-07T18:39:42.7964833+07:00,2026/09/07 18:39:42.841, NVIDIA GeForce RTX 5060, 591.86, P8, 31, 0, 866, 8151, 8.02, 145.00, 210, 405, 1, 8
2026-09-07T18:39:47.8583270+07:00,2026/09/07 18:39:47.903, NVIDIA GeForce RTX 5060, 591.86, P8, 31, 1, 866, 8151, 8.20, 145.00, 247, 405, 1, 8
2026-09-07T18:39:52.9673384+07:00,2026/09/07 18:39:53.011, NVIDIA GeForce RTX 5060, 591.86, P8, 31, 0, 866, 8151, 8.19, 145.00, 255, 405, 1, 8
2026-09-07T18:39:58.0324291+07:00,2026/09/07 18:39:58.077, NVIDIA GeForce RTX 5060, 591.86, P8, 31, 0, 866, 8151, 8.09, 145.00, 247, 405, 1, 8
2026-09-07T18:40:03.0984998+07:00,2026/09/07 18:40:03.143, NVIDIA GeForce RTX 5060, 591.86, P8, 31, 1, 866, 8151, 8.03, 145.00, 255, 405, 1, 8
2026-09-07T18:40:08.1505504+07:00,2026/09/07 18:40:08.181, NVIDIA GeForce RTX 5060, 591.86, P1, 31, 0, 866, 8151, 15.05, 145.00, 210, 14001, 4, 8
2026-09-07T18:40:13.1900780+07:00,2026/09/07 18:40:13.234, NVIDIA GeForce RTX 5060, 591.86, P8, 31, 0, 866, 8151, 7.95, 145.00, 210, 405, 1, 8
2026-09-07T18:40:18.2599493+07:00,2026/09/07 18:40:18.304, NVIDIA GeForce RTX 5060, 591.86, P8, 31, 0, 866, 8151, 8.24, 145.00, 210, 405, 1, 8
2026-09-07T18:40:23.3760494+07:00,2026/09/07 18:40:23.405, NVIDIA GeForce RTX 5060, 591.86, P8, 31, 0, 866, 8151, 7.91, 145.00, 262, 405, 1, 8
2026-09-07T18:40:28.4159992+07:00,2026/09/07 18:40:28.446, NVIDIA GeForce RTX 5060, 591.86, P8, 31, 1, 866, 8151, 7.92, 145.00, 240, 405, 1, 8
2026-09-07T18:40:33.4537935+07:00,2026/09/07 18:40:33.484, NVIDIA GeForce RTX 5060, 591.86, P8, 31, 1, 866, 8151, 8.11, 145.00, 210, 405, 1, 8
2026-09-07T18:40:38.4945345+07:00,2026/09/07 18:40:38.525, NVIDIA GeForce RTX 5060, 591.86, P1, 31, 0, 866, 8151, 11.75, 145.00, 202, 14001, 4, 8
2026-09-07T18:40:43.5494733+07:00,2026/09/07 18:40:43.594, NVIDIA GeForce RTX 5060, 591.86, P8, 31, 0, 866, 8151, 7.89, 145.00, 210, 405, 1, 8
2026-09-07T18:40:48.6050816+07:00,2026/09/07 18:40:48.635, NVIDIA GeForce RTX 5060, 591.86, P1, 31, 0, 866, 8151, 7.95, 145.00, 210, 405, 4, 8
2026-09-07T18:40:53.7838021+07:00,2026/09/07 18:40:53.814, NVIDIA GeForce RTX 5060, 591.86, P8, 31, 0, 866, 8151, 8.03, 145.00, 210, 405, 1, 8
2026-09-07T18:40:58.8245118+07:00,2026/09/07 18:40:58.852, NVIDIA GeForce RTX 5060, 591.86, P8, 31, 0, 866, 8151, 7.93, 145.00, 210, 405, 1, 8
2026-09-07T18:41:03.8731753+07:00,2026/09/07 18:41:03.917, NVIDIA GeForce RTX 5060, 591.86, P8, 31, 0, 866, 8151, 8.04, 145.00, 210, 405, 1, 8
2026-09-07T18:41:08.9357728+07:00,2026/09/07 18:41:08.981, NVIDIA GeForce RTX 5060, 591.86, P1, 31, 0, 866, 8151, 11.40, 145.00, 210, 14001, 4, 8
2026-09-07T18:41:14.0026654+07:00,2026/09/07 18:41:14.032, NVIDIA GeForce RTX 5060, 591.86, P8, 31, 0, 866, 8151, 7.68, 145.00, 210, 405, 1, 8
2026-09-07T18:41:19.0402493+07:00,2026/09/07 18:41:19.085, NVIDIA GeForce RTX 5060, 591.86, P8, 31, 0, 866, 8151, 7.96, 145.00, 210, 405, 1, 8
2026-09-07T18:41:24.1373559+07:00,2026/09/07 18:41:24.167, NVIDIA GeForce RTX 5060, 591.86, P8, 31, 0, 866, 8151, 7.83, 145.00, 210, 405, 1, 8
2026-09-07T18:41:29.1891369+07:00,2026/09/07 18:41:29.220, NVIDIA GeForce RTX 5060, 591.86, P8, 31, 0, 866, 8151, 7.84, 145.00, 210, 405, 1, 8
2026-09-07T18:41:34.2286479+07:00,2026/09/07 18:41:34.259, NVIDIA GeForce RTX 5060, 591.86, P8, 31, 0, 866, 8151, 7.82, 145.00, 210, 405, 4, 8
2026-09-07T18:41:39.2659608+07:00,2026/09/07 18:41:39.296, NVIDIA GeForce RTX 5060, 591.86, P8, 31, 0, 866, 8151, 7.97, 145.00, 210, 405, 1, 8
2026-09-07T18:41:44.3127929+07:00,2026/09/07 18:41:44.343, NVIDIA GeForce RTX 5060, 591.86, P8, 31, 0, 866, 8151, 7.91, 145.00, 210, 405, 1, 8
2026-09-07T18:41:49.3649612+07:00,2026/09/07 18:41:49.410, NVIDIA GeForce RTX 5060, 591.86, P8, 31, 0, 866, 8151, 7.91, 145.00, 210, 405, 1, 8
2026-09-07T18:41:54.4754783+07:00,2026/09/07 18:41:54.521, NVIDIA GeForce RTX 5060, 591.86, P8, 31, 0, 866, 8151, 7.93, 145.00, 210, 405, 1, 8
2026-09-07T18:41:59.5395610+07:00,2026/09/07 18:41:59.584, NVIDIA GeForce RTX 5060, 591.86, P8, 31, 0, 866, 8151, 7.92, 145.00, 210, 405, 1, 8
2026-09-07T18:42:04.6016895+07:00,2026/09/07 18:42:04.645, NVIDIA GeForce RTX 5060, 591.86, P8, 31, 0, 873, 8151, 8.04, 145.00, 210, 405, 1, 8
2026-09-07T18:42:09.6644814+07:00,2026/09/07 18:42:09.708, NVIDIA GeForce RTX 5060, 591.86, P8, 31, 0, 873, 8151, 8.10, 145.00, 210, 405, 1, 8
2026-09-07T18:42:14.7163257+07:00,2026/09/07 18:42:14.761, NVIDIA GeForce RTX 5060, 591.86, P8, 31, 0, 871, 8151, 8.23, 145.00, 210, 405, 1, 8
2026-09-07T18:42:19.7792814+07:00,2026/09/07 18:42:19.824, NVIDIA GeForce RTX 5060, 591.86, P8, 31, 0, 871, 8151, 8.18, 145.00, 210, 405, 1, 8
2026-09-07T18:42:24.8939977+07:00,2026/09/07 18:42:24.938, NVIDIA GeForce RTX 5060, 591.86, P8, 31, 0, 870, 8151, 8.23, 145.00, 210, 405, 1, 8
2026-09-07T18:42:29.9628456+07:00,2026/09/07 18:42:30.008, NVIDIA GeForce RTX 5060, 591.86, P5, 31, 0, 870, 8151, 9.78, 145.00, 210, 810, 2, 8
2026-09-07T18:42:35.0299320+07:00,2026/09/07 18:42:35.090, NVIDIA GeForce RTX 5060, 591.86, P8, 31, 0, 870, 8151, 8.18, 145.00, 210, 405, 1, 8
2026-09-07T18:42:40.1129364+07:00,2026/09/07 18:42:40.157, NVIDIA GeForce RTX 5060, 591.86, P8, 31, 0, 870, 8151, 8.14, 145.00, 210, 405, 1, 8
2026-09-07T18:42:45.1662031+07:00,2026/09/07 18:42:45.210, NVIDIA GeForce RTX 5060, 591.86, P8, 31, 0, 870, 8151, 8.16, 145.00, 210, 405, 1, 8
2026-09-07T18:42:50.2307919+07:00,2026/09/07 18:42:50.275, NVIDIA GeForce RTX 5060, 591.86, P8, 31, 0, 866, 8151, 8.10, 145.00, 210, 405, 1, 8
2026-09-07T18:42:55.3411835+07:00,2026/09/07 18:42:55.386, NVIDIA GeForce RTX 5060, 591.86, P8, 31, 0, 866, 8151, 8.17, 145.00, 210, 405, 1, 8
2026-09-07T18:43:00.4009180+07:00,2026/09/07 18:43:00.429, NVIDIA GeForce RTX 5060, 591.86, P8, 31, 0, 866, 8151, 8.11, 145.00, 210, 405, 1, 8
2026-09-07T18:43:05.4448332+07:00,2026/09/07 18:43:05.489, NVIDIA GeForce RTX 5060, 591.86, P8, 31, 0, 866, 8151, 8.20, 145.00, 210, 405, 1, 8
2026-09-07T18:43:10.5017413+07:00,2026/09/07 18:43:10.546, NVIDIA GeForce RTX 5060, 591.86, P8, 31, 0, 866, 8151, 8.11, 145.00, 210, 405, 1, 8
2026-09-07T18:43:15.5612738+07:00,2026/09/07 18:43:15.605, NVIDIA GeForce RTX 5060, 591.86, P8, 31, 0, 866, 8151, 8.12, 145.00, 210, 405, 1, 8
2026-09-07T18:43:20.6239526+07:00,2026/09/07 18:43:20.669, NVIDIA GeForce RTX 5060, 591.86, P8, 31, 0, 873, 8151, 8.01, 145.00, 210, 405, 1, 8
2026-09-07T18:43:25.7499095+07:00,2026/09/07 18:43:25.793, NVIDIA GeForce RTX 5060, 591.86, P8, 31, 0, 873, 8151, 8.10, 145.00, 210, 405, 1, 8
2026-09-07T18:43:30.8197852+07:00,2026/09/07 18:43:30.864, NVIDIA GeForce RTX 5060, 591.86, P8, 31, 0, 871, 8151, 8.06, 145.00, 210, 405, 1, 8
2026-09-07T18:43:35.8781536+07:00,2026/09/07 18:43:35.922, NVIDIA GeForce RTX 5060, 591.86, P8, 31, 0, 867, 8151, 7.97, 145.00, 210, 405, 1, 8
2026-09-07T18:43:40.9359675+07:00,2026/09/07 18:43:40.965, NVIDIA GeForce RTX 5060, 591.86, P5, 31, 0, 866, 8151, 10.13, 145.00, 247, 810, 2, 8
2026-09-07T18:43:45.9774515+07:00,2026/09/07 18:43:46.023, NVIDIA GeForce RTX 5060, 591.86, P8, 31, 0, 866, 8151, 8.03, 145.00, 210, 405, 1, 8
2026-09-07T18:43:51.0347960+07:00,2026/09/07 18:43:51.079, NVIDIA GeForce RTX 5060, 591.86, P5, 31, 0, 866, 8151, 12.44, 145.00, 210, 810, 2, 8
2026-09-07T18:43:56.1391529+07:00,2026/09/07 18:43:56.184, NVIDIA GeForce RTX 5060, 591.86, P8, 31, 0, 866, 8151, 8.08, 145.00, 210, 405, 1, 8
2026-09-07T18:44:01.1984676+07:00,2026/09/07 18:44:01.227, NVIDIA GeForce RTX 5060, 591.86, P5, 31, 0, 866, 8151, 9.54, 145.00, 217, 810, 2, 8
2026-09-07T18:44:06.2411092+07:00,2026/09/07 18:44:06.270, NVIDIA GeForce RTX 5060, 591.86, P8, 31, 0, 866, 8151, 8.05, 145.00, 225, 405, 1, 8
2026-09-07T18:44:11.2873531+07:00,2026/09/07 18:44:11.332, NVIDIA GeForce RTX 5060, 591.86, P8, 31, 0, 866, 8151, 8.04, 145.00, 225, 405, 1, 8
2026-09-07T18:44:16.3487931+07:00,2026/09/07 18:44:16.393, NVIDIA GeForce RTX 5060, 591.86, P8, 31, 0, 866, 8151, 7.95, 145.00, 225, 405, 1, 8
2026-09-07T18:44:21.4072166+07:00,2026/09/07 18:44:21.452, NVIDIA GeForce RTX 5060, 591.86, P8, 31, 0, 866, 8151, 7.98, 145.00, 225, 405, 1, 8
2026-09-07T18:44:26.5136375+07:00,2026/09/07 18:44:26.558, NVIDIA GeForce RTX 5060, 591.86, P8, 31, 0, 866, 8151, 7.92, 145.00, 210, 405, 1, 8
2026-09-07T18:44:31.5707767+07:00,2026/09/07 18:44:31.616, NVIDIA GeForce RTX 5060, 591.86, P5, 31, 0, 866, 8151, 9.57, 145.00, 210, 810, 2, 8
2026-09-07T18:44:36.6283555+07:00,2026/09/07 18:44:36.673, NVIDIA GeForce RTX 5060, 591.86, P8, 31, 0, 866, 8151, 7.89, 145.00, 210, 405, 1, 8
2026-09-07T18:44:41.6879502+07:00,2026/09/07 18:44:41.732, NVIDIA GeForce RTX 5060, 591.86, P5, 31, 0, 866, 8151, 14.29, 145.00, 217, 810, 2, 8
2026-09-07T18:44:46.7479783+07:00,2026/09/07 18:44:46.793, NVIDIA GeForce RTX 5060, 591.86, P8, 31, 0, 866, 8151, 7.97, 145.00, 202, 405, 1, 8
2026-09-07T18:44:51.8126553+07:00,2026/09/07 18:44:51.857, NVIDIA GeForce RTX 5060, 591.86, P8, 31, 0, 866, 8151, 8.05, 145.00, 225, 405, 1, 8
2026-09-07T18:44:56.9205214+07:00,2026/09/07 18:44:56.949, NVIDIA GeForce RTX 5060, 591.86, P8, 31, 0, 866, 8151, 8.00, 145.00, 225, 405, 1, 8
2026-09-07T18:45:01.9662717+07:00,2026/09/07 18:45:02.011, NVIDIA GeForce RTX 5060, 591.86, P5, 31, 0, 866, 8151, 11.55, 145.00, 217, 810, 2, 8
2026-09-07T18:45:07.0318851+07:00,2026/09/07 18:45:07.077, NVIDIA GeForce RTX 5060, 591.86, P8, 31, 0, 866, 8151, 8.59, 145.00, 210, 405, 1, 8
2026-09-07T18:45:12.0953936+07:00,2026/09/07 18:45:12.140, NVIDIA GeForce RTX 5060, 591.86, P8, 31, 0, 866, 8151, 8.19, 145.00, 210, 405, 1, 8
2026-09-07T18:45:17.1530679+07:00,2026/09/07 18:45:17.198, NVIDIA GeForce RTX 5060, 591.86, P8, 31, 0, 866, 8151, 8.23, 145.00, 225, 405, 1, 8
2026-09-07T18:45:22.2139598+07:00,2026/09/07 18:45:22.257, NVIDIA GeForce RTX 5060, 591.86, P8, 31, 0, 866, 8151, 8.18, 145.00, 225, 405, 1, 8
2026-09-07T18:45:27.3222326+07:00,2026/09/07 18:45:27.367, NVIDIA GeForce RTX 5060, 591.86, P5, 31, 0, 866, 8151, 11.01, 145.00, 217, 810, 2, 8
2026-09-07T18:45:32.3836036+07:00,2026/09/07 18:45:32.428, NVIDIA GeForce RTX 5060, 591.86, P8, 31, 0, 866, 8151, 8.50, 145.00, 210, 405, 1, 8
2026-09-07T18:45:37.4450716+07:00,2026/09/07 18:45:37.489, NVIDIA GeForce RTX 5060, 591.86, P1, 31, 0, 866, 8151, 15.23, 145.00, 210, 14001, 2, 8
2026-09-07T18:45:42.5036706+07:00,2026/09/07 18:45:42.549, NVIDIA GeForce RTX 5060, 591.86, P8, 31, 0, 866, 8151, 8.51, 145.00, 210, 405, 1, 8
2026-09-07T18:45:47.5672412+07:00,2026/09/07 18:45:47.611, NVIDIA GeForce RTX 5060, 591.86, P8, 31, 0, 866, 8151, 8.55, 145.00, 210, 405, 1, 8
2026-09-07T18:45:52.6360547+07:00,2026/09/07 18:45:52.665, NVIDIA GeForce RTX 5060, 591.86, P8, 31, 0, 866, 8151, 8.04, 145.00, 225, 405, 1, 8
2026-09-07T18:45:57.7189839+07:00,2026/09/07 18:45:57.763, NVIDIA GeForce RTX 5060, 591.86, P8, 31, 0, 866, 8151, 8.02, 145.00, 202, 405, 1, 8
2026-09-07T18:46:02.7785023+07:00,2026/09/07 18:46:02.824, NVIDIA GeForce RTX 5060, 591.86, P8, 31, 0, 866, 8151, 8.32, 145.00, 210, 405, 1, 8
2026-09-07T18:46:07.8444503+07:00,2026/09/07 18:46:07.889, NVIDIA GeForce RTX 5060, 591.86, P8, 31, 0, 866, 8151, 8.28, 145.00, 210, 405, 1, 8
2026-09-07T18:46:12.8991873+07:00,2026/09/07 18:46:12.944, NVIDIA GeForce RTX 5060, 591.86, P8, 31, 0, 866, 8151, 8.43, 145.00, 210, 405, 1, 8
2026-09-07T18:46:17.9660231+07:00,2026/09/07 18:46:18.010, NVIDIA GeForce RTX 5060, 591.86, P8, 31, 0, 866, 8151, 8.37, 145.00, 210, 405, 1, 8
2026-09-07T18:46:23.0341675+07:00,2026/09/07 18:46:23.079, NVIDIA GeForce RTX 5060, 591.86, P8, 31, 0, 866, 8151, 8.39, 145.00, 210, 405, 1, 8
2026-09-07T18:46:28.1538260+07:00,2026/09/07 18:46:28.198, NVIDIA GeForce RTX 5060, 591.86, P8, 31, 0, 866, 8151, 8.11, 145.00, 210, 405, 1, 8
2026-09-07T18:46:33.2130797+07:00,2026/09/07 18:46:33.241, NVIDIA GeForce RTX 5060, 591.86, P8, 31, 0, 866, 8151, 8.36, 145.00, 210, 405, 1, 8
2026-09-07T18:46:38.2546042+07:00,2026/09/07 18:46:38.299, NVIDIA GeForce RTX 5060, 591.86, P8, 31, 0, 866, 8151, 8.38, 145.00, 210, 405, 1, 8
2026-09-07T18:46:43.3118538+07:00,2026/09/07 18:46:43.341, NVIDIA GeForce RTX 5060, 591.86, P8, 31, 0, 866, 8151, 8.39, 145.00, 210, 405, 1, 8
2026-09-07T18:46:48.3566810+07:00,2026/09/07 18:46:48.401, NVIDIA GeForce RTX 5060, 591.86, P5, 31, 0, 866, 8151, 14.19, 145.00, 210, 7001, 2, 8
2026-09-07T18:46:53.4251909+07:00,2026/09/07 18:46:53.469, NVIDIA GeForce RTX 5060, 591.86, P8, 31, 0, 866, 8151, 8.31, 145.00, 210, 405, 1, 8
2026-09-07T18:46:58.5284944+07:00,2026/09/07 18:46:58.572, NVIDIA GeForce RTX 5060, 591.86, P8, 31, 0, 866, 8151, 8.38, 145.00, 210, 405, 1, 8
2026-09-07T18:47:03.5942227+07:00,2026/09/07 18:47:03.638, NVIDIA GeForce RTX 5060, 591.86, P8, 31, 0, 866, 8151, 8.40, 145.00, 210, 405, 1, 8
2026-09-07T18:47:08.6617408+07:00,2026/09/07 18:47:08.706, NVIDIA GeForce RTX 5060, 591.86, P5, 31, 0, 866, 8151, 14.12, 145.00, 210, 7001, 2, 8
2026-09-07T18:47:13.7283998+07:00,2026/09/07 18:47:13.773, NVIDIA GeForce RTX 5060, 591.86, P8, 31, 0, 866, 8151, 8.49, 145.00, 210, 405, 1, 8
2026-09-07T18:47:18.7916708+07:00,2026/09/07 18:47:18.835, NVIDIA GeForce RTX 5060, 591.86, P8, 31, 0, 866, 8151, 8.44, 145.00, 210, 405, 1, 8
2026-09-07T18:47:23.8521037+07:00,2026/09/07 18:47:23.897, NVIDIA GeForce RTX 5060, 591.86, P8, 31, 0, 866, 8151, 8.52, 145.00, 210, 405, 1, 8
2026-09-07T18:47:28.9480453+07:00,2026/09/07 18:47:28.992, NVIDIA GeForce RTX 5060, 591.86, P8, 31, 0, 866, 8151, 8.44, 145.00, 210, 405, 1, 8
2026-09-07T18:47:34.0158654+07:00,2026/09/07 18:47:34.060, NVIDIA GeForce RTX 5060, 591.86, P8, 31, 0, 866, 8151, 8.38, 145.00, 210, 405, 1, 8
2026-09-07T18:47:39.0803276+07:00,2026/09/07 18:47:39.124, NVIDIA GeForce RTX 5060, 591.86, P8, 31, 0, 866, 8151, 8.49, 145.00, 210, 405, 1, 8
2026-09-07T18:47:44.1456574+07:00,2026/09/07 18:47:44.190, NVIDIA GeForce RTX 5060, 591.86, P1, 31, 0, 866, 8151, 15.16, 145.00, 210, 14001, 2, 8
2026-09-07T18:47:49.2061326+07:00,2026/09/07 18:47:49.236, NVIDIA GeForce RTX 5060, 591.86, P8, 31, 0, 866, 8151, 8.48, 145.00, 210, 405, 1, 8
2026-09-07T18:47:54.2556350+07:00,2026/09/07 18:47:54.300, NVIDIA GeForce RTX 5060, 591.86, P8, 31, 0, 866, 8151, 8.38, 145.00, 210, 405, 1, 8
2026-09-07T18:47:59.3716538+07:00,2026/09/07 18:47:59.401, NVIDIA GeForce RTX 5060, 591.86, P8, 31, 0, 866, 8151, 8.47, 145.00, 210, 405, 1, 8
2026-09-07T18:48:04.4212938+07:00,2026/09/07 18:48:04.465, NVIDIA GeForce RTX 5060, 591.86, P8, 31, 0, 866, 8151, 8.46, 145.00, 210, 405, 1, 8
2026-09-07T18:48:09.4923285+07:00,2026/09/07 18:48:09.535, NVIDIA GeForce RTX 5060, 591.86, P8, 31, 0, 866, 8151, 8.53, 145.00, 210, 405, 1, 8
2026-09-07T18:48:14.5587584+07:00,2026/09/07 18:48:14.603, NVIDIA GeForce RTX 5060, 591.86, P8, 31, 0, 866, 8151, 8.52, 145.00, 210, 405, 1, 8
2026-09-07T18:48:19.6165046+07:00,2026/09/07 18:48:19.661, NVIDIA GeForce RTX 5060, 591.86, P8, 31, 0, 866, 8151, 8.40, 145.00, 210, 405, 1, 8
2026-09-07T18:48:24.6866212+07:00,2026/09/07 18:48:24.731, NVIDIA GeForce RTX 5060, 591.86, P8, 31, 0, 866, 8151, 8.38, 145.00, 210, 405, 1, 8
2026-09-07T18:48:29.7849235+07:00,2026/09/07 18:48:29.815, NVIDIA GeForce RTX 5060, 591.86, P8, 31, 0, 866, 8151, 8.49, 145.00, 210, 405, 1, 8
2026-09-07T18:48:34.8246289+07:00,2026/09/07 18:48:34.869, NVIDIA GeForce RTX 5060, 591.86, P1, 31, 0, 866, 8151, 15.03, 145.00, 210, 14001, 4, 8
2026-09-07T18:48:39.8831475+07:00,2026/09/07 18:48:39.928, NVIDIA GeForce RTX 5060, 591.86, P8, 31, 0, 866, 8151, 8.45, 145.00, 210, 405, 1, 8
2026-09-07T18:48:44.9521444+07:00,2026/09/07 18:48:44.997, NVIDIA GeForce RTX 5060, 591.86, P8, 31, 0, 866, 8151, 8.47, 145.00, 210, 405, 1, 8
2026-09-07T18:48:50.0184007+07:00,2026/09/07 18:48:50.048, NVIDIA GeForce RTX 5060, 591.86, P8, 31, 0, 866, 8151, 8.48, 145.00, 210, 405, 1, 8
2026-09-07T18:48:55.0683896+07:00,2026/09/07 18:48:55.098, NVIDIA GeForce RTX 5060, 591.86, P8, 31, 0, 866, 8151, 8.65, 145.00, 210, 405, 1, 8
2026-09-07T18:49:00.1475017+07:00,2026/09/07 18:49:00.192, NVIDIA GeForce RTX 5060, 591.86, P8, 31, 0, 866, 8151, 8.32, 145.00, 210, 405, 1, 8
2026-09-07T18:49:05.2088275+07:00,2026/09/07 18:49:05.238, NVIDIA GeForce RTX 5060, 591.86, P8, 31, 0, 866, 8151, 8.42, 145.00, 210, 405, 1, 8
2026-09-07T18:49:10.2488521+07:00,2026/09/07 18:49:10.293, NVIDIA GeForce RTX 5060, 591.86, P8, 31, 0, 866, 8151, 8.49, 145.00, 210, 405, 1, 8
2026-09-07T18:49:15.3129203+07:00,2026/09/07 18:49:15.342, NVIDIA GeForce RTX 5060, 591.86, P8, 31, 0, 866, 8151, 8.59, 145.00, 210, 405, 1, 8
2026-09-07T18:49:20.3600379+07:00,2026/09/07 18:49:20.389, NVIDIA GeForce RTX 5060, 591.86, P8, 31, 0, 873, 8151, 8.39, 145.00, 210, 405, 1, 8
2026-09-07T18:49:25.4094083+07:00,2026/09/07 18:49:25.454, NVIDIA GeForce RTX 5060, 591.86, P1, 31, 0, 873, 8151, 15.16, 145.00, 210, 14001, 4, 8
2026-09-07T18:49:30.5043529+07:00,2026/09/07 18:49:30.549, NVIDIA GeForce RTX 5060, 591.86, P8, 31, 0, 873, 8151, 8.35, 145.00, 255, 405, 1, 8
2026-09-07T18:49:35.5655365+07:00,2026/09/07 18:49:35.596, NVIDIA GeForce RTX 5060, 591.86, P8, 31, 1, 889, 8151, 8.46, 145.00, 247, 405, 1, 8
2026-09-07T18:49:40.6106885+07:00,2026/09/07 18:49:40.655, NVIDIA GeForce RTX 5060, 591.86, P8, 31, 0, 885, 8151, 8.57, 145.00, 255, 405, 1, 8
2026-09-07T18:49:45.6786389+07:00,2026/09/07 18:49:45.723, NVIDIA GeForce RTX 5060, 591.86, P8, 31, 0, 881, 8151, 8.24, 145.00, 255, 405, 1, 8
2026-09-07T18:49:50.7414780+07:00,2026/09/07 18:49:50.787, NVIDIA GeForce RTX 5060, 591.86, P1, 31, 0, 881, 8151, 10.88, 145.00, 240, 14001, 4, 8
2026-09-07T18:49:55.8066338+07:00,2026/09/07 18:49:55.851, NVIDIA GeForce RTX 5060, 591.86, P8, 31, 0, 881, 8151, 8.33, 145.00, 247, 405, 1, 8
2026-09-07T18:50:00.9053800+07:00,2026/09/07 18:50:00.935, NVIDIA GeForce RTX 5060, 591.86, P8, 31, 0, 881, 8151, 8.40, 145.00, 285, 405, 1, 8
2026-09-07T18:50:05.9569588+07:00,2026/09/07 18:50:06.001, NVIDIA GeForce RTX 5060, 591.86, P8, 31, 2, 896, 8151, 8.51, 145.00, 322, 405, 1, 8
2026-09-07T18:50:11.0226733+07:00,2026/09/07 18:50:11.067, NVIDIA GeForce RTX 5060, 591.86, P8, 31, 0, 895, 8151, 8.33, 145.00, 202, 405, 1, 8
2026-09-07T18:50:16.0869299+07:00,2026/09/07 18:50:16.131, NVIDIA GeForce RTX 5060, 591.86, P8, 31, 0, 895, 8151, 8.23, 145.00, 255, 405, 1, 8
2026-09-07T18:50:21.1537043+07:00,2026/09/07 18:50:21.199, NVIDIA GeForce RTX 5060, 591.86, P8, 31, 1, 895, 8151, 8.13, 145.00, 247, 405, 1, 8
2026-09-07T18:50:26.2255195+07:00,2026/09/07 18:50:26.269, NVIDIA GeForce RTX 5060, 591.86, P8, 31, 2, 895, 8151, 8.22, 145.00, 210, 405, 1, 8
2026-09-07T18:50:31.3370640+07:00,2026/09/07 18:50:31.381, NVIDIA GeForce RTX 5060, 591.86, P8, 31, 0, 895, 8151, 8.37, 145.00, 247, 405, 1, 8
2026-09-07T18:50:36.3977262+07:00,2026/09/07 18:50:36.442, NVIDIA GeForce RTX 5060, 591.86, P8, 31, 0, 895, 8151, 8.12, 145.00, 210, 405, 1, 8
2026-09-07T18:50:41.4649787+07:00,2026/09/07 18:50:41.510, NVIDIA GeForce RTX 5060, 591.86, P8, 31, 0, 895, 8151, 8.23, 145.00, 255, 405, 1, 8
2026-09-07T18:50:46.5306655+07:00,2026/09/07 18:50:46.574, NVIDIA GeForce RTX 5060, 591.86, P8, 31, 0, 895, 8151, 8.16, 145.00, 255, 405, 1, 8
2026-09-07T18:50:51.5926792+07:00,2026/09/07 18:50:51.623, NVIDIA GeForce RTX 5060, 591.86, P8, 31, 3, 895, 8151, 8.16, 145.00, 232, 405, 1, 8
2026-09-07T18:50:56.6417948+07:00,2026/09/07 18:50:56.686, NVIDIA GeForce RTX 5060, 591.86, P8, 30, 0, 895, 8151, 8.01, 145.00, 210, 405, 1, 8
2026-09-07T18:51:01.7416861+07:00,2026/09/07 18:51:01.771, NVIDIA GeForce RTX 5060, 591.86, P8, 30, 0, 895, 8151, 8.45, 145.00, 210, 405, 1, 8
2026-09-07T18:51:06.7798275+07:00,2026/09/07 18:51:06.825, NVIDIA GeForce RTX 5060, 591.86, P8, 30, 0, 895, 8151, 8.22, 145.00, 210, 405, 1, 8
2026-09-07T18:51:11.8443409+07:00,2026/09/07 18:51:11.875, NVIDIA GeForce RTX 5060, 591.86, P8, 31, 0, 895, 8151, 8.24, 145.00, 255, 405, 1, 8
2026-09-07T18:51:16.8962509+07:00,2026/09/07 18:51:16.927, NVIDIA GeForce RTX 5060, 591.86, P8, 31, 2, 895, 8151, 8.24, 145.00, 247, 405, 1, 8
2026-09-07T18:51:21.9444086+07:00,2026/09/07 18:51:21.975, NVIDIA GeForce RTX 5060, 591.86, P8, 30, 1, 895, 8151, 8.17, 145.00, 202, 405, 1, 8
2026-09-07T18:51:26.9974596+07:00,2026/09/07 18:51:27.043, NVIDIA GeForce RTX 5060, 591.86, P8, 30, 0, 895, 8151, 8.23, 145.00, 210, 405, 1, 8
2026-09-07T18:51:32.1062654+07:00,2026/09/07 18:51:32.136, NVIDIA GeForce RTX 5060, 591.86, P8, 30, 0, 895, 8151, 8.06, 145.00, 210, 405, 1, 8
2026-09-07T18:51:37.1564380+07:00,2026/09/07 18:51:37.202, NVIDIA GeForce RTX 5060, 591.86, P8, 30, 0, 895, 8151, 7.99, 145.00, 210, 405, 1, 8
2026-09-07T18:51:42.2177428+07:00,2026/09/07 18:51:42.248, NVIDIA GeForce RTX 5060, 591.86, P8, 30, 0, 895, 8151, 7.95, 145.00, 210, 405, 1, 8
2026-09-07T18:51:47.2650894+07:00,2026/09/07 18:51:47.310, NVIDIA GeForce RTX 5060, 591.86, P8, 31, 0, 906, 8151, 8.14, 145.00, 210, 405, 1, 8
2026-09-07T18:51:52.3326831+07:00,2026/09/07 18:51:52.377, NVIDIA GeForce RTX 5060, 591.86, P8, 30, 0, 895, 8151, 8.43, 145.00, 210, 405, 1, 8
2026-09-07T18:51:57.3882227+07:00,2026/09/07 18:51:57.433, NVIDIA GeForce RTX 5060, 591.86, P8, 30, 0, 895, 8151, 8.07, 145.00, 210, 405, 1, 8
2026-09-07T18:52:02.5049301+07:00,2026/09/07 18:52:02.549, NVIDIA GeForce RTX 5060, 591.86, P8, 30, 0, 895, 8151, 8.41, 145.00, 210, 405, 1, 8
2026-09-07T18:52:07.5616402+07:00,2026/09/07 18:52:07.593, NVIDIA GeForce RTX 5060, 591.86, P8, 30, 0, 895, 8151, 8.08, 145.00, 210, 405, 1, 8
2026-09-07T18:52:12.6014604+07:00,2026/09/07 18:52:12.647, NVIDIA GeForce RTX 5060, 591.86, P8, 30, 0, 895, 8151, 8.02, 145.00, 210, 405, 4, 8
2026-09-07T18:52:17.6591950+07:00,2026/09/07 18:52:17.689, NVIDIA GeForce RTX 5060, 591.86, P8, 31, 0, 905, 8151, 8.50, 145.00, 210, 405, 1, 8
2026-09-07T18:52:22.7105424+07:00,2026/09/07 18:52:22.741, NVIDIA GeForce RTX 5060, 591.86, P8, 31, 0, 905, 8151, 8.02, 145.00, 210, 405, 1, 8
2026-09-07T18:52:27.7617103+07:00,2026/09/07 18:52:27.792, NVIDIA GeForce RTX 5060, 591.86, P8, 30, 0, 905, 8151, 8.18, 145.00, 210, 405, 1, 8
2026-09-07T18:52:32.8689451+07:00,2026/09/07 18:52:32.899, NVIDIA GeForce RTX 5060, 591.86, P8, 30, 0, 905, 8151, 8.19, 145.00, 210, 405, 1, 8
2026-09-07T18:52:37.9111696+07:00,2026/09/07 18:52:37.943, NVIDIA GeForce RTX 5060, 591.86, P8, 30, 0, 905, 8151, 8.19, 145.00, 210, 405, 1, 8
2026-09-07T18:52:42.9543185+07:00,2026/09/07 18:52:42.999, NVIDIA GeForce RTX 5060, 591.86, P8, 30, 0, 905, 8151, 8.07, 145.00, 210, 405, 1, 8
2026-09-07T18:52:48.0110056+07:00,2026/09/07 18:52:48.056, NVIDIA GeForce RTX 5060, 591.86, P8, 30, 0, 905, 8151, 8.17, 145.00, 210, 405, 1, 8
2026-09-07T18:52:53.0742371+07:00,2026/09/07 18:52:53.118, NVIDIA GeForce RTX 5060, 591.86, P8, 31, 0, 912, 8151, 8.29, 145.00, 210, 405, 1, 8
2026-09-07T18:52:58.1429473+07:00,2026/09/07 18:52:58.171, NVIDIA GeForce RTX 5060, 591.86, P8, 30, 0, 912, 8151, 8.30, 145.00, 210, 405, 1, 8
2026-09-07T18:53:03.2252325+07:00,2026/09/07 18:53:03.269, NVIDIA GeForce RTX 5060, 591.86, P8, 30, 0, 910, 8151, 8.40, 145.00, 210, 405, 1, 8
2026-09-07T18:53:08.2814659+07:00,2026/09/07 18:53:08.325, NVIDIA GeForce RTX 5060, 591.86, P8, 30, 0, 906, 8151, 8.31, 145.00, 210, 405, 1, 8
2026-09-07T18:53:13.3449974+07:00,2026/09/07 18:53:13.375, NVIDIA GeForce RTX 5060, 591.86, P8, 30, 0, 906, 8151, 8.23, 145.00, 210, 405, 1, 8
2026-09-07T18:53:18.3950882+07:00,2026/09/07 18:53:18.440, NVIDIA GeForce RTX 5060, 591.86, P8, 30, 0, 905, 8151, 8.28, 145.00, 210, 405, 1, 8
2026-09-07T18:53:23.4574039+07:00,2026/09/07 18:53:23.487, NVIDIA GeForce RTX 5060, 591.86, P8, 30, 0, 905, 8151, 8.08, 145.00, 210, 405, 1, 8
2026-09-07T18:53:28.5038120+07:00,2026/09/07 18:53:28.533, NVIDIA GeForce RTX 5060, 591.86, P8, 30, 0, 905, 8151, 8.14, 145.00, 210, 405, 1, 8
2026-09-07T18:53:33.5961360+07:00,2026/09/07 18:53:33.641, NVIDIA GeForce RTX 5060, 591.86, P8, 30, 0, 905, 8151, 8.26, 145.00, 210, 405, 1, 8
2026-09-07T18:53:38.6612947+07:00,2026/09/07 18:53:38.706, NVIDIA GeForce RTX 5060, 591.86, P8, 30, 0, 905, 8151, 8.17, 145.00, 210, 405, 1, 8
2026-09-07T18:53:43.7295295+07:00,2026/09/07 18:53:43.774, NVIDIA GeForce RTX 5060, 591.86, P8, 30, 0, 905, 8151, 8.29, 145.00, 210, 405, 1, 8
2026-09-07T18:53:48.7985052+07:00,2026/09/07 18:53:48.843, NVIDIA GeForce RTX 5060, 591.86, P8, 30, 0, 905, 8151, 8.27, 145.00, 210, 405, 1, 8
2026-09-07T18:53:53.8652541+07:00,2026/09/07 18:53:53.909, NVIDIA GeForce RTX 5060, 591.86, P8, 30, 0, 905, 8151, 8.25, 145.00, 210, 405, 1, 8
2026-09-07T18:53:58.9293856+07:00,2026/09/07 18:53:58.974, NVIDIA GeForce RTX 5060, 591.86, P8, 30, 0, 905, 8151, 8.10, 145.00, 210, 405, 1, 8
2026-09-07T18:54:04.0443124+07:00,2026/09/07 18:54:04.089, NVIDIA GeForce RTX 5060, 591.86, P8, 30, 0, 905, 8151, 8.14, 145.00, 210, 405, 1, 8
2026-09-07T18:54:09.1005632+07:00,2026/09/07 18:54:09.145, NVIDIA GeForce RTX 5060, 591.86, P8, 30, 0, 905, 8151, 8.17, 145.00, 210, 405, 1, 8
2026-09-07T18:54:14.1688482+07:00,2026/09/07 18:54:14.214, NVIDIA GeForce RTX 5060, 591.86, P8, 30, 0, 905, 8151, 8.14, 145.00, 210, 405, 1, 8
2026-09-07T18:54:19.2334036+07:00,2026/09/07 18:54:19.277, NVIDIA GeForce RTX 5060, 591.86, P5, 31, 0, 905, 8151, 9.74, 145.00, 210, 810, 2, 8
2026-09-07T18:54:24.2957988+07:00,2026/09/07 18:54:24.325, NVIDIA GeForce RTX 5060, 591.86, P8, 30, 0, 905, 8151, 8.27, 145.00, 210, 405, 1, 8
2026-09-07T18:54:29.3427706+07:00,2026/09/07 18:54:29.387, NVIDIA GeForce RTX 5060, 591.86, P8, 30, 0, 905, 8151, 8.10, 145.00, 210, 405, 1, 8
2026-09-07T18:54:34.4512425+07:00,2026/09/07 18:54:34.482, NVIDIA GeForce RTX 5060, 591.86, P5, 31, 0, 905, 8151, 13.37, 145.00, 210, 810, 2, 8
2026-09-07T18:54:39.4996327+07:00,2026/09/07 18:54:39.544, NVIDIA GeForce RTX 5060, 591.86, P8, 31, 0, 905, 8151, 8.20, 145.00, 210, 405, 1, 8
2026-09-07T18:54:44.5645480+07:00,2026/09/07 18:54:44.609, NVIDIA GeForce RTX 5060, 591.86, P8, 31, 0, 905, 8151, 8.29, 145.00, 210, 405, 1, 8
2026-09-07T18:54:49.6321902+07:00,2026/09/07 18:54:49.676, NVIDIA GeForce RTX 5060, 591.86, P8, 30, 0, 905, 8151, 8.25, 145.00, 210, 405, 1, 8
2026-09-07T18:54:54.6988875+07:00,2026/09/07 18:54:54.742, NVIDIA GeForce RTX 5060, 591.86, P8, 30, 0, 905, 8151, 8.38, 145.00, 210, 405, 1, 8
2026-09-07T18:54:59.7660310+07:00,2026/09/07 18:54:59.810, NVIDIA GeForce RTX 5060, 591.86, P5, 31, 0, 905, 8151, 12.09, 145.00, 210, 810, 2, 8
2026-09-07T18:55:04.8767496+07:00,2026/09/07 18:55:04.906, NVIDIA GeForce RTX 5060, 591.86, P8, 30, 0, 905, 8151, 8.18, 145.00, 210, 405, 1, 8
2026-09-07T18:55:09.9277627+07:00,2026/09/07 18:55:09.957, NVIDIA GeForce RTX 5060, 591.86, P8, 30, 0, 905, 8151, 8.36, 145.00, 210, 405, 1, 8
2026-09-07T18:55:14.9768136+07:00,2026/09/07 18:55:15.006, NVIDIA GeForce RTX 5060, 591.86, P8, 30, 0, 905, 8151, 8.40, 145.00, 210, 405, 1, 8
2026-09-07T18:55:20.0266442+07:00,2026/09/07 18:55:20.055, NVIDIA GeForce RTX 5060, 591.86, P8, 31, 0, 905, 8151, 8.40, 145.00, 210, 405, 1, 8
2026-09-07T18:55:25.0637384+07:00,2026/09/07 18:55:25.094, NVIDIA GeForce RTX 5060, 591.86, P8, 30, 0, 905, 8151, 8.38, 145.00, 210, 405, 1, 8
2026-09-07T18:55:30.1128939+07:00,2026/09/07 18:55:30.159, NVIDIA GeForce RTX 5060, 591.86, P8, 30, 0, 905, 8151, 8.50, 145.00, 210, 405, 1, 8
2026-09-07T18:55:35.2213892+07:00,2026/09/07 18:55:35.266, NVIDIA GeForce RTX 5060, 591.86, P8, 30, 0, 905, 8151, 8.42, 145.00, 210, 405, 1, 8
2026-09-07T18:55:40.2814342+07:00,2026/09/07 18:55:40.312, NVIDIA GeForce RTX 5060, 591.86, P8, 30, 0, 905, 8151, 8.25, 145.00, 210, 405, 1, 8
2026-09-07T18:55:45.3278068+07:00,2026/09/07 18:55:45.372, NVIDIA GeForce RTX 5060, 591.86, P8, 30, 0, 905, 8151, 8.22, 145.00, 210, 405, 1, 8
2026-09-07T18:55:50.3905721+07:00,2026/09/07 18:55:50.435, NVIDIA GeForce RTX 5060, 591.86, P8, 30, 0, 905, 8151, 8.25, 145.00, 210, 405, 1, 8
2026-09-07T18:55:55.4551407+07:00,2026/09/07 18:55:55.500, NVIDIA GeForce RTX 5060, 591.86, P8, 30, 0, 905, 8151, 8.38, 145.00, 210, 405, 1, 8
2026-09-07T18:56:00.5218519+07:00,2026/09/07 18:56:00.566, NVIDIA GeForce RTX 5060, 591.86, P8, 30, 0, 905, 8151, 8.10, 145.00, 225, 405, 1, 8
2026-09-07T18:56:05.6306608+07:00,2026/09/07 18:56:05.660, NVIDIA GeForce RTX 5060, 591.86, P8, 30, 0, 905, 8151, 8.32, 145.00, 210, 405, 1, 8
2026-09-07T18:56:10.6816216+07:00,2026/09/07 18:56:10.711, NVIDIA GeForce RTX 5060, 591.86, P8, 30, 0, 905, 8151, 8.26, 145.00, 202, 405, 1, 8
2026-09-07T18:56:15.7270564+07:00,2026/09/07 18:56:15.787, NVIDIA GeForce RTX 5060, 591.86, P8, 30, 0, 905, 8151, 8.22, 145.00, 210, 405, 1, 8
2026-09-07T18:56:20.8091974+07:00,2026/09/07 18:56:20.854, NVIDIA GeForce RTX 5060, 591.86, P8, 30, 0, 905, 8151, 8.46, 145.00, 225, 405, 1, 8
2026-09-07T18:56:25.8727132+07:00,2026/09/07 18:56:25.917, NVIDIA GeForce RTX 5060, 591.86, P5, 31, 0, 905, 8151, 11.29, 145.00, 247, 810, 2, 8
2026-09-07T18:56:30.9247782+07:00,2026/09/07 18:56:30.955, NVIDIA GeForce RTX 5060, 591.86, P8, 30, 0, 905, 8151, 8.40, 145.00, 210, 405, 1, 8
2026-09-07T18:56:36.0098911+07:00,2026/09/07 18:56:36.054, NVIDIA GeForce RTX 5060, 591.86, P8, 30, 0, 905, 8151, 8.36, 145.00, 210, 405, 1, 8
2026-09-07T18:56:41.0724096+07:00,2026/09/07 18:56:41.116, NVIDIA GeForce RTX 5060, 591.86, P8, 30, 0, 905, 8151, 8.65, 145.00, 210, 405, 1, 8
2026-09-07T18:56:46.1373124+07:00,2026/09/07 18:56:46.182, NVIDIA GeForce RTX 5060, 591.86, P8, 30, 0, 905, 8151, 8.20, 145.00, 217, 405, 1, 8
2026-09-07T18:56:51.2049935+07:00,2026/09/07 18:56:51.250, NVIDIA GeForce RTX 5060, 591.86, P8, 30, 0, 905, 8151, 8.21, 145.00, 225, 405, 1, 8
2026-09-07T18:56:56.2740271+07:00,2026/09/07 18:56:56.318, NVIDIA GeForce RTX 5060, 591.86, P8, 30, 0, 905, 8151, 8.24, 145.00, 210, 405, 1, 8
2026-09-07T18:57:01.3379084+07:00,2026/09/07 18:57:01.382, NVIDIA GeForce RTX 5060, 591.86, P8, 30, 0, 905, 8151, 8.39, 145.00, 210, 405, 1, 8
2026-09-07T18:57:06.4467734+07:00,2026/09/07 18:57:06.477, NVIDIA GeForce RTX 5060, 591.86, P8, 30, 0, 905, 8151, 8.54, 145.00, 210, 405, 1, 8
2026-09-07T18:57:11.4958055+07:00,2026/09/07 18:57:11.525, NVIDIA GeForce RTX 5060, 591.86, P8, 30, 0, 905, 8151, 8.62, 145.00, 210, 405, 1, 8
2026-09-07T18:57:16.5462452+07:00,2026/09/07 18:57:16.590, NVIDIA GeForce RTX 5060, 591.86, P8, 30, 0, 905, 8151, 8.42, 145.00, 202, 405, 1, 8
2026-09-07T18:57:21.6137631+07:00,2026/09/07 18:57:21.643, NVIDIA GeForce RTX 5060, 591.86, P8, 30, 0, 905, 8151, 8.48, 145.00, 210, 405, 1, 8
2026-09-07T18:57:26.6627760+07:00,2026/09/07 18:57:26.707, NVIDIA GeForce RTX 5060, 591.86, P8, 30, 0, 905, 8151, 8.14, 145.00, 210, 405, 1, 8
2026-09-07T18:57:31.7318239+07:00,2026/09/07 18:57:31.761, NVIDIA GeForce RTX 5060, 591.86, P8, 30, 0, 905, 8151, 8.56, 145.00, 210, 405, 1, 8
2026-09-07T18:57:36.8310417+07:00,2026/09/07 18:57:36.875, NVIDIA GeForce RTX 5060, 591.86, P8, 30, 0, 905, 8151, 8.54, 145.00, 210, 405, 1, 8
2026-09-07T18:57:41.8965973+07:00,2026/09/07 18:57:41.941, NVIDIA GeForce RTX 5060, 591.86, P8, 30, 0, 905, 8151, 8.68, 145.00, 210, 405, 1, 8
2026-09-07T18:57:46.9634042+07:00,2026/09/07 18:57:47.008, NVIDIA GeForce RTX 5060, 591.86, P8, 30, 0, 905, 8151, 8.54, 145.00, 210, 405, 1, 8
2026-09-07T18:57:52.0319832+07:00,2026/09/07 18:57:52.076, NVIDIA GeForce RTX 5060, 591.86, P8, 30, 0, 905, 8151, 8.57, 145.00, 210, 405, 1, 8
2026-09-07T18:57:57.0956001+07:00,2026/09/07 18:57:57.140, NVIDIA GeForce RTX 5060, 591.86, P8, 30, 0, 905, 8151, 8.55, 145.00, 210, 405, 1, 8
2026-09-07T18:58:02.1551494+07:00,2026/09/07 18:58:02.199, NVIDIA GeForce RTX 5060, 591.86, P8, 30, 0, 905, 8151, 8.49, 145.00, 210, 405, 1, 8
2026-09-07T18:58:07.2660931+07:00,2026/09/07 18:58:07.311, NVIDIA GeForce RTX 5060, 591.86, P8, 30, 0, 905, 8151, 8.54, 145.00, 210, 405, 1, 8
2026-09-07T18:58:12.3244909+07:00,2026/09/07 18:58:12.354, NVIDIA GeForce RTX 5060, 591.86, P5, 31, 0, 905, 8151, 14.56, 145.00, 210, 7001, 2, 8
2026-09-07T18:58:17.3761035+07:00,2026/09/07 18:58:17.421, NVIDIA GeForce RTX 5060, 591.86, P8, 30, 0, 905, 8151, 8.41, 145.00, 210, 405, 1, 8
2026-09-07T18:58:22.4459647+07:00,2026/09/07 18:58:22.476, NVIDIA GeForce RTX 5060, 591.86, P8, 30, 0, 905, 8151, 8.56, 145.00, 210, 405, 1, 8
2026-09-07T18:58:27.4990538+07:00,2026/09/07 18:58:27.544, NVIDIA GeForce RTX 5060, 591.86, P8, 30, 0, 905, 8151, 8.47, 145.00, 210, 405, 1, 8
2026-09-07T18:58:32.5594181+07:00,2026/09/07 18:58:32.604, NVIDIA GeForce RTX 5060, 591.86, P3, 31, 0, 905, 8151, 14.46, 145.00, 210, 7001, 2, 8
2026-09-07T18:58:37.6590301+07:00,2026/09/07 18:58:37.704, NVIDIA GeForce RTX 5060, 591.86, P8, 30, 0, 905, 8151, 8.59, 145.00, 210, 405, 1, 8
2026-09-07T18:58:42.7253642+07:00,2026/09/07 18:58:42.755, NVIDIA GeForce RTX 5060, 591.86, P8, 30, 0, 905, 8151, 8.62, 145.00, 210, 405, 1, 8
2026-09-07T18:58:47.7686046+07:00,2026/09/07 18:58:47.813, NVIDIA GeForce RTX 5060, 591.86, P8, 30, 0, 905, 8151, 8.56, 145.00, 210, 405, 1, 8
2026-09-07T18:58:52.8316060+07:00,2026/09/07 18:58:52.862, NVIDIA GeForce RTX 5060, 591.86, P8, 30, 0, 905, 8151, 8.63, 145.00, 210, 405, 1, 8
2026-09-07T18:58:57.8782921+07:00,2026/09/07 18:58:57.923, NVIDIA GeForce RTX 5060, 591.86, P8, 30, 0, 905, 8151, 8.58, 145.00, 210, 405, 1, 8
2026-09-07T18:59:02.9445759+07:00,2026/09/07 18:59:02.990, NVIDIA GeForce RTX 5060, 591.86, P8, 30, 0, 905, 8151, 8.48, 145.00, 210, 405, 1, 8
2026-09-07T18:59:08.0733911+07:00,2026/09/07 18:59:08.117, NVIDIA GeForce RTX 5060, 591.86, P1, 31, 0, 905, 8151, 15.31, 145.00, 202, 14001, 2, 8
2026-09-07T18:59:13.1331823+07:00,2026/09/07 18:59:13.178, NVIDIA GeForce RTX 5060, 591.86, P8, 30, 0, 905, 8151, 8.53, 145.00, 210, 405, 1, 8
2026-09-07T18:59:18.1969009+07:00,2026/09/07 18:59:18.241, NVIDIA GeForce RTX 5060, 591.86, P8, 30, 0, 905, 8151, 8.51, 145.00, 210, 405, 1, 8
2026-09-07T18:59:23.2610317+07:00,2026/09/07 18:59:23.306, NVIDIA GeForce RTX 5060, 591.86, P8, 30, 0, 905, 8151, 8.55, 145.00, 210, 405, 1, 8
2026-09-07T18:59:28.3309467+07:00,2026/09/07 18:59:28.374, NVIDIA GeForce RTX 5060, 591.86, P8, 30, 0, 905, 8151, 8.53, 145.00, 210, 405, 1, 8
2026-09-07T18:59:33.3921435+07:00,2026/09/07 18:59:33.422, NVIDIA GeForce RTX 5060, 591.86, P8, 30, 0, 905, 8151, 8.53, 145.00, 210, 405, 1, 8
2026-09-07T18:59:38.4750658+07:00,2026/09/07 18:59:38.520, NVIDIA GeForce RTX 5060, 591.86, P8, 30, 0, 905, 8151, 8.55, 145.00, 210, 405, 1, 8
2026-09-07T18:59:43.5386332+07:00,2026/09/07 18:59:43.583, NVIDIA GeForce RTX 5060, 591.86, P8, 30, 0, 905, 8151, 8.65, 145.00, 202, 405, 1, 8
2026-09-07T18:59:48.6043439+07:00,2026/09/07 18:59:48.649, NVIDIA GeForce RTX 5060, 591.86, P8, 30, 0, 905, 8151, 8.57, 145.00, 210, 405, 1, 8
2026-09-07T18:59:53.6666360+07:00,2026/09/07 18:59:53.695, NVIDIA GeForce RTX 5060, 591.86, P8, 30, 0, 905, 8151, 8.54, 145.00, 210, 405, 1, 8
2026-09-07T18:59:58.7155642+07:00,2026/09/07 18:59:58.744, NVIDIA GeForce RTX 5060, 591.86, P8, 30, 0, 905, 8151, 8.50, 145.00, 210, 405, 1, 8
2026-09-07T19:00:03.7627058+07:00,2026/09/07 19:00:03.806, NVIDIA GeForce RTX 5060, 591.86, P8, 30, 0, 905, 8151, 8.50, 145.00, 210, 405, 1, 8
2026-09-07T19:00:08.8694502+07:00,2026/09/07 19:00:08.899, NVIDIA GeForce RTX 5060, 591.86, P8, 30, 0, 905, 8151, 8.64, 145.00, 210, 405, 1, 8
2026-09-07T19:00:13.9164780+07:00,2026/09/07 19:00:13.961, NVIDIA GeForce RTX 5060, 591.86, P8, 30, 0, 905, 8151, 8.55, 145.00, 210, 405, 1, 8
2026-09-07T19:00:18.9800115+07:00,2026/09/07 19:00:19.009, NVIDIA GeForce RTX 5060, 591.86, P8, 30, 0, 905, 8151, 8.57, 145.00, 210, 405, 1, 8
2026-09-07T19:00:24.0285902+07:00,2026/09/07 19:00:24.073, NVIDIA GeForce RTX 5060, 591.86, P8, 30, 0, 905, 8151, 8.57, 145.00, 210, 405, 1, 8
2026-09-07T19:00:29.0946926+07:00,2026/09/07 19:00:29.138, NVIDIA GeForce RTX 5060, 591.86, P8, 30, 0, 905, 8151, 8.32, 145.00, 210, 405, 1, 8
2026-09-07T19:00:34.1601778+07:00,2026/09/07 19:00:34.204, NVIDIA GeForce RTX 5060, 591.86, P8, 30, 0, 905, 8151, 8.47, 145.00, 210, 405, 1, 8
2026-09-07T19:00:39.2736856+07:00,2026/09/07 19:00:39.302, NVIDIA GeForce RTX 5060, 591.86, P1, 31, 0, 905, 8151, 12.33, 145.00, 210, 14001, 4, 8
2026-09-07T19:00:44.3224866+07:00,2026/09/07 19:00:44.367, NVIDIA GeForce RTX 5060, 591.86, P8, 30, 0, 905, 8151, 8.63, 145.00, 210, 405, 1, 8
2026-09-07T19:00:49.3862134+07:00,2026/09/07 19:00:49.430, NVIDIA GeForce RTX 5060, 591.86, P8, 30, 0, 905, 8151, 8.54, 145.00, 210, 405, 1, 8
2026-09-07T19:00:54.4518087+07:00,2026/09/07 19:00:54.482, NVIDIA GeForce RTX 5060, 591.86, P8, 30, 0, 905, 8151, 8.38, 145.00, 202, 405, 1, 8
2026-09-07T19:00:59.4915076+07:00,2026/09/07 19:00:59.536, NVIDIA GeForce RTX 5060, 591.86, P8, 30, 0, 905, 8151, 8.34, 145.00, 210, 405, 1, 8
2026-09-07T19:01:04.5603383+07:00,2026/09/07 19:01:04.605, NVIDIA GeForce RTX 5060, 591.86, P8, 30, 0, 905, 8151, 8.26, 145.00, 210, 405, 1, 8
2026-09-07T19:01:09.6736274+07:00,2026/09/07 19:01:09.718, NVIDIA GeForce RTX 5060, 591.86, P8, 30, 0, 905, 8151, 8.25, 145.00, 255, 405, 1, 8
2026-09-07T19:01:14.7404888+07:00,2026/09/07 19:01:14.785, NVIDIA GeForce RTX 5060, 591.86, P8, 30, 0, 905, 8151, 8.27, 145.00, 255, 405, 1, 8
2026-09-07T19:01:19.8060038+07:00,2026/09/07 19:01:19.836, NVIDIA GeForce RTX 5060, 591.86, P8, 31, 2, 905, 8151, 8.19, 145.00, 262, 405, 1, 8
2026-09-07T19:01:24.8551385+07:00,2026/09/07 19:01:24.884, NVIDIA GeForce RTX 5060, 591.86, P8, 30, 0, 905, 8151, 8.24, 145.00, 210, 405, 1, 8
2026-09-07T19:01:29.9035915+07:00,2026/09/07 19:01:29.948, NVIDIA GeForce RTX 5060, 591.86, P8, 30, 0, 905, 8151, 8.34, 145.00, 210, 405, 1, 8
2026-09-07T19:01:34.9702794+07:00,2026/09/07 19:01:35.015, NVIDIA GeForce RTX 5060, 591.86, P8, 30, 0, 905, 8151, 8.35, 145.00, 247, 405, 1, 8
2026-09-07T19:01:40.0643715+07:00,2026/09/07 19:01:40.110, NVIDIA GeForce RTX 5060, 591.86, P8, 30, 0, 905, 8151, 8.21, 145.00, 247, 405, 1, 8
2026-09-07T19:01:45.1293756+07:00,2026/09/07 19:01:45.174, NVIDIA GeForce RTX 5060, 591.86, P8, 30, 0, 905, 8151, 8.19, 145.00, 247, 405, 1, 8
2026-09-07T19:01:50.1915893+07:00,2026/09/07 19:01:50.221, NVIDIA GeForce RTX 5060, 591.86, P8, 30, 1, 905, 8151, 8.26, 145.00, 225, 405, 1, 8
2026-09-07T19:01:55.2410268+07:00,2026/09/07 19:01:55.286, NVIDIA GeForce RTX 5060, 591.86, P8, 30, 0, 905, 8151, 8.27, 145.00, 255, 405, 1, 8
2026-09-07T19:02:00.3040088+07:00,2026/09/07 19:02:00.334, NVIDIA GeForce RTX 5060, 591.86, P8, 30, 0, 905, 8151, 8.18, 145.00, 262, 405, 1, 8
2026-09-07T19:02:05.3515648+07:00,2026/09/07 19:02:05.397, NVIDIA GeForce RTX 5060, 591.86, P8, 30, 0, 905, 8151, 8.39, 145.00, 247, 405, 1, 8
2026-09-07T19:02:10.4601445+07:00,2026/09/07 19:02:10.490, NVIDIA GeForce RTX 5060, 591.86, P8, 30, 0, 905, 8151, 8.34, 145.00, 247, 405, 1, 8
2026-09-07T19:02:15.5121470+07:00,2026/09/07 19:02:15.557, NVIDIA GeForce RTX 5060, 591.86, P8, 30, 1, 905, 8151, 8.33, 145.00, 210, 405, 1, 8
2026-09-07T19:02:20.5723550+07:00,2026/09/07 19:02:20.617, NVIDIA GeForce RTX 5060, 591.86, P8, 30, 0, 905, 8151, 8.62, 145.00, 247, 405, 1, 8
2026-09-07T19:02:25.6339837+07:00,2026/09/07 19:02:25.679, NVIDIA GeForce RTX 5060, 591.86, P8, 30, 0, 905, 8151, 8.30, 145.00, 255, 405, 1, 8
2026-09-07T19:02:30.7007141+07:00,2026/09/07 19:02:30.744, NVIDIA GeForce RTX 5060, 591.86, P8, 30, 0, 905, 8151, 8.12, 145.00, 210, 405, 1, 8
2026-09-07T19:02:35.7669630+07:00,2026/09/07 19:02:35.811, NVIDIA GeForce RTX 5060, 591.86, P8, 30, 2, 905, 8151, 8.25, 145.00, 210, 405, 1, 8
2026-09-07T19:02:40.8746005+07:00,2026/09/07 19:02:40.904, NVIDIA GeForce RTX 5060, 591.86, P8, 30, 0, 905, 8151, 8.07, 145.00, 210, 405, 1, 8
2026-09-07T19:02:45.9214889+07:00,2026/09/07 19:02:45.966, NVIDIA GeForce RTX 5060, 591.86, P8, 31, 1, 905, 8151, 8.35, 145.00, 255, 405, 1, 8
2026-09-07T19:02:50.9842689+07:00,2026/09/07 19:02:51.014, NVIDIA GeForce RTX 5060, 591.86, P8, 30, 0, 905, 8151, 8.33, 145.00, 255, 405, 1, 8
2026-09-07T19:02:56.0263260+07:00,2026/09/07 19:02:56.054, NVIDIA GeForce RTX 5060, 591.86, P8, 30, 0, 905, 8151, 8.20, 145.00, 210, 405, 1, 8
2026-09-07T19:03:01.0728500+07:00,2026/09/07 19:03:01.117, NVIDIA GeForce RTX 5060, 591.86, P8, 30, 2, 905, 8151, 8.36, 145.00, 247, 405, 1, 8
2026-09-07T19:03:06.1289166+07:00,2026/09/07 19:03:06.159, NVIDIA GeForce RTX 5060, 591.86, P8, 30, 1, 905, 8151, 8.09, 145.00, 210, 405, 1, 8
2026-09-07T19:03:11.2264080+07:00,2026/09/07 19:03:11.255, NVIDIA GeForce RTX 5060, 591.86, P8, 30, 0, 905, 8151, 7.99, 145.00, 210, 405, 1, 8
2026-09-07T19:03:16.2747243+07:00,2026/09/07 19:03:16.320, NVIDIA GeForce RTX 5060, 591.86, P8, 30, 0, 905, 8151, 8.02, 145.00, 210, 405, 1, 8
2026-09-07T19:03:21.3405083+07:00,2026/09/07 19:03:21.371, NVIDIA GeForce RTX 5060, 591.86, P8, 30, 0, 905, 8151, 8.19, 145.00, 210, 405, 1, 8
2026-09-07T19:03:26.3917281+07:00,2026/09/07 19:03:26.422, NVIDIA GeForce RTX 5060, 591.86, P8, 30, 0, 905, 8151, 8.12, 145.00, 210, 405, 1, 8
2026-09-07T19:03:31.4328255+07:00,2026/09/07 19:03:31.462, NVIDIA GeForce RTX 5060, 591.86, P8, 30, 1, 905, 8151, 8.30, 145.00, 210, 405, 1, 8
2026-09-07T19:03:36.4724326+07:00,2026/09/07 19:03:36.518, NVIDIA GeForce RTX 5060, 591.86, P8, 30, 0, 908, 8151, 8.44, 145.00, 210, 405, 1, 8
2026-09-07T19:03:41.5910472+07:00,2026/09/07 19:03:41.621, NVIDIA GeForce RTX 5060, 591.86, P0, 32, 2, 920, 8151, 23.35, 145.00, 2572, 14201, 4, 8
2026-09-07T19:03:46.6332134+07:00,2026/09/07 19:03:46.662, NVIDIA GeForce RTX 5060, 591.86, P0, 32, 0, 904, 8151, 23.32, 145.00, 2542, 14201, 4, 8
2026-09-07T19:03:51.6696975+07:00,2026/09/07 19:03:51.700, NVIDIA GeForce RTX 5060, 591.86, P5, 31, 0, 894, 8151, 11.31, 145.00, 577, 810, 2, 8
2026-09-07T19:03:56.7155340+07:00,2026/09/07 19:03:56.760, NVIDIA GeForce RTX 5060, 591.86, P8, 31, 0, 905, 8151, 8.23, 145.00, 210, 405, 1, 8
2026-09-07T19:04:01.7817774+07:00,2026/09/07 19:04:01.811, NVIDIA GeForce RTX 5060, 591.86, P8, 31, 1, 949, 8151, 9.84, 145.00, 390, 405, 1, 8
2026-09-07T19:04:06.8207760+07:00,2026/09/07 19:04:06.865, NVIDIA GeForce RTX 5060, 591.86, P8, 31, 0, 946, 8151, 8.44, 145.00, 255, 405, 1, 8
2026-09-07T19:04:11.9235322+07:00,2026/09/07 19:04:11.954, NVIDIA GeForce RTX 5060, 591.86, P8, 31, 0, 934, 8151, 8.63, 145.00, 247, 405, 1, 8
2026-09-07T19:04:16.9685970+07:00,2026/09/07 19:04:16.997, NVIDIA GeForce RTX 5060, 591.86, P8, 31, 0, 933, 8151, 10.27, 145.00, 292, 405, 1, 8
2026-09-07T19:04:22.0051502+07:00,2026/09/07 19:04:22.050, NVIDIA GeForce RTX 5060, 591.86, P0, 32, 0, 929, 8151, 22.65, 145.00, 2520, 14201, 4, 8
2026-09-07T19:04:27.0630469+07:00,2026/09/07 19:04:27.107, NVIDIA GeForce RTX 5060, 591.86, P8, 31, 1, 906, 8151, 9.19, 145.00, 345, 405, 1, 8
2026-09-07T19:04:32.1170469+07:00,2026/09/07 19:04:32.145, NVIDIA GeForce RTX 5060, 591.86, P8, 31, 0, 908, 8151, 8.46, 145.00, 210, 405, 1, 8
2026-09-07T19:04:37.1545253+07:00,2026/09/07 19:04:37.199, NVIDIA GeForce RTX 5060, 591.86, P8, 31, 0, 907, 8151, 8.89, 145.00, 210, 405, 1, 8
2026-09-07T19:04:42.2500012+07:00,2026/09/07 19:04:42.279, NVIDIA GeForce RTX 5060, 591.86, P8, 31, 0, 907, 8151, 9.31, 145.00, 240, 405, 1, 8
2026-09-07T19:04:47.2882970+07:00,2026/09/07 19:04:47.332, NVIDIA GeForce RTX 5060, 591.86, P8, 31, 1, 906, 8151, 9.46, 145.00, 525, 405, 1, 8
2026-09-07T19:04:52.3560632+07:00,2026/09/07 19:04:52.386, NVIDIA GeForce RTX 5060, 591.86, P8, 31, 0, 906, 8151, 8.93, 145.00, 292, 405, 1, 8
2026-09-07T19:04:57.4080653+07:00,2026/09/07 19:04:57.453, NVIDIA GeForce RTX 5060, 591.86, P8, 31, 6, 894, 8151, 9.21, 145.00, 420, 405, 1, 8
2026-09-07T19:05:02.4742919+07:00,2026/09/07 19:05:02.520, NVIDIA GeForce RTX 5060, 591.86, P8, 31, 0, 893, 8151, 8.88, 145.00, 337, 405, 1, 8
2026-09-07T19:05:07.5383294+07:00,2026/09/07 19:05:07.583, NVIDIA GeForce RTX 5060, 591.86, P8, 31, 0, 893, 8151, 9.04, 145.00, 330, 405, 1, 8
2026-09-07T19:05:12.6333111+07:00,2026/09/07 19:05:12.678, NVIDIA GeForce RTX 5060, 591.86, P8, 31, 0, 893, 8151, 8.55, 145.00, 210, 405, 1, 8
2026-09-07T19:05:17.6988391+07:00,2026/09/07 19:05:17.728, NVIDIA GeForce RTX 5060, 591.86, P8, 31, 0, 892, 8151, 9.28, 145.00, 382, 405, 1, 8
2026-09-07T19:05:22.7409712+07:00,2026/09/07 19:05:22.771, NVIDIA GeForce RTX 5060, 591.86, P8, 31, 0, 884, 8151, 8.39, 145.00, 210, 405, 1, 8
2026-09-07T19:05:27.7910226+07:00,2026/09/07 19:05:27.821, NVIDIA GeForce RTX 5060, 591.86, P0, 32, 0, 884, 8151, 22.42, 145.00, 2512, 14201, 4, 8
2026-09-07T19:05:32.8362664+07:00,2026/09/07 19:05:32.865, NVIDIA GeForce RTX 5060, 591.86, P0, 32, 0, 884, 8151, 22.77, 145.00, 2512, 14201, 4, 8
2026-09-07T19:05:37.8740184+07:00,2026/09/07 19:05:37.919, NVIDIA GeForce RTX 5060, 591.86, P8, 31, 0, 884, 8151, 8.61, 145.00, 210, 810, 1, 8
2026-09-07T19:05:42.9777377+07:00,2026/09/07 19:05:43.022, NVIDIA GeForce RTX 5060, 591.86, P8, 31, 0, 884, 8151, 8.24, 145.00, 210, 405, 1, 8
2026-09-07T19:05:48.0466527+07:00,2026/09/07 19:05:48.091, NVIDIA GeForce RTX 5060, 591.86, P8, 31, 0, 884, 8151, 8.06, 145.00, 210, 405, 1, 8
2026-09-07T19:05:53.1007333+07:00,2026/09/07 19:05:53.145, NVIDIA GeForce RTX 5060, 591.86, P8, 31, 0, 883, 8151, 8.05, 145.00, 210, 405, 1, 8
2026-09-07T19:05:58.1559798+07:00,2026/09/07 19:05:58.185, NVIDIA GeForce RTX 5060, 591.86, P8, 31, 0, 883, 8151, 7.97, 145.00, 210, 405, 1, 8
2026-09-07T19:06:03.2021670+07:00,2026/09/07 19:06:03.247, NVIDIA GeForce RTX 5060, 591.86, P8, 31, 0, 883, 8151, 8.37, 145.00, 210, 405, 1, 8
2026-09-07T19:06:08.2633075+07:00,2026/09/07 19:06:08.292, NVIDIA GeForce RTX 5060, 591.86, P8, 31, 0, 883, 8151, 8.14, 145.00, 210, 405, 1, 8
2026-09-07T19:06:13.3740149+07:00,2026/09/07 19:06:13.402, NVIDIA GeForce RTX 5060, 591.86, P8, 31, 0, 883, 8151, 8.11, 145.00, 210, 405, 1, 8
2026-09-07T19:06:18.4223386+07:00,2026/09/07 19:06:18.452, NVIDIA GeForce RTX 5060, 591.86, P8, 31, 0, 883, 8151, 8.49, 145.00, 210, 405, 1, 8
2026-09-07T19:06:23.4691045+07:00,2026/09/07 19:06:23.513, NVIDIA GeForce RTX 5060, 591.86, P8, 31, 0, 883, 8151, 8.09, 145.00, 210, 405, 1, 8
2026-09-07T19:06:28.5355685+07:00,2026/09/07 19:06:28.565, NVIDIA GeForce RTX 5060, 591.86, P8, 31, 0, 883, 8151, 8.12, 145.00, 210, 405, 1, 8
2026-09-07T19:06:33.5754838+07:00,2026/09/07 19:06:33.620, NVIDIA GeForce RTX 5060, 591.86, P8, 31, 0, 883, 8151, 8.10, 145.00, 210, 405, 1, 8
2026-09-07T19:06:38.6361946+07:00,2026/09/07 19:06:38.680, NVIDIA GeForce RTX 5060, 591.86, P8, 31, 0, 883, 8151, 8.14, 145.00, 210, 405, 1, 8
2026-09-07T19:06:43.7510088+07:00,2026/09/07 19:06:43.780, NVIDIA GeForce RTX 5060, 591.86, P8, 31, 0, 883, 8151, 8.03, 145.00, 210, 405, 1, 8
2026-09-07T19:06:48.8023980+07:00,2026/09/07 19:06:48.832, NVIDIA GeForce RTX 5060, 591.86, P8, 31, 0, 883, 8151, 8.01, 145.00, 210, 405, 1, 8
2026-09-07T19:06:53.8535419+07:00,2026/09/07 19:06:53.898, NVIDIA GeForce RTX 5060, 591.86, P8, 30, 0, 883, 8151, 7.97, 145.00, 210, 405, 1, 8
2026-09-07T19:06:58.9166111+07:00,2026/09/07 19:06:58.946, NVIDIA GeForce RTX 5060, 591.86, P8, 31, 0, 883, 8151, 7.99, 145.00, 210, 405, 1, 8
2026-09-07T19:07:03.9687047+07:00,2026/09/07 19:07:03.998, NVIDIA GeForce RTX 5060, 591.86, P8, 31, 0, 883, 8151, 8.19, 145.00, 210, 405, 1, 8
2026-09-07T19:07:09.0150418+07:00,2026/09/07 19:07:09.059, NVIDIA GeForce RTX 5060, 591.86, P8, 30, 0, 883, 8151, 7.97, 145.00, 210, 405, 1, 8
2026-09-07T19:07:14.1247106+07:00,2026/09/07 19:07:14.169, NVIDIA GeForce RTX 5060, 591.86, P8, 30, 0, 883, 8151, 8.02, 145.00, 210, 405, 1, 8
2026-09-07T19:07:19.1850326+07:00,2026/09/07 19:07:19.214, NVIDIA GeForce RTX 5060, 591.86, P8, 30, 0, 883, 8151, 8.38, 145.00, 210, 405, 1, 8
2026-09-07T19:07:24.2317780+07:00,2026/09/07 19:07:24.277, NVIDIA GeForce RTX 5060, 591.86, P8, 30, 0, 883, 8151, 7.99, 145.00, 210, 405, 1, 8
2026-09-07T19:07:29.2980052+07:00,2026/09/07 19:07:29.342, NVIDIA GeForce RTX 5060, 591.86, P8, 30, 0, 883, 8151, 8.03, 145.00, 210, 405, 1, 8
2026-09-07T19:07:34.3591248+07:00,2026/09/07 19:07:34.404, NVIDIA GeForce RTX 5060, 591.86, P8, 30, 0, 883, 8151, 7.89, 145.00, 210, 405, 1, 8
2026-09-07T19:07:39.4265517+07:00,2026/09/07 19:07:39.470, NVIDIA GeForce RTX 5060, 591.86, P8, 30, 0, 883, 8151, 7.99, 145.00, 210, 405, 1, 8
2026-09-07T19:07:44.5372571+07:00,2026/09/07 19:07:44.566, NVIDIA GeForce RTX 5060, 591.86, P8, 30, 0, 883, 8151, 8.01, 145.00, 210, 405, 1, 8
2026-09-07T19:07:49.5753859+07:00,2026/09/07 19:07:49.620, NVIDIA GeForce RTX 5060, 591.86, P8, 30, 0, 883, 8151, 7.94, 145.00, 210, 405, 1, 8
2026-09-07T19:07:54.6350142+07:00,2026/09/07 19:07:54.680, NVIDIA GeForce RTX 5060, 591.86, P8, 30, 0, 883, 8151, 7.98, 145.00, 210, 405, 1, 8
2026-09-07T19:07:59.7007911+07:00,2026/09/07 19:07:59.730, NVIDIA GeForce RTX 5060, 591.86, P8, 30, 0, 883, 8151, 7.77, 145.00, 202, 405, 1, 8
2026-09-07T19:08:04.7505797+07:00,2026/09/07 19:08:04.795, NVIDIA GeForce RTX 5060, 591.86, P8, 30, 0, 883, 8151, 8.18, 145.00, 210, 405, 1, 8
2026-09-07T19:08:09.8133835+07:00,2026/09/07 19:08:09.843, NVIDIA GeForce RTX 5060, 591.86, P8, 30, 0, 883, 8151, 7.78, 145.00, 210, 405, 1, 8
2026-09-07T19:08:14.8971361+07:00,2026/09/07 19:08:14.927, NVIDIA GeForce RTX 5060, 591.86, P8, 30, 0, 883, 8151, 7.86, 145.00, 210, 405, 1, 8
2026-09-07T19:08:19.9436009+07:00,2026/09/07 19:08:19.972, NVIDIA GeForce RTX 5060, 591.86, P8, 30, 0, 883, 8151, 8.11, 145.00, 210, 405, 1, 8
2026-09-07T19:08:24.9938041+07:00,2026/09/07 19:08:25.023, NVIDIA GeForce RTX 5060, 591.86, P8, 30, 0, 883, 8151, 7.84, 145.00, 210, 405, 1, 8
2026-09-07T19:08:30.0453025+07:00,2026/09/07 19:08:30.075, NVIDIA GeForce RTX 5060, 591.86, P8, 30, 0, 883, 8151, 7.81, 145.00, 210, 405, 1, 8
2026-09-07T19:08:35.0930268+07:00,2026/09/07 19:08:35.122, NVIDIA GeForce RTX 5060, 591.86, P8, 30, 0, 883, 8151, 7.88, 145.00, 210, 405, 1, 8
2026-09-07T19:08:40.1427182+07:00,2026/09/07 19:08:40.172, NVIDIA GeForce RTX 5060, 591.86, P8, 30, 0, 883, 8151, 7.71, 145.00, 210, 405, 1, 8
2026-09-07T19:08:45.2357111+07:00,2026/09/07 19:08:45.265, NVIDIA GeForce RTX 5060, 591.86, P8, 30, 0, 883, 8151, 7.71, 145.00, 210, 405, 1, 8
2026-09-07T19:08:50.2851233+07:00,2026/09/07 19:08:50.330, NVIDIA GeForce RTX 5060, 591.86, P8, 30, 0, 883, 8151, 7.89, 145.00, 210, 405, 1, 8
2026-09-07T19:08:55.3486985+07:00,2026/09/07 19:08:55.393, NVIDIA GeForce RTX 5060, 591.86, P8, 30, 0, 883, 8151, 7.84, 145.00, 210, 405, 1, 8
2026-09-07T19:09:00.4142489+07:00,2026/09/07 19:09:00.443, NVIDIA GeForce RTX 5060, 591.86, P8, 30, 0, 877, 8151, 8.19, 145.00, 210, 405, 1, 8
2026-09-07T19:09:05.4609884+07:00,2026/09/07 19:09:05.505, NVIDIA GeForce RTX 5060, 591.86, P8, 30, 0, 877, 8151, 7.85, 145.00, 202, 405, 1, 8
2026-09-07T19:09:10.5237592+07:00,2026/09/07 19:09:10.569, NVIDIA GeForce RTX 5060, 591.86, P8, 30, 0, 877, 8151, 7.82, 145.00, 210, 405, 1, 8
2026-09-07T19:09:15.6359347+07:00,2026/09/07 19:09:15.666, NVIDIA GeForce RTX 5060, 591.86, P8, 30, 0, 877, 8151, 7.79, 145.00, 210, 405, 1, 8
2026-09-07T19:09:20.6865392+07:00,2026/09/07 19:09:20.716, NVIDIA GeForce RTX 5060, 591.86, P8, 30, 0, 877, 8151, 7.83, 145.00, 210, 405, 1, 8
2026-09-07T19:09:25.7367919+07:00,2026/09/07 19:09:25.781, NVIDIA GeForce RTX 5060, 591.86, P8, 30, 0, 877, 8151, 7.97, 145.00, 210, 405, 1, 8
2026-09-07T19:09:30.7992950+07:00,2026/09/07 19:09:30.829, NVIDIA GeForce RTX 5060, 591.86, P8, 30, 0, 877, 8151, 7.86, 145.00, 210, 405, 1, 8
2026-09-07T19:09:35.8478538+07:00,2026/09/07 19:09:35.877, NVIDIA GeForce RTX 5060, 591.86, P8, 30, 0, 877, 8151, 7.90, 145.00, 210, 405, 1, 8
2026-09-07T19:09:40.8992396+07:00,2026/09/07 19:09:40.944, NVIDIA GeForce RTX 5060, 591.86, P8, 30, 0, 877, 8151, 7.90, 145.00, 210, 405, 1, 8
2026-09-07T19:09:46.0107058+07:00,2026/09/07 19:09:46.055, NVIDIA GeForce RTX 5060, 591.86, P8, 30, 0, 877, 8151, 7.81, 145.00, 210, 405, 1, 8
2026-09-07T19:09:51.0656656+07:00,2026/09/07 19:09:51.095, NVIDIA GeForce RTX 5060, 591.86, P8, 30, 0, 877, 8151, 8.29, 145.00, 210, 405, 1, 8
2026-09-07T19:09:56.1180720+07:00,2026/09/07 19:09:56.162, NVIDIA GeForce RTX 5060, 591.86, P8, 30, 0, 877, 8151, 7.97, 145.00, 210, 405, 1, 8
2026-09-07T19:10:01.1881801+07:00,2026/09/07 19:10:01.232, NVIDIA GeForce RTX 5060, 591.86, P8, 30, 8, 877, 8151, 7.88, 145.00, 210, 405, 1, 8
2026-09-07T19:10:06.2429857+07:00,2026/09/07 19:10:06.272, NVIDIA GeForce RTX 5060, 591.86, P8, 30, 0, 877, 8151, 7.90, 145.00, 210, 405, 1, 8
2026-09-07T19:10:11.2853296+07:00,2026/09/07 19:10:11.329, NVIDIA GeForce RTX 5060, 591.86, P8, 30, 0, 877, 8151, 7.93, 145.00, 210, 405, 1, 8
2026-09-07T19:10:16.3987505+07:00,2026/09/07 19:10:16.428, NVIDIA GeForce RTX 5060, 591.86, P8, 30, 0, 877, 8151, 7.99, 145.00, 210, 405, 1, 8
2026-09-07T19:10:21.4378589+07:00,2026/09/07 19:10:21.482, NVIDIA GeForce RTX 5060, 591.86, P8, 30, 0, 877, 8151, 8.09, 145.00, 210, 405, 1, 8
2026-09-07T19:10:26.4949271+07:00,2026/09/07 19:10:26.540, NVIDIA GeForce RTX 5060, 591.86, P8, 30, 0, 877, 8151, 7.87, 145.00, 210, 405, 1, 8
2026-09-07T19:10:31.5537030+07:00,2026/09/07 19:10:31.598, NVIDIA GeForce RTX 5060, 591.86, P8, 30, 0, 877, 8151, 7.96, 145.00, 210, 405, 1, 8
2026-09-07T19:10:36.6117398+07:00,2026/09/07 19:10:36.640, NVIDIA GeForce RTX 5060, 591.86, P8, 30, 0, 877, 8151, 7.86, 145.00, 210, 405, 1, 8
2026-09-07T19:10:41.6513204+07:00,2026/09/07 19:10:41.697, NVIDIA GeForce RTX 5060, 591.86, P8, 30, 0, 877, 8151, 7.96, 145.00, 210, 405, 1, 8
2026-09-07T19:10:46.7775707+07:00,2026/09/07 19:10:46.822, NVIDIA GeForce RTX 5060, 591.86, P8, 30, 0, 877, 8151, 7.95, 145.00, 210, 405, 1, 8
2026-09-07T19:10:51.8439699+07:00,2026/09/07 19:10:51.873, NVIDIA GeForce RTX 5060, 591.86, P8, 30, 0, 877, 8151, 7.86, 145.00, 210, 405, 1, 8
2026-09-07T19:10:56.8971935+07:00,2026/09/07 19:10:56.926, NVIDIA GeForce RTX 5060, 591.86, P8, 30, 0, 877, 8151, 7.98, 145.00, 210, 405, 1, 8
2026-09-07T19:11:01.9434363+07:00,2026/09/07 19:11:01.988, NVIDIA GeForce RTX 5060, 591.86, P8, 30, 0, 877, 8151, 8.27, 145.00, 210, 405, 1, 8
2026-09-07T19:11:07.0064356+07:00,2026/09/07 19:11:07.051, NVIDIA GeForce RTX 5060, 591.86, P8, 30, 0, 877, 8151, 7.92, 145.00, 210, 405, 1, 8
2026-09-07T19:11:12.0613022+07:00,2026/09/07 19:11:12.091, NVIDIA GeForce RTX 5060, 591.86, P8, 30, 0, 877, 8151, 7.98, 145.00, 210, 405, 1, 8
2026-09-07T19:11:17.1455982+07:00,2026/09/07 19:11:17.190, NVIDIA GeForce RTX 5060, 591.86, P8, 30, 0, 877, 8151, 7.89, 145.00, 210, 405, 1, 8
2026-09-07T19:11:22.2113559+07:00,2026/09/07 19:11:22.255, NVIDIA GeForce RTX 5060, 591.86, P8, 30, 0, 877, 8151, 7.91, 145.00, 210, 405, 1, 8
2026-09-07T19:11:27.2759325+07:00,2026/09/07 19:11:27.321, NVIDIA GeForce RTX 5060, 591.86, P8, 30, 0, 877, 8151, 8.00, 145.00, 210, 405, 1, 8
2026-09-07T19:11:32.3308005+07:00,2026/09/07 19:11:32.361, NVIDIA GeForce RTX 5060, 591.86, P8, 30, 0, 877, 8151, 8.13, 145.00, 210, 405, 1, 8
2026-09-07T19:11:37.3845834+07:00,2026/09/07 19:11:37.413, NVIDIA GeForce RTX 5060, 591.86, P8, 30, 0, 877, 8151, 8.13, 145.00, 210, 405, 1, 8
2026-09-07T19:11:42.4303119+07:00,2026/09/07 19:11:42.474, NVIDIA GeForce RTX 5060, 591.86, P8, 30, 0, 877, 8151, 8.07, 145.00, 210, 405, 1, 8
2026-09-07T19:11:47.5313526+07:00,2026/09/07 19:11:47.560, NVIDIA GeForce RTX 5060, 591.86, P8, 30, 0, 877, 8151, 7.94, 145.00, 210, 405, 1, 8
2026-09-07T19:11:52.5842842+07:00,2026/09/07 19:11:52.628, NVIDIA GeForce RTX 5060, 591.86, P8, 30, 0, 877, 8151, 7.96, 145.00, 210, 405, 1, 8
2026-09-07T19:11:57.6456936+07:00,2026/09/07 19:11:57.690, NVIDIA GeForce RTX 5060, 591.86, P8, 30, 0, 877, 8151, 7.81, 145.00, 210, 405, 1, 8
2026-09-07T19:12:02.7090709+07:00,2026/09/07 19:12:02.739, NVIDIA GeForce RTX 5060, 591.86, P8, 30, 0, 877, 8151, 8.37, 145.00, 210, 405, 1, 8
2026-09-07T19:12:07.7583401+07:00,2026/09/07 19:12:07.802, NVIDIA GeForce RTX 5060, 591.86, P8, 30, 0, 877, 8151, 7.94, 145.00, 210, 405, 1, 8
2026-09-07T19:12:12.8268107+07:00,2026/09/07 19:12:12.871, NVIDIA GeForce RTX 5060, 591.86, P8, 30, 0, 877, 8151, 7.99, 145.00, 210, 405, 1, 8
2026-09-07T19:12:17.9384779+07:00,2026/09/07 19:12:17.983, NVIDIA GeForce RTX 5060, 591.86, P8, 30, 1, 877, 8151, 8.32, 145.00, 210, 405, 1, 8
2026-09-07T19:12:23.0061441+07:00,2026/09/07 19:12:23.050, NVIDIA GeForce RTX 5060, 591.86, P8, 30, 0, 877, 8151, 7.95, 145.00, 210, 405, 1, 8
2026-09-07T19:12:28.0708605+07:00,2026/09/07 19:12:28.100, NVIDIA GeForce RTX 5060, 591.86, P8, 30, 0, 877, 8151, 8.00, 145.00, 210, 405, 1, 8
2026-09-07T19:12:33.1228973+07:00,2026/09/07 19:12:33.168, NVIDIA GeForce RTX 5060, 591.86, P8, 30, 0, 877, 8151, 7.94, 145.00, 210, 405, 1, 8
2026-09-07T19:12:38.1887178+07:00,2026/09/07 19:12:38.233, NVIDIA GeForce RTX 5060, 591.86, P8, 30, 0, 877, 8151, 8.10, 145.00, 210, 405, 1, 8
2026-09-07T19:12:43.2573137+07:00,2026/09/07 19:12:43.302, NVIDIA GeForce RTX 5060, 591.86, P8, 30, 0, 877, 8151, 8.11, 145.00, 210, 405, 1, 8
2026-09-07T19:12:48.3535003+07:00,2026/09/07 19:12:48.399, NVIDIA GeForce RTX 5060, 591.86, P8, 30, 0, 877, 8151, 7.86, 145.00, 210, 405, 1, 8
2026-09-07T19:12:53.4163170+07:00,2026/09/07 19:12:53.446, NVIDIA GeForce RTX 5060, 591.86, P8, 30, 0, 877, 8151, 7.98, 145.00, 210, 405, 1, 8
2026-09-07T19:12:58.4634598+07:00,2026/09/07 19:12:58.508, NVIDIA GeForce RTX 5060, 591.86, P8, 30, 0, 877, 8151, 7.82, 145.00, 210, 405, 1, 8
2026-09-07T19:13:03.5306410+07:00,2026/09/07 19:13:03.575, NVIDIA GeForce RTX 5060, 591.86, P8, 30, 0, 877, 8151, 8.10, 145.00, 210, 405, 1, 8
2026-09-07T19:13:08.5965713+07:00,2026/09/07 19:13:08.641, NVIDIA GeForce RTX 5060, 591.86, P8, 30, 0, 877, 8151, 7.82, 145.00, 210, 405, 1, 8
2026-09-07T19:13:13.6608145+07:00,2026/09/07 19:13:13.690, NVIDIA GeForce RTX 5060, 591.86, P8, 30, 0, 877, 8151, 7.76, 145.00, 210, 405, 1, 8
2026-09-07T19:13:18.7395443+07:00,2026/09/07 19:13:18.769, NVIDIA GeForce RTX 5060, 591.86, P8, 30, 0, 877, 8151, 8.37, 145.00, 210, 405, 1, 8
2026-09-07T19:13:23.7916208+07:00,2026/09/07 19:13:23.835, NVIDIA GeForce RTX 5060, 591.86, P8, 30, 0, 877, 8151, 7.89, 145.00, 210, 405, 1, 8
2026-09-07T19:13:28.8581985+07:00,2026/09/07 19:13:28.903, NVIDIA GeForce RTX 5060, 591.86, P8, 30, 0, 877, 8151, 7.87, 145.00, 210, 405, 1, 8
2026-09-07T19:13:33.9259336+07:00,2026/09/07 19:13:33.955, NVIDIA GeForce RTX 5060, 591.86, P8, 30, 0, 877, 8151, 7.84, 145.00, 210, 405, 1, 8
2026-09-07T19:13:38.9760963+07:00,2026/09/07 19:13:39.005, NVIDIA GeForce RTX 5060, 591.86, P8, 30, 0, 877, 8151, 7.80, 145.00, 210, 405, 1, 8
2026-09-07T19:13:44.0127849+07:00,2026/09/07 19:13:44.058, NVIDIA GeForce RTX 5060, 591.86, P8, 30, 0, 877, 8151, 7.81, 145.00, 210, 405, 1, 8
2026-09-07T19:13:49.1373236+07:00,2026/09/07 19:13:49.182, NVIDIA GeForce RTX 5060, 591.86, P8, 30, 0, 877, 8151, 7.74, 145.00, 210, 405, 1, 8
2026-09-07T19:13:54.2055667+07:00,2026/09/07 19:13:54.234, NVIDIA GeForce RTX 5060, 591.86, P8, 30, 0, 877, 8151, 7.80, 145.00, 210, 405, 1, 8
2026-09-07T19:13:59.2504108+07:00,2026/09/07 19:13:59.295, NVIDIA GeForce RTX 5060, 591.86, P8, 30, 0, 877, 8151, 7.83, 145.00, 210, 405, 1, 8
2026-09-07T19:14:04.3125666+07:00,2026/09/07 19:14:04.342, NVIDIA GeForce RTX 5060, 591.86, P8, 30, 0, 877, 8151, 8.20, 145.00, 210, 405, 1, 8
2026-09-07T19:14:09.3613035+07:00,2026/09/07 19:14:09.406, NVIDIA GeForce RTX 5060, 591.86, P8, 30, 0, 877, 8151, 7.72, 145.00, 210, 405, 1, 8
2026-09-07T19:14:14.4292852+07:00,2026/09/07 19:14:14.474, NVIDIA GeForce RTX 5060, 591.86, P8, 30, 0, 877, 8151, 7.79, 145.00, 210, 405, 1, 8
2026-09-07T19:14:19.5371026+07:00,2026/09/07 19:14:19.581, NVIDIA GeForce RTX 5060, 591.86, P8, 30, 0, 877, 8151, 8.16, 145.00, 210, 405, 1, 8
2026-09-07T19:14:24.6043292+07:00,2026/09/07 19:14:24.634, NVIDIA GeForce RTX 5060, 591.86, P8, 30, 0, 877, 8151, 7.80, 145.00, 210, 405, 1, 8
2026-09-07T19:14:29.6525959+07:00,2026/09/07 19:14:29.683, NVIDIA GeForce RTX 5060, 591.86, P8, 30, 0, 877, 8151, 7.75, 145.00, 210, 405, 1, 8
2026-09-07T19:14:34.6986455+07:00,2026/09/07 19:14:34.743, NVIDIA GeForce RTX 5060, 591.86, P8, 30, 0, 877, 8151, 7.65, 145.00, 210, 405, 1, 8
2026-09-07T19:14:39.7610463+07:00,2026/09/07 19:14:39.805, NVIDIA GeForce RTX 5060, 591.86, P8, 30, 0, 877, 8151, 7.67, 145.00, 210, 405, 1, 8
2026-09-07T19:14:44.8299385+07:00,2026/09/07 19:14:44.875, NVIDIA GeForce RTX 5060, 591.86, P8, 30, 0, 877, 8151, 7.73, 145.00, 210, 405, 1, 8
2026-09-07T19:14:49.9294503+07:00,2026/09/07 19:14:49.973, NVIDIA GeForce RTX 5060, 591.86, P8, 30, 0, 877, 8151, 7.73, 145.00, 210, 405, 1, 8
2026-09-07T19:14:54.9909736+07:00,2026/09/07 19:14:55.035, NVIDIA GeForce RTX 5060, 591.86, P8, 30, 0, 877, 8151, 7.73, 145.00, 210, 405, 1, 8
2026-09-07T19:15:00.0552697+07:00,2026/09/07 19:15:00.100, NVIDIA GeForce RTX 5060, 591.86, P8, 30, 0, 877, 8151, 7.55, 145.00, 210, 405, 1, 8
2026-09-07T19:15:05.1209391+07:00,2026/09/07 19:15:05.150, NVIDIA GeForce RTX 5060, 591.86, P8, 30, 0, 877, 8151, 8.11, 145.00, 210, 405, 1, 8
2026-09-07T19:15:10.1580268+07:00,2026/09/07 19:15:10.187, NVIDIA GeForce RTX 5060, 591.86, P8, 30, 0, 877, 8151, 7.82, 145.00, 210, 405, 1, 8
2026-09-07T19:15:15.2062106+07:00,2026/09/07 19:15:15.251, NVIDIA GeForce RTX 5060, 591.86, P8, 30, 0, 877, 8151, 7.67, 145.00, 210, 405, 1, 8
2026-09-07T19:15:20.3054146+07:00,2026/09/07 19:15:20.349, NVIDIA GeForce RTX 5060, 591.86, P8, 30, 0, 877, 8151, 7.59, 145.00, 210, 405, 1, 8
2026-09-07T19:15:25.3686781+07:00,2026/09/07 19:15:25.398, NVIDIA GeForce RTX 5060, 591.86, P8, 30, 0, 877, 8151, 7.57, 145.00, 210, 405, 1, 8
2026-09-07T19:15:30.4172837+07:00,2026/09/07 19:15:30.462, NVIDIA GeForce RTX 5060, 591.86, P8, 30, 0, 877, 8151, 7.72, 145.00, 210, 405, 1, 8
2026-09-07T19:15:35.4788403+07:00,2026/09/07 19:15:35.523, NVIDIA GeForce RTX 5060, 591.86, P8, 30, 0, 877, 8151, 7.66, 145.00, 210, 405, 1, 8
2026-09-07T19:15:40.5449533+07:00,2026/09/07 19:15:40.574, NVIDIA GeForce RTX 5060, 591.86, P8, 30, 0, 877, 8151, 7.66, 145.00, 210, 405, 1, 8
2026-09-07T19:15:45.5819442+07:00,2026/09/07 19:15:45.626, NVIDIA GeForce RTX 5060, 591.86, P8, 30, 0, 877, 8151, 7.59, 145.00, 210, 405, 1, 8
2026-09-07T19:15:50.6793143+07:00,2026/09/07 19:15:50.709, NVIDIA GeForce RTX 5060, 591.86, P8, 30, 0, 877, 8151, 8.07, 145.00, 210, 405, 1, 8
2026-09-07T19:15:55.7187518+07:00,2026/09/07 19:15:55.763, NVIDIA GeForce RTX 5060, 591.86, P8, 30, 0, 877, 8151, 7.80, 145.00, 210, 405, 1, 8
2026-09-07T19:16:00.7874575+07:00,2026/09/07 19:16:00.817, NVIDIA GeForce RTX 5060, 591.86, P8, 30, 0, 877, 8151, 7.74, 145.00, 210, 405, 1, 8
2026-09-07T19:16:05.8252880+07:00,2026/09/07 19:16:05.870, NVIDIA GeForce RTX 5060, 591.86, P8, 30, 0, 877, 8151, 7.88, 145.00, 210, 405, 1, 8
2026-09-07T19:16:10.8813701+07:00,2026/09/07 19:16:10.911, NVIDIA GeForce RTX 5060, 591.86, P8, 30, 0, 877, 8151, 7.79, 145.00, 210, 405, 1, 8
2026-09-07T19:16:15.9217312+07:00,2026/09/07 19:16:15.951, NVIDIA GeForce RTX 5060, 591.86, P8, 30, 0, 877, 8151, 7.76, 145.00, 202, 405, 1, 8
2026-09-07T19:16:21.0073893+07:00,2026/09/07 19:16:21.037, NVIDIA GeForce RTX 5060, 591.86, P8, 30, 0, 877, 8151, 7.79, 145.00, 210, 405, 1, 8
2026-09-07T19:16:26.0504727+07:00,2026/09/07 19:16:26.094, NVIDIA GeForce RTX 5060, 591.86, P8, 30, 0, 877, 8151, 7.90, 145.00, 210, 405, 1, 8
2026-09-07T19:16:31.1087604+07:00,2026/09/07 19:16:31.153, NVIDIA GeForce RTX 5060, 591.86, P8, 30, 0, 877, 8151, 7.74, 145.00, 210, 405, 1, 8
2026-09-07T19:16:36.1707506+07:00,2026/09/07 19:16:36.215, NVIDIA GeForce RTX 5060, 591.86, P8, 30, 0, 877, 8151, 7.85, 145.00, 210, 405, 1, 8
2026-09-07T19:16:41.2307914+07:00,2026/09/07 19:16:41.275, NVIDIA GeForce RTX 5060, 591.86, P8, 30, 0, 877, 8151, 7.76, 145.00, 210, 405, 1, 8
2026-09-07T19:16:46.2929903+07:00,2026/09/07 19:16:46.338, NVIDIA GeForce RTX 5060, 591.86, P8, 30, 0, 877, 8151, 7.77, 145.00, 210, 405, 1, 8
2026-09-07T19:16:51.4053087+07:00,2026/09/07 19:16:51.435, NVIDIA GeForce RTX 5060, 591.86, P8, 30, 0, 877, 8151, 7.86, 145.00, 210, 405, 1, 8
2026-09-07T19:16:56.4556435+07:00,2026/09/07 19:16:56.486, NVIDIA GeForce RTX 5060, 591.86, P8, 30, 0, 877, 8151, 7.73, 145.00, 210, 405, 1, 8
2026-09-07T19:17:01.4953434+07:00,2026/09/07 19:17:01.525, NVIDIA GeForce RTX 5060, 591.86, P8, 30, 0, 877, 8151, 7.88, 145.00, 240, 405, 1, 8
2026-09-07T19:17:06.5465850+07:00,2026/09/07 19:17:06.591, NVIDIA GeForce RTX 5060, 591.86, P8, 30, 0, 877, 8151, 7.63, 145.00, 210, 405, 1, 8
2026-09-07T19:17:11.6143799+07:00,2026/09/07 19:17:11.658, NVIDIA GeForce RTX 5060, 591.86, P8, 30, 0, 877, 8151, 7.68, 145.00, 210, 405, 1, 8
2026-09-07T19:17:16.6816102+07:00,2026/09/07 19:17:16.726, NVIDIA GeForce RTX 5060, 591.86, P8, 30, 0, 877, 8151, 7.88, 145.00, 210, 405, 1, 8
2026-09-07T19:17:21.7951674+07:00,2026/09/07 19:17:21.840, NVIDIA GeForce RTX 5060, 591.86, P8, 30, 0, 877, 8151, 7.68, 145.00, 210, 405, 1, 8
2026-09-07T19:17:26.8571214+07:00,2026/09/07 19:17:26.887, NVIDIA GeForce RTX 5060, 591.86, P8, 30, 0, 877, 8151, 7.76, 145.00, 210, 405, 1, 8
2026-09-07T19:17:31.8975731+07:00,2026/09/07 19:17:31.943, NVIDIA GeForce RTX 5060, 591.86, P8, 30, 5, 832, 8151, 8.69, 145.00, 210, 405, 1, 8
2026-09-07T19:17:36.9580022+07:00,2026/09/07 19:17:36.988, NVIDIA GeForce RTX 5060, 591.86, P8, 30, 0, 851, 8151, 8.94, 145.00, 337, 405, 1, 8
2026-09-07T19:17:42.0043976+07:00,2026/09/07 19:17:42.034, NVIDIA GeForce RTX 5060, 591.86, P8, 30, 0, 851, 8151, 8.73, 145.00, 225, 405, 1, 8
2026-09-07T19:17:47.0507988+07:00,2026/09/07 19:17:47.096, NVIDIA GeForce RTX 5060, 591.86, P8, 30, 0, 842, 8151, 9.44, 145.00, 307, 405, 1, 8
2026-09-07T19:17:52.1597353+07:00,2026/09/07 19:17:52.204, NVIDIA GeForce RTX 5060, 591.86, P8, 30, 3, 846, 8151, 9.33, 145.00, 292, 405, 1, 8
2026-09-07T19:17:57.2214011+07:00,2026/09/07 19:17:57.266, NVIDIA GeForce RTX 5060, 591.86, P8, 30, 0, 846, 8151, 9.15, 145.00, 292, 405, 1, 8
2026-09-07T19:18:02.2803401+07:00,2026/09/07 19:18:02.308, NVIDIA GeForce RTX 5060, 591.86, P8, 30, 0, 846, 8151, 9.26, 145.00, 330, 405, 1, 8
2026-09-07T19:18:07.3266421+07:00,2026/09/07 19:18:07.371, NVIDIA GeForce RTX 5060, 591.86, P8, 30, 1, 842, 8151, 8.73, 145.00, 367, 405, 1, 8
2026-09-07T19:18:12.3876859+07:00,2026/09/07 19:18:12.418, NVIDIA GeForce RTX 5060, 591.86, P8, 30, 0, 846, 8151, 8.79, 145.00, 292, 405, 1, 8
2026-09-07T19:18:17.4331601+07:00,2026/09/07 19:18:17.478, NVIDIA GeForce RTX 5060, 591.86, P8, 30, 0, 846, 8151, 8.80, 145.00, 270, 405, 1, 8
2026-09-07T19:18:22.5383484+07:00,2026/09/07 19:18:22.568, NVIDIA GeForce RTX 5060, 591.86, P8, 30, 3, 846, 8151, 9.28, 145.00, 277, 405, 1, 8
2026-09-07T19:18:27.5832648+07:00,2026/09/07 19:18:27.612, NVIDIA GeForce RTX 5060, 591.86, P8, 30, 0, 846, 8151, 8.43, 145.00, 210, 405, 1, 8
2026-09-07T19:18:32.6244396+07:00,2026/09/07 19:18:32.669, NVIDIA GeForce RTX 5060, 591.86, P8, 30, 0, 846, 8151, 9.24, 145.00, 292, 405, 1, 8
2026-09-07T19:18:37.6848884+07:00,2026/09/07 19:18:37.730, NVIDIA GeForce RTX 5060, 591.86, P8, 30, 0, 846, 8151, 8.19, 145.00, 210, 405, 1, 8
2026-09-07T19:18:42.7459544+07:00,2026/09/07 19:18:42.776, NVIDIA GeForce RTX 5060, 591.86, P8, 31, 1, 847, 8151, 9.93, 145.00, 495, 405, 1, 8
2026-09-07T19:18:47.7854307+07:00,2026/09/07 19:18:47.815, NVIDIA GeForce RTX 5060, 591.86, P8, 31, 1, 852, 8151, 10.02, 145.00, 487, 405, 1, 8
2026-09-07T19:18:52.8796483+07:00,2026/09/07 19:18:52.910, NVIDIA GeForce RTX 5060, 591.86, P8, 31, 1, 852, 8151, 9.86, 145.00, 532, 405, 1, 8
2026-09-07T19:18:57.9316208+07:00,2026/09/07 19:18:57.961, NVIDIA GeForce RTX 5060, 591.86, P8, 31, 1, 862, 8151, 9.85, 145.00, 442, 405, 1, 8
2026-09-07T19:19:02.9807962+07:00,2026/09/07 19:19:03.011, NVIDIA GeForce RTX 5060, 591.86, P8, 31, 1, 862, 8151, 10.09, 145.00, 487, 405, 1, 8
2026-09-07T19:19:08.0331061+07:00,2026/09/07 19:19:08.078, NVIDIA GeForce RTX 5060, 591.86, P8, 31, 1, 862, 8151, 10.00, 145.00, 517, 405, 1, 8
2026-09-07T19:19:13.0957963+07:00,2026/09/07 19:19:13.126, NVIDIA GeForce RTX 5060, 591.86, P8, 31, 1, 862, 8151, 9.98, 145.00, 510, 405, 1, 8
2026-09-07T19:19:18.1369033+07:00,2026/09/07 19:19:18.167, NVIDIA GeForce RTX 5060, 591.86, P0, 32, 0, 901, 8151, 23.81, 145.00, 2550, 14201, 4, 8
2026-09-07T19:19:23.2322333+07:00,2026/09/07 19:19:23.263, NVIDIA GeForce RTX 5060, 591.86, P5, 31, 9, 879, 8151, 12.89, 145.00, 757, 810, 2, 8
2026-09-07T19:19:28.2711978+07:00,2026/09/07 19:19:28.302, NVIDIA GeForce RTX 5060, 591.86, P8, 31, 8, 849, 8151, 13.12, 145.00, 802, 405, 1, 8
2026-09-07T19:19:33.3115707+07:00,2026/09/07 19:19:33.357, NVIDIA GeForce RTX 5060, 591.86, P5, 31, 8, 849, 8151, 12.97, 145.00, 735, 810, 1, 8
2026-09-07T19:19:38.3667719+07:00,2026/09/07 19:19:38.411, NVIDIA GeForce RTX 5060, 591.86, P5, 31, 7, 849, 8151, 12.52, 145.00, 765, 810, 1, 8
2026-09-07T19:19:43.4297097+07:00,2026/09/07 19:19:43.459, NVIDIA GeForce RTX 5060, 591.86, P5, 32, 9, 849, 8151, 12.95, 145.00, 690, 810, 1, 8
2026-09-07T19:19:48.4697943+07:00,2026/09/07 19:19:48.500, NVIDIA GeForce RTX 5060, 591.86, P5, 32, 8, 855, 8151, 13.60, 145.00, 817, 810, 2, 8
2026-09-07T19:19:53.5592790+07:00,2026/09/07 19:19:53.604, NVIDIA GeForce RTX 5060, 591.86, P5, 31, 9, 888, 8151, 13.59, 145.00, 795, 810, 2, 8
2026-09-07T19:19:58.6221050+07:00,2026/09/07 19:19:58.668, NVIDIA GeForce RTX 5060, 591.86, P8, 31, 8, 851, 8151, 13.21, 145.00, 787, 405, 2, 8
2026-09-07T19:20:03.6807612+07:00,2026/09/07 19:20:03.726, NVIDIA GeForce RTX 5060, 591.86, P5, 32, 10, 892, 8151, 13.35, 145.00, 885, 810, 2, 8
2026-09-07T19:20:08.7403881+07:00,2026/09/07 19:20:08.771, NVIDIA GeForce RTX 5060, 591.86, P5, 32, 7, 915, 8151, 13.27, 145.00, 885, 810, 2, 8
2026-09-07T19:20:13.7818211+07:00,2026/09/07 19:20:13.812, NVIDIA GeForce RTX 5060, 591.86, P5, 32, 9, 851, 8151, 12.95, 145.00, 787, 810, 2, 8
2026-09-07T19:20:18.8220030+07:00,2026/09/07 19:20:18.852, NVIDIA GeForce RTX 5060, 591.86, P5, 32, 10, 891, 8151, 12.94, 145.00, 742, 810, 1, 8
2026-09-07T19:20:23.9103246+07:00,2026/09/07 19:20:23.941, NVIDIA GeForce RTX 5060, 591.86, P8, 32, 18, 860, 8151, 13.58, 145.00, 990, 405, 2, 8
2026-09-07T19:20:28.9602670+07:00,2026/09/07 19:20:28.991, NVIDIA GeForce RTX 5060, 591.86, P5, 32, 8, 858, 8151, 13.32, 145.00, 817, 810, 2, 8
2026-09-07T19:20:34.0024211+07:00,2026/09/07 19:20:34.033, NVIDIA GeForce RTX 5060, 591.86, P5, 32, 9, 854, 8151, 12.95, 145.00, 772, 810, 1, 8
2026-09-07T19:20:39.0436328+07:00,2026/09/07 19:20:39.074, NVIDIA GeForce RTX 5060, 591.86, P8, 32, 7, 858, 8151, 12.88, 145.00, 757, 810, 2, 8
2026-09-07T19:20:44.0854764+07:00,2026/09/07 19:20:44.115, NVIDIA GeForce RTX 5060, 591.86, P5, 32, 17, 858, 8151, 12.95, 145.00, 840, 405, 2, 8
2026-09-07T19:20:49.1240139+07:00,2026/09/07 19:20:49.154, NVIDIA GeForce RTX 5060, 591.86, P5, 32, 9, 850, 8151, 13.46, 145.00, 870, 810, 2, 8
2026-09-07T19:20:54.2292979+07:00,2026/09/07 19:20:54.259, NVIDIA GeForce RTX 5060, 591.86, P8, 32, 17, 852, 8151, 13.13, 145.00, 795, 405, 1, 8
2026-09-07T19:20:59.2727752+07:00,2026/09/07 19:20:59.318, NVIDIA GeForce RTX 5060, 591.86, P5, 32, 9, 892, 8151, 13.26, 145.00, 750, 810, 2, 8
2026-09-07T19:21:04.3313097+07:00,2026/09/07 19:21:04.393, NVIDIA GeForce RTX 5060, 591.86, P0, 33, 2, 924, 8151, 23.76, 145.00, 2595, 14201, 4, 8
2026-09-07T19:21:09.4084642+07:00,2026/09/07 19:21:09.455, NVIDIA GeForce RTX 5060, 591.86, P5, 32, 10, 894, 8151, 13.76, 145.00, 855, 810, 2, 8
2026-09-07T19:21:14.4683589+07:00,2026/09/07 19:21:14.498, NVIDIA GeForce RTX 5060, 591.86, P5, 32, 9, 851, 8151, 13.10, 145.00, 765, 810, 2, 8
2026-09-07T19:21:19.5192067+07:00,2026/09/07 19:21:19.550, NVIDIA GeForce RTX 5060, 591.86, P5, 32, 7, 851, 8151, 13.09, 145.00, 727, 810, 1, 8
2026-09-07T19:21:24.6222679+07:00,2026/09/07 19:21:24.668, NVIDIA GeForce RTX 5060, 591.86, P5, 32, 7, 850, 8151, 12.93, 145.00, 840, 810, 2, 8
2026-09-07T19:21:29.6876584+07:00,2026/09/07 19:21:29.718, NVIDIA GeForce RTX 5060, 591.86, P5, 32, 13, 850, 8151, 13.25, 145.00, 810, 405, 2, 8
2026-09-07T19:21:34.7383708+07:00,2026/09/07 19:21:34.768, NVIDIA GeForce RTX 5060, 591.86, P5, 32, 8, 860, 8151, 13.44, 145.00, 795, 810, 2, 8
2026-09-07T19:21:39.7838119+07:00,2026/09/07 19:21:39.814, NVIDIA GeForce RTX 5060, 591.86, P0, 33, 0, 921, 8151, 22.79, 145.00, 2535, 14201, 4, 8
2026-09-07T19:21:44.8280831+07:00,2026/09/07 19:21:44.858, NVIDIA GeForce RTX 5060, 591.86, P8, 32, 1, 917, 8151, 9.37, 145.00, 382, 405, 1, 8
2026-09-07T19:21:49.8776611+07:00,2026/09/07 19:21:49.908, NVIDIA GeForce RTX 5060, 591.86, P8, 32, 1, 916, 8151, 9.29, 145.00, 390, 405, 1, 8
2026-09-07T19:21:54.9755816+07:00,2026/09/07 19:21:55.019, NVIDIA GeForce RTX 5060, 591.86, P8, 31, 1, 911, 8151, 9.23, 145.00, 367, 405, 1, 8
2026-09-07T19:22:00.0417852+07:00,2026/09/07 19:22:00.071, NVIDIA GeForce RTX 5060, 591.86, P8, 31, 1, 912, 8151, 9.26, 145.00, 390, 405, 1, 8
2026-09-07T19:22:05.0916730+07:00,2026/09/07 19:22:05.121, NVIDIA GeForce RTX 5060, 591.86, P8, 31, 1, 912, 8151, 9.29, 145.00, 360, 405, 1, 8
2026-09-07T19:22:10.1303980+07:00,2026/09/07 19:22:10.160, NVIDIA GeForce RTX 5060, 591.86, P8, 31, 1, 912, 8151, 9.33, 145.00, 405, 405, 1, 8
2026-09-07T19:22:15.1818508+07:00,2026/09/07 19:22:15.226, NVIDIA GeForce RTX 5060, 591.86, P8, 31, 1, 913, 8151, 9.33, 145.00, 367, 405, 1, 8
2026-09-07T19:22:20.2493348+07:00,2026/09/07 19:22:20.279, NVIDIA GeForce RTX 5060, 591.86, P8, 31, 1, 913, 8151, 9.36, 145.00, 360, 405, 1, 8
2026-09-07T19:22:25.3456517+07:00,2026/09/07 19:22:25.390, NVIDIA GeForce RTX 5060, 591.86, P8, 31, 0, 915, 8151, 9.28, 145.00, 375, 405, 1, 8
2026-09-07T19:22:30.4087107+07:00,2026/09/07 19:22:30.438, NVIDIA GeForce RTX 5060, 591.86, P8, 31, 1, 909, 8151, 9.29, 145.00, 375, 405, 1, 8
2026-09-07T19:22:35.4528300+07:00,2026/09/07 19:22:35.483, NVIDIA GeForce RTX 5060, 591.86, P8, 31, 0, 909, 8151, 9.27, 145.00, 390, 405, 1, 8
2026-09-07T19:22:40.5013844+07:00,2026/09/07 19:22:40.547, NVIDIA GeForce RTX 5060, 591.86, P8, 31, 1, 909, 8151, 9.23, 145.00, 360, 405, 1, 8
2026-09-07T19:22:45.5631632+07:00,2026/09/07 19:22:45.593, NVIDIA GeForce RTX 5060, 591.86, P8, 31, 1, 909, 8151, 9.23, 145.00, 352, 405, 1, 8
2026-09-07T19:22:50.6112087+07:00,2026/09/07 19:22:50.641, NVIDIA GeForce RTX 5060, 591.86, P8, 31, 1, 909, 8151, 9.30, 145.00, 352, 405, 1, 8
2026-09-07T19:22:55.7066864+07:00,2026/09/07 19:22:55.736, NVIDIA GeForce RTX 5060, 591.86, P8, 31, 1, 909, 8151, 9.20, 145.00, 375, 405, 1, 8
2026-09-07T19:23:00.7593855+07:00,2026/09/07 19:23:00.804, NVIDIA GeForce RTX 5060, 591.86, P8, 31, 1, 909, 8151, 9.22, 145.00, 360, 405, 1, 8
2026-09-07T19:23:05.8142463+07:00,2026/09/07 19:23:05.859, NVIDIA GeForce RTX 5060, 591.86, P8, 31, 1, 909, 8151, 9.37, 145.00, 360, 405, 1, 8
2026-09-07T19:23:10.8802029+07:00,2026/09/07 19:23:10.926, NVIDIA GeForce RTX 5060, 591.86, P8, 31, 2, 904, 8151, 9.94, 145.00, 487, 405, 1, 8
2026-09-07T19:23:15.9408902+07:00,2026/09/07 19:23:15.971, NVIDIA GeForce RTX 5060, 591.86, P5, 32, 9, 874, 8151, 13.45, 145.00, 765, 810, 2, 8
2026-09-07T19:23:20.9838827+07:00,2026/09/07 19:23:21.014, NVIDIA GeForce RTX 5060, 591.86, P5, 32, 5, 916, 8151, 13.50, 145.00, 825, 810, 2, 8
2026-09-07T19:23:26.0875229+07:00,2026/09/07 19:23:26.149, NVIDIA GeForce RTX 5060, 591.86, P8, 32, 12, 881, 8151, 12.88, 145.00, 735, 405, 1, 8
2026-09-07T19:23:31.1612669+07:00,2026/09/07 19:23:31.192, NVIDIA GeForce RTX 5060, 591.86, P8, 31, 2, 910, 8151, 10.43, 145.00, 465, 405, 2, 8
2026-09-07T19:23:36.2017037+07:00,2026/09/07 19:23:36.233, NVIDIA GeForce RTX 5060, 591.86, P8, 32, 7, 865, 8151, 12.45, 145.00, 667, 405, 1, 8
2026-09-07T19:23:41.2557371+07:00,2026/09/07 19:23:41.299, NVIDIA GeForce RTX 5060, 591.86, P8, 32, 9, 847, 8151, 12.46, 145.00, 682, 405, 1, 8
2026-09-07T19:23:46.3093759+07:00,2026/09/07 19:23:46.339, NVIDIA GeForce RTX 5060, 591.86, P8, 32, 7, 851, 8151, 12.43, 145.00, 660, 405, 1, 8
2026-09-07T19:23:51.3507614+07:00,2026/09/07 19:23:51.380, NVIDIA GeForce RTX 5060, 591.86, P8, 32, 9, 848, 8151, 12.19, 145.00, 645, 405, 1, 8
2026-09-07T19:23:56.4455871+07:00,2026/09/07 19:23:56.476, NVIDIA GeForce RTX 5060, 591.86, P8, 31, 0, 893, 8151, 9.55, 145.00, 397, 405, 1, 8
2026-09-07T19:24:01.4947985+07:00,2026/09/07 19:24:01.525, NVIDIA GeForce RTX 5060, 591.86, P8, 31, 5, 888, 8151, 10.11, 145.00, 480, 405, 1, 8
2026-09-07T19:24:06.5349973+07:00,2026/09/07 19:24:06.579, NVIDIA GeForce RTX 5060, 591.86, P8, 31, 1, 891, 8151, 9.17, 145.00, 367, 405, 1, 8
2026-09-07T19:24:11.5970402+07:00,2026/09/07 19:24:11.641, NVIDIA GeForce RTX 5060, 591.86, P8, 31, 1, 878, 8151, 9.10, 145.00, 375, 405, 1, 8
2026-09-07T19:24:16.6566211+07:00,2026/09/07 19:24:16.701, NVIDIA GeForce RTX 5060, 591.86, P8, 31, 0, 864, 8151, 9.28, 145.00, 337, 405, 1, 8
2026-09-07T19:24:21.7195469+07:00,2026/09/07 19:24:21.764, NVIDIA GeForce RTX 5060, 591.86, P8, 31, 1, 864, 8151, 9.14, 145.00, 375, 405, 1, 8
2026-09-07T19:24:26.8301575+07:00,2026/09/07 19:24:26.861, NVIDIA GeForce RTX 5060, 591.86, P8, 31, 3, 883, 8151, 9.44, 145.00, 420, 405, 1, 8
2026-09-07T19:24:31.8778298+07:00,2026/09/07 19:24:31.908, NVIDIA GeForce RTX 5060, 591.86, P8, 31, 0, 887, 8151, 9.87, 145.00, 367, 405, 1, 8
2026-09-07T19:24:36.9233214+07:00,2026/09/07 19:24:36.967, NVIDIA GeForce RTX 5060, 591.86, P8, 31, 1, 880, 8151, 9.24, 145.00, 352, 405, 1, 8
2026-09-07T19:24:41.9845078+07:00,2026/09/07 19:24:42.029, NVIDIA GeForce RTX 5060, 591.86, P8, 31, 0, 880, 8151, 9.25, 145.00, 360, 405, 1, 8
2026-09-07T19:24:47.0392730+07:00,2026/09/07 19:24:47.084, NVIDIA GeForce RTX 5060, 591.86, P8, 31, 1, 885, 8151, 9.24, 145.00, 360, 405, 1, 8
2026-09-07T19:24:52.0994905+07:00,2026/09/07 19:24:52.144, NVIDIA GeForce RTX 5060, 591.86, P8, 31, 0, 880, 8151, 9.22, 145.00, 360, 405, 1, 8
2026-09-07T19:24:57.2099902+07:00,2026/09/07 19:24:57.255, NVIDIA GeForce RTX 5060, 591.86, P8, 31, 1, 880, 8151, 9.25, 145.00, 375, 405, 1, 8
2026-09-07T19:25:02.2719816+07:00,2026/09/07 19:25:02.302, NVIDIA GeForce RTX 5060, 591.86, P8, 31, 1, 880, 8151, 9.23, 145.00, 390, 405, 1, 8
2026-09-07T19:25:07.3095965+07:00,2026/09/07 19:25:07.355, NVIDIA GeForce RTX 5060, 591.86, P8, 31, 1, 891, 8151, 9.25, 145.00, 390, 405, 1, 8
2026-09-07T19:25:12.3731572+07:00,2026/09/07 19:25:12.403, NVIDIA GeForce RTX 5060, 591.86, P8, 31, 1, 880, 8151, 9.32, 145.00, 360, 405, 1, 8
2026-09-07T19:25:17.4228068+07:00,2026/09/07 19:25:17.453, NVIDIA GeForce RTX 5060, 591.86, P8, 31, 1, 880, 8151, 9.18, 145.00, 345, 405, 1, 8
2026-09-07T19:25:22.4670357+07:00,2026/09/07 19:25:22.513, NVIDIA GeForce RTX 5060, 591.86, P0, 32, 0, 1059, 8151, 23.27, 145.00, 2535, 14201, 4, 8
2026-09-07T19:25:27.5885973+07:00,2026/09/07 19:25:27.619, NVIDIA GeForce RTX 5060, 591.86, P8, 31, 1, 879, 8151, 9.33, 145.00, 345, 405, 1, 8
2026-09-07T19:25:32.6372670+07:00,2026/09/07 19:25:32.667, NVIDIA GeForce RTX 5060, 591.86, P8, 31, 1, 879, 8151, 9.38, 145.00, 405, 405, 1, 8
2026-09-07T19:25:37.6864968+07:00,2026/09/07 19:25:37.731, NVIDIA GeForce RTX 5060, 591.86, P8, 31, 1, 880, 8151, 9.32, 145.00, 360, 405, 1, 8
2026-09-07T19:25:42.7531121+07:00,2026/09/07 19:25:42.798, NVIDIA GeForce RTX 5060, 591.86, P8, 31, 1, 880, 8151, 9.42, 145.00, 390, 405, 1, 8
2026-09-07T19:25:47.8069071+07:00,2026/09/07 19:25:47.852, NVIDIA GeForce RTX 5060, 591.86, P3, 32, 0, 880, 8151, 19.12, 145.00, 697, 7001, 4, 8
2026-09-07T19:25:52.8741556+07:00,2026/09/07 19:25:52.903, NVIDIA GeForce RTX 5060, 591.86, P8, 31, 1, 880, 8151, 9.37, 145.00, 367, 405, 1, 8
2026-09-07T19:25:57.9560073+07:00,2026/09/07 19:25:57.986, NVIDIA GeForce RTX 5060, 591.86, P8, 31, 1, 880, 8151, 9.40, 145.00, 375, 405, 1, 8
2026-09-07T19:26:03.0075142+07:00,2026/09/07 19:26:03.038, NVIDIA GeForce RTX 5060, 591.86, P8, 31, 1, 880, 8151, 9.10, 145.00, 352, 405, 1, 8
2026-09-07T19:26:08.0583881+07:00,2026/09/07 19:26:08.088, NVIDIA GeForce RTX 5060, 591.86, P8, 31, 1, 880, 8151, 9.29, 145.00, 405, 405, 1, 8
2026-09-07T19:26:13.1002098+07:00,2026/09/07 19:26:13.145, NVIDIA GeForce RTX 5060, 591.86, P8, 31, 1, 880, 8151, 9.40, 145.00, 390, 405, 1, 8
2026-09-07T19:26:18.1635172+07:00,2026/09/07 19:26:18.208, NVIDIA GeForce RTX 5060, 591.86, P8, 31, 0, 880, 8151, 9.34, 145.00, 375, 405, 1, 8
2026-09-07T19:26:23.2262530+07:00,2026/09/07 19:26:23.271, NVIDIA GeForce RTX 5060, 591.86, P8, 31, 1, 880, 8151, 9.30, 145.00, 405, 405, 1, 8
2026-09-07T19:26:28.3412773+07:00,2026/09/07 19:26:28.386, NVIDIA GeForce RTX 5060, 591.86, P8, 31, 1, 884, 8151, 9.82, 145.00, 345, 405, 1, 8
2026-09-07T19:26:33.4045461+07:00,2026/09/07 19:26:33.450, NVIDIA GeForce RTX 5060, 591.86, P8, 31, 0, 885, 8151, 9.49, 145.00, 367, 405, 1, 8
2026-09-07T19:26:38.4711751+07:00,2026/09/07 19:26:38.516, NVIDIA GeForce RTX 5060, 591.86, P8, 31, 1, 885, 8151, 9.44, 145.00, 412, 405, 1, 8
2026-09-07T19:26:43.5346712+07:00,2026/09/07 19:26:43.565, NVIDIA GeForce RTX 5060, 591.86, P8, 31, 0, 880, 8151, 9.40, 145.00, 367, 405, 1, 8
2026-09-07T19:26:48.5786073+07:00,2026/09/07 19:26:48.608, NVIDIA GeForce RTX 5060, 591.86, P8, 31, 1, 880, 8151, 9.53, 145.00, 390, 405, 1, 8
2026-09-07T19:26:53.6275829+07:00,2026/09/07 19:26:53.659, NVIDIA GeForce RTX 5060, 591.86, P8, 31, 0, 880, 8151, 9.37, 145.00, 420, 405, 1, 8
2026-09-07T19:26:58.7426568+07:00,2026/09/07 19:26:58.773, NVIDIA GeForce RTX 5060, 591.86, P8, 31, 1, 881, 8151, 9.70, 145.00, 390, 405, 1, 8
2026-09-07T19:27:03.7882113+07:00,2026/09/07 19:27:03.818, NVIDIA GeForce RTX 5060, 591.86, P8, 31, 1, 880, 8151, 9.26, 145.00, 367, 405, 1, 8
2026-09-07T19:27:08.8313302+07:00,2026/09/07 19:27:08.877, NVIDIA GeForce RTX 5060, 591.86, P0, 32, 2, 1059, 8151, 17.75, 145.00, 2542, 14201, 4, 8
2026-09-07T19:27:13.8864049+07:00,2026/09/07 19:27:13.916, NVIDIA GeForce RTX 5060, 591.86, P8, 31, 2, 879, 8151, 9.43, 145.00, 382, 405, 1, 8
2026-09-07T19:27:18.9369789+07:00,2026/09/07 19:27:18.967, NVIDIA GeForce RTX 5060, 591.86, P8, 31, 0, 880, 8151, 9.41, 145.00, 367, 405, 1, 8
2026-09-07T19:27:23.9850551+07:00,2026/09/07 19:27:24.030, NVIDIA GeForce RTX 5060, 591.86, P8, 31, 1, 877, 8151, 9.25, 145.00, 360, 405, 1, 8
2026-09-07T19:27:29.1064740+07:00,2026/09/07 19:27:29.137, NVIDIA GeForce RTX 5060, 591.86, P8, 31, 1, 879, 8151, 9.49, 145.00, 352, 405, 1, 8
2026-09-07T19:27:34.1539966+07:00,2026/09/07 19:27:34.184, NVIDIA GeForce RTX 5060, 591.86, P8, 31, 0, 880, 8151, 9.17, 145.00, 360, 405, 1, 8
2026-09-07T19:27:39.1935326+07:00,2026/09/07 19:27:39.224, NVIDIA GeForce RTX 5060, 591.86, P8, 31, 1, 886, 8151, 9.59, 145.00, 390, 405, 1, 8
2026-09-07T19:27:44.2463346+07:00,2026/09/07 19:27:44.291, NVIDIA GeForce RTX 5060, 591.86, P8, 31, 0, 880, 8151, 9.27, 145.00, 360, 405, 1, 8
2026-09-07T19:27:49.3026420+07:00,2026/09/07 19:27:49.333, NVIDIA GeForce RTX 5060, 591.86, P8, 31, 0, 879, 8151, 9.27, 145.00, 345, 405, 1, 8
2026-09-07T19:27:54.3451028+07:00,2026/09/07 19:27:54.407, NVIDIA GeForce RTX 5060, 591.86, P5, 32, 3, 1247, 8151, 14.19, 145.00, 675, 810, 2, 8
2026-09-07T19:27:59.4928210+07:00,2026/09/07 19:27:59.523, NVIDIA GeForce RTX 5060, 591.86, P8, 31, 1, 886, 8151, 9.15, 145.00, 345, 405, 1, 8
2026-09-07T19:28:04.5450750+07:00,2026/09/07 19:28:04.576, NVIDIA GeForce RTX 5060, 591.86, P8, 31, 0, 880, 8151, 9.38, 145.00, 360, 405, 1, 8
2026-09-07T19:28:09.5869814+07:00,2026/09/07 19:28:09.616, NVIDIA GeForce RTX 5060, 591.86, P8, 31, 1, 879, 8151, 9.32, 145.00, 322, 405, 1, 8
2026-09-07T19:28:14.6330201+07:00,2026/09/07 19:28:14.678, NVIDIA GeForce RTX 5060, 591.86, P8, 31, 0, 879, 8151, 9.29, 145.00, 345, 405, 1, 8
2026-09-07T19:28:19.6971709+07:00,2026/09/07 19:28:19.742, NVIDIA GeForce RTX 5060, 591.86, P8, 31, 0, 880, 8151, 9.38, 145.00, 375, 405, 1, 8
2026-09-07T19:28:24.7618785+07:00,2026/09/07 19:28:24.792, NVIDIA GeForce RTX 5060, 591.86, P8, 31, 0, 880, 8151, 9.29, 145.00, 390, 405, 1, 8
2026-09-07T19:28:29.8487984+07:00,2026/09/07 19:28:29.894, NVIDIA GeForce RTX 5060, 591.86, P8, 31, 1, 886, 8151, 9.22, 145.00, 360, 405, 1, 8
2026-09-07T19:28:34.9045763+07:00,2026/09/07 19:28:34.935, NVIDIA GeForce RTX 5060, 591.86, P8, 31, 1, 879, 8151, 9.42, 145.00, 360, 405, 1, 8
2026-09-07T19:28:39.9545344+07:00,2026/09/07 19:28:39.999, NVIDIA GeForce RTX 5060, 591.86, P8, 31, 0, 879, 8151, 9.38, 145.00, 352, 405, 1, 8
2026-09-07T19:28:45.0187240+07:00,2026/09/07 19:28:45.048, NVIDIA GeForce RTX 5060, 591.86, P8, 31, 0, 879, 8151, 9.40, 145.00, 390, 405, 1, 8
2026-09-07T19:28:50.0569281+07:00,2026/09/07 19:28:50.086, NVIDIA GeForce RTX 5060, 591.86, P8, 31, 1, 880, 8151, 9.40, 145.00, 375, 405, 1, 8
2026-09-07T19:28:55.1062054+07:00,2026/09/07 19:28:55.136, NVIDIA GeForce RTX 5060, 591.86, P8, 31, 0, 880, 8151, 9.29, 145.00, 382, 405, 1, 8
2026-09-07T19:29:00.2005027+07:00,2026/09/07 19:29:00.230, NVIDIA GeForce RTX 5060, 591.86, P8, 31, 1, 880, 8151, 9.39, 145.00, 375, 405, 1, 8
2026-09-07T19:29:05.2511922+07:00,2026/09/07 19:29:05.296, NVIDIA GeForce RTX 5060, 591.86, P8, 31, 2, 880, 8151, 9.43, 145.00, 390, 405, 1, 8
2026-09-07T19:29:10.3177063+07:00,2026/09/07 19:29:10.362, NVIDIA GeForce RTX 5060, 591.86, P8, 31, 0, 880, 8151, 9.24, 145.00, 345, 405, 1, 8
2026-09-07T19:29:15.3830410+07:00,2026/09/07 19:29:15.428, NVIDIA GeForce RTX 5060, 591.86, P8, 31, 0, 880, 8151, 9.35, 145.00, 367, 405, 1, 8
2026-09-07T19:29:20.4466001+07:00,2026/09/07 19:29:20.476, NVIDIA GeForce RTX 5060, 591.86, P8, 31, 1, 880, 8151, 9.43, 145.00, 397, 405, 1, 8
2026-09-07T19:29:25.4841653+07:00,2026/09/07 19:29:25.514, NVIDIA GeForce RTX 5060, 591.86, P8, 31, 1, 880, 8151, 9.32, 145.00, 360, 405, 1, 8
2026-09-07T19:29:30.5962117+07:00,2026/09/07 19:29:30.626, NVIDIA GeForce RTX 5060, 591.86, P8, 31, 2, 880, 8151, 9.39, 145.00, 360, 405, 1, 8
2026-09-07T19:29:35.6356166+07:00,2026/09/07 19:29:35.665, NVIDIA GeForce RTX 5060, 591.86, P8, 31, 0, 880, 8151, 9.30, 145.00, 412, 405, 1, 8
2026-09-07T19:29:40.6876965+07:00,2026/09/07 19:29:40.717, NVIDIA GeForce RTX 5060, 591.86, P8, 31, 1, 880, 8151, 9.15, 145.00, 367, 405, 1, 8
2026-09-07T19:29:45.7377837+07:00,2026/09/07 19:29:45.768, NVIDIA GeForce RTX 5060, 591.86, P8, 31, 1, 885, 8151, 9.34, 145.00, 360, 405, 1, 8
2026-09-07T19:29:50.7885448+07:00,2026/09/07 19:29:50.819, NVIDIA GeForce RTX 5060, 591.86, P8, 31, 1, 880, 8151, 9.23, 145.00, 360, 405, 1, 8
2026-09-07T19:29:55.8366145+07:00,2026/09/07 19:29:55.867, NVIDIA GeForce RTX 5060, 591.86, P8, 31, 0, 880, 8151, 9.15, 145.00, 382, 405, 1, 8
2026-09-07T19:30:00.9366474+07:00,2026/09/07 19:30:00.982, NVIDIA GeForce RTX 5060, 591.86, P8, 31, 2, 880, 8151, 9.31, 145.00, 382, 405, 1, 8
2026-09-07T19:30:06.0004431+07:00,2026/09/07 19:30:06.030, NVIDIA GeForce RTX 5060, 591.86, P8, 31, 0, 880, 8151, 9.16, 145.00, 367, 405, 1, 8
2026-09-07T19:30:11.0488475+07:00,2026/09/07 19:30:11.078, NVIDIA GeForce RTX 5060, 591.86, P8, 31, 2, 880, 8151, 9.50, 145.00, 367, 405, 1, 8
2026-09-07T19:30:16.1013809+07:00,2026/09/07 19:30:16.147, NVIDIA GeForce RTX 5060, 591.86, P8, 31, 1, 880, 8151, 9.24, 145.00, 345, 405, 1, 8
2026-09-07T19:30:21.1614810+07:00,2026/09/07 19:30:21.206, NVIDIA GeForce RTX 5060, 591.86, P8, 31, 1, 880, 8151, 9.25, 145.00, 375, 405, 1, 8
2026-09-07T19:30:26.2309770+07:00,2026/09/07 19:30:26.276, NVIDIA GeForce RTX 5060, 591.86, P8, 31, 1, 880, 8151, 9.42, 145.00, 367, 405, 1, 8
2026-09-07T19:30:31.3570283+07:00,2026/09/07 19:30:31.387, NVIDIA GeForce RTX 5060, 591.86, P8, 31, 1, 880, 8151, 9.41, 145.00, 405, 405, 1, 8
2026-09-07T19:30:36.4078123+07:00,2026/09/07 19:30:36.438, NVIDIA GeForce RTX 5060, 591.86, P8, 31, 1, 880, 8151, 9.38, 145.00, 352, 405, 1, 8
2026-09-07T19:30:41.4519086+07:00,2026/09/07 19:30:41.497, NVIDIA GeForce RTX 5060, 591.86, P8, 31, 1, 881, 8151, 9.48, 145.00, 367, 405, 1, 8
2026-09-07T19:30:46.5178752+07:00,2026/09/07 19:30:46.548, NVIDIA GeForce RTX 5060, 591.86, P8, 31, 1, 880, 8151, 9.36, 145.00, 375, 405, 1, 8
2026-09-07T19:30:51.5674433+07:00,2026/09/07 19:30:51.598, NVIDIA GeForce RTX 5060, 591.86, P8, 31, 1, 881, 8151, 9.36, 145.00, 375, 405, 1, 8
2026-09-07T19:30:56.6210513+07:00,2026/09/07 19:30:56.650, NVIDIA GeForce RTX 5060, 591.86, P8, 31, 1, 880, 8151, 9.32, 145.00, 375, 405, 1, 8
2026-09-07T19:31:01.7276241+07:00,2026/09/07 19:31:01.774, NVIDIA GeForce RTX 5060, 591.86, P8, 31, 1, 881, 8151, 9.30, 145.00, 390, 405, 1, 8
2026-09-07T19:31:06.7926669+07:00,2026/09/07 19:31:06.838, NVIDIA GeForce RTX 5060, 591.86, P8, 31, 1, 880, 8151, 9.28, 145.00, 345, 405, 1, 8
2026-09-07T19:31:11.8567522+07:00,2026/09/07 19:31:11.887, NVIDIA GeForce RTX 5060, 591.86, P8, 31, 2, 881, 8151, 9.38, 145.00, 420, 405, 1, 8
2026-09-07T19:31:16.9084933+07:00,2026/09/07 19:31:16.939, NVIDIA GeForce RTX 5060, 591.86, P8, 31, 2, 880, 8151, 9.52, 145.00, 405, 405, 1, 8
2026-09-07T19:31:21.9583467+07:00,2026/09/07 19:31:22.004, NVIDIA GeForce RTX 5060, 591.86, P8, 31, 2, 880, 8151, 9.48, 145.00, 405, 405, 1, 8
2026-09-07T19:31:27.0151560+07:00,2026/09/07 19:31:27.045, NVIDIA GeForce RTX 5060, 591.86, P8, 31, 0, 880, 8151, 9.57, 145.00, 397, 405, 1, 8
2026-09-07T19:31:32.0970148+07:00,2026/09/07 19:31:32.126, NVIDIA GeForce RTX 5060, 591.86, P8, 31, 1, 880, 8151, 9.30, 145.00, 367, 405, 1, 8
2026-09-07T19:31:37.1445305+07:00,2026/09/07 19:31:37.190, NVIDIA GeForce RTX 5060, 591.86, P8, 31, 0, 880, 8151, 9.62, 145.00, 405, 405, 1, 8
2026-09-07T19:31:42.2113009+07:00,2026/09/07 19:31:42.241, NVIDIA GeForce RTX 5060, 591.86, P8, 31, 1, 880, 8151, 9.40, 145.00, 375, 405, 1, 8
2026-09-07T19:31:47.2481452+07:00,2026/09/07 19:31:47.279, NVIDIA GeForce RTX 5060, 591.86, P8, 31, 1, 880, 8151, 9.53, 145.00, 412, 405, 1, 8
2026-09-07T19:31:52.2992057+07:00,2026/09/07 19:31:52.330, NVIDIA GeForce RTX 5060, 591.86, P8, 31, 1, 880, 8151, 9.58, 145.00, 390, 405, 1, 8
2026-09-07T19:31:57.3467016+07:00,2026/09/07 19:31:57.377, NVIDIA GeForce RTX 5060, 591.86, P8, 31, 1, 880, 8151, 9.40, 145.00, 397, 405, 1, 8
2026-09-07T19:32:02.4406637+07:00,2026/09/07 19:32:02.486, NVIDIA GeForce RTX 5060, 591.86, P8, 31, 2, 880, 8151, 9.71, 145.00, 450, 405, 1, 8
2026-09-07T19:32:07.5064487+07:00,2026/09/07 19:32:07.551, NVIDIA GeForce RTX 5060, 591.86, P8, 31, 2, 880, 8151, 9.76, 145.00, 420, 405, 1, 8
2026-09-07T19:32:12.5715457+07:00,2026/09/07 19:32:12.602, NVIDIA GeForce RTX 5060, 591.86, P8, 31, 2, 877, 8151, 9.65, 145.00, 427, 405, 1, 8
2026-09-07T19:32:17.6228505+07:00,2026/09/07 19:32:17.668, NVIDIA GeForce RTX 5060, 591.86, P8, 31, 1, 883, 8151, 9.25, 145.00, 360, 405, 1, 8
2026-09-07T19:32:22.6920803+07:00,2026/09/07 19:32:22.721, NVIDIA GeForce RTX 5060, 591.86, P8, 31, 0, 883, 8151, 9.20, 145.00, 375, 405, 1, 8
2026-09-07T19:32:27.7407626+07:00,2026/09/07 19:32:27.786, NVIDIA GeForce RTX 5060, 591.86, P8, 31, 1, 885, 8151, 9.18, 145.00, 345, 405, 1, 8
2026-09-07T19:32:32.8530681+07:00,2026/09/07 19:32:32.883, NVIDIA GeForce RTX 5060, 591.86, P8, 31, 1, 889, 8151, 9.37, 145.00, 397, 405, 1, 8
2026-09-07T19:32:37.9034154+07:00,2026/09/07 19:32:37.933, NVIDIA GeForce RTX 5060, 591.86, P8, 31, 1, 889, 8151, 9.32, 145.00, 390, 405, 1, 8
2026-09-07T19:32:42.9489937+07:00,2026/09/07 19:32:42.979, NVIDIA GeForce RTX 5060, 591.86, P8, 31, 1, 889, 8151, 9.28, 145.00, 375, 405, 1, 8
2026-09-07T19:32:48.0006829+07:00,2026/09/07 19:32:48.031, NVIDIA GeForce RTX 5060, 591.86, P8, 31, 1, 888, 8151, 9.32, 145.00, 397, 405, 1, 8
2026-09-07T19:32:53.0534659+07:00,2026/09/07 19:32:53.084, NVIDIA GeForce RTX 5060, 591.86, P8, 31, 1, 889, 8151, 9.65, 145.00, 375, 405, 1, 8
2026-09-07T19:32:58.1033969+07:00,2026/09/07 19:32:58.148, NVIDIA GeForce RTX 5060, 591.86, P8, 31, 0, 889, 8151, 9.58, 145.00, 360, 405, 1, 8
2026-09-07T19:33:03.2034692+07:00,2026/09/07 19:33:03.248, NVIDIA GeForce RTX 5060, 591.86, P8, 31, 0, 888, 8151, 8.84, 145.00, 270, 405, 1, 8
2026-09-07T19:33:08.2692337+07:00,2026/09/07 19:33:08.313, NVIDIA GeForce RTX 5060, 591.86, P8, 31, 0, 888, 8151, 8.19, 145.00, 210, 405, 1, 8
2026-09-07T19:33:13.3327547+07:00,2026/09/07 19:33:13.362, NVIDIA GeForce RTX 5060, 591.86, P8, 31, 0, 885, 8151, 8.43, 145.00, 210, 405, 1, 8
2026-09-07T19:33:18.3856106+07:00,2026/09/07 19:33:18.430, NVIDIA GeForce RTX 5060, 591.86, P8, 31, 0, 885, 8151, 8.35, 145.00, 210, 405, 1, 8
2026-09-07T19:33:23.4488328+07:00,2026/09/07 19:33:23.494, NVIDIA GeForce RTX 5060, 591.86, P8, 31, 0, 885, 8151, 8.49, 145.00, 210, 405, 1, 8
2026-09-07T19:33:28.5153516+07:00,2026/09/07 19:33:28.545, NVIDIA GeForce RTX 5060, 591.86, P8, 31, 0, 892, 8151, 8.40, 145.00, 225, 405, 1, 8
2026-09-07T19:33:33.6065581+07:00,2026/09/07 19:33:33.637, NVIDIA GeForce RTX 5060, 591.86, P8, 31, 0, 892, 8151, 8.25, 145.00, 210, 405, 1, 8
2026-09-07T19:33:38.6485526+07:00,2026/09/07 19:33:38.693, NVIDIA GeForce RTX 5060, 591.86, P8, 31, 0, 890, 8151, 8.56, 145.00, 210, 405, 1, 8
2026-09-07T19:33:43.7145578+07:00,2026/09/07 19:33:43.759, NVIDIA GeForce RTX 5060, 591.86, P8, 31, 0, 886, 8151, 8.59, 145.00, 210, 405, 1, 8
2026-09-07T19:33:48.7822288+07:00,2026/09/07 19:33:48.826, NVIDIA GeForce RTX 5060, 591.86, P8, 31, 0, 886, 8151, 8.61, 145.00, 210, 405, 1, 8
2026-09-07T19:33:53.8353046+07:00,2026/09/07 19:33:53.865, NVIDIA GeForce RTX 5060, 591.86, P8, 31, 0, 885, 8151, 8.55, 145.00, 210, 405, 1, 8
2026-09-07T19:33:58.8846061+07:00,2026/09/07 19:33:58.914, NVIDIA GeForce RTX 5060, 591.86, P8, 31, 0, 885, 8151, 8.57, 145.00, 210, 405, 1, 8
2026-09-07T19:34:03.9735468+07:00,2026/09/07 19:34:04.018, NVIDIA GeForce RTX 5060, 591.86, P8, 30, 0, 885, 8151, 8.32, 145.00, 210, 405, 1, 8
2026-09-07T19:34:09.0426941+07:00,2026/09/07 19:34:09.087, NVIDIA GeForce RTX 5060, 591.86, P8, 31, 0, 885, 8151, 8.58, 145.00, 210, 405, 1, 8
2026-09-07T19:34:14.1122998+07:00,2026/09/07 19:34:14.157, NVIDIA GeForce RTX 5060, 591.86, P8, 31, 0, 885, 8151, 8.48, 145.00, 210, 405, 1, 8
2026-09-07T19:34:19.1786475+07:00,2026/09/07 19:34:19.224, NVIDIA GeForce RTX 5060, 591.86, P8, 30, 0, 885, 8151, 8.51, 145.00, 210, 405, 1, 8
2026-09-07T19:34:24.2356216+07:00,2026/09/07 19:34:24.280, NVIDIA GeForce RTX 5060, 591.86, P8, 30, 0, 885, 8151, 8.44, 145.00, 202, 405, 1, 8
2026-09-07T19:34:29.2919623+07:00,2026/09/07 19:34:29.321, NVIDIA GeForce RTX 5060, 591.86, P8, 30, 0, 885, 8151, 8.48, 145.00, 210, 405, 1, 8
2026-09-07T19:34:34.3725035+07:00,2026/09/07 19:34:34.402, NVIDIA GeForce RTX 5060, 591.86, P8, 30, 0, 885, 8151, 8.48, 145.00, 210, 405, 1, 8
2026-09-07T19:34:39.4247595+07:00,2026/09/07 19:34:39.470, NVIDIA GeForce RTX 5060, 591.86, P8, 30, 0, 885, 8151, 8.52, 145.00, 210, 405, 1, 8
2026-09-07T19:34:44.4823505+07:00,2026/09/07 19:34:44.512, NVIDIA GeForce RTX 5060, 591.86, P8, 30, 0, 885, 8151, 8.40, 145.00, 210, 405, 1, 8
2026-09-07T19:34:49.5363288+07:00,2026/09/07 19:34:49.580, NVIDIA GeForce RTX 5060, 591.86, P8, 30, 0, 885, 8151, 8.38, 145.00, 210, 405, 1, 8
2026-09-07T19:34:54.5996849+07:00,2026/09/07 19:34:54.629, NVIDIA GeForce RTX 5060, 591.86, P8, 30, 0, 885, 8151, 8.49, 145.00, 210, 405, 1, 8
2026-09-07T19:34:59.6490387+07:00,2026/09/07 19:34:59.678, NVIDIA GeForce RTX 5060, 591.86, P8, 30, 0, 885, 8151, 8.54, 145.00, 202, 405, 1, 8
2026-09-07T19:35:04.7438548+07:00,2026/09/07 19:35:04.788, NVIDIA GeForce RTX 5060, 591.86, P8, 30, 0, 885, 8151, 8.49, 145.00, 210, 405, 1, 8
2026-09-07T19:35:09.8114841+07:00,2026/09/07 19:35:09.840, NVIDIA GeForce RTX 5060, 591.86, P8, 30, 0, 885, 8151, 8.59, 145.00, 210, 405, 1, 8
2026-09-07T19:35:14.8564818+07:00,2026/09/07 19:35:14.886, NVIDIA GeForce RTX 5060, 591.86, P8, 30, 0, 885, 8151, 8.53, 145.00, 210, 405, 1, 8
2026-09-07T19:35:19.9028459+07:00,2026/09/07 19:35:19.933, NVIDIA GeForce RTX 5060, 591.86, P8, 30, 0, 885, 8151, 8.67, 145.00, 210, 405, 1, 8
2026-09-07T19:35:24.9534247+07:00,2026/09/07 19:35:24.997, NVIDIA GeForce RTX 5060, 591.86, P8, 30, 0, 885, 8151, 8.58, 145.00, 210, 405, 1, 8
2026-09-07T19:35:30.0174788+07:00,2026/09/07 19:35:30.062, NVIDIA GeForce RTX 5060, 591.86, P8, 30, 0, 885, 8151, 8.66, 145.00, 210, 405, 1, 8
2026-09-07T19:35:35.1260001+07:00,2026/09/07 19:35:35.171, NVIDIA GeForce RTX 5060, 591.86, P3, 31, 0, 885, 8151, 14.55, 145.00, 202, 7001, 4, 8
2026-09-07T19:35:40.1914263+07:00,2026/09/07 19:35:40.236, NVIDIA GeForce RTX 5060, 591.86, P8, 30, 0, 885, 8151, 8.39, 145.00, 210, 405, 1, 8
2026-09-07T19:35:45.2489213+07:00,2026/09/07 19:35:45.279, NVIDIA GeForce RTX 5060, 591.86, P8, 30, 0, 885, 8151, 8.54, 145.00, 210, 405, 1, 8
2026-09-07T19:35:50.2935742+07:00,2026/09/07 19:35:50.338, NVIDIA GeForce RTX 5060, 591.86, P8, 30, 0, 885, 8151, 8.51, 145.00, 210, 405, 1, 8
2026-09-07T19:35:55.3524896+07:00,2026/09/07 19:35:55.397, NVIDIA GeForce RTX 5060, 591.86, P8, 30, 0, 885, 8151, 8.64, 145.00, 210, 405, 1, 8
2026-09-07T19:36:00.4160446+07:00,2026/09/07 19:36:00.461, NVIDIA GeForce RTX 5060, 591.86, P8, 30, 0, 885, 8151, 8.56, 145.00, 210, 405, 1, 8
2026-09-07T19:36:05.5242722+07:00,2026/09/07 19:36:05.569, NVIDIA GeForce RTX 5060, 591.86, P1, 31, 0, 885, 8151, 15.30, 145.00, 210, 14001, 4, 8
2026-09-07T19:36:10.5896997+07:00,2026/09/07 19:36:10.619, NVIDIA GeForce RTX 5060, 591.86, P8, 30, 0, 885, 8151, 8.43, 145.00, 202, 405, 1, 8
2026-09-07T19:36:15.6417904+07:00,2026/09/07 19:36:15.686, NVIDIA GeForce RTX 5060, 591.86, P8, 30, 0, 885, 8151, 8.48, 145.00, 210, 405, 1, 8
2026-09-07T19:36:20.7026615+07:00,2026/09/07 19:36:20.732, NVIDIA GeForce RTX 5060, 591.86, P8, 30, 0, 885, 8151, 8.44, 145.00, 210, 405, 1, 8
2026-09-07T19:36:25.7535518+07:00,2026/09/07 19:36:25.798, NVIDIA GeForce RTX 5060, 591.86, P8, 30, 0, 885, 8151, 8.36, 145.00, 210, 405, 1, 8
2026-09-07T19:36:30.8163981+07:00,2026/09/07 19:36:30.861, NVIDIA GeForce RTX 5060, 591.86, P8, 30, 0, 885, 8151, 8.46, 145.00, 210, 405, 1, 8
2026-09-07T19:36:35.9275431+07:00,2026/09/07 19:36:35.972, NVIDIA GeForce RTX 5060, 591.86, P8, 30, 0, 885, 8151, 8.33, 145.00, 210, 405, 1, 8
2026-09-07T19:36:40.9867407+07:00,2026/09/07 19:36:41.016, NVIDIA GeForce RTX 5060, 591.86, P8, 30, 0, 885, 8151, 8.33, 145.00, 240, 405, 1, 8
2026-09-07T19:36:46.0316558+07:00,2026/09/07 19:36:46.076, NVIDIA GeForce RTX 5060, 591.86, P8, 30, 0, 885, 8151, 8.31, 145.00, 240, 405, 1, 8
2026-09-07T19:36:51.0953336+07:00,2026/09/07 19:36:51.140, NVIDIA GeForce RTX 5060, 591.86, P8, 30, 0, 885, 8151, 8.49, 145.00, 210, 405, 1, 8
2026-09-07T19:36:56.1589048+07:00,2026/09/07 19:36:56.203, NVIDIA GeForce RTX 5060, 591.86, P8, 30, 0, 885, 8151, 8.36, 145.00, 210, 405, 1, 8
2026-09-07T19:37:01.2116375+07:00,2026/09/07 19:37:01.256, NVIDIA GeForce RTX 5060, 591.86, P8, 30, 1, 885, 8151, 8.28, 145.00, 210, 405, 1, 8
2026-09-07T19:37:06.3326249+07:00,2026/09/07 19:37:06.377, NVIDIA GeForce RTX 5060, 591.86, P8, 30, 0, 885, 8151, 8.30, 145.00, 210, 405, 1, 8
2026-09-07T19:37:11.3945043+07:00,2026/09/07 19:37:11.423, NVIDIA GeForce RTX 5060, 591.86, P8, 30, 0, 885, 8151, 8.31, 145.00, 210, 405, 1, 8
2026-09-07T19:37:16.4371134+07:00,2026/09/07 19:37:16.481, NVIDIA GeForce RTX 5060, 591.86, P8, 30, 0, 885, 8151, 8.24, 145.00, 210, 405, 1, 8
2026-09-07T19:37:21.5010440+07:00,2026/09/07 19:37:21.546, NVIDIA GeForce RTX 5060, 591.86, P8, 30, 0, 885, 8151, 8.37, 145.00, 240, 405, 1, 8
2026-09-07T19:37:26.5612956+07:00,2026/09/07 19:37:26.606, NVIDIA GeForce RTX 5060, 591.86, P8, 30, 0, 885, 8151, 8.28, 145.00, 240, 405, 1, 8
2026-09-07T19:37:31.6303112+07:00,2026/09/07 19:37:31.660, NVIDIA GeForce RTX 5060, 591.86, P8, 30, 0, 885, 8151, 8.43, 145.00, 210, 405, 1, 8
2026-09-07T19:37:36.7246873+07:00,2026/09/07 19:37:36.769, NVIDIA GeForce RTX 5060, 591.86, P8, 30, 0, 885, 8151, 8.21, 145.00, 210, 405, 1, 8
2026-09-07T19:37:41.7938497+07:00,2026/09/07 19:37:41.823, NVIDIA GeForce RTX 5060, 591.86, P8, 30, 0, 885, 8151, 8.27, 145.00, 210, 405, 1, 8
2026-09-07T19:37:46.8431017+07:00,2026/09/07 19:37:46.888, NVIDIA GeForce RTX 5060, 591.86, P8, 30, 0, 885, 8151, 8.33, 145.00, 240, 405, 1, 8
2026-09-07T19:37:51.9029138+07:00,2026/09/07 19:37:51.933, NVIDIA GeForce RTX 5060, 591.86, P8, 30, 0, 885, 8151, 8.41, 145.00, 240, 405, 1, 8
2026-09-07T19:37:56.9508364+07:00,2026/09/07 19:37:56.995, NVIDIA GeForce RTX 5060, 591.86, P8, 30, 0, 885, 8151, 8.37, 145.00, 240, 405, 1, 8
2026-09-07T19:38:02.0101896+07:00,2026/09/07 19:38:02.055, NVIDIA GeForce RTX 5060, 591.86, P8, 30, 0, 885, 8151, 8.34, 145.00, 210, 405, 1, 8
2026-09-07T19:38:07.1188302+07:00,2026/09/07 19:38:07.149, NVIDIA GeForce RTX 5060, 591.86, P8, 30, 0, 885, 8151, 8.19, 145.00, 247, 405, 1, 8
2026-09-07T19:38:12.1658278+07:00,2026/09/07 19:38:12.210, NVIDIA GeForce RTX 5060, 591.86, P8, 30, 0, 885, 8151, 8.27, 145.00, 210, 405, 1, 8
2026-09-07T19:38:17.2288072+07:00,2026/09/07 19:38:17.274, NVIDIA GeForce RTX 5060, 591.86, P8, 30, 0, 885, 8151, 8.28, 145.00, 240, 405, 1, 8
2026-09-07T19:38:22.2932793+07:00,2026/09/07 19:38:22.337, NVIDIA GeForce RTX 5060, 591.86, P8, 30, 0, 885, 8151, 8.45, 145.00, 240, 405, 1, 8
2026-09-07T19:38:27.3575129+07:00,2026/09/07 19:38:27.402, NVIDIA GeForce RTX 5060, 591.86, P8, 30, 1, 885, 8151, 8.31, 145.00, 210, 405, 1, 8
2026-09-07T19:38:32.4195954+07:00,2026/09/07 19:38:32.464, NVIDIA GeForce RTX 5060, 591.86, P8, 30, 0, 885, 8151, 8.21, 145.00, 247, 405, 1, 8
2026-09-07T19:38:37.5321611+07:00,2026/09/07 19:38:37.577, NVIDIA GeForce RTX 5060, 591.86, P8, 30, 0, 885, 8151, 8.05, 145.00, 247, 405, 1, 8
2026-09-07T19:38:42.5954277+07:00,2026/09/07 19:38:42.640, NVIDIA GeForce RTX 5060, 591.86, P8, 30, 1, 885, 8151, 8.20, 145.00, 210, 405, 1, 8
2026-09-07T19:38:47.6564957+07:00,2026/09/07 19:38:47.701, NVIDIA GeForce RTX 5060, 591.86, P8, 30, 0, 885, 8151, 8.06, 145.00, 210, 405, 1, 8
2026-09-07T19:38:52.7232225+07:00,2026/09/07 19:38:52.767, NVIDIA GeForce RTX 5060, 591.86, P8, 30, 0, 885, 8151, 8.20, 145.00, 240, 405, 1, 8
2026-09-07T19:38:57.7864497+07:00,2026/09/07 19:38:57.831, NVIDIA GeForce RTX 5060, 591.86, P8, 30, 0, 895, 8151, 8.21, 145.00, 247, 405, 1, 8
2026-09-07T19:39:02.8539073+07:00,2026/09/07 19:39:02.898, NVIDIA GeForce RTX 5060, 591.86, P8, 30, 0, 895, 8151, 8.40, 145.00, 247, 405, 1, 8
2026-09-07T19:39:07.9642392+07:00,2026/09/07 19:39:08.009, NVIDIA GeForce RTX 5060, 591.86, P8, 30, 1, 895, 8151, 8.25, 145.00, 247, 405, 1, 8
2026-09-07T19:39:13.0288203+07:00,2026/09/07 19:39:13.074, NVIDIA GeForce RTX 5060, 591.86, P8, 30, 1, 895, 8151, 8.16, 145.00, 210, 405, 1, 8
2026-09-07T19:39:18.0937358+07:00,2026/09/07 19:39:18.124, NVIDIA GeForce RTX 5060, 591.86, P8, 30, 0, 895, 8151, 8.42, 145.00, 210, 405, 1, 8
2026-09-07T19:39:23.1457987+07:00,2026/09/07 19:39:23.190, NVIDIA GeForce RTX 5060, 591.86, P8, 30, 0, 895, 8151, 8.17, 145.00, 210, 405, 1, 8
2026-09-07T19:39:28.2115215+07:00,2026/09/07 19:39:28.242, NVIDIA GeForce RTX 5060, 591.86, P8, 30, 0, 895, 8151, 8.21, 145.00, 255, 405, 1, 8
2026-09-07T19:39:33.2645383+07:00,2026/09/07 19:39:33.311, NVIDIA GeForce RTX 5060, 591.86, P8, 30, 1, 895, 8151, 8.24, 145.00, 210, 405, 1, 8
2026-09-07T19:39:38.3922906+07:00,2026/09/07 19:39:38.423, NVIDIA GeForce RTX 5060, 591.86, P8, 30, 0, 895, 8151, 8.09, 145.00, 202, 405, 1, 8
2026-09-07T19:39:43.4363316+07:00,2026/09/07 19:39:43.467, NVIDIA GeForce RTX 5060, 591.86, P8, 30, 0, 895, 8151, 8.15, 145.00, 210, 405, 1, 8
2026-09-07T19:39:48.4870877+07:00,2026/09/07 19:39:48.516, NVIDIA GeForce RTX 5060, 591.86, P8, 30, 0, 895, 8151, 8.08, 145.00, 210, 405, 1, 8
2026-09-07T19:39:53.5393942+07:00,2026/09/07 19:39:53.567, NVIDIA GeForce RTX 5060, 591.86, P8, 30, 0, 895, 8151, 8.16, 145.00, 210, 405, 1, 8
2026-09-07T19:39:58.5767033+07:00,2026/09/07 19:39:58.607, NVIDIA GeForce RTX 5060, 591.86, P8, 30, 0, 895, 8151, 8.25, 145.00, 210, 405, 1, 8
2026-09-07T19:40:03.6196327+07:00,2026/09/07 19:40:03.650, NVIDIA GeForce RTX 5060, 591.86, P8, 30, 0, 895, 8151, 8.19, 145.00, 210, 405, 1, 8
2026-09-07T19:40:08.7048983+07:00,2026/09/07 19:40:08.735, NVIDIA GeForce RTX 5060, 591.86, P8, 30, 0, 895, 8151, 8.26, 145.00, 202, 405, 1, 8
2026-09-07T19:40:13.7492857+07:00,2026/09/07 19:40:13.792, NVIDIA GeForce RTX 5060, 591.86, P8, 30, 0, 895, 8151, 8.10, 145.00, 210, 405, 1, 8
2026-09-07T19:40:18.8140264+07:00,2026/09/07 19:40:18.844, NVIDIA GeForce RTX 5060, 591.86, P8, 30, 0, 895, 8151, 8.54, 145.00, 210, 405, 1, 8
2026-09-07T19:40:23.8535140+07:00,2026/09/07 19:40:23.884, NVIDIA GeForce RTX 5060, 591.86, P8, 30, 0, 895, 8151, 8.24, 145.00, 210, 405, 1, 8
2026-09-07T19:40:28.9080083+07:00,2026/09/07 19:40:28.939, NVIDIA GeForce RTX 5060, 591.86, P8, 30, 0, 895, 8151, 8.09, 145.00, 210, 405, 1, 8
2026-09-07T19:40:33.9492227+07:00,2026/09/07 19:40:33.980, NVIDIA GeForce RTX 5060, 591.86, P8, 30, 0, 895, 8151, 8.03, 145.00, 210, 405, 1, 8
2026-09-07T19:40:39.0485471+07:00,2026/09/07 19:40:39.079, NVIDIA GeForce RTX 5060, 591.86, P8, 30, 0, 895, 8151, 8.08, 145.00, 210, 405, 1, 8
2026-09-07T19:40:44.1003089+07:00,2026/09/07 19:40:44.144, NVIDIA GeForce RTX 5060, 591.86, P8, 30, 0, 895, 8151, 8.17, 145.00, 210, 405, 1, 8
2026-09-07T19:40:49.1574768+07:00,2026/09/07 19:40:49.187, NVIDIA GeForce RTX 5060, 591.86, P8, 30, 0, 895, 8151, 8.15, 145.00, 210, 405, 1, 8
2026-09-07T19:40:54.2053247+07:00,2026/09/07 19:40:54.250, NVIDIA GeForce RTX 5060, 591.86, P5, 30, 0, 902, 8151, 12.91, 145.00, 210, 810, 2, 8
2026-09-07T19:40:59.2707793+07:00,2026/09/07 19:40:59.316, NVIDIA GeForce RTX 5060, 591.86, P8, 30, 0, 902, 8151, 8.30, 145.00, 210, 405, 1, 8
2026-09-07T19:41:04.3371626+07:00,2026/09/07 19:41:04.382, NVIDIA GeForce RTX 5060, 591.86, P8, 30, 0, 900, 8151, 8.40, 145.00, 210, 405, 1, 8
2026-09-07T19:41:09.4616877+07:00,2026/09/07 19:41:09.506, NVIDIA GeForce RTX 5060, 591.86, P8, 30, 0, 900, 8151, 8.43, 145.00, 210, 405, 1, 8
2026-09-07T19:41:14.5251509+07:00,2026/09/07 19:41:14.555, NVIDIA GeForce RTX 5060, 591.86, P8, 30, 0, 899, 8151, 8.39, 145.00, 210, 405, 1, 8
2026-09-07T19:41:19.5752343+07:00,2026/09/07 19:41:19.605, NVIDIA GeForce RTX 5060, 591.86, P8, 30, 0, 899, 8151, 8.48, 145.00, 217, 405, 1, 8
2026-09-07T19:41:24.6122591+07:00,2026/09/07 19:41:24.643, NVIDIA GeForce RTX 5060, 591.86, P8, 30, 0, 899, 8151, 8.42, 145.00, 210, 405, 1, 8
2026-09-07T19:41:29.6584718+07:00,2026/09/07 19:41:29.688, NVIDIA GeForce RTX 5060, 591.86, P8, 30, 0, 899, 8151, 8.48, 145.00, 210, 405, 1, 8
2026-09-07T19:41:34.7078785+07:00,2026/09/07 19:41:34.737, NVIDIA GeForce RTX 5060, 591.86, P8, 30, 0, 895, 8151, 8.40, 145.00, 210, 405, 1, 8
2026-09-07T19:41:39.8088283+07:00,2026/09/07 19:41:39.852, NVIDIA GeForce RTX 5060, 591.86, P8, 30, 0, 895, 8151, 8.32, 145.00, 210, 405, 1, 8
2026-09-07T19:41:44.8734662+07:00,2026/09/07 19:41:44.918, NVIDIA GeForce RTX 5060, 591.86, P8, 30, 0, 895, 8151, 8.29, 145.00, 210, 405, 1, 8
2026-09-07T19:41:49.9385464+07:00,2026/09/07 19:41:49.984, NVIDIA GeForce RTX 5060, 591.86, P8, 30, 0, 895, 8151, 8.29, 145.00, 210, 405, 1, 8
2026-09-07T19:41:55.0055045+07:00,2026/09/07 19:41:55.035, NVIDIA GeForce RTX 5060, 591.86, P8, 30, 0, 895, 8151, 8.33, 145.00, 210, 405, 1, 8
2026-09-07T19:42:00.0495191+07:00,2026/09/07 19:42:00.095, NVIDIA GeForce RTX 5060, 591.86, P8, 30, 0, 895, 8151, 8.26, 145.00, 210, 405, 1, 8
2026-09-07T19:42:05.1122567+07:00,2026/09/07 19:42:05.155, NVIDIA GeForce RTX 5060, 591.86, P8, 30, 0, 895, 8151, 8.29, 145.00, 210, 405, 1, 8
2026-09-07T19:42:10.2055126+07:00,2026/09/07 19:42:10.236, NVIDIA GeForce RTX 5060, 591.86, P8, 30, 0, 895, 8151, 8.16, 145.00, 210, 405, 1, 8
2026-09-07T19:42:15.2584043+07:00,2026/09/07 19:42:15.303, NVIDIA GeForce RTX 5060, 591.86, P8, 30, 0, 895, 8151, 8.24, 145.00, 210, 405, 1, 8
2026-09-07T19:42:20.3189648+07:00,2026/09/07 19:42:20.349, NVIDIA GeForce RTX 5060, 591.86, P8, 30, 0, 895, 8151, 8.31, 145.00, 210, 405, 1, 8
2026-09-07T19:42:25.3695840+07:00,2026/09/07 19:42:25.413, NVIDIA GeForce RTX 5060, 591.86, P8, 30, 0, 895, 8151, 8.35, 145.00, 210, 405, 1, 8
2026-09-07T19:42:30.4354636+07:00,2026/09/07 19:42:30.465, NVIDIA GeForce RTX 5060, 591.86, P8, 30, 0, 895, 8151, 8.32, 145.00, 210, 405, 1, 8
2026-09-07T19:42:35.4817912+07:00,2026/09/07 19:42:35.527, NVIDIA GeForce RTX 5060, 591.86, P8, 30, 0, 895, 8151, 8.34, 145.00, 210, 405, 1, 8
2026-09-07T19:42:40.6066358+07:00,2026/09/07 19:42:40.651, NVIDIA GeForce RTX 5060, 591.86, P8, 30, 0, 895, 8151, 8.21, 145.00, 210, 405, 1, 8
2026-09-07T19:42:45.6726093+07:00,2026/09/07 19:42:45.717, NVIDIA GeForce RTX 5060, 591.86, P8, 30, 0, 895, 8151, 8.25, 145.00, 210, 405, 1, 8
2026-09-07T19:42:50.7395163+07:00,2026/09/07 19:42:50.784, NVIDIA GeForce RTX 5060, 591.86, P8, 30, 0, 895, 8151, 8.51, 145.00, 210, 405, 1, 8
2026-09-07T19:42:55.8065791+07:00,2026/09/07 19:42:55.850, NVIDIA GeForce RTX 5060, 591.86, P8, 30, 0, 895, 8151, 8.29, 145.00, 210, 405, 1, 8
2026-09-07T19:43:00.8706387+07:00,2026/09/07 19:43:00.915, NVIDIA GeForce RTX 5060, 591.86, P8, 30, 0, 895, 8151, 8.19, 145.00, 210, 405, 1, 8
2026-09-07T19:43:05.9315977+07:00,2026/09/07 19:43:05.976, NVIDIA GeForce RTX 5060, 591.86, P8, 30, 0, 895, 8151, 8.30, 145.00, 210, 405, 1, 8
2026-09-07T19:43:11.0368202+07:00,2026/09/07 19:43:11.067, NVIDIA GeForce RTX 5060, 591.86, P8, 30, 0, 895, 8151, 8.20, 145.00, 210, 405, 1, 8
2026-09-07T19:43:16.0868246+07:00,2026/09/07 19:43:16.116, NVIDIA GeForce RTX 5060, 591.86, P8, 30, 0, 895, 8151, 8.31, 145.00, 210, 405, 1, 8
2026-09-07T19:43:21.1332229+07:00,2026/09/07 19:43:21.178, NVIDIA GeForce RTX 5060, 591.86, P8, 30, 0, 895, 8151, 8.18, 145.00, 210, 405, 1, 8
2026-09-07T19:43:26.1973878+07:00,2026/09/07 19:43:26.225, NVIDIA GeForce RTX 5060, 591.86, P8, 30, 0, 895, 8151, 8.14, 145.00, 210, 405, 1, 8
2026-09-07T19:43:31.2428720+07:00,2026/09/07 19:43:31.288, NVIDIA GeForce RTX 5060, 591.86, P8, 30, 0, 895, 8151, 8.07, 145.00, 210, 405, 1, 8
2026-09-07T19:43:36.2955676+07:00,2026/09/07 19:43:36.326, NVIDIA GeForce RTX 5060, 591.86, P8, 30, 0, 895, 8151, 8.12, 145.00, 225, 405, 1, 8
2026-09-07T19:43:41.3812760+07:00,2026/09/07 19:43:41.425, NVIDIA GeForce RTX 5060, 591.86, P8, 30, 0, 895, 8151, 8.16, 145.00, 225, 405, 1, 8
2026-09-07T19:43:46.4390514+07:00,2026/09/07 19:43:46.484, NVIDIA GeForce RTX 5060, 591.86, P0, 32, 0, 915, 8151, 22.45, 145.00, 2512, 14201, 4, 8
2026-09-07T19:43:51.4960293+07:00,2026/09/07 19:43:51.526, NVIDIA GeForce RTX 5060, 591.86, P8, 31, 1, 917, 8151, 8.72, 145.00, 255, 405, 1, 8
2026-09-07T19:43:56.5439691+07:00,2026/09/07 19:43:56.574, NVIDIA GeForce RTX 5060, 591.86, P0, 32, 3, 884, 8151, 14.41, 145.00, 2505, 14201, 4, 8
2026-09-07T19:44:01.5928663+07:00,2026/09/07 19:44:01.637, NVIDIA GeForce RTX 5060, 591.86, P8, 31, 0, 904, 8151, 9.66, 145.00, 210, 405, 1, 8
2026-09-07T19:44:06.6553308+07:00,2026/09/07 19:44:06.700, NVIDIA GeForce RTX 5060, 591.86, P8, 31, 0, 904, 8151, 8.83, 145.00, 210, 405, 1, 8
2026-09-07T19:44:11.7706027+07:00,2026/09/07 19:44:11.815, NVIDIA GeForce RTX 5060, 591.86, P8, 31, 3, 903, 8151, 9.07, 145.00, 270, 405, 1, 8
2026-09-07T19:44:16.8309928+07:00,2026/09/07 19:44:16.876, NVIDIA GeForce RTX 5060, 591.86, P8, 31, 0, 903, 8151, 8.38, 145.00, 210, 405, 1, 8
2026-09-07T19:44:21.9005527+07:00,2026/09/07 19:44:21.929, NVIDIA GeForce RTX 5060, 591.86, P8, 31, 0, 903, 8151, 8.30, 145.00, 210, 405, 1, 8
2026-09-07T19:44:26.9497719+07:00,2026/09/07 19:44:26.980, NVIDIA GeForce RTX 5060, 591.86, P8, 30, 0, 903, 8151, 7.97, 145.00, 210, 405, 1, 8
2026-09-07T19:44:31.9983316+07:00,2026/09/07 19:44:32.043, NVIDIA GeForce RTX 5060, 591.86, P8, 30, 0, 903, 8151, 8.04, 145.00, 210, 405, 1, 8
2026-09-07T19:44:37.0647310+07:00,2026/09/07 19:44:37.109, NVIDIA GeForce RTX 5060, 591.86, P8, 30, 0, 903, 8151, 8.03, 145.00, 210, 405, 1, 8
2026-09-07T19:44:42.1591430+07:00,2026/09/07 19:44:42.205, NVIDIA GeForce RTX 5060, 591.86, P8, 30, 0, 903, 8151, 8.39, 145.00, 210, 405, 1, 8
2026-09-07T19:44:47.2284149+07:00,2026/09/07 19:44:47.272, NVIDIA GeForce RTX 5060, 591.86, P8, 30, 0, 903, 8151, 7.83, 145.00, 210, 405, 1, 8
2026-09-07T19:44:52.2935794+07:00,2026/09/07 19:44:52.338, NVIDIA GeForce RTX 5060, 591.86, P8, 30, 0, 903, 8151, 7.89, 145.00, 210, 405, 1, 8
2026-09-07T19:44:57.3478996+07:00,2026/09/07 19:44:57.392, NVIDIA GeForce RTX 5060, 591.86, P8, 30, 0, 903, 8151, 7.81, 145.00, 210, 405, 1, 8
2026-09-07T19:45:02.4103021+07:00,2026/09/07 19:45:02.440, NVIDIA GeForce RTX 5060, 591.86, P8, 30, 0, 903, 8151, 8.20, 145.00, 210, 405, 1, 8
2026-09-07T19:45:07.4628979+07:00,2026/09/07 19:45:07.508, NVIDIA GeForce RTX 5060, 591.86, P8, 30, 0, 903, 8151, 7.82, 145.00, 210, 405, 1, 8
2026-09-07T19:45:12.5781845+07:00,2026/09/07 19:45:12.607, NVIDIA GeForce RTX 5060, 591.86, P8, 30, 0, 903, 8151, 7.93, 145.00, 210, 405, 1, 8
2026-09-07T19:45:17.6297848+07:00,2026/09/07 19:45:17.659, NVIDIA GeForce RTX 5060, 591.86, P8, 30, 0, 903, 8151, 8.25, 145.00, 202, 405, 1, 8
2026-09-07T19:45:22.6693217+07:00,2026/09/07 19:45:22.714, NVIDIA GeForce RTX 5060, 591.86, P8, 30, 0, 903, 8151, 7.91, 145.00, 210, 405, 1, 8
2026-09-07T19:45:27.7302903+07:00,2026/09/07 19:45:27.760, NVIDIA GeForce RTX 5060, 591.86, P8, 30, 1, 904, 8151, 9.31, 145.00, 487, 405, 1, 8
2026-09-07T19:45:32.7685213+07:00,2026/09/07 19:45:32.798, NVIDIA GeForce RTX 5060, 591.86, P8, 30, 1, 904, 8151, 8.95, 145.00, 450, 405, 1, 8
2026-09-07T19:45:37.8131820+07:00,2026/09/07 19:45:37.843, NVIDIA GeForce RTX 5060, 591.86, P8, 31, 5, 915, 8151, 11.09, 145.00, 457, 405, 1, 8
2026-09-07T19:45:42.9102175+07:00,2026/09/07 19:45:42.954, NVIDIA GeForce RTX 5060, 591.86, P8, 31, 1, 911, 8151, 9.31, 145.00, 465, 405, 1, 8
2026-09-07T19:45:47.9814439+07:00,2026/09/07 19:45:48.010, NVIDIA GeForce RTX 5060, 591.86, P8, 31, 2, 899, 8151, 10.70, 145.00, 667, 405, 1, 8
2026-09-07T19:45:53.0191515+07:00,2026/09/07 19:45:53.064, NVIDIA GeForce RTX 5060, 591.86, P5, 30, 0, 929, 8151, 8.65, 145.00, 322, 810, 2, 8
2026-09-07T19:45:58.0787317+07:00,2026/09/07 19:45:58.109, NVIDIA GeForce RTX 5060, 591.86, P8, 31, 0, 919, 8151, 10.63, 145.00, 232, 405, 1, 8
2026-09-07T19:46:03.1247117+07:00,2026/09/07 19:46:03.155, NVIDIA GeForce RTX 5060, 591.86, P8, 31, 0, 984, 8151, 9.28, 145.00, 270, 405, 1, 8
2026-09-07T19:46:08.1680836+07:00,2026/09/07 19:46:08.199, NVIDIA GeForce RTX 5060, 591.86, P8, 31, 6, 954, 8151, 8.81, 145.00, 345, 405, 1, 8
2026-09-07T19:46:13.2707749+07:00,2026/09/07 19:46:13.317, NVIDIA GeForce RTX 5060, 591.86, P8, 31, 0, 932, 8151, 10.60, 145.00, 435, 405, 1, 8
2026-09-07T19:46:18.3257740+07:00,2026/09/07 19:46:18.356, NVIDIA GeForce RTX 5060, 591.86, P8, 31, 0, 907, 8151, 8.93, 145.00, 360, 405, 1, 8
2026-09-07T19:46:23.3744884+07:00,2026/09/07 19:46:23.419, NVIDIA GeForce RTX 5060, 591.86, P8, 31, 0, 903, 8151, 9.07, 145.00, 255, 405, 1, 8
2026-09-07T19:46:28.4380029+07:00,2026/09/07 19:46:28.468, NVIDIA GeForce RTX 5060, 591.86, P8, 31, 2, 912, 8151, 8.85, 145.00, 210, 405, 1, 8
2026-09-07T19:46:33.4875899+07:00,2026/09/07 19:46:33.532, NVIDIA GeForce RTX 5060, 591.86, P8, 31, 1, 913, 8151, 9.97, 145.00, 202, 405, 1, 8
2026-09-07T19:46:38.5516012+07:00,2026/09/07 19:46:38.582, NVIDIA GeForce RTX 5060, 591.86, P8, 31, 0, 906, 8151, 9.02, 145.00, 420, 405, 1, 8
2026-09-07T19:46:43.6452485+07:00,2026/09/07 19:46:43.675, NVIDIA GeForce RTX 5060, 591.86, P8, 31, 0, 888, 8151, 8.95, 145.00, 435, 405, 1, 8
2026-09-07T19:46:48.6975182+07:00,2026/09/07 19:46:48.743, NVIDIA GeForce RTX 5060, 591.86, P8, 31, 0, 888, 8151, 8.76, 145.00, 420, 405, 1, 8
2026-09-07T19:46:53.7575083+07:00,2026/09/07 19:46:53.788, NVIDIA GeForce RTX 5060, 591.86, P8, 30, 0, 909, 8151, 8.49, 145.00, 210, 405, 1, 8
2026-09-07T19:46:58.8054792+07:00,2026/09/07 19:46:58.836, NVIDIA GeForce RTX 5060, 591.86, P8, 30, 0, 900, 8151, 8.47, 145.00, 247, 405, 1, 8
2026-09-07T19:47:03.8560936+07:00,2026/09/07 19:47:03.898, NVIDIA GeForce RTX 5060, 591.86, P8, 31, 3, 908, 8151, 8.62, 145.00, 240, 405, 1, 8
2026-09-07T19:47:08.9131572+07:00,2026/09/07 19:47:08.943, NVIDIA GeForce RTX 5060, 591.86, P8, 31, 4, 933, 8151, 9.30, 145.00, 270, 405, 1, 8
2026-09-07T19:47:13.9982685+07:00,2026/09/07 19:47:14.043, NVIDIA GeForce RTX 5060, 591.86, P8, 31, 0, 899, 8151, 8.79, 145.00, 397, 405, 1, 8
2026-09-07T19:47:19.0637702+07:00,2026/09/07 19:47:19.108, NVIDIA GeForce RTX 5060, 591.86, P8, 31, 0, 889, 8151, 9.02, 145.00, 427, 405, 1, 8
2026-09-07T19:47:24.1269632+07:00,2026/09/07 19:47:24.157, NVIDIA GeForce RTX 5060, 591.86, P8, 30, 0, 889, 8151, 9.00, 145.00, 405, 405, 1, 8
2026-09-07T19:47:29.1731156+07:00,2026/09/07 19:47:29.217, NVIDIA GeForce RTX 5060, 591.86, P8, 30, 0, 889, 8151, 9.01, 145.00, 405, 405, 1, 8
2026-09-07T19:47:34.2324568+07:00,2026/09/07 19:47:34.277, NVIDIA GeForce RTX 5060, 591.86, P8, 30, 0, 889, 8151, 8.80, 145.00, 405, 405, 1, 8
2026-09-07T19:47:39.3006227+07:00,2026/09/07 19:47:39.346, NVIDIA GeForce RTX 5060, 591.86, P8, 30, 0, 889, 8151, 8.95, 145.00, 412, 405, 1, 8
2026-09-07T19:47:44.4090515+07:00,2026/09/07 19:47:44.439, NVIDIA GeForce RTX 5060, 591.86, P8, 30, 0, 889, 8151, 8.89, 145.00, 412, 405, 1, 8
2026-09-07T19:47:49.4618413+07:00,2026/09/07 19:47:49.506, NVIDIA GeForce RTX 5060, 591.86, P8, 31, 0, 889, 8151, 8.84, 145.00, 412, 405, 1, 8
2026-09-07T19:47:54.5161343+07:00,2026/09/07 19:47:54.547, NVIDIA GeForce RTX 5060, 591.86, P8, 31, 0, 889, 8151, 8.82, 145.00, 420, 405, 1, 8
2026-09-07T19:47:59.5651251+07:00,2026/09/07 19:47:59.610, NVIDIA GeForce RTX 5060, 591.86, P8, 30, 0, 889, 8151, 8.86, 145.00, 405, 405, 1, 8
2026-09-07T19:48:04.6310672+07:00,2026/09/07 19:48:04.662, NVIDIA GeForce RTX 5060, 591.86, P8, 30, 0, 889, 8151, 8.88, 145.00, 232, 405, 1, 8
2026-09-07T19:48:09.6807455+07:00,2026/09/07 19:48:09.711, NVIDIA GeForce RTX 5060, 591.86, P8, 31, 0, 889, 8151, 8.83, 145.00, 247, 405, 1, 8
2026-09-07T19:48:14.7735505+07:00,2026/09/07 19:48:14.818, NVIDIA GeForce RTX 5060, 591.86, P8, 31, 0, 887, 8151, 8.77, 145.00, 232, 405, 1, 8
2026-09-07T19:48:19.8316533+07:00,2026/09/07 19:48:19.861, NVIDIA GeForce RTX 5060, 591.86, P8, 31, 0, 887, 8151, 8.83, 145.00, 232, 405, 1, 8
2026-09-07T19:48:24.8824688+07:00,2026/09/07 19:48:24.928, NVIDIA GeForce RTX 5060, 591.86, P8, 31, 0, 887, 8151, 8.90, 145.00, 232, 405, 1, 8
2026-09-07T19:48:29.9417542+07:00,2026/09/07 19:48:29.986, NVIDIA GeForce RTX 5060, 591.86, P8, 30, 0, 887, 8151, 8.94, 145.00, 225, 405, 1, 8
2026-09-07T19:48:35.0056226+07:00,2026/09/07 19:48:35.049, NVIDIA GeForce RTX 5060, 591.86, P8, 30, 0, 887, 8151, 8.92, 145.00, 240, 405, 1, 8
2026-09-07T19:48:40.0674370+07:00,2026/09/07 19:48:40.097, NVIDIA GeForce RTX 5060, 591.86, P8, 30, 0, 887, 8151, 8.97, 145.00, 232, 405, 1, 8
2026-09-07T19:48:45.1621200+07:00,2026/09/07 19:48:45.208, NVIDIA GeForce RTX 5060, 591.86, P8, 30, 0, 887, 8151, 8.94, 145.00, 240, 405, 1, 8
2026-09-07T19:48:50.2238463+07:00,2026/09/07 19:48:50.254, NVIDIA GeForce RTX 5060, 591.86, P8, 31, 0, 887, 8151, 8.91, 145.00, 232, 405, 1, 8
2026-09-07T19:48:55.2776023+07:00,2026/09/07 19:48:55.322, NVIDIA GeForce RTX 5060, 591.86, P8, 31, 0, 902, 8151, 8.72, 145.00, 240, 405, 1, 8
2026-09-07T19:49:00.3406009+07:00,2026/09/07 19:49:00.371, NVIDIA GeForce RTX 5060, 591.86, P8, 31, 1, 901, 8151, 8.95, 145.00, 337, 405, 1, 8
2026-09-07T19:49:05.3874104+07:00,2026/09/07 19:49:05.418, NVIDIA GeForce RTX 5060, 591.86, P8, 30, 2, 895, 8151, 9.08, 145.00, 315, 405, 1, 8
2026-09-07T19:49:10.4279903+07:00,2026/09/07 19:49:10.459, NVIDIA GeForce RTX 5060, 591.86, P8, 30, 1, 895, 8151, 8.68, 145.00, 307, 405, 1, 8
2026-09-07T19:49:15.5243032+07:00,2026/09/07 19:49:15.569, NVIDIA GeForce RTX 5060, 591.86, P8, 31, 0, 901, 8151, 9.05, 145.00, 285, 405, 1, 8
2026-09-07T19:49:20.5920050+07:00,2026/09/07 19:49:20.622, NVIDIA GeForce RTX 5060, 591.86, P8, 31, 0, 908, 8151, 8.56, 145.00, 420, 405, 1, 8
2026-09-07T19:49:25.6313024+07:00,2026/09/07 19:49:25.676, NVIDIA GeForce RTX 5060, 591.86, P8, 31, 1, 903, 8151, 8.86, 145.00, 322, 405, 1, 8
2026-09-07T19:49:30.6951137+07:00,2026/09/07 19:49:30.740, NVIDIA GeForce RTX 5060, 591.86, P8, 31, 2, 897, 8151, 9.28, 145.00, 360, 405, 1, 8
2026-09-07T19:49:35.7511435+07:00,2026/09/07 19:49:35.795, NVIDIA GeForce RTX 5060, 591.86, P8, 30, 0, 992, 8151, 8.77, 145.00, 277, 405, 1, 8
2026-09-07T19:49:40.8186546+07:00,2026/09/07 19:49:40.849, NVIDIA GeForce RTX 5060, 591.86, P8, 30, 0, 985, 8151, 8.62, 145.00, 210, 405, 1, 8
2026-09-07T19:49:45.9067029+07:00,2026/09/07 19:49:45.951, NVIDIA GeForce RTX 5060, 591.86, P8, 31, 2, 930, 8151, 8.56, 145.00, 337, 405, 1, 8
2026-09-07T19:49:50.9700415+07:00,2026/09/07 19:49:51.000, NVIDIA GeForce RTX 5060, 591.86, P8, 31, 1, 919, 8151, 8.48, 145.00, 262, 405, 1, 8
2026-09-07T19:49:56.0091631+07:00,2026/09/07 19:49:56.054, NVIDIA GeForce RTX 5060, 591.86, P8, 31, 0, 919, 8151, 8.81, 145.00, 247, 405, 1, 8
2026-09-07T19:50:01.0741291+07:00,2026/09/07 19:50:01.104, NVIDIA GeForce RTX 5060, 591.86, P8, 31, 0, 902, 8151, 10.75, 145.00, 502, 405, 1, 8
2026-09-07T19:50:06.1218629+07:00,2026/09/07 19:50:06.152, NVIDIA GeForce RTX 5060, 591.86, P8, 30, 0, 893, 8151, 8.56, 145.00, 210, 405, 1, 8
2026-09-07T19:50:11.1615445+07:00,2026/09/07 19:50:11.191, NVIDIA GeForce RTX 5060, 591.86, P8, 31, 2, 900, 8151, 9.11, 145.00, 315, 405, 1, 8
2026-09-07T19:50:16.2577858+07:00,2026/09/07 19:50:16.288, NVIDIA GeForce RTX 5060, 591.86, P8, 31, 2, 911, 8151, 10.25, 145.00, 502, 405, 1, 8
2026-09-07T19:50:21.3013967+07:00,2026/09/07 19:50:21.346, NVIDIA GeForce RTX 5060, 591.86, P8, 31, 0, 940, 8151, 9.03, 145.00, 210, 405, 1, 8
2026-09-07T19:50:26.3628215+07:00,2026/09/07 19:50:26.408, NVIDIA GeForce RTX 5060, 591.86, P8, 31, 0, 874, 8151, 8.66, 145.00, 210, 405, 1, 8
2026-09-07T19:50:31.4301621+07:00,2026/09/07 19:50:31.460, NVIDIA GeForce RTX 5060, 591.86, P8, 31, 0, 869, 8151, 8.58, 145.00, 247, 405, 1, 8
2026-09-07T19:50:36.4790139+07:00,2026/09/07 19:50:36.509, NVIDIA GeForce RTX 5060, 591.86, P8, 30, 0, 879, 8151, 9.08, 145.00, 262, 405, 1, 8
2026-09-07T19:50:41.5195782+07:00,2026/09/07 19:50:41.549, NVIDIA GeForce RTX 5060, 591.86, P8, 30, 0, 893, 8151, 8.58, 145.00, 262, 405, 1, 8
2026-09-07T19:50:46.6125144+07:00,2026/09/07 19:50:46.673, NVIDIA GeForce RTX 5060, 591.86, P0, 32, 0, 1006, 8151, 22.49, 145.00, 2520, 14201, 4, 8
2026-09-07T19:50:51.6901634+07:00,2026/09/07 19:50:51.720, NVIDIA GeForce RTX 5060, 591.86, P0, 32, 0, 889, 8151, 22.73, 145.00, 2512, 14201, 4, 8
2026-09-07T19:50:56.7407787+07:00,2026/09/07 19:50:56.771, NVIDIA GeForce RTX 5060, 591.86, P8, 31, 0, 857, 8151, 8.99, 145.00, 210, 405, 1, 8
2026-09-07T19:51:01.7884326+07:00,2026/09/07 19:51:01.834, NVIDIA GeForce RTX 5060, 591.86, P8, 31, 0, 857, 8151, 9.18, 145.00, 217, 405, 1, 8
2026-09-07T19:51:06.8503940+07:00,2026/09/07 19:51:06.895, NVIDIA GeForce RTX 5060, 591.86, P8, 31, 0, 857, 8151, 9.02, 145.00, 210, 405, 1, 8
2026-09-07T19:51:11.9179212+07:00,2026/09/07 19:51:11.963, NVIDIA GeForce RTX 5060, 591.86, P8, 31, 0, 857, 8151, 8.82, 145.00, 210, 405, 1, 8
2026-09-07T19:51:17.0188677+07:00,2026/09/07 19:51:17.064, NVIDIA GeForce RTX 5060, 591.86, P8, 31, 0, 853, 8151, 8.96, 145.00, 210, 405, 1, 8
2026-09-07T19:51:22.0873459+07:00,2026/09/07 19:51:22.117, NVIDIA GeForce RTX 5060, 591.86, P8, 31, 0, 853, 8151, 8.89, 145.00, 210, 405, 1, 8
2026-09-07T19:51:27.1342531+07:00,2026/09/07 19:51:27.179, NVIDIA GeForce RTX 5060, 591.86, P8, 31, 0, 853, 8151, 8.95, 145.00, 210, 405, 1, 8
2026-09-07T19:51:32.2001303+07:00,2026/09/07 19:51:32.229, NVIDIA GeForce RTX 5060, 591.86, P8, 31, 0, 853, 8151, 8.98, 145.00, 210, 405, 1, 8
2026-09-07T19:51:37.2474851+07:00,2026/09/07 19:51:37.293, NVIDIA GeForce RTX 5060, 591.86, P8, 31, 0, 853, 8151, 8.98, 145.00, 210, 405, 1, 8
2026-09-07T19:51:42.3068449+07:00,2026/09/07 19:51:42.336, NVIDIA GeForce RTX 5060, 591.86, P8, 31, 0, 853, 8151, 8.89, 145.00, 210, 405, 1, 8
2026-09-07T19:51:47.3971023+07:00,2026/09/07 19:51:47.442, NVIDIA GeForce RTX 5060, 591.86, P8, 31, 0, 853, 8151, 8.97, 145.00, 210, 405, 1, 8
2026-09-07T19:51:52.4636802+07:00,2026/09/07 19:51:52.509, NVIDIA GeForce RTX 5060, 591.86, P8, 31, 0, 853, 8151, 8.97, 145.00, 232, 405, 1, 8
2026-09-07T19:51:57.5318993+07:00,2026/09/07 19:51:57.577, NVIDIA GeForce RTX 5060, 591.86, P8, 31, 0, 853, 8151, 9.20, 145.00, 225, 405, 1, 8
2026-09-07T19:52:02.5901490+07:00,2026/09/07 19:52:02.619, NVIDIA GeForce RTX 5060, 591.86, P8, 31, 0, 853, 8151, 8.98, 145.00, 232, 405, 1, 8
2026-09-07T19:52:07.6300021+07:00,2026/09/07 19:52:07.673, NVIDIA GeForce RTX 5060, 591.86, P8, 31, 0, 853, 8151, 9.00, 145.00, 232, 405, 1, 8
2026-09-07T19:52:12.6920979+07:00,2026/09/07 19:52:12.722, NVIDIA GeForce RTX 5060, 591.86, P8, 31, 0, 853, 8151, 8.94, 145.00, 232, 405, 1, 8
2026-09-07T19:52:17.7745258+07:00,2026/09/07 19:52:17.804, NVIDIA GeForce RTX 5060, 591.86, P8, 31, 0, 853, 8151, 8.93, 145.00, 232, 405, 1, 8
2026-09-07T19:52:22.8230392+07:00,2026/09/07 19:52:22.852, NVIDIA GeForce RTX 5060, 591.86, P8, 31, 0, 853, 8151, 8.94, 145.00, 240, 405, 1, 8
2026-09-07T19:52:27.8671464+07:00,2026/09/07 19:52:27.897, NVIDIA GeForce RTX 5060, 591.86, P8, 31, 0, 853, 8151, 9.13, 145.00, 232, 405, 1, 8
2026-09-07T19:52:32.9191467+07:00,2026/09/07 19:52:32.948, NVIDIA GeForce RTX 5060, 591.86, P8, 31, 0, 853, 8151, 8.93, 145.00, 232, 405, 1, 8
2026-09-07T19:52:37.9699258+07:00,2026/09/07 19:52:38.000, NVIDIA GeForce RTX 5060, 591.86, P8, 31, 0, 853, 8151, 8.91, 145.00, 232, 405, 1, 8
2026-09-07T19:52:43.0170813+07:00,2026/09/07 19:52:43.047, NVIDIA GeForce RTX 5060, 591.86, P8, 31, 0, 853, 8151, 8.98, 145.00, 240, 405, 1, 8
2026-09-07T19:52:48.1032585+07:00,2026/09/07 19:52:48.147, NVIDIA GeForce RTX 5060, 591.86, P8, 31, 0, 853, 8151, 9.02, 145.00, 232, 405, 1, 8
2026-09-07T19:52:53.1558330+07:00,2026/09/07 19:52:53.200, NVIDIA GeForce RTX 5060, 591.86, P8, 31, 0, 853, 8151, 8.97, 145.00, 232, 405, 1, 8
2026-09-07T19:52:58.2206551+07:00,2026/09/07 19:52:58.250, NVIDIA GeForce RTX 5060, 591.86, P8, 31, 0, 853, 8151, 9.17, 145.00, 240, 405, 1, 8
2026-09-07T19:53:03.2578950+07:00,2026/09/07 19:53:03.302, NVIDIA GeForce RTX 5060, 591.86, P8, 31, 0, 853, 8151, 9.06, 145.00, 240, 405, 1, 8
2026-09-07T19:53:08.3221868+07:00,2026/09/07 19:53:08.367, NVIDIA GeForce RTX 5060, 591.86, P8, 31, 0, 853, 8151, 9.03, 145.00, 232, 405, 1, 8
2026-09-07T19:53:13.3788900+07:00,2026/09/07 19:53:13.409, NVIDIA GeForce RTX 5060, 591.86, P8, 31, 0, 853, 8151, 9.09, 145.00, 225, 405, 1, 8
2026-09-07T19:53:18.4647032+07:00,2026/09/07 19:53:18.494, NVIDIA GeForce RTX 5060, 591.86, P8, 31, 0, 853, 8151, 9.11, 145.00, 232, 405, 1, 8
2026-09-07T19:53:23.5003743+07:00,2026/09/07 19:53:23.531, NVIDIA GeForce RTX 5060, 591.86, P8, 31, 0, 853, 8151, 8.98, 145.00, 232, 405, 1, 8
2026-09-07T19:53:28.5386176+07:00,2026/09/07 19:53:28.584, NVIDIA GeForce RTX 5060, 591.86, P8, 31, 0, 853, 8151, 9.03, 145.00, 232, 405, 1, 8
2026-09-07T19:53:33.6085284+07:00,2026/09/07 19:53:33.652, NVIDIA GeForce RTX 5060, 591.86, P8, 31, 0, 853, 8151, 9.11, 145.00, 247, 405, 1, 8
2026-09-07T19:53:38.6751051+07:00,2026/09/07 19:53:38.719, NVIDIA GeForce RTX 5060, 591.86, P8, 31, 0, 853, 8151, 9.22, 145.00, 232, 405, 1, 8
2026-09-07T19:53:43.7300342+07:00,2026/09/07 19:53:43.775, NVIDIA GeForce RTX 5060, 591.86, P8, 31, 0, 853, 8151, 8.98, 145.00, 232, 405, 1, 8
2026-09-07T19:53:48.8446366+07:00,2026/09/07 19:53:48.890, NVIDIA GeForce RTX 5060, 591.86, P8, 31, 0, 853, 8151, 9.02, 145.00, 232, 405, 1, 8
2026-09-07T19:53:53.9048550+07:00,2026/09/07 19:53:53.949, NVIDIA GeForce RTX 5060, 591.86, P8, 31, 0, 853, 8151, 8.96, 145.00, 232, 405, 1, 8
2026-09-07T19:53:58.9740543+07:00,2026/09/07 19:53:59.018, NVIDIA GeForce RTX 5060, 591.86, P8, 31, 0, 853, 8151, 9.19, 145.00, 232, 405, 1, 8
2026-09-07T19:54:04.0375116+07:00,2026/09/07 19:54:04.082, NVIDIA GeForce RTX 5060, 591.86, P8, 31, 0, 853, 8151, 9.21, 145.00, 232, 405, 1, 8
2026-09-07T19:54:09.1039960+07:00,2026/09/07 19:54:09.149, NVIDIA GeForce RTX 5060, 591.86, P8, 31, 0, 853, 8151, 9.14, 145.00, 232, 405, 1, 8
2026-09-07T19:54:14.1593566+07:00,2026/09/07 19:54:14.190, NVIDIA GeForce RTX 5060, 591.86, P8, 31, 0, 853, 8151, 9.29, 145.00, 232, 405, 1, 8
2026-09-07T19:54:19.2533976+07:00,2026/09/07 19:54:19.299, NVIDIA GeForce RTX 5060, 591.86, P8, 31, 0, 853, 8151, 9.07, 145.00, 232, 405, 1, 8
2026-09-07T19:54:24.3126057+07:00,2026/09/07 19:54:24.357, NVIDIA GeForce RTX 5060, 591.86, P8, 31, 0, 853, 8151, 9.08, 145.00, 247, 405, 1, 8
2026-09-07T19:54:29.3786536+07:00,2026/09/07 19:54:29.422, NVIDIA GeForce RTX 5060, 591.86, P8, 31, 0, 853, 8151, 9.21, 145.00, 240, 405, 1, 8
2026-09-07T19:54:34.4412237+07:00,2026/09/07 19:54:34.471, NVIDIA GeForce RTX 5060, 591.86, P8, 31, 0, 853, 8151, 9.09, 145.00, 232, 405, 1, 8
2026-09-07T19:54:39.4843494+07:00,2026/09/07 19:54:39.515, NVIDIA GeForce RTX 5060, 591.86, P8, 31, 0, 853, 8151, 9.20, 145.00, 232, 405, 1, 8
2026-09-07T19:54:44.5340595+07:00,2026/09/07 19:54:44.579, NVIDIA GeForce RTX 5060, 591.86, P8, 31, 0, 853, 8151, 9.17, 145.00, 232, 405, 1, 8
2026-09-07T19:54:49.6592375+07:00,2026/09/07 19:54:49.689, NVIDIA GeForce RTX 5060, 591.86, P8, 31, 0, 853, 8151, 9.06, 145.00, 240, 405, 1, 8
2026-09-07T19:54:54.7018015+07:00,2026/09/07 19:54:54.731, NVIDIA GeForce RTX 5060, 591.86, P8, 31, 0, 853, 8151, 9.14, 145.00, 232, 405, 1, 8
2026-09-07T19:54:59.7548731+07:00,2026/09/07 19:54:59.784, NVIDIA GeForce RTX 5060, 591.86, P8, 31, 0, 853, 8151, 9.16, 145.00, 232, 405, 1, 8
2026-09-07T19:55:04.8064309+07:00,2026/09/07 19:55:04.837, NVIDIA GeForce RTX 5060, 591.86, P8, 31, 0, 853, 8151, 9.04, 145.00, 232, 405, 1, 8
2026-09-07T19:55:09.8537274+07:00,2026/09/07 19:55:09.884, NVIDIA GeForce RTX 5060, 591.86, P8, 31, 0, 853, 8151, 9.21, 145.00, 232, 405, 1, 8
2026-09-07T19:55:14.8926583+07:00,2026/09/07 19:55:14.922, NVIDIA GeForce RTX 5060, 591.86, P8, 31, 0, 853, 8151, 9.30, 145.00, 232, 405, 1, 8
2026-09-07T19:55:19.9887705+07:00,2026/09/07 19:55:20.033, NVIDIA GeForce RTX 5060, 591.86, P8, 31, 0, 853, 8151, 9.16, 145.00, 232, 405, 1, 8
2026-09-07T19:55:25.0500425+07:00,2026/09/07 19:55:25.095, NVIDIA GeForce RTX 5060, 591.86, P8, 31, 0, 853, 8151, 9.07, 145.00, 240, 405, 1, 8
2026-09-07T19:55:30.1137470+07:00,2026/09/07 19:55:30.158, NVIDIA GeForce RTX 5060, 591.86, P8, 31, 0, 853, 8151, 9.06, 145.00, 240, 405, 1, 8
2026-09-07T19:55:35.1761738+07:00,2026/09/07 19:55:35.206, NVIDIA GeForce RTX 5060, 591.86, P8, 31, 0, 853, 8151, 9.13, 145.00, 232, 405, 1, 8
2026-09-07T19:55:40.2258729+07:00,2026/09/07 19:55:40.271, NVIDIA GeForce RTX 5060, 591.86, P8, 31, 0, 853, 8151, 8.99, 145.00, 232, 405, 1, 8
2026-09-07T19:55:45.2943953+07:00,2026/09/07 19:55:45.340, NVIDIA GeForce RTX 5060, 591.86, P8, 31, 0, 853, 8151, 8.86, 145.00, 232, 405, 1, 8
2026-09-07T19:55:50.4086824+07:00,2026/09/07 19:55:50.453, NVIDIA GeForce RTX 5060, 591.86, P8, 31, 0, 853, 8151, 8.97, 145.00, 247, 405, 1, 8
2026-09-07T19:55:55.4708707+07:00,2026/09/07 19:55:55.517, NVIDIA GeForce RTX 5060, 591.86, P8, 31, 0, 853, 8151, 9.02, 145.00, 232, 405, 1, 8
2026-09-07T19:56:00.5381990+07:00,2026/09/07 19:56:00.583, NVIDIA GeForce RTX 5060, 591.86, P8, 31, 1, 821, 8151, 9.01, 145.00, 232, 405, 1, 8
2026-09-07T19:56:05.6033557+07:00,2026/09/07 19:56:05.649, NVIDIA GeForce RTX 5060, 591.86, P8, 31, 1, 821, 8151, 9.06, 145.00, 232, 405, 1, 8
2026-09-07T19:56:10.6685420+07:00,2026/09/07 19:56:10.713, NVIDIA GeForce RTX 5060, 591.86, P8, 31, 2, 821, 8151, 9.20, 145.00, 225, 405, 1, 8
2026-09-07T19:56:15.7296297+07:00,2026/09/07 19:56:15.759, NVIDIA GeForce RTX 5060, 591.86, P8, 31, 1, 821, 8151, 9.16, 145.00, 232, 405, 1, 8
2026-09-07T19:56:20.8154163+07:00,2026/09/07 19:56:20.861, NVIDIA GeForce RTX 5060, 591.86, P8, 31, 2, 821, 8151, 9.10, 145.00, 232, 405, 1, 8
2026-09-07T19:56:25.8819527+07:00,2026/09/07 19:56:25.926, NVIDIA GeForce RTX 5060, 591.86, P8, 31, 2, 821, 8151, 9.11, 145.00, 232, 405, 1, 8
2026-09-07T19:56:30.9364090+07:00,2026/09/07 19:56:30.981, NVIDIA GeForce RTX 5060, 591.86, P8, 31, 1, 832, 8151, 9.47, 145.00, 270, 405, 1, 8
2026-09-07T19:56:36.0015440+07:00,2026/09/07 19:56:36.046, NVIDIA GeForce RTX 5060, 591.86, P8, 31, 2, 865, 8151, 10.05, 145.00, 232, 405, 1, 8
2026-09-07T19:56:41.0639333+07:00,2026/09/07 19:56:41.093, NVIDIA GeForce RTX 5060, 591.86, P8, 31, 0, 860, 8151, 8.87, 145.00, 210, 405, 1, 8
2026-09-07T19:56:46.1143724+07:00,2026/09/07 19:56:46.144, NVIDIA GeForce RTX 5060, 591.86, P8, 31, 4, 851, 8151, 9.48, 145.00, 360, 405, 1, 8
2026-09-07T19:56:51.2057290+07:00,2026/09/07 19:56:51.237, NVIDIA GeForce RTX 5060, 591.86, P8, 31, 4, 841, 8151, 9.04, 145.00, 232, 405, 1, 8
2026-09-07T19:56:56.2474505+07:00,2026/09/07 19:56:56.277, NVIDIA GeForce RTX 5060, 591.86, P8, 31, 0, 838, 8151, 9.10, 145.00, 210, 405, 1, 8
2026-09-07T19:57:01.2917891+07:00,2026/09/07 19:57:01.322, NVIDIA GeForce RTX 5060, 591.86, P8, 31, 0, 833, 8151, 8.99, 145.00, 360, 405, 1, 8
2026-09-07T19:57:06.3357853+07:00,2026/09/07 19:57:06.381, NVIDIA GeForce RTX 5060, 591.86, P0, 31, 0, 913, 8151, 11.62, 145.00, 255, 14201, 4, 8
2026-09-07T19:57:11.3967934+07:00,2026/09/07 19:57:11.442, NVIDIA GeForce RTX 5060, 591.86, P5, 31, 0, 819, 8151, 18.08, 145.00, 615, 810, 2, 8
2026-09-07T19:57:16.4594386+07:00,2026/09/07 19:57:16.505, NVIDIA GeForce RTX 5060, 591.86, P8, 31, 0, 819, 8151, 8.99, 145.00, 450, 405, 1, 8
2026-09-07T19:57:21.5652983+07:00,2026/09/07 19:57:21.596, NVIDIA GeForce RTX 5060, 591.86, P8, 31, 0, 819, 8151, 8.84, 145.00, 390, 405, 1, 8
2026-09-07T19:57:26.6159563+07:00,2026/09/07 19:57:26.661, NVIDIA GeForce RTX 5060, 591.86, P8, 31, 0, 819, 8151, 9.00, 145.00, 450, 405, 1, 8
2026-09-07T19:57:31.6720406+07:00,2026/09/07 19:57:31.702, NVIDIA GeForce RTX 5060, 591.86, P8, 31, 0, 819, 8151, 9.10, 145.00, 450, 405, 1, 8
2026-09-07T19:57:36.7216520+07:00,2026/09/07 19:57:36.767, NVIDIA GeForce RTX 5060, 591.86, P8, 31, 0, 819, 8151, 8.99, 145.00, 435, 405, 1, 8
2026-09-07T19:57:41.7840845+07:00,2026/09/07 19:57:41.814, NVIDIA GeForce RTX 5060, 591.86, P8, 31, 0, 819, 8151, 8.91, 145.00, 435, 405, 1, 8
2026-09-07T19:57:46.8304954+07:00,2026/09/07 19:57:46.859, NVIDIA GeForce RTX 5060, 591.86, P8, 31, 0, 819, 8151, 9.04, 145.00, 465, 405, 1, 8
2026-09-07T19:57:51.9236134+07:00,2026/09/07 19:57:51.953, NVIDIA GeForce RTX 5060, 591.86, P8, 31, 0, 819, 8151, 8.92, 145.00, 450, 405, 1, 8
2026-09-07T19:57:56.9746447+07:00,2026/09/07 19:57:57.004, NVIDIA GeForce RTX 5060, 591.86, P8, 31, 0, 819, 8151, 9.01, 145.00, 450, 405, 1, 8
2026-09-07T19:58:02.0117288+07:00,2026/09/07 19:58:02.041, NVIDIA GeForce RTX 5060, 591.86, P8, 31, 0, 819, 8151, 9.04, 145.00, 457, 405, 1, 8
2026-09-07T19:58:07.0629214+07:00,2026/09/07 19:58:07.108, NVIDIA GeForce RTX 5060, 591.86, P8, 31, 0, 819, 8151, 8.91, 145.00, 435, 405, 1, 8
2026-09-07T19:58:12.1289022+07:00,2026/09/07 19:58:12.159, NVIDIA GeForce RTX 5060, 591.86, P8, 31, 1, 819, 8151, 9.09, 145.00, 480, 405, 1, 8
2026-09-07T19:58:17.1692016+07:00,2026/09/07 19:58:17.199, NVIDIA GeForce RTX 5060, 591.86, P8, 31, 0, 819, 8151, 9.03, 145.00, 480, 405, 1, 8
2026-09-07T19:58:22.2618583+07:00,2026/09/07 19:58:22.307, NVIDIA GeForce RTX 5060, 591.86, P8, 31, 0, 819, 8151, 9.07, 145.00, 442, 405, 1, 8
2026-09-07T19:58:27.3168047+07:00,2026/09/07 19:58:27.362, NVIDIA GeForce RTX 5060, 591.86, P8, 31, 1, 819, 8151, 9.13, 145.00, 487, 405, 1, 8
2026-09-07T19:58:32.3803920+07:00,2026/09/07 19:58:32.426, NVIDIA GeForce RTX 5060, 591.86, P8, 31, 0, 819, 8151, 9.09, 145.00, 487, 405, 1, 8
2026-09-07T19:58:37.4416896+07:00,2026/09/07 19:58:37.472, NVIDIA GeForce RTX 5060, 591.86, P8, 31, 1, 819, 8151, 9.15, 145.00, 487, 405, 1, 8
2026-09-07T19:58:42.4899546+07:00,2026/09/07 19:58:42.521, NVIDIA GeForce RTX 5060, 591.86, P8, 31, 0, 819, 8151, 9.04, 145.00, 472, 405, 1, 8
2026-09-07T19:58:47.5284080+07:00,2026/09/07 19:58:47.559, NVIDIA GeForce RTX 5060, 591.86, P8, 31, 0, 819, 8151, 9.15, 145.00, 495, 405, 1, 8
2026-09-07T19:58:52.6268067+07:00,2026/09/07 19:58:52.657, NVIDIA GeForce RTX 5060, 591.86, P8, 31, 0, 819, 8151, 9.06, 145.00, 465, 405, 1, 8
2026-09-07T19:58:57.6728877+07:00,2026/09/07 19:58:57.718, NVIDIA GeForce RTX 5060, 591.86, P8, 31, 0, 819, 8151, 9.14, 145.00, 480, 405, 1, 8
2026-09-07T19:59:02.7359285+07:00,2026/09/07 19:59:02.780, NVIDIA GeForce RTX 5060, 591.86, P8, 31, 1, 819, 8151, 8.97, 145.00, 472, 405, 1, 8
2026-09-07T19:59:07.8037268+07:00,2026/09/07 19:59:07.834, NVIDIA GeForce RTX 5060, 591.86, P8, 31, 1, 819, 8151, 9.01, 145.00, 442, 405, 1, 8
2026-09-07T19:59:12.8524971+07:00,2026/09/07 19:59:12.882, NVIDIA GeForce RTX 5060, 591.86, P8, 31, 0, 819, 8151, 8.98, 145.00, 480, 405, 1, 8
2026-09-07T19:59:17.8901021+07:00,2026/09/07 19:59:17.919, NVIDIA GeForce RTX 5060, 591.86, P8, 31, 1, 819, 8151, 9.03, 145.00, 480, 405, 1, 8
2026-09-07T19:59:22.9847765+07:00,2026/09/07 19:59:23.030, NVIDIA GeForce RTX 5060, 591.86, P8, 31, 0, 819, 8151, 8.87, 145.00, 472, 405, 1, 8
2026-09-07T19:59:28.0556496+07:00,2026/09/07 19:59:28.099, NVIDIA GeForce RTX 5060, 591.86, P8, 31, 0, 819, 8151, 9.01, 145.00, 472, 405, 1, 8
2026-09-07T19:59:33.1124502+07:00,2026/09/07 19:59:33.142, NVIDIA GeForce RTX 5060, 591.86, P8, 31, 0, 819, 8151, 9.01, 145.00, 472, 405, 1, 8
2026-09-07T19:59:38.1621046+07:00,2026/09/07 19:59:38.208, NVIDIA GeForce RTX 5060, 591.86, P8, 31, 0, 819, 8151, 8.86, 145.00, 465, 405, 1, 8
2026-09-07T19:59:43.2227926+07:00,2026/09/07 19:59:43.252, NVIDIA GeForce RTX 5060, 591.86, P8, 31, 0, 819, 8151, 8.98, 145.00, 487, 405, 1, 8
2026-09-07T19:59:48.2749189+07:00,2026/09/07 19:59:48.319, NVIDIA GeForce RTX 5060, 591.86, P8, 31, 0, 819, 8151, 8.98, 145.00, 472, 405, 1, 8
2026-09-07T19:59:53.3733905+07:00,2026/09/07 19:59:53.417, NVIDIA GeForce RTX 5060, 591.86, P8, 31, 0, 819, 8151, 8.99, 145.00, 472, 405, 1, 8
2026-09-07T19:59:58.4353798+07:00,2026/09/07 19:59:58.480, NVIDIA GeForce RTX 5060, 591.86, P8, 31, 0, 819, 8151, 8.95, 145.00, 472, 405, 1, 8
2026-09-07T20:00:03.5005223+07:00,2026/09/07 20:00:03.546, NVIDIA GeForce RTX 5060, 591.86, P8, 31, 0, 819, 8151, 8.98, 145.00, 480, 405, 1, 8
2026-09-07T20:00:08.5590070+07:00,2026/09/07 20:00:08.588, NVIDIA GeForce RTX 5060, 591.86, P8, 31, 0, 819, 8151, 9.04, 145.00, 465, 405, 1, 8
2026-09-07T20:00:13.6077571+07:00,2026/09/07 20:00:13.638, NVIDIA GeForce RTX 5060, 591.86, P8, 31, 0, 819, 8151, 9.03, 145.00, 487, 405, 1, 8
2026-09-07T20:00:18.6575909+07:00,2026/09/07 20:00:18.703, NVIDIA GeForce RTX 5060, 591.86, P8, 31, 0, 819, 8151, 9.03, 145.00, 472, 405, 1, 8
2026-09-07T20:00:23.7690532+07:00,2026/09/07 20:00:23.814, NVIDIA GeForce RTX 5060, 591.86, P8, 31, 0, 819, 8151, 9.00, 145.00, 472, 405, 1, 8
2026-09-07T20:00:28.8337549+07:00,2026/09/07 20:00:28.878, NVIDIA GeForce RTX 5060, 591.86, P8, 31, 0, 819, 8151, 8.87, 145.00, 480, 405, 1, 8
2026-09-07T20:00:33.8951211+07:00,2026/09/07 20:00:33.925, NVIDIA GeForce RTX 5060, 591.86, P8, 31, 0, 819, 8151, 8.90, 145.00, 472, 405, 1, 8
2026-09-07T20:00:38.9414611+07:00,2026/09/07 20:00:38.987, NVIDIA GeForce RTX 5060, 591.86, P8, 31, 0, 819, 8151, 9.06, 145.00, 465, 405, 1, 8
2026-09-07T20:00:43.9949720+07:00,2026/09/07 20:00:44.040, NVIDIA GeForce RTX 5060, 591.86, P8, 31, 0, 819, 8151, 8.99, 145.00, 465, 405, 1, 8
2026-09-07T20:00:49.0572757+07:00,2026/09/07 20:00:49.101, NVIDIA GeForce RTX 5060, 591.86, P8, 31, 0, 819, 8151, 9.07, 145.00, 472, 405, 1, 8
2026-09-07T20:00:54.1663197+07:00,2026/09/07 20:00:54.211, NVIDIA GeForce RTX 5060, 591.86, P8, 31, 0, 819, 8151, 9.10, 145.00, 465, 405, 1, 8
2026-09-07T20:00:59.2276065+07:00,2026/09/07 20:00:59.273, NVIDIA GeForce RTX 5060, 591.86, P8, 31, 0, 819, 8151, 9.05, 145.00, 472, 405, 1, 8
2026-09-07T20:01:04.2962747+07:00,2026/09/07 20:01:04.341, NVIDIA GeForce RTX 5060, 591.86, P8, 31, 0, 825, 8151, 8.95, 145.00, 472, 405, 1, 8
2026-09-07T20:01:09.3508298+07:00,2026/09/07 20:01:09.381, NVIDIA GeForce RTX 5060, 591.86, P8, 31, 0, 823, 8151, 9.06, 145.00, 480, 405, 1, 8
2026-09-07T20:01:14.3960988+07:00,2026/09/07 20:01:14.441, NVIDIA GeForce RTX 5060, 591.86, P8, 31, 0, 823, 8151, 9.03, 145.00, 472, 405, 1, 8
2026-09-07T20:01:19.4619679+07:00,2026/09/07 20:01:19.507, NVIDIA GeForce RTX 5060, 591.86, P8, 31, 0, 823, 8151, 9.10, 145.00, 457, 405, 1, 8
2026-09-07T20:01:24.5729181+07:00,2026/09/07 20:01:24.602, NVIDIA GeForce RTX 5060, 591.86, P8, 31, 0, 823, 8151, 9.01, 145.00, 472, 405, 1, 8
2026-09-07T20:01:29.6232806+07:00,2026/09/07 20:01:29.668, NVIDIA GeForce RTX 5060, 591.86, P8, 31, 0, 823, 8151, 9.05, 145.00, 465, 405, 1, 8
2026-09-07T20:01:34.6869411+07:00,2026/09/07 20:01:34.731, NVIDIA GeForce RTX 5060, 591.86, P8, 31, 0, 823, 8151, 9.10, 145.00, 472, 405, 1, 8
2026-09-07T20:01:39.7474872+07:00,2026/09/07 20:01:39.778, NVIDIA GeForce RTX 5060, 591.86, P8, 31, 0, 823, 8151, 9.07, 145.00, 397, 405, 1, 8
2026-09-07T20:01:44.7942858+07:00,2026/09/07 20:01:44.838, NVIDIA GeForce RTX 5060, 591.86, P8, 31, 0, 823, 8151, 9.02, 145.00, 457, 405, 1, 8
2026-09-07T20:01:49.8552395+07:00,2026/09/07 20:01:49.886, NVIDIA GeForce RTX 5060, 591.86, P8, 31, 0, 823, 8151, 8.97, 145.00, 472, 405, 1, 8
2026-09-07T20:01:54.9519709+07:00,2026/09/07 20:01:54.997, NVIDIA GeForce RTX 5060, 591.86, P8, 31, 0, 823, 8151, 8.99, 145.00, 480, 405, 1, 8
2026-09-07T20:02:00.0180430+07:00,2026/09/07 20:02:00.048, NVIDIA GeForce RTX 5060, 591.86, P8, 31, 0, 823, 8151, 8.93, 145.00, 472, 405, 1, 8
2026-09-07T20:02:05.0582204+07:00,2026/09/07 20:02:05.103, NVIDIA GeForce RTX 5060, 591.86, P8, 31, 0, 823, 8151, 8.98, 145.00, 472, 405, 1, 8
2026-09-07T20:02:10.1239006+07:00,2026/09/07 20:02:10.169, NVIDIA GeForce RTX 5060, 591.86, P8, 31, 0, 823, 8151, 9.10, 145.00, 465, 405, 1, 8
2026-09-07T20:02:15.1855566+07:00,2026/09/07 20:02:15.231, NVIDIA GeForce RTX 5060, 591.86, P8, 31, 0, 823, 8151, 9.08, 145.00, 487, 405, 1, 8
2026-09-07T20:02:20.2567696+07:00,2026/09/07 20:02:20.287, NVIDIA GeForce RTX 5060, 591.86, P8, 31, 0, 833, 8151, 9.21, 145.00, 457, 405, 1, 8
2026-09-07T20:02:25.3584021+07:00,2026/09/07 20:02:25.404, NVIDIA GeForce RTX 5060, 591.86, P8, 31, 0, 825, 8151, 9.26, 145.00, 457, 405, 1, 8
2026-09-07T20:02:30.4267597+07:00,2026/09/07 20:02:30.456, NVIDIA GeForce RTX 5060, 591.86, P8, 31, 0, 825, 8151, 9.23, 145.00, 442, 405, 1, 8
2026-09-07T20:02:35.4780829+07:00,2026/09/07 20:02:35.523, NVIDIA GeForce RTX 5060, 591.86, P8, 31, 0, 825, 8151, 9.11, 145.00, 427, 405, 1, 8
2026-09-07T20:02:40.5421915+07:00,2026/09/07 20:02:40.588, NVIDIA GeForce RTX 5060, 591.86, P8, 31, 0, 825, 8151, 9.27, 145.00, 442, 405, 1, 8
2026-09-07T20:02:45.6077440+07:00,2026/09/07 20:02:45.638, NVIDIA GeForce RTX 5060, 591.86, P8, 31, 0, 833, 8151, 9.05, 145.00, 442, 405, 1, 8
2026-09-07T20:02:50.6498905+07:00,2026/09/07 20:02:50.695, NVIDIA GeForce RTX 5060, 591.86, P8, 31, 0, 823, 8151, 9.10, 145.00, 420, 405, 1, 8
2026-09-07T20:02:55.7616530+07:00,2026/09/07 20:02:55.792, NVIDIA GeForce RTX 5060, 591.86, P8, 31, 0, 822, 8151, 9.12, 145.00, 435, 405, 1, 8
2026-09-07T20:03:00.8097370+07:00,2026/09/07 20:03:00.855, NVIDIA GeForce RTX 5060, 591.86, P8, 31, 0, 822, 8151, 9.19, 145.00, 465, 405, 1, 8
2026-09-07T20:03:05.8793907+07:00,2026/09/07 20:03:05.924, NVIDIA GeForce RTX 5060, 591.86, P8, 31, 0, 822, 8151, 9.18, 145.00, 450, 405, 1, 8
2026-09-07T20:03:10.9452684+07:00,2026/09/07 20:03:10.990, NVIDIA GeForce RTX 5060, 591.86, P8, 31, 0, 822, 8151, 9.08, 145.00, 442, 405, 1, 8
2026-09-07T20:03:15.9993197+07:00,2026/09/07 20:03:16.029, NVIDIA GeForce RTX 5060, 591.86, P8, 31, 0, 822, 8151, 9.04, 145.00, 442, 405, 1, 8
2026-09-07T20:03:21.0386234+07:00,2026/09/07 20:03:21.084, NVIDIA GeForce RTX 5060, 591.86, P8, 30, 0, 833, 8151, 9.15, 145.00, 420, 405, 1, 8
2026-09-07T20:03:26.1498742+07:00,2026/09/07 20:03:26.195, NVIDIA GeForce RTX 5060, 591.86, P8, 31, 0, 822, 8151, 9.13, 145.00, 465, 405, 1, 8
2026-09-07T20:03:31.2141587+07:00,2026/09/07 20:03:31.244, NVIDIA GeForce RTX 5060, 591.86, P8, 31, 0, 822, 8151, 9.00, 145.00, 465, 405, 1, 8
2026-09-07T20:03:36.2659608+07:00,2026/09/07 20:03:36.311, NVIDIA GeForce RTX 5060, 591.86, P8, 31, 0, 822, 8151, 9.12, 145.00, 480, 405, 1, 8
2026-09-07T20:03:41.3287528+07:00,2026/09/07 20:03:41.374, NVIDIA GeForce RTX 5060, 591.86, P8, 31, 0, 822, 8151, 9.07, 145.00, 465, 405, 1, 8
2026-09-07T20:03:46.3951037+07:00,2026/09/07 20:03:46.441, NVIDIA GeForce RTX 5060, 591.86, P8, 30, 0, 822, 8151, 9.07, 145.00, 472, 405, 1, 8
2026-09-07T20:03:51.4611701+07:00,2026/09/07 20:03:51.505, NVIDIA GeForce RTX 5060, 591.86, P8, 31, 0, 822, 8151, 9.07, 145.00, 480, 405, 1, 8
2026-09-07T20:03:56.5580704+07:00,2026/09/07 20:03:56.603, NVIDIA GeForce RTX 5060, 591.86, P8, 31, 0, 822, 8151, 9.04, 145.00, 472, 405, 1, 8
2026-09-07T20:04:01.6263723+07:00,2026/09/07 20:04:01.656, NVIDIA GeForce RTX 5060, 591.86, P8, 31, 0, 822, 8151, 9.07, 145.00, 487, 405, 1, 8
2026-09-07T20:04:06.6765922+07:00,2026/09/07 20:04:06.721, NVIDIA GeForce RTX 5060, 591.86, P8, 31, 0, 822, 8151, 8.93, 145.00, 450, 405, 1, 8
2026-09-07T20:04:11.7313778+07:00,2026/09/07 20:04:11.776, NVIDIA GeForce RTX 5060, 591.86, P8, 31, 0, 822, 8151, 9.01, 145.00, 465, 405, 1, 8
2026-09-07T20:04:16.7846856+07:00,2026/09/07 20:04:16.829, NVIDIA GeForce RTX 5060, 591.86, P8, 30, 0, 822, 8151, 9.05, 145.00, 472, 405, 1, 8
2026-09-07T20:04:21.8550264+07:00,2026/09/07 20:04:21.900, NVIDIA GeForce RTX 5060, 591.86, P8, 30, 0, 822, 8151, 9.02, 145.00, 480, 405, 1, 8
2026-09-07T20:04:26.9536188+07:00,2026/09/07 20:04:26.999, NVIDIA GeForce RTX 5060, 591.86, P8, 31, 1, 833, 8151, 9.15, 145.00, 495, 405, 1, 8
2026-09-07T20:04:32.0064166+07:00,2026/09/07 20:04:32.051, NVIDIA GeForce RTX 5060, 591.86, P8, 31, 1, 830, 8151, 9.30, 145.00, 502, 405, 1, 8
2026-09-07T20:04:37.0660011+07:00,2026/09/07 20:04:37.110, NVIDIA GeForce RTX 5060, 591.86, P8, 31, 0, 822, 8151, 8.99, 145.00, 480, 405, 1, 8
2026-09-07T20:04:42.1273824+07:00,2026/09/07 20:04:42.172, NVIDIA GeForce RTX 5060, 591.86, P8, 31, 0, 825, 8151, 8.89, 145.00, 210, 405, 1, 8
2026-09-07T20:04:47.1884341+07:00,2026/09/07 20:04:47.218, NVIDIA GeForce RTX 5060, 591.86, P8, 31, 0, 822, 8151, 8.91, 145.00, 210, 405, 1, 8
2026-09-07T20:04:52.2253143+07:00,2026/09/07 20:04:52.256, NVIDIA GeForce RTX 5060, 591.86, P8, 31, 2, 833, 8151, 9.19, 145.00, 330, 405, 1, 8
2026-09-07T20:04:57.3083684+07:00,2026/09/07 20:04:57.339, NVIDIA GeForce RTX 5060, 591.86, P8, 30, 0, 833, 8151, 9.06, 145.00, 210, 405, 1, 8
2026-09-07T20:05:02.3592127+07:00,2026/09/07 20:05:02.404, NVIDIA GeForce RTX 5060, 591.86, P8, 31, 0, 825, 8151, 9.06, 145.00, 210, 405, 1, 8
2026-09-07T20:05:07.4219043+07:00,2026/09/07 20:05:07.467, NVIDIA GeForce RTX 5060, 591.86, P8, 30, 0, 825, 8151, 8.98, 145.00, 210, 405, 1, 8
2026-09-07T20:05:12.4885781+07:00,2026/09/07 20:05:12.519, NVIDIA GeForce RTX 5060, 591.86, P8, 31, 2, 905, 8151, 12.34, 145.00, 472, 405, 1, 8
2026-09-07T20:05:17.5304162+07:00,2026/09/07 20:05:17.561, NVIDIA GeForce RTX 5060, 591.86, P0, 32, 0, 707, 8151, 23.78, 145.00, 2535, 14201, 4, 8
