recorded_at,nvidia_timestamp,name,driver_version,pstate,temperature_c,gpu_util_percent,memory_used_mib,memory_total_mib,power_w,power_limit_w,graphics_clock_mhz,memory_clock_mhz,pcie_generation,pcie_width
2026-09-04T08:34:09.0713615+07:00,2026/09/04 08:34:09.138, NVIDIA GeForce RTX 5060, 591.86, P0, 30, 0, 250, 8151, 23.46, 145.00, 2527, 14201, 4, 8
2026-09-04T08:34:15.5920555+07:00,2026/09/04 08:34:15.623, NVIDIA GeForce RTX 5060, 591.86, P5, 30, 1, 292, 8151, 21.29, 145.00, 2542, 810, 2, 8
2026-09-04T08:34:20.6271953+07:00,2026/09/04 08:34:20.658, NVIDIA GeForce RTX 5060, 591.86, P8, 29, 9, 297, 8151, 10.36, 145.00, 570, 405, 1, 8
2026-09-04T08:34:25.7217266+07:00,2026/09/04 08:34:25.752, NVIDIA GeForce RTX 5060, 591.86, P8, 29, 3, 295, 8151, 10.70, 145.00, 487, 405, 1, 8
2026-09-04T08:34:30.7736097+07:00,2026/09/04 08:34:30.804, NVIDIA GeForce RTX 5060, 591.86, P8, 29, 1, 293, 8151, 9.23, 145.00, 495, 405, 1, 8
2026-09-04T08:34:35.8408394+07:00,2026/09/04 08:34:35.871, NVIDIA GeForce RTX 5060, 591.86, P8, 29, 2, 296, 8151, 9.05, 145.00, 232, 405, 1, 8
2026-09-04T08:34:40.9078743+07:00,2026/09/04 08:34:40.938, NVIDIA GeForce RTX 5060, 591.86, P8, 29, 1, 296, 8151, 8.74, 145.00, 232, 405, 1, 8
2026-09-04T08:34:46.0070030+07:00,2026/09/04 08:34:46.038, NVIDIA GeForce RTX 5060, 591.86, P0, 30, 0, 307, 8151, 23.03, 145.00, 2550, 14201, 2, 8
2026-09-04T08:34:51.0596963+07:00,2026/09/04 08:34:51.090, NVIDIA GeForce RTX 5060, 591.86, P0, 30, 0, 327, 8151, 23.05, 145.00, 2542, 14201, 4, 8
2026-09-04T08:34:56.3278913+07:00,2026/09/04 08:34:56.358, NVIDIA GeForce RTX 5060, 591.86, P8, 29, 0, 327, 8151, 9.36, 145.00, 382, 405, 1, 8
2026-09-04T08:35:01.3910561+07:00,2026/09/04 08:35:01.422, NVIDIA GeForce RTX 5060, 591.86, P0, 30, 0, 365, 8151, 23.13, 145.00, 2557, 14201, 4, 8
2026-09-04T08:35:06.4733351+07:00,2026/09/04 08:35:06.504, NVIDIA GeForce RTX 5060, 591.86, P0, 31, 0, 438, 8151, 22.87, 145.00, 2527, 14201, 4, 8
2026-09-04T08:35:11.5264478+07:00,2026/09/04 08:35:11.557, NVIDIA GeForce RTX 5060, 591.86, P0, 31, 0, 440, 8151, 21.97, 145.00, 2527, 14201, 4, 8
2026-09-04T08:35:17.2148633+07:00,2026/09/04 08:35:17.245, NVIDIA GeForce RTX 5060, 591.86, P8, 29, 0, 421, 8151, 9.47, 145.00, 412, 405, 1, 8
2026-09-04T08:35:22.2666539+07:00,2026/09/04 08:35:22.297, NVIDIA GeForce RTX 5060, 591.86, P8, 29, 0, 426, 8151, 9.44, 145.00, 277, 405, 1, 8
2026-09-04T08:35:27.3053806+07:00,2026/09/04 08:35:27.336, NVIDIA GeForce RTX 5060, 591.86, P8, 29, 2, 459, 8151, 9.64, 145.00, 322, 405, 1, 8
2026-09-04T08:35:32.3431546+07:00,2026/09/04 08:35:32.373, NVIDIA GeForce RTX 5060, 591.86, P5, 30, 2, 515, 8151, 12.66, 145.00, 592, 810, 2, 8
2026-09-04T08:35:37.3953302+07:00,2026/09/04 08:35:37.488, NVIDIA GeForce RTX 5060, 591.86, P0, 31, 1, 662, 8151, 23.17, 145.00, 2535, 14201, 4, 8
2026-09-04T08:35:42.5723297+07:00,2026/09/04 08:35:42.603, NVIDIA GeForce RTX 5060, 591.86, P0, 31, 2, 812, 8151, 23.52, 145.00, 2587, 14201, 4, 8
2026-09-04T08:35:47.6718437+07:00,2026/09/04 08:35:47.702, NVIDIA GeForce RTX 5060, 591.86, P8, 30, 3, 583, 8151, 10.19, 145.00, 480, 405, 1, 8
2026-09-04T08:35:52.7248461+07:00,2026/09/04 08:35:52.755, NVIDIA GeForce RTX 5060, 591.86, P8, 29, 1, 583, 8151, 10.06, 145.00, 540, 405, 1, 8
2026-09-04T08:35:57.7775806+07:00,2026/09/04 08:35:57.808, NVIDIA GeForce RTX 5060, 591.86, P8, 29, 1, 583, 8151, 9.92, 145.00, 495, 405, 1, 8
2026-09-04T08:36:02.8304665+07:00,2026/09/04 08:36:02.861, NVIDIA GeForce RTX 5060, 591.86, P8, 29, 1, 583, 8151, 9.88, 145.00, 487, 405, 1, 8
2026-09-04T08:36:07.8805365+07:00,2026/09/04 08:36:07.911, NVIDIA GeForce RTX 5060, 591.86, P5, 30, 1, 580, 8151, 17.93, 145.00, 772, 810, 2, 8
2026-09-04T08:36:12.9181259+07:00,2026/09/04 08:36:12.949, NVIDIA GeForce RTX 5060, 591.86, P8, 29, 1, 580, 8151, 9.99, 145.00, 472, 405, 1, 8
2026-09-04T08:36:18.0331447+07:00,2026/09/04 08:36:18.064, NVIDIA GeForce RTX 5060, 591.86, P8, 29, 1, 580, 8151, 9.87, 145.00, 480, 405, 1, 8
2026-09-04T08:36:23.0861442+07:00,2026/09/04 08:36:23.117, NVIDIA GeForce RTX 5060, 591.86, P8, 29, 7, 580, 8151, 9.96, 145.00, 472, 405, 1, 8
2026-09-04T08:36:28.1383358+07:00,2026/09/04 08:36:28.169, NVIDIA GeForce RTX 5060, 591.86, P8, 29, 1, 580, 8151, 9.83, 145.00, 465, 405, 1, 8
2026-09-04T08:36:33.1913560+07:00,2026/09/04 08:36:33.222, NVIDIA GeForce RTX 5060, 591.86, P8, 29, 1, 580, 8151, 9.86, 145.00, 480, 405, 1, 8
2026-09-04T08:36:38.2443534+07:00,2026/09/04 08:36:38.275, NVIDIA GeForce RTX 5060, 591.86, P8, 29, 1, 578, 8151, 10.06, 145.00, 472, 405, 1, 8
2026-09-04T08:36:43.2970460+07:00,2026/09/04 08:36:43.328, NVIDIA GeForce RTX 5060, 591.86, P8, 29, 1, 572, 8151, 10.05, 145.00, 487, 405, 4, 8
2026-09-04T08:36:48.4130486+07:00,2026/09/04 08:36:48.490, NVIDIA GeForce RTX 5060, 591.86, P5, 29, 1, 578, 8151, 10.26, 145.00, 562, 810, 1, 8
2026-09-04T08:36:53.5115659+07:00,2026/09/04 08:36:53.542, NVIDIA GeForce RTX 5060, 591.86, P8, 29, 1, 578, 8151, 10.09, 145.00, 495, 405, 1, 8
2026-09-04T08:36:58.5490664+07:00,2026/09/04 08:36:58.580, NVIDIA GeForce RTX 5060, 591.86, P8, 29, 1, 578, 8151, 9.78, 145.00, 480, 405, 1, 8
2026-09-04T08:37:03.5865788+07:00,2026/09/04 08:37:03.618, NVIDIA GeForce RTX 5060, 591.86, P5, 30, 1, 581, 8151, 12.61, 145.00, 660, 810, 2, 8
2026-09-04T08:37:08.6396869+07:00,2026/09/04 08:37:08.670, NVIDIA GeForce RTX 5060, 591.86, P5, 30, 1, 579, 8151, 12.41, 145.00, 652, 810, 2, 8
2026-09-04T08:37:13.6927049+07:00,2026/09/04 08:37:13.723, NVIDIA GeForce RTX 5060, 591.86, P8, 29, 1, 579, 8151, 9.82, 145.00, 465, 405, 1, 8
2026-09-04T08:37:18.8077029+07:00,2026/09/04 08:37:18.838, NVIDIA GeForce RTX 5060, 591.86, P8, 29, 1, 579, 8151, 9.98, 145.00, 495, 405, 1, 8
2026-09-04T08:37:23.8452224+07:00,2026/09/04 08:37:23.922, NVIDIA GeForce RTX 5060, 591.86, P8, 29, 1, 579, 8151, 9.88, 145.00, 480, 405, 1, 8
2026-09-04T08:37:28.9447231+07:00,2026/09/04 08:37:29.394, NVIDIA GeForce RTX 5060, 591.86, P8, 29, 2, 583, 8151, 10.04, 145.00, 502, 405, 1, 8
2026-09-04T08:37:34.4627347+07:00,2026/09/04 08:37:34.493, NVIDIA GeForce RTX 5060, 591.86, P8, 29, 1, 579, 8151, 9.81, 145.00, 487, 405, 1, 8
2026-09-04T08:37:39.5151637+07:00,2026/09/04 08:37:39.546, NVIDIA GeForce RTX 5060, 591.86, P5, 30, 1, 664, 8151, 12.38, 145.00, 727, 810, 2, 8
2026-09-04T08:37:44.5526780+07:00,2026/09/04 08:37:44.583, NVIDIA GeForce RTX 5060, 591.86, P8, 30, 19, 666, 8151, 10.49, 145.00, 862, 405, 4, 8
2026-09-04T08:37:49.6521786+07:00,2026/09/04 08:37:49.683, NVIDIA GeForce RTX 5060, 591.86, P5, 30, 1, 585, 8151, 13.11, 145.00, 637, 810, 2, 8
2026-09-04T08:37:54.6897916+07:00,2026/09/04 08:37:54.782, NVIDIA GeForce RTX 5060, 591.86, P8, 30, 1, 585, 8151, 9.82, 145.00, 487, 405, 1, 8
2026-09-04T08:37:59.8358400+07:00,2026/09/04 08:38:00.099, NVIDIA GeForce RTX 5060, 591.86, P8, 29, 1, 585, 8151, 9.71, 145.00, 480, 405, 1, 8
2026-09-04T08:38:05.1521062+07:00,2026/09/04 08:38:05.183, NVIDIA GeForce RTX 5060, 591.86, P0, 31, 1, 581, 8151, 22.91, 145.00, 2557, 14201, 4, 8
2026-09-04T08:38:10.2056044+07:00,2026/09/04 08:38:10.236, NVIDIA GeForce RTX 5060, 591.86, P8, 30, 1, 567, 8151, 9.83, 145.00, 472, 405, 1, 8
2026-09-04T08:38:15.2432145+07:00,2026/09/04 08:38:15.274, NVIDIA GeForce RTX 5060, 591.86, P8, 30, 3, 545, 8151, 9.81, 145.00, 502, 405, 1, 8
2026-09-04T08:38:20.3423205+07:00,2026/09/04 08:38:20.373, NVIDIA GeForce RTX 5060, 591.86, P8, 30, 2, 527, 8151, 9.77, 145.00, 525, 405, 1, 8
2026-09-04T08:38:25.3949731+07:00,2026/09/04 08:38:25.425, NVIDIA GeForce RTX 5060, 591.86, P8, 30, 12, 539, 8151, 11.08, 145.00, 712, 405, 1, 8
2026-09-04T08:38:30.4465370+07:00,2026/09/04 08:38:30.477, NVIDIA GeForce RTX 5060, 591.86, P8, 29, 2, 539, 8151, 9.72, 145.00, 480, 405, 1, 8
2026-09-04T08:38:35.4993705+07:00,2026/09/04 08:38:35.530, NVIDIA GeForce RTX 5060, 591.86, P8, 29, 7, 524, 8151, 9.90, 145.00, 510, 405, 1, 8
2026-09-04T08:38:40.5379407+07:00,2026/09/04 08:38:40.568, NVIDIA GeForce RTX 5060, 591.86, P8, 30, 7, 528, 8151, 10.48, 145.00, 592, 405, 1, 8
2026-09-04T08:38:45.5757186+07:00,2026/09/04 08:38:45.606, NVIDIA GeForce RTX 5060, 591.86, P0, 31, 1, 553, 8151, 23.12, 145.00, 2565, 14201, 4, 8
2026-09-04T08:38:50.6752186+07:00,2026/09/04 08:38:50.706, NVIDIA GeForce RTX 5060, 591.86, P5, 30, 7, 527, 8151, 12.25, 145.00, 735, 810, 2, 8
2026-09-04T08:38:55.7272978+07:00,2026/09/04 08:38:55.758, NVIDIA GeForce RTX 5060, 591.86, P8, 29, 1, 392, 8151, 9.67, 145.00, 442, 405, 1, 8
2026-09-04T08:39:00.7651120+07:00,2026/09/04 08:39:00.796, NVIDIA GeForce RTX 5060, 591.86, P0, 31, 1, 407, 8151, 23.70, 145.00, 2557, 14201, 4, 8
2026-09-04T08:39:05.8178125+07:00,2026/09/04 08:39:05.848, NVIDIA GeForce RTX 5060, 591.86, P8, 30, 1, 410, 8151, 10.27, 145.00, 450, 405, 1, 8
2026-09-04T08:39:10.8706194+07:00,2026/09/04 08:39:10.901, NVIDIA GeForce RTX 5060, 591.86, P8, 29, 1, 410, 8151, 9.64, 145.00, 450, 405, 1, 8
2026-09-04T08:39:15.9081669+07:00,2026/09/04 08:39:15.939, NVIDIA GeForce RTX 5060, 591.86, P8, 29, 1, 410, 8151, 9.84, 145.00, 450, 405, 1, 8
2026-09-04T08:39:21.0063538+07:00,2026/09/04 08:39:21.037, NVIDIA GeForce RTX 5060, 591.86, P8, 29, 1, 410, 8151, 9.96, 145.00, 450, 405, 1, 8
2026-09-04T08:39:26.0592054+07:00,2026/09/04 08:39:26.090, NVIDIA GeForce RTX 5060, 591.86, P8, 29, 1, 410, 8151, 9.71, 145.00, 450, 405, 1, 8
2026-09-04T08:39:31.0971211+07:00,2026/09/04 08:39:31.128, NVIDIA GeForce RTX 5060, 591.86, P8, 29, 1, 410, 8151, 9.74, 145.00, 442, 405, 1, 8
2026-09-04T08:39:36.1495117+07:00,2026/09/04 08:39:36.180, NVIDIA GeForce RTX 5060, 591.86, P8, 29, 1, 410, 8151, 10.05, 145.00, 450, 405, 1, 8
2026-09-04T08:39:41.1870240+07:00,2026/09/04 08:39:41.218, NVIDIA GeForce RTX 5060, 591.86, P8, 29, 2, 410, 8151, 9.83, 145.00, 502, 405, 1, 8
2026-09-04T08:39:46.2396898+07:00,2026/09/04 08:39:46.270, NVIDIA GeForce RTX 5060, 591.86, P8, 29, 1, 410, 8151, 9.60, 145.00, 450, 405, 1, 8
2026-09-04T08:39:51.3385165+07:00,2026/09/04 08:39:51.369, NVIDIA GeForce RTX 5060, 591.86, P8, 29, 1, 410, 8151, 9.89, 145.00, 457, 405, 1, 8
2026-09-04T08:39:56.3760967+07:00,2026/09/04 08:39:56.407, NVIDIA GeForce RTX 5060, 591.86, P8, 29, 3, 410, 8151, 9.80, 145.00, 510, 405, 1, 8
2026-09-04T08:40:01.4262460+07:00,2026/09/04 08:40:01.457, NVIDIA GeForce RTX 5060, 591.86, P8, 29, 1, 410, 8151, 9.72, 145.00, 450, 405, 1, 8
2026-09-04T08:40:06.4784289+07:00,2026/09/04 08:40:06.509, NVIDIA GeForce RTX 5060, 591.86, P8, 29, 1, 410, 8151, 10.07, 145.00, 450, 405, 1, 8
2026-09-04T08:40:11.5297297+07:00,2026/09/04 08:40:11.560, NVIDIA GeForce RTX 5060, 591.86, P8, 29, 1, 410, 8151, 9.67, 145.00, 457, 405, 1, 8
2026-09-04T08:40:16.5810639+07:00,2026/09/04 08:40:16.612, NVIDIA GeForce RTX 5060, 591.86, P8, 29, 1, 410, 8151, 9.73, 145.00, 457, 405, 1, 8
2026-09-04T08:40:21.6806615+07:00,2026/09/04 08:40:21.711, NVIDIA GeForce RTX 5060, 591.86, P8, 29, 1, 410, 8151, 10.04, 145.00, 450, 405, 1, 8
2026-09-04T08:40:26.7187573+07:00,2026/09/04 08:40:26.749, NVIDIA GeForce RTX 5060, 591.86, P8, 29, 1, 410, 8151, 10.10, 145.00, 562, 405, 1, 8
2026-09-04T08:40:31.7690391+07:00,2026/09/04 08:40:31.799, NVIDIA GeForce RTX 5060, 591.86, P8, 29, 1, 410, 8151, 9.60, 145.00, 450, 405, 1, 8
2026-09-04T08:40:36.8210815+07:00,2026/09/04 08:40:36.852, NVIDIA GeForce RTX 5060, 591.86, P8, 29, 1, 410, 8151, 9.55, 145.00, 442, 405, 1, 8
2026-09-04T08:40:41.8713118+07:00,2026/09/04 08:40:41.902, NVIDIA GeForce RTX 5060, 591.86, P8, 29, 11, 410, 8151, 9.92, 145.00, 555, 405, 1, 8
2026-09-04T08:40:46.9226897+07:00,2026/09/04 08:40:46.953, NVIDIA GeForce RTX 5060, 591.86, P8, 29, 1, 410, 8151, 9.66, 145.00, 450, 405, 1, 8
2026-09-04T08:40:52.0223017+07:00,2026/09/04 08:40:52.053, NVIDIA GeForce RTX 5060, 591.86, P8, 29, 1, 410, 8151, 9.85, 145.00, 465, 405, 1, 8
2026-09-04T08:40:57.0753155+07:00,2026/09/04 08:40:57.106, NVIDIA GeForce RTX 5060, 591.86, P0, 31, 1, 410, 8151, 23.75, 145.00, 2557, 14201, 2, 8
2026-09-04T08:41:02.1283151+07:00,2026/09/04 08:41:02.159, NVIDIA GeForce RTX 5060, 591.86, P8, 29, 1, 410, 8151, 10.04, 145.00, 472, 405, 4, 8
2026-09-04T08:41:07.1661158+07:00,2026/09/04 08:41:07.197, NVIDIA GeForce RTX 5060, 591.86, P5, 29, 1, 410, 8151, 10.89, 145.00, 525, 810, 2, 8
2026-09-04T08:41:12.2188586+07:00,2026/09/04 08:41:12.249, NVIDIA GeForce RTX 5060, 591.86, P8, 29, 1, 410, 8151, 9.92, 145.00, 472, 405, 1, 8
2026-09-04T08:41:17.2568767+07:00,2026/09/04 08:41:17.287, NVIDIA GeForce RTX 5060, 591.86, P8, 29, 1, 410, 8151, 9.87, 145.00, 480, 405, 1, 8
2026-09-04T08:41:22.3563772+07:00,2026/09/04 08:41:22.387, NVIDIA GeForce RTX 5060, 591.86, P8, 29, 1, 410, 8151, 9.89, 145.00, 465, 405, 1, 8
2026-09-04T08:41:27.3949563+07:00,2026/09/04 08:41:27.425, NVIDIA GeForce RTX 5060, 591.86, P8, 29, 1, 410, 8151, 9.91, 145.00, 480, 405, 1, 8
2026-09-04T08:41:32.4444242+07:00,2026/09/04 08:41:32.475, NVIDIA GeForce RTX 5060, 591.86, P8, 29, 1, 410, 8151, 10.00, 145.00, 457, 405, 1, 8
2026-09-04T08:41:37.4974078+07:00,2026/09/04 08:41:37.528, NVIDIA GeForce RTX 5060, 591.86, P8, 29, 1, 410, 8151, 9.98, 145.00, 480, 405, 1, 8
2026-09-04T08:41:42.5498848+07:00,2026/09/04 08:41:42.580, NVIDIA GeForce RTX 5060, 591.86, P8, 29, 1, 410, 8151, 9.93, 145.00, 480, 405, 1, 8
2026-09-04T08:41:47.6017535+07:00,2026/09/04 08:41:47.632, NVIDIA GeForce RTX 5060, 591.86, P8, 29, 1, 410, 8151, 9.94, 145.00, 472, 405, 1, 8
2026-09-04T08:41:52.7016960+07:00,2026/09/04 08:41:52.732, NVIDIA GeForce RTX 5060, 591.86, P8, 29, 1, 410, 8151, 9.79, 145.00, 450, 405, 1, 8
2026-09-04T08:41:57.7543119+07:00,2026/09/04 08:41:57.785, NVIDIA GeForce RTX 5060, 591.86, P8, 29, 1, 410, 8151, 9.82, 145.00, 450, 405, 1, 8
2026-09-04T08:42:02.8054542+07:00,2026/09/04 08:42:02.836, NVIDIA GeForce RTX 5060, 591.86, P8, 29, 1, 410, 8151, 9.73, 145.00, 465, 405, 1, 8
2026-09-04T08:42:07.8431466+07:00,2026/09/04 08:42:07.874, NVIDIA GeForce RTX 5060, 591.86, P8, 29, 1, 411, 8151, 9.78, 145.00, 465, 405, 1, 8
2026-09-04T08:42:12.8949703+07:00,2026/09/04 08:42:12.925, NVIDIA GeForce RTX 5060, 591.86, P8, 29, 1, 411, 8151, 9.81, 145.00, 480, 405, 1, 8
2026-09-04T08:42:17.9460137+07:00,2026/09/04 08:42:17.977, NVIDIA GeForce RTX 5060, 591.86, P8, 29, 1, 411, 8151, 9.79, 145.00, 450, 405, 1, 8
2026-09-04T08:42:23.0453811+07:00,2026/09/04 08:42:23.076, NVIDIA GeForce RTX 5060, 591.86, P8, 29, 1, 411, 8151, 9.64, 145.00, 450, 405, 1, 8
2026-09-04T08:42:28.0988412+07:00,2026/09/04 08:42:28.129, NVIDIA GeForce RTX 5060, 591.86, P8, 29, 1, 411, 8151, 9.85, 145.00, 480, 405, 1, 8
2026-09-04T08:42:33.1493179+07:00,2026/09/04 08:42:33.180, NVIDIA GeForce RTX 5060, 591.86, P8, 29, 1, 411, 8151, 9.87, 145.00, 472, 405, 1, 8
2026-09-04T08:42:38.1872730+07:00,2026/09/04 08:42:38.218, NVIDIA GeForce RTX 5060, 591.86, P8, 29, 1, 411, 8151, 9.77, 145.00, 472, 405, 1, 8
2026-09-04T08:42:43.2245169+07:00,2026/09/04 08:42:43.255, NVIDIA GeForce RTX 5060, 591.86, P8, 29, 1, 411, 8151, 9.79, 145.00, 472, 405, 1, 8
2026-09-04T08:42:48.2615700+07:00,2026/09/04 08:42:48.292, NVIDIA GeForce RTX 5060, 591.86, P8, 29, 1, 411, 8151, 9.87, 145.00, 465, 405, 1, 8
2026-09-04T08:42:53.3610257+07:00,2026/09/04 08:42:53.392, NVIDIA GeForce RTX 5060, 591.86, P8, 29, 1, 411, 8151, 9.89, 145.00, 472, 405, 1, 8
2026-09-04T08:42:58.3990578+07:00,2026/09/04 08:42:58.430, NVIDIA GeForce RTX 5060, 591.86, P8, 29, 1, 411, 8151, 9.84, 145.00, 465, 405, 1, 8
2026-09-04T08:43:03.4366121+07:00,2026/09/04 08:43:03.467, NVIDIA GeForce RTX 5060, 591.86, P8, 29, 1, 411, 8151, 9.68, 145.00, 465, 405, 1, 8
2026-09-04T08:43:08.4892881+07:00,2026/09/04 08:43:08.520, NVIDIA GeForce RTX 5060, 591.86, P8, 29, 1, 411, 8151, 9.78, 145.00, 495, 405, 1, 8
2026-09-04T08:43:13.5265887+07:00,2026/09/04 08:43:13.557, NVIDIA GeForce RTX 5060, 591.86, P8, 29, 1, 411, 8151, 9.69, 145.00, 450, 405, 1, 8
2026-09-04T08:43:18.5795792+07:00,2026/09/04 08:43:18.610, NVIDIA GeForce RTX 5060, 591.86, P8, 29, 1, 411, 8151, 9.93, 145.00, 465, 405, 1, 8
2026-09-04T08:43:23.6798693+07:00,2026/09/04 08:43:23.710, NVIDIA GeForce RTX 5060, 591.86, P8, 29, 1, 411, 8151, 9.72, 145.00, 465, 405, 1, 8
2026-09-04T08:43:28.7174520+07:00,2026/09/04 08:43:28.748, NVIDIA GeForce RTX 5060, 591.86, P8, 29, 1, 411, 8151, 9.70, 145.00, 450, 405, 1, 8
2026-09-04T08:43:33.7688816+07:00,2026/09/04 08:43:33.799, NVIDIA GeForce RTX 5060, 591.86, P8, 29, 1, 411, 8151, 9.74, 145.00, 450, 405, 1, 8
2026-09-04T08:43:38.8208413+07:00,2026/09/04 08:43:38.851, NVIDIA GeForce RTX 5060, 591.86, P8, 29, 2, 411, 8151, 9.79, 145.00, 457, 405, 1, 8
2026-09-04T08:43:43.8732793+07:00,2026/09/04 08:43:43.904, NVIDIA GeForce RTX 5060, 591.86, P8, 29, 1, 411, 8151, 9.86, 145.00, 465, 405, 1, 8
2026-09-04T08:43:48.9116674+07:00,2026/09/04 08:43:48.942, NVIDIA GeForce RTX 5060, 591.86, P8, 29, 1, 411, 8151, 9.75, 145.00, 450, 405, 1, 8
2026-09-04T08:43:54.0113826+07:00,2026/09/04 08:43:54.042, NVIDIA GeForce RTX 5060, 591.86, P8, 29, 1, 411, 8151, 9.92, 145.00, 465, 405, 1, 8
2026-09-04T08:43:59.0494611+07:00,2026/09/04 08:43:59.080, NVIDIA GeForce RTX 5060, 591.86, P8, 29, 1, 411, 8151, 9.90, 145.00, 450, 405, 1, 8
2026-09-04T08:44:04.1018707+07:00,2026/09/04 08:44:04.132, NVIDIA GeForce RTX 5060, 591.86, P0, 31, 3, 411, 8151, 24.54, 145.00, 2587, 14201, 4, 8
2026-09-04T08:44:09.1393848+07:00,2026/09/04 08:44:09.170, NVIDIA GeForce RTX 5060, 591.86, P8, 29, 1, 411, 8151, 10.01, 145.00, 472, 405, 1, 8
2026-09-04T08:44:14.1776408+07:00,2026/09/04 08:44:14.208, NVIDIA GeForce RTX 5060, 591.86, P8, 29, 1, 411, 8151, 9.88, 145.00, 480, 405, 1, 8
2026-09-04T08:44:19.2294322+07:00,2026/09/04 08:44:19.260, NVIDIA GeForce RTX 5060, 591.86, P8, 29, 1, 411, 8151, 9.81, 145.00, 480, 405, 1, 8
2026-09-04T08:44:24.3290630+07:00,2026/09/04 08:44:24.360, NVIDIA GeForce RTX 5060, 591.86, P8, 29, 1, 411, 8151, 9.98, 145.00, 472, 405, 1, 8
2026-09-04T08:44:29.3666658+07:00,2026/09/04 08:44:29.397, NVIDIA GeForce RTX 5060, 591.86, P8, 29, 1, 411, 8151, 9.99, 145.00, 465, 405, 1, 8
2026-09-04T08:44:34.4198251+07:00,2026/09/04 08:44:34.450, NVIDIA GeForce RTX 5060, 591.86, P8, 29, 1, 411, 8151, 9.99, 145.00, 472, 405, 1, 8
2026-09-04T08:44:39.4728237+07:00,2026/09/04 08:44:39.503, NVIDIA GeForce RTX 5060, 591.86, P8, 29, 1, 411, 8151, 9.96, 145.00, 472, 405, 1, 8
2026-09-04T08:44:44.5256470+07:00,2026/09/04 08:44:44.556, NVIDIA GeForce RTX 5060, 591.86, P8, 29, 1, 411, 8151, 10.05, 145.00, 472, 405, 1, 8
2026-09-04T08:44:49.5632968+07:00,2026/09/04 08:44:49.594, NVIDIA GeForce RTX 5060, 591.86, P8, 29, 1, 411, 8151, 9.94, 145.00, 480, 405, 1, 8
2026-09-04T08:44:54.7091330+07:00,2026/09/04 08:44:54.740, NVIDIA GeForce RTX 5060, 591.86, P8, 29, 1, 411, 8151, 10.00, 145.00, 472, 405, 1, 8
2026-09-04T08:44:59.7620469+07:00,2026/09/04 08:44:59.793, NVIDIA GeForce RTX 5060, 591.86, P8, 29, 2, 411, 8151, 9.95, 145.00, 472, 405, 1, 8
2026-09-04T08:45:04.7995619+07:00,2026/09/04 08:45:04.830, NVIDIA GeForce RTX 5060, 591.86, P8, 29, 2, 411, 8151, 9.82, 145.00, 472, 405, 1, 8
2026-09-04T08:45:09.8371418+07:00,2026/09/04 08:45:09.868, NVIDIA GeForce RTX 5060, 591.86, P8, 29, 1, 411, 8151, 9.85, 145.00, 480, 405, 1, 8
2026-09-04T08:45:14.8887714+07:00,2026/09/04 08:45:14.919, NVIDIA GeForce RTX 5060, 591.86, P8, 29, 1, 411, 8151, 9.93, 145.00, 487, 405, 1, 8
2026-09-04T08:45:19.9420375+07:00,2026/09/04 08:45:19.973, NVIDIA GeForce RTX 5060, 591.86, P8, 29, 1, 411, 8151, 9.97, 145.00, 472, 405, 1, 8
2026-09-04T08:45:25.0418553+07:00,2026/09/04 08:45:25.072, NVIDIA GeForce RTX 5060, 591.86, P8, 29, 1, 411, 8151, 10.00, 145.00, 487, 405, 1, 8
2026-09-04T08:45:30.0798599+07:00,2026/09/04 08:45:30.110, NVIDIA GeForce RTX 5060, 591.86, P8, 29, 1, 411, 8151, 10.02, 145.00, 487, 405, 1, 8
2026-09-04T08:45:35.1307750+07:00,2026/09/04 08:45:35.161, NVIDIA GeForce RTX 5060, 591.86, P8, 29, 1, 411, 8151, 9.91, 145.00, 480, 405, 1, 8
2026-09-04T08:45:40.1690652+07:00,2026/09/04 08:45:40.200, NVIDIA GeForce RTX 5060, 591.86, P8, 29, 1, 411, 8151, 10.01, 145.00, 480, 405, 1, 8
2026-09-04T08:45:45.2064849+07:00,2026/09/04 08:45:45.237, NVIDIA GeForce RTX 5060, 591.86, P8, 29, 1, 411, 8151, 9.86, 145.00, 480, 405, 1, 8
2026-09-04T08:45:50.2444023+07:00,2026/09/04 08:45:50.275, NVIDIA GeForce RTX 5060, 591.86, P8, 29, 1, 411, 8151, 9.91, 145.00, 480, 405, 1, 8
2026-09-04T08:45:55.3433983+07:00,2026/09/04 08:45:55.374, NVIDIA GeForce RTX 5060, 591.86, P8, 29, 1, 411, 8151, 10.07, 145.00, 465, 405, 1, 8
2026-09-04T08:46:00.3955319+07:00,2026/09/04 08:46:00.426, NVIDIA GeForce RTX 5060, 591.86, P8, 29, 2, 411, 8151, 9.93, 145.00, 465, 405, 1, 8
2026-09-04T08:46:05.4333067+07:00,2026/09/04 08:46:05.464, NVIDIA GeForce RTX 5060, 591.86, P8, 29, 1, 411, 8151, 9.81, 145.00, 480, 405, 1, 8
2026-09-04T08:46:10.4856266+07:00,2026/09/04 08:46:10.516, NVIDIA GeForce RTX 5060, 591.86, P8, 29, 1, 411, 8151, 9.81, 145.00, 480, 405, 1, 8
2026-09-04T08:46:15.5230155+07:00,2026/09/04 08:46:15.554, NVIDIA GeForce RTX 5060, 591.86, P8, 29, 1, 411, 8151, 9.85, 145.00, 472, 405, 1, 8
2026-09-04T08:46:20.5754938+07:00,2026/09/04 08:46:20.606, NVIDIA GeForce RTX 5060, 591.86, P8, 29, 1, 411, 8151, 9.80, 145.00, 480, 405, 1, 8
2026-09-04T08:46:25.6744110+07:00,2026/09/04 08:46:25.705, NVIDIA GeForce RTX 5060, 591.86, P8, 29, 1, 411, 8151, 9.87, 145.00, 472, 405, 1, 8
2026-09-04T08:46:30.7262489+07:00,2026/09/04 08:46:30.757, NVIDIA GeForce RTX 5060, 591.86, P8, 29, 1, 411, 8151, 9.85, 145.00, 480, 405, 1, 8
2026-09-04T08:46:35.7636356+07:00,2026/09/04 08:46:35.794, NVIDIA GeForce RTX 5060, 591.86, P8, 29, 1, 411, 8151, 9.87, 145.00, 480, 405, 1, 8
2026-09-04T08:46:40.8008879+07:00,2026/09/04 08:46:40.831, NVIDIA GeForce RTX 5060, 591.86, P8, 29, 1, 411, 8151, 10.11, 145.00, 457, 405, 1, 8
2026-09-04T08:46:45.8535980+07:00,2026/09/04 08:46:45.884, NVIDIA GeForce RTX 5060, 591.86, P8, 29, 1, 411, 8151, 10.17, 145.00, 487, 405, 1, 8
2026-09-04T08:46:50.9062104+07:00,2026/09/04 08:46:50.937, NVIDIA GeForce RTX 5060, 591.86, P8, 29, 1, 411, 8151, 10.10, 145.00, 487, 405, 1, 8
2026-09-04T08:46:56.0059138+07:00,2026/09/04 08:46:56.036, NVIDIA GeForce RTX 5060, 591.86, P8, 29, 1, 411, 8151, 9.90, 145.00, 487, 405, 1, 8
2026-09-04T08:47:01.0589136+07:00,2026/09/04 08:47:01.089, NVIDIA GeForce RTX 5060, 591.86, P8, 29, 1, 411, 8151, 9.82, 145.00, 472, 405, 1, 8
2026-09-04T08:47:06.1114397+07:00,2026/09/04 08:47:06.173, NVIDIA GeForce RTX 5060, 591.86, P8, 29, 1, 411, 8151, 10.07, 145.00, 480, 405, 1, 8
2026-09-04T08:47:11.1953334+07:00,2026/09/04 08:47:11.241, NVIDIA GeForce RTX 5060, 591.86, P8, 29, 1, 411, 8151, 9.87, 145.00, 480, 405, 1, 8
2026-09-04T08:47:16.2483479+07:00,2026/09/04 08:47:16.310, NVIDIA GeForce RTX 5060, 591.86, P8, 29, 1, 411, 8151, 9.84, 145.00, 457, 405, 1, 8
2026-09-04T08:47:21.3323468+07:00,2026/09/04 08:47:21.564, NVIDIA GeForce RTX 5060, 591.86, P8, 29, 1, 411, 8151, 9.80, 145.00, 495, 405, 1, 8
2026-09-04T08:47:26.6636633+07:00,2026/09/04 08:47:26.694, NVIDIA GeForce RTX 5060, 591.86, P8, 29, 1, 411, 8151, 9.91, 145.00, 502, 405, 1, 8
2026-09-04T08:47:31.7161495+07:00,2026/09/04 08:47:31.747, NVIDIA GeForce RTX 5060, 591.86, P8, 29, 1, 411, 8151, 9.80, 145.00, 480, 405, 1, 8
2026-09-04T08:47:36.7684319+07:00,2026/09/04 08:47:36.799, NVIDIA GeForce RTX 5060, 591.86, P8, 29, 1, 411, 8151, 9.83, 145.00, 487, 405, 1, 8
2026-09-04T08:47:41.8212618+07:00,2026/09/04 08:47:41.852, NVIDIA GeForce RTX 5060, 591.86, P8, 29, 1, 411, 8151, 9.91, 145.00, 480, 405, 1, 8
2026-09-04T08:47:46.8740725+07:00,2026/09/04 08:47:46.905, NVIDIA GeForce RTX 5060, 591.86, P8, 29, 1, 411, 8151, 9.83, 145.00, 502, 405, 1, 8
2026-09-04T08:47:51.9116090+07:00,2026/09/04 08:47:51.942, NVIDIA GeForce RTX 5060, 591.86, P8, 29, 1, 411, 8151, 9.96, 145.00, 480, 405, 1, 8
2026-09-04T08:47:57.0112128+07:00,2026/09/04 08:47:57.042, NVIDIA GeForce RTX 5060, 591.86, P8, 29, 1, 411, 8151, 9.89, 145.00, 480, 405, 1, 8
2026-09-04T08:48:02.0489907+07:00,2026/09/04 08:48:02.079, NVIDIA GeForce RTX 5060, 591.86, P8, 29, 1, 411, 8151, 9.86, 145.00, 465, 405, 1, 8
2026-09-04T08:48:07.0866664+07:00,2026/09/04 08:48:07.117, NVIDIA GeForce RTX 5060, 591.86, P8, 29, 1, 411, 8151, 10.00, 145.00, 480, 405, 1, 8
2026-09-04T08:48:12.1389759+07:00,2026/09/04 08:48:12.169, NVIDIA GeForce RTX 5060, 591.86, P8, 29, 1, 411, 8151, 9.90, 145.00, 480, 405, 1, 8
2026-09-04T08:48:17.1763124+07:00,2026/09/04 08:48:17.207, NVIDIA GeForce RTX 5060, 591.86, P8, 29, 1, 411, 8151, 9.99, 145.00, 465, 405, 1, 8
2026-09-04T08:48:22.2141664+07:00,2026/09/04 08:48:22.245, NVIDIA GeForce RTX 5060, 591.86, P8, 29, 1, 411, 8151, 10.10, 145.00, 457, 405, 1, 8
2026-09-04T08:48:27.3137481+07:00,2026/09/04 08:48:27.344, NVIDIA GeForce RTX 5060, 591.86, P8, 29, 1, 411, 8151, 9.80, 145.00, 457, 405, 1, 8
2026-09-04T08:48:32.3669387+07:00,2026/09/04 08:48:32.397, NVIDIA GeForce RTX 5060, 591.86, P8, 29, 1, 411, 8151, 9.87, 145.00, 465, 405, 1, 8
2026-09-04T08:48:37.4180526+07:00,2026/09/04 08:48:37.449, NVIDIA GeForce RTX 5060, 591.86, P8, 29, 1, 411, 8151, 9.86, 145.00, 457, 405, 1, 8
2026-09-04T08:48:42.4711199+07:00,2026/09/04 08:48:42.502, NVIDIA GeForce RTX 5060, 591.86, P8, 29, 1, 411, 8151, 9.96, 145.00, 480, 405, 1, 8
2026-09-04T08:48:47.5238628+07:00,2026/09/04 08:48:47.554, NVIDIA GeForce RTX 5060, 591.86, P8, 29, 1, 411, 8151, 9.92, 145.00, 480, 405, 1, 8
2026-09-04T08:48:52.5766830+07:00,2026/09/04 08:48:52.607, NVIDIA GeForce RTX 5060, 591.86, P8, 29, 1, 411, 8151, 9.90, 145.00, 465, 405, 1, 8
2026-09-04T08:48:57.6765239+07:00,2026/09/04 08:48:57.707, NVIDIA GeForce RTX 5060, 591.86, P8, 29, 1, 411, 8151, 9.98, 145.00, 457, 405, 1, 8
2026-09-04T08:49:02.7138437+07:00,2026/09/04 08:49:02.744, NVIDIA GeForce RTX 5060, 591.86, P8, 29, 1, 411, 8151, 10.10, 145.00, 472, 405, 1, 8
2026-09-04T08:49:07.7658406+07:00,2026/09/04 08:49:07.796, NVIDIA GeForce RTX 5060, 591.86, P8, 29, 1, 411, 8151, 9.87, 145.00, 465, 405, 1, 8
2026-09-04T08:49:12.8180602+07:00,2026/09/04 08:49:12.849, NVIDIA GeForce RTX 5060, 591.86, P8, 29, 1, 411, 8151, 9.88, 145.00, 457, 405, 1, 8
2026-09-04T08:49:17.8558127+07:00,2026/09/04 08:49:17.886, NVIDIA GeForce RTX 5060, 591.86, P8, 29, 1, 411, 8151, 9.98, 145.00, 480, 405, 1, 8
2026-09-04T08:49:22.8928779+07:00,2026/09/04 08:49:22.923, NVIDIA GeForce RTX 5060, 591.86, P8, 29, 1, 411, 8151, 10.04, 145.00, 480, 405, 1, 8
2026-09-04T08:49:27.9925879+07:00,2026/09/04 08:49:28.023, NVIDIA GeForce RTX 5060, 591.86, P8, 29, 1, 411, 8151, 9.91, 145.00, 435, 405, 1, 8
2026-09-04T08:49:33.0452168+07:00,2026/09/04 08:49:33.076, NVIDIA GeForce RTX 5060, 591.86, P8, 29, 1, 411, 8151, 10.02, 145.00, 465, 405, 1, 8
2026-09-04T08:49:38.0830103+07:00,2026/09/04 08:49:38.114, NVIDIA GeForce RTX 5060, 591.86, P8, 29, 1, 411, 8151, 10.06, 145.00, 457, 405, 1, 8
2026-09-04T08:49:43.1208127+07:00,2026/09/04 08:49:43.151, NVIDIA GeForce RTX 5060, 591.86, P8, 29, 1, 411, 8151, 9.98, 145.00, 442, 405, 1, 8
2026-09-04T08:49:48.1729732+07:00,2026/09/04 08:49:48.203, NVIDIA GeForce RTX 5060, 591.86, P8, 29, 1, 411, 8151, 10.00, 145.00, 472, 405, 1, 8
2026-09-04T08:49:53.2252674+07:00,2026/09/04 08:49:53.256, NVIDIA GeForce RTX 5060, 591.86, P8, 29, 1, 411, 8151, 10.08, 145.00, 495, 405, 1, 8
2026-09-04T08:49:58.3247805+07:00,2026/09/04 08:49:58.355, NVIDIA GeForce RTX 5060, 591.86, P8, 29, 1, 411, 8151, 10.07, 145.00, 472, 405, 1, 8
2026-09-04T08:50:03.3622803+07:00,2026/09/04 08:50:03.393, NVIDIA GeForce RTX 5060, 591.86, P8, 29, 1, 411, 8151, 9.91, 145.00, 472, 405, 1, 8
2026-09-04T08:50:08.4142566+07:00,2026/09/04 08:50:08.445, NVIDIA GeForce RTX 5060, 591.86, P8, 29, 1, 411, 8151, 9.94, 145.00, 487, 405, 1, 8
2026-09-04T08:50:13.4518595+07:00,2026/09/04 08:50:13.483, NVIDIA GeForce RTX 5060, 591.86, P8, 29, 1, 411, 8151, 10.01, 145.00, 487, 405, 1, 8
2026-09-04T08:50:18.5045874+07:00,2026/09/04 08:50:18.535, NVIDIA GeForce RTX 5060, 591.86, P8, 29, 1, 411, 8151, 9.92, 145.00, 472, 405, 1, 8
2026-09-04T08:50:23.5418171+07:00,2026/09/04 08:50:23.572, NVIDIA GeForce RTX 5060, 591.86, P8, 29, 1, 411, 8151, 9.97, 145.00, 480, 405, 1, 8
2026-09-04T08:50:28.6420744+07:00,2026/09/04 08:50:28.673, NVIDIA GeForce RTX 5060, 591.86, P8, 29, 1, 411, 8151, 9.96, 145.00, 472, 405, 1, 8
2026-09-04T08:50:33.6798572+07:00,2026/09/04 08:50:33.710, NVIDIA GeForce RTX 5060, 591.86, P8, 29, 1, 411, 8151, 9.94, 145.00, 472, 405, 1, 8
2026-09-04T08:50:38.7314821+07:00,2026/09/04 08:50:38.762, NVIDIA GeForce RTX 5060, 591.86, P8, 29, 1, 411, 8151, 10.11, 145.00, 502, 405, 1, 8
2026-09-04T08:50:43.7689277+07:00,2026/09/04 08:50:43.799, NVIDIA GeForce RTX 5060, 591.86, P8, 29, 1, 411, 8151, 10.24, 145.00, 502, 405, 1, 8
2026-09-04T08:50:48.8070624+07:00,2026/09/04 08:50:48.838, NVIDIA GeForce RTX 5060, 591.86, P8, 29, 1, 411, 8151, 10.37, 145.00, 502, 405, 1, 8
2026-09-04T08:50:53.8446287+07:00,2026/09/04 08:50:53.875, NVIDIA GeForce RTX 5060, 591.86, P8, 29, 1, 411, 8151, 10.18, 145.00, 487, 405, 1, 8
2026-09-04T08:50:58.9440514+07:00,2026/09/04 08:50:58.975, NVIDIA GeForce RTX 5060, 591.86, P8, 29, 1, 411, 8151, 10.14, 145.00, 472, 405, 1, 8
2026-09-04T08:51:03.9820907+07:00,2026/09/04 08:51:04.013, NVIDIA GeForce RTX 5060, 591.86, P8, 29, 1, 411, 8151, 10.20, 145.00, 480, 405, 1, 8
2026-09-04T08:51:09.0191056+07:00,2026/09/04 08:51:09.050, NVIDIA GeForce RTX 5060, 591.86, P8, 29, 1, 411, 8151, 10.13, 145.00, 517, 405, 1, 8
2026-09-04T08:51:14.0719005+07:00,2026/09/04 08:51:14.102, NVIDIA GeForce RTX 5060, 591.86, P8, 29, 1, 411, 8151, 10.09, 145.00, 480, 405, 1, 8
2026-09-04T08:51:19.1238527+07:00,2026/09/04 08:51:19.154, NVIDIA GeForce RTX 5060, 591.86, P8, 29, 1, 411, 8151, 10.10, 145.00, 487, 405, 1, 8
2026-09-04T08:51:24.1761510+07:00,2026/09/04 08:51:24.207, NVIDIA GeForce RTX 5060, 591.86, P8, 29, 1, 411, 8151, 10.21, 145.00, 487, 405, 1, 8
2026-09-04T08:51:29.2747961+07:00,2026/09/04 08:51:29.305, NVIDIA GeForce RTX 5060, 591.86, P8, 29, 1, 411, 8151, 10.14, 145.00, 465, 405, 1, 8
2026-09-04T08:51:34.3267701+07:00,2026/09/04 08:51:34.357, NVIDIA GeForce RTX 5060, 591.86, P8, 29, 1, 411, 8151, 10.08, 145.00, 457, 405, 1, 8
2026-09-04T08:51:39.3637883+07:00,2026/09/04 08:51:39.394, NVIDIA GeForce RTX 5060, 591.86, P8, 29, 1, 411, 8151, 10.18, 145.00, 480, 405, 1, 8
2026-09-04T08:51:44.4007111+07:00,2026/09/04 08:51:44.431, NVIDIA GeForce RTX 5060, 591.86, P8, 29, 1, 411, 8151, 10.16, 145.00, 487, 405, 1, 8
2026-09-04T08:51:49.4380059+07:00,2026/09/04 08:51:49.469, NVIDIA GeForce RTX 5060, 591.86, P8, 29, 1, 411, 8151, 9.97, 145.00, 472, 405, 1, 8
2026-09-04T08:51:54.4750938+07:00,2026/09/04 08:51:54.506, NVIDIA GeForce RTX 5060, 591.86, P8, 29, 1, 411, 8151, 10.05, 145.00, 472, 405, 1, 8
2026-09-04T08:51:59.5560200+07:00,2026/09/04 08:51:59.587, NVIDIA GeForce RTX 5060, 591.86, P8, 29, 1, 411, 8151, 10.01, 145.00, 480, 405, 1, 8
2026-09-04T08:52:04.6090262+07:00,2026/09/04 08:52:04.640, NVIDIA GeForce RTX 5060, 591.86, P8, 29, 1, 411, 8151, 9.94, 145.00, 480, 405, 1, 8
2026-09-04T08:52:09.6613174+07:00,2026/09/04 08:52:09.692, NVIDIA GeForce RTX 5060, 591.86, P8, 29, 1, 411, 8151, 9.87, 145.00, 450, 405, 1, 8
2026-09-04T08:52:14.6989257+07:00,2026/09/04 08:52:14.729, NVIDIA GeForce RTX 5060, 591.86, P8, 29, 1, 411, 8151, 10.00, 145.00, 487, 405, 1, 8
2026-09-04T08:52:19.7508860+07:00,2026/09/04 08:52:19.781, NVIDIA GeForce RTX 5060, 591.86, P8, 29, 1, 411, 8151, 9.99, 145.00, 480, 405, 1, 8
2026-09-04T08:52:24.7879305+07:00,2026/09/04 08:52:24.818, NVIDIA GeForce RTX 5060, 591.86, P8, 29, 1, 411, 8151, 9.97, 145.00, 487, 405, 1, 8
2026-09-04T08:52:29.8873303+07:00,2026/09/04 08:52:29.918, NVIDIA GeForce RTX 5060, 591.86, P8, 29, 1, 411, 8151, 9.84, 145.00, 480, 405, 1, 8
2026-09-04T08:52:34.9249632+07:00,2026/09/04 08:52:34.955, NVIDIA GeForce RTX 5060, 591.86, P8, 29, 1, 411, 8151, 9.90, 145.00, 472, 405, 1, 8
2026-09-04T08:52:39.9767583+07:00,2026/09/04 08:52:40.007, NVIDIA GeForce RTX 5060, 591.86, P8, 29, 1, 411, 8151, 10.07, 145.00, 487, 405, 1, 8
2026-09-04T08:52:45.0143328+07:00,2026/09/04 08:52:45.045, NVIDIA GeForce RTX 5060, 591.86, P8, 29, 1, 411, 8151, 10.06, 145.00, 480, 405, 1, 8
2026-09-04T08:52:50.0662613+07:00,2026/09/04 08:52:50.097, NVIDIA GeForce RTX 5060, 591.86, P8, 29, 1, 411, 8151, 10.15, 145.00, 472, 405, 1, 8
2026-09-04T08:52:55.1036743+07:00,2026/09/04 08:52:55.134, NVIDIA GeForce RTX 5060, 591.86, P8, 29, 1, 411, 8151, 10.06, 145.00, 472, 405, 1, 8
2026-09-04T08:53:00.2029137+07:00,2026/09/04 08:53:00.233, NVIDIA GeForce RTX 5060, 591.86, P8, 29, 1, 411, 8151, 10.12, 145.00, 487, 405, 1, 8
2026-09-04T08:53:05.2557163+07:00,2026/09/04 08:53:05.286, NVIDIA GeForce RTX 5060, 591.86, P8, 29, 1, 411, 8151, 10.08, 145.00, 472, 405, 1, 8
2026-09-04T08:53:10.3084076+07:00,2026/09/04 08:53:10.339, NVIDIA GeForce RTX 5060, 591.86, P8, 29, 1, 411, 8151, 10.12, 145.00, 480, 405, 1, 8
2026-09-04T08:53:15.3604377+07:00,2026/09/04 08:53:15.391, NVIDIA GeForce RTX 5060, 591.86, P8, 29, 1, 411, 8151, 9.99, 145.00, 472, 405, 1, 8
2026-09-04T08:53:20.3986099+07:00,2026/09/04 08:53:20.429, NVIDIA GeForce RTX 5060, 591.86, P8, 29, 1, 411, 8151, 10.10, 145.00, 472, 405, 1, 8
2026-09-04T08:53:25.4374827+07:00,2026/09/04 08:53:25.467, NVIDIA GeForce RTX 5060, 591.86, P8, 29, 1, 411, 8151, 9.98, 145.00, 480, 405, 1, 8
2026-09-04T08:53:30.5372898+07:00,2026/09/04 08:53:30.567, NVIDIA GeForce RTX 5060, 591.86, P8, 29, 1, 411, 8151, 9.92, 145.00, 450, 405, 1, 8
2026-09-04T08:53:35.5745474+07:00,2026/09/04 08:53:35.605, NVIDIA GeForce RTX 5060, 591.86, P8, 29, 1, 411, 8151, 9.80, 145.00, 450, 405, 1, 8
2026-09-04T08:53:40.6253935+07:00,2026/09/04 08:53:40.656, NVIDIA GeForce RTX 5060, 591.86, P8, 29, 1, 411, 8151, 9.94, 145.00, 487, 405, 1, 8
2026-09-04T08:53:45.6781635+07:00,2026/09/04 08:53:45.709, NVIDIA GeForce RTX 5060, 591.86, P8, 29, 1, 411, 8151, 9.99, 145.00, 472, 405, 1, 8
2026-09-04T08:53:50.7155495+07:00,2026/09/04 08:53:50.746, NVIDIA GeForce RTX 5060, 591.86, P8, 29, 1, 411, 8151, 9.96, 145.00, 480, 405, 1, 8
2026-09-04T08:53:55.7524303+07:00,2026/09/04 08:53:55.783, NVIDIA GeForce RTX 5060, 591.86, P8, 29, 1, 411, 8151, 9.92, 145.00, 457, 405, 1, 8
2026-09-04T08:54:00.8366480+07:00,2026/09/04 08:54:00.867, NVIDIA GeForce RTX 5060, 591.86, P8, 29, 1, 411, 8151, 9.85, 145.00, 480, 405, 1, 8
2026-09-04T08:54:05.8885660+07:00,2026/09/04 08:54:05.919, NVIDIA GeForce RTX 5060, 591.86, P0, 31, 1, 411, 8151, 23.63, 145.00, 2557, 14201, 4, 8
2026-09-04T08:54:10.9265214+07:00,2026/09/04 08:54:10.957, NVIDIA GeForce RTX 5060, 591.86, P8, 30, 1, 411, 8151, 10.07, 145.00, 472, 405, 1, 8
2026-09-04T08:54:15.9794741+07:00,2026/09/04 08:54:16.010, NVIDIA GeForce RTX 5060, 591.86, P8, 29, 1, 411, 8151, 10.02, 145.00, 457, 405, 1, 8
2026-09-04T08:54:21.0173779+07:00,2026/09/04 08:54:21.048, NVIDIA GeForce RTX 5060, 591.86, P8, 29, 1, 411, 8151, 9.94, 145.00, 457, 405, 1, 8
2026-09-04T08:54:26.0546574+07:00,2026/09/04 08:54:26.085, NVIDIA GeForce RTX 5060, 591.86, P8, 29, 1, 411, 8151, 10.11, 145.00, 480, 405, 1, 8
2026-09-04T08:54:31.1547120+07:00,2026/09/04 08:54:31.185, NVIDIA GeForce RTX 5060, 591.86, P8, 29, 1, 411, 8151, 10.03, 145.00, 472, 405, 1, 8
2026-09-04T08:54:36.1926950+07:00,2026/09/04 08:54:36.223, NVIDIA GeForce RTX 5060, 591.86, P8, 29, 1, 411, 8151, 10.02, 145.00, 472, 405, 1, 8
2026-09-04T08:54:41.2298262+07:00,2026/09/04 08:54:41.260, NVIDIA GeForce RTX 5060, 591.86, P8, 29, 1, 411, 8151, 10.00, 145.00, 457, 405, 1, 8
2026-09-04T08:54:46.2818556+07:00,2026/09/04 08:54:46.312, NVIDIA GeForce RTX 5060, 591.86, P8, 29, 1, 411, 8151, 9.96, 145.00, 457, 405, 1, 8
2026-09-04T08:54:51.3200401+07:00,2026/09/04 08:54:51.351, NVIDIA GeForce RTX 5060, 591.86, P8, 29, 1, 411, 8151, 9.99, 145.00, 465, 405, 1, 8
2026-09-04T08:54:56.3573385+07:00,2026/09/04 08:54:56.388, NVIDIA GeForce RTX 5060, 591.86, P8, 29, 1, 411, 8151, 10.15, 145.00, 472, 405, 1, 8
2026-09-04T08:55:01.4719782+07:00,2026/09/04 08:55:01.502, NVIDIA GeForce RTX 5060, 591.86, P8, 29, 1, 411, 8151, 10.03, 145.00, 472, 405, 1, 8
2026-09-04T08:55:06.5093396+07:00,2026/09/04 08:55:06.540, NVIDIA GeForce RTX 5060, 591.86, P8, 29, 1, 411, 8151, 9.97, 145.00, 472, 405, 1, 8
2026-09-04T08:55:11.5473327+07:00,2026/09/04 08:55:11.578, NVIDIA GeForce RTX 5060, 591.86, P8, 29, 1, 411, 8151, 9.96, 145.00, 465, 405, 1, 8
2026-09-04T08:55:16.5850951+07:00,2026/09/04 08:55:16.616, NVIDIA GeForce RTX 5060, 591.86, P8, 29, 1, 411, 8151, 9.95, 145.00, 450, 405, 1, 8
2026-09-04T08:55:21.6232290+07:00,2026/09/04 08:55:21.654, NVIDIA GeForce RTX 5060, 591.86, P8, 29, 1, 411, 8151, 9.87, 145.00, 450, 405, 1, 8
2026-09-04T08:55:26.6611118+07:00,2026/09/04 08:55:26.691, NVIDIA GeForce RTX 5060, 591.86, P8, 29, 1, 411, 8151, 9.93, 145.00, 457, 405, 1, 8
2026-09-04T08:55:31.7605682+07:00,2026/09/04 08:55:31.791, NVIDIA GeForce RTX 5060, 591.86, P8, 29, 1, 411, 8151, 9.84, 145.00, 435, 405, 1, 8
2026-09-04T08:55:36.7980864+07:00,2026/09/04 08:55:36.829, NVIDIA GeForce RTX 5060, 591.86, P8, 29, 1, 411, 8151, 9.81, 145.00, 442, 405, 1, 8
2026-09-04T08:55:41.8499757+07:00,2026/09/04 08:55:41.880, NVIDIA GeForce RTX 5060, 591.86, P8, 29, 1, 411, 8151, 9.84, 145.00, 465, 405, 1, 8
2026-09-04T08:55:46.8873589+07:00,2026/09/04 08:55:46.918, NVIDIA GeForce RTX 5060, 591.86, P8, 29, 1, 411, 8151, 9.91, 145.00, 465, 405, 1, 8
2026-09-04T08:55:51.9244352+07:00,2026/09/04 08:55:51.955, NVIDIA GeForce RTX 5060, 591.86, P8, 29, 1, 411, 8151, 9.97, 145.00, 465, 405, 1, 8
2026-09-04T08:55:56.9774150+07:00,2026/09/04 08:55:57.008, NVIDIA GeForce RTX 5060, 591.86, P8, 29, 1, 411, 8151, 9.90, 145.00, 465, 405, 1, 8
2026-09-04T08:56:02.0769640+07:00,2026/09/04 08:56:02.107, NVIDIA GeForce RTX 5060, 591.86, P8, 29, 1, 411, 8151, 9.84, 145.00, 472, 405, 1, 8
2026-09-04T08:56:07.1146054+07:00,2026/09/04 08:56:07.145, NVIDIA GeForce RTX 5060, 591.86, P8, 29, 1, 411, 8151, 9.85, 145.00, 457, 405, 1, 8
2026-09-04T08:56:12.1519412+07:00,2026/09/04 08:56:12.182, NVIDIA GeForce RTX 5060, 591.86, P8, 29, 1, 411, 8151, 9.93, 145.00, 472, 405, 1, 8
2026-09-04T08:56:17.1898205+07:00,2026/09/04 08:56:17.220, NVIDIA GeForce RTX 5060, 591.86, P8, 29, 1, 411, 8151, 9.98, 145.00, 480, 405, 1, 8
2026-09-04T08:56:22.2277083+07:00,2026/09/04 08:56:22.258, NVIDIA GeForce RTX 5060, 591.86, P8, 29, 1, 411, 8151, 9.76, 145.00, 465, 405, 1, 8
2026-09-04T08:56:27.2650938+07:00,2026/09/04 08:56:27.296, NVIDIA GeForce RTX 5060, 591.86, P8, 29, 1, 411, 8151, 9.82, 145.00, 465, 405, 1, 8
2026-09-04T08:56:32.3645811+07:00,2026/09/04 08:56:32.395, NVIDIA GeForce RTX 5060, 591.86, P8, 29, 1, 411, 8151, 9.88, 145.00, 472, 405, 1, 8
2026-09-04T08:56:37.4018929+07:00,2026/09/04 08:56:37.432, NVIDIA GeForce RTX 5060, 591.86, P8, 29, 1, 411, 8151, 9.96, 145.00, 472, 405, 1, 8
2026-09-04T08:56:42.4556398+07:00,2026/09/04 08:56:42.486, NVIDIA GeForce RTX 5060, 591.86, P8, 29, 1, 411, 8151, 10.02, 145.00, 480, 405, 1, 8
2026-09-04T08:56:47.4934518+07:00,2026/09/04 08:56:47.524, NVIDIA GeForce RTX 5060, 591.86, P8, 29, 1, 411, 8151, 9.91, 145.00, 487, 405, 1, 8
2026-09-04T08:56:52.5461497+07:00,2026/09/04 08:56:52.577, NVIDIA GeForce RTX 5060, 591.86, P8, 29, 1, 411, 8151, 9.91, 145.00, 472, 405, 1, 8
2026-09-04T08:56:57.5830469+07:00,2026/09/04 08:56:57.614, NVIDIA GeForce RTX 5060, 591.86, P8, 29, 1, 411, 8151, 9.93, 145.00, 480, 405, 1, 8
2026-09-04T08:57:02.6827432+07:00,2026/09/04 08:57:02.713, NVIDIA GeForce RTX 5060, 591.86, P8, 29, 1, 411, 8151, 9.88, 145.00, 480, 405, 1, 8
2026-09-04T08:57:07.7206039+07:00,2026/09/04 08:57:07.751, NVIDIA GeForce RTX 5060, 591.86, P8, 29, 1, 411, 8151, 9.88, 145.00, 472, 405, 1, 8
2026-09-04T08:57:12.7719325+07:00,2026/09/04 08:57:12.802, NVIDIA GeForce RTX 5060, 591.86, P8, 29, 1, 411, 8151, 9.90, 145.00, 472, 405, 1, 8
2026-09-04T08:57:17.8236541+07:00,2026/09/04 08:57:17.854, NVIDIA GeForce RTX 5060, 591.86, P8, 29, 1, 411, 8151, 9.98, 145.00, 487, 405, 1, 8
2026-09-04T08:57:22.8617391+07:00,2026/09/04 08:57:22.892, NVIDIA GeForce RTX 5060, 591.86, P8, 29, 1, 411, 8151, 9.94, 145.00, 472, 405, 1, 8
2026-09-04T08:57:27.8986287+07:00,2026/09/04 08:57:27.929, NVIDIA GeForce RTX 5060, 591.86, P8, 29, 1, 411, 8151, 9.95, 145.00, 472, 405, 1, 8
2026-09-04T08:57:32.9980397+07:00,2026/09/04 08:57:33.029, NVIDIA GeForce RTX 5060, 591.86, P8, 29, 1, 411, 8151, 9.83, 145.00, 480, 405, 1, 8
2026-09-04T08:57:38.0357309+07:00,2026/09/04 08:57:38.066, NVIDIA GeForce RTX 5060, 591.86, P8, 29, 1, 411, 8151, 10.01, 145.00, 480, 405, 1, 8
2026-09-04T08:57:43.0737052+07:00,2026/09/04 08:57:43.104, NVIDIA GeForce RTX 5060, 591.86, P8, 29, 1, 411, 8151, 9.88, 145.00, 472, 405, 1, 8
2026-09-04T08:57:48.1263614+07:00,2026/09/04 08:57:48.157, NVIDIA GeForce RTX 5060, 591.86, P8, 29, 1, 411, 8151, 9.99, 145.00, 465, 405, 1, 8
2026-09-04T08:57:53.1635858+07:00,2026/09/04 08:57:53.194, NVIDIA GeForce RTX 5060, 591.86, P8, 29, 1, 411, 8151, 10.02, 145.00, 480, 405, 1, 8
2026-09-04T08:57:58.2156918+07:00,2026/09/04 08:57:58.246, NVIDIA GeForce RTX 5060, 591.86, P8, 29, 1, 411, 8151, 10.05, 145.00, 472, 405, 1, 8
2026-09-04T08:58:03.3152888+07:00,2026/09/04 08:58:03.346, NVIDIA GeForce RTX 5060, 591.86, P8, 29, 1, 411, 8151, 9.99, 145.00, 480, 405, 1, 8
2026-09-04T08:58:08.3527633+07:00,2026/09/04 08:58:08.383, NVIDIA GeForce RTX 5060, 591.86, P8, 29, 1, 411, 8151, 10.00, 145.00, 495, 405, 1, 8
2026-09-04T08:58:13.4038784+07:00,2026/09/04 08:58:13.434, NVIDIA GeForce RTX 5060, 591.86, P8, 29, 1, 411, 8151, 10.02, 145.00, 472, 405, 1, 8
2026-09-04T08:58:18.4554066+07:00,2026/09/04 08:58:18.486, NVIDIA GeForce RTX 5060, 591.86, P8, 29, 1, 411, 8151, 10.18, 145.00, 480, 405, 1, 8
2026-09-04T08:58:23.5062814+07:00,2026/09/04 08:58:23.537, NVIDIA GeForce RTX 5060, 591.86, P8, 29, 1, 411, 8151, 10.30, 145.00, 480, 405, 1, 8
2026-09-04T08:58:28.5437604+07:00,2026/09/04 08:58:28.574, NVIDIA GeForce RTX 5060, 591.86, P8, 29, 1, 411, 8151, 10.11, 145.00, 525, 405, 1, 8
2026-09-04T08:58:33.6430627+07:00,2026/09/04 08:58:33.674, NVIDIA GeForce RTX 5060, 591.86, P8, 29, 1, 411, 8151, 10.05, 145.00, 480, 405, 1, 8
2026-09-04T08:58:38.6949569+07:00,2026/09/04 08:58:38.725, NVIDIA GeForce RTX 5060, 591.86, P8, 29, 1, 411, 8151, 10.07, 145.00, 487, 405, 1, 8
2026-09-04T08:58:43.7469253+07:00,2026/09/04 08:58:43.777, NVIDIA GeForce RTX 5060, 591.86, P8, 29, 1, 411, 8151, 10.12, 145.00, 472, 405, 1, 8
2026-09-04T08:58:48.7995454+07:00,2026/09/04 08:58:48.830, NVIDIA GeForce RTX 5060, 591.86, P8, 29, 1, 411, 8151, 10.16, 145.00, 480, 405, 1, 8
2026-09-04T08:58:53.8516087+07:00,2026/09/04 08:58:53.882, NVIDIA GeForce RTX 5060, 591.86, P8, 29, 1, 411, 8151, 10.14, 145.00, 472, 405, 1, 8
2026-09-04T08:58:58.9038431+07:00,2026/09/04 08:58:58.934, NVIDIA GeForce RTX 5060, 591.86, P8, 29, 1, 411, 8151, 10.15, 145.00, 472, 405, 1, 8
2026-09-04T08:59:04.0039977+07:00,2026/09/04 08:59:04.034, NVIDIA GeForce RTX 5060, 591.86, P8, 29, 1, 411, 8151, 10.07, 145.00, 465, 405, 1, 8
2026-09-04T08:59:09.0415907+07:00,2026/09/04 08:59:09.072, NVIDIA GeForce RTX 5060, 591.86, P8, 29, 1, 411, 8151, 10.01, 145.00, 465, 405, 1, 8
2026-09-04T08:59:14.0789685+07:00,2026/09/04 08:59:14.109, NVIDIA GeForce RTX 5060, 591.86, P8, 29, 1, 411, 8151, 10.04, 145.00, 472, 405, 1, 8
2026-09-04T08:59:19.1169381+07:00,2026/09/04 08:59:19.147, NVIDIA GeForce RTX 5060, 591.86, P8, 29, 1, 411, 8151, 10.04, 145.00, 472, 405, 1, 8
2026-09-04T08:59:24.1692705+07:00,2026/09/04 08:59:24.200, NVIDIA GeForce RTX 5060, 591.86, P8, 29, 1, 411, 8151, 10.12, 145.00, 472, 405, 1, 8
2026-09-04T08:59:29.2224175+07:00,2026/09/04 08:59:29.253, NVIDIA GeForce RTX 5060, 591.86, P8, 29, 1, 411, 8151, 9.94, 145.00, 465, 405, 1, 8
2026-09-04T08:59:34.3221353+07:00,2026/09/04 08:59:34.353, NVIDIA GeForce RTX 5060, 591.86, P8, 29, 1, 411, 8151, 9.95, 145.00, 450, 405, 1, 8
2026-09-04T08:59:39.3600393+07:00,2026/09/04 08:59:39.391, NVIDIA GeForce RTX 5060, 591.86, P8, 29, 1, 411, 8151, 9.93, 145.00, 472, 405, 1, 8
2026-09-04T08:59:44.4118310+07:00,2026/09/04 08:59:44.442, NVIDIA GeForce RTX 5060, 591.86, P8, 29, 1, 411, 8151, 10.05, 145.00, 480, 405, 1, 8
2026-09-04T08:59:49.4645342+07:00,2026/09/04 08:59:49.495, NVIDIA GeForce RTX 5060, 591.86, P8, 29, 1, 411, 8151, 10.02, 145.00, 472, 405, 1, 8
2026-09-04T08:59:54.5025357+07:00,2026/09/04 08:59:54.533, NVIDIA GeForce RTX 5060, 591.86, P8, 29, 1, 411, 8151, 9.88, 145.00, 457, 405, 1, 8
2026-09-04T08:59:59.5551212+07:00,2026/09/04 08:59:59.586, NVIDIA GeForce RTX 5060, 591.86, P8, 29, 1, 411, 8151, 9.82, 145.00, 465, 405, 1, 8
2026-09-04T09:00:04.6550196+07:00,2026/09/04 09:00:04.686, NVIDIA GeForce RTX 5060, 591.86, P8, 29, 1, 411, 8151, 9.87, 145.00, 465, 405, 1, 8
2026-09-04T09:00:09.7080208+07:00,2026/09/04 09:00:09.739, NVIDIA GeForce RTX 5060, 591.86, P8, 29, 1, 411, 8151, 9.79, 145.00, 442, 405, 1, 8
2026-09-04T09:00:14.7604484+07:00,2026/09/04 09:00:14.791, NVIDIA GeForce RTX 5060, 591.86, P8, 29, 1, 411, 8151, 10.07, 145.00, 465, 405, 1, 8
2026-09-04T09:00:19.7984289+07:00,2026/09/04 09:00:19.829, NVIDIA GeForce RTX 5060, 591.86, P8, 29, 1, 411, 8151, 9.97, 145.00, 480, 405, 1, 8
2026-09-04T09:00:24.8362879+07:00,2026/09/04 09:00:24.867, NVIDIA GeForce RTX 5060, 591.86, P8, 29, 1, 411, 8151, 9.93, 145.00, 457, 405, 1, 8
2026-09-04T09:00:29.8740820+07:00,2026/09/04 09:00:29.905, NVIDIA GeForce RTX 5060, 591.86, P8, 29, 1, 411, 8151, 9.95, 145.00, 465, 405, 1, 8
2026-09-04T09:00:34.9735627+07:00,2026/09/04 09:00:35.004, NVIDIA GeForce RTX 5060, 591.86, P8, 29, 1, 411, 8151, 9.92, 145.00, 465, 405, 1, 8
2026-09-04T09:00:40.0268494+07:00,2026/09/04 09:00:40.057, NVIDIA GeForce RTX 5060, 591.86, P8, 29, 1, 411, 8151, 10.00, 145.00, 457, 405, 1, 8
2026-09-04T09:00:45.0644546+07:00,2026/09/04 09:00:45.095, NVIDIA GeForce RTX 5060, 591.86, P8, 29, 1, 411, 8151, 9.94, 145.00, 480, 405, 1, 8
2026-09-04T09:00:50.1159423+07:00,2026/09/04 09:00:50.146, NVIDIA GeForce RTX 5060, 591.86, P8, 29, 1, 411, 8151, 10.08, 145.00, 480, 405, 1, 8
2026-09-04T09:00:55.1534260+07:00,2026/09/04 09:00:55.184, NVIDIA GeForce RTX 5060, 591.86, P8, 29, 1, 411, 8151, 9.90, 145.00, 472, 405, 1, 8
2026-09-04T09:01:00.1911084+07:00,2026/09/04 09:01:00.222, NVIDIA GeForce RTX 5060, 591.86, P8, 29, 1, 411, 8151, 10.01, 145.00, 457, 405, 1, 8
2026-09-04T09:01:05.2913152+07:00,2026/09/04 09:01:05.322, NVIDIA GeForce RTX 5060, 591.86, P8, 29, 1, 411, 8151, 9.85, 145.00, 457, 405, 1, 8
2026-09-04T09:01:10.3440324+07:00,2026/09/04 09:01:10.375, NVIDIA GeForce RTX 5060, 591.86, P8, 29, 1, 411, 8151, 9.94, 145.00, 472, 405, 1, 8
2026-09-04T09:01:15.3966934+07:00,2026/09/04 09:01:15.427, NVIDIA GeForce RTX 5060, 591.86, P8, 29, 1, 411, 8151, 9.89, 145.00, 465, 405, 1, 8
2026-09-04T09:01:20.4501100+07:00,2026/09/04 09:01:20.481, NVIDIA GeForce RTX 5060, 591.86, P8, 29, 1, 411, 8151, 9.90, 145.00, 465, 405, 1, 8
2026-09-04T09:01:25.4873609+07:00,2026/09/04 09:01:25.518, NVIDIA GeForce RTX 5060, 591.86, P8, 29, 1, 411, 8151, 9.96, 145.00, 472, 405, 1, 8
2026-09-04T09:01:30.5245846+07:00,2026/09/04 09:01:30.555, NVIDIA GeForce RTX 5060, 591.86, P8, 29, 1, 411, 8151, 9.90, 145.00, 472, 405, 1, 8
2026-09-04T09:01:35.6244893+07:00,2026/09/04 09:01:35.655, NVIDIA GeForce RTX 5060, 591.86, P8, 29, 1, 411, 8151, 9.85, 145.00, 480, 405, 1, 8
2026-09-04T09:01:40.6620963+07:00,2026/09/04 09:01:40.693, NVIDIA GeForce RTX 5060, 591.86, P8, 29, 1, 411, 8151, 10.04, 145.00, 480, 405, 1, 8
2026-09-04T09:01:45.6993352+07:00,2026/09/04 09:01:45.745, NVIDIA GeForce RTX 5060, 591.86, P8, 29, 1, 411, 8151, 9.92, 145.00, 465, 405, 1, 8
2026-09-04T09:01:50.7523344+07:00,2026/09/04 09:01:50.783, NVIDIA GeForce RTX 5060, 591.86, P8, 29, 1, 411, 8151, 9.96, 145.00, 480, 405, 1, 8
2026-09-04T09:01:55.7895808+07:00,2026/09/04 09:01:55.851, NVIDIA GeForce RTX 5060, 591.86, P8, 29, 1, 411, 8151, 10.06, 145.00, 472, 405, 1, 8
2026-09-04T09:02:00.8734719+07:00,2026/09/04 09:02:00.935, NVIDIA GeForce RTX 5060, 591.86, P8, 29, 1, 411, 8151, 9.96, 145.00, 480, 405, 1, 8
2026-09-04T09:02:06.0039861+07:00,2026/09/04 09:02:06.081, NVIDIA GeForce RTX 5060, 591.86, P8, 29, 1, 411, 8151, 9.99, 145.00, 480, 405, 1, 8
2026-09-04T09:02:11.1034850+07:00,2026/09/04 09:02:11.165, NVIDIA GeForce RTX 5060, 591.86, P8, 29, 1, 411, 8151, 9.76, 145.00, 465, 405, 1, 8
2026-09-04T09:02:16.1722109+07:00,2026/09/04 09:02:16.218, NVIDIA GeForce RTX 5060, 591.86, P8, 29, 1, 411, 8151, 9.98, 145.00, 465, 405, 1, 8
2026-09-04T09:02:21.2252921+07:00,2026/09/04 09:02:21.271, NVIDIA GeForce RTX 5060, 591.86, P8, 29, 2, 411, 8151, 10.11, 145.00, 480, 405, 1, 8
2026-09-04T09:02:26.2937245+07:00,2026/09/04 09:02:26.340, NVIDIA GeForce RTX 5060, 591.86, P8, 29, 0, 418, 8151, 8.87, 145.00, 202, 405, 1, 8
2026-09-04T09:02:31.3622223+07:00,2026/09/04 09:02:31.408, NVIDIA GeForce RTX 5060, 591.86, P8, 29, 1, 411, 8151, 10.07, 145.00, 472, 405, 1, 8
2026-09-04T09:02:36.4772242+07:00,2026/09/04 09:02:36.554, NVIDIA GeForce RTX 5060, 591.86, P5, 30, 1, 415, 8151, 20.33, 145.00, 832, 810, 2, 8
2026-09-04T09:02:41.5761427+07:00,2026/09/04 09:02:41.607, NVIDIA GeForce RTX 5060, 591.86, P8, 29, 1, 416, 8151, 9.98, 145.00, 480, 405, 1, 8
2026-09-04T09:02:46.6143122+07:00,2026/09/04 09:02:46.645, NVIDIA GeForce RTX 5060, 591.86, P8, 29, 1, 411, 8151, 9.97, 145.00, 480, 405, 1, 8
2026-09-04T09:02:51.6516919+07:00,2026/09/04 09:02:51.682, NVIDIA GeForce RTX 5060, 591.86, P8, 29, 1, 411, 8151, 9.91, 145.00, 487, 405, 1, 8
2026-09-04T09:02:56.6894433+07:00,2026/09/04 09:02:56.720, NVIDIA GeForce RTX 5060, 591.86, P8, 29, 1, 411, 8151, 9.95, 145.00, 480, 405, 1, 8
2026-09-04T09:03:01.7262988+07:00,2026/09/04 09:03:01.757, NVIDIA GeForce RTX 5060, 591.86, P8, 29, 1, 411, 8151, 9.80, 145.00, 495, 405, 1, 8
2026-09-04T09:03:06.8258034+07:00,2026/09/04 09:03:06.872, NVIDIA GeForce RTX 5060, 591.86, P8, 29, 1, 411, 8151, 9.94, 145.00, 480, 405, 1, 8
2026-09-04T09:03:11.9410177+07:00,2026/09/04 09:03:11.987, NVIDIA GeForce RTX 5060, 591.86, P8, 29, 1, 411, 8151, 9.95, 145.00, 472, 405, 1, 8
2026-09-04T09:03:17.0250889+07:00,2026/09/04 09:03:17.056, NVIDIA GeForce RTX 5060, 591.86, P8, 29, 1, 411, 8151, 10.02, 145.00, 480, 405, 1, 8
2026-09-04T09:03:22.0785636+07:00,2026/09/04 09:03:22.109, NVIDIA GeForce RTX 5060, 591.86, P8, 29, 1, 411, 8151, 9.97, 145.00, 472, 405, 1, 8
2026-09-04T09:03:27.1163209+07:00,2026/09/04 09:03:27.178, NVIDIA GeForce RTX 5060, 591.86, P8, 29, 1, 411, 8151, 10.02, 145.00, 480, 405, 1, 8
2026-09-04T09:03:32.2002958+07:00,2026/09/04 09:03:32.277, NVIDIA GeForce RTX 5060, 591.86, P8, 29, 1, 411, 8151, 9.96, 145.00, 465, 405, 1, 8
2026-09-04T09:03:37.3463860+07:00,2026/09/04 09:03:37.454, NVIDIA GeForce RTX 5060, 591.86, P8, 29, 1, 411, 8151, 10.02, 145.00, 480, 405, 1, 8
2026-09-04T09:03:42.4923859+07:00,2026/09/04 09:03:42.569, NVIDIA GeForce RTX 5060, 591.86, P8, 29, 1, 411, 8151, 9.84, 145.00, 465, 405, 1, 8
2026-09-04T09:03:47.6069290+07:00,2026/09/04 09:03:47.730, NVIDIA GeForce RTX 5060, 591.86, P8, 29, 2, 411, 8151, 9.86, 145.00, 465, 405, 1, 8
2026-09-04T09:03:52.7675287+07:00,2026/09/04 09:03:52.829, NVIDIA GeForce RTX 5060, 591.86, P8, 29, 1, 411, 8151, 9.73, 145.00, 480, 405, 1, 8
2026-09-04T09:03:57.8826192+07:00,2026/09/04 09:03:57.975, NVIDIA GeForce RTX 5060, 591.86, P8, 29, 1, 411, 8151, 9.93, 145.00, 465, 405, 1, 8
2026-09-04T09:04:03.0285480+07:00,2026/09/04 09:04:03.090, NVIDIA GeForce RTX 5060, 591.86, P8, 29, 1, 411, 8151, 9.87, 145.00, 472, 405, 1, 8
2026-09-04T09:04:08.1746380+07:00,2026/09/04 09:04:08.252, NVIDIA GeForce RTX 5060, 591.86, P8, 29, 1, 411, 8151, 9.98, 145.00, 465, 405, 1, 8
2026-09-04T09:04:13.2741380+07:00,2026/09/04 09:04:13.367, NVIDIA GeForce RTX 5060, 591.86, P8, 29, 1, 411, 8151, 9.91, 145.00, 465, 405, 1, 8
2026-09-04T09:04:18.3893706+07:00,2026/09/04 09:04:18.451, NVIDIA GeForce RTX 5060, 591.86, P8, 29, 1, 411, 8151, 9.96, 145.00, 480, 405, 1, 8
2026-09-04T09:04:23.4732812+07:00,2026/09/04 09:04:23.535, NVIDIA GeForce RTX 5060, 591.86, P8, 29, 1, 411, 8151, 9.97, 145.00, 457, 405, 1, 8
2026-09-04T09:04:28.5575490+07:00,2026/09/04 09:04:28.650, NVIDIA GeForce RTX 5060, 591.86, P8, 29, 1, 411, 8151, 9.89, 145.00, 472, 405, 1, 8
2026-09-04T09:04:33.7035492+07:00,2026/09/04 09:04:33.843, NVIDIA GeForce RTX 5060, 591.86, P8, 29, 2, 411, 8151, 10.12, 145.00, 480, 405, 1, 8
2026-09-04T09:04:38.9425654+07:00,2026/09/04 09:04:39.020, NVIDIA GeForce RTX 5060, 591.86, P8, 29, 1, 411, 8151, 10.06, 145.00, 465, 405, 1, 8
2026-09-04T09:04:44.0420657+07:00,2026/09/04 09:04:44.088, NVIDIA GeForce RTX 5060, 591.86, P8, 29, 1, 411, 8151, 10.01, 145.00, 472, 405, 1, 8
2026-09-04T09:04:49.1107557+07:00,2026/09/04 09:04:49.188, NVIDIA GeForce RTX 5060, 591.86, P8, 29, 1, 411, 8151, 10.15, 145.00, 457, 405, 1, 8
2026-09-04T09:04:54.2094358+07:00,2026/09/04 09:04:54.271, NVIDIA GeForce RTX 5060, 591.86, P8, 29, 1, 411, 8151, 9.89, 145.00, 457, 405, 1, 8
2026-09-04T09:04:59.2930952+07:00,2026/09/04 09:04:59.355, NVIDIA GeForce RTX 5060, 591.86, P8, 29, 1, 411, 8151, 9.95, 145.00, 465, 405, 1, 8
2026-09-04T09:05:04.3771494+07:00,2026/09/04 09:05:04.470, NVIDIA GeForce RTX 5060, 591.86, P8, 29, 1, 411, 8151, 9.96, 145.00, 465, 405, 1, 8
2026-09-04T09:05:09.5699950+07:00,2026/09/04 09:05:09.647, NVIDIA GeForce RTX 5060, 591.86, P8, 29, 1, 411, 8151, 9.66, 145.00, 472, 405, 1, 8
2026-09-04T09:05:14.6699636+07:00,2026/09/04 09:05:14.716, NVIDIA GeForce RTX 5060, 591.86, P8, 29, 1, 411, 8151, 9.77, 145.00, 465, 405, 1, 8
2026-09-04T09:05:19.7671429+07:00,2026/09/04 09:05:19.813, NVIDIA GeForce RTX 5060, 591.86, P8, 29, 1, 411, 8151, 9.78, 145.00, 465, 405, 1, 8
2026-09-04T09:05:24.8354590+07:00,2026/09/04 09:05:24.897, NVIDIA GeForce RTX 5060, 591.86, P8, 29, 1, 411, 8151, 9.89, 145.00, 465, 405, 1, 8
2026-09-04T09:05:29.9182511+07:00,2026/09/04 09:05:29.949, NVIDIA GeForce RTX 5060, 591.86, P8, 29, 1, 411, 8151, 9.97, 145.00, 465, 405, 1, 8
2026-09-04T09:05:34.9553053+07:00,2026/09/04 09:05:35.001, NVIDIA GeForce RTX 5060, 591.86, P8, 29, 1, 411, 8151, 9.92, 145.00, 457, 405, 1, 8
2026-09-04T09:05:40.0706007+07:00,2026/09/04 09:05:40.148, NVIDIA GeForce RTX 5060, 591.86, P8, 29, 1, 411, 8151, 9.89, 145.00, 450, 405, 1, 8
2026-09-04T09:05:45.1702833+07:00,2026/09/04 09:05:45.232, NVIDIA GeForce RTX 5060, 591.86, P8, 29, 1, 411, 8151, 9.91, 145.00, 450, 405, 1, 8
2026-09-04T09:05:50.2525260+07:00,2026/09/04 09:05:50.283, NVIDIA GeForce RTX 5060, 591.86, P8, 29, 1, 411, 8151, 10.06, 145.00, 472, 405, 1, 8
2026-09-04T09:05:55.2900772+07:00,2026/09/04 09:05:55.352, NVIDIA GeForce RTX 5060, 591.86, P8, 29, 1, 411, 8151, 9.96, 145.00, 450, 405, 1, 8
2026-09-04T09:06:00.3734053+07:00,2026/09/04 09:06:00.419, NVIDIA GeForce RTX 5060, 591.86, P8, 29, 1, 411, 8151, 9.88, 145.00, 450, 405, 1, 8
2026-09-04T09:06:05.4421122+07:00,2026/09/04 09:06:05.488, NVIDIA GeForce RTX 5060, 591.86, P8, 29, 1, 411, 8151, 10.01, 145.00, 465, 405, 1, 8
2026-09-04T09:06:10.5571271+07:00,2026/09/04 09:06:10.634, NVIDIA GeForce RTX 5060, 591.86, P8, 29, 1, 411, 8151, 9.87, 145.00, 450, 405, 1, 8
2026-09-04T09:06:15.6723797+07:00,2026/09/04 09:06:15.780, NVIDIA GeForce RTX 5060, 591.86, P8, 29, 1, 411, 8151, 10.15, 145.00, 465, 405, 1, 8
2026-09-04T09:06:20.8167051+07:00,2026/09/04 09:06:20.909, NVIDIA GeForce RTX 5060, 591.86, P8, 29, 1, 411, 8151, 9.92, 145.00, 465, 405, 1, 8
2026-09-04T09:06:25.9325108+07:00,2026/09/04 09:06:25.979, NVIDIA GeForce RTX 5060, 591.86, P8, 29, 1, 411, 8151, 9.94, 145.00, 442, 405, 1, 8
2026-09-04T09:06:31.0005812+07:00,2026/09/04 09:06:31.078, NVIDIA GeForce RTX 5060, 591.86, P8, 29, 1, 411, 8151, 10.01, 145.00, 457, 405, 1, 8
2026-09-04T09:06:36.0994911+07:00,2026/09/04 09:06:36.192, NVIDIA GeForce RTX 5060, 591.86, P8, 29, 1, 411, 8151, 10.02, 145.00, 480, 405, 1, 8
2026-09-04T09:06:41.2615774+07:00,2026/09/04 09:06:41.292, NVIDIA GeForce RTX 5060, 591.86, P8, 29, 1, 411, 8151, 9.82, 145.00, 435, 405, 1, 8
2026-09-04T09:06:46.2994855+07:00,2026/09/04 09:06:46.330, NVIDIA GeForce RTX 5060, 591.86, P8, 29, 1, 411, 8151, 10.08, 145.00, 487, 405, 1, 8
2026-09-04T09:06:51.3365350+07:00,2026/09/04 09:06:51.367, NVIDIA GeForce RTX 5060, 591.86, P8, 29, 1, 411, 8151, 9.97, 145.00, 457, 405, 1, 8
2026-09-04T09:06:56.3738685+07:00,2026/09/04 09:06:56.404, NVIDIA GeForce RTX 5060, 591.86, P8, 29, 1, 411, 8151, 9.87, 145.00, 480, 405, 1, 8
2026-09-04T09:07:01.4257254+07:00,2026/09/04 09:07:01.456, NVIDIA GeForce RTX 5060, 591.86, P8, 29, 1, 411, 8151, 9.89, 145.00, 465, 405, 1, 8
2026-09-04T09:07:06.4636562+07:00,2026/09/04 09:07:06.494, NVIDIA GeForce RTX 5060, 591.86, P8, 29, 1, 411, 8151, 10.02, 145.00, 457, 405, 1, 8
2026-09-04T09:07:11.5484890+07:00,2026/09/04 09:07:11.579, NVIDIA GeForce RTX 5060, 591.86, P8, 29, 1, 411, 8151, 9.96, 145.00, 450, 405, 1, 8
2026-09-04T09:07:16.6012155+07:00,2026/09/04 09:07:16.632, NVIDIA GeForce RTX 5060, 591.86, P8, 29, 1, 411, 8151, 10.08, 145.00, 472, 405, 1, 8
2026-09-04T09:07:21.6536158+07:00,2026/09/04 09:07:21.684, NVIDIA GeForce RTX 5060, 591.86, P8, 29, 1, 411, 8151, 10.02, 145.00, 435, 405, 1, 8
2026-09-04T09:07:26.7052949+07:00,2026/09/04 09:07:26.736, NVIDIA GeForce RTX 5060, 591.86, P8, 29, 1, 411, 8151, 9.95, 145.00, 457, 405, 1, 8
2026-09-04T09:07:31.7426230+07:00,2026/09/04 09:07:31.773, NVIDIA GeForce RTX 5060, 591.86, P8, 29, 1, 411, 8151, 9.83, 145.00, 457, 405, 1, 8
2026-09-04T09:07:36.7935052+07:00,2026/09/04 09:07:36.824, NVIDIA GeForce RTX 5060, 591.86, P8, 29, 1, 411, 8151, 9.73, 145.00, 457, 405, 1, 8
2026-09-04T09:07:41.8933696+07:00,2026/09/04 09:07:41.924, NVIDIA GeForce RTX 5060, 591.86, P8, 29, 1, 411, 8151, 9.95, 145.00, 457, 405, 1, 8
2026-09-04T09:07:46.9313834+07:00,2026/09/04 09:07:46.962, NVIDIA GeForce RTX 5060, 591.86, P8, 29, 1, 411, 8151, 10.07, 145.00, 487, 405, 1, 8
2026-09-04T09:07:51.9837273+07:00,2026/09/04 09:07:52.014, NVIDIA GeForce RTX 5060, 591.86, P8, 29, 1, 411, 8151, 10.14, 145.00, 487, 405, 1, 8
2026-09-04T09:07:57.0368548+07:00,2026/09/04 09:07:57.083, NVIDIA GeForce RTX 5060, 591.86, P8, 29, 1, 411, 8151, 10.02, 145.00, 472, 405, 1, 8
2026-09-04T09:08:02.1056278+07:00,2026/09/04 09:08:02.136, NVIDIA GeForce RTX 5060, 591.86, P8, 29, 1, 411, 8151, 10.05, 145.00, 472, 405, 1, 8
2026-09-04T09:08:07.1438721+07:00,2026/09/04 09:08:07.190, NVIDIA GeForce RTX 5060, 591.86, P8, 29, 1, 411, 8151, 10.06, 145.00, 480, 405, 1, 8
2026-09-04T09:08:12.2582628+07:00,2026/09/04 09:08:12.305, NVIDIA GeForce RTX 5060, 591.86, P8, 29, 1, 411, 8151, 10.19, 145.00, 480, 405, 1, 8
2026-09-04T09:08:17.3274612+07:00,2026/09/04 09:08:17.373, NVIDIA GeForce RTX 5060, 591.86, P8, 29, 1, 411, 8151, 10.11, 145.00, 465, 405, 1, 8
2026-09-04T09:08:22.3959989+07:00,2026/09/04 09:08:22.442, NVIDIA GeForce RTX 5060, 591.86, P8, 29, 1, 411, 8151, 10.11, 145.00, 472, 405, 1, 8
2026-09-04T09:08:27.4653987+07:00,2026/09/04 09:08:27.511, NVIDIA GeForce RTX 5060, 591.86, P8, 29, 1, 411, 8151, 10.08, 145.00, 457, 405, 1, 8
2026-09-04T09:08:32.5326395+07:00,2026/09/04 09:08:32.564, NVIDIA GeForce RTX 5060, 591.86, P8, 29, 1, 411, 8151, 10.04, 145.00, 487, 405, 1, 8
2026-09-04T09:08:37.5866383+07:00,2026/09/04 09:08:37.633, NVIDIA GeForce RTX 5060, 591.86, P8, 29, 1, 411, 8151, 10.09, 145.00, 465, 405, 1, 8
2026-09-04T09:08:42.7183071+07:00,2026/09/04 09:08:42.780, NVIDIA GeForce RTX 5060, 591.86, P8, 29, 1, 411, 8151, 10.28, 145.00, 495, 405, 1, 8
2026-09-04T09:08:47.8022635+07:00,2026/09/04 09:08:47.848, NVIDIA GeForce RTX 5060, 591.86, P8, 29, 1, 411, 8151, 10.21, 145.00, 480, 405, 1, 8
2026-09-04T09:08:52.8712395+07:00,2026/09/04 09:08:52.917, NVIDIA GeForce RTX 5060, 591.86, P8, 29, 1, 411, 8151, 10.16, 145.00, 487, 405, 1, 8
2026-09-04T09:08:57.9394607+07:00,2026/09/04 09:08:57.986, NVIDIA GeForce RTX 5060, 591.86, P8, 29, 1, 411, 8151, 10.05, 145.00, 472, 405, 1, 8
2026-09-04T09:09:03.0076334+07:00,2026/09/04 09:09:03.054, NVIDIA GeForce RTX 5060, 591.86, P8, 29, 1, 411, 8151, 10.06, 145.00, 465, 405, 1, 8
2026-09-04T09:09:08.0759148+07:00,2026/09/04 09:09:08.137, NVIDIA GeForce RTX 5060, 591.86, P8, 29, 1, 411, 8151, 10.11, 145.00, 480, 405, 1, 8
2026-09-04T09:09:13.2373887+07:00,2026/09/04 09:09:13.284, NVIDIA GeForce RTX 5060, 591.86, P8, 29, 2, 411, 8151, 10.17, 145.00, 480, 405, 1, 8
2026-09-04T09:09:18.3033728+07:00,2026/09/04 09:09:18.349, NVIDIA GeForce RTX 5060, 591.86, P8, 29, 1, 411, 8151, 10.11, 145.00, 472, 405, 1, 8
2026-09-04T09:09:23.3717248+07:00,2026/09/04 09:09:23.433, NVIDIA GeForce RTX 5060, 591.86, P8, 29, 1, 411, 8151, 10.13, 145.00, 465, 405, 1, 8
2026-09-04T09:09:28.4551902+07:00,2026/09/04 09:09:28.517, NVIDIA GeForce RTX 5060, 591.86, P8, 29, 1, 411, 8151, 10.17, 145.00, 472, 405, 1, 8
2026-09-04T09:09:33.5393650+07:00,2026/09/04 09:09:33.601, NVIDIA GeForce RTX 5060, 591.86, P8, 29, 1, 411, 8151, 10.22, 145.00, 465, 405, 1, 8
2026-09-04T09:09:38.6231124+07:00,2026/09/04 09:09:38.669, NVIDIA GeForce RTX 5060, 591.86, P8, 29, 1, 411, 8151, 10.23, 145.00, 487, 405, 1, 8
2026-09-04T09:09:43.7379152+07:00,2026/09/04 09:09:43.768, NVIDIA GeForce RTX 5060, 591.86, P8, 29, 1, 411, 8151, 10.17, 145.00, 487, 405, 1, 8
2026-09-04T09:09:48.7913382+07:00,2026/09/04 09:09:48.838, NVIDIA GeForce RTX 5060, 591.86, P8, 29, 1, 411, 8151, 10.23, 145.00, 480, 405, 1, 8
2026-09-04T09:09:53.8571581+07:00,2026/09/04 09:09:53.919, NVIDIA GeForce RTX 5060, 591.86, P8, 29, 1, 411, 8151, 10.17, 145.00, 472, 405, 1, 8
2026-09-04T09:09:58.9551599+07:00,2026/09/04 09:09:59.001, NVIDIA GeForce RTX 5060, 591.86, P8, 29, 1, 411, 8151, 10.18, 145.00, 487, 405, 1, 8
2026-09-04T09:10:04.0235202+07:00,2026/09/04 09:10:04.070, NVIDIA GeForce RTX 5060, 591.86, P8, 29, 1, 411, 8151, 10.13, 145.00, 472, 405, 1, 8
2026-09-04T09:10:09.0906589+07:00,2026/09/04 09:10:09.152, NVIDIA GeForce RTX 5060, 591.86, P8, 29, 1, 411, 8151, 10.06, 145.00, 487, 405, 1, 8
2026-09-04T09:10:14.2209476+07:00,2026/09/04 09:10:14.267, NVIDIA GeForce RTX 5060, 591.86, P8, 29, 1, 411, 8151, 10.11, 145.00, 472, 405, 1, 8
2026-09-04T09:10:19.2894477+07:00,2026/09/04 09:10:19.335, NVIDIA GeForce RTX 5060, 591.86, P8, 29, 1, 411, 8151, 10.04, 145.00, 465, 405, 1, 8
2026-09-04T09:10:24.3554374+07:00,2026/09/04 09:10:24.401, NVIDIA GeForce RTX 5060, 591.86, P8, 29, 1, 411, 8151, 10.07, 145.00, 487, 405, 1, 8
2026-09-04T09:10:29.4224811+07:00,2026/09/04 09:10:29.484, NVIDIA GeForce RTX 5060, 591.86, P8, 29, 1, 411, 8151, 10.07, 145.00, 480, 405, 1, 8
2026-09-04T09:10:34.5050093+07:00,2026/09/04 09:10:34.583, NVIDIA GeForce RTX 5060, 591.86, P8, 29, 1, 411, 8151, 9.92, 145.00, 480, 405, 1, 8
2026-09-04T09:10:39.6035659+07:00,2026/09/04 09:10:39.650, NVIDIA GeForce RTX 5060, 591.86, P8, 29, 1, 411, 8151, 9.94, 145.00, 487, 405, 1, 8
2026-09-04T09:10:44.7177293+07:00,2026/09/04 09:10:44.764, NVIDIA GeForce RTX 5060, 591.86, P8, 29, 1, 411, 8151, 9.90, 145.00, 480, 405, 1, 8
2026-09-04T09:10:49.7859350+07:00,2026/09/04 09:10:49.817, NVIDIA GeForce RTX 5060, 591.86, P8, 29, 1, 411, 8151, 9.96, 145.00, 487, 405, 1, 8
2026-09-04T09:10:54.8239594+07:00,2026/09/04 09:10:54.854, NVIDIA GeForce RTX 5060, 591.86, P8, 29, 2, 411, 8151, 9.95, 145.00, 465, 405, 1, 8
2026-09-04T09:10:59.8615979+07:00,2026/09/04 09:10:59.954, NVIDIA GeForce RTX 5060, 591.86, P8, 29, 2, 411, 8151, 10.10, 145.00, 480, 405, 1, 8
2026-09-04T09:11:05.0075978+07:00,2026/09/04 09:11:05.100, NVIDIA GeForce RTX 5060, 591.86, P8, 29, 1, 411, 8151, 10.02, 145.00, 472, 405, 1, 8
2026-09-04T09:11:10.1231128+07:00,2026/09/04 09:11:10.216, NVIDIA GeForce RTX 5060, 591.86, P8, 29, 1, 411, 8151, 9.90, 145.00, 457, 405, 1, 8
2026-09-04T09:11:15.2846130+07:00,2026/09/04 09:11:15.377, NVIDIA GeForce RTX 5060, 591.86, P8, 29, 1, 411, 8151, 9.98, 145.00, 465, 405, 1, 8
2026-09-04T09:11:20.4151266+07:00,2026/09/04 09:11:20.508, NVIDIA GeForce RTX 5060, 591.86, P8, 29, 1, 411, 8151, 10.03, 145.00, 457, 405, 1, 8
2026-09-04T09:11:25.5456273+07:00,2026/09/04 09:11:25.592, NVIDIA GeForce RTX 5060, 591.86, P8, 29, 2, 411, 8151, 10.21, 145.00, 465, 405, 1, 8
2026-09-04T09:11:30.6146413+07:00,2026/09/04 09:11:30.692, NVIDIA GeForce RTX 5060, 591.86, P8, 29, 0, 415, 8151, 9.26, 145.00, 307, 405, 1, 8
2026-09-04T09:11:35.7145901+07:00,2026/09/04 09:11:35.745, NVIDIA GeForce RTX 5060, 591.86, P8, 29, 1, 411, 8151, 9.99, 145.00, 472, 405, 1, 8
2026-09-04T09:11:40.7665497+07:00,2026/09/04 09:11:40.797, NVIDIA GeForce RTX 5060, 591.86, P8, 29, 1, 411, 8151, 9.83, 145.00, 465, 405, 1, 8
2026-09-04T09:11:45.8661713+07:00,2026/09/04 09:11:45.928, NVIDIA GeForce RTX 5060, 591.86, P8, 29, 1, 411, 8151, 9.89, 145.00, 465, 405, 1, 8
2026-09-04T09:11:50.9501844+07:00,2026/09/04 09:11:51.028, NVIDIA GeForce RTX 5060, 591.86, P8, 29, 1, 411, 8151, 9.98, 145.00, 465, 405, 1, 8
2026-09-04T09:11:56.0497655+07:00,2026/09/04 09:11:56.096, NVIDIA GeForce RTX 5060, 591.86, P8, 29, 1, 411, 8151, 9.97, 145.00, 465, 405, 1, 8
2026-09-04T09:12:01.1186215+07:00,2026/09/04 09:12:01.180, NVIDIA GeForce RTX 5060, 591.86, P8, 29, 1, 411, 8151, 9.84, 145.00, 465, 405, 1, 8
2026-09-04T09:12:06.2028634+07:00,2026/09/04 09:12:06.249, NVIDIA GeForce RTX 5060, 591.86, P8, 29, 1, 411, 8151, 9.77, 145.00, 457, 405, 1, 8
2026-09-04T09:12:11.2717731+07:00,2026/09/04 09:12:11.380, NVIDIA GeForce RTX 5060, 591.86, P8, 29, 1, 411, 8151, 9.75, 145.00, 472, 405, 1, 8
2026-09-04T09:12:16.4333094+07:00,2026/09/04 09:12:16.464, NVIDIA GeForce RTX 5060, 591.86, P8, 29, 1, 411, 8151, 9.72, 145.00, 457, 405, 1, 8
2026-09-04T09:12:21.4867305+07:00,2026/09/04 09:12:21.548, NVIDIA GeForce RTX 5060, 591.86, P8, 29, 1, 411, 8151, 9.86, 145.00, 472, 405, 1, 8
2026-09-04T09:12:26.5708121+07:00,2026/09/04 09:12:26.617, NVIDIA GeForce RTX 5060, 591.86, P8, 29, 1, 411, 8151, 9.76, 145.00, 472, 405, 1, 8
2026-09-04T09:12:31.6394648+07:00,2026/09/04 09:12:31.701, NVIDIA GeForce RTX 5060, 591.86, P8, 29, 1, 411, 8151, 9.86, 145.00, 465, 405, 1, 8
2026-09-04T09:12:36.7235904+07:00,2026/09/04 09:12:36.816, NVIDIA GeForce RTX 5060, 591.86, P8, 29, 1, 411, 8151, 9.81, 145.00, 457, 405, 1, 8
2026-09-04T09:12:41.8393641+07:00,2026/09/04 09:12:41.886, NVIDIA GeForce RTX 5060, 591.86, P8, 29, 1, 411, 8151, 9.95, 145.00, 457, 405, 1, 8
2026-09-04T09:12:46.9543641+07:00,2026/09/04 09:12:47.000, NVIDIA GeForce RTX 5060, 591.86, P8, 29, 1, 411, 8151, 9.94, 145.00, 472, 405, 1, 8
2026-09-04T09:12:52.0229693+07:00,2026/09/04 09:12:52.069, NVIDIA GeForce RTX 5060, 591.86, P8, 29, 1, 411, 8151, 10.01, 145.00, 457, 405, 1, 8
2026-09-04T09:12:57.0919193+07:00,2026/09/04 09:12:57.138, NVIDIA GeForce RTX 5060, 591.86, P8, 29, 1, 411, 8151, 9.97, 145.00, 465, 405, 1, 8
2026-09-04T09:13:02.1609132+07:00,2026/09/04 09:13:02.223, NVIDIA GeForce RTX 5060, 591.86, P8, 29, 1, 411, 8151, 9.98, 145.00, 465, 405, 1, 8
2026-09-04T09:13:07.2450917+07:00,2026/09/04 09:13:07.291, NVIDIA GeForce RTX 5060, 591.86, P8, 29, 1, 411, 8151, 10.05, 145.00, 465, 405, 1, 8
2026-09-04T09:13:12.3135228+07:00,2026/09/04 09:13:12.344, NVIDIA GeForce RTX 5060, 591.86, P8, 29, 1, 411, 8151, 9.95, 145.00, 450, 405, 1, 8
2026-09-04T09:13:17.4132204+07:00,2026/09/04 09:13:17.475, NVIDIA GeForce RTX 5060, 591.86, P8, 29, 1, 411, 8151, 10.12, 145.00, 480, 405, 1, 8
2026-09-04T09:13:22.5127382+07:00,2026/09/04 09:13:22.543, NVIDIA GeForce RTX 5060, 591.86, P8, 29, 1, 411, 8151, 9.91, 145.00, 442, 405, 1, 8
2026-09-04T09:13:27.5502560+07:00,2026/09/04 09:13:27.596, NVIDIA GeForce RTX 5060, 591.86, P8, 29, 1, 411, 8151, 9.84, 145.00, 450, 405, 1, 8
2026-09-04T09:13:32.6034724+07:00,2026/09/04 09:13:32.665, NVIDIA GeForce RTX 5060, 591.86, P8, 29, 1, 411, 8151, 9.92, 145.00, 487, 405, 1, 8
2026-09-04T09:13:37.6721009+07:00,2026/09/04 09:13:37.718, NVIDIA GeForce RTX 5060, 591.86, P8, 29, 1, 411, 8151, 9.95, 145.00, 472, 405, 1, 8
2026-09-04T09:13:42.7256292+07:00,2026/09/04 09:13:42.787, NVIDIA GeForce RTX 5060, 591.86, P8, 29, 1, 411, 8151, 9.78, 145.00, 465, 405, 1, 8
2026-09-04T09:13:47.8562239+07:00,2026/09/04 09:13:47.887, NVIDIA GeForce RTX 5060, 591.86, P8, 29, 1, 411, 8151, 9.84, 145.00, 457, 405, 1, 8
2026-09-04T09:13:52.8933679+07:00,2026/09/04 09:13:52.939, NVIDIA GeForce RTX 5060, 591.86, P8, 29, 1, 411, 8151, 9.77, 145.00, 472, 405, 1, 8
2026-09-04T09:13:57.9475678+07:00,2026/09/04 09:13:57.994, NVIDIA GeForce RTX 5060, 591.86, P8, 29, 1, 411, 8151, 9.72, 145.00, 465, 405, 1, 8
2026-09-04T09:14:03.0007237+07:00,2026/09/04 09:14:03.047, NVIDIA GeForce RTX 5060, 591.86, P8, 29, 1, 411, 8151, 9.78, 145.00, 472, 405, 1, 8
2026-09-04T09:14:08.0532531+07:00,2026/09/04 09:14:08.099, NVIDIA GeForce RTX 5060, 591.86, P8, 29, 1, 411, 8151, 9.72, 145.00, 465, 405, 1, 8
2026-09-04T09:14:13.1220245+07:00,2026/09/04 09:14:13.168, NVIDIA GeForce RTX 5060, 591.86, P8, 29, 1, 411, 8151, 9.91, 145.00, 472, 405, 1, 8
2026-09-04T09:14:18.2373893+07:00,2026/09/04 09:14:18.298, NVIDIA GeForce RTX 5060, 591.86, P8, 29, 1, 411, 8151, 9.93, 145.00, 480, 405, 1, 8
2026-09-04T09:14:23.3056679+07:00,2026/09/04 09:14:23.352, NVIDIA GeForce RTX 5060, 591.86, P8, 29, 1, 411, 8151, 9.94, 145.00, 472, 405, 1, 8
2026-09-04T09:14:28.3741872+07:00,2026/09/04 09:14:28.405, NVIDIA GeForce RTX 5060, 591.86, P8, 29, 1, 411, 8151, 9.83, 145.00, 472, 405, 1, 8
2026-09-04T09:14:33.4118992+07:00,2026/09/04 09:14:33.458, NVIDIA GeForce RTX 5060, 591.86, P8, 29, 1, 411, 8151, 9.81, 145.00, 472, 405, 1, 8
2026-09-04T09:14:38.4801786+07:00,2026/09/04 09:14:38.511, NVIDIA GeForce RTX 5060, 591.86, P8, 29, 1, 411, 8151, 9.91, 145.00, 465, 405, 1, 8
2026-09-04T09:14:43.5176873+07:00,2026/09/04 09:14:43.564, NVIDIA GeForce RTX 5060, 591.86, P8, 29, 1, 411, 8151, 9.87, 145.00, 472, 405, 1, 8
2026-09-04T09:14:48.6323831+07:00,2026/09/04 09:14:48.663, NVIDIA GeForce RTX 5060, 591.86, P8, 29, 1, 411, 8151, 9.82, 145.00, 480, 405, 1, 8
2026-09-04T09:14:53.6849103+07:00,2026/09/04 09:14:53.731, NVIDIA GeForce RTX 5060, 591.86, P8, 29, 1, 411, 8151, 10.02, 145.00, 465, 405, 1, 8
2026-09-04T09:14:58.7526839+07:00,2026/09/04 09:14:58.799, NVIDIA GeForce RTX 5060, 591.86, P8, 29, 1, 411, 8151, 9.94, 145.00, 472, 405, 1, 8
2026-09-04T09:15:03.8060635+07:00,2026/09/04 09:15:03.868, NVIDIA GeForce RTX 5060, 591.86, P8, 29, 1, 411, 8151, 10.09, 145.00, 487, 405, 1, 8
2026-09-04T09:15:08.8891437+07:00,2026/09/04 09:15:08.920, NVIDIA GeForce RTX 5060, 591.86, P8, 29, 1, 411, 8151, 9.91, 145.00, 465, 405, 1, 8
2026-09-04T09:15:13.9273796+07:00,2026/09/04 09:15:13.958, NVIDIA GeForce RTX 5060, 591.86, P8, 29, 1, 411, 8151, 10.14, 145.00, 480, 405, 1, 8
2026-09-04T09:15:19.0261434+07:00,2026/09/04 09:15:19.072, NVIDIA GeForce RTX 5060, 591.86, P8, 29, 1, 411, 8151, 9.91, 145.00, 465, 405, 1, 8
2026-09-04T09:15:24.0798851+07:00,2026/09/04 09:15:24.126, NVIDIA GeForce RTX 5060, 591.86, P8, 29, 1, 411, 8151, 9.99, 145.00, 465, 405, 1, 8
2026-09-04T09:15:29.1337884+07:00,2026/09/04 09:15:29.195, NVIDIA GeForce RTX 5060, 591.86, P8, 29, 1, 411, 8151, 10.00, 145.00, 480, 405, 1, 8
2026-09-04T09:15:34.2175298+07:00,2026/09/04 09:15:34.248, NVIDIA GeForce RTX 5060, 591.86, P8, 29, 1, 411, 8151, 9.91, 145.00, 480, 405, 1, 8
2026-09-04T09:15:39.2553566+07:00,2026/09/04 09:15:39.317, NVIDIA GeForce RTX 5060, 591.86, P8, 29, 1, 411, 8151, 9.87, 145.00, 480, 405, 1, 8
2026-09-04T09:15:44.3240100+07:00,2026/09/04 09:15:44.355, NVIDIA GeForce RTX 5060, 591.86, P8, 29, 1, 411, 8151, 9.88, 145.00, 465, 405, 1, 8
2026-09-04T09:15:49.4235102+07:00,2026/09/04 09:15:49.485, NVIDIA GeForce RTX 5060, 591.86, P8, 29, 1, 411, 8151, 10.02, 145.00, 480, 405, 1, 8
2026-09-04T09:15:54.4920237+07:00,2026/09/04 09:15:54.523, NVIDIA GeForce RTX 5060, 591.86, P8, 29, 1, 411, 8151, 9.85, 145.00, 480, 405, 1, 8
2026-09-04T09:15:59.5297034+07:00,2026/09/04 09:15:59.560, NVIDIA GeForce RTX 5060, 591.86, P8, 29, 1, 411, 8151, 9.85, 145.00, 480, 405, 1, 8
2026-09-04T09:16:04.5667669+07:00,2026/09/04 09:16:04.597, NVIDIA GeForce RTX 5060, 591.86, P8, 29, 1, 411, 8151, 9.80, 145.00, 465, 405, 1, 8
2026-09-04T09:16:09.6043683+07:00,2026/09/04 09:16:09.635, NVIDIA GeForce RTX 5060, 591.86, P8, 29, 1, 411, 8151, 10.04, 145.00, 487, 405, 1, 8
2026-09-04T09:16:14.6419357+07:00,2026/09/04 09:16:14.703, NVIDIA GeForce RTX 5060, 591.86, P8, 29, 1, 411, 8151, 9.91, 145.00, 472, 405, 1, 8
2026-09-04T09:16:19.7721767+07:00,2026/09/04 09:16:19.803, NVIDIA GeForce RTX 5060, 591.86, P8, 29, 1, 411, 8151, 9.93, 145.00, 465, 405, 1, 8
2026-09-04T09:16:24.8098794+07:00,2026/09/04 09:16:24.840, NVIDIA GeForce RTX 5060, 591.86, P8, 29, 1, 411, 8151, 9.90, 145.00, 472, 405, 1, 8
2026-09-04T09:16:29.8474585+07:00,2026/09/04 09:16:29.878, NVIDIA GeForce RTX 5060, 591.86, P8, 29, 1, 411, 8151, 9.87, 145.00, 487, 405, 1, 8
2026-09-04T09:16:34.9005749+07:00,2026/09/04 09:16:34.931, NVIDIA GeForce RTX 5060, 591.86, P8, 29, 1, 411, 8151, 9.90, 145.00, 480, 405, 1, 8
2026-09-04T09:16:39.9377742+07:00,2026/09/04 09:16:39.968, NVIDIA GeForce RTX 5060, 591.86, P8, 29, 1, 411, 8151, 10.02, 145.00, 480, 405, 1, 8
2026-09-04T09:16:44.9749845+07:00,2026/09/04 09:16:45.005, NVIDIA GeForce RTX 5060, 591.86, P8, 29, 1, 411, 8151, 9.98, 145.00, 472, 405, 1, 8
2026-09-04T09:16:50.0590835+07:00,2026/09/04 09:16:50.090, NVIDIA GeForce RTX 5060, 591.86, P8, 29, 1, 411, 8151, 9.95, 145.00, 457, 405, 1, 8
2026-09-04T09:16:55.0971821+07:00,2026/09/04 09:16:55.143, NVIDIA GeForce RTX 5060, 591.86, P8, 29, 1, 411, 8151, 9.91, 145.00, 457, 405, 1, 8
2026-09-04T09:17:00.1515792+07:00,2026/09/04 09:17:00.198, NVIDIA GeForce RTX 5060, 591.86, P8, 29, 1, 411, 8151, 9.92, 145.00, 472, 405, 1, 8
2026-09-04T09:17:05.2047395+07:00,2026/09/04 09:17:05.251, NVIDIA GeForce RTX 5060, 591.86, P8, 29, 1, 411, 8151, 9.96, 145.00, 480, 405, 1, 8
2026-09-04T09:17:10.2579040+07:00,2026/09/04 09:17:10.304, NVIDIA GeForce RTX 5060, 591.86, P8, 29, 1, 411, 8151, 9.82, 145.00, 472, 405, 1, 8
2026-09-04T09:17:15.3117185+07:00,2026/09/04 09:17:15.357, NVIDIA GeForce RTX 5060, 591.86, P8, 29, 1, 411, 8151, 10.02, 145.00, 472, 405, 1, 8
2026-09-04T09:17:20.4265124+07:00,2026/09/04 09:17:20.488, NVIDIA GeForce RTX 5060, 591.86, P8, 29, 1, 411, 8151, 9.91, 145.00, 480, 405, 1, 8
2026-09-04T09:17:25.5106908+07:00,2026/09/04 09:17:25.588, NVIDIA GeForce RTX 5060, 591.86, P8, 29, 1, 411, 8151, 9.98, 145.00, 465, 405, 1, 8
2026-09-04T09:17:30.5953293+07:00,2026/09/04 09:17:30.626, NVIDIA GeForce RTX 5060, 591.86, P8, 29, 1, 411, 8151, 9.95, 145.00, 480, 405, 1, 8
2026-09-04T09:17:35.6476952+07:00,2026/09/04 09:17:35.679, NVIDIA GeForce RTX 5060, 591.86, P8, 29, 1, 411, 8151, 9.90, 145.00, 480, 405, 1, 8
2026-09-04T09:17:40.6858561+07:00,2026/09/04 09:17:40.716, NVIDIA GeForce RTX 5060, 591.86, P8, 29, 1, 411, 8151, 9.90, 145.00, 480, 405, 1, 8
2026-09-04T09:17:45.7226000+07:00,2026/09/04 09:17:45.753, NVIDIA GeForce RTX 5060, 591.86, P8, 29, 1, 411, 8151, 10.06, 145.00, 472, 405, 1, 8
2026-09-04T09:17:50.8222317+07:00,2026/09/04 09:17:50.884, NVIDIA GeForce RTX 5060, 591.86, P8, 29, 1, 411, 8151, 9.91, 145.00, 472, 405, 1, 8
2026-09-04T09:17:55.9063691+07:00,2026/09/04 09:17:55.952, NVIDIA GeForce RTX 5060, 591.86, P8, 29, 1, 411, 8151, 9.96, 145.00, 480, 405, 1, 8
2026-09-04T09:18:00.9604522+07:00,2026/09/04 09:18:01.022, NVIDIA GeForce RTX 5060, 591.86, P8, 29, 1, 411, 8151, 9.98, 145.00, 495, 405, 1, 8
2026-09-04T09:18:06.0442020+07:00,2026/09/04 09:18:06.121, NVIDIA GeForce RTX 5060, 591.86, P8, 29, 1, 411, 8151, 9.96, 145.00, 465, 405, 1, 8
2026-09-04T09:18:11.1437006+07:00,2026/09/04 09:18:11.236, NVIDIA GeForce RTX 5060, 591.86, P8, 29, 2, 411, 8151, 9.81, 145.00, 457, 405, 1, 8
2026-09-04T09:18:16.2583809+07:00,2026/09/04 09:18:16.304, NVIDIA GeForce RTX 5060, 591.86, P8, 29, 1, 411, 8151, 9.77, 145.00, 442, 405, 1, 8
2026-09-04T09:18:21.3732577+07:00,2026/09/04 09:18:21.419, NVIDIA GeForce RTX 5060, 591.86, P8, 29, 1, 411, 8151, 9.72, 145.00, 442, 405, 1, 8
2026-09-04T09:18:26.4418936+07:00,2026/09/04 09:18:26.488, NVIDIA GeForce RTX 5060, 591.86, P8, 29, 1, 411, 8151, 9.97, 145.00, 465, 405, 1, 8
2026-09-04T09:18:31.5096016+07:00,2026/09/04 09:18:31.571, NVIDIA GeForce RTX 5060, 591.86, P8, 29, 1, 411, 8151, 9.75, 145.00, 457, 405, 1, 8
2026-09-04T09:18:36.5924973+07:00,2026/09/04 09:18:36.654, NVIDIA GeForce RTX 5060, 591.86, P8, 29, 1, 411, 8151, 9.71, 145.00, 457, 405, 1, 8
2026-09-04T09:18:41.6758297+07:00,2026/09/04 09:18:41.706, NVIDIA GeForce RTX 5060, 591.86, P8, 29, 1, 411, 8151, 9.93, 145.00, 532, 405, 1, 8
2026-09-04T09:18:46.7286444+07:00,2026/09/04 09:18:46.790, NVIDIA GeForce RTX 5060, 591.86, P8, 29, 3, 411, 8151, 9.84, 145.00, 465, 405, 1, 8
2026-09-04T09:18:51.8590665+07:00,2026/09/04 09:18:51.905, NVIDIA GeForce RTX 5060, 591.86, P8, 29, 1, 411, 8151, 9.77, 145.00, 450, 405, 1, 8
2026-09-04T09:18:56.9273494+07:00,2026/09/04 09:18:57.004, NVIDIA GeForce RTX 5060, 591.86, P8, 29, 1, 411, 8151, 9.95, 145.00, 450, 405, 1, 8
2026-09-04T09:19:02.0263950+07:00,2026/09/04 09:19:02.088, NVIDIA GeForce RTX 5060, 591.86, P8, 29, 3, 411, 8151, 9.76, 145.00, 450, 405, 1, 8
2026-09-04T09:19:07.1104533+07:00,2026/09/04 09:19:07.141, NVIDIA GeForce RTX 5060, 591.86, P8, 29, 1, 411, 8151, 9.61, 145.00, 472, 405, 1, 8
2026-09-04T09:19:12.1628285+07:00,2026/09/04 09:19:12.209, NVIDIA GeForce RTX 5060, 591.86, P8, 29, 1, 411, 8151, 10.04, 145.00, 457, 405, 1, 8
2026-09-04T09:19:17.2157362+07:00,2026/09/04 09:19:17.277, NVIDIA GeForce RTX 5060, 591.86, P8, 29, 1, 411, 8151, 10.16, 145.00, 525, 405, 1, 8
2026-09-04T09:19:22.3466268+07:00,2026/09/04 09:19:22.393, NVIDIA GeForce RTX 5060, 591.86, P8, 29, 1, 411, 8151, 9.68, 145.00, 457, 405, 1, 8
2026-09-04T09:19:27.3996877+07:00,2026/09/04 09:19:27.446, NVIDIA GeForce RTX 5060, 591.86, P8, 29, 1, 411, 8151, 9.86, 145.00, 495, 405, 1, 8
2026-09-04T09:19:32.4680082+07:00,2026/09/04 09:19:32.514, NVIDIA GeForce RTX 5060, 591.86, P8, 29, 1, 411, 8151, 9.79, 145.00, 457, 405, 1, 8
2026-09-04T09:19:37.5210979+07:00,2026/09/04 09:19:37.583, NVIDIA GeForce RTX 5060, 591.86, P8, 29, 1, 411, 8151, 9.93, 145.00, 472, 405, 1, 8
2026-09-04T09:19:42.6051829+07:00,2026/09/04 09:19:42.667, NVIDIA GeForce RTX 5060, 591.86, P8, 29, 1, 411, 8151, 9.82, 145.00, 450, 405, 1, 8
2026-09-04T09:19:47.6888220+07:00,2026/09/04 09:19:47.735, NVIDIA GeForce RTX 5060, 591.86, P8, 29, 1, 411, 8151, 10.10, 145.00, 450, 405, 1, 8
2026-09-04T09:19:52.7880222+07:00,2026/09/04 09:19:52.834, NVIDIA GeForce RTX 5060, 591.86, P8, 29, 1, 411, 8151, 9.83, 145.00, 457, 405, 1, 8
2026-09-04T09:19:57.8574332+07:00,2026/09/04 09:19:57.919, NVIDIA GeForce RTX 5060, 591.86, P8, 29, 1, 411, 8151, 9.79, 145.00, 487, 405, 1, 8
2026-09-04T09:20:02.9259547+07:00,2026/09/04 09:20:02.956, NVIDIA GeForce RTX 5060, 591.86, P8, 29, 1, 411, 8151, 10.12, 145.00, 465, 405, 1, 8
2026-09-04T09:20:07.9789503+07:00,2026/09/04 09:20:08.025, NVIDIA GeForce RTX 5060, 591.86, P8, 29, 2, 411, 8151, 9.75, 145.00, 450, 405, 1, 8
2026-09-04T09:20:13.0316753+07:00,2026/09/04 09:20:13.078, NVIDIA GeForce RTX 5060, 591.86, P8, 29, 1, 411, 8151, 9.61, 145.00, 450, 405, 1, 8
2026-09-04T09:20:18.0994382+07:00,2026/09/04 09:20:18.145, NVIDIA GeForce RTX 5060, 591.86, P8, 29, 1, 411, 8151, 9.99, 145.00, 472, 405, 1, 8
2026-09-04T09:20:23.2137112+07:00,2026/09/04 09:20:23.245, NVIDIA GeForce RTX 5060, 591.86, P8, 29, 2, 411, 8151, 9.85, 145.00, 457, 405, 1, 8
2026-09-04T09:20:28.2670174+07:00,2026/09/04 09:20:28.313, NVIDIA GeForce RTX 5060, 591.86, P8, 29, 1, 411, 8151, 9.63, 145.00, 457, 405, 1, 8
2026-09-04T09:20:33.3346363+07:00,2026/09/04 09:20:33.381, NVIDIA GeForce RTX 5060, 591.86, P8, 29, 1, 411, 8151, 9.84, 145.00, 442, 405, 1, 8
2026-09-04T09:20:38.3876521+07:00,2026/09/04 09:20:38.434, NVIDIA GeForce RTX 5060, 591.86, P8, 29, 3, 411, 8151, 9.62, 145.00, 457, 405, 1, 8
2026-09-04T09:20:43.4563241+07:00,2026/09/04 09:20:43.502, NVIDIA GeForce RTX 5060, 591.86, P8, 29, 1, 411, 8151, 9.67, 145.00, 457, 405, 1, 8
2026-09-04T09:20:48.5097677+07:00,2026/09/04 09:20:48.556, NVIDIA GeForce RTX 5060, 591.86, P8, 29, 1, 411, 8151, 9.73, 145.00, 450, 405, 1, 8
2026-09-04T09:20:53.6248673+07:00,2026/09/04 09:20:53.717, NVIDIA GeForce RTX 5060, 591.86, P8, 29, 1, 411, 8151, 9.75, 145.00, 465, 405, 1, 8
2026-09-04T09:20:58.7244770+07:00,2026/09/04 09:20:58.755, NVIDIA GeForce RTX 5060, 591.86, P8, 29, 1, 411, 8151, 9.72, 145.00, 457, 405, 1, 8
2026-09-04T09:21:03.7782858+07:00,2026/09/04 09:21:03.840, NVIDIA GeForce RTX 5060, 591.86, P8, 29, 1, 411, 8151, 9.82, 145.00, 465, 405, 1, 8
2026-09-04T09:21:08.8468671+07:00,2026/09/04 09:21:08.893, NVIDIA GeForce RTX 5060, 591.86, P8, 29, 1, 411, 8151, 9.66, 145.00, 465, 405, 1, 8
2026-09-04T09:21:13.9314139+07:00,2026/09/04 09:21:13.977, NVIDIA GeForce RTX 5060, 591.86, P8, 29, 1, 411, 8151, 9.67, 145.00, 465, 405, 1, 8
2026-09-04T09:21:18.9841727+07:00,2026/09/04 09:21:19.015, NVIDIA GeForce RTX 5060, 591.86, P8, 29, 1, 411, 8151, 9.61, 145.00, 457, 405, 1, 8
2026-09-04T09:21:24.0835830+07:00,2026/09/04 09:21:24.145, NVIDIA GeForce RTX 5060, 591.86, P8, 29, 2, 411, 8151, 9.88, 145.00, 487, 405, 1, 8
2026-09-04T09:21:29.1528373+07:00,2026/09/04 09:21:29.214, NVIDIA GeForce RTX 5060, 591.86, P8, 29, 1, 411, 8151, 9.63, 145.00, 457, 405, 1, 8
2026-09-04T09:21:34.2343536+07:00,2026/09/04 09:21:34.280, NVIDIA GeForce RTX 5060, 591.86, P8, 29, 1, 411, 8151, 9.56, 145.00, 450, 405, 1, 8
2026-09-04T09:21:39.3016840+07:00,2026/09/04 09:21:39.394, NVIDIA GeForce RTX 5060, 591.86, P8, 29, 1, 411, 8151, 9.92, 145.00, 457, 405, 1, 8
2026-09-04T09:21:44.4165935+07:00,2026/09/04 09:21:44.463, NVIDIA GeForce RTX 5060, 591.86, P8, 29, 1, 411, 8151, 9.75, 145.00, 457, 405, 1, 8
2026-09-04T09:21:49.4697474+07:00,2026/09/04 09:21:49.655, NVIDIA GeForce RTX 5060, 591.86, P8, 29, 1, 411, 8151, 9.71, 145.00, 450, 405, 1, 8
2026-09-04T09:21:54.7238196+07:00,2026/09/04 09:21:54.801, NVIDIA GeForce RTX 5060, 591.86, P8, 29, 1, 411, 8151, 9.90, 145.00, 457, 405, 1, 8
2026-09-04T09:21:59.8231164+07:00,2026/09/04 09:21:59.869, NVIDIA GeForce RTX 5060, 591.86, P8, 29, 2, 411, 8151, 9.75, 145.00, 450, 405, 1, 8
2026-09-04T09:22:04.8897560+07:00,2026/09/04 09:22:04.951, NVIDIA GeForce RTX 5060, 591.86, P8, 29, 1, 411, 8151, 9.74, 145.00, 457, 405, 1, 8
2026-09-04T09:22:09.9724922+07:00,2026/09/04 09:22:10.018, NVIDIA GeForce RTX 5060, 591.86, P8, 29, 1, 411, 8151, 9.86, 145.00, 457, 405, 1, 8
2026-09-04T09:22:15.0398584+07:00,2026/09/04 09:22:15.086, NVIDIA GeForce RTX 5060, 591.86, P8, 29, 1, 411, 8151, 9.72, 145.00, 457, 405, 1, 8
2026-09-04T09:22:20.1074297+07:00,2026/09/04 09:22:20.169, NVIDIA GeForce RTX 5060, 591.86, P8, 29, 1, 411, 8151, 9.64, 145.00, 442, 405, 1, 8
2026-09-04T09:22:25.2367294+07:00,2026/09/04 09:22:25.267, NVIDIA GeForce RTX 5060, 591.86, P8, 29, 1, 411, 8151, 9.82, 145.00, 450, 405, 1, 8
2026-09-04T09:22:30.2883973+07:00,2026/09/04 09:22:30.350, NVIDIA GeForce RTX 5060, 591.86, P8, 29, 1, 411, 8151, 9.96, 145.00, 540, 405, 1, 8
2026-09-04T09:22:35.3566808+07:00,2026/09/04 09:22:35.403, NVIDIA GeForce RTX 5060, 591.86, P8, 29, 1, 411, 8151, 9.77, 145.00, 465, 405, 1, 8
2026-09-04T09:22:40.4239456+07:00,2026/09/04 09:22:40.454, NVIDIA GeForce RTX 5060, 591.86, P8, 29, 1, 411, 8151, 9.61, 145.00, 457, 405, 1, 8
2026-09-04T09:22:45.4615076+07:00,2026/09/04 09:22:45.554, NVIDIA GeForce RTX 5060, 591.86, P8, 29, 1, 411, 8151, 9.92, 145.00, 540, 405, 1, 8
2026-09-04T09:22:50.5762904+07:00,2026/09/04 09:22:50.622, NVIDIA GeForce RTX 5060, 591.86, P8, 29, 1, 411, 8151, 9.63, 145.00, 472, 405, 1, 8
2026-09-04T09:22:55.6912824+07:00,2026/09/04 09:22:55.737, NVIDIA GeForce RTX 5060, 591.86, P8, 29, 1, 411, 8151, 9.55, 145.00, 465, 405, 1, 8
2026-09-04T09:23:00.7595930+07:00,2026/09/04 09:23:00.821, NVIDIA GeForce RTX 5060, 591.86, P8, 29, 1, 411, 8151, 9.89, 145.00, 465, 405, 1, 8
2026-09-04T09:23:05.8435920+07:00,2026/09/04 09:23:05.890, NVIDIA GeForce RTX 5060, 591.86, P8, 29, 1, 411, 8151, 9.68, 145.00, 465, 405, 1, 8
2026-09-04T09:23:10.9123262+07:00,2026/09/04 09:23:10.958, NVIDIA GeForce RTX 5060, 591.86, P8, 29, 1, 411, 8151, 9.65, 145.00, 465, 405, 1, 8
2026-09-04T09:23:15.9805872+07:00,2026/09/04 09:23:16.058, NVIDIA GeForce RTX 5060, 591.86, P8, 29, 1, 411, 8151, 10.04, 145.00, 465, 405, 1, 8
2026-09-04T09:23:21.0790303+07:00,2026/09/04 09:23:21.141, NVIDIA GeForce RTX 5060, 591.86, P8, 29, 1, 411, 8151, 9.62, 145.00, 457, 405, 1, 8
2026-09-04T09:23:26.2094909+07:00,2026/09/04 09:23:26.302, NVIDIA GeForce RTX 5060, 591.86, P8, 29, 1, 411, 8151, 9.77, 145.00, 457, 405, 1, 8
2026-09-04T09:23:31.3246676+07:00,2026/09/04 09:23:31.355, NVIDIA GeForce RTX 5060, 591.86, P8, 29, 1, 411, 8151, 9.93, 145.00, 465, 405, 1, 8
2026-09-04T09:23:36.3755577+07:00,2026/09/04 09:23:36.406, NVIDIA GeForce RTX 5060, 591.86, P8, 29, 1, 411, 8151, 9.79, 145.00, 450, 405, 1, 8
2026-09-04T09:23:41.4132564+07:00,2026/09/04 09:23:41.444, NVIDIA GeForce RTX 5060, 591.86, P8, 29, 1, 411, 8151, 9.73, 145.00, 450, 405, 1, 8
2026-09-04T09:23:46.4508021+07:00,2026/09/04 09:23:46.481, NVIDIA GeForce RTX 5060, 591.86, P8, 29, 1, 411, 8151, 9.93, 145.00, 472, 405, 1, 8
2026-09-04T09:23:51.5032027+07:00,2026/09/04 09:23:51.534, NVIDIA GeForce RTX 5060, 591.86, P8, 29, 1, 411, 8151, 9.72, 145.00, 502, 405, 1, 8
2026-09-04T09:23:56.6032981+07:00,2026/09/04 09:23:56.634, NVIDIA GeForce RTX 5060, 591.86, P8, 29, 1, 411, 8151, 9.61, 145.00, 450, 405, 1, 8
2026-09-04T09:24:01.6560472+07:00,2026/09/04 09:24:01.687, NVIDIA GeForce RTX 5060, 591.86, P8, 29, 1, 411, 8151, 9.45, 145.00, 450, 405, 1, 8
2026-09-04T09:24:06.6935536+07:00,2026/09/04 09:24:06.724, NVIDIA GeForce RTX 5060, 591.86, P8, 29, 1, 411, 8151, 9.63, 145.00, 450, 405, 1, 8
2026-09-04T09:24:11.7312928+07:00,2026/09/04 09:24:11.762, NVIDIA GeForce RTX 5060, 591.86, P8, 29, 1, 411, 8151, 9.70, 145.00, 457, 405, 1, 8
2026-09-04T09:24:16.7837154+07:00,2026/09/04 09:24:16.814, NVIDIA GeForce RTX 5060, 591.86, P8, 29, 1, 411, 8151, 9.66, 145.00, 457, 405, 1, 8
2026-09-04T09:24:21.8360835+07:00,2026/09/04 09:24:21.867, NVIDIA GeForce RTX 5060, 591.86, P8, 29, 1, 411, 8151, 9.77, 145.00, 457, 405, 1, 8
2026-09-04T09:24:26.9356981+07:00,2026/09/04 09:24:26.997, NVIDIA GeForce RTX 5060, 591.86, P8, 29, 1, 411, 8151, 9.59, 145.00, 465, 405, 1, 8
2026-09-04T09:24:32.0194768+07:00,2026/09/04 09:24:32.065, NVIDIA GeForce RTX 5060, 591.86, P8, 29, 1, 411, 8151, 9.81, 145.00, 457, 405, 1, 8
2026-09-04T09:24:37.0878886+07:00,2026/09/04 09:24:37.149, NVIDIA GeForce RTX 5060, 591.86, P8, 29, 1, 411, 8151, 9.71, 145.00, 457, 405, 1, 8
2026-09-04T09:24:42.1707994+07:00,2026/09/04 09:24:42.201, NVIDIA GeForce RTX 5060, 591.86, P8, 29, 1, 411, 8151, 9.86, 145.00, 472, 405, 1, 8
2026-09-04T09:24:47.2083225+07:00,2026/09/04 09:24:47.239, NVIDIA GeForce RTX 5060, 591.86, P8, 29, 1, 411, 8151, 9.82, 145.00, 465, 405, 1, 8
2026-09-04T09:24:52.2466496+07:00,2026/09/04 09:24:52.277, NVIDIA GeForce RTX 5060, 591.86, P8, 29, 1, 411, 8151, 9.78, 145.00, 457, 405, 1, 8
2026-09-04T09:24:57.3461436+07:00,2026/09/04 09:24:57.377, NVIDIA GeForce RTX 5060, 591.86, P8, 29, 1, 411, 8151, 9.83, 145.00, 457, 405, 1, 8
2026-09-04T09:25:02.3990180+07:00,2026/09/04 09:25:02.430, NVIDIA GeForce RTX 5060, 591.86, P8, 29, 1, 411, 8151, 9.77, 145.00, 442, 405, 1, 8
2026-09-04T09:25:07.4368495+07:00,2026/09/04 09:25:07.498, NVIDIA GeForce RTX 5060, 591.86, P8, 29, 1, 411, 8151, 9.75, 145.00, 450, 405, 1, 8
2026-09-04T09:25:12.5206338+07:00,2026/09/04 09:25:12.582, NVIDIA GeForce RTX 5060, 591.86, P8, 29, 1, 411, 8151, 9.73, 145.00, 450, 405, 1, 8
2026-09-04T09:25:17.6039145+07:00,2026/09/04 09:25:17.665, NVIDIA GeForce RTX 5060, 591.86, P8, 29, 1, 411, 8151, 9.72, 145.00, 442, 405, 1, 8
2026-09-04T09:25:22.6875032+07:00,2026/09/04 09:25:22.718, NVIDIA GeForce RTX 5060, 591.86, P8, 29, 1, 411, 8151, 9.89, 145.00, 457, 405, 1, 8
2026-09-04T09:25:27.7862124+07:00,2026/09/04 09:25:27.848, NVIDIA GeForce RTX 5060, 591.86, P8, 29, 10, 411, 8151, 9.84, 145.00, 555, 405, 1, 8
2026-09-04T09:25:32.8553747+07:00,2026/09/04 09:25:32.901, NVIDIA GeForce RTX 5060, 591.86, P8, 29, 1, 411, 8151, 9.52, 145.00, 457, 405, 1, 8
2026-09-04T09:25:37.9230180+07:00,2026/09/04 09:25:37.969, NVIDIA GeForce RTX 5060, 591.86, P8, 29, 1, 411, 8151, 9.72, 145.00, 450, 405, 1, 8
2026-09-04T09:25:42.9763990+07:00,2026/09/04 09:25:43.007, NVIDIA GeForce RTX 5060, 591.86, P8, 29, 1, 411, 8151, 9.75, 145.00, 480, 405, 1, 8
2026-09-04T09:25:48.0298832+07:00,2026/09/04 09:25:48.075, NVIDIA GeForce RTX 5060, 591.86, P8, 29, 1, 411, 8151, 9.65, 145.00, 457, 405, 1, 8
2026-09-04T09:25:53.0820889+07:00,2026/09/04 09:25:53.128, NVIDIA GeForce RTX 5060, 591.86, P8, 29, 1, 411, 8151, 9.81, 145.00, 442, 405, 1, 8
2026-09-04T09:25:58.1971698+07:00,2026/09/04 09:25:58.243, NVIDIA GeForce RTX 5060, 591.86, P8, 29, 1, 411, 8151, 9.85, 145.00, 502, 405, 1, 8
2026-09-04T09:26:03.2656450+07:00,2026/09/04 09:26:03.328, NVIDIA GeForce RTX 5060, 591.86, P8, 29, 1, 411, 8151, 9.62, 145.00, 457, 405, 1, 8
2026-09-04T09:26:08.3492220+07:00,2026/09/04 09:26:08.411, NVIDIA GeForce RTX 5060, 591.86, P8, 29, 1, 411, 8151, 9.55, 145.00, 442, 405, 1, 8
2026-09-04T09:26:13.4173332+07:00,2026/09/04 09:26:13.448, NVIDIA GeForce RTX 5060, 591.86, P8, 29, 1, 411, 8151, 9.92, 145.00, 472, 405, 1, 8
2026-09-04T09:26:18.4553270+07:00,2026/09/04 09:26:18.517, NVIDIA GeForce RTX 5060, 591.86, P8, 29, 1, 411, 8151, 9.58, 145.00, 457, 405, 1, 8
2026-09-04T09:26:23.5388668+07:00,2026/09/04 09:26:23.600, NVIDIA GeForce RTX 5060, 591.86, P8, 29, 1, 411, 8151, 9.73, 145.00, 450, 405, 1, 8
2026-09-04T09:26:28.6699369+07:00,2026/09/04 09:26:28.731, NVIDIA GeForce RTX 5060, 591.86, P8, 29, 1, 411, 8151, 9.96, 145.00, 525, 405, 1, 8
2026-09-04T09:26:33.7384968+07:00,2026/09/04 09:26:33.800, NVIDIA GeForce RTX 5060, 591.86, P8, 29, 1, 411, 8151, 9.52, 145.00, 457, 405, 1, 8
2026-09-04T09:26:38.8087572+07:00,2026/09/04 09:26:38.917, NVIDIA GeForce RTX 5060, 591.86, P8, 29, 0, 412, 8151, 8.44, 145.00, 232, 405, 1, 8
2026-09-04T09:26:43.9359298+07:00,2026/09/04 09:26:43.966, NVIDIA GeForce RTX 5060, 591.86, P1, 29, 0, 412, 8151, 9.32, 145.00, 210, 14001, 4, 8
2026-09-04T09:26:48.9724196+07:00,2026/09/04 09:26:49.034, NVIDIA GeForce RTX 5060, 591.86, P8, 29, 0, 412, 8151, 8.78, 145.00, 210, 810, 4, 8
2026-09-04T09:26:54.0413823+07:00,2026/09/04 09:26:54.087, NVIDIA GeForce RTX 5060, 591.86, P8, 29, 0, 412, 8151, 9.40, 145.00, 210, 810, 1, 8
2026-09-04T09:26:59.1395385+07:00,2026/09/04 09:26:59.201, NVIDIA GeForce RTX 5060, 591.86, P8, 29, 0, 412, 8151, 8.53, 145.00, 210, 405, 1, 8
2026-09-04T09:27:04.2077870+07:00,2026/09/04 09:27:04.238, NVIDIA GeForce RTX 5060, 591.86, P1, 29, 0, 412, 8151, 8.11, 145.00, 210, 14001, 4, 8
2026-09-04T09:27:09.2593038+07:00,2026/09/04 09:27:09.290, NVIDIA GeForce RTX 5060, 591.86, P8, 29, 0, 412, 8151, 8.72, 145.00, 210, 405, 1, 8
2026-09-04T09:27:14.3105929+07:00,2026/09/04 09:27:14.357, NVIDIA GeForce RTX 5060, 591.86, P8, 29, 0, 412, 8151, 8.47, 145.00, 210, 405, 1, 8
2026-09-04T09:27:19.3784171+07:00,2026/09/04 09:27:19.424, NVIDIA GeForce RTX 5060, 591.86, P5, 29, 0, 412, 8151, 8.56, 145.00, 210, 810, 2, 8
2026-09-04T09:27:24.4439025+07:00,2026/09/04 09:27:24.489, NVIDIA GeForce RTX 5060, 591.86, P8, 29, 0, 412, 8151, 8.44, 145.00, 210, 405, 1, 8
2026-09-04T09:27:29.5401158+07:00,2026/09/04 09:27:29.602, NVIDIA GeForce RTX 5060, 591.86, P8, 29, 0, 412, 8151, 8.33, 145.00, 240, 405, 1, 8
2026-09-04T09:27:34.6230535+07:00,2026/09/04 09:27:34.685, NVIDIA GeForce RTX 5060, 591.86, P1, 29, 0, 412, 8151, 15.40, 145.00, 210, 14001, 2, 8
2026-09-04T09:27:39.7070646+07:00,2026/09/04 09:27:39.769, NVIDIA GeForce RTX 5060, 591.86, P8, 29, 0, 412, 8151, 8.72, 145.00, 210, 405, 1, 8
2026-09-04T09:27:44.7910646+07:00,2026/09/04 09:27:44.899, NVIDIA GeForce RTX 5060, 591.86, P8, 29, 0, 412, 8151, 8.22, 145.00, 210, 405, 1, 8
2026-09-04T09:27:49.9215761+07:00,2026/09/04 09:27:49.983, NVIDIA GeForce RTX 5060, 591.86, P8, 29, 0, 412, 8151, 8.62, 145.00, 210, 405, 1, 8
2026-09-04T09:27:54.9900821+07:00,2026/09/04 09:27:55.315, NVIDIA GeForce RTX 5060, 591.86, P8, 29, 0, 412, 8151, 8.19, 145.00, 210, 405, 1, 8
2026-09-04T09:28:00.3838012+07:00,2026/09/04 09:28:00.430, NVIDIA GeForce RTX 5060, 591.86, P8, 29, 0, 412, 8151, 8.89, 145.00, 210, 405, 1, 8
2026-09-04T09:28:05.4523017+07:00,2026/09/04 09:28:05.514, NVIDIA GeForce RTX 5060, 591.86, P8, 29, 0, 412, 8151, 8.39, 145.00, 210, 405, 1, 8
2026-09-04T09:28:10.5363190+07:00,2026/09/04 09:28:10.582, NVIDIA GeForce RTX 5060, 591.86, P8, 29, 0, 412, 8151, 8.62, 145.00, 210, 405, 1, 8
2026-09-04T09:28:15.6048207+07:00,2026/09/04 09:28:15.713, NVIDIA GeForce RTX 5060, 591.86, P8, 29, 0, 412, 8151, 8.20, 145.00, 210, 405, 1, 8
2026-09-04T09:28:20.7353329+07:00,2026/09/04 09:28:20.797, NVIDIA GeForce RTX 5060, 591.86, P8, 29, 0, 412, 8151, 8.58, 145.00, 210, 405, 1, 8
2026-09-04T09:28:25.8193333+07:00,2026/09/04 09:28:25.865, NVIDIA GeForce RTX 5060, 591.86, P8, 29, 0, 412, 8151, 8.24, 145.00, 210, 405, 1, 8
2026-09-04T09:28:30.9343448+07:00,2026/09/04 09:28:30.980, NVIDIA GeForce RTX 5060, 591.86, P8, 29, 0, 412, 8151, 8.75, 145.00, 210, 405, 1, 8
2026-09-04T09:28:36.0028442+07:00,2026/09/04 09:28:36.049, NVIDIA GeForce RTX 5060, 591.86, P8, 29, 0, 412, 8151, 8.31, 145.00, 210, 405, 1, 8
2026-09-04T09:28:41.0713563+07:00,2026/09/04 09:28:41.117, NVIDIA GeForce RTX 5060, 591.86, P8, 29, 0, 412, 8151, 8.73, 145.00, 210, 405, 1, 8
2026-09-04T09:28:46.1398718+07:00,2026/09/04 09:28:46.186, NVIDIA GeForce RTX 5060, 591.86, P8, 29, 0, 412, 8151, 8.18, 145.00, 210, 405, 1, 8
2026-09-04T09:28:51.2083884+07:00,2026/09/04 09:28:51.285, NVIDIA GeForce RTX 5060, 591.86, P8, 29, 0, 412, 8151, 8.73, 145.00, 210, 405, 1, 8
2026-09-04T09:28:56.3078899+07:00,2026/09/04 09:28:56.354, NVIDIA GeForce RTX 5060, 591.86, P8, 29, 0, 412, 8151, 8.32, 145.00, 210, 405, 1, 8
2026-09-04T09:29:01.4074080+07:00,2026/09/04 09:29:01.484, NVIDIA GeForce RTX 5060, 591.86, P8, 29, 0, 412, 8151, 8.81, 145.00, 210, 405, 1, 8
2026-09-04T09:29:06.4914078+07:00,2026/09/04 09:29:06.537, NVIDIA GeForce RTX 5060, 591.86, P8, 29, 0, 412, 8151, 8.28, 145.00, 210, 405, 1, 8
2026-09-04T09:29:11.5599271+07:00,2026/09/04 09:29:11.606, NVIDIA GeForce RTX 5060, 591.86, P8, 29, 0, 412, 8151, 8.85, 145.00, 210, 405, 1, 8
2026-09-04T09:29:16.6284270+07:00,2026/09/04 09:29:16.674, NVIDIA GeForce RTX 5060, 591.86, P8, 29, 0, 412, 8151, 8.34, 145.00, 210, 405, 1, 8
2026-09-04T09:29:21.6969502+07:00,2026/09/04 09:29:21.774, NVIDIA GeForce RTX 5060, 591.86, P8, 29, 0, 412, 8151, 8.78, 145.00, 210, 405, 1, 8
2026-09-04T09:29:26.7964507+07:00,2026/09/04 09:29:26.858, NVIDIA GeForce RTX 5060, 591.86, P8, 28, 0, 412, 8151, 8.51, 145.00, 210, 405, 1, 8
2026-09-04T09:29:31.9269680+07:00,2026/09/04 09:29:31.973, NVIDIA GeForce RTX 5060, 591.86, P8, 29, 0, 412, 8151, 8.79, 145.00, 210, 405, 1, 8
2026-09-04T09:29:36.9799671+07:00,2026/09/04 09:29:37.026, NVIDIA GeForce RTX 5060, 591.86, P8, 29, 0, 412, 8151, 8.47, 145.00, 210, 405, 1, 8
2026-09-04T09:29:42.0484888+07:00,2026/09/04 09:29:42.110, NVIDIA GeForce RTX 5060, 591.86, P8, 29, 0, 412, 8151, 8.74, 145.00, 210, 405, 1, 8
2026-09-04T09:29:47.1324885+07:00,2026/09/04 09:29:47.256, NVIDIA GeForce RTX 5060, 591.86, P8, 28, 0, 412, 8151, 8.37, 145.00, 210, 405, 1, 8
2026-09-04T09:29:52.2631049+07:00,2026/09/04 09:29:52.294, NVIDIA GeForce RTX 5060, 591.86, P8, 29, 0, 412, 8151, 8.68, 145.00, 210, 405, 1, 8
2026-09-04T09:29:57.3006048+07:00,2026/09/04 09:29:57.347, NVIDIA GeForce RTX 5060, 591.86, P8, 28, 0, 412, 8151, 8.27, 145.00, 210, 405, 1, 8
2026-09-04T09:30:02.4149291+07:00,2026/09/04 09:30:02.461, NVIDIA GeForce RTX 5060, 591.86, P8, 29, 0, 412, 8151, 8.66, 145.00, 210, 405, 1, 8
2026-09-04T09:30:07.4834286+07:00,2026/09/04 09:30:07.529, NVIDIA GeForce RTX 5060, 591.86, P8, 28, 0, 412, 8151, 8.27, 145.00, 210, 405, 1, 8
2026-09-04T09:30:12.5519423+07:00,2026/09/04 09:30:12.598, NVIDIA GeForce RTX 5060, 591.86, P8, 28, 0, 412, 8151, 8.57, 145.00, 210, 405, 1, 8
2026-09-04T09:30:17.6204400+07:00,2026/09/04 09:30:17.713, NVIDIA GeForce RTX 5060, 591.86, P8, 28, 0, 412, 8151, 8.27, 145.00, 210, 405, 1, 8
2026-09-04T09:30:22.7354536+07:00,2026/09/04 09:30:22.781, NVIDIA GeForce RTX 5060, 591.86, P8, 28, 0, 412, 8151, 8.43, 145.00, 210, 405, 1, 8
2026-09-04T09:30:27.8039543+07:00,2026/09/04 09:30:27.881, NVIDIA GeForce RTX 5060, 591.86, P8, 28, 0, 412, 8151, 8.16, 145.00, 210, 405, 1, 8
2026-09-04T09:30:32.9499658+07:00,2026/09/04 09:30:32.996, NVIDIA GeForce RTX 5060, 591.86, P8, 28, 0, 412, 8151, 8.66, 145.00, 210, 405, 1, 8
2026-09-04T09:30:38.0184654+07:00,2026/09/04 09:30:38.095, NVIDIA GeForce RTX 5060, 591.86, P8, 28, 0, 412, 8151, 8.26, 145.00, 210, 405, 1, 8
2026-09-04T09:30:43.1179757+07:00,2026/09/04 09:30:43.226, NVIDIA GeForce RTX 5060, 591.86, P8, 28, 0, 412, 8151, 8.55, 145.00, 210, 405, 1, 8
2026-09-04T09:30:48.2484762+07:00,2026/09/04 09:30:48.325, NVIDIA GeForce RTX 5060, 591.86, P8, 28, 0, 412, 8151, 8.31, 145.00, 210, 405, 1, 8
2026-09-04T09:30:53.3479865+07:00,2026/09/04 09:30:53.409, NVIDIA GeForce RTX 5060, 591.86, P8, 29, 0, 412, 8151, 8.57, 145.00, 210, 405, 1, 8
2026-09-04T09:30:58.4319848+07:00,2026/09/04 09:30:58.509, NVIDIA GeForce RTX 5060, 591.86, P8, 28, 0, 412, 8151, 8.25, 145.00, 210, 405, 1, 8
2026-09-04T09:31:03.5779972+07:00,2026/09/04 09:31:03.624, NVIDIA GeForce RTX 5060, 591.86, P8, 28, 0, 412, 8151, 8.79, 145.00, 210, 405, 1, 8
2026-09-04T09:31:08.6464966+07:00,2026/09/04 09:31:08.754, NVIDIA GeForce RTX 5060, 591.86, P8, 28, 0, 412, 8151, 8.19, 145.00, 210, 405, 1, 8
2026-09-04T09:31:13.7770074+07:00,2026/09/04 09:31:13.885, NVIDIA GeForce RTX 5060, 591.86, P8, 28, 0, 412, 8151, 8.31, 145.00, 210, 405, 1, 8
2026-09-04T09:31:18.9075062+07:00,2026/09/04 09:31:18.954, NVIDIA GeForce RTX 5060, 591.86, P8, 28, 0, 412, 8151, 8.50, 145.00, 210, 405, 1, 8
2026-09-04T09:31:23.9605171+07:00,2026/09/04 09:31:24.022, NVIDIA GeForce RTX 5060, 591.86, P8, 28, 0, 412, 8151, 8.35, 145.00, 210, 405, 1, 8
2026-09-04T09:31:29.0441234+07:00,2026/09/04 09:31:29.106, NVIDIA GeForce RTX 5060, 591.86, P8, 28, 0, 412, 8151, 8.10, 145.00, 210, 405, 1, 8
2026-09-04T09:31:34.1746347+07:00,2026/09/04 09:31:34.221, NVIDIA GeForce RTX 5060, 591.86, P8, 28, 0, 412, 8151, 8.32, 145.00, 210, 405, 1, 8
2026-09-04T09:31:39.2276350+07:00,2026/09/04 09:31:39.258, NVIDIA GeForce RTX 5060, 591.86, P8, 28, 0, 412, 8151, 8.30, 145.00, 210, 405, 1, 8
2026-09-04T09:31:44.2806487+07:00,2026/09/04 09:31:44.342, NVIDIA GeForce RTX 5060, 591.86, P8, 28, 0, 412, 8151, 8.35, 145.00, 225, 405, 1, 8
2026-09-04T09:31:49.3646490+07:00,2026/09/04 09:31:49.426, NVIDIA GeForce RTX 5060, 591.86, P8, 28, 0, 412, 8151, 8.29, 145.00, 210, 405, 1, 8
2026-09-04T09:31:54.4486591+07:00,2026/09/04 09:31:54.526, NVIDIA GeForce RTX 5060, 591.86, P8, 28, 0, 412, 8151, 8.48, 145.00, 210, 405, 1, 8
2026-09-04T09:31:59.5326595+07:00,2026/09/04 09:31:59.594, NVIDIA GeForce RTX 5060, 591.86, P8, 28, 0, 412, 8151, 8.51, 145.00, 210, 405, 1, 8
2026-09-04T09:32:04.6941848+07:00,2026/09/04 09:32:04.740, NVIDIA GeForce RTX 5060, 591.86, P8, 28, 0, 412, 8151, 8.90, 145.00, 210, 405, 1, 8
2026-09-04T09:32:09.7626850+07:00,2026/09/04 09:32:09.840, NVIDIA GeForce RTX 5060, 591.86, P8, 28, 0, 412, 8151, 8.32, 145.00, 210, 405, 1, 8
2026-09-04T09:32:14.8466953+07:00,2026/09/04 09:32:14.893, NVIDIA GeForce RTX 5060, 591.86, P8, 28, 0, 412, 8151, 8.47, 145.00, 240, 405, 1, 8
2026-09-04T09:32:19.9151959+07:00,2026/09/04 09:32:19.992, NVIDIA GeForce RTX 5060, 591.86, P8, 28, 0, 412, 8151, 8.36, 145.00, 210, 405, 1, 8
2026-09-04T09:32:25.0147055+07:00,2026/09/04 09:32:25.061, NVIDIA GeForce RTX 5060, 591.86, P8, 28, 0, 412, 8151, 8.66, 145.00, 210, 405, 1, 8
2026-09-04T09:32:30.0832057+07:00,2026/09/04 09:32:30.114, NVIDIA GeForce RTX 5060, 591.86, P8, 28, 0, 412, 8151, 8.41, 145.00, 210, 405, 1, 8
2026-09-04T09:32:35.1827201+07:00,2026/09/04 09:32:35.229, NVIDIA GeForce RTX 5060, 591.86, P8, 28, 0, 412, 8151, 8.46, 145.00, 247, 405, 1, 8
2026-09-04T09:32:40.2512197+07:00,2026/09/04 09:32:40.297, NVIDIA GeForce RTX 5060, 591.86, P8, 28, 0, 412, 8151, 8.24, 145.00, 210, 405, 1, 8
2026-09-04T09:32:45.3197341+07:00,2026/09/04 09:32:45.366, NVIDIA GeForce RTX 5060, 591.86, P8, 28, 1, 412, 8151, 8.39, 145.00, 210, 405, 1, 8
2026-09-04T09:32:50.3882340+07:00,2026/09/04 09:32:50.434, NVIDIA GeForce RTX 5060, 591.86, P8, 28, 0, 412, 8151, 8.28, 145.00, 210, 405, 1, 8
2026-09-04T09:32:55.4567467+07:00,2026/09/04 09:32:55.503, NVIDIA GeForce RTX 5060, 591.86, P8, 28, 0, 412, 8151, 8.48, 145.00, 255, 405, 1, 8
2026-09-04T09:33:00.5252464+07:00,2026/09/04 09:33:00.571, NVIDIA GeForce RTX 5060, 591.86, P8, 28, 0, 412, 8151, 8.35, 145.00, 210, 405, 1, 8
2026-09-04T09:33:05.6402584+07:00,2026/09/04 09:33:05.733, NVIDIA GeForce RTX 5060, 591.86, P8, 28, 0, 412, 8151, 8.36, 145.00, 232, 405, 1, 8
2026-09-04T09:33:10.7550780+07:00,2026/09/04 09:33:10.801, NVIDIA GeForce RTX 5060, 591.86, P8, 28, 0, 412, 8151, 8.30, 145.00, 210, 405, 1, 8
2026-09-04T09:33:15.8235884+07:00,2026/09/04 09:33:15.885, NVIDIA GeForce RTX 5060, 591.86, P8, 28, 1, 412, 8151, 8.46, 145.00, 210, 405, 1, 8
2026-09-04T09:33:20.9073178+07:00,2026/09/04 09:33:20.953, NVIDIA GeForce RTX 5060, 591.86, P8, 28, 0, 412, 8151, 8.24, 145.00, 210, 405, 1, 8
2026-09-04T09:33:25.9603290+07:00,2026/09/04 09:33:26.006, NVIDIA GeForce RTX 5060, 591.86, P8, 28, 0, 412, 8151, 8.28, 145.00, 247, 405, 1, 8
2026-09-04T09:33:31.0285225+07:00,2026/09/04 09:33:31.075, NVIDIA GeForce RTX 5060, 591.86, P8, 28, 0, 412, 8151, 8.66, 145.00, 210, 405, 1, 8
2026-09-04T09:33:36.1435316+07:00,2026/09/04 09:33:36.205, NVIDIA GeForce RTX 5060, 591.86, P8, 28, 0, 412, 8151, 8.11, 145.00, 210, 405, 1, 8
2026-09-04T09:33:41.2275313+07:00,2026/09/04 09:33:41.258, NVIDIA GeForce RTX 5060, 591.86, P8, 28, 0, 412, 8151, 8.12, 145.00, 210, 405, 1, 8
2026-09-04T09:33:46.2802496+07:00,2026/09/04 09:33:46.326, NVIDIA GeForce RTX 5060, 591.86, P8, 28, 0, 412, 8151, 8.25, 145.00, 210, 405, 1, 8
2026-09-04T09:33:51.3487511+07:00,2026/09/04 09:33:51.395, NVIDIA GeForce RTX 5060, 591.86, P8, 28, 0, 412, 8151, 8.33, 145.00, 210, 405, 1, 8
2026-09-04T09:33:56.4172616+07:00,2026/09/04 09:33:56.463, NVIDIA GeForce RTX 5060, 591.86, P8, 28, 1, 412, 8151, 8.38, 145.00, 210, 405, 1, 8
2026-09-04T09:34:01.4862652+07:00,2026/09/04 09:34:01.532, NVIDIA GeForce RTX 5060, 591.86, P8, 28, 0, 402, 8151, 8.93, 145.00, 210, 405, 1, 8
2026-09-04T09:34:06.6007735+07:00,2026/09/04 09:34:06.647, NVIDIA GeForce RTX 5060, 591.86, P8, 29, 0, 402, 8151, 8.56, 145.00, 210, 405, 1, 8
2026-09-04T09:34:11.6692832+07:00,2026/09/04 09:34:11.746, NVIDIA GeForce RTX 5060, 591.86, P8, 28, 0, 402, 8151, 8.29, 145.00, 210, 405, 1, 8
2026-09-04T09:34:16.7688069+07:00,2026/09/04 09:34:16.846, NVIDIA GeForce RTX 5060, 591.86, P8, 28, 0, 402, 8151, 8.44, 145.00, 202, 405, 1, 8
2026-09-04T09:34:21.8528069+07:00,2026/09/04 09:34:21.899, NVIDIA GeForce RTX 5060, 591.86, P8, 28, 0, 402, 8151, 8.34, 145.00, 210, 405, 1, 8
2026-09-04T09:34:26.9213217+07:00,2026/09/04 09:34:26.967, NVIDIA GeForce RTX 5060, 591.86, P8, 28, 0, 402, 8151, 8.22, 145.00, 210, 405, 1, 8
2026-09-04T09:34:31.9898209+07:00,2026/09/04 09:34:32.113, NVIDIA GeForce RTX 5060, 591.86, P8, 28, 0, 402, 8151, 8.22, 145.00, 210, 405, 1, 8
2026-09-04T09:34:37.1978335+07:00,2026/09/04 09:34:37.228, NVIDIA GeForce RTX 5060, 591.86, P8, 28, 0, 402, 8151, 8.25, 145.00, 210, 405, 1, 8
2026-09-04T09:34:42.2508332+07:00,2026/09/04 09:34:42.281, NVIDIA GeForce RTX 5060, 591.86, P8, 28, 0, 402, 8151, 8.33, 145.00, 210, 405, 1, 8
2026-09-04T09:34:47.3036235+07:00,2026/09/04 09:34:47.334, NVIDIA GeForce RTX 5060, 591.86, P8, 28, 0, 402, 8151, 8.38, 145.00, 210, 405, 1, 8
2026-09-04T09:34:52.3566404+07:00,2026/09/04 09:34:52.387, NVIDIA GeForce RTX 5060, 591.86, P8, 28, 0, 402, 8151, 8.33, 145.00, 210, 405, 1, 8
2026-09-04T09:34:57.4096400+07:00,2026/09/04 09:34:57.440, NVIDIA GeForce RTX 5060, 591.86, P8, 28, 0, 402, 8151, 8.31, 145.00, 210, 405, 1, 8
2026-09-04T09:35:02.4626643+07:00,2026/09/04 09:35:02.509, NVIDIA GeForce RTX 5060, 591.86, P8, 29, 0, 402, 8151, 8.72, 145.00, 210, 405, 1, 8
2026-09-04T09:35:07.5776645+07:00,2026/09/04 09:35:07.608, NVIDIA GeForce RTX 5060, 591.86, P8, 28, 0, 402, 8151, 8.40, 145.00, 210, 405, 1, 8
2026-09-04T09:35:12.6306823+07:00,2026/09/04 09:35:12.661, NVIDIA GeForce RTX 5060, 591.86, P8, 28, 0, 402, 8151, 8.25, 145.00, 210, 405, 1, 8
2026-09-04T09:35:17.6679104+07:00,2026/09/04 09:35:17.698, NVIDIA GeForce RTX 5060, 591.86, P8, 29, 0, 402, 8151, 8.45, 145.00, 210, 405, 1, 8
2026-09-04T09:35:22.7054339+07:00,2026/09/04 09:35:22.736, NVIDIA GeForce RTX 5060, 591.86, P8, 28, 0, 402, 8151, 8.22, 145.00, 210, 405, 1, 8
2026-09-04T09:35:27.7584323+07:00,2026/09/04 09:35:27.804, NVIDIA GeForce RTX 5060, 591.86, P8, 28, 0, 402, 8151, 8.16, 145.00, 210, 405, 1, 8
2026-09-04T09:35:32.8269524+07:00,2026/09/04 09:35:32.888, NVIDIA GeForce RTX 5060, 591.86, P8, 28, 0, 402, 8151, 8.19, 145.00, 210, 405, 1, 8
2026-09-04T09:35:37.9574523+07:00,2026/09/04 09:35:37.988, NVIDIA GeForce RTX 5060, 591.86, P1, 29, 0, 402, 8151, 9.65, 145.00, 210, 14001, 4, 8
2026-09-04T09:35:42.9949690+07:00,2026/09/04 09:35:43.025, NVIDIA GeForce RTX 5060, 591.86, P8, 29, 0, 402, 8151, 8.72, 145.00, 240, 405, 1, 8
2026-09-04T09:35:48.0479703+07:00,2026/09/04 09:35:48.109, NVIDIA GeForce RTX 5060, 591.86, P5, 29, 0, 402, 8151, 10.21, 145.00, 210, 810, 2, 8
2026-09-04T09:35:53.1311881+07:00,2026/09/04 09:35:53.177, NVIDIA GeForce RTX 5060, 591.86, P1, 29, 0, 402, 8151, 15.22, 145.00, 217, 14001, 4, 8
2026-09-04T09:35:58.1996875+07:00,2026/09/04 09:35:58.277, NVIDIA GeForce RTX 5060, 591.86, P8, 29, 0, 402, 8151, 8.52, 145.00, 210, 405, 1, 8
2026-09-04T09:36:03.2992031+07:00,2026/09/04 09:36:03.438, NVIDIA GeForce RTX 5060, 591.86, P8, 29, 0, 402, 8151, 8.91, 145.00, 210, 405, 1, 8
2026-09-04T09:36:08.5072026+07:00,2026/09/04 09:36:08.584, NVIDIA GeForce RTX 5060, 591.86, P5, 29, 0, 402, 8151, 9.91, 145.00, 210, 810, 2, 8
2026-09-04T09:36:13.6067178+07:00,2026/09/04 09:36:13.668, NVIDIA GeForce RTX 5060, 591.86, P8, 29, 0, 402, 8151, 8.60, 145.00, 210, 405, 1, 8
2026-09-04T09:36:18.6907189+07:00,2026/09/04 09:36:18.752, NVIDIA GeForce RTX 5060, 591.86, P8, 29, 1, 402, 8151, 8.92, 145.00, 210, 405, 1, 8
2026-09-04T09:36:23.7747279+07:00,2026/09/04 09:36:23.852, NVIDIA GeForce RTX 5060, 591.86, P8, 29, 0, 402, 8151, 8.87, 145.00, 210, 405, 4, 8
2026-09-04T09:36:28.8742277+07:00,2026/09/04 09:36:28.951, NVIDIA GeForce RTX 5060, 591.86, P8, 29, 0, 402, 8151, 8.61, 145.00, 210, 405, 1, 8
2026-09-04T09:36:33.9717429+07:00,2026/09/04 09:36:34.002, NVIDIA GeForce RTX 5060, 591.86, P1, 29, 0, 402, 8151, 11.18, 145.00, 210, 14001, 4, 8
2026-09-04T09:36:39.0689894+07:00,2026/09/04 09:36:39.115, NVIDIA GeForce RTX 5060, 591.86, P1, 29, 0, 402, 8151, 9.47, 145.00, 210, 14001, 4, 8
2026-09-04T09:36:44.1365970+07:00,2026/09/04 09:36:45.593, NVIDIA GeForce RTX 5060, 591.86, P8, 29, 0, 402, 8151, 9.24, 145.00, 210, 405, 4, 8
2026-09-04T09:36:50.6461593+07:00,2026/09/04 09:36:50.817, NVIDIA GeForce RTX 5060, 591.86, P5, 29, 0, 402, 8151, 10.67, 145.00, 247, 810, 2, 8
2026-09-04T09:36:55.8381704+07:00,2026/09/04 09:36:55.900, NVIDIA GeForce RTX 5060, 591.86, P1, 29, 0, 402, 8151, 8.16, 145.00, 210, 405, 4, 8
2026-09-04T09:37:00.9369746+07:00,2026/09/04 09:37:00.983, NVIDIA GeForce RTX 5060, 591.86, P8, 29, 0, 402, 8151, 8.51, 145.00, 232, 405, 1, 8
2026-09-04T09:37:06.0043577+07:00,2026/09/04 09:37:06.050, NVIDIA GeForce RTX 5060, 591.86, P5, 29, 0, 402, 8151, 14.95, 145.00, 217, 810, 2, 8
2026-09-04T09:37:11.1187832+07:00,2026/09/04 09:37:11.196, NVIDIA GeForce RTX 5060, 591.86, P1, 29, 0, 402, 8151, 10.64, 145.00, 247, 14001, 4, 8
2026-09-04T09:37:16.2145167+07:00,2026/09/04 09:37:16.261, NVIDIA GeForce RTX 5060, 591.86, P8, 29, 0, 402, 8151, 8.42, 145.00, 210, 405, 1, 8
2026-09-04T09:37:21.2802730+07:00,2026/09/04 09:37:21.326, NVIDIA GeForce RTX 5060, 591.86, P5, 29, 0, 402, 8151, 9.16, 145.00, 210, 810, 1, 8
2026-09-04T09:37:26.3465398+07:00,2026/09/04 09:37:26.393, NVIDIA GeForce RTX 5060, 591.86, P1, 29, 0, 402, 8151, 14.69, 145.00, 210, 14001, 4, 8
2026-09-04T09:37:31.4131328+07:00,2026/09/04 09:37:31.475, NVIDIA GeForce RTX 5060, 591.86, P1, 29, 0, 402, 8151, 15.52, 145.00, 210, 14001, 4, 8
2026-09-04T09:37:36.4934634+07:00,2026/09/04 09:37:36.539, NVIDIA GeForce RTX 5060, 591.86, P1, 29, 0, 402, 8151, 9.83, 145.00, 210, 14001, 4, 8
2026-09-04T09:37:41.6054159+07:00,2026/09/04 09:37:41.651, NVIDIA GeForce RTX 5060, 591.86, P8, 29, 0, 402, 8151, 8.55, 145.00, 210, 405, 1, 8
2026-09-04T09:37:46.6730749+07:00,2026/09/04 09:37:46.735, NVIDIA GeForce RTX 5060, 591.86, P5, 30, 0, 402, 8151, 15.39, 145.00, 255, 810, 2, 8
2026-09-04T09:37:51.7563948+07:00,2026/09/04 09:37:51.802, NVIDIA GeForce RTX 5060, 591.86, P1, 29, 0, 402, 8151, 9.40, 145.00, 255, 14001, 4, 8
2026-09-04T09:37:56.8216807+07:00,2026/09/04 09:37:56.868, NVIDIA GeForce RTX 5060, 591.86, P8, 29, 0, 402, 8151, 8.33, 145.00, 247, 405, 1, 8
2026-09-04T09:38:01.8872377+07:00,2026/09/04 09:38:01.933, NVIDIA GeForce RTX 5060, 591.86, P8, 29, 0, 402, 8151, 8.49, 145.00, 210, 405, 1, 8
2026-09-04T09:38:06.9513149+07:00,2026/09/04 09:38:06.998, NVIDIA GeForce RTX 5060, 591.86, P8, 29, 1, 402, 8151, 8.39, 145.00, 210, 405, 1, 8
2026-09-04T09:38:12.0936646+07:00,2026/09/04 09:38:12.140, NVIDIA GeForce RTX 5060, 591.86, P8, 29, 0, 402, 8151, 8.40, 145.00, 210, 405, 1, 8
2026-09-04T09:38:17.1603684+07:00,2026/09/04 09:38:17.206, NVIDIA GeForce RTX 5060, 591.86, P8, 29, 1, 402, 8151, 8.62, 145.00, 210, 405, 1, 8
2026-09-04T09:38:22.2269343+07:00,2026/09/04 09:38:22.273, NVIDIA GeForce RTX 5060, 591.86, P8, 29, 2, 402, 8151, 9.76, 145.00, 375, 405, 1, 8
2026-09-04T09:38:27.2942325+07:00,2026/09/04 09:38:27.356, NVIDIA GeForce RTX 5060, 591.86, P8, 29, 2, 402, 8151, 9.93, 145.00, 450, 405, 1, 8
2026-09-04T09:38:32.3763838+07:00,2026/09/04 09:38:32.422, NVIDIA GeForce RTX 5060, 591.86, P8, 29, 2, 402, 8151, 9.79, 145.00, 450, 405, 1, 8
2026-09-04T09:38:37.4438833+07:00,2026/09/04 09:38:37.490, NVIDIA GeForce RTX 5060, 591.86, P8, 29, 1, 402, 8151, 9.86, 145.00, 457, 405, 1, 8
2026-09-04T09:38:42.5895622+07:00,2026/09/04 09:38:42.636, NVIDIA GeForce RTX 5060, 591.86, P8, 29, 2, 402, 8151, 9.86, 145.00, 457, 405, 1, 8
2026-09-04T09:38:47.6579967+07:00,2026/09/04 09:38:47.704, NVIDIA GeForce RTX 5060, 591.86, P0, 31, 1, 402, 8151, 23.68, 145.00, 2557, 14201, 4, 8
2026-09-04T09:38:52.7253986+07:00,2026/09/04 09:38:52.772, NVIDIA GeForce RTX 5060, 591.86, P8, 29, 2, 402, 8151, 9.95, 145.00, 442, 405, 1, 8
2026-09-04T09:38:57.7920812+07:00,2026/09/04 09:38:57.823, NVIDIA GeForce RTX 5060, 591.86, P8, 29, 2, 402, 8151, 10.02, 145.00, 450, 405, 1, 8
2026-09-04T09:39:02.8435572+07:00,2026/09/04 09:39:02.921, NVIDIA GeForce RTX 5060, 591.86, P8, 29, 2, 402, 8151, 9.82, 145.00, 457, 405, 1, 8
2026-09-04T09:39:07.9424690+07:00,2026/09/04 09:39:07.988, NVIDIA GeForce RTX 5060, 591.86, P8, 29, 2, 402, 8151, 9.88, 145.00, 450, 405, 1, 8
2026-09-04T09:39:13.0553018+07:00,2026/09/04 09:39:13.117, NVIDIA GeForce RTX 5060, 591.86, P8, 29, 2, 402, 8151, 10.13, 145.00, 465, 405, 1, 8
2026-09-04T09:39:18.1393124+07:00,2026/09/04 09:39:18.232, NVIDIA GeForce RTX 5060, 591.86, P8, 29, 2, 402, 8151, 10.05, 145.00, 465, 405, 1, 8
2026-09-04T09:39:23.2544278+07:00,2026/09/04 09:39:23.378, NVIDIA GeForce RTX 5060, 591.86, P8, 29, 3, 402, 8151, 10.15, 145.00, 450, 405, 1, 8
2026-09-04T09:39:28.4004420+07:00,2026/09/04 09:39:28.477, NVIDIA GeForce RTX 5060, 591.86, P8, 29, 2, 402, 8151, 10.01, 145.00, 472, 405, 1, 8
2026-09-04T09:39:33.4999417+07:00,2026/09/04 09:39:33.561, NVIDIA GeForce RTX 5060, 591.86, P8, 29, 2, 402, 8151, 10.06, 145.00, 465, 405, 1, 8
2026-09-04T09:39:38.5839578+07:00,2026/09/04 09:39:38.723, NVIDIA GeForce RTX 5060, 591.86, P8, 29, 2, 402, 8151, 10.14, 145.00, 465, 405, 1, 8
2026-09-04T09:39:43.7920457+07:00,2026/09/04 09:39:43.823, NVIDIA GeForce RTX 5060, 591.86, P8, 29, 2, 402, 8151, 10.18, 145.00, 472, 405, 1, 8
2026-09-04T09:39:48.8450640+07:00,2026/09/04 09:39:48.922, NVIDIA GeForce RTX 5060, 591.86, P3, 30, 1, 402, 8151, 22.54, 145.00, 1117, 7001, 2, 8
2026-09-04T09:39:53.9445652+07:00,2026/09/04 09:39:53.975, NVIDIA GeForce RTX 5060, 591.86, P8, 29, 2, 402, 8151, 10.33, 145.00, 472, 405, 1, 8
2026-09-04T09:39:58.9821984+07:00,2026/09/04 09:39:59.044, NVIDIA GeForce RTX 5060, 591.86, P8, 29, 2, 402, 8151, 10.32, 145.00, 472, 405, 1, 8
2026-09-04T09:40:04.0661986+07:00,2026/09/04 09:40:04.097, NVIDIA GeForce RTX 5060, 591.86, P8, 29, 2, 402, 8151, 10.26, 145.00, 465, 405, 1, 8
2026-09-04T09:40:09.1040850+07:00,2026/09/04 09:40:09.135, NVIDIA GeForce RTX 5060, 591.86, P8, 29, 2, 402, 8151, 10.37, 145.00, 480, 405, 1, 8
2026-09-04T09:40:14.2037083+07:00,2026/09/04 09:40:14.234, NVIDIA GeForce RTX 5060, 591.86, P8, 29, 3, 402, 8151, 10.29, 145.00, 487, 405, 1, 8
2026-09-04T09:40:19.2565087+07:00,2026/09/04 09:40:19.303, NVIDIA GeForce RTX 5060, 591.86, P8, 29, 2, 402, 8151, 10.23, 145.00, 472, 405, 1, 8
2026-09-04T09:40:24.3251191+07:00,2026/09/04 09:40:24.387, NVIDIA GeForce RTX 5060, 591.86, P8, 29, 2, 402, 8151, 10.21, 145.00, 480, 405, 1, 8
2026-09-04T09:40:29.4092137+07:00,2026/09/04 09:40:29.486, NVIDIA GeForce RTX 5060, 591.86, P8, 29, 2, 402, 8151, 10.28, 145.00, 495, 405, 1, 8
2026-09-04T09:40:34.5087123+07:00,2026/09/04 09:40:34.555, NVIDIA GeForce RTX 5060, 591.86, P8, 29, 2, 402, 8151, 10.22, 145.00, 480, 405, 1, 8
2026-09-04T09:40:39.5927291+07:00,2026/09/04 09:40:39.623, NVIDIA GeForce RTX 5060, 591.86, P8, 29, 3, 402, 8151, 10.26, 145.00, 480, 405, 1, 8
2026-09-04T09:40:44.6922320+07:00,2026/09/04 09:40:44.738, NVIDIA GeForce RTX 5060, 591.86, P8, 29, 2, 402, 8151, 10.18, 145.00, 465, 405, 1, 8
2026-09-04T09:40:49.7452452+07:00,2026/09/04 09:40:49.776, NVIDIA GeForce RTX 5060, 591.86, P8, 29, 2, 402, 8151, 10.12, 145.00, 465, 405, 1, 8
2026-09-04T09:40:54.7979108+07:00,2026/09/04 09:40:54.859, NVIDIA GeForce RTX 5060, 591.86, P8, 29, 2, 402, 8151, 10.06, 145.00, 457, 405, 1, 8
2026-09-04T09:40:59.9129261+07:00,2026/09/04 09:40:59.943, NVIDIA GeForce RTX 5060, 591.86, P8, 29, 2, 402, 8151, 10.21, 145.00, 465, 405, 1, 8
2026-09-04T09:41:04.9504265+07:00,2026/09/04 09:41:04.981, NVIDIA GeForce RTX 5060, 591.86, P8, 29, 2, 402, 8151, 10.20, 145.00, 465, 405, 1, 8
2026-09-04T09:41:09.9879442+07:00,2026/09/04 09:41:10.018, NVIDIA GeForce RTX 5060, 591.86, P8, 29, 2, 402, 8151, 10.26, 145.00, 465, 405, 1, 8
2026-09-04T09:41:15.0874439+07:00,2026/09/04 09:41:15.133, NVIDIA GeForce RTX 5060, 591.86, P8, 29, 2, 402, 8151, 10.17, 145.00, 465, 405, 1, 8
2026-09-04T09:41:20.1559914+07:00,2026/09/04 09:41:20.202, NVIDIA GeForce RTX 5060, 591.86, P8, 29, 3, 402, 8151, 10.50, 145.00, 457, 405, 1, 8
2026-09-04T09:41:25.2244913+07:00,2026/09/04 09:41:25.286, NVIDIA GeForce RTX 5060, 591.86, P8, 29, 3, 402, 8151, 10.56, 145.00, 532, 405, 1, 8
2026-09-04T09:41:30.3086059+07:00,2026/09/04 09:41:30.355, NVIDIA GeForce RTX 5060, 591.86, P8, 29, 3, 402, 8151, 10.82, 145.00, 660, 405, 1, 8
2026-09-04T09:41:35.3771039+07:00,2026/09/04 09:41:35.408, NVIDIA GeForce RTX 5060, 591.86, P8, 29, 2, 402, 8151, 10.44, 145.00, 585, 405, 1, 8
2026-09-04T09:41:40.4146171+07:00,2026/09/04 09:41:40.477, NVIDIA GeForce RTX 5060, 591.86, P8, 29, 3, 402, 8151, 10.76, 145.00, 585, 405, 1, 8
2026-09-04T09:41:45.5451170+07:00,2026/09/04 09:41:45.622, NVIDIA GeForce RTX 5060, 591.86, P8, 29, 3, 402, 8151, 10.59, 145.00, 487, 405, 1, 8
2026-09-04T09:41:50.6756291+07:00,2026/09/04 09:41:50.722, NVIDIA GeForce RTX 5060, 591.86, P8, 29, 2, 402, 8151, 10.35, 145.00, 472, 405, 1, 8
2026-09-04T09:41:55.7441291+07:00,2026/09/04 09:41:55.837, NVIDIA GeForce RTX 5060, 591.86, P8, 29, 3, 402, 8151, 10.89, 145.00, 577, 405, 1, 8
2026-09-04T09:42:00.8587692+07:00,2026/09/04 09:42:00.936, NVIDIA GeForce RTX 5060, 591.86, P8, 29, 3, 402, 8151, 10.98, 145.00, 637, 405, 1, 8
2026-09-04T09:42:05.9583881+07:00,2026/09/04 09:42:06.020, NVIDIA GeForce RTX 5060, 591.86, P8, 29, 3, 402, 8151, 10.69, 145.00, 525, 405, 1, 8
2026-09-04T09:42:11.0423970+07:00,2026/09/04 09:42:11.120, NVIDIA GeForce RTX 5060, 591.86, P8, 29, 2, 402, 8151, 10.44, 145.00, 442, 405, 1, 8
2026-09-04T09:42:16.2193973+07:00,2026/09/04 09:42:16.296, NVIDIA GeForce RTX 5060, 591.86, P8, 29, 2, 402, 8151, 10.73, 145.00, 555, 405, 1, 8
2026-09-04T09:42:21.3188211+07:00,2026/09/04 09:42:21.411, NVIDIA GeForce RTX 5060, 591.86, P8, 29, 2, 402, 8151, 10.22, 145.00, 510, 405, 1, 8
2026-09-04T09:42:26.4337713+07:00,2026/09/04 09:42:26.511, NVIDIA GeForce RTX 5060, 591.86, P8, 29, 2, 402, 8151, 10.73, 145.00, 532, 405, 1, 8
2026-09-04T09:42:31.5329711+07:00,2026/09/04 09:42:31.656, NVIDIA GeForce RTX 5060, 591.86, P8, 29, 2, 402, 8151, 10.52, 145.00, 630, 405, 1, 8
2026-09-04T09:42:36.6787282+07:00,2026/09/04 09:42:36.756, NVIDIA GeForce RTX 5060, 591.86, P8, 29, 3, 402, 8151, 10.76, 145.00, 607, 405, 1, 8
2026-09-04T09:42:41.7937416+07:00,2026/09/04 09:42:41.824, NVIDIA GeForce RTX 5060, 591.86, P8, 29, 3, 402, 8151, 10.68, 145.00, 607, 405, 1, 8
2026-09-04T09:42:46.8777403+07:00,2026/09/04 09:42:46.908, NVIDIA GeForce RTX 5060, 591.86, P8, 29, 2, 402, 8151, 10.81, 145.00, 585, 405, 1, 8
2026-09-04T09:42:51.9152501+07:00,2026/09/04 09:42:51.946, NVIDIA GeForce RTX 5060, 591.86, P8, 29, 2, 402, 8151, 10.05, 145.00, 450, 405, 1, 8
2026-09-04T09:42:56.9527501+07:00,2026/09/04 09:42:57.014, NVIDIA GeForce RTX 5060, 591.86, P8, 29, 2, 402, 8151, 9.98, 145.00, 457, 405, 1, 8
2026-09-04T09:43:02.0367617+07:00,2026/09/04 09:43:02.130, NVIDIA GeForce RTX 5060, 591.86, P8, 29, 2, 402, 8151, 10.16, 145.00, 472, 405, 1, 8
2026-09-04T09:43:07.1517615+07:00,2026/09/04 09:43:07.260, NVIDIA GeForce RTX 5060, 591.86, P8, 29, 2, 402, 8151, 10.18, 145.00, 457, 405, 1, 8
2026-09-04T09:43:12.2823677+07:00,2026/09/04 09:43:12.344, NVIDIA GeForce RTX 5060, 591.86, P8, 29, 2, 402, 8151, 10.24, 145.00, 495, 405, 1, 8
2026-09-04T09:43:17.4128247+07:00,2026/09/04 09:43:17.459, NVIDIA GeForce RTX 5060, 591.86, P8, 29, 2, 402, 8151, 10.44, 145.00, 532, 405, 1, 8
2026-09-04T09:43:22.4813349+07:00,2026/09/04 09:43:22.528, NVIDIA GeForce RTX 5060, 591.86, P8, 29, 0, 402, 8151, 9.13, 145.00, 270, 405, 1, 8
2026-09-04T09:43:27.5470460+07:00,2026/09/04 09:43:27.686, NVIDIA GeForce RTX 5060, 591.86, P8, 29, 1, 402, 8151, 9.84, 145.00, 450, 405, 1, 8
2026-09-04T09:43:32.7022967+07:00,2026/09/04 09:43:32.733, NVIDIA GeForce RTX 5060, 591.86, P8, 29, 1, 402, 8151, 10.09, 145.00, 450, 405, 1, 8
2026-09-04T09:43:37.7527989+07:00,2026/09/04 09:43:37.783, NVIDIA GeForce RTX 5060, 591.86, P8, 29, 1, 402, 8151, 9.99, 145.00, 450, 405, 1, 8
2026-09-04T09:43:42.8027445+07:00,2026/09/04 09:43:42.849, NVIDIA GeForce RTX 5060, 591.86, P8, 29, 1, 402, 8151, 10.09, 145.00, 450, 405, 1, 8
2026-09-04T09:43:47.9312888+07:00,2026/09/04 09:43:47.993, NVIDIA GeForce RTX 5060, 591.86, P8, 29, 1, 402, 8151, 10.04, 145.00, 510, 405, 1, 8
2026-09-04T09:43:53.0143936+07:00,2026/09/04 09:43:53.091, NVIDIA GeForce RTX 5060, 591.86, P8, 29, 1, 406, 8151, 10.05, 145.00, 465, 405, 1, 8
2026-09-04T09:43:58.1107712+07:00,2026/09/04 09:43:58.187, NVIDIA GeForce RTX 5060, 591.86, P8, 29, 1, 407, 8151, 10.08, 145.00, 465, 405, 1, 8
2026-09-04T09:44:03.2062316+07:00,2026/09/04 09:44:03.252, NVIDIA GeForce RTX 5060, 591.86, P8, 29, 1, 402, 8151, 10.12, 145.00, 495, 405, 1, 8
2026-09-04T09:44:08.2707042+07:00,2026/09/04 09:44:08.317, NVIDIA GeForce RTX 5060, 591.86, P8, 29, 1, 402, 8151, 10.15, 145.00, 487, 405, 1, 8
2026-09-04T09:44:13.3354287+07:00,2026/09/04 09:44:13.366, NVIDIA GeForce RTX 5060, 591.86, P8, 29, 1, 402, 8151, 10.20, 145.00, 480, 405, 1, 8
2026-09-04T09:44:18.4343207+07:00,2026/09/04 09:44:18.480, NVIDIA GeForce RTX 5060, 591.86, P8, 29, 1, 402, 8151, 10.13, 145.00, 472, 405, 1, 8
2026-09-04T09:44:23.5002388+07:00,2026/09/04 09:44:23.546, NVIDIA GeForce RTX 5060, 591.86, P8, 29, 1, 402, 8151, 9.88, 145.00, 480, 405, 1, 8
2026-09-04T09:44:28.5643509+07:00,2026/09/04 09:44:28.610, NVIDIA GeForce RTX 5060, 591.86, P8, 29, 1, 402, 8151, 10.04, 145.00, 480, 405, 1, 8
2026-09-04T09:44:33.6302408+07:00,2026/09/04 09:44:33.676, NVIDIA GeForce RTX 5060, 591.86, P8, 29, 1, 402, 8151, 10.08, 145.00, 480, 405, 1, 8
2026-09-04T09:44:38.6944815+07:00,2026/09/04 09:44:38.771, NVIDIA GeForce RTX 5060, 591.86, P8, 29, 1, 402, 8151, 10.07, 145.00, 472, 405, 1, 8
2026-09-04T09:44:43.7929999+07:00,2026/09/04 09:44:43.839, NVIDIA GeForce RTX 5060, 591.86, P8, 29, 1, 402, 8151, 10.07, 145.00, 480, 405, 1, 8
2026-09-04T09:44:48.9075041+07:00,2026/09/04 09:44:48.938, NVIDIA GeForce RTX 5060, 591.86, P8, 29, 1, 402, 8151, 10.16, 145.00, 487, 405, 1, 8
2026-09-04T09:44:53.9603511+07:00,2026/09/04 09:44:54.022, NVIDIA GeForce RTX 5060, 591.86, P8, 29, 1, 402, 8151, 10.27, 145.00, 495, 405, 1, 8
2026-09-04T09:44:59.0400876+07:00,2026/09/04 09:44:59.086, NVIDIA GeForce RTX 5060, 591.86, P8, 29, 1, 402, 8151, 9.98, 145.00, 480, 405, 1, 8
2026-09-04T09:45:04.1073122+07:00,2026/09/04 09:45:04.153, NVIDIA GeForce RTX 5060, 591.86, P8, 29, 1, 402, 8151, 9.95, 145.00, 487, 405, 1, 8
2026-09-04T09:45:09.1722623+07:00,2026/09/04 09:45:09.203, NVIDIA GeForce RTX 5060, 591.86, P8, 29, 1, 402, 8151, 9.98, 145.00, 487, 405, 1, 8
2026-09-04T09:45:14.2103114+07:00,2026/09/04 09:45:14.241, NVIDIA GeForce RTX 5060, 591.86, P8, 29, 1, 402, 8151, 10.06, 145.00, 472, 405, 1, 8
2026-09-04T09:45:19.3094090+07:00,2026/09/04 09:45:19.340, NVIDIA GeForce RTX 5060, 591.86, P8, 29, 1, 402, 8151, 10.06, 145.00, 480, 405, 1, 8
2026-09-04T09:45:24.3622841+07:00,2026/09/04 09:45:24.470, NVIDIA GeForce RTX 5060, 591.86, P8, 29, 1, 402, 8151, 10.00, 145.00, 480, 405, 1, 8
2026-09-04T09:45:29.5226882+07:00,2026/09/04 09:45:29.553, NVIDIA GeForce RTX 5060, 591.86, P8, 29, 1, 402, 8151, 9.91, 145.00, 487, 405, 1, 8
2026-09-04T09:45:34.5748281+07:00,2026/09/04 09:45:34.621, NVIDIA GeForce RTX 5060, 591.86, P8, 29, 1, 402, 8151, 10.22, 145.00, 480, 405, 1, 8
2026-09-04T09:45:39.6428571+07:00,2026/09/04 09:45:39.751, NVIDIA GeForce RTX 5060, 591.86, P8, 29, 1, 402, 8151, 10.16, 145.00, 472, 405, 1, 8
2026-09-04T09:45:44.7733557+07:00,2026/09/04 09:45:44.897, NVIDIA GeForce RTX 5060, 591.86, P8, 29, 1, 402, 8151, 10.06, 145.00, 465, 405, 1, 8
2026-09-04T09:45:49.9808211+07:00,2026/09/04 09:45:50.074, NVIDIA GeForce RTX 5060, 591.86, P8, 29, 1, 402, 8151, 10.10, 145.00, 480, 405, 1, 8
2026-09-04T09:45:55.1106928+07:00,2026/09/04 09:45:55.219, NVIDIA GeForce RTX 5060, 591.86, P8, 29, 1, 402, 8151, 10.09, 145.00, 480, 405, 1, 8
2026-09-04T09:46:00.2411109+07:00,2026/09/04 09:46:00.303, NVIDIA GeForce RTX 5060, 591.86, P8, 29, 1, 402, 8151, 10.07, 145.00, 480, 405, 1, 8
2026-09-04T09:46:05.3248256+07:00,2026/09/04 09:46:05.371, NVIDIA GeForce RTX 5060, 591.86, P8, 29, 1, 402, 8151, 10.01, 145.00, 472, 405, 1, 8
2026-09-04T09:46:10.4085389+07:00,2026/09/04 09:46:10.455, NVIDIA GeForce RTX 5060, 591.86, P8, 29, 1, 402, 8151, 9.98, 145.00, 465, 405, 1, 8
2026-09-04T09:46:15.4761452+07:00,2026/09/04 09:46:15.522, NVIDIA GeForce RTX 5060, 591.86, P8, 29, 1, 402, 8151, 9.91, 145.00, 487, 405, 1, 8
2026-09-04T09:46:20.5744943+07:00,2026/09/04 09:46:20.699, NVIDIA GeForce RTX 5060, 591.86, P8, 29, 1, 402, 8151, 9.83, 145.00, 480, 405, 1, 8
2026-09-04T09:46:25.7353876+07:00,2026/09/04 09:46:25.782, NVIDIA GeForce RTX 5060, 591.86, P8, 29, 1, 402, 8151, 10.05, 145.00, 495, 405, 1, 8
2026-09-04T09:46:30.8016805+07:00,2026/09/04 09:46:30.848, NVIDIA GeForce RTX 5060, 591.86, P8, 29, 1, 402, 8151, 10.06, 145.00, 487, 405, 1, 8
2026-09-04T09:46:35.8685464+07:00,2026/09/04 09:46:35.899, NVIDIA GeForce RTX 5060, 591.86, P8, 29, 1, 402, 8151, 9.94, 145.00, 472, 405, 1, 8
2026-09-04T09:46:40.9215318+07:00,2026/09/04 09:46:40.952, NVIDIA GeForce RTX 5060, 591.86, P8, 29, 1, 402, 8151, 10.05, 145.00, 495, 405, 1, 8
2026-09-04T09:46:45.9740941+07:00,2026/09/04 09:46:46.036, NVIDIA GeForce RTX 5060, 591.86, P8, 29, 1, 402, 8151, 10.10, 145.00, 495, 405, 1, 8
2026-09-04T09:46:51.0883134+07:00,2026/09/04 09:46:51.119, NVIDIA GeForce RTX 5060, 591.86, P8, 29, 1, 402, 8151, 10.06, 145.00, 495, 405, 1, 8
2026-09-04T09:46:56.1405438+07:00,2026/09/04 09:46:56.171, NVIDIA GeForce RTX 5060, 591.86, P8, 29, 1, 402, 8151, 9.96, 145.00, 472, 405, 1, 8
2026-09-04T09:47:01.1926264+07:00,2026/09/04 09:47:01.239, NVIDIA GeForce RTX 5060, 591.86, P8, 29, 1, 402, 8151, 10.08, 145.00, 495, 405, 1, 8
2026-09-04T09:47:06.2607825+07:00,2026/09/04 09:47:06.291, NVIDIA GeForce RTX 5060, 591.86, P8, 29, 1, 402, 8151, 10.02, 145.00, 472, 405, 1, 8
2026-09-04T09:47:11.3131950+07:00,2026/09/04 09:47:11.344, NVIDIA GeForce RTX 5060, 591.86, P8, 29, 1, 402, 8151, 10.11, 145.00, 465, 405, 1, 8
2026-09-04T09:47:16.3662603+07:00,2026/09/04 09:47:16.397, NVIDIA GeForce RTX 5060, 591.86, P8, 29, 1, 402, 8151, 10.07, 145.00, 487, 405, 1, 8
2026-09-04T09:47:21.4643156+07:00,2026/09/04 09:47:21.495, NVIDIA GeForce RTX 5060, 591.86, P8, 29, 1, 402, 8151, 10.15, 145.00, 487, 405, 1, 8
2026-09-04T09:47:26.5171113+07:00,2026/09/04 09:47:26.548, NVIDIA GeForce RTX 5060, 591.86, P8, 29, 1, 402, 8151, 10.10, 145.00, 472, 405, 1, 8
2026-09-04T09:47:31.5699122+07:00,2026/09/04 09:47:31.600, NVIDIA GeForce RTX 5060, 591.86, P8, 29, 1, 402, 8151, 9.98, 145.00, 495, 405, 1, 8
2026-09-04T09:47:36.6220856+07:00,2026/09/04 09:47:36.653, NVIDIA GeForce RTX 5060, 591.86, P8, 29, 1, 402, 8151, 10.03, 145.00, 495, 405, 1, 8
2026-09-04T09:47:41.6744624+07:00,2026/09/04 09:47:41.736, NVIDIA GeForce RTX 5060, 591.86, P8, 29, 1, 402, 8151, 9.99, 145.00, 487, 405, 1, 8
2026-09-04T09:47:46.7580643+07:00,2026/09/04 09:47:46.804, NVIDIA GeForce RTX 5060, 591.86, P8, 29, 1, 402, 8151, 10.03, 145.00, 487, 405, 1, 8
2026-09-04T09:47:51.8721332+07:00,2026/09/04 09:47:51.934, NVIDIA GeForce RTX 5060, 591.86, P8, 29, 1, 402, 8151, 9.99, 145.00, 495, 405, 1, 8
2026-09-04T09:47:56.9553592+07:00,2026/09/04 09:47:57.001, NVIDIA GeForce RTX 5060, 591.86, P8, 29, 1, 402, 8151, 9.86, 145.00, 457, 405, 1, 8
2026-09-04T09:48:02.0233474+07:00,2026/09/04 09:48:02.054, NVIDIA GeForce RTX 5060, 591.86, P8, 29, 1, 402, 8151, 9.99, 145.00, 465, 405, 1, 8
2026-09-04T09:48:07.0762349+07:00,2026/09/04 09:48:07.107, NVIDIA GeForce RTX 5060, 591.86, P8, 29, 1, 402, 8151, 9.98, 145.00, 472, 405, 1, 8
2026-09-04T09:48:12.1290305+07:00,2026/09/04 09:48:12.175, NVIDIA GeForce RTX 5060, 591.86, P8, 29, 1, 402, 8151, 9.95, 145.00, 472, 405, 1, 8
2026-09-04T09:48:17.1963580+07:00,2026/09/04 09:48:17.227, NVIDIA GeForce RTX 5060, 591.86, P8, 29, 1, 402, 8151, 10.06, 145.00, 480, 405, 1, 8
2026-09-04T09:48:22.2956313+07:00,2026/09/04 09:48:22.342, NVIDIA GeForce RTX 5060, 591.86, P8, 29, 1, 402, 8151, 9.93, 145.00, 472, 405, 1, 8
2026-09-04T09:48:27.3636031+07:00,2026/09/04 09:48:27.410, NVIDIA GeForce RTX 5060, 591.86, P8, 29, 1, 402, 8151, 9.98, 145.00, 457, 405, 1, 8
2026-09-04T09:48:32.4322649+07:00,2026/09/04 09:48:32.463, NVIDIA GeForce RTX 5060, 591.86, P8, 29, 1, 402, 8151, 9.90, 145.00, 487, 405, 1, 8
2026-09-04T09:48:37.4840830+07:00,2026/09/04 09:48:37.515, NVIDIA GeForce RTX 5060, 591.86, P8, 29, 1, 402, 8151, 9.89, 145.00, 465, 405, 1, 8
2026-09-04T09:48:42.5363164+07:00,2026/09/04 09:48:42.567, NVIDIA GeForce RTX 5060, 591.86, P8, 29, 1, 402, 8151, 10.04, 145.00, 495, 405, 1, 8
2026-09-04T09:48:47.5745297+07:00,2026/09/04 09:48:47.621, NVIDIA GeForce RTX 5060, 591.86, P8, 29, 1, 402, 8151, 9.93, 145.00, 480, 405, 1, 8
2026-09-04T09:48:52.6893624+07:00,2026/09/04 09:48:52.720, NVIDIA GeForce RTX 5060, 591.86, P8, 29, 1, 402, 8151, 10.03, 145.00, 472, 405, 1, 8
2026-09-04T09:48:57.7268630+07:00,2026/09/04 09:48:57.757, NVIDIA GeForce RTX 5060, 591.86, P8, 29, 1, 402, 8151, 9.93, 145.00, 480, 405, 1, 8
2026-09-04T09:49:02.7799443+07:00,2026/09/04 09:49:02.826, NVIDIA GeForce RTX 5060, 591.86, P8, 29, 1, 402, 8151, 9.90, 145.00, 465, 405, 1, 8
2026-09-04T09:49:07.8480071+07:00,2026/09/04 09:49:07.895, NVIDIA GeForce RTX 5060, 591.86, P8, 29, 1, 402, 8151, 9.93, 145.00, 465, 405, 1, 8
2026-09-04T09:49:12.9158638+07:00,2026/09/04 09:49:12.946, NVIDIA GeForce RTX 5060, 591.86, P8, 29, 1, 402, 8151, 9.95, 145.00, 487, 405, 1, 8
2026-09-04T09:49:17.9538595+07:00,2026/09/04 09:49:17.984, NVIDIA GeForce RTX 5060, 591.86, P8, 29, 1, 402, 8151, 9.89, 145.00, 450, 405, 1, 8
2026-09-04T09:49:23.0533516+07:00,2026/09/04 09:49:23.100, NVIDIA GeForce RTX 5060, 591.86, P8, 29, 1, 402, 8151, 10.01, 145.00, 472, 405, 1, 8
2026-09-04T09:49:28.1202333+07:00,2026/09/04 09:49:28.151, NVIDIA GeForce RTX 5060, 591.86, P8, 29, 1, 402, 8151, 10.06, 145.00, 472, 405, 1, 8
2026-09-04T09:49:33.1585325+07:00,2026/09/04 09:49:33.189, NVIDIA GeForce RTX 5060, 591.86, P8, 29, 1, 402, 8151, 10.05, 145.00, 457, 405, 1, 8
2026-09-04T09:49:38.2113977+07:00,2026/09/04 09:49:38.258, NVIDIA GeForce RTX 5060, 591.86, P8, 29, 1, 402, 8151, 10.04, 145.00, 480, 405, 1, 8
2026-09-04T09:49:43.2795115+07:00,2026/09/04 09:49:43.342, NVIDIA GeForce RTX 5060, 591.86, P8, 29, 1, 402, 8151, 9.88, 145.00, 465, 405, 1, 8
2026-09-04T09:49:48.3637499+07:00,2026/09/04 09:49:48.394, NVIDIA GeForce RTX 5060, 591.86, P8, 29, 1, 402, 8151, 9.99, 145.00, 480, 405, 1, 8
2026-09-04T09:49:53.4458529+07:00,2026/09/04 09:49:53.476, NVIDIA GeForce RTX 5060, 591.86, P8, 29, 1, 402, 8151, 10.09, 145.00, 487, 405, 1, 8
2026-09-04T09:49:58.4979077+07:00,2026/09/04 09:49:58.529, NVIDIA GeForce RTX 5060, 591.86, P8, 29, 1, 402, 8151, 10.12, 145.00, 517, 405, 1, 8
2026-09-04T09:50:03.5509123+07:00,2026/09/04 09:50:03.597, NVIDIA GeForce RTX 5060, 591.86, P8, 29, 1, 402, 8151, 9.92, 145.00, 480, 405, 1, 8
2026-09-04T09:50:08.6194781+07:00,2026/09/04 09:50:08.650, NVIDIA GeForce RTX 5060, 591.86, P8, 29, 1, 402, 8151, 9.91, 145.00, 472, 405, 1, 8
2026-09-04T09:50:13.6722511+07:00,2026/09/04 09:50:13.703, NVIDIA GeForce RTX 5060, 591.86, P8, 29, 1, 402, 8151, 9.84, 145.00, 495, 405, 1, 8
2026-09-04T09:50:18.7249598+07:00,2026/09/04 09:50:18.756, NVIDIA GeForce RTX 5060, 591.86, P8, 29, 1, 402, 8151, 9.93, 145.00, 502, 405, 1, 8
2026-09-04T09:50:23.8239120+07:00,2026/09/04 09:50:23.854, NVIDIA GeForce RTX 5060, 591.86, P8, 29, 1, 402, 8151, 9.87, 145.00, 472, 405, 1, 8
2026-09-04T09:50:28.8763001+07:00,2026/09/04 09:50:28.923, NVIDIA GeForce RTX 5060, 591.86, P8, 29, 1, 402, 8151, 9.85, 145.00, 480, 405, 1, 8
2026-09-04T09:50:33.9454887+07:00,2026/09/04 09:50:33.976, NVIDIA GeForce RTX 5060, 591.86, P8, 29, 1, 402, 8151, 9.89, 145.00, 480, 405, 1, 8
2026-09-04T09:50:38.9833242+07:00,2026/09/04 09:50:39.029, NVIDIA GeForce RTX 5060, 591.86, P8, 29, 1, 402, 8151, 9.96, 145.00, 487, 405, 1, 8
2026-09-04T09:50:44.0513528+07:00,2026/09/04 09:50:44.098, NVIDIA GeForce RTX 5060, 591.86, P8, 29, 1, 402, 8151, 10.02, 145.00, 487, 405, 1, 8
2026-09-04T09:50:49.1196243+07:00,2026/09/04 09:50:49.151, NVIDIA GeForce RTX 5060, 591.86, P8, 29, 1, 402, 8151, 9.95, 145.00, 480, 405, 1, 8
2026-09-04T09:50:54.2171553+07:00,2026/09/04 09:50:54.248, NVIDIA GeForce RTX 5060, 591.86, P8, 29, 1, 402, 8151, 9.96, 145.00, 487, 405, 1, 8
2026-09-04T09:50:59.2697926+07:00,2026/09/04 09:50:59.300, NVIDIA GeForce RTX 5060, 591.86, P8, 29, 1, 402, 8151, 10.03, 145.00, 480, 405, 1, 8
2026-09-04T09:51:04.3222861+07:00,2026/09/04 09:51:04.368, NVIDIA GeForce RTX 5060, 591.86, P8, 29, 1, 402, 8151, 9.89, 145.00, 480, 405, 1, 8
2026-09-04T09:51:09.3903539+07:00,2026/09/04 09:51:09.421, NVIDIA GeForce RTX 5060, 591.86, P8, 29, 1, 402, 8151, 9.80, 145.00, 495, 405, 1, 8
2026-09-04T09:51:14.4427473+07:00,2026/09/04 09:51:14.489, NVIDIA GeForce RTX 5060, 591.86, P8, 29, 1, 402, 8151, 9.85, 145.00, 502, 405, 1, 8
2026-09-04T09:51:19.5098474+07:00,2026/09/04 09:51:19.540, NVIDIA GeForce RTX 5060, 591.86, P8, 29, 1, 402, 8151, 9.93, 145.00, 487, 405, 1, 8
2026-09-04T09:51:24.6080706+07:00,2026/09/04 09:51:24.639, NVIDIA GeForce RTX 5060, 591.86, P8, 29, 1, 402, 8151, 10.02, 145.00, 487, 405, 1, 8
2026-09-04T09:51:29.6601255+07:00,2026/09/04 09:51:29.753, NVIDIA GeForce RTX 5060, 591.86, P8, 29, 1, 402, 8151, 9.96, 145.00, 502, 405, 1, 8
2026-09-04T09:51:34.7749897+07:00,2026/09/04 09:51:34.805, NVIDIA GeForce RTX 5060, 591.86, P8, 29, 1, 402, 8151, 10.00, 145.00, 487, 405, 1, 8
2026-09-04T09:51:39.8261316+07:00,2026/09/04 09:51:39.857, NVIDIA GeForce RTX 5060, 591.86, P8, 29, 1, 402, 8151, 9.99, 145.00, 495, 405, 1, 8
2026-09-04T09:51:44.8772175+07:00,2026/09/04 09:51:44.908, NVIDIA GeForce RTX 5060, 591.86, P8, 29, 1, 402, 8151, 9.94, 145.00, 480, 405, 1, 8
2026-09-04T09:51:49.9292886+07:00,2026/09/04 09:51:49.960, NVIDIA GeForce RTX 5060, 591.86, P8, 29, 1, 402, 8151, 9.87, 145.00, 480, 405, 1, 8
2026-09-04T09:51:55.0246217+07:00,2026/09/04 09:51:55.055, NVIDIA GeForce RTX 5060, 591.86, P8, 29, 1, 402, 8151, 9.80, 145.00, 472, 405, 1, 8
2026-09-04T09:52:00.0757829+07:00,2026/09/04 09:52:00.106, NVIDIA GeForce RTX 5060, 591.86, P8, 29, 1, 402, 8151, 9.81, 145.00, 480, 405, 1, 8
2026-09-04T09:52:05.1255095+07:00,2026/09/04 09:52:05.156, NVIDIA GeForce RTX 5060, 591.86, P8, 29, 1, 402, 8151, 9.91, 145.00, 487, 405, 1, 8
2026-09-04T09:52:10.1751593+07:00,2026/09/04 09:52:10.206, NVIDIA GeForce RTX 5060, 591.86, P8, 29, 1, 402, 8151, 10.01, 145.00, 487, 405, 1, 8
2026-09-04T09:52:15.2243937+07:00,2026/09/04 09:52:15.255, NVIDIA GeForce RTX 5060, 591.86, P8, 29, 1, 402, 8151, 10.01, 145.00, 487, 405, 1, 8
2026-09-04T09:52:20.2750774+07:00,2026/09/04 09:52:20.321, NVIDIA GeForce RTX 5060, 591.86, P8, 29, 1, 402, 8151, 9.89, 145.00, 487, 405, 1, 8
2026-09-04T09:52:25.3847661+07:00,2026/09/04 09:52:25.415, NVIDIA GeForce RTX 5060, 591.86, P8, 29, 1, 402, 8151, 10.02, 145.00, 480, 405, 1, 8
2026-09-04T09:52:30.4349705+07:00,2026/09/04 09:52:30.465, NVIDIA GeForce RTX 5060, 591.86, P8, 29, 1, 402, 8151, 9.99, 145.00, 487, 405, 1, 8
2026-09-04T09:52:35.4722287+07:00,2026/09/04 09:52:35.503, NVIDIA GeForce RTX 5060, 591.86, P8, 29, 1, 402, 8151, 10.02, 145.00, 495, 405, 1, 8
2026-09-04T09:52:40.5213175+07:00,2026/09/04 09:52:40.552, NVIDIA GeForce RTX 5060, 591.86, P8, 29, 1, 402, 8151, 10.12, 145.00, 487, 405, 1, 8
2026-09-04T09:52:45.5706039+07:00,2026/09/04 09:52:45.602, NVIDIA GeForce RTX 5060, 591.86, P8, 29, 1, 402, 8151, 9.98, 145.00, 495, 405, 1, 8
2026-09-04T09:52:50.6185646+07:00,2026/09/04 09:52:50.650, NVIDIA GeForce RTX 5060, 591.86, P8, 29, 1, 402, 8151, 9.96, 145.00, 472, 405, 1, 8
2026-09-04T09:52:55.7161154+07:00,2026/09/04 09:52:55.747, NVIDIA GeForce RTX 5060, 591.86, P8, 29, 1, 402, 8151, 9.90, 145.00, 495, 405, 1, 8
2026-09-04T09:53:00.7652093+07:00,2026/09/04 09:53:00.796, NVIDIA GeForce RTX 5060, 591.86, P8, 29, 1, 402, 8151, 9.98, 145.00, 480, 405, 1, 8
2026-09-04T09:53:05.8154691+07:00,2026/09/04 09:53:05.846, NVIDIA GeForce RTX 5060, 591.86, P8, 29, 1, 402, 8151, 9.98, 145.00, 487, 405, 1, 8
2026-09-04T09:53:10.8665696+07:00,2026/09/04 09:53:10.897, NVIDIA GeForce RTX 5060, 591.86, P8, 29, 1, 402, 8151, 9.93, 145.00, 480, 405, 1, 8
2026-09-04T09:53:15.9146065+07:00,2026/09/04 09:53:15.945, NVIDIA GeForce RTX 5060, 591.86, P8, 29, 1, 402, 8151, 9.84, 145.00, 487, 405, 1, 8
2026-09-04T09:53:20.9632599+07:00,2026/09/04 09:53:20.994, NVIDIA GeForce RTX 5060, 591.86, P8, 29, 1, 402, 8151, 9.89, 145.00, 472, 405, 1, 8
2026-09-04T09:53:26.0588997+07:00,2026/09/04 09:53:26.089, NVIDIA GeForce RTX 5060, 591.86, P8, 29, 1, 402, 8151, 10.00, 145.00, 465, 405, 1, 8
2026-09-04T09:53:31.1104751+07:00,2026/09/04 09:53:31.172, NVIDIA GeForce RTX 5060, 591.86, P8, 29, 1, 402, 8151, 9.89, 145.00, 472, 405, 1, 8
2026-09-04T09:53:36.1932075+07:00,2026/09/04 09:53:36.224, NVIDIA GeForce RTX 5060, 591.86, P8, 29, 1, 402, 8151, 9.99, 145.00, 495, 405, 1, 8
2026-09-04T09:53:41.2420827+07:00,2026/09/04 09:53:41.273, NVIDIA GeForce RTX 5060, 591.86, P8, 29, 1, 402, 8151, 10.09, 145.00, 465, 405, 1, 8
2026-09-04T09:53:46.2927540+07:00,2026/09/04 09:53:46.323, NVIDIA GeForce RTX 5060, 591.86, P8, 29, 1, 402, 8151, 10.00, 145.00, 480, 405, 1, 8
2026-09-04T09:53:51.3422403+07:00,2026/09/04 09:53:51.372, NVIDIA GeForce RTX 5060, 591.86, P8, 29, 1, 402, 8151, 9.94, 145.00, 480, 405, 1, 8
2026-09-04T09:53:56.4402042+07:00,2026/09/04 09:53:56.471, NVIDIA GeForce RTX 5060, 591.86, P8, 29, 1, 402, 8151, 9.92, 145.00, 487, 405, 1, 8
2026-09-04T09:54:01.4911850+07:00,2026/09/04 09:54:01.522, NVIDIA GeForce RTX 5060, 591.86, P8, 29, 1, 402, 8151, 10.07, 145.00, 502, 405, 1, 8
2026-09-04T09:54:06.5426508+07:00,2026/09/04 09:54:06.573, NVIDIA GeForce RTX 5060, 591.86, P8, 29, 1, 402, 8151, 9.94, 145.00, 487, 405, 1, 8
2026-09-04T09:54:11.5901137+07:00,2026/09/04 09:54:11.621, NVIDIA GeForce RTX 5060, 591.86, P8, 29, 1, 402, 8151, 9.91, 145.00, 465, 405, 1, 8
2026-09-04T09:54:16.6415949+07:00,2026/09/04 09:54:16.672, NVIDIA GeForce RTX 5060, 591.86, P8, 29, 1, 402, 8151, 9.89, 145.00, 472, 405, 1, 8
2026-09-04T09:54:21.6906420+07:00,2026/09/04 09:54:21.752, NVIDIA GeForce RTX 5060, 591.86, P8, 29, 1, 402, 8151, 9.81, 145.00, 465, 405, 1, 8
2026-09-04T09:54:26.8178720+07:00,2026/09/04 09:54:26.848, NVIDIA GeForce RTX 5060, 591.86, P8, 29, 1, 402, 8151, 9.95, 145.00, 472, 405, 1, 8
2026-09-04T09:54:31.8695779+07:00,2026/09/04 09:54:31.900, NVIDIA GeForce RTX 5060, 591.86, P8, 29, 1, 402, 8151, 9.95, 145.00, 487, 405, 1, 8
2026-09-04T09:54:36.9204960+07:00,2026/09/04 09:54:36.951, NVIDIA GeForce RTX 5060, 591.86, P8, 29, 1, 402, 8151, 9.94, 145.00, 465, 405, 1, 8
2026-09-04T09:54:41.9684304+07:00,2026/09/04 09:54:42.014, NVIDIA GeForce RTX 5060, 591.86, P8, 29, 1, 402, 8151, 10.07, 145.00, 480, 405, 1, 8
2026-09-04T09:54:47.0317756+07:00,2026/09/04 09:54:47.062, NVIDIA GeForce RTX 5060, 591.86, P8, 29, 1, 402, 8151, 9.95, 145.00, 465, 405, 1, 8
2026-09-04T09:54:52.0819067+07:00,2026/09/04 09:54:52.128, NVIDIA GeForce RTX 5060, 591.86, P8, 29, 1, 402, 8151, 10.07, 145.00, 487, 405, 1, 8
2026-09-04T09:54:57.1947438+07:00,2026/09/04 09:54:57.241, NVIDIA GeForce RTX 5060, 591.86, P8, 29, 1, 402, 8151, 10.01, 145.00, 472, 405, 1, 8
2026-09-04T09:55:02.2622032+07:00,2026/09/04 09:55:02.293, NVIDIA GeForce RTX 5060, 591.86, P8, 29, 1, 402, 8151, 9.80, 145.00, 465, 405, 1, 8
2026-09-04T09:55:07.3144891+07:00,2026/09/04 09:55:07.345, NVIDIA GeForce RTX 5060, 591.86, P8, 29, 1, 402, 8151, 10.07, 145.00, 480, 405, 1, 8
2026-09-04T09:55:12.3631600+07:00,2026/09/04 09:55:12.394, NVIDIA GeForce RTX 5060, 591.86, P8, 29, 1, 402, 8151, 9.94, 145.00, 487, 405, 1, 8
2026-09-04T09:55:17.4131374+07:00,2026/09/04 09:55:17.444, NVIDIA GeForce RTX 5060, 591.86, P8, 29, 1, 402, 8151, 9.95, 145.00, 465, 405, 1, 8
2026-09-04T09:55:22.4652648+07:00,2026/09/04 09:55:22.496, NVIDIA GeForce RTX 5060, 591.86, P8, 29, 1, 402, 8151, 9.93, 145.00, 472, 405, 1, 8
2026-09-04T09:55:27.5623179+07:00,2026/09/04 09:55:27.593, NVIDIA GeForce RTX 5060, 591.86, P8, 29, 1, 402, 8151, 10.11, 145.00, 495, 405, 1, 8
2026-09-04T09:55:32.6111603+07:00,2026/09/04 09:55:32.673, NVIDIA GeForce RTX 5060, 591.86, P8, 29, 1, 402, 8151, 9.87, 145.00, 457, 405, 1, 8
2026-09-04T09:55:37.6921988+07:00,2026/09/04 09:55:37.723, NVIDIA GeForce RTX 5060, 591.86, P8, 29, 1, 402, 8151, 9.82, 145.00, 472, 405, 1, 8
2026-09-04T09:55:42.7403925+07:00,2026/09/04 09:55:42.771, NVIDIA GeForce RTX 5060, 591.86, P8, 29, 1, 402, 8151, 9.86, 145.00, 465, 405, 1, 8
2026-09-04T09:55:47.7883418+07:00,2026/09/04 09:55:47.834, NVIDIA GeForce RTX 5060, 591.86, P8, 29, 1, 402, 8151, 9.90, 145.00, 480, 405, 1, 8
2026-09-04T09:55:52.8524534+07:00,2026/09/04 09:55:52.883, NVIDIA GeForce RTX 5060, 591.86, P8, 29, 1, 402, 8151, 9.85, 145.00, 472, 405, 1, 8
2026-09-04T09:55:57.9495678+07:00,2026/09/04 09:55:57.980, NVIDIA GeForce RTX 5060, 591.86, P8, 29, 1, 402, 8151, 9.85, 145.00, 480, 405, 1, 8
2026-09-04T09:56:03.0005041+07:00,2026/09/04 09:56:03.031, NVIDIA GeForce RTX 5060, 591.86, P8, 29, 1, 402, 8151, 9.72, 145.00, 472, 405, 1, 8
2026-09-04T09:56:08.0488397+07:00,2026/09/04 09:56:08.079, NVIDIA GeForce RTX 5060, 591.86, P8, 29, 1, 402, 8151, 9.85, 145.00, 480, 405, 1, 8
2026-09-04T09:56:13.0998245+07:00,2026/09/04 09:56:13.130, NVIDIA GeForce RTX 5060, 591.86, P8, 29, 1, 402, 8151, 9.88, 145.00, 487, 405, 1, 8
2026-09-04T09:56:18.1502923+07:00,2026/09/04 09:56:18.181, NVIDIA GeForce RTX 5060, 591.86, P8, 29, 1, 402, 8151, 9.84, 145.00, 465, 405, 1, 8
2026-09-04T09:56:23.1974896+07:00,2026/09/04 09:56:23.228, NVIDIA GeForce RTX 5060, 591.86, P8, 29, 1, 402, 8151, 9.85, 145.00, 487, 405, 1, 8
2026-09-04T09:56:28.2950197+07:00,2026/09/04 09:56:28.325, NVIDIA GeForce RTX 5060, 591.86, P8, 29, 1, 402, 8151, 9.93, 145.00, 480, 405, 1, 8
2026-09-04T09:56:33.3446879+07:00,2026/09/04 09:56:33.391, NVIDIA GeForce RTX 5060, 591.86, P8, 29, 1, 402, 8151, 9.85, 145.00, 480, 405, 1, 8
2026-09-04T09:56:38.4123869+07:00,2026/09/04 09:56:38.443, NVIDIA GeForce RTX 5060, 591.86, P8, 29, 1, 402, 8151, 9.91, 145.00, 487, 405, 1, 8
2026-09-04T09:56:43.4496027+07:00,2026/09/04 09:56:43.496, NVIDIA GeForce RTX 5060, 591.86, P8, 29, 1, 402, 8151, 9.87, 145.00, 480, 405, 1, 8
2026-09-04T09:56:48.5032250+07:00,2026/09/04 09:56:48.534, NVIDIA GeForce RTX 5060, 591.86, P8, 29, 1, 402, 8151, 9.88, 145.00, 480, 405, 1, 8
2026-09-04T09:56:53.5410047+07:00,2026/09/04 09:56:53.588, NVIDIA GeForce RTX 5060, 591.86, P8, 29, 1, 402, 8151, 9.92, 145.00, 472, 405, 1, 8
2026-09-04T09:56:58.6712370+07:00,2026/09/04 09:56:58.717, NVIDIA GeForce RTX 5060, 591.86, P8, 29, 1, 402, 8151, 9.92, 145.00, 480, 405, 1, 8
2026-09-04T09:57:03.7395505+07:00,2026/09/04 09:57:03.786, NVIDIA GeForce RTX 5060, 591.86, P8, 29, 1, 402, 8151, 9.87, 145.00, 487, 405, 1, 8
2026-09-04T09:57:08.8075399+07:00,2026/09/04 09:57:08.838, NVIDIA GeForce RTX 5060, 591.86, P8, 29, 1, 402, 8151, 9.67, 145.00, 487, 405, 1, 8
2026-09-04T09:57:13.8601442+07:00,2026/09/04 09:57:13.891, NVIDIA GeForce RTX 5060, 591.86, P8, 29, 1, 402, 8151, 9.68, 145.00, 465, 405, 1, 8
2026-09-04T09:57:18.9123370+07:00,2026/09/04 09:57:18.958, NVIDIA GeForce RTX 5060, 591.86, P8, 29, 1, 402, 8151, 9.91, 145.00, 465, 405, 1, 8
2026-09-04T09:57:23.9782425+07:00,2026/09/04 09:57:24.009, NVIDIA GeForce RTX 5060, 591.86, P8, 29, 1, 402, 8151, 9.88, 145.00, 480, 405, 1, 8
2026-09-04T09:57:29.0772415+07:00,2026/09/04 09:57:29.123, NVIDIA GeForce RTX 5060, 591.86, P8, 29, 1, 402, 8151, 9.90, 145.00, 472, 405, 1, 8
2026-09-04T09:57:34.1449342+07:00,2026/09/04 09:57:34.175, NVIDIA GeForce RTX 5060, 591.86, P8, 29, 1, 402, 8151, 9.91, 145.00, 487, 405, 1, 8
2026-09-04T09:57:39.1964204+07:00,2026/09/04 09:57:39.227, NVIDIA GeForce RTX 5060, 591.86, P8, 29, 1, 402, 8151, 9.92, 145.00, 487, 405, 1, 8
2026-09-04T09:57:44.2494575+07:00,2026/09/04 09:57:44.280, NVIDIA GeForce RTX 5060, 591.86, P8, 29, 1, 402, 8151, 9.91, 145.00, 472, 405, 1, 8
2026-09-04T09:57:49.3012474+07:00,2026/09/04 09:57:49.332, NVIDIA GeForce RTX 5060, 591.86, P8, 29, 1, 402, 8151, 9.81, 145.00, 487, 405, 1, 8
2026-09-04T09:57:54.3531262+07:00,2026/09/04 09:57:54.399, NVIDIA GeForce RTX 5060, 591.86, P8, 29, 1, 402, 8151, 9.89, 145.00, 487, 405, 1, 8
2026-09-04T09:57:59.4676401+07:00,2026/09/04 09:57:59.498, NVIDIA GeForce RTX 5060, 591.86, P8, 29, 1, 402, 8151, 9.96, 145.00, 480, 405, 1, 8
2026-09-04T09:58:04.5193236+07:00,2026/09/04 09:58:04.550, NVIDIA GeForce RTX 5060, 591.86, P8, 29, 1, 402, 8151, 9.88, 145.00, 480, 405, 1, 8
2026-09-04T09:58:09.5714437+07:00,2026/09/04 09:58:09.602, NVIDIA GeForce RTX 5060, 591.86, P8, 29, 1, 402, 8151, 9.86, 145.00, 472, 405, 1, 8
2026-09-04T09:58:14.6234856+07:00,2026/09/04 09:58:14.654, NVIDIA GeForce RTX 5060, 591.86, P8, 29, 1, 402, 8151, 9.98, 145.00, 465, 405, 1, 8
2026-09-04T09:58:19.6611603+07:00,2026/09/04 09:58:19.738, NVIDIA GeForce RTX 5060, 591.86, P8, 29, 1, 402, 8151, 9.98, 145.00, 495, 405, 1, 8
2026-09-04T09:58:24.7599037+07:00,2026/09/04 09:58:24.790, NVIDIA GeForce RTX 5060, 591.86, P8, 29, 1, 402, 8151, 10.00, 145.00, 495, 405, 1, 8
2026-09-04T09:58:29.8568087+07:00,2026/09/04 09:58:29.887, NVIDIA GeForce RTX 5060, 591.86, P8, 29, 1, 402, 8151, 10.07, 145.00, 480, 405, 1, 8
2026-09-04T09:58:34.9070227+07:00,2026/09/04 09:58:34.938, NVIDIA GeForce RTX 5060, 591.86, P8, 29, 1, 402, 8151, 9.93, 145.00, 472, 405, 1, 8
2026-09-04T09:58:39.9583664+07:00,2026/09/04 09:58:40.004, NVIDIA GeForce RTX 5060, 591.86, P8, 29, 1, 402, 8151, 9.95, 145.00, 510, 405, 1, 8
2026-09-04T09:58:45.0249723+07:00,2026/09/04 09:58:45.055, NVIDIA GeForce RTX 5060, 591.86, P8, 29, 1, 402, 8151, 9.91, 145.00, 472, 405, 1, 8
2026-09-04T09:58:50.0624965+07:00,2026/09/04 09:58:50.092, NVIDIA GeForce RTX 5060, 591.86, P8, 29, 1, 402, 8151, 9.95, 145.00, 502, 405, 1, 8
2026-09-04T09:58:55.1135449+07:00,2026/09/04 09:58:55.144, NVIDIA GeForce RTX 5060, 591.86, P8, 29, 1, 402, 8151, 9.95, 145.00, 480, 405, 1, 8
2026-09-04T09:59:00.1974285+07:00,2026/09/04 09:59:00.243, NVIDIA GeForce RTX 5060, 591.86, P8, 29, 1, 402, 8151, 9.94, 145.00, 510, 405, 1, 8
2026-09-04T09:59:05.2654940+07:00,2026/09/04 09:59:05.295, NVIDIA GeForce RTX 5060, 591.86, P8, 29, 1, 402, 8151, 9.91, 145.00, 480, 405, 1, 8
2026-09-04T09:59:10.3167794+07:00,2026/09/04 09:59:10.347, NVIDIA GeForce RTX 5060, 591.86, P8, 29, 1, 402, 8151, 9.82, 145.00, 487, 405, 1, 8
2026-09-04T09:59:15.3694223+07:00,2026/09/04 09:59:15.431, NVIDIA GeForce RTX 5060, 591.86, P8, 29, 1, 402, 8151, 9.86, 145.00, 487, 405, 1, 8
2026-09-04T09:59:20.4526362+07:00,2026/09/04 09:59:20.483, NVIDIA GeForce RTX 5060, 591.86, P8, 29, 1, 402, 8151, 9.89, 145.00, 487, 405, 1, 8
2026-09-04T09:59:25.4902740+07:00,2026/09/04 09:59:25.521, NVIDIA GeForce RTX 5060, 591.86, P8, 29, 1, 402, 8151, 9.88, 145.00, 480, 405, 1, 8
2026-09-04T09:59:30.5890527+07:00,2026/09/04 09:59:30.651, NVIDIA GeForce RTX 5060, 591.86, P8, 29, 1, 402, 8151, 9.88, 145.00, 480, 405, 1, 8
2026-09-04T09:59:35.6726978+07:00,2026/09/04 09:59:35.703, NVIDIA GeForce RTX 5060, 591.86, P8, 29, 1, 402, 8151, 9.78, 145.00, 472, 405, 1, 8
2026-09-04T09:59:40.7241739+07:00,2026/09/04 09:59:40.755, NVIDIA GeForce RTX 5060, 591.86, P8, 29, 1, 402, 8151, 10.00, 145.00, 472, 405, 1, 8
2026-09-04T09:59:45.7759952+07:00,2026/09/04 09:59:45.806, NVIDIA GeForce RTX 5060, 591.86, P8, 29, 1, 402, 8151, 9.80, 145.00, 487, 405, 1, 8
2026-09-04T09:59:50.8289549+07:00,2026/09/04 09:59:50.859, NVIDIA GeForce RTX 5060, 591.86, P8, 29, 1, 402, 8151, 9.87, 145.00, 487, 405, 1, 8
2026-09-04T09:59:55.8807604+07:00,2026/09/04 09:59:55.911, NVIDIA GeForce RTX 5060, 591.86, P8, 29, 1, 402, 8151, 9.85, 145.00, 472, 405, 1, 8
2026-09-04T10:00:00.9799411+07:00,2026/09/04 10:00:01.010, NVIDIA GeForce RTX 5060, 591.86, P8, 29, 1, 402, 8151, 9.94, 145.00, 465, 405, 1, 8
2026-09-04T10:00:06.0174528+07:00,2026/09/04 10:00:06.048, NVIDIA GeForce RTX 5060, 591.86, P8, 29, 1, 402, 8151, 9.90, 145.00, 465, 405, 1, 8
2026-09-04T10:00:11.0704156+07:00,2026/09/04 10:00:11.101, NVIDIA GeForce RTX 5060, 591.86, P8, 29, 1, 402, 8151, 9.86, 145.00, 472, 405, 1, 8
2026-09-04T10:00:16.1229010+07:00,2026/09/04 10:00:16.153, NVIDIA GeForce RTX 5060, 591.86, P8, 29, 1, 402, 8151, 10.09, 145.00, 480, 405, 1, 8
2026-09-04T10:00:21.1753159+07:00,2026/09/04 10:00:21.206, NVIDIA GeForce RTX 5060, 591.86, P8, 29, 1, 402, 8151, 9.95, 145.00, 480, 405, 1, 8
2026-09-04T10:00:26.2276267+07:00,2026/09/04 10:00:26.258, NVIDIA GeForce RTX 5060, 591.86, P8, 29, 1, 402, 8151, 10.00, 145.00, 472, 405, 1, 8
2026-09-04T10:00:31.3265901+07:00,2026/09/04 10:00:31.357, NVIDIA GeForce RTX 5060, 591.86, P8, 29, 1, 402, 8151, 9.94, 145.00, 457, 405, 1, 8
2026-09-04T10:00:36.3637917+07:00,2026/09/04 10:00:36.394, NVIDIA GeForce RTX 5060, 591.86, P8, 29, 1, 402, 8151, 9.96, 145.00, 472, 405, 1, 8
2026-09-04T10:00:41.4162866+07:00,2026/09/04 10:00:41.447, NVIDIA GeForce RTX 5060, 591.86, P8, 29, 1, 402, 8151, 9.85, 145.00, 487, 405, 1, 8
2026-09-04T10:00:46.4689475+07:00,2026/09/04 10:00:46.499, NVIDIA GeForce RTX 5060, 591.86, P8, 29, 1, 402, 8151, 9.72, 145.00, 495, 405, 1, 8
2026-09-04T10:00:51.5062863+07:00,2026/09/04 10:00:51.552, NVIDIA GeForce RTX 5060, 591.86, P8, 29, 1, 402, 8151, 9.75, 145.00, 457, 405, 1, 8
2026-09-04T10:00:56.5739777+07:00,2026/09/04 10:00:56.604, NVIDIA GeForce RTX 5060, 591.86, P8, 29, 1, 402, 8151, 9.95, 145.00, 457, 405, 1, 8
2026-09-04T10:01:01.6719634+07:00,2026/09/04 10:01:01.702, NVIDIA GeForce RTX 5060, 591.86, P8, 29, 1, 402, 8151, 9.95, 145.00, 465, 405, 1, 8
2026-09-04T10:01:06.7233141+07:00,2026/09/04 10:01:06.754, NVIDIA GeForce RTX 5060, 591.86, P8, 29, 1, 402, 8151, 9.90, 145.00, 480, 405, 1, 8
2026-09-04T10:01:11.7752609+07:00,2026/09/04 10:01:11.806, NVIDIA GeForce RTX 5060, 591.86, P8, 29, 1, 402, 8151, 9.89, 145.00, 465, 405, 1, 8
2026-09-04T10:01:16.8127245+07:00,2026/09/04 10:01:16.859, NVIDIA GeForce RTX 5060, 591.86, P8, 29, 1, 402, 8151, 9.94, 145.00, 472, 405, 1, 8
2026-09-04T10:01:21.8811031+07:00,2026/09/04 10:01:21.912, NVIDIA GeForce RTX 5060, 591.86, P8, 29, 1, 402, 8151, 9.92, 145.00, 472, 405, 1, 8
2026-09-04T10:01:26.9339051+07:00,2026/09/04 10:01:26.964, NVIDIA GeForce RTX 5060, 591.86, P8, 29, 1, 402, 8151, 9.93, 145.00, 487, 405, 1, 8
2026-09-04T10:01:32.0167272+07:00,2026/09/04 10:01:32.063, NVIDIA GeForce RTX 5060, 591.86, P8, 29, 1, 402, 8151, 9.89, 145.00, 480, 405, 1, 8
2026-09-04T10:01:37.0847756+07:00,2026/09/04 10:01:37.115, NVIDIA GeForce RTX 5060, 591.86, P8, 29, 1, 402, 8151, 9.74, 145.00, 457, 405, 1, 8
2026-09-04T10:01:42.1383022+07:00,2026/09/04 10:01:42.169, NVIDIA GeForce RTX 5060, 591.86, P8, 29, 1, 402, 8151, 9.76, 145.00, 465, 405, 1, 8
2026-09-04T10:01:47.1910066+07:00,2026/09/04 10:01:47.222, NVIDIA GeForce RTX 5060, 591.86, P8, 29, 1, 402, 8151, 9.70, 145.00, 465, 405, 1, 8
2026-09-04T10:01:52.2416130+07:00,2026/09/04 10:01:52.272, NVIDIA GeForce RTX 5060, 591.86, P8, 29, 1, 402, 8151, 9.86, 145.00, 472, 405, 1, 8
2026-09-04T10:01:57.2930969+07:00,2026/09/04 10:01:57.324, NVIDIA GeForce RTX 5060, 591.86, P8, 29, 1, 402, 8151, 9.81, 145.00, 480, 405, 1, 8
2026-09-04T10:02:02.3918419+07:00,2026/09/04 10:02:02.422, NVIDIA GeForce RTX 5060, 591.86, P8, 29, 1, 402, 8151, 9.85, 145.00, 487, 405, 1, 8
2026-09-04T10:02:07.4434461+07:00,2026/09/04 10:02:07.474, NVIDIA GeForce RTX 5060, 591.86, P8, 29, 1, 402, 8151, 9.91, 145.00, 480, 405, 1, 8
2026-09-04T10:02:12.4808933+07:00,2026/09/04 10:02:12.511, NVIDIA GeForce RTX 5060, 591.86, P8, 29, 1, 402, 8151, 9.87, 145.00, 480, 405, 1, 8
2026-09-04T10:02:17.5333581+07:00,2026/09/04 10:02:17.564, NVIDIA GeForce RTX 5060, 591.86, P8, 29, 1, 402, 8151, 9.92, 145.00, 487, 405, 1, 8
2026-09-04T10:02:22.5710607+07:00,2026/09/04 10:02:22.602, NVIDIA GeForce RTX 5060, 591.86, P8, 29, 1, 402, 8151, 9.87, 145.00, 480, 405, 1, 8
2026-09-04T10:02:27.6239710+07:00,2026/09/04 10:02:27.670, NVIDIA GeForce RTX 5060, 591.86, P8, 29, 1, 402, 8151, 9.81, 145.00, 487, 405, 1, 8
2026-09-04T10:02:32.7391556+07:00,2026/09/04 10:02:32.770, NVIDIA GeForce RTX 5060, 591.86, P8, 29, 1, 402, 8151, 9.88, 145.00, 465, 405, 1, 8
2026-09-04T10:02:37.7924921+07:00,2026/09/04 10:02:37.823, NVIDIA GeForce RTX 5060, 591.86, P8, 29, 1, 402, 8151, 9.79, 145.00, 480, 405, 1, 8
2026-09-04T10:02:42.8452117+07:00,2026/09/04 10:02:42.907, NVIDIA GeForce RTX 5060, 591.86, P8, 29, 1, 402, 8151, 9.81, 145.00, 465, 405, 1, 8
2026-09-04T10:02:47.9291668+07:00,2026/09/04 10:02:47.960, NVIDIA GeForce RTX 5060, 591.86, P8, 29, 1, 402, 8151, 9.85, 145.00, 472, 405, 1, 8
2026-09-04T10:02:52.9814665+07:00,2026/09/04 10:02:53.012, NVIDIA GeForce RTX 5060, 591.86, P8, 29, 1, 402, 8151, 9.97, 145.00, 487, 405, 1, 8
2026-09-04T10:02:58.0336628+07:00,2026/09/04 10:02:58.064, NVIDIA GeForce RTX 5060, 591.86, P8, 29, 1, 402, 8151, 9.81, 145.00, 480, 405, 1, 8
2026-09-04T10:03:03.1322171+07:00,2026/09/04 10:03:03.194, NVIDIA GeForce RTX 5060, 591.86, P8, 29, 1, 402, 8151, 9.87, 145.00, 487, 405, 1, 8
2026-09-04T10:03:08.2150390+07:00,2026/09/04 10:03:08.246, NVIDIA GeForce RTX 5060, 591.86, P8, 29, 1, 402, 8151, 9.84, 145.00, 472, 405, 1, 8
2026-09-04T10:03:13.2673290+07:00,2026/09/04 10:03:13.298, NVIDIA GeForce RTX 5060, 591.86, P8, 29, 1, 402, 8151, 9.92, 145.00, 480, 405, 1, 8
2026-09-04T10:03:18.3194949+07:00,2026/09/04 10:03:18.350, NVIDIA GeForce RTX 5060, 591.86, P8, 29, 1, 402, 8151, 9.87, 145.00, 487, 405, 1, 8
2026-09-04T10:03:23.3716218+07:00,2026/09/04 10:03:23.433, NVIDIA GeForce RTX 5060, 591.86, P8, 29, 1, 402, 8151, 9.85, 145.00, 480, 405, 1, 8
2026-09-04T10:03:28.4548413+07:00,2026/09/04 10:03:28.501, NVIDIA GeForce RTX 5060, 591.86, P8, 29, 1, 402, 8151, 9.99, 145.00, 487, 405, 1, 8
2026-09-04T10:03:33.5536310+07:00,2026/09/04 10:03:33.600, NVIDIA GeForce RTX 5060, 591.86, P8, 29, 1, 402, 8151, 9.98, 145.00, 487, 405, 1, 8
2026-09-04T10:03:38.6220540+07:00,2026/09/04 10:03:38.668, NVIDIA GeForce RTX 5060, 591.86, P8, 29, 1, 402, 8151, 10.05, 145.00, 480, 405, 1, 8
2026-09-04T10:03:43.6900045+07:00,2026/09/04 10:03:43.721, NVIDIA GeForce RTX 5060, 591.86, P8, 29, 1, 402, 8151, 9.94, 145.00, 487, 405, 1, 8
2026-09-04T10:03:48.7432663+07:00,2026/09/04 10:03:48.836, NVIDIA GeForce RTX 5060, 591.86, P8, 29, 1, 402, 8151, 10.36, 145.00, 487, 405, 1, 8
2026-09-04T10:03:53.8737282+07:00,2026/09/04 10:03:53.935, NVIDIA GeForce RTX 5060, 591.86, P8, 29, 1, 402, 8151, 10.18, 145.00, 457, 405, 1, 8
2026-09-04T10:03:58.9577401+07:00,2026/09/04 10:03:59.004, NVIDIA GeForce RTX 5060, 591.86, P8, 29, 1, 402, 8151, 10.25, 145.00, 472, 405, 1, 8
2026-09-04T10:04:04.0882397+07:00,2026/09/04 10:04:04.134, NVIDIA GeForce RTX 5060, 591.86, P8, 29, 1, 402, 8151, 10.19, 145.00, 472, 405, 1, 8
2026-09-04T10:04:09.1412514+07:00,2026/09/04 10:04:09.187, NVIDIA GeForce RTX 5060, 591.86, P8, 29, 1, 402, 8151, 10.19, 145.00, 465, 405, 1, 8
2026-09-04T10:04:14.2097515+07:00,2026/09/04 10:04:14.256, NVIDIA GeForce RTX 5060, 591.86, P8, 29, 1, 402, 8151, 10.22, 145.00, 472, 405, 1, 8
2026-09-04T10:04:19.2782644+07:00,2026/09/04 10:04:19.324, NVIDIA GeForce RTX 5060, 591.86, P8, 29, 1, 402, 8151, 10.21, 145.00, 457, 405, 1, 8
2026-09-04T10:04:24.3467619+07:00,2026/09/04 10:04:24.408, NVIDIA GeForce RTX 5060, 591.86, P8, 29, 2, 402, 8151, 10.16, 145.00, 465, 405, 1, 8
2026-09-04T10:04:29.4152703+07:00,2026/09/04 10:04:29.477, NVIDIA GeForce RTX 5060, 591.86, P8, 29, 0, 405, 8151, 8.84, 145.00, 210, 405, 1, 8
2026-09-04T10:04:34.5302719+07:00,2026/09/04 10:04:34.592, NVIDIA GeForce RTX 5060, 591.86, P8, 29, 19, 412, 8151, 8.67, 145.00, 210, 405, 1, 8
2026-09-04T10:04:39.5992044+07:00,2026/09/04 10:04:39.630, NVIDIA GeForce RTX 5060, 591.86, P8, 29, 1, 402, 8151, 10.01, 145.00, 480, 405, 1, 8
2026-09-04T10:04:44.6506100+07:00,2026/09/04 10:04:44.681, NVIDIA GeForce RTX 5060, 591.86, P8, 29, 1, 402, 8151, 10.14, 145.00, 495, 405, 1, 8
2026-09-04T10:04:49.7021055+07:00,2026/09/04 10:04:49.733, NVIDIA GeForce RTX 5060, 591.86, P8, 29, 1, 402, 8151, 10.13, 145.00, 480, 405, 1, 8
2026-09-04T10:04:54.7549336+07:00,2026/09/04 10:04:54.785, NVIDIA GeForce RTX 5060, 591.86, P8, 29, 1, 402, 8151, 10.03, 145.00, 487, 405, 1, 8
2026-09-04T10:04:59.8074370+07:00,2026/09/04 10:04:59.915, NVIDIA GeForce RTX 5060, 591.86, P8, 29, 1, 402, 8151, 9.87, 145.00, 465, 405, 1, 8
2026-09-04T10:05:04.9838760+07:00,2026/09/04 10:05:05.030, NVIDIA GeForce RTX 5060, 591.86, P8, 29, 1, 402, 8151, 10.01, 145.00, 472, 405, 1, 8
2026-09-04T10:05:10.0518675+07:00,2026/09/04 10:05:10.160, NVIDIA GeForce RTX 5060, 591.86, P8, 29, 1, 402, 8151, 10.03, 145.00, 480, 405, 1, 8
2026-09-04T10:05:15.1670331+07:00,2026/09/04 10:05:15.213, NVIDIA GeForce RTX 5060, 591.86, P8, 29, 1, 402, 8151, 9.99, 145.00, 487, 405, 1, 8
2026-09-04T10:05:20.2350219+07:00,2026/09/04 10:05:20.297, NVIDIA GeForce RTX 5060, 591.86, P8, 29, 1, 402, 8151, 10.02, 145.00, 472, 405, 1, 8
2026-09-04T10:05:25.3188661+07:00,2026/09/04 10:05:25.365, NVIDIA GeForce RTX 5060, 591.86, P8, 29, 1, 402, 8151, 10.01, 145.00, 480, 405, 1, 8
2026-09-04T10:05:30.3870195+07:00,2026/09/04 10:05:30.433, NVIDIA GeForce RTX 5060, 591.86, P8, 29, 1, 402, 8151, 10.06, 145.00, 465, 405, 1, 8
2026-09-04T10:05:35.5014887+07:00,2026/09/04 10:05:35.547, NVIDIA GeForce RTX 5060, 591.86, P8, 29, 1, 402, 8151, 10.13, 145.00, 487, 405, 1, 8
2026-09-04T10:05:40.5543776+07:00,2026/09/04 10:05:40.600, NVIDIA GeForce RTX 5060, 591.86, P8, 29, 1, 402, 8151, 10.17, 145.00, 487, 405, 1, 8
2026-09-04T10:05:45.6223792+07:00,2026/09/04 10:05:45.684, NVIDIA GeForce RTX 5060, 591.86, P8, 29, 1, 402, 8151, 10.00, 145.00, 480, 405, 1, 8
2026-09-04T10:05:50.6909737+07:00,2026/09/04 10:05:50.721, NVIDIA GeForce RTX 5060, 591.86, P8, 29, 1, 402, 8151, 10.07, 145.00, 480, 405, 1, 8
2026-09-04T10:05:55.7439680+07:00,2026/09/04 10:05:55.805, NVIDIA GeForce RTX 5060, 591.86, P8, 29, 2, 402, 8151, 10.25, 145.00, 480, 405, 1, 8
2026-09-04T10:06:00.8275807+07:00,2026/09/04 10:06:00.858, NVIDIA GeForce RTX 5060, 591.86, P8, 29, 1, 402, 8151, 10.03, 145.00, 480, 405, 1, 8
2026-09-04T10:06:05.9258126+07:00,2026/09/04 10:06:05.957, NVIDIA GeForce RTX 5060, 591.86, P8, 29, 1, 402, 8151, 10.12, 145.00, 495, 405, 1, 8
2026-09-04T10:06:10.9781615+07:00,2026/09/04 10:06:11.009, NVIDIA GeForce RTX 5060, 591.86, P8, 29, 1, 402, 8151, 9.98, 145.00, 480, 405, 1, 8
2026-09-04T10:06:16.0307513+07:00,2026/09/04 10:06:16.077, NVIDIA GeForce RTX 5060, 591.86, P8, 29, 1, 402, 8151, 10.00, 145.00, 480, 405, 1, 8
2026-09-04T10:06:21.0836449+07:00,2026/09/04 10:06:21.114, NVIDIA GeForce RTX 5060, 591.86, P8, 29, 1, 402, 8151, 9.99, 145.00, 465, 405, 1, 8
2026-09-04T10:06:26.1349709+07:00,2026/09/04 10:06:26.165, NVIDIA GeForce RTX 5060, 591.86, P8, 29, 1, 402, 8151, 9.88, 145.00, 465, 405, 1, 8
2026-09-04T10:06:31.1868925+07:00,2026/09/04 10:06:31.248, NVIDIA GeForce RTX 5060, 591.86, P8, 29, 1, 402, 8151, 10.05, 145.00, 487, 405, 1, 8
2026-09-04T10:06:36.3145920+07:00,2026/09/04 10:06:36.361, NVIDIA GeForce RTX 5060, 591.86, P8, 29, 1, 402, 8151, 10.01, 145.00, 495, 405, 1, 8
2026-09-04T10:06:41.3800876+07:00,2026/09/04 10:06:41.426, NVIDIA GeForce RTX 5060, 591.86, P8, 29, 1, 402, 8151, 10.11, 145.00, 480, 405, 1, 8
2026-09-04T10:06:46.4468138+07:00,2026/09/04 10:06:46.493, NVIDIA GeForce RTX 5060, 591.86, P8, 29, 1, 402, 8151, 10.04, 145.00, 487, 405, 1, 8
2026-09-04T10:06:51.5135797+07:00,2026/09/04 10:06:51.544, NVIDIA GeForce RTX 5060, 591.86, P8, 29, 1, 402, 8151, 9.95, 145.00, 457, 405, 1, 8
2026-09-04T10:06:56.5643242+07:00,2026/09/04 10:06:56.595, NVIDIA GeForce RTX 5060, 591.86, P8, 29, 1, 402, 8151, 9.98, 145.00, 480, 405, 1, 8
2026-09-04T10:07:01.6014291+07:00,2026/09/04 10:07:01.663, NVIDIA GeForce RTX 5060, 591.86, P8, 29, 1, 402, 8151, 10.07, 145.00, 502, 405, 1, 8
2026-09-04T10:07:06.7313028+07:00,2026/09/04 10:07:06.777, NVIDIA GeForce RTX 5060, 591.86, P8, 29, 1, 402, 8151, 9.87, 145.00, 472, 405, 1, 8
2026-09-04T10:07:11.7984903+07:00,2026/09/04 10:07:11.860, NVIDIA GeForce RTX 5060, 591.86, P8, 29, 1, 402, 8151, 9.91, 145.00, 480, 405, 1, 8
2026-09-04T10:07:16.8817817+07:00,2026/09/04 10:07:16.928, NVIDIA GeForce RTX 5060, 591.86, P8, 29, 1, 402, 8151, 9.88, 145.00, 480, 405, 1, 8
2026-09-04T10:07:21.9351660+07:00,2026/09/04 10:07:21.996, NVIDIA GeForce RTX 5060, 591.86, P8, 29, 1, 402, 8151, 10.00, 145.00, 472, 405, 1, 8
2026-09-04T10:07:27.0178991+07:00,2026/09/04 10:07:27.095, NVIDIA GeForce RTX 5060, 591.86, P8, 29, 1, 402, 8151, 10.05, 145.00, 472, 405, 1, 8
2026-09-04T10:07:32.1160156+07:00,2026/09/04 10:07:32.162, NVIDIA GeForce RTX 5060, 591.86, P8, 29, 1, 402, 8151, 9.95, 145.00, 480, 405, 1, 8
2026-09-04T10:07:37.2276068+07:00,2026/09/04 10:07:37.258, NVIDIA GeForce RTX 5060, 591.86, P8, 29, 1, 402, 8151, 10.01, 145.00, 457, 405, 1, 8
2026-09-04T10:07:42.2652711+07:00,2026/09/04 10:07:42.296, NVIDIA GeForce RTX 5060, 591.86, P8, 29, 2, 402, 8151, 10.05, 145.00, 472, 405, 1, 8
2026-09-04T10:07:47.3172202+07:00,2026/09/04 10:07:47.363, NVIDIA GeForce RTX 5060, 591.86, P8, 29, 1, 402, 8151, 10.02, 145.00, 457, 405, 1, 8
2026-09-04T10:07:52.3855692+07:00,2026/09/04 10:07:52.416, NVIDIA GeForce RTX 5060, 591.86, P8, 29, 1, 402, 8151, 10.00, 145.00, 495, 405, 1, 8
2026-09-04T10:07:57.4365136+07:00,2026/09/04 10:07:57.467, NVIDIA GeForce RTX 5060, 591.86, P8, 29, 1, 402, 8151, 10.14, 145.00, 487, 405, 1, 8
2026-09-04T10:08:02.4871327+07:00,2026/09/04 10:08:02.518, NVIDIA GeForce RTX 5060, 591.86, P8, 29, 1, 402, 8151, 10.06, 145.00, 480, 405, 1, 8
2026-09-04T10:08:07.5832935+07:00,2026/09/04 10:08:07.645, NVIDIA GeForce RTX 5060, 591.86, P8, 29, 1, 407, 8151, 9.93, 145.00, 465, 405, 1, 8
2026-09-04T10:08:12.6643790+07:00,2026/09/04 10:08:12.695, NVIDIA GeForce RTX 5060, 591.86, P8, 29, 1, 407, 8151, 9.92, 145.00, 472, 405, 1, 8
2026-09-04T10:08:17.7149945+07:00,2026/09/04 10:08:17.745, NVIDIA GeForce RTX 5060, 591.86, P8, 29, 1, 402, 8151, 10.06, 145.00, 465, 405, 1, 8
2026-09-04T10:08:22.7662613+07:00,2026/09/04 10:08:22.797, NVIDIA GeForce RTX 5060, 591.86, P8, 29, 1, 402, 8151, 9.78, 145.00, 465, 405, 1, 8
2026-09-04T10:08:27.8163871+07:00,2026/09/04 10:08:27.847, NVIDIA GeForce RTX 5060, 591.86, P8, 29, 1, 402, 8151, 10.00, 145.00, 487, 405, 1, 8
2026-09-04T10:08:32.8676576+07:00,2026/09/04 10:08:32.914, NVIDIA GeForce RTX 5060, 591.86, P8, 29, 1, 402, 8151, 9.91, 145.00, 480, 405, 1, 8
2026-09-04T10:08:37.9644203+07:00,2026/09/04 10:08:37.995, NVIDIA GeForce RTX 5060, 591.86, P8, 29, 1, 402, 8151, 9.86, 145.00, 472, 405, 1, 8
2026-09-04T10:08:43.0150951+07:00,2026/09/04 10:08:43.046, NVIDIA GeForce RTX 5060, 591.86, P8, 29, 1, 402, 8151, 9.87, 145.00, 472, 405, 1, 8
2026-09-04T10:08:48.0637402+07:00,2026/09/04 10:08:48.110, NVIDIA GeForce RTX 5060, 591.86, P8, 29, 1, 402, 8151, 9.90, 145.00, 480, 405, 1, 8
2026-09-04T10:08:53.1287666+07:00,2026/09/04 10:08:53.175, NVIDIA GeForce RTX 5060, 591.86, P8, 29, 1, 402, 8151, 9.91, 145.00, 480, 405, 1, 8
2026-09-04T10:08:58.1926562+07:00,2026/09/04 10:08:58.223, NVIDIA GeForce RTX 5060, 591.86, P8, 29, 1, 402, 8151, 9.88, 145.00, 480, 405, 1, 8
2026-09-04T10:09:03.2436643+07:00,2026/09/04 10:09:03.290, NVIDIA GeForce RTX 5060, 591.86, P8, 29, 1, 402, 8151, 9.84, 145.00, 487, 405, 1, 8
2026-09-04T10:09:08.3555910+07:00,2026/09/04 10:09:08.417, NVIDIA GeForce RTX 5060, 591.86, P8, 29, 1, 402, 8151, 9.90, 145.00, 495, 405, 1, 8
2026-09-04T10:09:13.4373227+07:00,2026/09/04 10:09:13.468, NVIDIA GeForce RTX 5060, 591.86, P8, 29, 1, 402, 8151, 9.79, 145.00, 480, 405, 1, 8
2026-09-04T10:09:18.4880301+07:00,2026/09/04 10:09:18.534, NVIDIA GeForce RTX 5060, 591.86, P8, 29, 1, 402, 8151, 9.78, 145.00, 465, 405, 1, 8
2026-09-04T10:09:23.5524841+07:00,2026/09/04 10:09:23.583, NVIDIA GeForce RTX 5060, 591.86, P8, 29, 1, 402, 8151, 9.81, 145.00, 487, 405, 1, 8
2026-09-04T10:09:28.6006795+07:00,2026/09/04 10:09:28.631, NVIDIA GeForce RTX 5060, 591.86, P8, 29, 1, 402, 8151, 9.75, 145.00, 487, 405, 1, 8
2026-09-04T10:09:33.6495884+07:00,2026/09/04 10:09:33.680, NVIDIA GeForce RTX 5060, 591.86, P8, 29, 1, 402, 8151, 9.71, 145.00, 480, 405, 1, 8
2026-09-04T10:09:38.7610609+07:00,2026/09/04 10:09:38.792, NVIDIA GeForce RTX 5060, 591.86, P8, 29, 1, 402, 8151, 9.67, 145.00, 487, 405, 1, 8
2026-09-04T10:09:43.8097200+07:00,2026/09/04 10:09:43.840, NVIDIA GeForce RTX 5060, 591.86, P8, 29, 1, 402, 8151, 9.63, 145.00, 487, 405, 1, 8
2026-09-04T10:09:48.8586896+07:00,2026/09/04 10:09:48.889, NVIDIA GeForce RTX 5060, 591.86, P8, 29, 1, 402, 8151, 9.76, 145.00, 487, 405, 1, 8
2026-09-04T10:09:53.9068568+07:00,2026/09/04 10:09:53.953, NVIDIA GeForce RTX 5060, 591.86, P8, 29, 1, 402, 8151, 9.88, 145.00, 480, 405, 1, 8
2026-09-04T10:09:58.9712485+07:00,2026/09/04 10:09:59.017, NVIDIA GeForce RTX 5060, 591.86, P8, 29, 1, 402, 8151, 10.01, 145.00, 495, 405, 1, 8
2026-09-04T10:10:04.0356087+07:00,2026/09/04 10:10:04.066, NVIDIA GeForce RTX 5060, 591.86, P8, 29, 1, 402, 8151, 9.78, 145.00, 472, 405, 1, 8
2026-09-04T10:10:09.1296842+07:00,2026/09/04 10:10:09.191, NVIDIA GeForce RTX 5060, 591.86, P8, 29, 1, 402, 8151, 9.77, 145.00, 472, 405, 1, 8
2026-09-04T10:10:14.2109668+07:00,2026/09/04 10:10:14.257, NVIDIA GeForce RTX 5060, 591.86, P8, 29, 1, 402, 8151, 9.87, 145.00, 487, 405, 1, 8
2026-09-04T10:10:19.2758497+07:00,2026/09/04 10:10:19.306, NVIDIA GeForce RTX 5060, 591.86, P8, 29, 1, 402, 8151, 9.74, 145.00, 465, 405, 1, 8
2026-09-04T10:10:24.3246421+07:00,2026/09/04 10:10:24.355, NVIDIA GeForce RTX 5060, 591.86, P8, 29, 1, 402, 8151, 9.83, 145.00, 472, 405, 1, 8
2026-09-04T10:10:29.3754844+07:00,2026/09/04 10:10:29.406, NVIDIA GeForce RTX 5060, 591.86, P8, 29, 1, 402, 8151, 9.87, 145.00, 487, 405, 1, 8
2026-09-04T10:10:34.4260163+07:00,2026/09/04 10:10:34.457, NVIDIA GeForce RTX 5060, 591.86, P8, 29, 1, 402, 8151, 9.78, 145.00, 480, 405, 1, 8
2026-09-04T10:10:39.5227662+07:00,2026/09/04 10:10:39.569, NVIDIA GeForce RTX 5060, 591.86, P8, 29, 1, 402, 8151, 9.82, 145.00, 487, 405, 1, 8
2026-09-04T10:10:44.5892815+07:00,2026/09/04 10:10:44.620, NVIDIA GeForce RTX 5060, 591.86, P8, 29, 1, 402, 8151, 9.80, 145.00, 457, 405, 1, 8
2026-09-04T10:10:49.6388125+07:00,2026/09/04 10:10:49.669, NVIDIA GeForce RTX 5060, 591.86, P8, 29, 1, 402, 8151, 9.76, 145.00, 472, 405, 1, 8
2026-09-04T10:10:54.6895667+07:00,2026/09/04 10:10:54.736, NVIDIA GeForce RTX 5060, 591.86, P8, 29, 1, 402, 8151, 9.73, 145.00, 472, 405, 1, 8
2026-09-04T10:10:59.7556983+07:00,2026/09/04 10:10:59.786, NVIDIA GeForce RTX 5060, 591.86, P8, 29, 1, 402, 8151, 9.85, 145.00, 472, 405, 1, 8
2026-09-04T10:11:04.8072899+07:00,2026/09/04 10:11:04.853, NVIDIA GeForce RTX 5060, 591.86, P8, 29, 1, 402, 8151, 9.57, 145.00, 480, 405, 1, 8
2026-09-04T10:11:09.9191991+07:00,2026/09/04 10:11:09.950, NVIDIA GeForce RTX 5060, 591.86, P8, 29, 1, 402, 8151, 9.78, 145.00, 472, 405, 1, 8
2026-09-04T10:11:14.9681459+07:00,2026/09/04 10:11:15.014, NVIDIA GeForce RTX 5060, 591.86, P8, 29, 1, 402, 8151, 9.70, 145.00, 480, 405, 1, 8
2026-09-04T10:11:20.0318887+07:00,2026/09/04 10:11:20.062, NVIDIA GeForce RTX 5060, 591.86, P8, 29, 1, 402, 8151, 9.74, 145.00, 480, 405, 1, 8
2026-09-04T10:11:25.0795764+07:00,2026/09/04 10:11:25.126, NVIDIA GeForce RTX 5060, 591.86, P8, 29, 1, 402, 8151, 9.90, 145.00, 480, 405, 1, 8
2026-09-04T10:11:30.1454672+07:00,2026/09/04 10:11:30.176, NVIDIA GeForce RTX 5060, 591.86, P8, 29, 1, 402, 8151, 9.77, 145.00, 480, 405, 1, 8
2026-09-04T10:11:35.1970759+07:00,2026/09/04 10:11:35.227, NVIDIA GeForce RTX 5060, 591.86, P8, 29, 1, 402, 8151, 9.68, 145.00, 495, 405, 1, 8
2026-09-04T10:11:40.2920053+07:00,2026/09/04 10:11:40.323, NVIDIA GeForce RTX 5060, 591.86, P8, 29, 1, 402, 8151, 9.70, 145.00, 487, 405, 1, 8
2026-09-04T10:11:45.3423233+07:00,2026/09/04 10:11:45.388, NVIDIA GeForce RTX 5060, 591.86, P8, 29, 1, 402, 8151, 9.82, 145.00, 487, 405, 1, 8
2026-09-04T10:11:50.4069458+07:00,2026/09/04 10:11:50.437, NVIDIA GeForce RTX 5060, 591.86, P8, 29, 1, 402, 8151, 9.92, 145.00, 480, 405, 1, 8
2026-09-04T10:11:55.4575656+07:00,2026/09/04 10:11:55.488, NVIDIA GeForce RTX 5060, 591.86, P8, 29, 1, 402, 8151, 10.01, 145.00, 480, 405, 1, 8
2026-09-04T10:12:00.5090579+07:00,2026/09/04 10:12:00.540, NVIDIA GeForce RTX 5060, 591.86, P8, 29, 1, 402, 8151, 9.92, 145.00, 457, 405, 1, 8
2026-09-04T10:12:05.5585784+07:00,2026/09/04 10:12:05.620, NVIDIA GeForce RTX 5060, 591.86, P8, 29, 1, 402, 8151, 9.76, 145.00, 465, 405, 1, 8
2026-09-04T10:12:10.7015643+07:00,2026/09/04 10:12:10.732, NVIDIA GeForce RTX 5060, 591.86, P8, 29, 1, 402, 8151, 9.87, 145.00, 480, 405, 1, 8
2026-09-04T10:12:15.7539080+07:00,2026/09/04 10:12:15.815, NVIDIA GeForce RTX 5060, 591.86, P8, 29, 1, 402, 8151, 9.68, 145.00, 465, 405, 1, 8
2026-09-04T10:12:20.8323701+07:00,2026/09/04 10:12:20.878, NVIDIA GeForce RTX 5060, 591.86, P8, 29, 1, 402, 8151, 9.79, 145.00, 480, 405, 1, 8
2026-09-04T10:12:25.8980978+07:00,2026/09/04 10:12:25.944, NVIDIA GeForce RTX 5060, 591.86, P8, 29, 1, 402, 8151, 9.83, 145.00, 480, 405, 1, 8
2026-09-04T10:12:30.9626895+07:00,2026/09/04 10:12:30.993, NVIDIA GeForce RTX 5060, 591.86, P8, 29, 1, 402, 8151, 9.81, 145.00, 472, 405, 1, 8
2026-09-04T10:12:36.0133560+07:00,2026/09/04 10:12:36.044, NVIDIA GeForce RTX 5060, 591.86, P8, 29, 1, 402, 8151, 9.78, 145.00, 480, 405, 1, 8
2026-09-04T10:12:41.1093476+07:00,2026/09/04 10:12:41.140, NVIDIA GeForce RTX 5060, 591.86, P8, 29, 1, 402, 8151, 9.90, 145.00, 487, 405, 1, 8
2026-09-04T10:12:46.1594360+07:00,2026/09/04 10:12:46.205, NVIDIA GeForce RTX 5060, 591.86, P8, 29, 1, 402, 8151, 9.80, 145.00, 480, 405, 1, 8
2026-09-04T10:12:51.2252996+07:00,2026/09/04 10:12:51.256, NVIDIA GeForce RTX 5060, 591.86, P8, 29, 1, 402, 8151, 9.75, 145.00, 465, 405, 1, 8
2026-09-04T10:12:56.2750541+07:00,2026/09/04 10:12:56.306, NVIDIA GeForce RTX 5060, 591.86, P8, 29, 1, 402, 8151, 9.81, 145.00, 480, 405, 1, 8
2026-09-04T10:13:01.3256165+07:00,2026/09/04 10:13:01.372, NVIDIA GeForce RTX 5060, 591.86, P8, 29, 1, 402, 8151, 9.81, 145.00, 465, 405, 1, 8
2026-09-04T10:13:06.3921945+07:00,2026/09/04 10:13:06.423, NVIDIA GeForce RTX 5060, 591.86, P8, 29, 1, 402, 8151, 9.84, 145.00, 480, 405, 1, 8
2026-09-04T10:13:11.4883432+07:00,2026/09/04 10:13:11.534, NVIDIA GeForce RTX 5060, 591.86, P8, 29, 1, 402, 8151, 9.78, 145.00, 487, 405, 1, 8
2026-09-04T10:13:16.5565047+07:00,2026/09/04 10:13:16.649, NVIDIA GeForce RTX 5060, 591.86, P8, 29, 1, 402, 8151, 9.62, 145.00, 465, 405, 1, 8
2026-09-04T10:13:21.6564740+07:00,2026/09/04 10:13:21.687, NVIDIA GeForce RTX 5060, 591.86, P8, 29, 1, 402, 8151, 9.68, 145.00, 472, 405, 1, 8
2026-09-04T10:13:26.7091101+07:00,2026/09/04 10:13:26.740, NVIDIA GeForce RTX 5060, 591.86, P8, 29, 1, 402, 8151, 9.73, 145.00, 457, 405, 1, 8
2026-09-04T10:13:31.7607279+07:00,2026/09/04 10:13:31.806, NVIDIA GeForce RTX 5060, 591.86, P8, 29, 1, 402, 8151, 9.74, 145.00, 465, 405, 1, 8
2026-09-04T10:13:36.8269842+07:00,2026/09/04 10:13:36.873, NVIDIA GeForce RTX 5060, 591.86, P8, 29, 1, 402, 8151, 10.06, 145.00, 472, 405, 1, 8
2026-09-04T10:13:41.9575035+07:00,2026/09/04 10:13:42.004, NVIDIA GeForce RTX 5060, 591.86, P8, 29, 1, 402, 8151, 10.19, 145.00, 465, 405, 1, 8
2026-09-04T10:13:47.0260014+07:00,2026/09/04 10:13:47.072, NVIDIA GeForce RTX 5060, 591.86, P8, 29, 1, 402, 8151, 10.03, 145.00, 472, 405, 1, 8
2026-09-04T10:13:52.0945219+07:00,2026/09/04 10:13:52.141, NVIDIA GeForce RTX 5060, 591.86, P8, 29, 1, 402, 8151, 10.02, 145.00, 472, 405, 1, 8
2026-09-04T10:13:57.1630200+07:00,2026/09/04 10:13:57.209, NVIDIA GeForce RTX 5060, 591.86, P8, 29, 1, 402, 8151, 10.13, 145.00, 472, 405, 1, 8
2026-09-04T10:14:02.2320406+07:00,2026/09/04 10:14:02.324, NVIDIA GeForce RTX 5060, 591.86, P8, 29, 1, 402, 8151, 10.22, 145.00, 487, 405, 1, 8
2026-09-04T10:14:07.3470414+07:00,2026/09/04 10:14:07.393, NVIDIA GeForce RTX 5060, 591.86, P8, 29, 1, 402, 8151, 10.09, 145.00, 487, 405, 1, 8
2026-09-04T10:14:12.4770587+07:00,2026/09/04 10:14:12.523, NVIDIA GeForce RTX 5060, 591.86, P8, 29, 2, 402, 8151, 10.24, 145.00, 480, 405, 1, 8
2026-09-04T10:14:17.5455586+07:00,2026/09/04 10:14:17.592, NVIDIA GeForce RTX 5060, 591.86, P8, 29, 2, 402, 8151, 9.97, 145.00, 367, 405, 1, 8
2026-09-04T10:14:22.6141345+07:00,2026/09/04 10:14:22.691, NVIDIA GeForce RTX 5060, 591.86, P8, 29, 0, 405, 8151, 8.85, 145.00, 292, 405, 1, 8
2026-09-04T10:14:27.7108229+07:00,2026/09/04 10:14:27.741, NVIDIA GeForce RTX 5060, 591.86, P8, 29, 1, 402, 8151, 9.96, 145.00, 480, 405, 1, 8
2026-09-04T10:14:32.7626718+07:00,2026/09/04 10:14:32.824, NVIDIA GeForce RTX 5060, 591.86, P8, 29, 1, 402, 8151, 10.11, 145.00, 465, 405, 1, 8
2026-09-04T10:14:37.8466571+07:00,2026/09/04 10:14:37.970, NVIDIA GeForce RTX 5060, 591.86, P8, 29, 1, 402, 8151, 9.79, 145.00, 465, 405, 1, 8
2026-09-04T10:14:43.0667900+07:00,2026/09/04 10:14:43.097, NVIDIA GeForce RTX 5060, 591.86, P8, 29, 1, 402, 8151, 9.76, 145.00, 450, 405, 1, 8
2026-09-04T10:14:48.1140785+07:00,2026/09/04 10:14:48.145, NVIDIA GeForce RTX 5060, 591.86, P8, 29, 1, 402, 8151, 9.81, 145.00, 465, 405, 1, 8
2026-09-04T10:14:53.1630187+07:00,2026/09/04 10:14:53.210, NVIDIA GeForce RTX 5060, 591.86, P8, 29, 1, 402, 8151, 9.82, 145.00, 472, 405, 1, 8
2026-09-04T10:14:58.2286455+07:00,2026/09/04 10:14:58.275, NVIDIA GeForce RTX 5060, 591.86, P8, 29, 1, 402, 8151, 9.70, 145.00, 472, 405, 1, 8
2026-09-04T10:15:03.2933174+07:00,2026/09/04 10:15:03.324, NVIDIA GeForce RTX 5060, 591.86, P8, 29, 1, 402, 8151, 9.85, 145.00, 480, 405, 1, 8
2026-09-04T10:15:08.3444479+07:00,2026/09/04 10:15:08.390, NVIDIA GeForce RTX 5060, 591.86, P8, 29, 1, 402, 8151, 9.92, 145.00, 457, 405, 1, 8
2026-09-04T10:15:13.4567724+07:00,2026/09/04 10:15:13.487, NVIDIA GeForce RTX 5060, 591.86, P8, 29, 1, 402, 8151, 9.95, 145.00, 472, 405, 1, 8
2026-09-04T10:15:18.5063640+07:00,2026/09/04 10:15:18.537, NVIDIA GeForce RTX 5060, 591.86, P8, 29, 1, 402, 8151, 9.90, 145.00, 465, 405, 1, 8
2026-09-04T10:15:23.5582174+07:00,2026/09/04 10:15:23.589, NVIDIA GeForce RTX 5060, 591.86, P8, 29, 1, 402, 8151, 9.89, 145.00, 457, 405, 1, 8
2026-09-04T10:15:28.6090280+07:00,2026/09/04 10:15:28.640, NVIDIA GeForce RTX 5060, 591.86, P8, 29, 1, 402, 8151, 9.83, 145.00, 465, 405, 1, 8
2026-09-04T10:15:33.6589539+07:00,2026/09/04 10:15:33.705, NVIDIA GeForce RTX 5060, 591.86, P8, 29, 1, 402, 8151, 9.91, 145.00, 457, 405, 1, 8
2026-09-04T10:15:38.7268088+07:00,2026/09/04 10:15:38.773, NVIDIA GeForce RTX 5060, 591.86, P8, 29, 1, 402, 8151, 9.97, 145.00, 465, 405, 1, 8
2026-09-04T10:15:43.8394121+07:00,2026/09/04 10:15:43.885, NVIDIA GeForce RTX 5060, 591.86, P8, 29, 1, 402, 8151, 9.97, 145.00, 480, 405, 1, 8
2026-09-04T10:15:48.9053644+07:00,2026/09/04 10:15:48.951, NVIDIA GeForce RTX 5060, 591.86, P8, 29, 1, 402, 8151, 9.89, 145.00, 457, 405, 1, 8
2026-09-04T10:15:53.9716923+07:00,2026/09/04 10:15:54.033, NVIDIA GeForce RTX 5060, 591.86, P8, 29, 1, 402, 8151, 9.95, 145.00, 457, 405, 1, 8
2026-09-04T10:15:59.0525524+07:00,2026/09/04 10:15:59.099, NVIDIA GeForce RTX 5060, 591.86, P8, 29, 1, 402, 8151, 9.88, 145.00, 472, 405, 1, 8
2026-09-04T10:16:04.1204125+07:00,2026/09/04 10:16:04.182, NVIDIA GeForce RTX 5060, 591.86, P8, 29, 1, 402, 8151, 9.91, 145.00, 480, 405, 1, 8
2026-09-04T10:16:09.2025664+07:00,2026/09/04 10:16:09.264, NVIDIA GeForce RTX 5060, 591.86, P8, 29, 1, 402, 8151, 10.08, 145.00, 465, 405, 1, 8
2026-09-04T10:16:14.3315192+07:00,2026/09/04 10:16:14.378, NVIDIA GeForce RTX 5060, 591.86, P8, 29, 1, 402, 8151, 10.00, 145.00, 487, 405, 1, 8
2026-09-04T10:16:19.3972239+07:00,2026/09/04 10:16:19.428, NVIDIA GeForce RTX 5060, 591.86, P8, 29, 1, 402, 8151, 10.09, 145.00, 472, 405, 1, 8
2026-09-04T10:16:24.4496342+07:00,2026/09/04 10:16:24.512, NVIDIA GeForce RTX 5060, 591.86, P8, 29, 1, 402, 8151, 10.06, 145.00, 472, 405, 1, 8
2026-09-04T10:16:29.5317704+07:00,2026/09/04 10:16:29.562, NVIDIA GeForce RTX 5060, 591.86, P8, 29, 1, 402, 8151, 10.14, 145.00, 465, 405, 1, 8
2026-09-04T10:16:34.5820904+07:00,2026/09/04 10:16:34.612, NVIDIA GeForce RTX 5060, 591.86, P8, 29, 1, 402, 8151, 10.05, 145.00, 495, 405, 1, 8
2026-09-04T10:16:39.6310146+07:00,2026/09/04 10:16:39.662, NVIDIA GeForce RTX 5060, 591.86, P8, 29, 1, 402, 8151, 9.96, 145.00, 472, 405, 1, 8
2026-09-04T10:16:44.7284181+07:00,2026/09/04 10:16:44.775, NVIDIA GeForce RTX 5060, 591.86, P8, 29, 1, 402, 8151, 10.04, 145.00, 457, 405, 1, 8
2026-09-04T10:16:49.7949875+07:00,2026/09/04 10:16:49.841, NVIDIA GeForce RTX 5060, 591.86, P8, 29, 1, 402, 8151, 10.05, 145.00, 480, 405, 1, 8
2026-09-04T10:16:54.8607229+07:00,2026/09/04 10:16:54.938, NVIDIA GeForce RTX 5060, 591.86, P8, 29, 1, 402, 8151, 9.99, 145.00, 480, 405, 1, 8
2026-09-04T10:16:59.9590335+07:00,2026/09/04 10:17:00.021, NVIDIA GeForce RTX 5060, 591.86, P8, 29, 1, 402, 8151, 10.00, 145.00, 480, 405, 1, 8
2026-09-04T10:17:05.0409446+07:00,2026/09/04 10:17:05.087, NVIDIA GeForce RTX 5060, 591.86, P8, 29, 1, 402, 8151, 9.95, 145.00, 472, 405, 1, 8
2026-09-04T10:17:10.1069964+07:00,2026/09/04 10:17:10.153, NVIDIA GeForce RTX 5060, 591.86, P8, 29, 1, 402, 8151, 10.00, 145.00, 457, 405, 1, 8
2026-09-04T10:17:15.2216268+07:00,2026/09/04 10:17:15.283, NVIDIA GeForce RTX 5060, 591.86, P8, 29, 1, 402, 8151, 10.02, 145.00, 465, 405, 1, 8
2026-09-04T10:17:20.3042503+07:00,2026/09/04 10:17:20.351, NVIDIA GeForce RTX 5060, 591.86, P8, 29, 1, 402, 8151, 9.38, 145.00, 457, 405, 1, 8
2026-09-04T10:17:25.3691055+07:00,2026/09/04 10:17:25.415, NVIDIA GeForce RTX 5060, 591.86, P8, 29, 1, 402, 8151, 9.85, 145.00, 457, 405, 1, 8
2026-09-04T10:17:30.4359775+07:00,2026/09/04 10:17:30.514, NVIDIA GeForce RTX 5060, 591.86, P8, 29, 1, 402, 8151, 9.97, 145.00, 472, 405, 1, 8
2026-09-04T10:17:35.5345213+07:00,2026/09/04 10:17:35.565, NVIDIA GeForce RTX 5060, 591.86, P8, 29, 1, 402, 8151, 9.85, 145.00, 457, 405, 1, 8
2026-09-04T10:17:40.5861985+07:00,2026/09/04 10:17:40.617, NVIDIA GeForce RTX 5060, 591.86, P8, 29, 1, 402, 8151, 9.90, 145.00, 457, 405, 1, 8
2026-09-04T10:17:45.6694209+07:00,2026/09/04 10:17:45.715, NVIDIA GeForce RTX 5060, 591.86, P8, 29, 1, 402, 8151, 9.79, 145.00, 450, 405, 1, 8
2026-09-04T10:17:50.7382546+07:00,2026/09/04 10:17:50.769, NVIDIA GeForce RTX 5060, 591.86, P8, 29, 1, 402, 8151, 9.78, 145.00, 465, 405, 1, 8
2026-09-04T10:17:55.7864888+07:00,2026/09/04 10:17:55.817, NVIDIA GeForce RTX 5060, 591.86, P8, 29, 1, 402, 8151, 9.84, 145.00, 457, 405, 1, 8
2026-09-04T10:18:00.8342876+07:00,2026/09/04 10:18:00.865, NVIDIA GeForce RTX 5060, 591.86, P8, 29, 1, 402, 8151, 9.80, 145.00, 457, 405, 1, 8
2026-09-04T10:18:05.8850087+07:00,2026/09/04 10:18:05.916, NVIDIA GeForce RTX 5060, 591.86, P8, 29, 1, 402, 8151, 9.79, 145.00, 457, 405, 1, 8
2026-09-04T10:18:10.9355883+07:00,2026/09/04 10:18:10.982, NVIDIA GeForce RTX 5060, 591.86, P8, 29, 1, 402, 8151, 9.84, 145.00, 487, 405, 1, 8
2026-09-04T10:18:16.0471494+07:00,2026/09/04 10:18:16.093, NVIDIA GeForce RTX 5060, 591.86, P8, 29, 1, 402, 8151, 9.81, 145.00, 472, 405, 1, 8
2026-09-04T10:18:21.1122645+07:00,2026/09/04 10:18:21.174, NVIDIA GeForce RTX 5060, 591.86, P8, 29, 1, 402, 8151, 9.78, 145.00, 457, 405, 1, 8
2026-09-04T10:18:26.1957649+07:00,2026/09/04 10:18:27.560, NVIDIA GeForce RTX 5060, 591.86, P8, 29, 1, 402, 8151, 10.11, 145.00, 480, 405, 1, 8
2026-09-04T10:18:32.6442769+07:00,2026/09/04 10:18:33.000, NVIDIA GeForce RTX 5060, 591.86, P8, 29, 1, 402, 8151, 10.03, 145.00, 480, 405, 1, 8
2026-09-04T10:18:38.0227926+07:00,2026/09/04 10:18:38.348, NVIDIA GeForce RTX 5060, 591.86, P8, 29, 1, 402, 8151, 10.07, 145.00, 472, 405, 1, 8
2026-09-04T10:18:43.3702914+07:00,2026/09/04 10:18:43.447, NVIDIA GeForce RTX 5060, 591.86, P8, 29, 1, 402, 8151, 9.96, 145.00, 480, 405, 1, 8
2026-09-04T10:18:48.5163296+07:00,2026/09/04 10:18:48.810, NVIDIA GeForce RTX 5060, 591.86, P8, 29, 1, 402, 8151, 10.07, 145.00, 480, 405, 1, 8
2026-09-04T10:18:53.8948302+07:00,2026/09/04 10:18:54.173, NVIDIA GeForce RTX 5060, 591.86, P8, 29, 1, 402, 8151, 10.09, 145.00, 480, 405, 1, 8
2026-09-04T10:18:59.2574670+07:00,2026/09/04 10:18:59.753, NVIDIA GeForce RTX 5060, 591.86, P8, 29, 1, 402, 8151, 10.00, 145.00, 450, 405, 1, 8
2026-09-04T10:19:04.7909260+07:00,2026/09/04 10:19:04.899, NVIDIA GeForce RTX 5060, 591.86, P8, 29, 1, 402, 8151, 9.96, 145.00, 480, 405, 1, 8
2026-09-04T10:19:09.9214270+07:00,2026/09/04 10:19:09.983, NVIDIA GeForce RTX 5060, 591.86, P8, 29, 1, 402, 8151, 10.03, 145.00, 465, 405, 1, 8
2026-09-04T10:19:15.0051629+07:00,2026/09/04 10:19:15.191, NVIDIA GeForce RTX 5060, 591.86, P8, 29, 1, 402, 8151, 10.02, 145.00, 472, 405, 1, 8
2026-09-04T10:19:20.2604398+07:00,2026/09/04 10:19:20.306, NVIDIA GeForce RTX 5060, 591.86, P8, 29, 1, 402, 8151, 9.97, 145.00, 465, 405, 1, 8
2026-09-04T10:19:25.3130449+07:00,2026/09/04 10:19:25.344, NVIDIA GeForce RTX 5060, 591.86, P8, 29, 1, 402, 8151, 9.99, 145.00, 487, 405, 1, 8
2026-09-04T10:19:30.3505730+07:00,2026/09/04 10:19:30.381, NVIDIA GeForce RTX 5060, 591.86, P8, 29, 1, 402, 8151, 9.92, 145.00, 465, 405, 1, 8
2026-09-04T10:19:35.4035726+07:00,2026/09/04 10:19:35.434, NVIDIA GeForce RTX 5060, 591.86, P8, 29, 1, 402, 8151, 9.99, 145.00, 472, 405, 1, 8
2026-09-04T10:19:40.4559270+07:00,2026/09/04 10:19:40.502, NVIDIA GeForce RTX 5060, 591.86, P8, 29, 1, 402, 8151, 9.87, 145.00, 465, 405, 1, 8
2026-09-04T10:19:45.5092652+07:00,2026/09/04 10:19:45.540, NVIDIA GeForce RTX 5060, 591.86, P8, 29, 1, 402, 8151, 9.92, 145.00, 450, 405, 1, 8
2026-09-04T10:19:50.6090773+07:00,2026/09/04 10:19:50.640, NVIDIA GeForce RTX 5060, 591.86, P8, 29, 1, 402, 8151, 9.89, 145.00, 450, 405, 1, 8
2026-09-04T10:19:55.6467152+07:00,2026/09/04 10:19:55.677, NVIDIA GeForce RTX 5060, 591.86, P8, 29, 1, 402, 8151, 9.89, 145.00, 457, 405, 1, 8
2026-09-04T10:20:00.6991155+07:00,2026/09/04 10:20:00.730, NVIDIA GeForce RTX 5060, 591.86, P8, 29, 1, 402, 8151, 9.97, 145.00, 480, 405, 1, 8
2026-09-04T10:20:05.7521122+07:00,2026/09/04 10:20:05.783, NVIDIA GeForce RTX 5060, 591.86, P8, 29, 1, 402, 8151, 10.02, 145.00, 472, 405, 1, 8
2026-09-04T10:20:10.7899007+07:00,2026/09/04 10:20:10.820, NVIDIA GeForce RTX 5060, 591.86, P8, 29, 1, 402, 8151, 9.88, 145.00, 480, 405, 1, 8
2026-09-04T10:20:15.8279504+07:00,2026/09/04 10:20:15.889, NVIDIA GeForce RTX 5060, 591.86, P8, 29, 1, 402, 8151, 9.88, 145.00, 450, 405, 1, 8
2026-09-04T10:20:20.9556351+07:00,2026/09/04 10:20:20.986, NVIDIA GeForce RTX 5060, 591.86, P8, 29, 1, 402, 8151, 9.87, 145.00, 465, 405, 1, 8
2026-09-04T10:20:26.0057026+07:00,2026/09/04 10:20:26.036, NVIDIA GeForce RTX 5060, 591.86, P8, 29, 1, 402, 8151, 9.73, 145.00, 472, 405, 1, 8
2026-09-04T10:20:31.0578441+07:00,2026/09/04 10:20:31.088, NVIDIA GeForce RTX 5060, 591.86, P8, 29, 1, 402, 8151, 9.82, 145.00, 465, 405, 1, 8
2026-09-04T10:20:36.1077355+07:00,2026/09/04 10:20:36.153, NVIDIA GeForce RTX 5060, 591.86, P8, 29, 1, 402, 8151, 9.88, 145.00, 465, 405, 1, 8
2026-09-04T10:20:41.1736557+07:00,2026/09/04 10:20:41.204, NVIDIA GeForce RTX 5060, 591.86, P8, 29, 1, 402, 8151, 9.86, 145.00, 465, 405, 1, 8
2026-09-04T10:20:46.2243286+07:00,2026/09/04 10:20:46.255, NVIDIA GeForce RTX 5060, 591.86, P8, 29, 1, 402, 8151, 9.79, 145.00, 457, 405, 1, 8
2026-09-04T10:20:51.3076216+07:00,2026/09/04 10:20:51.338, NVIDIA GeForce RTX 5060, 591.86, P8, 29, 1, 402, 8151, 9.82, 145.00, 465, 405, 1, 8
2026-09-04T10:20:56.3566071+07:00,2026/09/04 10:20:56.387, NVIDIA GeForce RTX 5060, 591.86, P8, 29, 1, 402, 8151, 9.79, 145.00, 457, 405, 1, 8
2026-09-04T10:21:01.4085152+07:00,2026/09/04 10:21:01.454, NVIDIA GeForce RTX 5060, 591.86, P8, 29, 1, 402, 8151, 9.89, 145.00, 465, 405, 1, 8
2026-09-04T10:21:06.4762716+07:00,2026/09/04 10:21:06.507, NVIDIA GeForce RTX 5060, 591.86, P8, 29, 1, 402, 8151, 9.86, 145.00, 472, 405, 1, 8
2026-09-04T10:21:11.5283607+07:00,2026/09/04 10:21:11.559, NVIDIA GeForce RTX 5060, 591.86, P8, 29, 1, 402, 8151, 9.93, 145.00, 472, 405, 1, 8
2026-09-04T10:21:16.5660264+07:00,2026/09/04 10:21:16.597, NVIDIA GeForce RTX 5060, 591.86, P8, 29, 1, 402, 8151, 9.91, 145.00, 457, 405, 1, 8
2026-09-04T10:21:21.6486862+07:00,2026/09/04 10:21:21.680, NVIDIA GeForce RTX 5060, 591.86, P8, 29, 1, 402, 8151, 9.91, 145.00, 465, 405, 1, 8
2026-09-04T10:21:26.7008668+07:00,2026/09/04 10:21:26.731, NVIDIA GeForce RTX 5060, 591.86, P8, 29, 1, 402, 8151, 9.93, 145.00, 472, 405, 1, 8
2026-09-04T10:21:31.7513691+07:00,2026/09/04 10:21:31.782, NVIDIA GeForce RTX 5060, 591.86, P8, 29, 1, 402, 8151, 9.89, 145.00, 472, 405, 1, 8
2026-09-04T10:21:36.7889765+07:00,2026/09/04 10:21:36.850, NVIDIA GeForce RTX 5060, 591.86, P8, 29, 1, 402, 8151, 9.98, 145.00, 465, 405, 1, 8
2026-09-04T10:21:41.8718940+07:00,2026/09/04 10:21:41.918, NVIDIA GeForce RTX 5060, 591.86, P8, 29, 1, 402, 8151, 10.17, 145.00, 607, 405, 1, 8
2026-09-04T10:21:46.9398834+07:00,2026/09/04 10:21:46.970, NVIDIA GeForce RTX 5060, 591.86, P8, 29, 1, 402, 8151, 9.74, 145.00, 457, 405, 1, 8
2026-09-04T10:21:52.0394696+07:00,2026/09/04 10:21:52.070, NVIDIA GeForce RTX 5060, 591.86, P8, 29, 1, 402, 8151, 9.89, 145.00, 472, 405, 1, 8
2026-09-04T10:21:57.0914367+07:00,2026/09/04 10:21:57.122, NVIDIA GeForce RTX 5060, 591.86, P8, 29, 1, 402, 8151, 10.00, 145.00, 450, 405, 1, 8
2026-09-04T10:22:02.1439087+07:00,2026/09/04 10:22:02.221, NVIDIA GeForce RTX 5060, 591.86, P8, 29, 2, 399, 8151, 10.44, 145.00, 720, 405, 1, 8
