recorded_at,nvidia_timestamp,name,driver_version,pstate,temperature_c,gpu_util_percent,memory_used_mib,memory_total_mib,power_w,power_limit_w,graphics_clock_mhz,memory_clock_mhz,pcie_generation,pcie_width
2026-08-31T16:21:17.0688249+07:00,2026/08/31 16:21:17.115, NVIDIA GeForce RTX 5060, 591.86, P8, 30, 1, 728, 8151, 9.49, 145.00, 360, 405, 1, 8
2026-08-31T16:21:22.2117885+07:00,2026/08/31 16:21:22.242, NVIDIA GeForce RTX 5060, 591.86, P8, 30, 2, 765, 8151, 11.47, 145.00, 787, 405, 1, 8
2026-08-31T16:21:27.2488342+07:00,2026/08/31 16:21:27.279, NVIDIA GeForce RTX 5060, 591.86, P5, 31, 0, 727, 8151, 14.67, 145.00, 615, 810, 2, 8
2026-08-31T16:21:32.2993705+07:00,2026/08/31 16:21:32.330, NVIDIA GeForce RTX 5060, 591.86, P8, 30, 1, 729, 8151, 9.46, 145.00, 367, 405, 1, 8
2026-08-31T16:21:37.3417829+07:00,2026/08/31 16:21:37.372, NVIDIA GeForce RTX 5060, 591.86, P8, 30, 1, 731, 8151, 9.70, 145.00, 480, 405, 1, 8
2026-08-31T16:21:42.3940153+07:00,2026/08/31 16:21:42.424, NVIDIA GeForce RTX 5060, 591.86, P8, 30, 0, 728, 8151, 9.44, 145.00, 367, 405, 1, 8
2026-08-31T16:21:47.4459841+07:00,2026/08/31 16:21:47.476, NVIDIA GeForce RTX 5060, 591.86, P8, 30, 1, 722, 8151, 9.40, 145.00, 397, 405, 1, 8
2026-08-31T16:21:52.5269070+07:00,2026/08/31 16:21:52.557, NVIDIA GeForce RTX 5060, 591.86, P0, 31, 0, 735, 8151, 17.18, 145.00, 1545, 14201, 4, 8
2026-08-31T16:21:57.5786354+07:00,2026/08/31 16:21:57.608, NVIDIA GeForce RTX 5060, 591.86, P8, 30, 0, 838, 8151, 8.92, 145.00, 307, 405, 1, 8
2026-08-31T16:22:02.6228113+07:00,2026/08/31 16:22:02.667, NVIDIA GeForce RTX 5060, 591.86, P8, 30, 0, 839, 8151, 8.48, 145.00, 210, 405, 1, 8
2026-08-31T16:22:07.6825574+07:00,2026/08/31 16:22:07.712, NVIDIA GeForce RTX 5060, 591.86, P8, 30, 0, 821, 8151, 8.46, 145.00, 232, 405, 1, 8
2026-08-31T16:22:12.7247749+07:00,2026/08/31 16:22:12.769, NVIDIA GeForce RTX 5060, 591.86, P8, 30, 1, 821, 8151, 8.48, 145.00, 210, 405, 1, 8
2026-08-31T16:22:17.7874592+07:00,2026/08/31 16:22:17.832, NVIDIA GeForce RTX 5060, 591.86, P8, 30, 0, 821, 8151, 8.60, 145.00, 210, 405, 1, 8
2026-08-31T16:22:22.8911612+07:00,2026/08/31 16:22:22.937, NVIDIA GeForce RTX 5060, 591.86, P8, 30, 0, 823, 8151, 8.83, 145.00, 262, 405, 1, 8
2026-08-31T16:22:27.9452761+07:00,2026/08/31 16:22:27.976, NVIDIA GeForce RTX 5060, 591.86, P8, 30, 0, 822, 8151, 8.50, 145.00, 210, 405, 1, 8
2026-08-31T16:22:32.9950616+07:00,2026/08/31 16:22:33.026, NVIDIA GeForce RTX 5060, 591.86, P8, 30, 0, 819, 8151, 8.37, 145.00, 232, 405, 1, 8
2026-08-31T16:22:38.0404259+07:00,2026/08/31 16:22:38.071, NVIDIA GeForce RTX 5060, 591.86, P8, 30, 0, 821, 8151, 8.49, 145.00, 247, 405, 1, 8
2026-08-31T16:22:43.0928081+07:00,2026/08/31 16:22:43.123, NVIDIA GeForce RTX 5060, 591.86, P8, 30, 0, 820, 8151, 8.70, 145.00, 232, 405, 1, 8
2026-08-31T16:22:48.1405388+07:00,2026/08/31 16:22:48.171, NVIDIA GeForce RTX 5060, 591.86, P8, 30, 0, 820, 8151, 8.56, 145.00, 232, 405, 1, 8
2026-08-31T16:22:53.2197553+07:00,2026/08/31 16:22:53.250, NVIDIA GeForce RTX 5060, 591.86, P8, 30, 1, 823, 8151, 8.74, 145.00, 442, 405, 1, 8
2026-08-31T16:22:58.2694087+07:00,2026/08/31 16:22:58.300, NVIDIA GeForce RTX 5060, 591.86, P8, 30, 0, 819, 8151, 8.92, 145.00, 277, 405, 1, 8
2026-08-31T16:23:03.3174971+07:00,2026/08/31 16:23:03.348, NVIDIA GeForce RTX 5060, 591.86, P8, 30, 0, 819, 8151, 8.95, 145.00, 300, 405, 1, 8
2026-08-31T16:23:08.3656679+07:00,2026/08/31 16:23:08.396, NVIDIA GeForce RTX 5060, 591.86, P8, 30, 0, 818, 8151, 9.76, 145.00, 360, 405, 1, 8
2026-08-31T16:23:13.4121996+07:00,2026/08/31 16:23:13.443, NVIDIA GeForce RTX 5060, 591.86, P8, 30, 0, 819, 8151, 9.12, 145.00, 360, 405, 1, 8
2026-08-31T16:23:18.4542825+07:00,2026/08/31 16:23:18.485, NVIDIA GeForce RTX 5060, 591.86, P8, 30, 0, 819, 8151, 8.86, 145.00, 270, 405, 1, 8
2026-08-31T16:23:23.5410925+07:00,2026/08/31 16:23:23.587, NVIDIA GeForce RTX 5060, 591.86, P8, 30, 0, 819, 8151, 8.62, 145.00, 210, 405, 1, 8
2026-08-31T16:23:28.6037880+07:00,2026/08/31 16:23:28.634, NVIDIA GeForce RTX 5060, 591.86, P8, 30, 0, 818, 8151, 8.71, 145.00, 322, 405, 1, 8
2026-08-31T16:23:33.6557168+07:00,2026/08/31 16:23:33.686, NVIDIA GeForce RTX 5060, 591.86, P8, 30, 0, 819, 8151, 8.54, 145.00, 210, 405, 1, 8
2026-08-31T16:23:38.7051449+07:00,2026/08/31 16:23:38.736, NVIDIA GeForce RTX 5060, 591.86, P8, 30, 0, 819, 8151, 8.41, 145.00, 210, 405, 1, 8
2026-08-31T16:23:43.7559010+07:00,2026/08/31 16:23:43.786, NVIDIA GeForce RTX 5060, 591.86, P8, 30, 0, 819, 8151, 8.70, 145.00, 300, 405, 1, 8
2026-08-31T16:23:48.8075433+07:00,2026/08/31 16:23:48.838, NVIDIA GeForce RTX 5060, 591.86, P8, 30, 2, 872, 8151, 10.61, 145.00, 547, 405, 1, 8
2026-08-31T16:23:53.8991414+07:00,2026/08/31 16:23:53.929, NVIDIA GeForce RTX 5060, 591.86, P5, 31, 6, 891, 8151, 15.39, 145.00, 795, 810, 2, 8
2026-08-31T16:23:58.9434354+07:00,2026/08/31 16:23:58.974, NVIDIA GeForce RTX 5060, 591.86, P0, 32, 1, 854, 8151, 23.64, 145.00, 2565, 14201, 4, 8
2026-08-31T16:24:03.9920219+07:00,2026/08/31 16:24:04.023, NVIDIA GeForce RTX 5060, 591.86, P0, 32, 2, 951, 8151, 24.52, 145.00, 2580, 14201, 4, 8
2026-08-31T16:24:09.0353235+07:00,2026/08/31 16:24:09.066, NVIDIA GeForce RTX 5060, 591.86, P8, 30, 1, 952, 8151, 9.82, 145.00, 397, 405, 1, 8
2026-08-31T16:24:14.0806270+07:00,2026/08/31 16:24:14.111, NVIDIA GeForce RTX 5060, 591.86, P0, 32, 0, 949, 8151, 23.33, 145.00, 2550, 14201, 4, 8
2026-08-31T16:24:19.1264417+07:00,2026/08/31 16:24:19.157, NVIDIA GeForce RTX 5060, 591.86, P0, 32, 1, 1007, 8151, 15.64, 145.00, 2557, 14201, 4, 8
2026-08-31T16:24:24.2770868+07:00,2026/08/31 16:24:24.323, NVIDIA GeForce RTX 5060, 591.86, P8, 31, 3, 1018, 8151, 12.35, 145.00, 667, 405, 1, 8
2026-08-31T16:24:29.3334516+07:00,2026/08/31 16:24:29.394, NVIDIA GeForce RTX 5060, 591.86, P8, 31, 10, 984, 8151, 11.33, 145.00, 697, 405, 1, 8
2026-08-31T16:24:34.4114417+07:00,2026/08/31 16:24:34.457, NVIDIA GeForce RTX 5060, 591.86, P8, 30, 1, 998, 8151, 10.35, 145.00, 472, 405, 1, 8
2026-08-31T16:24:39.4701778+07:00,2026/08/31 16:24:39.500, NVIDIA GeForce RTX 5060, 591.86, P0, 32, 1, 984, 8151, 23.40, 145.00, 2565, 14201, 4, 8
2026-08-31T16:24:44.5128609+07:00,2026/08/31 16:24:44.543, NVIDIA GeForce RTX 5060, 591.86, P8, 31, 1, 997, 8151, 10.33, 145.00, 435, 405, 1, 8
2026-08-31T16:24:49.5564433+07:00,2026/08/31 16:24:49.586, NVIDIA GeForce RTX 5060, 591.86, P0, 32, 0, 1034, 8151, 22.71, 145.00, 2542, 14201, 4, 8
2026-08-31T16:24:54.6828294+07:00,2026/08/31 16:24:54.713, NVIDIA GeForce RTX 5060, 591.86, P8, 31, 5, 1005, 8151, 10.11, 145.00, 630, 405, 1, 8
2026-08-31T16:24:59.7305176+07:00,2026/08/31 16:24:59.761, NVIDIA GeForce RTX 5060, 591.86, P3, 31, 0, 981, 8151, 20.11, 145.00, 690, 7001, 4, 8
2026-08-31T16:25:04.7809637+07:00,2026/08/31 16:25:04.811, NVIDIA GeForce RTX 5060, 591.86, P8, 31, 0, 973, 8151, 9.69, 145.00, 367, 405, 1, 8
2026-08-31T16:25:09.8315530+07:00,2026/08/31 16:25:09.862, NVIDIA GeForce RTX 5060, 591.86, P8, 31, 0, 954, 8151, 9.61, 145.00, 375, 405, 1, 8
2026-08-31T16:25:14.8814478+07:00,2026/08/31 16:25:14.912, NVIDIA GeForce RTX 5060, 591.86, P8, 31, 1, 954, 8151, 9.62, 145.00, 427, 405, 1, 8
2026-08-31T16:25:19.9217950+07:00,2026/08/31 16:25:19.952, NVIDIA GeForce RTX 5060, 591.86, P8, 30, 2, 954, 8151, 9.75, 145.00, 367, 405, 1, 8
2026-08-31T16:25:25.0080809+07:00,2026/08/31 16:25:25.038, NVIDIA GeForce RTX 5060, 591.86, P5, 31, 0, 954, 8151, 19.83, 145.00, 607, 810, 2, 8
2026-08-31T16:25:30.0566305+07:00,2026/08/31 16:25:30.087, NVIDIA GeForce RTX 5060, 591.86, P8, 31, 7, 971, 8151, 9.60, 145.00, 450, 405, 1, 8
2026-08-31T16:25:35.0954028+07:00,2026/08/31 16:25:35.126, NVIDIA GeForce RTX 5060, 591.86, P8, 31, 1, 971, 8151, 9.51, 145.00, 390, 405, 1, 8
2026-08-31T16:25:40.1328845+07:00,2026/08/31 16:25:40.163, NVIDIA GeForce RTX 5060, 591.86, P8, 30, 0, 956, 8151, 9.47, 145.00, 367, 405, 1, 8
2026-08-31T16:25:45.1840007+07:00,2026/08/31 16:25:45.214, NVIDIA GeForce RTX 5060, 591.86, P8, 30, 0, 956, 8151, 9.40, 145.00, 367, 405, 1, 8
2026-08-31T16:25:50.2240385+07:00,2026/08/31 16:25:50.255, NVIDIA GeForce RTX 5060, 591.86, P8, 30, 1, 948, 8151, 9.41, 145.00, 382, 405, 1, 8
2026-08-31T16:25:55.3100873+07:00,2026/08/31 16:25:55.341, NVIDIA GeForce RTX 5060, 591.86, P8, 30, 1, 948, 8151, 9.36, 145.00, 345, 405, 1, 8
2026-08-31T16:26:00.3503815+07:00,2026/08/31 16:26:00.381, NVIDIA GeForce RTX 5060, 591.86, P0, 32, 0, 948, 8151, 22.52, 145.00, 2535, 14201, 4, 8
2026-08-31T16:26:05.4027107+07:00,2026/08/31 16:26:05.433, NVIDIA GeForce RTX 5060, 591.86, P8, 30, 0, 948, 8151, 9.40, 145.00, 337, 405, 1, 8
2026-08-31T16:26:10.4555633+07:00,2026/08/31 16:26:10.486, NVIDIA GeForce RTX 5060, 591.86, P8, 30, 0, 948, 8151, 9.36, 145.00, 352, 405, 1, 8
2026-08-31T16:26:15.4933381+07:00,2026/08/31 16:26:15.524, NVIDIA GeForce RTX 5060, 591.86, P8, 30, 0, 948, 8151, 9.48, 145.00, 352, 405, 1, 8
2026-08-31T16:26:20.5385917+07:00,2026/08/31 16:26:20.569, NVIDIA GeForce RTX 5060, 591.86, P8, 30, 1, 953, 8151, 9.54, 145.00, 397, 405, 1, 8
2026-08-31T16:26:25.6201696+07:00,2026/08/31 16:26:25.666, NVIDIA GeForce RTX 5060, 591.86, P8, 30, 1, 955, 8151, 9.39, 145.00, 375, 405, 1, 8
2026-08-31T16:26:30.6845195+07:00,2026/08/31 16:26:30.731, NVIDIA GeForce RTX 5060, 591.86, P8, 30, 0, 955, 8151, 9.27, 145.00, 360, 405, 1, 8
2026-08-31T16:26:35.7522075+07:00,2026/08/31 16:26:35.783, NVIDIA GeForce RTX 5060, 591.86, P8, 30, 1, 959, 8151, 9.27, 145.00, 390, 405, 1, 8
2026-08-31T16:26:40.8037609+07:00,2026/08/31 16:26:40.834, NVIDIA GeForce RTX 5060, 591.86, P8, 30, 14, 986, 8151, 9.44, 145.00, 525, 405, 4, 8
2026-08-31T16:26:45.8467157+07:00,2026/08/31 16:26:45.883, NVIDIA GeForce RTX 5060, 591.86, P0, 32, 0, 956, 8151, 22.97, 145.00, 2535, 14201, 4, 8
2026-08-31T16:26:50.9006275+07:00,2026/08/31 16:26:50.932, NVIDIA GeForce RTX 5060, 591.86, P0, 32, 0, 993, 8151, 22.63, 145.00, 2542, 14201, 4, 8
2026-08-31T16:26:55.9988377+07:00,2026/08/31 16:26:56.032, NVIDIA GeForce RTX 5060, 591.86, P8, 31, 1, 929, 8151, 9.57, 145.00, 435, 405, 1, 8
2026-08-31T16:27:01.0491724+07:00,2026/08/31 16:27:01.081, NVIDIA GeForce RTX 5060, 591.86, P8, 31, 1, 931, 8151, 9.60, 145.00, 435, 405, 1, 8
2026-08-31T16:27:06.0990331+07:00,2026/08/31 16:27:06.125, NVIDIA GeForce RTX 5060, 591.86, P8, 30, 0, 931, 8151, 9.47, 145.00, 382, 405, 1, 8
2026-08-31T16:27:11.1487863+07:00,2026/08/31 16:27:11.182, NVIDIA GeForce RTX 5060, 591.86, P8, 30, 1, 931, 8151, 9.30, 145.00, 412, 405, 1, 8
2026-08-31T16:27:16.1978362+07:00,2026/08/31 16:27:16.230, NVIDIA GeForce RTX 5060, 591.86, P8, 30, 0, 931, 8151, 9.52, 145.00, 390, 405, 1, 8
2026-08-31T16:27:21.2474097+07:00,2026/08/31 16:27:21.280, NVIDIA GeForce RTX 5060, 591.86, P8, 30, 1, 930, 8151, 9.82, 145.00, 435, 405, 1, 8
2026-08-31T16:27:26.3158382+07:00,2026/08/31 16:27:26.346, NVIDIA GeForce RTX 5060, 591.86, P8, 30, 1, 931, 8151, 9.45, 145.00, 412, 405, 1, 8
2026-08-31T16:27:31.3636012+07:00,2026/08/31 16:27:31.397, NVIDIA GeForce RTX 5060, 591.86, P8, 30, 1, 931, 8151, 9.59, 145.00, 397, 405, 1, 8
2026-08-31T16:27:36.4139717+07:00,2026/08/31 16:27:36.446, NVIDIA GeForce RTX 5060, 591.86, P8, 30, 1, 931, 8151, 9.67, 145.00, 412, 405, 1, 8
2026-08-31T16:27:41.4637397+07:00,2026/08/31 16:27:41.497, NVIDIA GeForce RTX 5060, 591.86, P8, 30, 1, 931, 8151, 9.74, 145.00, 427, 405, 1, 8
2026-08-31T16:27:46.5134802+07:00,2026/08/31 16:27:46.545, NVIDIA GeForce RTX 5060, 591.86, P8, 30, 1, 931, 8151, 9.72, 145.00, 435, 405, 1, 8
2026-08-31T16:27:51.5615477+07:00,2026/08/31 16:27:51.597, NVIDIA GeForce RTX 5060, 591.86, P8, 30, 1, 931, 8151, 9.56, 145.00, 397, 405, 1, 8
2026-08-31T16:27:56.6618576+07:00,2026/08/31 16:27:56.695, NVIDIA GeForce RTX 5060, 591.86, P8, 30, 1, 931, 8151, 9.65, 145.00, 397, 405, 1, 8
2026-08-31T16:28:01.7125556+07:00,2026/08/31 16:28:01.745, NVIDIA GeForce RTX 5060, 591.86, P8, 30, 0, 948, 8151, 9.35, 145.00, 412, 405, 1, 8
2026-08-31T16:28:06.7623772+07:00,2026/08/31 16:28:06.796, NVIDIA GeForce RTX 5060, 591.86, P8, 30, 1, 934, 8151, 9.54, 145.00, 405, 405, 1, 8
2026-08-31T16:28:11.8115658+07:00,2026/08/31 16:28:11.844, NVIDIA GeForce RTX 5060, 591.86, P8, 30, 1, 953, 8151, 9.66, 145.00, 435, 405, 1, 8
2026-08-31T16:28:16.8608783+07:00,2026/08/31 16:28:16.894, NVIDIA GeForce RTX 5060, 591.86, P8, 30, 1, 934, 8151, 9.71, 145.00, 435, 405, 1, 8
2026-08-31T16:28:21.9115340+07:00,2026/08/31 16:28:21.944, NVIDIA GeForce RTX 5060, 591.86, P8, 30, 1, 931, 8151, 9.72, 145.00, 405, 405, 1, 8
2026-08-31T16:28:26.9960427+07:00,2026/08/31 16:28:27.027, NVIDIA GeForce RTX 5060, 591.86, P8, 30, 1, 931, 8151, 9.63, 145.00, 390, 405, 1, 8
2026-08-31T16:28:32.0417617+07:00,2026/08/31 16:28:32.076, NVIDIA GeForce RTX 5060, 591.86, P8, 30, 1, 948, 8151, 9.68, 145.00, 390, 405, 1, 8
2026-08-31T16:28:37.0932668+07:00,2026/08/31 16:28:37.141, NVIDIA GeForce RTX 5060, 591.86, P8, 30, 1, 935, 8151, 9.59, 145.00, 405, 405, 1, 8
2026-08-31T16:28:42.1604575+07:00,2026/08/31 16:28:42.194, NVIDIA GeForce RTX 5060, 591.86, P8, 30, 1, 947, 8151, 9.66, 145.00, 405, 405, 1, 8
2026-08-31T16:28:47.2091662+07:00,2026/08/31 16:28:47.242, NVIDIA GeForce RTX 5060, 591.86, P5, 31, 0, 934, 8151, 14.74, 145.00, 555, 810, 2, 8
2026-08-31T16:28:52.2598930+07:00,2026/08/31 16:28:52.291, NVIDIA GeForce RTX 5060, 591.86, P8, 30, 1, 948, 8151, 9.64, 145.00, 397, 405, 1, 8
2026-08-31T16:28:57.3421285+07:00,2026/08/31 16:28:57.375, NVIDIA GeForce RTX 5060, 591.86, P8, 30, 1, 948, 8151, 9.57, 145.00, 405, 405, 1, 8
2026-08-31T16:29:02.3934697+07:00,2026/08/31 16:29:02.426, NVIDIA GeForce RTX 5060, 591.86, P8, 30, 1, 948, 8151, 9.61, 145.00, 382, 405, 1, 8
2026-08-31T16:29:07.4398318+07:00,2026/08/31 16:29:07.475, NVIDIA GeForce RTX 5060, 591.86, P8, 30, 2, 948, 8151, 9.45, 145.00, 405, 405, 1, 8
2026-08-31T16:29:12.4913914+07:00,2026/08/31 16:29:12.524, NVIDIA GeForce RTX 5060, 591.86, P8, 30, 1, 949, 8151, 9.57, 145.00, 397, 405, 1, 8
2026-08-31T16:29:17.5416025+07:00,2026/08/31 16:29:17.574, NVIDIA GeForce RTX 5060, 591.86, P8, 30, 1, 948, 8151, 9.50, 145.00, 412, 405, 1, 8
2026-08-31T16:29:22.5910139+07:00,2026/08/31 16:29:22.624, NVIDIA GeForce RTX 5060, 591.86, P8, 30, 1, 948, 8151, 9.56, 145.00, 382, 405, 1, 8
2026-08-31T16:29:27.6767480+07:00,2026/08/31 16:29:27.707, NVIDIA GeForce RTX 5060, 591.86, P8, 30, 1, 953, 8151, 9.60, 145.00, 420, 405, 1, 8
2026-08-31T16:29:32.7243669+07:00,2026/08/31 16:29:32.757, NVIDIA GeForce RTX 5060, 591.86, P8, 30, 1, 963, 8151, 9.42, 145.00, 420, 405, 1, 8
2026-08-31T16:29:37.7612323+07:00,2026/08/31 16:29:37.790, NVIDIA GeForce RTX 5060, 591.86, P8, 30, 1, 955, 8151, 9.48, 145.00, 420, 405, 1, 8
2026-08-31T16:29:42.7936011+07:00,2026/08/31 16:29:42.823, NVIDIA GeForce RTX 5060, 591.86, P8, 30, 1, 958, 8151, 9.50, 145.00, 390, 405, 1, 8
2026-08-31T16:29:47.8387221+07:00,2026/08/31 16:29:47.872, NVIDIA GeForce RTX 5060, 591.86, P0, 32, 0, 981, 8151, 23.13, 145.00, 2542, 14201, 4, 8
2026-08-31T16:29:52.8925321+07:00,2026/08/31 16:29:52.922, NVIDIA GeForce RTX 5060, 591.86, P8, 30, 1, 979, 8151, 9.58, 145.00, 390, 405, 1, 8
2026-08-31T16:29:57.9748865+07:00,2026/08/31 16:29:58.008, NVIDIA GeForce RTX 5060, 591.86, P0, 32, 0, 1074, 8151, 23.46, 145.00, 2550, 14201, 4, 8
2026-08-31T16:30:03.0210658+07:00,2026/08/31 16:30:03.052, NVIDIA GeForce RTX 5060, 591.86, P0, 32, 2, 1062, 8151, 23.92, 145.00, 2602, 14201, 4, 8
2026-08-31T16:30:08.0715857+07:00,2026/08/31 16:30:08.105, NVIDIA GeForce RTX 5060, 591.86, P0, 32, 1, 1054, 8151, 22.83, 145.00, 2550, 14201, 4, 8
2026-08-31T16:30:13.1176442+07:00,2026/08/31 16:30:13.154, NVIDIA GeForce RTX 5060, 591.86, P0, 32, 1, 1046, 8151, 23.58, 145.00, 2542, 14201, 4, 8
2026-08-31T16:30:18.1689716+07:00,2026/08/31 16:30:18.208, NVIDIA GeForce RTX 5060, 591.86, P0, 32, 0, 1009, 8151, 23.29, 145.00, 2557, 14201, 4, 8
2026-08-31T16:30:23.2227301+07:00,2026/08/31 16:30:23.254, NVIDIA GeForce RTX 5060, 591.86, P8, 31, 1, 1004, 8151, 10.59, 145.00, 487, 405, 1, 8
2026-08-31T16:30:28.3056564+07:00,2026/08/31 16:30:28.338, NVIDIA GeForce RTX 5060, 591.86, P5, 31, 1, 992, 8151, 13.67, 145.00, 502, 810, 2, 8
2026-08-31T16:30:33.3537943+07:00,2026/08/31 16:30:33.387, NVIDIA GeForce RTX 5060, 591.86, P0, 32, 1, 994, 8151, 14.32, 145.00, 1522, 14201, 4, 8
2026-08-31T16:30:38.4035768+07:00,2026/08/31 16:30:38.436, NVIDIA GeForce RTX 5060, 591.86, P8, 31, 1, 992, 8151, 10.13, 145.00, 420, 405, 1, 8
2026-08-31T16:30:43.4540751+07:00,2026/08/31 16:30:43.487, NVIDIA GeForce RTX 5060, 591.86, P8, 31, 1, 984, 8151, 9.73, 145.00, 435, 405, 1, 8
2026-08-31T16:30:48.5027150+07:00,2026/08/31 16:30:48.536, NVIDIA GeForce RTX 5060, 591.86, P8, 31, 1, 967, 8151, 9.88, 145.00, 435, 405, 1, 8
2026-08-31T16:30:53.5525563+07:00,2026/08/31 16:30:53.585, NVIDIA GeForce RTX 5060, 591.86, P8, 31, 2, 967, 8151, 9.77, 145.00, 420, 405, 1, 8
2026-08-31T16:30:58.6376483+07:00,2026/08/31 16:30:58.669, NVIDIA GeForce RTX 5060, 591.86, P8, 31, 1, 967, 8151, 9.74, 145.00, 405, 405, 1, 8
2026-08-31T16:31:03.6851684+07:00,2026/08/31 16:31:03.719, NVIDIA GeForce RTX 5060, 591.86, P8, 31, 1, 967, 8151, 9.64, 145.00, 412, 405, 1, 8
2026-08-31T16:31:08.7369990+07:00,2026/08/31 16:31:08.769, NVIDIA GeForce RTX 5060, 591.86, P8, 31, 1, 967, 8151, 9.46, 145.00, 405, 405, 1, 8
2026-08-31T16:31:13.7847275+07:00,2026/08/31 16:31:13.818, NVIDIA GeForce RTX 5060, 591.86, P8, 31, 1, 968, 8151, 9.55, 145.00, 382, 405, 1, 8
2026-08-31T16:31:18.8360076+07:00,2026/08/31 16:31:18.866, NVIDIA GeForce RTX 5060, 591.86, P8, 31, 1, 968, 8151, 9.68, 145.00, 412, 405, 1, 8
2026-08-31T16:31:23.8832811+07:00,2026/08/31 16:31:23.917, NVIDIA GeForce RTX 5060, 591.86, P8, 31, 1, 962, 8151, 9.58, 145.00, 397, 405, 1, 8
2026-08-31T16:31:28.9712907+07:00,2026/08/31 16:31:29.000, NVIDIA GeForce RTX 5060, 591.86, P8, 31, 0, 962, 8151, 9.50, 145.00, 405, 405, 1, 8
2026-08-31T16:31:34.0169827+07:00,2026/08/31 16:31:34.050, NVIDIA GeForce RTX 5060, 591.86, P8, 31, 0, 962, 8151, 9.56, 145.00, 405, 405, 1, 8
2026-08-31T16:31:39.0676476+07:00,2026/08/31 16:31:39.092, NVIDIA GeForce RTX 5060, 591.86, P8, 31, 1, 962, 8151, 9.64, 145.00, 420, 405, 1, 8
2026-08-31T16:31:44.1010481+07:00,2026/08/31 16:31:44.134, NVIDIA GeForce RTX 5060, 591.86, P8, 30, 1, 962, 8151, 9.57, 145.00, 405, 405, 1, 8
2026-08-31T16:31:49.1499436+07:00,2026/08/31 16:31:49.185, NVIDIA GeForce RTX 5060, 591.86, P8, 30, 1, 962, 8151, 9.52, 145.00, 397, 405, 1, 8
2026-08-31T16:31:54.2009539+07:00,2026/08/31 16:31:54.233, NVIDIA GeForce RTX 5060, 591.86, P8, 30, 1, 968, 8151, 9.45, 145.00, 412, 405, 1, 8
2026-08-31T16:31:59.2859196+07:00,2026/08/31 16:31:59.315, NVIDIA GeForce RTX 5060, 591.86, P8, 30, 1, 967, 8151, 9.78, 145.00, 412, 405, 1, 8
2026-08-31T16:32:04.3327586+07:00,2026/08/31 16:32:04.366, NVIDIA GeForce RTX 5060, 591.86, P8, 30, 1, 967, 8151, 9.68, 145.00, 412, 405, 1, 8
2026-08-31T16:32:09.3818059+07:00,2026/08/31 16:32:09.415, NVIDIA GeForce RTX 5060, 591.86, P8, 30, 1, 966, 8151, 9.55, 145.00, 412, 405, 1, 8
2026-08-31T16:32:14.4309007+07:00,2026/08/31 16:32:14.463, NVIDIA GeForce RTX 5060, 591.86, P8, 30, 1, 967, 8151, 9.55, 145.00, 397, 405, 1, 8
2026-08-31T16:32:19.4821746+07:00,2026/08/31 16:32:19.515, NVIDIA GeForce RTX 5060, 591.86, P8, 30, 1, 962, 8151, 9.58, 145.00, 427, 405, 1, 8
2026-08-31T16:32:24.5318716+07:00,2026/08/31 16:32:24.565, NVIDIA GeForce RTX 5060, 591.86, P8, 30, 1, 962, 8151, 9.56, 145.00, 397, 405, 1, 8
2026-08-31T16:32:29.6306783+07:00,2026/08/31 16:32:29.664, NVIDIA GeForce RTX 5060, 591.86, P8, 30, 1, 968, 8151, 9.64, 145.00, 390, 405, 1, 8
2026-08-31T16:32:34.6806428+07:00,2026/08/31 16:32:34.715, NVIDIA GeForce RTX 5060, 591.86, P8, 30, 1, 968, 8151, 9.71, 145.00, 420, 405, 1, 8
2026-08-31T16:32:39.7300350+07:00,2026/08/31 16:32:39.764, NVIDIA GeForce RTX 5060, 591.86, P8, 30, 1, 968, 8151, 9.62, 145.00, 412, 405, 1, 8
2026-08-31T16:32:44.7798736+07:00,2026/08/31 16:32:44.813, NVIDIA GeForce RTX 5060, 591.86, P8, 30, 1, 968, 8151, 9.65, 145.00, 390, 405, 1, 8
2026-08-31T16:32:49.8304901+07:00,2026/08/31 16:32:49.863, NVIDIA GeForce RTX 5060, 591.86, P8, 30, 1, 937, 8151, 9.68, 145.00, 397, 405, 1, 8
2026-08-31T16:32:54.8789731+07:00,2026/08/31 16:32:54.912, NVIDIA GeForce RTX 5060, 591.86, P8, 30, 1, 938, 8151, 9.69, 145.00, 397, 405, 1, 8
2026-08-31T16:32:59.9632829+07:00,2026/08/31 16:32:59.996, NVIDIA GeForce RTX 5060, 591.86, P8, 30, 1, 937, 8151, 9.67, 145.00, 405, 405, 1, 8
2026-08-31T16:33:04.9971048+07:00,2026/08/31 16:33:05.028, NVIDIA GeForce RTX 5060, 591.86, P8, 30, 1, 937, 8151, 9.60, 145.00, 412, 405, 1, 8
2026-08-31T16:33:10.0451779+07:00,2026/08/31 16:33:10.078, NVIDIA GeForce RTX 5060, 591.86, P8, 30, 1, 937, 8151, 9.66, 145.00, 412, 405, 1, 8
2026-08-31T16:33:15.0958530+07:00,2026/08/31 16:33:15.129, NVIDIA GeForce RTX 5060, 591.86, P8, 30, 1, 937, 8151, 9.56, 145.00, 420, 405, 1, 8
2026-08-31T16:33:20.1455329+07:00,2026/08/31 16:33:20.179, NVIDIA GeForce RTX 5060, 591.86, P8, 30, 1, 937, 8151, 9.66, 145.00, 427, 405, 1, 8
2026-08-31T16:33:25.1805596+07:00,2026/08/31 16:33:25.212, NVIDIA GeForce RTX 5060, 591.86, P8, 30, 1, 937, 8151, 9.53, 145.00, 390, 405, 1, 8
2026-08-31T16:33:30.2608037+07:00,2026/08/31 16:33:30.294, NVIDIA GeForce RTX 5060, 591.86, P8, 30, 1, 937, 8151, 9.53, 145.00, 442, 405, 1, 8
2026-08-31T16:33:35.3114550+07:00,2026/08/31 16:33:35.342, NVIDIA GeForce RTX 5060, 591.86, P8, 30, 1, 937, 8151, 9.55, 145.00, 375, 405, 1, 8
2026-08-31T16:33:40.3611838+07:00,2026/08/31 16:33:40.411, NVIDIA GeForce RTX 5060, 591.86, P8, 30, 1, 937, 8151, 9.57, 145.00, 397, 405, 1, 8
2026-08-31T16:33:45.4275411+07:00,2026/08/31 16:33:45.460, NVIDIA GeForce RTX 5060, 591.86, P8, 30, 1, 937, 8151, 9.56, 145.00, 405, 405, 1, 8
2026-08-31T16:33:50.4629228+07:00,2026/08/31 16:33:50.494, NVIDIA GeForce RTX 5060, 591.86, P8, 30, 1, 937, 8151, 9.67, 145.00, 435, 405, 1, 8
2026-08-31T16:33:55.4951564+07:00,2026/08/31 16:33:55.527, NVIDIA GeForce RTX 5060, 591.86, P8, 30, 1, 937, 8151, 9.66, 145.00, 420, 405, 1, 8
2026-08-31T16:34:00.5924120+07:00,2026/08/31 16:34:00.626, NVIDIA GeForce RTX 5060, 591.86, P8, 30, 1, 937, 8151, 9.72, 145.00, 420, 405, 1, 8
2026-08-31T16:34:05.6422386+07:00,2026/08/31 16:34:05.676, NVIDIA GeForce RTX 5060, 591.86, P8, 30, 1, 938, 8151, 9.70, 145.00, 450, 405, 1, 8
2026-08-31T16:34:10.6920814+07:00,2026/08/31 16:34:10.725, NVIDIA GeForce RTX 5060, 591.86, P8, 30, 1, 937, 8151, 9.72, 145.00, 390, 405, 1, 8
2026-08-31T16:34:15.7426710+07:00,2026/08/31 16:34:15.774, NVIDIA GeForce RTX 5060, 591.86, P8, 30, 1, 936, 8151, 9.63, 145.00, 390, 405, 1, 8
2026-08-31T16:34:20.7912955+07:00,2026/08/31 16:34:20.824, NVIDIA GeForce RTX 5060, 591.86, P8, 30, 1, 936, 8151, 9.55, 145.00, 405, 405, 1, 8
2026-08-31T16:34:25.8400526+07:00,2026/08/31 16:34:25.874, NVIDIA GeForce RTX 5060, 591.86, P8, 30, 1, 936, 8151, 9.57, 145.00, 390, 405, 1, 8
2026-08-31T16:34:30.9251549+07:00,2026/08/31 16:34:30.955, NVIDIA GeForce RTX 5060, 591.86, P8, 30, 1, 936, 8151, 9.81, 145.00, 405, 405, 1, 8
2026-08-31T16:34:35.9740663+07:00,2026/08/31 16:34:36.005, NVIDIA GeForce RTX 5060, 591.86, P8, 30, 1, 936, 8151, 9.81, 145.00, 412, 405, 1, 8
2026-08-31T16:34:41.0227253+07:00,2026/08/31 16:34:41.053, NVIDIA GeForce RTX 5060, 591.86, P8, 30, 1, 936, 8151, 9.64, 145.00, 390, 405, 1, 8
2026-08-31T16:34:46.0729653+07:00,2026/08/31 16:34:46.103, NVIDIA GeForce RTX 5060, 591.86, P8, 30, 1, 936, 8151, 9.65, 145.00, 397, 405, 1, 8
2026-08-31T16:34:51.1245347+07:00,2026/08/31 16:34:51.154, NVIDIA GeForce RTX 5060, 591.86, P8, 30, 1, 936, 8151, 9.64, 145.00, 450, 405, 1, 8
2026-08-31T16:34:56.1728430+07:00,2026/08/31 16:34:56.207, NVIDIA GeForce RTX 5060, 591.86, P8, 30, 1, 936, 8151, 9.49, 145.00, 397, 405, 1, 8
2026-08-31T16:35:01.2561581+07:00,2026/08/31 16:35:01.290, NVIDIA GeForce RTX 5060, 591.86, P8, 30, 1, 936, 8151, 9.53, 145.00, 412, 405, 1, 8
2026-08-31T16:35:06.3064505+07:00,2026/08/31 16:35:06.339, NVIDIA GeForce RTX 5060, 591.86, P8, 30, 1, 936, 8151, 9.53, 145.00, 405, 405, 1, 8
2026-08-31T16:35:11.3537305+07:00,2026/08/31 16:35:11.388, NVIDIA GeForce RTX 5060, 591.86, P8, 30, 1, 936, 8151, 9.60, 145.00, 420, 405, 1, 8
2026-08-31T16:35:16.4046970+07:00,2026/08/31 16:35:16.435, NVIDIA GeForce RTX 5060, 591.86, P8, 30, 1, 936, 8151, 9.73, 145.00, 420, 405, 1, 8
2026-08-31T16:35:21.4549858+07:00,2026/08/31 16:35:21.488, NVIDIA GeForce RTX 5060, 591.86, P8, 30, 1, 931, 8151, 9.62, 145.00, 367, 405, 1, 8
2026-08-31T16:35:26.5045423+07:00,2026/08/31 16:35:26.538, NVIDIA GeForce RTX 5060, 591.86, P8, 30, 1, 931, 8151, 9.37, 145.00, 382, 405, 1, 8
2026-08-31T16:35:31.6043618+07:00,2026/08/31 16:35:31.638, NVIDIA GeForce RTX 5060, 591.86, P8, 30, 0, 931, 8151, 9.47, 145.00, 390, 405, 1, 8
2026-08-31T16:35:36.6513029+07:00,2026/08/31 16:35:36.687, NVIDIA GeForce RTX 5060, 591.86, P8, 30, 1, 936, 8151, 9.62, 145.00, 405, 405, 1, 8
2026-08-31T16:35:41.7046588+07:00,2026/08/31 16:35:41.737, NVIDIA GeForce RTX 5060, 591.86, P8, 30, 1, 936, 8151, 9.62, 145.00, 382, 405, 1, 8
2026-08-31T16:35:46.7507494+07:00,2026/08/31 16:35:46.786, NVIDIA GeForce RTX 5060, 591.86, P8, 30, 1, 936, 8151, 9.58, 145.00, 420, 405, 1, 8
2026-08-31T16:35:51.8034701+07:00,2026/08/31 16:35:51.836, NVIDIA GeForce RTX 5060, 591.86, P8, 30, 1, 938, 8151, 9.59, 145.00, 427, 405, 1, 8
2026-08-31T16:35:56.8538374+07:00,2026/08/31 16:35:56.887, NVIDIA GeForce RTX 5060, 591.86, P8, 30, 1, 942, 8151, 9.49, 145.00, 390, 405, 1, 8
2026-08-31T16:36:01.9407419+07:00,2026/08/31 16:36:01.970, NVIDIA GeForce RTX 5060, 591.86, P8, 30, 1, 939, 8151, 9.48, 145.00, 397, 405, 1, 8
2026-08-31T16:36:06.9856047+07:00,2026/08/31 16:36:07.019, NVIDIA GeForce RTX 5060, 591.86, P8, 30, 1, 939, 8151, 9.46, 145.00, 382, 405, 1, 8
2026-08-31T16:36:12.0363561+07:00,2026/08/31 16:36:12.068, NVIDIA GeForce RTX 5060, 591.86, P8, 30, 1, 939, 8151, 9.40, 145.00, 375, 405, 1, 8
2026-08-31T16:36:17.0869939+07:00,2026/08/31 16:36:17.120, NVIDIA GeForce RTX 5060, 591.86, P8, 30, 1, 939, 8151, 9.34, 145.00, 397, 405, 1, 8
2026-08-31T16:36:22.1349978+07:00,2026/08/31 16:36:22.169, NVIDIA GeForce RTX 5060, 591.86, P8, 30, 1, 939, 8151, 9.47, 145.00, 360, 405, 1, 8
2026-08-31T16:36:27.1849866+07:00,2026/08/31 16:36:27.218, NVIDIA GeForce RTX 5060, 591.86, P8, 30, 0, 933, 8151, 9.29, 145.00, 390, 405, 1, 8
2026-08-31T16:36:32.2680478+07:00,2026/08/31 16:36:32.301, NVIDIA GeForce RTX 5060, 591.86, P8, 30, 1, 934, 8151, 9.45, 145.00, 390, 405, 1, 8
2026-08-31T16:36:37.3173396+07:00,2026/08/31 16:36:37.350, NVIDIA GeForce RTX 5060, 591.86, P8, 30, 1, 934, 8151, 9.30, 145.00, 382, 405, 1, 8
2026-08-31T16:36:42.3672549+07:00,2026/08/31 16:36:42.400, NVIDIA GeForce RTX 5060, 591.86, P8, 30, 1, 934, 8151, 9.41, 145.00, 382, 405, 1, 8
2026-08-31T16:36:47.4171427+07:00,2026/08/31 16:36:47.450, NVIDIA GeForce RTX 5060, 591.86, P8, 30, 1, 934, 8151, 9.55, 145.00, 405, 405, 1, 8
2026-08-31T16:36:52.4665960+07:00,2026/08/31 16:36:52.499, NVIDIA GeForce RTX 5060, 591.86, P8, 30, 1, 934, 8151, 9.61, 145.00, 397, 405, 1, 8
2026-08-31T16:36:57.5162505+07:00,2026/08/31 16:36:57.550, NVIDIA GeForce RTX 5060, 591.86, P8, 30, 1, 938, 8151, 9.40, 145.00, 360, 405, 1, 8
2026-08-31T16:37:02.5844209+07:00,2026/08/31 16:37:02.617, NVIDIA GeForce RTX 5060, 591.86, P8, 30, 0, 938, 8151, 9.51, 145.00, 390, 405, 1, 8
2026-08-31T16:37:07.6333809+07:00,2026/08/31 16:37:07.666, NVIDIA GeForce RTX 5060, 591.86, P8, 30, 1, 934, 8151, 9.40, 145.00, 375, 405, 1, 8
2026-08-31T16:37:12.6824488+07:00,2026/08/31 16:37:12.717, NVIDIA GeForce RTX 5060, 591.86, P8, 30, 1, 934, 8151, 9.36, 145.00, 367, 405, 1, 8
2026-08-31T16:37:17.7328598+07:00,2026/08/31 16:37:17.764, NVIDIA GeForce RTX 5060, 591.86, P8, 30, 1, 939, 8151, 9.40, 145.00, 397, 405, 1, 8
2026-08-31T16:37:22.7816939+07:00,2026/08/31 16:37:22.815, NVIDIA GeForce RTX 5060, 591.86, P8, 30, 1, 939, 8151, 9.40, 145.00, 405, 405, 1, 8
2026-08-31T16:37:27.8316535+07:00,2026/08/31 16:37:27.865, NVIDIA GeForce RTX 5060, 591.86, P8, 30, 1, 939, 8151, 9.49, 145.00, 382, 405, 1, 8
2026-08-31T16:37:32.9310905+07:00,2026/08/31 16:37:32.964, NVIDIA GeForce RTX 5060, 591.86, P8, 30, 0, 939, 8151, 9.54, 145.00, 382, 405, 1, 8
2026-08-31T16:37:37.9825807+07:00,2026/08/31 16:37:38.015, NVIDIA GeForce RTX 5060, 591.86, P8, 30, 1, 939, 8151, 9.53, 145.00, 405, 405, 1, 8
2026-08-31T16:37:43.0305247+07:00,2026/08/31 16:37:43.064, NVIDIA GeForce RTX 5060, 591.86, P8, 30, 1, 939, 8151, 9.67, 145.00, 390, 405, 1, 8
2026-08-31T16:37:48.0819823+07:00,2026/08/31 16:37:48.114, NVIDIA GeForce RTX 5060, 591.86, P8, 30, 1, 939, 8151, 9.60, 145.00, 397, 405, 1, 8
2026-08-31T16:37:53.1310354+07:00,2026/08/31 16:37:53.161, NVIDIA GeForce RTX 5060, 591.86, P8, 30, 1, 939, 8151, 9.53, 145.00, 375, 405, 1, 8
2026-08-31T16:37:58.1666303+07:00,2026/08/31 16:37:58.198, NVIDIA GeForce RTX 5060, 591.86, P8, 30, 1, 939, 8151, 9.55, 145.00, 435, 405, 1, 8
2026-08-31T16:38:03.2622376+07:00,2026/08/31 16:38:03.296, NVIDIA GeForce RTX 5060, 591.86, P8, 30, 1, 939, 8151, 9.64, 145.00, 375, 405, 1, 8
2026-08-31T16:38:08.3134789+07:00,2026/08/31 16:38:08.346, NVIDIA GeForce RTX 5060, 591.86, P0, 31, 2, 979, 8151, 15.75, 145.00, 2550, 14201, 4, 8
2026-08-31T16:38:13.3624777+07:00,2026/08/31 16:38:13.395, NVIDIA GeForce RTX 5060, 591.86, P5, 31, 0, 1039, 8151, 14.85, 145.00, 630, 810, 2, 8
2026-08-31T16:38:18.4129406+07:00,2026/08/31 16:38:18.446, NVIDIA GeForce RTX 5060, 591.86, P5, 31, 0, 970, 8151, 14.15, 145.00, 607, 810, 2, 8
2026-08-31T16:38:23.4618476+07:00,2026/08/31 16:38:23.496, NVIDIA GeForce RTX 5060, 591.86, P8, 30, 0, 964, 8151, 9.79, 145.00, 382, 405, 1, 8
2026-08-31T16:38:28.4979605+07:00,2026/08/31 16:38:28.528, NVIDIA GeForce RTX 5060, 591.86, P8, 30, 1, 964, 8151, 9.82, 145.00, 382, 405, 1, 8
2026-08-31T16:38:33.5644318+07:00,2026/08/31 16:38:33.594, NVIDIA GeForce RTX 5060, 591.86, P8, 30, 1, 964, 8151, 9.69, 145.00, 390, 405, 1, 8
2026-08-31T16:38:38.6111889+07:00,2026/08/31 16:38:38.645, NVIDIA GeForce RTX 5060, 591.86, P8, 30, 1, 964, 8151, 9.66, 145.00, 375, 405, 1, 8
2026-08-31T16:38:43.6616514+07:00,2026/08/31 16:38:43.692, NVIDIA GeForce RTX 5060, 591.86, P8, 30, 1, 947, 8151, 9.88, 145.00, 412, 405, 1, 8
2026-08-31T16:38:48.7109669+07:00,2026/08/31 16:38:48.744, NVIDIA GeForce RTX 5060, 591.86, P8, 30, 0, 947, 8151, 9.68, 145.00, 397, 405, 1, 8
2026-08-31T16:38:53.7610119+07:00,2026/08/31 16:38:53.795, NVIDIA GeForce RTX 5060, 591.86, P8, 30, 1, 947, 8151, 9.75, 145.00, 412, 405, 1, 8
2026-08-31T16:38:58.8108841+07:00,2026/08/31 16:38:58.842, NVIDIA GeForce RTX 5060, 591.86, P8, 30, 1, 947, 8151, 9.60, 145.00, 390, 405, 1, 8
2026-08-31T16:39:03.8927932+07:00,2026/08/31 16:39:03.926, NVIDIA GeForce RTX 5060, 591.86, P8, 30, 1, 946, 8151, 9.72, 145.00, 382, 405, 1, 8
2026-08-31T16:39:08.9435882+07:00,2026/08/31 16:39:08.990, NVIDIA GeForce RTX 5060, 591.86, P8, 30, 0, 946, 8151, 9.69, 145.00, 405, 405, 1, 8
2026-08-31T16:39:14.0089853+07:00,2026/08/31 16:39:14.040, NVIDIA GeForce RTX 5060, 591.86, P3, 31, 0, 946, 8151, 19.42, 145.00, 862, 7001, 4, 8
2026-08-31T16:39:19.0567032+07:00,2026/08/31 16:39:19.086, NVIDIA GeForce RTX 5060, 591.86, P0, 32, 1, 1018, 8151, 18.55, 145.00, 2565, 14201, 4, 8
2026-08-31T16:39:24.0927343+07:00,2026/08/31 16:39:24.126, NVIDIA GeForce RTX 5060, 591.86, P5, 31, 3, 950, 8151, 13.81, 145.00, 585, 810, 2, 8
2026-08-31T16:39:29.1357839+07:00,2026/08/31 16:39:29.183, NVIDIA GeForce RTX 5060, 591.86, P8, 30, 1, 944, 8151, 10.53, 145.00, 585, 405, 4, 8
2026-08-31T16:39:34.2412102+07:00,2026/08/31 16:39:34.291, NVIDIA GeForce RTX 5060, 591.86, P5, 31, 1, 950, 8151, 11.97, 145.00, 592, 810, 1, 8
2026-08-31T16:39:39.3087455+07:00,2026/08/31 16:39:39.342, NVIDIA GeForce RTX 5060, 591.86, P8, 30, 0, 881, 8151, 10.34, 145.00, 405, 405, 1, 8
2026-08-31T16:39:44.3578241+07:00,2026/08/31 16:39:44.391, NVIDIA GeForce RTX 5060, 591.86, P0, 32, 0, 889, 8151, 23.30, 145.00, 2542, 14201, 4, 8
2026-08-31T16:39:49.4080304+07:00,2026/08/31 16:39:49.441, NVIDIA GeForce RTX 5060, 591.86, P1, 41, 100, 1300, 8151, 46.53, 145.00, 2790, 14001, 4, 8
2026-08-31T16:39:54.4478285+07:00,2026/08/31 16:39:54.480, NVIDIA GeForce RTX 5060, 591.86, P1, 52, 100, 1316, 8151, 145.06, 145.00, 2752, 14001, 4, 8
2026-08-31T16:39:59.4922578+07:00,2026/08/31 16:39:59.525, NVIDIA GeForce RTX 5060, 591.86, P1, 52, 100, 1303, 8151, 145.35, 145.00, 2730, 14001, 4, 8
2026-08-31T16:40:04.5895878+07:00,2026/08/31 16:40:04.640, NVIDIA GeForce RTX 5060, 591.86, P0, 38, 1, 1018, 8151, 32.01, 145.00, 2947, 14201, 4, 8
2026-08-31T16:40:09.6556802+07:00,2026/08/31 16:40:09.706, NVIDIA GeForce RTX 5060, 591.86, P3, 36, 1, 1008, 8151, 15.82, 145.00, 742, 7001, 4, 8
2026-08-31T16:40:14.7257320+07:00,2026/08/31 16:40:14.751, NVIDIA GeForce RTX 5060, 591.86, P8, 35, 3, 1013, 8151, 11.14, 145.00, 787, 405, 1, 8
2026-08-31T16:40:19.7718273+07:00,2026/08/31 16:40:19.822, NVIDIA GeForce RTX 5060, 591.86, P8, 35, 1, 1015, 8151, 12.80, 145.00, 532, 405, 1, 8
2026-08-31T16:40:24.8307793+07:00,2026/08/31 16:40:24.871, NVIDIA GeForce RTX 5060, 591.86, P8, 35, 2, 1089, 8151, 12.19, 145.00, 967, 405, 1, 8
2026-08-31T16:40:29.8902553+07:00,2026/08/31 16:40:29.922, NVIDIA GeForce RTX 5060, 591.86, P5, 34, 3, 951, 8151, 14.21, 145.00, 975, 810, 2, 8
2026-08-31T16:40:34.9738965+07:00,2026/08/31 16:40:35.004, NVIDIA GeForce RTX 5060, 591.86, P5, 34, 3, 965, 8151, 13.68, 145.00, 585, 810, 2, 8
2026-08-31T16:40:40.0213946+07:00,2026/08/31 16:40:40.055, NVIDIA GeForce RTX 5060, 591.86, P8, 34, 0, 963, 8151, 10.91, 145.00, 442, 405, 1, 8
2026-08-31T16:40:45.0718213+07:00,2026/08/31 16:40:45.121, NVIDIA GeForce RTX 5060, 591.86, P8, 34, 1, 961, 8151, 9.89, 145.00, 420, 405, 1, 8
2026-08-31T16:40:50.1376949+07:00,2026/08/31 16:40:50.170, NVIDIA GeForce RTX 5060, 591.86, P8, 33, 1, 961, 8151, 10.03, 145.00, 435, 405, 1, 8
2026-08-31T16:40:55.1866429+07:00,2026/08/31 16:40:55.220, NVIDIA GeForce RTX 5060, 591.86, P8, 33, 1, 961, 8151, 10.10, 145.00, 405, 405, 1, 8
2026-08-31T16:41:00.2377575+07:00,2026/08/31 16:41:00.269, NVIDIA GeForce RTX 5060, 591.86, P8, 33, 0, 1025, 8151, 10.52, 145.00, 427, 405, 1, 8
2026-08-31T16:41:05.3371339+07:00,2026/08/31 16:41:05.371, NVIDIA GeForce RTX 5060, 591.86, P8, 33, 2, 1032, 8151, 11.41, 145.00, 585, 405, 1, 8
2026-08-31T16:41:10.3819939+07:00,2026/08/31 16:41:10.414, NVIDIA GeForce RTX 5060, 591.86, P8, 33, 2, 1038, 8151, 11.08, 145.00, 517, 405, 1, 8
2026-08-31T16:41:15.4368839+07:00,2026/08/31 16:41:15.468, NVIDIA GeForce RTX 5060, 591.86, P0, 34, 1, 1023, 8151, 23.98, 145.00, 2565, 14201, 4, 8
2026-08-31T16:41:20.4780496+07:00,2026/08/31 16:41:20.508, NVIDIA GeForce RTX 5060, 591.86, P8, 33, 1, 1037, 8151, 10.45, 145.00, 532, 405, 1, 8
2026-08-31T16:41:25.5259741+07:00,2026/08/31 16:41:25.557, NVIDIA GeForce RTX 5060, 591.86, P8, 33, 1, 1015, 8151, 9.49, 145.00, 397, 405, 1, 8
2026-08-31T16:41:30.5660235+07:00,2026/08/31 16:41:30.597, NVIDIA GeForce RTX 5060, 591.86, P8, 32, 1, 987, 8151, 9.48, 145.00, 405, 405, 1, 8
2026-08-31T16:41:35.6681819+07:00,2026/08/31 16:41:35.701, NVIDIA GeForce RTX 5060, 591.86, P8, 32, 1, 996, 8151, 9.55, 145.00, 397, 405, 1, 8
2026-08-31T16:41:40.7196986+07:00,2026/08/31 16:41:40.752, NVIDIA GeForce RTX 5060, 591.86, P8, 32, 1, 996, 8151, 9.50, 145.00, 375, 405, 1, 8
2026-08-31T16:41:45.7531245+07:00,2026/08/31 16:41:45.784, NVIDIA GeForce RTX 5060, 591.86, P8, 32, 1, 984, 8151, 9.36, 145.00, 375, 405, 1, 8
2026-08-31T16:41:50.8007348+07:00,2026/08/31 16:41:50.834, NVIDIA GeForce RTX 5060, 591.86, P3, 32, 0, 984, 8151, 13.75, 145.00, 555, 7001, 2, 8
2026-08-31T16:41:55.8513714+07:00,2026/08/31 16:41:55.885, NVIDIA GeForce RTX 5060, 591.86, P3, 32, 0, 985, 8151, 13.47, 145.00, 510, 7001, 4, 8
2026-08-31T16:42:00.8860601+07:00,2026/08/31 16:42:00.917, NVIDIA GeForce RTX 5060, 591.86, P8, 32, 1, 983, 8151, 9.70, 145.00, 397, 405, 1, 8
2026-08-31T16:42:05.9841876+07:00,2026/08/31 16:42:06.017, NVIDIA GeForce RTX 5060, 591.86, P8, 32, 1, 983, 8151, 9.63, 145.00, 397, 405, 1, 8
2026-08-31T16:42:11.0325267+07:00,2026/08/31 16:42:11.066, NVIDIA GeForce RTX 5060, 591.86, P8, 32, 1, 1010, 8151, 9.47, 145.00, 420, 405, 1, 8
2026-08-31T16:42:16.0820716+07:00,2026/08/31 16:42:16.117, NVIDIA GeForce RTX 5060, 591.86, P8, 32, 1, 985, 8151, 9.55, 145.00, 390, 405, 1, 8
2026-08-31T16:42:21.1335071+07:00,2026/08/31 16:42:21.166, NVIDIA GeForce RTX 5060, 591.86, P8, 32, 1, 985, 8151, 9.51, 145.00, 420, 405, 1, 8
2026-08-31T16:42:26.1852881+07:00,2026/08/31 16:42:26.215, NVIDIA GeForce RTX 5060, 591.86, P8, 32, 1, 985, 8151, 9.40, 145.00, 397, 405, 1, 8
2026-08-31T16:42:31.2317223+07:00,2026/08/31 16:42:31.266, NVIDIA GeForce RTX 5060, 591.86, P8, 32, 1, 982, 8151, 9.38, 145.00, 397, 405, 1, 8
2026-08-31T16:42:36.3160022+07:00,2026/08/31 16:42:36.349, NVIDIA GeForce RTX 5060, 591.86, P8, 31, 1, 982, 8151, 9.32, 145.00, 390, 405, 1, 8
2026-08-31T16:42:41.3648469+07:00,2026/08/31 16:42:41.399, NVIDIA GeForce RTX 5060, 591.86, P8, 31, 0, 982, 8151, 9.14, 145.00, 367, 405, 1, 8
2026-08-31T16:42:46.4155970+07:00,2026/08/31 16:42:46.449, NVIDIA GeForce RTX 5060, 591.86, P8, 31, 0, 996, 8151, 9.16, 145.00, 307, 405, 1, 8
2026-08-31T16:42:51.4643882+07:00,2026/08/31 16:42:51.498, NVIDIA GeForce RTX 5060, 591.86, P8, 31, 1, 993, 8151, 8.99, 145.00, 255, 405, 1, 8
2026-08-31T16:42:56.5134886+07:00,2026/08/31 16:42:56.544, NVIDIA GeForce RTX 5060, 591.86, P8, 31, 0, 992, 8151, 8.50, 145.00, 210, 405, 1, 8
2026-08-31T16:43:01.5480356+07:00,2026/08/31 16:43:01.580, NVIDIA GeForce RTX 5060, 591.86, P8, 31, 0, 988, 8151, 8.58, 145.00, 232, 405, 1, 8
2026-08-31T16:43:06.6427410+07:00,2026/08/31 16:43:06.677, NVIDIA GeForce RTX 5060, 591.86, P5, 31, 0, 993, 8151, 9.56, 145.00, 487, 810, 2, 8
2026-08-31T16:43:11.6781489+07:00,2026/08/31 16:43:11.709, NVIDIA GeForce RTX 5060, 591.86, P8, 31, 3, 994, 8151, 9.18, 145.00, 367, 405, 1, 8
2026-08-31T16:43:16.7292016+07:00,2026/08/31 16:43:16.780, NVIDIA GeForce RTX 5060, 591.86, P8, 31, 0, 994, 8151, 8.25, 145.00, 232, 405, 1, 8
2026-08-31T16:43:21.7888234+07:00,2026/08/31 16:43:21.840, NVIDIA GeForce RTX 5060, 591.86, P3, 31, 0, 994, 8151, 13.82, 145.00, 420, 7001, 2, 8
2026-08-31T16:43:26.8468328+07:00,2026/08/31 16:43:26.879, NVIDIA GeForce RTX 5060, 591.86, P8, 31, 2, 998, 8151, 10.01, 145.00, 457, 405, 1, 8
2026-08-31T16:43:31.9010121+07:00,2026/08/31 16:43:31.932, NVIDIA GeForce RTX 5060, 591.86, P8, 31, 0, 994, 8151, 9.31, 145.00, 352, 405, 1, 8
2026-08-31T16:43:36.9916665+07:00,2026/08/31 16:43:37.027, NVIDIA GeForce RTX 5060, 591.86, P5, 31, 1, 1002, 8151, 11.97, 145.00, 465, 810, 2, 8
2026-08-31T16:43:42.0392231+07:00,2026/08/31 16:43:42.086, NVIDIA GeForce RTX 5060, 591.86, P8, 31, 0, 1002, 8151, 8.58, 145.00, 345, 405, 1, 8
2026-08-31T16:43:47.0998787+07:00,2026/08/31 16:43:47.146, NVIDIA GeForce RTX 5060, 591.86, P8, 31, 1, 1002, 8151, 8.44, 145.00, 300, 405, 1, 8
2026-08-31T16:43:52.1537981+07:00,2026/08/31 16:43:52.201, NVIDIA GeForce RTX 5060, 591.86, P8, 31, 0, 1002, 8151, 8.55, 145.00, 255, 405, 1, 8
2026-08-31T16:43:57.2058563+07:00,2026/08/31 16:43:57.244, NVIDIA GeForce RTX 5060, 591.86, P8, 31, 0, 1015, 8151, 9.15, 145.00, 225, 405, 1, 8
2026-08-31T16:44:02.2510633+07:00,2026/08/31 16:44:02.297, NVIDIA GeForce RTX 5060, 591.86, P5, 31, 0, 1002, 8151, 12.64, 145.00, 427, 810, 2, 8
2026-08-31T16:44:07.3300468+07:00,2026/08/31 16:44:07.376, NVIDIA GeForce RTX 5060, 591.86, P8, 31, 0, 1004, 8151, 8.88, 145.00, 330, 405, 1, 8
2026-08-31T16:44:12.3883973+07:00,2026/08/31 16:44:12.435, NVIDIA GeForce RTX 5060, 591.86, P8, 31, 0, 1006, 8151, 8.75, 145.00, 232, 405, 1, 8
2026-08-31T16:44:17.4435490+07:00,2026/08/31 16:44:17.474, NVIDIA GeForce RTX 5060, 591.86, P8, 31, 0, 1006, 8151, 8.53, 145.00, 390, 405, 1, 8
2026-08-31T16:44:22.4771124+07:00,2026/08/31 16:44:22.523, NVIDIA GeForce RTX 5060, 591.86, P8, 31, 0, 1006, 8151, 8.57, 145.00, 210, 405, 1, 8
2026-08-31T16:44:27.5278721+07:00,2026/08/31 16:44:27.574, NVIDIA GeForce RTX 5060, 591.86, P0, 32, 0, 1032, 8151, 14.76, 145.00, 2550, 14201, 4, 8
2026-08-31T16:44:32.5894489+07:00,2026/08/31 16:44:32.620, NVIDIA GeForce RTX 5060, 591.86, P8, 31, 0, 1028, 8151, 8.85, 145.00, 277, 405, 1, 8
2026-08-31T16:44:37.6722511+07:00,2026/08/31 16:44:37.719, NVIDIA GeForce RTX 5060, 591.86, P8, 31, 0, 1028, 8151, 8.47, 145.00, 255, 405, 1, 8
2026-08-31T16:44:42.7280204+07:00,2026/08/31 16:44:42.774, NVIDIA GeForce RTX 5060, 591.86, P8, 30, 0, 1029, 8151, 8.39, 145.00, 210, 405, 1, 8
2026-08-31T16:44:47.7825234+07:00,2026/08/31 16:44:47.829, NVIDIA GeForce RTX 5060, 591.86, P8, 30, 0, 1029, 8151, 8.35, 145.00, 232, 405, 1, 8
2026-08-31T16:44:52.8366710+07:00,2026/08/31 16:44:52.892, NVIDIA GeForce RTX 5060, 591.86, P8, 31, 1, 1029, 8151, 8.93, 145.00, 472, 405, 1, 8
2026-08-31T16:44:57.8933438+07:00,2026/08/31 16:44:57.925, NVIDIA GeForce RTX 5060, 591.86, P8, 30, 3, 1028, 8151, 8.51, 145.00, 285, 405, 1, 8
2026-08-31T16:45:02.9322945+07:00,2026/08/31 16:45:02.963, NVIDIA GeForce RTX 5060, 591.86, P3, 31, 0, 1026, 8151, 17.89, 145.00, 502, 7001, 2, 8
2026-08-31T16:45:08.0197718+07:00,2026/08/31 16:45:08.057, NVIDIA GeForce RTX 5060, 591.86, P8, 30, 0, 1024, 8151, 8.52, 145.00, 307, 405, 1, 8
2026-08-31T16:45:13.0689520+07:00,2026/08/31 16:45:13.100, NVIDIA GeForce RTX 5060, 591.86, P8, 31, 2, 1037, 8151, 10.83, 145.00, 562, 405, 1, 8
2026-08-31T16:45:18.1100107+07:00,2026/08/31 16:45:18.140, NVIDIA GeForce RTX 5060, 591.86, P8, 30, 1, 1031, 8151, 9.74, 145.00, 427, 405, 1, 8
2026-08-31T16:45:23.1508354+07:00,2026/08/31 16:45:23.189, NVIDIA GeForce RTX 5060, 591.86, P8, 30, 1, 1025, 8151, 9.38, 145.00, 390, 405, 1, 8
2026-08-31T16:45:28.2012773+07:00,2026/08/31 16:45:28.231, NVIDIA GeForce RTX 5060, 591.86, P8, 30, 1, 1021, 8151, 9.61, 145.00, 397, 405, 1, 8
2026-08-31T16:45:33.2517260+07:00,2026/08/31 16:45:33.283, NVIDIA GeForce RTX 5060, 591.86, P0, 32, 0, 1024, 8151, 22.93, 145.00, 2542, 14201, 4, 8
2026-08-31T16:45:38.3397567+07:00,2026/08/31 16:45:38.372, NVIDIA GeForce RTX 5060, 591.86, P8, 31, 1, 1024, 8151, 11.26, 145.00, 397, 405, 1, 8
2026-08-31T16:45:43.3900436+07:00,2026/08/31 16:45:43.424, NVIDIA GeForce RTX 5060, 591.86, P0, 31, 10, 1028, 8151, 11.90, 145.00, 1170, 14201, 4, 8
2026-08-31T16:45:48.4390830+07:00,2026/08/31 16:45:48.472, NVIDIA GeForce RTX 5060, 591.86, P8, 31, 1, 1024, 8151, 9.65, 145.00, 367, 405, 1, 8
2026-08-31T16:45:53.4870120+07:00,2026/08/31 16:45:53.521, NVIDIA GeForce RTX 5060, 591.86, P8, 31, 1, 1017, 8151, 9.61, 145.00, 420, 405, 1, 8
2026-08-31T16:45:58.5334647+07:00,2026/08/31 16:45:58.564, NVIDIA GeForce RTX 5060, 591.86, P8, 30, 1, 1017, 8151, 9.56, 145.00, 375, 405, 1, 8
2026-08-31T16:46:03.5838097+07:00,2026/08/31 16:46:03.620, NVIDIA GeForce RTX 5060, 591.86, P8, 30, 1, 1017, 8151, 9.76, 145.00, 397, 405, 1, 8
2026-08-31T16:46:08.6740439+07:00,2026/08/31 16:46:08.703, NVIDIA GeForce RTX 5060, 591.86, P8, 30, 0, 1017, 8151, 9.45, 145.00, 375, 405, 1, 8
2026-08-31T16:46:13.7210323+07:00,2026/08/31 16:46:13.754, NVIDIA GeForce RTX 5060, 591.86, P8, 30, 1, 1019, 8151, 9.44, 145.00, 390, 405, 1, 8
2026-08-31T16:46:18.7624473+07:00,2026/08/31 16:46:18.803, NVIDIA GeForce RTX 5060, 591.86, P8, 30, 1, 1019, 8151, 9.34, 145.00, 360, 405, 1, 8
2026-08-31T16:46:23.8129065+07:00,2026/08/31 16:46:23.852, NVIDIA GeForce RTX 5060, 591.86, P8, 30, 1, 1027, 8151, 9.39, 145.00, 397, 405, 1, 8
2026-08-31T16:46:28.8653740+07:00,2026/08/31 16:46:28.903, NVIDIA GeForce RTX 5060, 591.86, P8, 30, 0, 1019, 8151, 9.30, 145.00, 375, 405, 1, 8
2026-08-31T16:46:33.9142079+07:00,2026/08/31 16:46:33.943, NVIDIA GeForce RTX 5060, 591.86, P8, 30, 0, 1019, 8151, 8.83, 145.00, 262, 405, 1, 8
2026-08-31T16:46:38.9991753+07:00,2026/08/31 16:46:39.035, NVIDIA GeForce RTX 5060, 591.86, P8, 30, 0, 1024, 8151, 8.37, 145.00, 210, 405, 1, 8
2026-08-31T16:46:44.0438781+07:00,2026/08/31 16:46:44.067, NVIDIA GeForce RTX 5060, 591.86, P0, 32, 0, 1024, 8151, 22.41, 145.00, 2542, 14201, 4, 8
2026-08-31T16:46:49.0691881+07:00,2026/08/31 16:46:49.093, NVIDIA GeForce RTX 5060, 591.86, P0, 31, 0, 1010, 8151, 15.20, 145.00, 2557, 14201, 4, 8
2026-08-31T16:46:54.1017058+07:00,2026/08/31 16:46:54.125, NVIDIA GeForce RTX 5060, 591.86, P5, 31, 8, 1006, 8151, 12.44, 145.00, 855, 810, 2, 8
2026-08-31T16:46:59.1381196+07:00,2026/08/31 16:46:59.169, NVIDIA GeForce RTX 5060, 591.86, P3, 31, 0, 1031, 8151, 17.69, 145.00, 487, 7001, 4, 8
2026-08-31T16:47:04.1701156+07:00,2026/08/31 16:47:04.201, NVIDIA GeForce RTX 5060, 591.86, P8, 30, 0, 1031, 8151, 8.40, 145.00, 270, 405, 1, 8
2026-08-31T16:47:09.2516415+07:00,2026/08/31 16:47:09.282, NVIDIA GeForce RTX 5060, 591.86, P5, 31, 1, 1029, 8151, 12.75, 145.00, 585, 810, 2, 8
2026-08-31T16:47:14.2930024+07:00,2026/08/31 16:47:14.324, NVIDIA GeForce RTX 5060, 591.86, P8, 30, 0, 1029, 8151, 9.14, 145.00, 210, 405, 1, 8
2026-08-31T16:47:19.3339327+07:00,2026/08/31 16:47:19.364, NVIDIA GeForce RTX 5060, 591.86, P8, 30, 1, 1017, 8151, 9.12, 145.00, 330, 405, 1, 8
2026-08-31T16:47:24.3812815+07:00,2026/08/31 16:47:24.432, NVIDIA GeForce RTX 5060, 591.86, P8, 30, 1, 1034, 8151, 9.52, 145.00, 420, 405, 1, 8
2026-08-31T16:47:29.4497346+07:00,2026/08/31 16:47:29.499, NVIDIA GeForce RTX 5060, 591.86, P8, 30, 0, 1010, 8151, 9.13, 145.00, 315, 405, 1, 8
2026-08-31T16:47:34.5160255+07:00,2026/08/31 16:47:34.565, NVIDIA GeForce RTX 5060, 591.86, P8, 30, 0, 1004, 8151, 9.03, 145.00, 322, 405, 1, 8
2026-08-31T16:47:39.6499162+07:00,2026/08/31 16:47:39.698, NVIDIA GeForce RTX 5060, 591.86, P8, 30, 0, 1004, 8151, 9.00, 145.00, 307, 405, 1, 8
2026-08-31T16:47:44.7163028+07:00,2026/08/31 16:47:44.749, NVIDIA GeForce RTX 5060, 591.86, P8, 30, 0, 996, 8151, 8.98, 145.00, 315, 405, 1, 8
2026-08-31T16:47:49.7649870+07:00,2026/08/31 16:47:49.799, NVIDIA GeForce RTX 5060, 591.86, P8, 30, 0, 996, 8151, 8.99, 145.00, 315, 405, 1, 8
2026-08-31T16:47:54.8115888+07:00,2026/08/31 16:47:54.849, NVIDIA GeForce RTX 5060, 591.86, P8, 30, 0, 996, 8151, 8.99, 145.00, 307, 405, 1, 8
2026-08-31T16:47:59.8665057+07:00,2026/08/31 16:47:59.915, NVIDIA GeForce RTX 5060, 591.86, P5, 31, 9, 998, 8151, 11.64, 145.00, 675, 810, 2, 8
2026-08-31T16:48:04.9318976+07:00,2026/08/31 16:48:04.963, NVIDIA GeForce RTX 5060, 591.86, P8, 30, 0, 994, 8151, 8.93, 145.00, 300, 405, 1, 8
2026-08-31T16:48:10.0139506+07:00,2026/08/31 16:48:10.047, NVIDIA GeForce RTX 5060, 591.86, P8, 30, 0, 1018, 8151, 9.08, 145.00, 315, 405, 1, 8
2026-08-31T16:48:15.0636767+07:00,2026/08/31 16:48:15.098, NVIDIA GeForce RTX 5060, 591.86, P8, 30, 0, 994, 8151, 8.91, 145.00, 292, 405, 1, 8
2026-08-31T16:48:20.1133683+07:00,2026/08/31 16:48:20.145, NVIDIA GeForce RTX 5060, 591.86, P8, 30, 0, 994, 8151, 9.05, 145.00, 315, 405, 1, 8
2026-08-31T16:48:25.1630227+07:00,2026/08/31 16:48:25.195, NVIDIA GeForce RTX 5060, 591.86, P8, 30, 0, 1004, 8151, 8.92, 145.00, 307, 405, 1, 8
2026-08-31T16:48:30.2128346+07:00,2026/08/31 16:48:30.246, NVIDIA GeForce RTX 5060, 591.86, P8, 30, 0, 982, 8151, 8.93, 145.00, 322, 405, 1, 8
2026-08-31T16:48:35.2529174+07:00,2026/08/31 16:48:35.280, NVIDIA GeForce RTX 5060, 591.86, P8, 30, 0, 983, 8151, 8.94, 145.00, 322, 405, 1, 8
2026-08-31T16:48:40.3272530+07:00,2026/08/31 16:48:40.362, NVIDIA GeForce RTX 5060, 591.86, P8, 30, 0, 983, 8151, 8.99, 145.00, 322, 405, 1, 8
2026-08-31T16:48:45.3791920+07:00,2026/08/31 16:48:45.411, NVIDIA GeForce RTX 5060, 591.86, P8, 30, 0, 983, 8151, 8.96, 145.00, 315, 405, 1, 8
2026-08-31T16:48:50.4276453+07:00,2026/08/31 16:48:50.461, NVIDIA GeForce RTX 5060, 591.86, P8, 30, 0, 983, 8151, 8.78, 145.00, 300, 405, 1, 8
2026-08-31T16:48:55.4780174+07:00,2026/08/31 16:48:55.511, NVIDIA GeForce RTX 5060, 591.86, P8, 30, 0, 983, 8151, 8.86, 145.00, 292, 405, 1, 8
2026-08-31T16:49:00.5271627+07:00,2026/08/31 16:49:00.561, NVIDIA GeForce RTX 5060, 591.86, P8, 30, 1, 983, 8151, 9.00, 145.00, 322, 405, 1, 8
2026-08-31T16:49:05.5778478+07:00,2026/08/31 16:49:05.611, NVIDIA GeForce RTX 5060, 591.86, P8, 30, 0, 983, 8151, 8.94, 145.00, 322, 405, 1, 8
2026-08-31T16:49:10.6600017+07:00,2026/08/31 16:49:10.693, NVIDIA GeForce RTX 5060, 591.86, P8, 30, 0, 1009, 8151, 9.10, 145.00, 330, 405, 1, 8
2026-08-31T16:49:15.7104556+07:00,2026/08/31 16:49:15.743, NVIDIA GeForce RTX 5060, 591.86, P8, 30, 0, 985, 8151, 8.96, 145.00, 315, 405, 1, 8
2026-08-31T16:49:20.7586203+07:00,2026/08/31 16:49:20.794, NVIDIA GeForce RTX 5060, 591.86, P8, 30, 0, 985, 8151, 9.09, 145.00, 322, 405, 1, 8
2026-08-31T16:49:25.8101465+07:00,2026/08/31 16:49:25.843, NVIDIA GeForce RTX 5060, 591.86, P8, 30, 0, 985, 8151, 8.99, 145.00, 307, 405, 1, 8
2026-08-31T16:49:30.8579075+07:00,2026/08/31 16:49:30.892, NVIDIA GeForce RTX 5060, 591.86, P8, 30, 0, 985, 8151, 8.91, 145.00, 322, 405, 1, 8
2026-08-31T16:49:35.9098220+07:00,2026/08/31 16:49:35.942, NVIDIA GeForce RTX 5060, 591.86, P8, 30, 0, 985, 8151, 9.00, 145.00, 315, 405, 1, 8
2026-08-31T16:49:40.9936152+07:00,2026/08/31 16:49:41.025, NVIDIA GeForce RTX 5060, 591.86, P8, 30, 0, 983, 8151, 9.01, 145.00, 292, 405, 1, 8
2026-08-31T16:49:46.0420127+07:00,2026/08/31 16:49:46.074, NVIDIA GeForce RTX 5060, 591.86, P8, 30, 0, 983, 8151, 8.98, 145.00, 300, 405, 1, 8
2026-08-31T16:49:51.0916681+07:00,2026/08/31 16:49:51.124, NVIDIA GeForce RTX 5060, 591.86, P8, 30, 0, 983, 8151, 8.97, 145.00, 300, 405, 1, 8
2026-08-31T16:49:56.1419746+07:00,2026/08/31 16:49:56.174, NVIDIA GeForce RTX 5060, 591.86, P8, 30, 1, 985, 8151, 9.22, 145.00, 367, 405, 1, 8
2026-08-31T16:50:01.1911147+07:00,2026/08/31 16:50:01.223, NVIDIA GeForce RTX 5060, 591.86, P8, 30, 0, 985, 8151, 8.99, 145.00, 322, 405, 1, 8
2026-08-31T16:50:06.2406233+07:00,2026/08/31 16:50:06.274, NVIDIA GeForce RTX 5060, 591.86, P8, 30, 0, 985, 8151, 9.00, 145.00, 315, 405, 1, 8
2026-08-31T16:50:11.3240710+07:00,2026/08/31 16:50:11.356, NVIDIA GeForce RTX 5060, 591.86, P8, 30, 1, 978, 8151, 8.92, 145.00, 322, 405, 1, 8
2026-08-31T16:50:16.3742656+07:00,2026/08/31 16:50:16.407, NVIDIA GeForce RTX 5060, 591.86, P8, 30, 0, 965, 8151, 9.03, 145.00, 315, 405, 1, 8
2026-08-31T16:50:21.4228254+07:00,2026/08/31 16:50:21.456, NVIDIA GeForce RTX 5060, 591.86, P8, 30, 0, 965, 8151, 9.05, 145.00, 315, 405, 1, 8
2026-08-31T16:50:26.4737278+07:00,2026/08/31 16:50:26.507, NVIDIA GeForce RTX 5060, 591.86, P8, 30, 0, 965, 8151, 9.06, 145.00, 292, 405, 1, 8
2026-08-31T16:50:31.5222347+07:00,2026/08/31 16:50:31.555, NVIDIA GeForce RTX 5060, 591.86, P8, 30, 0, 965, 8151, 8.99, 145.00, 300, 405, 1, 8
2026-08-31T16:50:36.5731274+07:00,2026/08/31 16:50:36.606, NVIDIA GeForce RTX 5060, 591.86, P8, 30, 0, 965, 8151, 8.94, 145.00, 300, 405, 1, 8
2026-08-31T16:50:41.6556228+07:00,2026/08/31 16:50:41.689, NVIDIA GeForce RTX 5060, 591.86, P8, 30, 0, 963, 8151, 9.01, 145.00, 300, 405, 1, 8
2026-08-31T16:50:46.7053268+07:00,2026/08/31 16:50:46.738, NVIDIA GeForce RTX 5060, 591.86, P8, 30, 0, 963, 8151, 8.89, 145.00, 322, 405, 1, 8
2026-08-31T16:50:51.7550020+07:00,2026/08/31 16:50:51.787, NVIDIA GeForce RTX 5060, 591.86, P8, 30, 0, 963, 8151, 9.00, 145.00, 315, 405, 1, 8
2026-08-31T16:50:56.8054282+07:00,2026/08/31 16:50:56.838, NVIDIA GeForce RTX 5060, 591.86, P8, 30, 0, 963, 8151, 8.99, 145.00, 300, 405, 1, 8
2026-08-31T16:51:01.8546004+07:00,2026/08/31 16:51:01.887, NVIDIA GeForce RTX 5060, 591.86, P8, 30, 0, 963, 8151, 9.10, 145.00, 300, 405, 1, 8
2026-08-31T16:51:06.9050208+07:00,2026/08/31 16:51:06.938, NVIDIA GeForce RTX 5060, 591.86, P8, 30, 0, 963, 8151, 8.98, 145.00, 315, 405, 1, 8
2026-08-31T16:51:11.9874508+07:00,2026/08/31 16:51:12.020, NVIDIA GeForce RTX 5060, 591.86, P8, 30, 0, 965, 8151, 9.12, 145.00, 315, 405, 1, 8
2026-08-31T16:51:17.0376864+07:00,2026/08/31 16:51:17.070, NVIDIA GeForce RTX 5060, 591.86, P8, 30, 0, 965, 8151, 9.06, 145.00, 375, 405, 1, 8
2026-08-31T16:51:22.0878001+07:00,2026/08/31 16:51:22.119, NVIDIA GeForce RTX 5060, 591.86, P8, 30, 0, 959, 8151, 9.14, 145.00, 322, 405, 1, 8
2026-08-31T16:51:27.1367187+07:00,2026/08/31 16:51:27.170, NVIDIA GeForce RTX 5060, 591.86, P8, 30, 0, 959, 8151, 8.96, 145.00, 315, 405, 1, 8
2026-08-31T16:51:32.1862886+07:00,2026/08/31 16:51:32.218, NVIDIA GeForce RTX 5060, 591.86, P8, 30, 0, 959, 8151, 9.08, 145.00, 307, 405, 1, 8
2026-08-31T16:51:37.2367088+07:00,2026/08/31 16:51:37.269, NVIDIA GeForce RTX 5060, 591.86, P8, 30, 0, 959, 8151, 9.10, 145.00, 307, 405, 1, 8
2026-08-31T16:51:42.3186785+07:00,2026/08/31 16:51:42.351, NVIDIA GeForce RTX 5060, 591.86, P8, 30, 0, 957, 8151, 9.03, 145.00, 300, 405, 1, 8
2026-08-31T16:51:47.3692715+07:00,2026/08/31 16:51:47.402, NVIDIA GeForce RTX 5060, 591.86, P8, 30, 0, 957, 8151, 9.11, 145.00, 292, 405, 1, 8
2026-08-31T16:51:52.4185499+07:00,2026/08/31 16:51:52.451, NVIDIA GeForce RTX 5060, 591.86, P8, 30, 0, 957, 8151, 9.16, 145.00, 300, 405, 1, 8
2026-08-31T16:51:57.4688142+07:00,2026/08/31 16:51:57.501, NVIDIA GeForce RTX 5060, 591.86, P8, 30, 0, 957, 8151, 9.11, 145.00, 292, 405, 1, 8
2026-08-31T16:52:02.5174741+07:00,2026/08/31 16:52:02.551, NVIDIA GeForce RTX 5060, 591.86, P8, 30, 0, 957, 8151, 9.11, 145.00, 315, 405, 1, 8
2026-08-31T16:52:07.5689129+07:00,2026/08/31 16:52:07.601, NVIDIA GeForce RTX 5060, 591.86, P8, 30, 0, 957, 8151, 9.19, 145.00, 315, 405, 1, 8
2026-08-31T16:52:12.6526169+07:00,2026/08/31 16:52:12.682, NVIDIA GeForce RTX 5060, 591.86, P8, 30, 0, 959, 8151, 9.23, 145.00, 300, 405, 1, 8
2026-08-31T16:52:17.7003472+07:00,2026/08/31 16:52:17.734, NVIDIA GeForce RTX 5060, 591.86, P8, 30, 0, 959, 8151, 9.07, 145.00, 315, 405, 1, 8
2026-08-31T16:52:22.7507278+07:00,2026/08/31 16:52:22.783, NVIDIA GeForce RTX 5060, 591.86, P8, 30, 0, 959, 8151, 9.11, 145.00, 307, 405, 1, 8
2026-08-31T16:52:27.8001792+07:00,2026/08/31 16:52:27.833, NVIDIA GeForce RTX 5060, 591.86, P8, 30, 0, 959, 8151, 9.20, 145.00, 300, 405, 1, 8
2026-08-31T16:52:32.8497641+07:00,2026/08/31 16:52:32.881, NVIDIA GeForce RTX 5060, 591.86, P8, 30, 0, 960, 8151, 9.16, 145.00, 300, 405, 1, 8
2026-08-31T16:52:37.9000786+07:00,2026/08/31 16:52:37.933, NVIDIA GeForce RTX 5060, 591.86, P8, 30, 0, 959, 8151, 9.04, 145.00, 292, 405, 1, 8
2026-08-31T16:52:42.9838352+07:00,2026/08/31 16:52:43.015, NVIDIA GeForce RTX 5060, 591.86, P8, 30, 0, 957, 8151, 9.21, 145.00, 300, 405, 1, 8
2026-08-31T16:52:48.0323434+07:00,2026/08/31 16:52:48.065, NVIDIA GeForce RTX 5060, 591.86, P8, 30, 0, 957, 8151, 9.08, 145.00, 300, 405, 1, 8
2026-08-31T16:52:53.0819865+07:00,2026/08/31 16:52:53.113, NVIDIA GeForce RTX 5060, 591.86, P8, 30, 0, 957, 8151, 9.23, 145.00, 300, 405, 1, 8
2026-08-31T16:52:58.1318987+07:00,2026/08/31 16:52:58.167, NVIDIA GeForce RTX 5060, 591.86, P8, 30, 1, 998, 8151, 9.44, 145.00, 292, 405, 1, 8
2026-08-31T16:53:03.1825213+07:00,2026/08/31 16:53:03.215, NVIDIA GeForce RTX 5060, 591.86, P8, 30, 7, 1003, 8151, 10.16, 145.00, 442, 405, 1, 8
2026-08-31T16:53:08.2322698+07:00,2026/08/31 16:53:08.265, NVIDIA GeForce RTX 5060, 591.86, P8, 30, 0, 1029, 8151, 10.09, 145.00, 397, 405, 1, 8
2026-08-31T16:53:13.3310033+07:00,2026/08/31 16:53:13.363, NVIDIA GeForce RTX 5060, 591.86, P8, 30, 0, 1013, 8151, 9.50, 145.00, 412, 405, 1, 8
2026-08-31T16:53:18.3820464+07:00,2026/08/31 16:53:18.413, NVIDIA GeForce RTX 5060, 591.86, P5, 31, 16, 1035, 8151, 11.37, 145.00, 982, 810, 2, 8
2026-08-31T16:53:23.4162298+07:00,2026/08/31 16:53:23.448, NVIDIA GeForce RTX 5060, 591.86, P0, 31, 2, 1043, 8151, 23.78, 145.00, 2550, 14201, 4, 8
2026-08-31T16:53:28.4659082+07:00,2026/08/31 16:53:28.498, NVIDIA GeForce RTX 5060, 591.86, P8, 30, 3, 1024, 8151, 11.12, 145.00, 427, 405, 1, 8
2026-08-31T16:53:33.5142837+07:00,2026/08/31 16:53:33.546, NVIDIA GeForce RTX 5060, 591.86, P8, 30, 1, 1050, 8151, 10.88, 145.00, 607, 405, 1, 8
2026-08-31T16:53:38.5639285+07:00,2026/08/31 16:53:38.596, NVIDIA GeForce RTX 5060, 591.86, P5, 31, 9, 1054, 8151, 11.27, 145.00, 915, 810, 2, 8
2026-08-31T16:53:43.6372089+07:00,2026/08/31 16:53:43.668, NVIDIA GeForce RTX 5060, 591.86, P0, 31, 0, 1002, 8151, 22.56, 145.00, 2520, 14201, 4, 8
2026-08-31T16:53:48.6766080+07:00,2026/08/31 16:53:48.707, NVIDIA GeForce RTX 5060, 591.86, P8, 30, 1, 1007, 8151, 8.78, 145.00, 210, 405, 1, 8
2026-08-31T16:53:53.7103177+07:00,2026/08/31 16:53:53.742, NVIDIA GeForce RTX 5060, 591.86, P8, 30, 0, 997, 8151, 8.56, 145.00, 232, 405, 1, 8
2026-08-31T16:53:58.7462863+07:00,2026/08/31 16:53:58.778, NVIDIA GeForce RTX 5060, 591.86, P8, 30, 0, 991, 8151, 8.53, 145.00, 232, 405, 1, 8
2026-08-31T16:54:03.7859679+07:00,2026/08/31 16:54:03.817, NVIDIA GeForce RTX 5060, 591.86, P8, 30, 0, 989, 8151, 8.75, 145.00, 210, 405, 1, 8
2026-08-31T16:54:08.8254323+07:00,2026/08/31 16:54:08.856, NVIDIA GeForce RTX 5060, 591.86, P8, 30, 0, 991, 8151, 8.54, 145.00, 255, 405, 1, 8
2026-08-31T16:54:13.9013396+07:00,2026/08/31 16:54:13.925, NVIDIA GeForce RTX 5060, 591.86, P0, 31, 0, 946, 8151, 11.65, 145.00, 750, 14201, 4, 8
2026-08-31T16:54:18.9439995+07:00,2026/08/31 16:54:18.982, NVIDIA GeForce RTX 5060, 591.86, P5, 30, 0, 964, 8151, 11.24, 145.00, 262, 810, 2, 8
2026-08-31T16:54:24.0031984+07:00,2026/08/31 16:54:24.034, NVIDIA GeForce RTX 5060, 591.86, P8, 30, 0, 978, 8151, 8.40, 145.00, 232, 405, 1, 8
2026-08-31T16:54:29.0446280+07:00,2026/08/31 16:54:29.078, NVIDIA GeForce RTX 5060, 591.86, P8, 30, 0, 971, 8151, 8.51, 145.00, 240, 405, 1, 8
2026-08-31T16:54:34.0938946+07:00,2026/08/31 16:54:34.127, NVIDIA GeForce RTX 5060, 591.86, P8, 30, 0, 970, 8151, 8.43, 145.00, 232, 405, 1, 8
2026-08-31T16:54:39.1356515+07:00,2026/08/31 16:54:39.167, NVIDIA GeForce RTX 5060, 591.86, P8, 30, 0, 957, 8151, 8.44, 145.00, 210, 405, 1, 8
2026-08-31T16:54:44.2095892+07:00,2026/08/31 16:54:44.240, NVIDIA GeForce RTX 5060, 591.86, P8, 30, 0, 956, 8151, 8.45, 145.00, 232, 405, 1, 8
2026-08-31T16:54:49.2500650+07:00,2026/08/31 16:54:49.281, NVIDIA GeForce RTX 5060, 591.86, P8, 30, 0, 956, 8151, 8.39, 145.00, 210, 405, 1, 8
2026-08-31T16:54:54.2910778+07:00,2026/08/31 16:54:54.322, NVIDIA GeForce RTX 5060, 591.86, P8, 30, 0, 956, 8151, 8.36, 145.00, 232, 405, 1, 8
2026-08-31T16:54:59.3309094+07:00,2026/08/31 16:54:59.362, NVIDIA GeForce RTX 5060, 591.86, P8, 30, 0, 956, 8151, 8.46, 145.00, 210, 405, 1, 8
2026-08-31T16:55:04.3725922+07:00,2026/08/31 16:55:04.404, NVIDIA GeForce RTX 5060, 591.86, P8, 30, 0, 956, 8151, 8.39, 145.00, 232, 405, 1, 8
2026-08-31T16:55:09.4064870+07:00,2026/08/31 16:55:09.437, NVIDIA GeForce RTX 5060, 591.86, P8, 30, 0, 982, 8151, 8.38, 145.00, 210, 405, 1, 8
2026-08-31T16:55:14.4709862+07:00,2026/08/31 16:55:14.502, NVIDIA GeForce RTX 5060, 591.86, P8, 30, 0, 958, 8151, 8.41, 145.00, 210, 405, 1, 8
2026-08-31T16:55:19.5121860+07:00,2026/08/31 16:55:19.543, NVIDIA GeForce RTX 5060, 591.86, P8, 30, 0, 958, 8151, 8.51, 145.00, 232, 405, 1, 8
2026-08-31T16:55:24.5535217+07:00,2026/08/31 16:55:24.584, NVIDIA GeForce RTX 5060, 591.86, P8, 30, 0, 958, 8151, 8.50, 145.00, 210, 405, 1, 8
2026-08-31T16:55:29.5935691+07:00,2026/08/31 16:55:29.624, NVIDIA GeForce RTX 5060, 591.86, P8, 30, 0, 958, 8151, 8.52, 145.00, 232, 405, 1, 8
2026-08-31T16:55:34.6348074+07:00,2026/08/31 16:55:34.666, NVIDIA GeForce RTX 5060, 591.86, P8, 30, 0, 958, 8151, 8.50, 145.00, 210, 405, 1, 8
2026-08-31T16:55:39.6736189+07:00,2026/08/31 16:55:39.705, NVIDIA GeForce RTX 5060, 591.86, P8, 30, 0, 958, 8151, 8.43, 145.00, 232, 405, 1, 8
2026-08-31T16:55:44.7479563+07:00,2026/08/31 16:55:44.779, NVIDIA GeForce RTX 5060, 591.86, P8, 30, 0, 956, 8151, 8.41, 145.00, 210, 405, 1, 8
2026-08-31T16:55:49.7881965+07:00,2026/08/31 16:55:49.819, NVIDIA GeForce RTX 5060, 591.86, P8, 30, 0, 956, 8151, 8.26, 145.00, 202, 405, 1, 8
2026-08-31T16:55:54.8310060+07:00,2026/08/31 16:55:54.862, NVIDIA GeForce RTX 5060, 591.86, P8, 30, 0, 956, 8151, 8.27, 145.00, 232, 405, 1, 8
2026-08-31T16:55:59.8768767+07:00,2026/08/31 16:55:59.908, NVIDIA GeForce RTX 5060, 591.86, P8, 30, 0, 957, 8151, 8.30, 145.00, 210, 405, 1, 8
2026-08-31T16:56:04.9127176+07:00,2026/08/31 16:56:04.943, NVIDIA GeForce RTX 5060, 591.86, P8, 30, 0, 955, 8151, 8.34, 145.00, 232, 405, 1, 8
2026-08-31T16:56:09.9581439+07:00,2026/08/31 16:56:09.989, NVIDIA GeForce RTX 5060, 591.86, P8, 30, 0, 981, 8151, 8.44, 145.00, 210, 405, 1, 8
2026-08-31T16:56:15.0422606+07:00,2026/08/31 16:56:15.077, NVIDIA GeForce RTX 5060, 591.86, P8, 30, 0, 957, 8151, 8.39, 145.00, 232, 405, 1, 8
2026-08-31T16:56:20.0889509+07:00,2026/08/31 16:56:20.121, NVIDIA GeForce RTX 5060, 591.86, P8, 30, 0, 957, 8151, 8.51, 145.00, 232, 405, 1, 8
2026-08-31T16:56:25.1388590+07:00,2026/08/31 16:56:25.170, NVIDIA GeForce RTX 5060, 591.86, P8, 30, 0, 957, 8151, 8.51, 145.00, 232, 405, 1, 8
2026-08-31T16:56:30.1865105+07:00,2026/08/31 16:56:30.218, NVIDIA GeForce RTX 5060, 591.86, P8, 30, 0, 957, 8151, 8.56, 145.00, 210, 405, 1, 8
2026-08-31T16:56:35.2367692+07:00,2026/08/31 16:56:35.268, NVIDIA GeForce RTX 5060, 591.86, P8, 30, 0, 957, 8151, 8.44, 145.00, 232, 405, 1, 8
2026-08-31T16:56:40.2856323+07:00,2026/08/31 16:56:40.316, NVIDIA GeForce RTX 5060, 591.86, P8, 30, 0, 957, 8151, 8.55, 145.00, 210, 405, 1, 8
2026-08-31T16:56:45.3673545+07:00,2026/08/31 16:56:45.407, NVIDIA GeForce RTX 5060, 591.86, P8, 30, 0, 955, 8151, 8.48, 145.00, 232, 405, 1, 8
2026-08-31T16:56:50.4208775+07:00,2026/08/31 16:56:50.452, NVIDIA GeForce RTX 5060, 591.86, P8, 29, 0, 955, 8151, 8.39, 145.00, 210, 405, 1, 8
2026-08-31T16:56:55.4673793+07:00,2026/08/31 16:56:55.498, NVIDIA GeForce RTX 5060, 591.86, P8, 29, 0, 955, 8151, 8.45, 145.00, 210, 405, 1, 8
2026-08-31T16:57:00.5033509+07:00,2026/08/31 16:57:00.534, NVIDIA GeForce RTX 5060, 591.86, P8, 29, 0, 955, 8151, 8.36, 145.00, 232, 405, 1, 8
2026-08-31T16:57:05.5438584+07:00,2026/08/31 16:57:05.575, NVIDIA GeForce RTX 5060, 591.86, P8, 29, 0, 955, 8151, 8.36, 145.00, 210, 405, 1, 8
2026-08-31T16:57:10.5771092+07:00,2026/08/31 16:57:10.608, NVIDIA GeForce RTX 5060, 591.86, P8, 29, 0, 981, 8151, 8.39, 145.00, 232, 405, 1, 8
2026-08-31T16:57:15.6625712+07:00,2026/08/31 16:57:15.694, NVIDIA GeForce RTX 5060, 591.86, P8, 29, 0, 957, 8151, 8.35, 145.00, 210, 405, 1, 8
2026-08-31T16:57:20.6986997+07:00,2026/08/31 16:57:20.729, NVIDIA GeForce RTX 5060, 591.86, P8, 29, 0, 957, 8151, 8.38, 145.00, 232, 405, 1, 8
2026-08-31T16:57:25.7323008+07:00,2026/08/31 16:57:25.763, NVIDIA GeForce RTX 5060, 591.86, P8, 29, 0, 957, 8151, 8.30, 145.00, 210, 405, 1, 8
2026-08-31T16:57:30.7789341+07:00,2026/08/31 16:57:30.810, NVIDIA GeForce RTX 5060, 591.86, P8, 29, 0, 957, 8151, 8.38, 145.00, 210, 405, 1, 8
2026-08-31T16:57:35.8182997+07:00,2026/08/31 16:57:35.849, NVIDIA GeForce RTX 5060, 591.86, P8, 29, 0, 957, 8151, 8.36, 145.00, 232, 405, 1, 8
2026-08-31T16:57:40.8632990+07:00,2026/08/31 16:57:40.895, NVIDIA GeForce RTX 5060, 591.86, P8, 29, 0, 955, 8151, 8.35, 145.00, 225, 405, 1, 8
2026-08-31T16:57:45.9280670+07:00,2026/08/31 16:57:45.958, NVIDIA GeForce RTX 5060, 591.86, P8, 29, 0, 955, 8151, 8.35, 145.00, 225, 405, 1, 8
2026-08-31T16:57:50.9766015+07:00,2026/08/31 16:57:51.007, NVIDIA GeForce RTX 5060, 591.86, P8, 29, 0, 955, 8151, 8.31, 145.00, 210, 405, 1, 8
2026-08-31T16:57:56.0103561+07:00,2026/08/31 16:57:56.050, NVIDIA GeForce RTX 5060, 591.86, P8, 29, 0, 955, 8151, 8.38, 145.00, 225, 405, 1, 8
2026-08-31T16:58:01.0648966+07:00,2026/08/31 16:58:01.096, NVIDIA GeForce RTX 5060, 591.86, P8, 29, 0, 955, 8151, 8.48, 145.00, 217, 405, 1, 8
2026-08-31T16:58:06.0983251+07:00,2026/08/31 16:58:06.131, NVIDIA GeForce RTX 5060, 591.86, P8, 29, 0, 955, 8151, 8.34, 145.00, 210, 405, 1, 8
2026-08-31T16:58:11.1452485+07:00,2026/08/31 16:58:11.176, NVIDIA GeForce RTX 5060, 591.86, P8, 29, 0, 981, 8151, 8.48, 145.00, 232, 405, 1, 8
2026-08-31T16:58:16.2146023+07:00,2026/08/31 16:58:16.245, NVIDIA GeForce RTX 5060, 591.86, P8, 29, 0, 957, 8151, 8.43, 145.00, 210, 405, 1, 8
2026-08-31T16:58:21.2551089+07:00,2026/08/31 16:58:21.286, NVIDIA GeForce RTX 5060, 591.86, P8, 29, 0, 957, 8151, 8.46, 145.00, 232, 405, 1, 8
2026-08-31T16:58:26.2963358+07:00,2026/08/31 16:58:26.327, NVIDIA GeForce RTX 5060, 591.86, P8, 29, 0, 957, 8151, 8.32, 145.00, 210, 405, 1, 8
2026-08-31T16:58:31.3362639+07:00,2026/08/31 16:58:31.367, NVIDIA GeForce RTX 5060, 591.86, P8, 29, 0, 957, 8151, 8.39, 145.00, 232, 405, 1, 8
2026-08-31T16:58:36.3731759+07:00,2026/08/31 16:58:36.404, NVIDIA GeForce RTX 5060, 591.86, P8, 29, 0, 957, 8151, 8.54, 145.00, 210, 405, 1, 8
2026-08-31T16:58:41.4192725+07:00,2026/08/31 16:58:41.450, NVIDIA GeForce RTX 5060, 591.86, P8, 29, 0, 955, 8151, 8.48, 145.00, 210, 405, 1, 8
2026-08-31T16:58:46.5105426+07:00,2026/08/31 16:58:46.541, NVIDIA GeForce RTX 5060, 591.86, P8, 29, 0, 955, 8151, 8.47, 145.00, 232, 405, 1, 8
2026-08-31T16:58:51.5449651+07:00,2026/08/31 16:58:51.576, NVIDIA GeForce RTX 5060, 591.86, P8, 29, 0, 955, 8151, 8.45, 145.00, 210, 405, 1, 8
2026-08-31T16:58:56.5887103+07:00,2026/08/31 16:58:56.619, NVIDIA GeForce RTX 5060, 591.86, P8, 29, 0, 955, 8151, 8.50, 145.00, 232, 405, 1, 8
2026-08-31T16:59:01.6353566+07:00,2026/08/31 16:59:01.666, NVIDIA GeForce RTX 5060, 591.86, P8, 29, 0, 955, 8151, 8.51, 145.00, 210, 405, 1, 8
2026-08-31T16:59:06.6813151+07:00,2026/08/31 16:59:06.713, NVIDIA GeForce RTX 5060, 591.86, P8, 29, 0, 955, 8151, 8.41, 145.00, 232, 405, 1, 8
2026-08-31T16:59:11.7224913+07:00,2026/08/31 16:59:11.753, NVIDIA GeForce RTX 5060, 591.86, P8, 29, 0, 957, 8151, 8.49, 145.00, 247, 405, 1, 8
2026-08-31T16:59:16.8043819+07:00,2026/08/31 16:59:16.835, NVIDIA GeForce RTX 5060, 591.86, P8, 29, 0, 957, 8151, 8.39, 145.00, 217, 405, 1, 8
2026-08-31T16:59:21.8416484+07:00,2026/08/31 16:59:21.872, NVIDIA GeForce RTX 5060, 591.86, P8, 29, 0, 957, 8151, 8.42, 145.00, 232, 405, 1, 8
2026-08-31T16:59:26.8934416+07:00,2026/08/31 16:59:26.924, NVIDIA GeForce RTX 5060, 591.86, P8, 29, 0, 957, 8151, 8.36, 145.00, 202, 405, 1, 8
2026-08-31T16:59:31.9260884+07:00,2026/08/31 16:59:31.961, NVIDIA GeForce RTX 5060, 591.86, P8, 29, 0, 957, 8151, 8.38, 145.00, 232, 405, 1, 8
2026-08-31T16:59:36.9744928+07:00,2026/08/31 16:59:37.006, NVIDIA GeForce RTX 5060, 591.86, P8, 29, 0, 957, 8151, 8.48, 145.00, 210, 405, 1, 8
2026-08-31T16:59:42.0107319+07:00,2026/08/31 16:59:42.044, NVIDIA GeForce RTX 5060, 591.86, P8, 29, 0, 955, 8151, 8.40, 145.00, 232, 405, 1, 8
2026-08-31T16:59:47.0852495+07:00,2026/08/31 16:59:47.132, NVIDIA GeForce RTX 5060, 591.86, P8, 29, 0, 955, 8151, 8.31, 145.00, 210, 405, 1, 8
2026-08-31T16:59:52.1428279+07:00,2026/08/31 16:59:52.174, NVIDIA GeForce RTX 5060, 591.86, P8, 29, 0, 955, 8151, 8.41, 145.00, 210, 405, 1, 8
2026-08-31T16:59:57.1830063+07:00,2026/08/31 16:59:57.214, NVIDIA GeForce RTX 5060, 591.86, P8, 29, 0, 955, 8151, 8.38, 145.00, 232, 405, 1, 8
2026-08-31T17:00:02.2244481+07:00,2026/08/31 17:00:02.255, NVIDIA GeForce RTX 5060, 591.86, P8, 29, 0, 955, 8151, 8.40, 145.00, 210, 405, 1, 8
2026-08-31T17:00:07.2699922+07:00,2026/08/31 17:00:07.301, NVIDIA GeForce RTX 5060, 591.86, P8, 29, 0, 955, 8151, 8.35, 145.00, 232, 405, 1, 8
2026-08-31T17:00:12.3062473+07:00,2026/08/31 17:00:12.337, NVIDIA GeForce RTX 5060, 591.86, P8, 29, 0, 957, 8151, 8.45, 145.00, 210, 405, 1, 8
2026-08-31T17:00:17.3823749+07:00,2026/08/31 17:00:17.413, NVIDIA GeForce RTX 5060, 591.86, P8, 29, 0, 957, 8151, 8.36, 145.00, 232, 405, 1, 8
2026-08-31T17:00:22.4209915+07:00,2026/08/31 17:00:22.452, NVIDIA GeForce RTX 5060, 591.86, P8, 29, 0, 957, 8151, 8.31, 145.00, 210, 405, 1, 8
2026-08-31T17:00:27.4644073+07:00,2026/08/31 17:00:27.496, NVIDIA GeForce RTX 5060, 591.86, P8, 29, 0, 957, 8151, 8.40, 145.00, 210, 405, 1, 8
2026-08-31T17:00:32.5021174+07:00,2026/08/31 17:00:32.533, NVIDIA GeForce RTX 5060, 591.86, P8, 29, 0, 957, 8151, 8.32, 145.00, 232, 405, 1, 8
2026-08-31T17:00:37.5459383+07:00,2026/08/31 17:00:37.577, NVIDIA GeForce RTX 5060, 591.86, P8, 29, 0, 957, 8151, 8.40, 145.00, 210, 405, 1, 8
2026-08-31T17:00:42.5842915+07:00,2026/08/31 17:00:42.615, NVIDIA GeForce RTX 5060, 591.86, P8, 29, 0, 955, 8151, 8.38, 145.00, 232, 405, 1, 8
2026-08-31T17:00:47.6552879+07:00,2026/08/31 17:00:47.686, NVIDIA GeForce RTX 5060, 591.86, P8, 29, 0, 955, 8151, 8.46, 145.00, 210, 405, 1, 8
2026-08-31T17:00:52.6974078+07:00,2026/08/31 17:00:52.728, NVIDIA GeForce RTX 5060, 591.86, P8, 29, 0, 955, 8151, 8.48, 145.00, 232, 405, 1, 8
2026-08-31T17:00:57.7373402+07:00,2026/08/31 17:00:57.768, NVIDIA GeForce RTX 5060, 591.86, P8, 29, 0, 955, 8151, 8.41, 145.00, 210, 405, 1, 8
2026-08-31T17:01:02.7802357+07:00,2026/08/31 17:01:02.811, NVIDIA GeForce RTX 5060, 591.86, P8, 29, 0, 955, 8151, 8.36, 145.00, 210, 405, 1, 8
2026-08-31T17:01:07.8184452+07:00,2026/08/31 17:01:07.849, NVIDIA GeForce RTX 5060, 591.86, P8, 29, 0, 955, 8151, 8.37, 145.00, 232, 405, 1, 8
2026-08-31T17:01:12.8612592+07:00,2026/08/31 17:01:12.892, NVIDIA GeForce RTX 5060, 591.86, P8, 29, 0, 957, 8151, 8.38, 145.00, 210, 405, 1, 8
2026-08-31T17:01:17.9340766+07:00,2026/08/31 17:01:17.972, NVIDIA GeForce RTX 5060, 591.86, P8, 29, 0, 957, 8151, 8.37, 145.00, 232, 405, 1, 8
2026-08-31T17:01:22.9747826+07:00,2026/08/31 17:01:23.006, NVIDIA GeForce RTX 5060, 591.86, P8, 29, 0, 957, 8151, 8.47, 145.00, 210, 405, 1, 8
2026-08-31T17:01:28.0147326+07:00,2026/08/31 17:01:28.055, NVIDIA GeForce RTX 5060, 591.86, P8, 29, 0, 957, 8151, 8.44, 145.00, 232, 405, 1, 8
2026-08-31T17:01:33.0589018+07:00,2026/08/31 17:01:33.090, NVIDIA GeForce RTX 5060, 591.86, P8, 29, 0, 957, 8151, 8.43, 145.00, 210, 405, 1, 8
2026-08-31T17:01:38.1048112+07:00,2026/08/31 17:01:38.137, NVIDIA GeForce RTX 5060, 591.86, P8, 29, 0, 957, 8151, 8.42, 145.00, 210, 405, 1, 8
2026-08-31T17:01:43.1383821+07:00,2026/08/31 17:01:43.169, NVIDIA GeForce RTX 5060, 591.86, P8, 29, 0, 955, 8151, 8.50, 145.00, 232, 405, 1, 8
2026-08-31T17:01:48.2034155+07:00,2026/08/31 17:01:48.234, NVIDIA GeForce RTX 5060, 591.86, P8, 29, 0, 955, 8151, 8.50, 145.00, 210, 405, 1, 8
2026-08-31T17:01:53.2411664+07:00,2026/08/31 17:01:53.272, NVIDIA GeForce RTX 5060, 591.86, P8, 29, 0, 955, 8151, 8.57, 145.00, 232, 405, 1, 8
2026-08-31T17:01:58.2848612+07:00,2026/08/31 17:01:58.316, NVIDIA GeForce RTX 5060, 591.86, P8, 29, 0, 955, 8151, 8.57, 145.00, 210, 405, 1, 8
2026-08-31T17:02:03.3173659+07:00,2026/08/31 17:02:03.349, NVIDIA GeForce RTX 5060, 591.86, P8, 29, 0, 955, 8151, 8.54, 145.00, 240, 405, 1, 8
2026-08-31T17:02:08.3523530+07:00,2026/08/31 17:02:08.383, NVIDIA GeForce RTX 5060, 591.86, P8, 29, 0, 955, 8151, 8.48, 145.00, 210, 405, 1, 8
2026-08-31T17:02:13.3872080+07:00,2026/08/31 17:02:13.418, NVIDIA GeForce RTX 5060, 591.86, P8, 29, 0, 957, 8151, 8.71, 145.00, 210, 405, 1, 8
2026-08-31T17:02:18.4653414+07:00,2026/08/31 17:02:18.496, NVIDIA GeForce RTX 5060, 591.86, P8, 29, 0, 957, 8151, 8.52, 145.00, 232, 405, 1, 8
2026-08-31T17:02:23.5078912+07:00,2026/08/31 17:02:23.539, NVIDIA GeForce RTX 5060, 591.86, P8, 29, 0, 957, 8151, 8.61, 145.00, 210, 405, 1, 8
2026-08-31T17:02:28.5478604+07:00,2026/08/31 17:02:28.579, NVIDIA GeForce RTX 5060, 591.86, P8, 29, 0, 957, 8151, 8.62, 145.00, 225, 405, 1, 8
2026-08-31T17:02:33.5852892+07:00,2026/08/31 17:02:33.616, NVIDIA GeForce RTX 5060, 591.86, P8, 29, 0, 957, 8151, 8.57, 145.00, 210, 405, 1, 8
2026-08-31T17:02:38.6299123+07:00,2026/08/31 17:02:38.661, NVIDIA GeForce RTX 5060, 591.86, P8, 29, 0, 957, 8151, 8.53, 145.00, 232, 405, 1, 8
2026-08-31T17:02:43.6739796+07:00,2026/08/31 17:02:43.705, NVIDIA GeForce RTX 5060, 591.86, P8, 29, 0, 955, 8151, 8.84, 145.00, 232, 405, 1, 8
2026-08-31T17:02:48.7432496+07:00,2026/08/31 17:02:48.774, NVIDIA GeForce RTX 5060, 591.86, P8, 29, 0, 955, 8151, 8.69, 145.00, 210, 405, 1, 8
2026-08-31T17:02:53.7748326+07:00,2026/08/31 17:02:53.806, NVIDIA GeForce RTX 5060, 591.86, P8, 29, 0, 955, 8151, 8.57, 145.00, 232, 405, 1, 8
2026-08-31T17:02:58.8096361+07:00,2026/08/31 17:02:58.840, NVIDIA GeForce RTX 5060, 591.86, P8, 29, 0, 955, 8151, 8.55, 145.00, 210, 405, 1, 8
2026-08-31T17:03:03.8479847+07:00,2026/08/31 17:03:03.879, NVIDIA GeForce RTX 5060, 591.86, P8, 29, 0, 944, 8151, 8.61, 145.00, 232, 405, 1, 8
2026-08-31T17:03:08.8908433+07:00,2026/08/31 17:03:08.922, NVIDIA GeForce RTX 5060, 591.86, P8, 29, 0, 944, 8151, 8.66, 145.00, 210, 405, 1, 8
2026-08-31T17:03:13.9303677+07:00,2026/08/31 17:03:13.962, NVIDIA GeForce RTX 5060, 591.86, P8, 29, 0, 946, 8151, 8.73, 145.00, 232, 405, 1, 8
2026-08-31T17:03:19.0195689+07:00,2026/08/31 17:03:19.051, NVIDIA GeForce RTX 5060, 591.86, P8, 29, 0, 946, 8151, 8.67, 145.00, 210, 405, 1, 8
2026-08-31T17:03:24.0646823+07:00,2026/08/31 17:03:24.096, NVIDIA GeForce RTX 5060, 591.86, P8, 29, 1, 951, 8151, 8.62, 145.00, 210, 405, 1, 8
2026-08-31T17:03:29.1180083+07:00,2026/08/31 17:03:29.156, NVIDIA GeForce RTX 5060, 591.86, P8, 29, 0, 978, 8151, 9.03, 145.00, 322, 405, 1, 8
2026-08-31T17:03:34.1648095+07:00,2026/08/31 17:03:34.196, NVIDIA GeForce RTX 5060, 591.86, P8, 29, 1, 974, 8151, 8.89, 145.00, 210, 405, 1, 8
2026-08-31T17:03:39.2117560+07:00,2026/08/31 17:03:39.243, NVIDIA GeForce RTX 5060, 591.86, P8, 29, 1, 1002, 8151, 9.54, 145.00, 435, 405, 1, 8
2026-08-31T17:03:44.2477393+07:00,2026/08/31 17:03:44.272, NVIDIA GeForce RTX 5060, 591.86, P8, 29, 0, 992, 8151, 8.94, 145.00, 300, 405, 1, 8
2026-08-31T17:03:49.3259939+07:00,2026/08/31 17:03:49.357, NVIDIA GeForce RTX 5060, 591.86, P8, 29, 0, 989, 8151, 8.97, 145.00, 255, 405, 1, 8
2026-08-31T17:03:54.3645345+07:00,2026/08/31 17:03:54.398, NVIDIA GeForce RTX 5060, 591.86, P8, 29, 1, 989, 8151, 10.62, 145.00, 555, 405, 1, 8
2026-08-31T17:03:59.4191260+07:00,2026/08/31 17:03:59.454, NVIDIA GeForce RTX 5060, 591.86, P0, 31, 0, 1045, 8151, 24.08, 145.00, 2557, 14201, 4, 8
2026-08-31T17:04:04.4639633+07:00,2026/08/31 17:04:04.497, NVIDIA GeForce RTX 5060, 591.86, P5, 30, 3, 1014, 8151, 12.88, 145.00, 510, 810, 2, 8
2026-08-31T17:04:09.5016177+07:00,2026/08/31 17:04:09.529, NVIDIA GeForce RTX 5060, 591.86, P8, 30, 1, 1054, 8151, 11.69, 145.00, 547, 405, 1, 8
2026-08-31T17:04:14.5468083+07:00,2026/08/31 17:04:14.580, NVIDIA GeForce RTX 5060, 591.86, P8, 29, 1, 1021, 8151, 9.71, 145.00, 397, 405, 1, 8
2026-08-31T17:04:19.6299161+07:00,2026/08/31 17:04:19.664, NVIDIA GeForce RTX 5060, 591.86, P8, 29, 0, 1020, 8151, 9.80, 145.00, 382, 405, 1, 8
2026-08-31T17:04:24.6789876+07:00,2026/08/31 17:04:24.712, NVIDIA GeForce RTX 5060, 591.86, P8, 29, 1, 1020, 8151, 9.85, 145.00, 397, 405, 1, 8
2026-08-31T17:04:29.7284413+07:00,2026/08/31 17:04:29.762, NVIDIA GeForce RTX 5060, 591.86, P8, 29, 1, 1020, 8151, 9.96, 145.00, 390, 405, 1, 8
2026-08-31T17:04:34.7797425+07:00,2026/08/31 17:04:34.812, NVIDIA GeForce RTX 5060, 591.86, P8, 29, 0, 1020, 8151, 9.81, 145.00, 435, 405, 1, 8
2026-08-31T17:04:39.8278024+07:00,2026/08/31 17:04:39.861, NVIDIA GeForce RTX 5060, 591.86, P8, 29, 1, 1020, 8151, 9.56, 145.00, 375, 405, 1, 8
2026-08-31T17:04:44.8775260+07:00,2026/08/31 17:04:44.910, NVIDIA GeForce RTX 5060, 591.86, P8, 29, 0, 1017, 8151, 9.68, 145.00, 390, 405, 1, 8
2026-08-31T17:04:49.9455531+07:00,2026/08/31 17:04:49.977, NVIDIA GeForce RTX 5060, 591.86, P8, 29, 0, 1017, 8151, 9.58, 145.00, 397, 405, 1, 8
2026-08-31T17:04:54.9938428+07:00,2026/08/31 17:04:55.027, NVIDIA GeForce RTX 5060, 591.86, P8, 29, 1, 1017, 8151, 9.58, 145.00, 390, 405, 1, 8
2026-08-31T17:05:00.0444652+07:00,2026/08/31 17:05:00.078, NVIDIA GeForce RTX 5060, 591.86, P8, 29, 1, 1017, 8151, 9.64, 145.00, 375, 405, 1, 8
2026-08-31T17:05:05.0935517+07:00,2026/08/31 17:05:05.126, NVIDIA GeForce RTX 5060, 591.86, P8, 29, 1, 1017, 8151, 9.94, 145.00, 420, 405, 1, 8
2026-08-31T17:05:10.1433342+07:00,2026/08/31 17:05:10.177, NVIDIA GeForce RTX 5060, 591.86, P8, 29, 1, 1043, 8151, 9.74, 145.00, 390, 405, 1, 8
2026-08-31T17:05:15.1927611+07:00,2026/08/31 17:05:15.226, NVIDIA GeForce RTX 5060, 591.86, P8, 29, 1, 1020, 8151, 9.79, 145.00, 382, 405, 1, 8
2026-08-31T17:05:20.2817523+07:00,2026/08/31 17:05:20.322, NVIDIA GeForce RTX 5060, 591.86, P8, 30, 1, 1032, 8151, 10.70, 145.00, 420, 405, 1, 8
2026-08-31T17:05:25.3281280+07:00,2026/08/31 17:05:25.359, NVIDIA GeForce RTX 5060, 591.86, P8, 29, 1, 1029, 8151, 9.86, 145.00, 382, 405, 1, 8
2026-08-31T17:05:30.3754795+07:00,2026/08/31 17:05:30.408, NVIDIA GeForce RTX 5060, 591.86, P8, 29, 1, 1027, 8151, 9.72, 145.00, 367, 405, 1, 8
2026-08-31T17:05:35.4211156+07:00,2026/08/31 17:05:35.453, NVIDIA GeForce RTX 5060, 591.86, P8, 29, 1, 1035, 8151, 9.63, 145.00, 307, 405, 1, 8
2026-08-31T17:05:40.4610287+07:00,2026/08/31 17:05:40.491, NVIDIA GeForce RTX 5060, 591.86, P8, 30, 3, 1036, 8151, 9.31, 145.00, 292, 405, 1, 8
2026-08-31T17:05:45.5086492+07:00,2026/08/31 17:05:45.539, NVIDIA GeForce RTX 5060, 591.86, P8, 30, 1, 1036, 8151, 10.11, 145.00, 487, 405, 1, 8
2026-08-31T17:05:50.5909279+07:00,2026/08/31 17:05:50.625, NVIDIA GeForce RTX 5060, 591.86, P8, 30, 1, 1022, 8151, 10.31, 145.00, 532, 405, 1, 8
2026-08-31T17:05:55.6414799+07:00,2026/08/31 17:05:55.673, NVIDIA GeForce RTX 5060, 591.86, P8, 30, 1, 1022, 8151, 10.23, 145.00, 510, 405, 1, 8
2026-08-31T17:06:00.6895066+07:00,2026/08/31 17:06:00.723, NVIDIA GeForce RTX 5060, 591.86, P8, 30, 1, 1022, 8151, 10.21, 145.00, 510, 405, 1, 8
2026-08-31T17:06:05.7409281+07:00,2026/08/31 17:06:05.774, NVIDIA GeForce RTX 5060, 591.86, P8, 30, 2, 1022, 8151, 10.09, 145.00, 457, 405, 1, 8
2026-08-31T17:06:10.7898230+07:00,2026/08/31 17:06:10.824, NVIDIA GeForce RTX 5060, 591.86, P8, 30, 1, 1051, 8151, 10.42, 145.00, 510, 405, 1, 8
2026-08-31T17:06:15.8395266+07:00,2026/08/31 17:06:15.873, NVIDIA GeForce RTX 5060, 591.86, P8, 30, 2, 1027, 8151, 10.36, 145.00, 562, 405, 1, 8
2026-08-31T17:06:20.9268978+07:00,2026/08/31 17:06:20.958, NVIDIA GeForce RTX 5060, 591.86, P3, 30, 0, 1034, 8151, 20.94, 145.00, 2542, 7001, 2, 8
2026-08-31T17:06:25.9739504+07:00,2026/08/31 17:06:26.006, NVIDIA GeForce RTX 5060, 591.86, P8, 30, 1, 1022, 8151, 9.57, 145.00, 412, 405, 1, 8
2026-08-31T17:06:31.0220220+07:00,2026/08/31 17:06:31.056, NVIDIA GeForce RTX 5060, 591.86, P8, 30, 1, 1022, 8151, 9.39, 145.00, 382, 405, 1, 8
2026-08-31T17:06:36.0710041+07:00,2026/08/31 17:06:36.107, NVIDIA GeForce RTX 5060, 591.86, P8, 30, 1, 1026, 8151, 9.55, 145.00, 427, 405, 1, 8
2026-08-31T17:06:41.1224025+07:00,2026/08/31 17:06:41.155, NVIDIA GeForce RTX 5060, 591.86, P8, 30, 1, 1025, 8151, 9.85, 145.00, 427, 405, 1, 8
2026-08-31T17:06:46.1717068+07:00,2026/08/31 17:06:46.206, NVIDIA GeForce RTX 5060, 591.86, P8, 30, 0, 1021, 8151, 9.39, 145.00, 360, 405, 1, 8
2026-08-31T17:06:51.2702036+07:00,2026/08/31 17:06:51.304, NVIDIA GeForce RTX 5060, 591.86, P8, 30, 1, 1025, 8151, 9.45, 145.00, 375, 405, 1, 8
2026-08-31T17:06:56.3216169+07:00,2026/08/31 17:06:56.354, NVIDIA GeForce RTX 5060, 591.86, P8, 30, 1, 1025, 8151, 9.42, 145.00, 397, 405, 1, 8
2026-08-31T17:07:01.3707557+07:00,2026/08/31 17:07:01.404, NVIDIA GeForce RTX 5060, 591.86, P8, 30, 1, 1025, 8151, 9.37, 145.00, 382, 405, 1, 8
2026-08-31T17:07:06.4210522+07:00,2026/08/31 17:07:06.455, NVIDIA GeForce RTX 5060, 591.86, P8, 30, 1, 1025, 8151, 9.47, 145.00, 382, 405, 1, 8
2026-08-31T17:07:11.4699388+07:00,2026/08/31 17:07:11.503, NVIDIA GeForce RTX 5060, 591.86, P8, 30, 1, 1028, 8151, 9.62, 145.00, 427, 405, 1, 8
2026-08-31T17:07:16.5205190+07:00,2026/08/31 17:07:16.553, NVIDIA GeForce RTX 5060, 591.86, P8, 30, 1, 1028, 8151, 9.56, 145.00, 405, 405, 1, 8
2026-08-31T17:07:21.6195150+07:00,2026/08/31 17:07:21.653, NVIDIA GeForce RTX 5060, 591.86, P8, 30, 1, 1023, 8151, 9.39, 145.00, 375, 405, 1, 8
2026-08-31T17:07:26.6673060+07:00,2026/08/31 17:07:26.702, NVIDIA GeForce RTX 5060, 591.86, P8, 30, 1, 1027, 8151, 9.31, 145.00, 382, 405, 1, 8
2026-08-31T17:07:31.7203554+07:00,2026/08/31 17:07:31.753, NVIDIA GeForce RTX 5060, 591.86, P8, 30, 1, 1022, 8151, 9.37, 145.00, 382, 405, 1, 8
2026-08-31T17:07:36.7694248+07:00,2026/08/31 17:07:36.802, NVIDIA GeForce RTX 5060, 591.86, P8, 30, 1, 1022, 8151, 9.44, 145.00, 360, 405, 1, 8
2026-08-31T17:07:41.8033833+07:00,2026/08/31 17:07:41.835, NVIDIA GeForce RTX 5060, 591.86, P8, 30, 1, 1020, 8151, 9.42, 145.00, 390, 405, 1, 8
2026-08-31T17:07:46.8522396+07:00,2026/08/31 17:07:46.882, NVIDIA GeForce RTX 5060, 591.86, P8, 30, 1, 1026, 8151, 9.48, 145.00, 405, 405, 1, 8
2026-08-31T17:07:51.9343518+07:00,2026/08/31 17:07:51.968, NVIDIA GeForce RTX 5060, 591.86, P8, 30, 1, 1020, 8151, 9.25, 145.00, 375, 405, 1, 8
2026-08-31T17:07:56.9858023+07:00,2026/08/31 17:07:57.018, NVIDIA GeForce RTX 5060, 591.86, P8, 30, 1, 1025, 8151, 9.45, 145.00, 390, 405, 1, 8
2026-08-31T17:08:02.0203961+07:00,2026/08/31 17:08:02.050, NVIDIA GeForce RTX 5060, 591.86, P8, 30, 1, 1025, 8151, 9.56, 145.00, 420, 405, 1, 8
2026-08-31T17:08:07.0678260+07:00,2026/08/31 17:08:07.101, NVIDIA GeForce RTX 5060, 591.86, P8, 30, 1, 1025, 8151, 9.57, 145.00, 427, 405, 1, 8
2026-08-31T17:08:12.1175500+07:00,2026/08/31 17:08:12.148, NVIDIA GeForce RTX 5060, 591.86, P8, 30, 1, 1023, 8151, 9.42, 145.00, 420, 405, 1, 8
2026-08-31T17:08:17.1656909+07:00,2026/08/31 17:08:17.199, NVIDIA GeForce RTX 5060, 591.86, P8, 30, 1, 1023, 8151, 9.41, 145.00, 405, 405, 1, 8
2026-08-31T17:08:22.2517078+07:00,2026/08/31 17:08:22.282, NVIDIA GeForce RTX 5060, 591.86, P8, 30, 1, 1023, 8151, 9.40, 145.00, 390, 405, 1, 8
2026-08-31T17:08:27.2989201+07:00,2026/08/31 17:08:27.332, NVIDIA GeForce RTX 5060, 591.86, P8, 30, 0, 1023, 8151, 9.33, 145.00, 397, 405, 1, 8
2026-08-31T17:08:32.3471288+07:00,2026/08/31 17:08:32.382, NVIDIA GeForce RTX 5060, 591.86, P8, 30, 0, 1023, 8151, 9.30, 145.00, 390, 405, 1, 8
2026-08-31T17:08:37.4007593+07:00,2026/08/31 17:08:37.432, NVIDIA GeForce RTX 5060, 591.86, P8, 30, 1, 1023, 8151, 9.42, 145.00, 435, 405, 1, 8
2026-08-31T17:08:42.4466110+07:00,2026/08/31 17:08:42.482, NVIDIA GeForce RTX 5060, 591.86, P8, 30, 1, 1020, 8151, 9.32, 145.00, 382, 405, 1, 8
2026-08-31T17:08:47.4982440+07:00,2026/08/31 17:08:47.532, NVIDIA GeForce RTX 5060, 591.86, P8, 30, 2, 1029, 8151, 9.68, 145.00, 382, 405, 1, 8
2026-08-31T17:08:52.5848067+07:00,2026/08/31 17:08:52.614, NVIDIA GeForce RTX 5060, 591.86, P8, 30, 1, 1026, 8151, 9.22, 145.00, 375, 405, 1, 8
2026-08-31T17:08:57.6318019+07:00,2026/08/31 17:08:57.665, NVIDIA GeForce RTX 5060, 591.86, P8, 30, 1, 1022, 8151, 9.23, 145.00, 390, 405, 1, 8
2026-08-31T17:09:02.6676354+07:00,2026/08/31 17:09:02.697, NVIDIA GeForce RTX 5060, 591.86, P8, 30, 0, 1022, 8151, 9.27, 145.00, 352, 405, 1, 8
2026-08-31T17:09:07.7138385+07:00,2026/08/31 17:09:07.747, NVIDIA GeForce RTX 5060, 591.86, P8, 30, 1, 1023, 8151, 9.44, 145.00, 390, 405, 1, 8
2026-08-31T17:09:12.7634526+07:00,2026/08/31 17:09:12.796, NVIDIA GeForce RTX 5060, 591.86, P8, 30, 1, 1024, 8151, 9.59, 145.00, 390, 405, 1, 8
2026-08-31T17:09:17.8141085+07:00,2026/08/31 17:09:17.847, NVIDIA GeForce RTX 5060, 591.86, P8, 30, 1, 1024, 8151, 9.36, 145.00, 390, 405, 1, 8
2026-08-31T17:09:22.8978991+07:00,2026/08/31 17:09:22.930, NVIDIA GeForce RTX 5060, 591.86, P8, 30, 0, 1024, 8151, 9.37, 145.00, 390, 405, 1, 8
2026-08-31T17:09:27.9312452+07:00,2026/08/31 17:09:27.962, NVIDIA GeForce RTX 5060, 591.86, P8, 30, 1, 1024, 8151, 9.40, 145.00, 382, 405, 1, 8
2026-08-31T17:09:32.9805553+07:00,2026/08/31 17:09:33.013, NVIDIA GeForce RTX 5060, 591.86, P8, 30, 1, 1025, 8151, 9.40, 145.00, 405, 405, 1, 8
2026-08-31T17:09:38.0152897+07:00,2026/08/31 17:09:38.045, NVIDIA GeForce RTX 5060, 591.86, P8, 30, 0, 1031, 8151, 9.24, 145.00, 375, 405, 1, 8
2026-08-31T17:09:43.0639229+07:00,2026/08/31 17:09:43.096, NVIDIA GeForce RTX 5060, 591.86, P8, 30, 1, 1022, 8151, 9.42, 145.00, 390, 405, 1, 8
2026-08-31T17:09:48.0977151+07:00,2026/08/31 17:09:48.129, NVIDIA GeForce RTX 5060, 591.86, P8, 30, 1, 1022, 8151, 9.34, 145.00, 375, 405, 1, 8
2026-08-31T17:09:53.1795542+07:00,2026/08/31 17:09:53.212, NVIDIA GeForce RTX 5060, 591.86, P8, 30, 1, 1022, 8151, 9.57, 145.00, 397, 405, 1, 8
2026-08-31T17:09:58.2277098+07:00,2026/08/31 17:09:58.261, NVIDIA GeForce RTX 5060, 591.86, P8, 30, 0, 1022, 8151, 9.42, 145.00, 405, 405, 1, 8
2026-08-31T17:10:03.2770212+07:00,2026/08/31 17:10:03.310, NVIDIA GeForce RTX 5060, 591.86, P8, 30, 1, 1022, 8151, 9.30, 145.00, 405, 405, 1, 8
2026-08-31T17:10:08.3271174+07:00,2026/08/31 17:10:08.361, NVIDIA GeForce RTX 5060, 591.86, P8, 30, 1, 1022, 8151, 9.48, 145.00, 412, 405, 1, 8
2026-08-31T17:10:13.3772079+07:00,2026/08/31 17:10:13.410, NVIDIA GeForce RTX 5060, 591.86, P8, 30, 1, 1024, 8151, 9.36, 145.00, 375, 405, 1, 8
2026-08-31T17:10:18.4275352+07:00,2026/08/31 17:10:18.458, NVIDIA GeForce RTX 5060, 591.86, P8, 30, 1, 1024, 8151, 9.47, 145.00, 412, 405, 1, 8
2026-08-31T17:10:23.5106427+07:00,2026/08/31 17:10:23.544, NVIDIA GeForce RTX 5060, 591.86, P8, 30, 1, 1024, 8151, 9.33, 145.00, 412, 405, 1, 8
2026-08-31T17:10:28.5609465+07:00,2026/08/31 17:10:28.594, NVIDIA GeForce RTX 5060, 591.86, P8, 30, 1, 1024, 8151, 9.48, 145.00, 412, 405, 1, 8
2026-08-31T17:10:33.6085023+07:00,2026/08/31 17:10:33.639, NVIDIA GeForce RTX 5060, 591.86, P8, 30, 0, 1024, 8151, 8.99, 145.00, 307, 405, 1, 8
2026-08-31T17:10:38.6403363+07:00,2026/08/31 17:10:38.675, NVIDIA GeForce RTX 5060, 591.86, P8, 30, 0, 1024, 8151, 8.53, 145.00, 255, 405, 1, 8
2026-08-31T17:10:43.6857881+07:00,2026/08/31 17:10:43.724, NVIDIA GeForce RTX 5060, 591.86, P8, 30, 0, 1022, 8151, 8.42, 145.00, 232, 405, 1, 8
2026-08-31T17:10:48.7328579+07:00,2026/08/31 17:10:48.764, NVIDIA GeForce RTX 5060, 591.86, P8, 30, 0, 1022, 8151, 8.49, 145.00, 255, 405, 1, 8
2026-08-31T17:10:53.8105295+07:00,2026/08/31 17:10:53.850, NVIDIA GeForce RTX 5060, 591.86, P8, 30, 0, 1018, 8151, 8.60, 145.00, 247, 405, 1, 8
2026-08-31T17:10:58.8541764+07:00,2026/08/31 17:10:58.898, NVIDIA GeForce RTX 5060, 591.86, P8, 30, 0, 1018, 8151, 8.61, 145.00, 232, 405, 1, 8
2026-08-31T17:11:03.9052291+07:00,2026/08/31 17:11:03.936, NVIDIA GeForce RTX 5060, 591.86, P8, 30, 0, 1018, 8151, 8.51, 145.00, 255, 405, 1, 8
2026-08-31T17:11:08.9542114+07:00,2026/08/31 17:11:08.987, NVIDIA GeForce RTX 5060, 591.86, P8, 30, 0, 1018, 8151, 8.48, 145.00, 232, 405, 1, 8
2026-08-31T17:11:14.0021751+07:00,2026/08/31 17:11:14.032, NVIDIA GeForce RTX 5060, 591.86, P8, 30, 0, 1020, 8151, 8.50, 145.00, 255, 405, 1, 8
2026-08-31T17:11:19.0523658+07:00,2026/08/31 17:11:19.090, NVIDIA GeForce RTX 5060, 591.86, P8, 30, 0, 1020, 8151, 8.50, 145.00, 232, 405, 1, 8
2026-08-31T17:11:24.1394301+07:00,2026/08/31 17:11:24.170, NVIDIA GeForce RTX 5060, 591.86, P8, 30, 0, 1020, 8151, 8.60, 145.00, 255, 405, 1, 8
2026-08-31T17:11:29.1749548+07:00,2026/08/31 17:11:29.206, NVIDIA GeForce RTX 5060, 591.86, P0, 31, 1, 1020, 8151, 21.45, 145.00, 1957, 14201, 4, 8
2026-08-31T17:11:34.2224512+07:00,2026/08/31 17:11:34.253, NVIDIA GeForce RTX 5060, 591.86, P5, 30, 0, 1020, 8151, 9.90, 145.00, 285, 810, 2, 8
2026-08-31T17:11:39.2644069+07:00,2026/08/31 17:11:39.303, NVIDIA GeForce RTX 5060, 591.86, P8, 30, 0, 1020, 8151, 8.44, 145.00, 255, 405, 1, 8
2026-08-31T17:11:44.3076716+07:00,2026/08/31 17:11:44.346, NVIDIA GeForce RTX 5060, 591.86, P8, 30, 0, 1018, 8151, 8.53, 145.00, 232, 405, 1, 8
2026-08-31T17:11:49.3611620+07:00,2026/08/31 17:11:49.398, NVIDIA GeForce RTX 5060, 591.86, P8, 30, 0, 1018, 8151, 8.56, 145.00, 255, 405, 1, 8
2026-08-31T17:11:54.4558899+07:00,2026/08/31 17:11:54.488, NVIDIA GeForce RTX 5060, 591.86, P8, 30, 0, 1018, 8151, 8.68, 145.00, 232, 405, 1, 8
2026-08-31T17:11:59.4969790+07:00,2026/08/31 17:11:59.530, NVIDIA GeForce RTX 5060, 591.86, P8, 30, 0, 1018, 8151, 8.58, 145.00, 255, 405, 1, 8
2026-08-31T17:12:04.5386279+07:00,2026/08/31 17:12:04.571, NVIDIA GeForce RTX 5060, 591.86, P8, 30, 0, 1018, 8151, 8.61, 145.00, 232, 405, 1, 8
2026-08-31T17:12:09.5868077+07:00,2026/08/31 17:12:09.618, NVIDIA GeForce RTX 5060, 591.86, P8, 30, 0, 1044, 8151, 8.61, 145.00, 232, 405, 1, 8
2026-08-31T17:12:14.6220706+07:00,2026/08/31 17:12:14.653, NVIDIA GeForce RTX 5060, 591.86, P8, 30, 0, 1020, 8151, 8.63, 145.00, 232, 405, 1, 8
2026-08-31T17:12:19.6691467+07:00,2026/08/31 17:12:19.700, NVIDIA GeForce RTX 5060, 591.86, P8, 30, 0, 1020, 8151, 8.62, 145.00, 232, 405, 1, 8
2026-08-31T17:12:24.7504269+07:00,2026/08/31 17:12:24.781, NVIDIA GeForce RTX 5060, 591.86, P8, 30, 0, 1020, 8151, 8.74, 145.00, 255, 405, 1, 8
2026-08-31T17:12:29.7970394+07:00,2026/08/31 17:12:29.828, NVIDIA GeForce RTX 5060, 591.86, P8, 30, 0, 1020, 8151, 8.73, 145.00, 232, 405, 1, 8
2026-08-31T17:12:34.8377877+07:00,2026/08/31 17:12:34.869, NVIDIA GeForce RTX 5060, 591.86, P8, 30, 0, 1020, 8151, 8.65, 145.00, 255, 405, 1, 8
2026-08-31T17:12:39.8757959+07:00,2026/08/31 17:12:39.907, NVIDIA GeForce RTX 5060, 591.86, P8, 30, 0, 1020, 8151, 8.70, 145.00, 247, 405, 1, 8
2026-08-31T17:12:44.9202574+07:00,2026/08/31 17:12:44.951, NVIDIA GeForce RTX 5060, 591.86, P8, 30, 0, 1018, 8151, 8.62, 145.00, 232, 405, 1, 8
2026-08-31T17:12:49.9534331+07:00,2026/08/31 17:12:49.984, NVIDIA GeForce RTX 5060, 591.86, P8, 30, 0, 1018, 8151, 8.58, 145.00, 255, 405, 1, 8
2026-08-31T17:12:55.0344242+07:00,2026/08/31 17:12:55.068, NVIDIA GeForce RTX 5060, 591.86, P8, 30, 0, 1018, 8151, 8.64, 145.00, 232, 405, 1, 8
2026-08-31T17:13:00.0850650+07:00,2026/08/31 17:13:00.116, NVIDIA GeForce RTX 5060, 591.86, P8, 30, 0, 1018, 8151, 8.57, 145.00, 255, 405, 1, 8
2026-08-31T17:13:05.1315493+07:00,2026/08/31 17:13:05.162, NVIDIA GeForce RTX 5060, 591.86, P8, 30, 0, 1018, 8151, 8.74, 145.00, 232, 405, 1, 8
2026-08-31T17:13:10.1628690+07:00,2026/08/31 17:13:10.203, NVIDIA GeForce RTX 5060, 591.86, P8, 30, 0, 1044, 8151, 8.82, 145.00, 255, 405, 1, 8
2026-08-31T17:13:15.2086927+07:00,2026/08/31 17:13:15.239, NVIDIA GeForce RTX 5060, 591.86, P8, 30, 0, 1020, 8151, 8.54, 145.00, 232, 405, 1, 8
2026-08-31T17:13:20.2556761+07:00,2026/08/31 17:13:20.287, NVIDIA GeForce RTX 5060, 591.86, P8, 30, 0, 1020, 8151, 8.62, 145.00, 232, 405, 1, 8
2026-08-31T17:13:25.3365153+07:00,2026/08/31 17:13:25.368, NVIDIA GeForce RTX 5060, 591.86, P8, 30, 0, 1020, 8151, 8.59, 145.00, 255, 405, 1, 8
2026-08-31T17:13:30.3806517+07:00,2026/08/31 17:13:30.411, NVIDIA GeForce RTX 5060, 591.86, P8, 30, 0, 1020, 8151, 8.68, 145.00, 232, 405, 1, 8
2026-08-31T17:13:35.4325383+07:00,2026/08/31 17:13:35.463, NVIDIA GeForce RTX 5060, 591.86, P8, 30, 0, 1020, 8151, 8.60, 145.00, 255, 405, 1, 8
2026-08-31T17:13:40.4791599+07:00,2026/08/31 17:13:40.511, NVIDIA GeForce RTX 5060, 591.86, P8, 30, 0, 1018, 8151, 8.60, 145.00, 232, 405, 1, 8
2026-08-31T17:13:45.5316377+07:00,2026/08/31 17:13:45.562, NVIDIA GeForce RTX 5060, 591.86, P8, 30, 0, 1018, 8151, 8.63, 145.00, 255, 405, 1, 8
2026-08-31T17:13:50.5802559+07:00,2026/08/31 17:13:50.623, NVIDIA GeForce RTX 5060, 591.86, P8, 30, 0, 1018, 8151, 8.66, 145.00, 232, 405, 1, 8
2026-08-31T17:13:55.6760332+07:00,2026/08/31 17:13:55.713, NVIDIA GeForce RTX 5060, 591.86, P8, 30, 0, 1018, 8151, 8.61, 145.00, 232, 405, 1, 8
2026-08-31T17:14:00.7262110+07:00,2026/08/31 17:14:00.763, NVIDIA GeForce RTX 5060, 591.86, P8, 30, 0, 1018, 8151, 8.63, 145.00, 255, 405, 1, 8
2026-08-31T17:14:05.7690484+07:00,2026/08/31 17:14:05.800, NVIDIA GeForce RTX 5060, 591.86, P8, 30, 0, 1018, 8151, 8.70, 145.00, 232, 405, 1, 8
2026-08-31T17:14:10.8225007+07:00,2026/08/31 17:14:10.853, NVIDIA GeForce RTX 5060, 591.86, P8, 30, 0, 1044, 8151, 8.76, 145.00, 255, 405, 1, 8
2026-08-31T17:14:15.8649057+07:00,2026/08/31 17:14:15.906, NVIDIA GeForce RTX 5060, 591.86, P8, 30, 0, 1020, 8151, 8.73, 145.00, 225, 405, 1, 8
2026-08-31T17:14:20.9201590+07:00,2026/08/31 17:14:20.957, NVIDIA GeForce RTX 5060, 591.86, P8, 30, 0, 1020, 8151, 8.77, 145.00, 255, 405, 1, 8
2026-08-31T17:14:26.0121272+07:00,2026/08/31 17:14:26.044, NVIDIA GeForce RTX 5060, 591.86, P8, 30, 0, 1020, 8151, 8.67, 145.00, 262, 405, 1, 8
2026-08-31T17:14:31.0640667+07:00,2026/08/31 17:14:31.096, NVIDIA GeForce RTX 5060, 591.86, P8, 30, 0, 1020, 8151, 8.72, 145.00, 232, 405, 1, 8
2026-08-31T17:14:36.1126452+07:00,2026/08/31 17:14:36.146, NVIDIA GeForce RTX 5060, 591.86, P8, 29, 0, 1020, 8151, 8.72, 145.00, 262, 405, 1, 8
2026-08-31T17:14:41.1553768+07:00,2026/08/31 17:14:41.186, NVIDIA GeForce RTX 5060, 591.86, P8, 29, 0, 1018, 8151, 8.70, 145.00, 232, 405, 1, 8
2026-08-31T17:14:46.1961362+07:00,2026/08/31 17:14:46.227, NVIDIA GeForce RTX 5060, 591.86, P8, 29, 0, 1018, 8151, 8.69, 145.00, 255, 405, 1, 8
2026-08-31T17:14:51.2351323+07:00,2026/08/31 17:14:51.272, NVIDIA GeForce RTX 5060, 591.86, P8, 29, 0, 1018, 8151, 8.60, 145.00, 232, 405, 1, 8
2026-08-31T17:14:56.3215837+07:00,2026/08/31 17:14:56.352, NVIDIA GeForce RTX 5060, 591.86, P8, 29, 0, 1018, 8151, 8.66, 145.00, 255, 405, 1, 8
2026-08-31T17:15:01.3614222+07:00,2026/08/31 17:15:01.385, NVIDIA GeForce RTX 5060, 591.86, P8, 29, 0, 1018, 8151, 8.69, 145.00, 255, 405, 1, 8
2026-08-31T17:15:06.3896599+07:00,2026/08/31 17:15:06.413, NVIDIA GeForce RTX 5060, 591.86, P8, 29, 0, 1018, 8151, 8.68, 145.00, 232, 405, 1, 8
2026-08-31T17:15:11.4245094+07:00,2026/08/31 17:15:11.463, NVIDIA GeForce RTX 5060, 591.86, P8, 29, 0, 1020, 8151, 8.61, 145.00, 255, 405, 1, 8
2026-08-31T17:15:16.4786937+07:00,2026/08/31 17:15:16.509, NVIDIA GeForce RTX 5060, 591.86, P8, 30, 0, 1020, 8151, 8.69, 145.00, 232, 405, 1, 8
2026-08-31T17:15:21.5140996+07:00,2026/08/31 17:15:21.559, NVIDIA GeForce RTX 5060, 591.86, P8, 30, 0, 1020, 8151, 8.72, 145.00, 255, 405, 1, 8
2026-08-31T17:15:26.6089144+07:00,2026/08/31 17:15:26.640, NVIDIA GeForce RTX 5060, 591.86, P8, 29, 0, 1020, 8151, 8.79, 145.00, 232, 405, 1, 8
2026-08-31T17:15:31.6431622+07:00,2026/08/31 17:15:31.674, NVIDIA GeForce RTX 5060, 591.86, P8, 30, 0, 1020, 8151, 8.65, 145.00, 255, 405, 1, 8
2026-08-31T17:15:36.6757757+07:00,2026/08/31 17:15:36.707, NVIDIA GeForce RTX 5060, 591.86, P8, 29, 0, 1020, 8151, 8.68, 145.00, 232, 405, 1, 8
2026-08-31T17:15:41.7255278+07:00,2026/08/31 17:15:41.756, NVIDIA GeForce RTX 5060, 591.86, P8, 29, 0, 1018, 8151, 8.65, 145.00, 232, 405, 1, 8
2026-08-31T17:15:46.7659233+07:00,2026/08/31 17:15:46.805, NVIDIA GeForce RTX 5060, 591.86, P8, 29, 0, 1018, 8151, 8.60, 145.00, 262, 405, 1, 8
2026-08-31T17:15:51.8124553+07:00,2026/08/31 17:15:51.843, NVIDIA GeForce RTX 5060, 591.86, P8, 29, 0, 1018, 8151, 8.68, 145.00, 232, 405, 1, 8
2026-08-31T17:15:56.8986072+07:00,2026/08/31 17:15:56.939, NVIDIA GeForce RTX 5060, 591.86, P8, 29, 0, 1018, 8151, 8.77, 145.00, 240, 405, 1, 8
2026-08-31T17:16:01.9528358+07:00,2026/08/31 17:16:01.991, NVIDIA GeForce RTX 5060, 591.86, P8, 29, 0, 1018, 8151, 8.67, 145.00, 232, 405, 1, 8
2026-08-31T17:16:06.9962752+07:00,2026/08/31 17:16:07.021, NVIDIA GeForce RTX 5060, 591.86, P8, 29, 0, 1018, 8151, 8.62, 145.00, 255, 405, 1, 8
2026-08-31T17:16:12.0460003+07:00,2026/08/31 17:16:12.074, NVIDIA GeForce RTX 5060, 591.86, P8, 29, 0, 1020, 8151, 8.82, 145.00, 262, 405, 1, 8
2026-08-31T17:16:17.0760169+07:00,2026/08/31 17:16:17.114, NVIDIA GeForce RTX 5060, 591.86, P8, 29, 0, 1020, 8151, 8.74, 145.00, 232, 405, 1, 8
2026-08-31T17:16:22.1209576+07:00,2026/08/31 17:16:22.146, NVIDIA GeForce RTX 5060, 591.86, P8, 29, 0, 1020, 8151, 8.70, 145.00, 262, 405, 1, 8
2026-08-31T17:16:27.1986482+07:00,2026/08/31 17:16:27.229, NVIDIA GeForce RTX 5060, 591.86, P8, 29, 0, 1020, 8151, 8.77, 145.00, 232, 405, 1, 8
2026-08-31T17:16:32.2378003+07:00,2026/08/31 17:16:32.268, NVIDIA GeForce RTX 5060, 591.86, P8, 29, 0, 1020, 8151, 8.76, 145.00, 255, 405, 1, 8
2026-08-31T17:16:37.2794835+07:00,2026/08/31 17:16:37.310, NVIDIA GeForce RTX 5060, 591.86, P8, 29, 0, 1020, 8151, 8.78, 145.00, 232, 405, 1, 8
2026-08-31T17:16:42.3205308+07:00,2026/08/31 17:16:42.371, NVIDIA GeForce RTX 5060, 591.86, P8, 29, 0, 1018, 8151, 8.84, 145.00, 232, 405, 1, 8
2026-08-31T17:16:47.3890421+07:00,2026/08/31 17:16:47.419, NVIDIA GeForce RTX 5060, 591.86, P8, 29, 0, 1018, 8151, 8.90, 145.00, 255, 405, 1, 8
2026-08-31T17:16:52.4346625+07:00,2026/08/31 17:16:52.465, NVIDIA GeForce RTX 5060, 591.86, P8, 29, 0, 1032, 8151, 9.02, 145.00, 270, 405, 1, 8
2026-08-31T17:16:57.5123728+07:00,2026/08/31 17:16:57.543, NVIDIA GeForce RTX 5060, 591.86, P8, 29, 1, 1024, 8151, 8.94, 145.00, 270, 405, 1, 8
2026-08-31T17:17:02.5508256+07:00,2026/08/31 17:17:02.585, NVIDIA GeForce RTX 5060, 591.86, P8, 30, 4, 1035, 8151, 9.60, 145.00, 382, 405, 2, 8
2026-08-31T17:17:07.5955759+07:00,2026/08/31 17:17:07.626, NVIDIA GeForce RTX 5060, 591.86, P8, 29, 0, 1030, 8151, 8.72, 145.00, 210, 405, 1, 8
2026-08-31T17:17:12.6325302+07:00,2026/08/31 17:17:12.663, NVIDIA GeForce RTX 5060, 591.86, P8, 29, 0, 1036, 8151, 9.02, 145.00, 210, 405, 1, 8
2026-08-31T17:17:17.6701020+07:00,2026/08/31 17:17:17.704, NVIDIA GeForce RTX 5060, 591.86, P5, 30, 1, 1007, 8151, 10.84, 145.00, 600, 810, 2, 8
2026-08-31T17:17:22.7062425+07:00,2026/08/31 17:17:22.744, NVIDIA GeForce RTX 5060, 591.86, P8, 30, 1, 1009, 8151, 9.60, 145.00, 450, 405, 1, 8
2026-08-31T17:17:27.8032766+07:00,2026/08/31 17:17:27.836, NVIDIA GeForce RTX 5060, 591.86, P0, 31, 1, 993, 8151, 23.36, 145.00, 2557, 14201, 4, 8
2026-08-31T17:17:32.8536006+07:00,2026/08/31 17:17:32.903, NVIDIA GeForce RTX 5060, 591.86, P8, 30, 0, 954, 8151, 9.14, 145.00, 322, 405, 1, 8
2026-08-31T17:17:37.9202974+07:00,2026/08/31 17:17:37.952, NVIDIA GeForce RTX 5060, 591.86, P8, 30, 0, 952, 8151, 9.12, 145.00, 315, 405, 1, 8
2026-08-31T17:17:42.9695565+07:00,2026/08/31 17:17:43.002, NVIDIA GeForce RTX 5060, 591.86, P8, 30, 0, 950, 8151, 9.29, 145.00, 322, 405, 1, 8
2026-08-31T17:17:48.0195724+07:00,2026/08/31 17:17:48.052, NVIDIA GeForce RTX 5060, 591.86, P8, 30, 0, 950, 8151, 9.15, 145.00, 322, 405, 1, 8
2026-08-31T17:17:53.0688695+07:00,2026/08/31 17:17:53.118, NVIDIA GeForce RTX 5060, 591.86, P8, 30, 0, 950, 8151, 9.07, 145.00, 322, 405, 1, 8
2026-08-31T17:17:58.1684628+07:00,2026/08/31 17:17:58.218, NVIDIA GeForce RTX 5060, 591.86, P8, 30, 0, 950, 8151, 9.21, 145.00, 315, 405, 1, 8
2026-08-31T17:18:03.2350064+07:00,2026/08/31 17:18:03.266, NVIDIA GeForce RTX 5060, 591.86, P8, 30, 0, 950, 8151, 9.20, 145.00, 315, 405, 1, 8
2026-08-31T17:18:08.2737096+07:00,2026/08/31 17:18:08.330, NVIDIA GeForce RTX 5060, 591.86, P8, 30, 1, 965, 8151, 10.67, 145.00, 427, 405, 1, 8
2026-08-31T17:18:13.3514700+07:00,2026/08/31 17:18:13.400, NVIDIA GeForce RTX 5060, 591.86, P8, 30, 1, 966, 8151, 10.87, 145.00, 397, 405, 1, 8
2026-08-31T17:18:18.4176643+07:00,2026/08/31 17:18:18.467, NVIDIA GeForce RTX 5060, 591.86, P8, 30, 0, 990, 8151, 9.13, 145.00, 322, 405, 1, 8
2026-08-31T17:18:23.4693900+07:00,2026/08/31 17:18:23.517, NVIDIA GeForce RTX 5060, 591.86, P8, 30, 0, 966, 8151, 9.34, 145.00, 315, 405, 1, 8
2026-08-31T17:18:28.5669552+07:00,2026/08/31 17:18:28.599, NVIDIA GeForce RTX 5060, 591.86, P8, 30, 0, 964, 8151, 9.17, 145.00, 300, 405, 1, 8
2026-08-31T17:18:33.6165994+07:00,2026/08/31 17:18:33.666, NVIDIA GeForce RTX 5060, 591.86, P8, 30, 0, 964, 8151, 9.36, 145.00, 307, 405, 1, 8
2026-08-31T17:18:38.6835348+07:00,2026/08/31 17:18:38.732, NVIDIA GeForce RTX 5060, 591.86, P8, 30, 0, 974, 8151, 10.40, 145.00, 435, 405, 1, 8
2026-08-31T17:18:43.7500579+07:00,2026/08/31 17:18:43.781, NVIDIA GeForce RTX 5060, 591.86, P8, 30, 0, 963, 8151, 9.30, 145.00, 300, 405, 1, 8
2026-08-31T17:18:48.7987108+07:00,2026/08/31 17:18:48.847, NVIDIA GeForce RTX 5060, 591.86, P8, 30, 0, 963, 8151, 9.13, 145.00, 315, 405, 1, 8
2026-08-31T17:18:53.8650690+07:00,2026/08/31 17:18:53.900, NVIDIA GeForce RTX 5060, 591.86, P8, 30, 0, 963, 8151, 9.27, 145.00, 300, 405, 1, 8
2026-08-31T17:18:58.9484198+07:00,2026/08/31 17:18:58.995, NVIDIA GeForce RTX 5060, 591.86, P8, 30, 0, 971, 8151, 9.30, 145.00, 300, 405, 1, 8
2026-08-31T17:19:04.0159688+07:00,2026/08/31 17:19:04.066, NVIDIA GeForce RTX 5060, 591.86, P8, 30, 0, 963, 8151, 9.24, 145.00, 315, 405, 1, 8
2026-08-31T17:19:09.0800873+07:00,2026/08/31 17:19:09.131, NVIDIA GeForce RTX 5060, 591.86, P8, 30, 0, 963, 8151, 9.32, 145.00, 315, 405, 1, 8
2026-08-31T17:19:14.1481391+07:00,2026/08/31 17:19:14.197, NVIDIA GeForce RTX 5060, 591.86, P8, 30, 0, 964, 8151, 9.12, 145.00, 322, 405, 1, 8
2026-08-31T17:19:19.2138816+07:00,2026/08/31 17:19:19.264, NVIDIA GeForce RTX 5060, 591.86, P8, 30, 0, 964, 8151, 9.28, 145.00, 315, 405, 1, 8
2026-08-31T17:19:24.2762174+07:00,2026/08/31 17:19:24.330, NVIDIA GeForce RTX 5060, 591.86, P8, 30, 0, 964, 8151, 9.19, 145.00, 322, 405, 1, 8
2026-08-31T17:19:29.3808354+07:00,2026/08/31 17:19:29.430, NVIDIA GeForce RTX 5060, 591.86, P8, 30, 0, 964, 8151, 9.06, 145.00, 307, 405, 1, 8
2026-08-31T17:19:34.4323826+07:00,2026/08/31 17:19:34.463, NVIDIA GeForce RTX 5060, 591.86, P8, 30, 0, 964, 8151, 9.11, 145.00, 300, 405, 1, 8
2026-08-31T17:19:39.4802288+07:00,2026/08/31 17:19:39.513, NVIDIA GeForce RTX 5060, 591.86, P8, 30, 0, 964, 8151, 9.31, 145.00, 322, 405, 1, 8
2026-08-31T17:19:44.5290035+07:00,2026/08/31 17:19:44.562, NVIDIA GeForce RTX 5060, 591.86, P8, 30, 0, 962, 8151, 9.17, 145.00, 322, 405, 1, 8
2026-08-31T17:19:49.5796515+07:00,2026/08/31 17:19:49.613, NVIDIA GeForce RTX 5060, 591.86, P8, 30, 0, 962, 8151, 9.22, 145.00, 315, 405, 1, 8
2026-08-31T17:19:54.6289823+07:00,2026/08/31 17:19:54.661, NVIDIA GeForce RTX 5060, 591.86, P8, 30, 0, 962, 8151, 9.18, 145.00, 315, 405, 1, 8
2026-08-31T17:19:59.7131539+07:00,2026/08/31 17:19:59.745, NVIDIA GeForce RTX 5060, 591.86, P8, 30, 0, 962, 8151, 9.24, 145.00, 307, 405, 1, 8
2026-08-31T17:20:04.7613151+07:00,2026/08/31 17:20:04.795, NVIDIA GeForce RTX 5060, 591.86, P8, 30, 0, 962, 8151, 9.15, 145.00, 322, 405, 1, 8
2026-08-31T17:20:09.8118797+07:00,2026/08/31 17:20:09.842, NVIDIA GeForce RTX 5060, 591.86, P8, 30, 5, 988, 8151, 9.31, 145.00, 322, 405, 1, 8
2026-08-31T17:20:14.8606810+07:00,2026/08/31 17:20:14.894, NVIDIA GeForce RTX 5060, 591.86, P8, 30, 0, 965, 8151, 9.29, 145.00, 315, 405, 1, 8
2026-08-31T17:20:19.9113040+07:00,2026/08/31 17:20:19.943, NVIDIA GeForce RTX 5060, 591.86, P8, 30, 0, 964, 8151, 9.25, 145.00, 322, 405, 1, 8
2026-08-31T17:20:24.9607637+07:00,2026/08/31 17:20:24.993, NVIDIA GeForce RTX 5060, 591.86, P8, 30, 0, 964, 8151, 9.23, 145.00, 337, 405, 1, 8
2026-08-31T17:20:30.0436620+07:00,2026/08/31 17:20:30.077, NVIDIA GeForce RTX 5060, 591.86, P8, 30, 0, 964, 8151, 9.10, 145.00, 307, 405, 1, 8
2026-08-31T17:20:35.0935005+07:00,2026/08/31 17:20:35.126, NVIDIA GeForce RTX 5060, 591.86, P8, 30, 0, 965, 8151, 9.15, 145.00, 330, 405, 1, 8
2026-08-31T17:20:40.1439762+07:00,2026/08/31 17:20:40.176, NVIDIA GeForce RTX 5060, 591.86, P8, 30, 0, 964, 8151, 9.35, 145.00, 322, 405, 1, 8
2026-08-31T17:20:45.1927989+07:00,2026/08/31 17:20:45.225, NVIDIA GeForce RTX 5060, 591.86, P8, 30, 0, 962, 8151, 9.15, 145.00, 345, 405, 1, 8
2026-08-31T17:20:50.2414605+07:00,2026/08/31 17:20:50.277, NVIDIA GeForce RTX 5060, 591.86, P8, 30, 0, 962, 8151, 9.21, 145.00, 300, 405, 1, 8
2026-08-31T17:20:55.2919641+07:00,2026/08/31 17:20:55.325, NVIDIA GeForce RTX 5060, 591.86, P8, 30, 0, 962, 8151, 9.59, 145.00, 367, 405, 1, 8
2026-08-31T17:21:00.3757983+07:00,2026/08/31 17:21:00.408, NVIDIA GeForce RTX 5060, 591.86, P5, 30, 1, 982, 8151, 9.21, 145.00, 382, 810, 2, 8
2026-08-31T17:21:05.4250993+07:00,2026/08/31 17:21:05.458, NVIDIA GeForce RTX 5060, 591.86, P8, 30, 0, 966, 8151, 9.20, 145.00, 345, 405, 1, 8
2026-08-31T17:21:10.4759849+07:00,2026/08/31 17:21:10.508, NVIDIA GeForce RTX 5060, 591.86, P8, 30, 0, 979, 8151, 9.27, 145.00, 352, 405, 1, 8
2026-08-31T17:21:15.5242694+07:00,2026/08/31 17:21:15.557, NVIDIA GeForce RTX 5060, 591.86, P8, 30, 0, 954, 8151, 9.02, 145.00, 330, 405, 1, 8
2026-08-31T17:21:20.5600284+07:00,2026/08/31 17:21:20.591, NVIDIA GeForce RTX 5060, 591.86, P8, 30, 0, 953, 8151, 8.99, 145.00, 315, 405, 1, 8
2026-08-31T17:21:25.6075228+07:00,2026/08/31 17:21:25.640, NVIDIA GeForce RTX 5060, 591.86, P8, 30, 0, 953, 8151, 9.03, 145.00, 337, 405, 1, 8
2026-08-31T17:21:30.6899554+07:00,2026/08/31 17:21:30.723, NVIDIA GeForce RTX 5060, 591.86, P8, 30, 1, 975, 8151, 9.01, 145.00, 337, 405, 1, 8
2026-08-31T17:21:35.7409735+07:00,2026/08/31 17:21:35.773, NVIDIA GeForce RTX 5060, 591.86, P8, 30, 0, 951, 8151, 9.02, 145.00, 330, 405, 1, 8
2026-08-31T17:21:40.7904689+07:00,2026/08/31 17:21:40.822, NVIDIA GeForce RTX 5060, 591.86, P8, 30, 0, 951, 8151, 9.01, 145.00, 337, 405, 1, 8
2026-08-31T17:21:45.8399621+07:00,2026/08/31 17:21:45.873, NVIDIA GeForce RTX 5060, 591.86, P8, 30, 0, 951, 8151, 9.02, 145.00, 345, 405, 1, 8
2026-08-31T17:21:50.8895142+07:00,2026/08/31 17:21:50.922, NVIDIA GeForce RTX 5060, 591.86, P8, 30, 0, 951, 8151, 8.96, 145.00, 352, 405, 1, 8
2026-08-31T17:21:55.9393794+07:00,2026/08/31 17:21:55.972, NVIDIA GeForce RTX 5060, 591.86, P8, 30, 0, 951, 8151, 9.08, 145.00, 345, 405, 1, 8
2026-08-31T17:22:01.0206648+07:00,2026/08/31 17:22:01.054, NVIDIA GeForce RTX 5060, 591.86, P8, 30, 1, 953, 8151, 9.10, 145.00, 345, 405, 1, 8
2026-08-31T17:22:06.0725171+07:00,2026/08/31 17:22:06.105, NVIDIA GeForce RTX 5060, 591.86, P8, 30, 1, 952, 8151, 9.21, 145.00, 345, 405, 1, 8
2026-08-31T17:22:11.1219387+07:00,2026/08/31 17:22:11.154, NVIDIA GeForce RTX 5060, 591.86, P8, 30, 1, 1050, 8151, 9.50, 145.00, 330, 405, 1, 8
2026-08-31T17:22:16.1719084+07:00,2026/08/31 17:22:16.204, NVIDIA GeForce RTX 5060, 591.86, P8, 30, 1, 1050, 8151, 9.28, 145.00, 360, 405, 1, 8
2026-08-31T17:22:21.2206264+07:00,2026/08/31 17:22:21.253, NVIDIA GeForce RTX 5060, 591.86, P8, 30, 0, 849, 8151, 9.19, 145.00, 337, 405, 1, 8
2026-08-31T17:22:26.2705704+07:00,2026/08/31 17:22:26.305, NVIDIA GeForce RTX 5060, 591.86, P8, 30, 0, 849, 8151, 9.26, 145.00, 352, 405, 1, 8
2026-08-31T17:22:31.3540033+07:00,2026/08/31 17:22:31.386, NVIDIA GeForce RTX 5060, 591.86, P8, 30, 0, 849, 8151, 9.24, 145.00, 345, 405, 1, 8
2026-08-31T17:22:36.4034193+07:00,2026/08/31 17:22:36.437, NVIDIA GeForce RTX 5060, 591.86, P8, 30, 0, 849, 8151, 9.26, 145.00, 330, 405, 1, 8
2026-08-31T17:22:41.4534656+07:00,2026/08/31 17:22:41.485, NVIDIA GeForce RTX 5060, 591.86, P8, 30, 0, 847, 8151, 9.37, 145.00, 352, 405, 1, 8
2026-08-31T17:22:46.5033369+07:00,2026/08/31 17:22:46.537, NVIDIA GeForce RTX 5060, 591.86, P8, 30, 1, 847, 8151, 9.26, 145.00, 345, 405, 1, 8
2026-08-31T17:22:51.5529419+07:00,2026/08/31 17:22:51.585, NVIDIA GeForce RTX 5060, 591.86, P8, 29, 0, 847, 8151, 9.33, 145.00, 337, 405, 1, 8
2026-08-31T17:22:56.6038117+07:00,2026/08/31 17:22:56.636, NVIDIA GeForce RTX 5060, 591.86, P8, 30, 0, 847, 8151, 9.16, 145.00, 345, 405, 1, 8
2026-08-31T17:23:01.6861879+07:00,2026/08/31 17:23:01.719, NVIDIA GeForce RTX 5060, 591.86, P8, 29, 1, 847, 8151, 9.23, 145.00, 345, 405, 1, 8
2026-08-31T17:23:06.7358020+07:00,2026/08/31 17:23:06.769, NVIDIA GeForce RTX 5060, 591.86, P8, 30, 1, 847, 8151, 9.17, 145.00, 367, 405, 1, 8
2026-08-31T17:23:11.7851779+07:00,2026/08/31 17:23:11.817, NVIDIA GeForce RTX 5060, 591.86, P8, 30, 1, 849, 8151, 9.30, 145.00, 345, 405, 1, 8
2026-08-31T17:23:16.8354505+07:00,2026/08/31 17:23:16.869, NVIDIA GeForce RTX 5060, 591.86, P8, 30, 0, 850, 8151, 9.39, 145.00, 375, 405, 1, 8
2026-08-31T17:23:21.8845217+07:00,2026/08/31 17:23:21.916, NVIDIA GeForce RTX 5060, 591.86, P0, 31, 0, 907, 8151, 23.15, 145.00, 2550, 14201, 4, 8
2026-08-31T17:23:26.9347961+07:00,2026/08/31 17:23:26.968, NVIDIA GeForce RTX 5060, 591.86, P8, 30, 1, 882, 8151, 10.60, 145.00, 450, 405, 1, 8
2026-08-31T17:23:32.0175128+07:00,2026/08/31 17:23:32.051, NVIDIA GeForce RTX 5060, 591.86, P8, 30, 1, 861, 8151, 9.75, 145.00, 397, 405, 1, 8
2026-08-31T17:23:37.0670783+07:00,2026/08/31 17:23:37.100, NVIDIA GeForce RTX 5060, 591.86, P8, 30, 3, 852, 8151, 9.71, 145.00, 435, 405, 1, 8
2026-08-31T17:23:42.1169220+07:00,2026/08/31 17:23:42.149, NVIDIA GeForce RTX 5060, 591.86, P3, 30, 1, 858, 8151, 20.99, 145.00, 1702, 7001, 4, 8
2026-08-31T17:23:47.1663502+07:00,2026/08/31 17:23:47.200, NVIDIA GeForce RTX 5060, 591.86, P8, 30, 2, 858, 8151, 10.07, 145.00, 570, 405, 1, 8
2026-08-31T17:23:52.2175292+07:00,2026/08/31 17:23:52.248, NVIDIA GeForce RTX 5060, 591.86, P8, 30, 2, 876, 8151, 9.83, 145.00, 367, 405, 4, 8
2026-08-31T17:23:57.2664396+07:00,2026/08/31 17:23:57.299, NVIDIA GeForce RTX 5060, 591.86, P3, 30, 0, 848, 8151, 13.11, 145.00, 465, 7001, 4, 8
2026-08-31T17:24:02.3485577+07:00,2026/08/31 17:24:02.382, NVIDIA GeForce RTX 5060, 591.86, P8, 30, 0, 846, 8151, 9.22, 145.00, 330, 405, 1, 8
2026-08-31T17:24:07.3843936+07:00,2026/08/31 17:24:07.415, NVIDIA GeForce RTX 5060, 591.86, P8, 30, 1, 846, 8151, 9.40, 145.00, 382, 405, 1, 8
2026-08-31T17:24:12.4245866+07:00,2026/08/31 17:24:12.455, NVIDIA GeForce RTX 5060, 591.86, P8, 30, 0, 895, 8151, 8.61, 145.00, 255, 405, 1, 8
2026-08-31T17:24:17.4584433+07:00,2026/08/31 17:24:17.489, NVIDIA GeForce RTX 5060, 591.86, P0, 31, 0, 897, 8151, 23.13, 145.00, 2527, 14201, 4, 8
2026-08-31T17:24:22.4901298+07:00,2026/08/31 17:24:22.521, NVIDIA GeForce RTX 5060, 591.86, P8, 30, 0, 880, 8151, 8.37, 145.00, 247, 405, 1, 8
2026-08-31T17:24:27.5271158+07:00,2026/08/31 17:24:27.558, NVIDIA GeForce RTX 5060, 591.86, P8, 30, 1, 882, 8151, 8.88, 145.00, 247, 405, 1, 8
2026-08-31T17:24:32.5988731+07:00,2026/08/31 17:24:32.631, NVIDIA GeForce RTX 5060, 591.86, P8, 30, 0, 885, 8151, 8.45, 145.00, 255, 405, 1, 8
2026-08-31T17:24:37.6467795+07:00,2026/08/31 17:24:37.681, NVIDIA GeForce RTX 5060, 591.86, P5, 30, 1, 918, 8151, 10.17, 145.00, 397, 810, 1, 8
2026-08-31T17:24:42.7008020+07:00,2026/08/31 17:24:42.730, NVIDIA GeForce RTX 5060, 591.86, P5, 30, 0, 1013, 8151, 11.41, 145.00, 555, 810, 2, 8
2026-08-31T17:24:47.7316287+07:00,2026/08/31 17:24:47.779, NVIDIA GeForce RTX 5060, 591.86, P8, 30, 0, 992, 8151, 8.28, 145.00, 210, 405, 1, 8
2026-08-31T17:24:52.7970767+07:00,2026/08/31 17:24:52.830, NVIDIA GeForce RTX 5060, 591.86, P8, 30, 0, 954, 8151, 8.41, 145.00, 262, 405, 1, 8
2026-08-31T17:24:57.8447800+07:00,2026/08/31 17:24:57.879, NVIDIA GeForce RTX 5060, 591.86, P8, 30, 0, 916, 8151, 10.12, 145.00, 825, 405, 1, 8
2026-08-31T17:25:02.9633396+07:00,2026/08/31 17:25:02.996, NVIDIA GeForce RTX 5060, 591.86, P5, 30, 9, 908, 8151, 12.53, 145.00, 885, 810, 2, 8
2026-08-31T17:25:08.0039594+07:00,2026/08/31 17:25:08.029, NVIDIA GeForce RTX 5060, 591.86, P8, 30, 0, 913, 8151, 11.10, 145.00, 337, 405, 1, 8
2026-08-31T17:25:13.0439124+07:00,2026/08/31 17:25:13.075, NVIDIA GeForce RTX 5060, 591.86, P8, 30, 1, 930, 8151, 9.26, 145.00, 285, 405, 1, 8
2026-08-31T17:25:18.0761504+07:00,2026/08/31 17:25:18.112, NVIDIA GeForce RTX 5060, 591.86, P8, 30, 15, 926, 8151, 10.56, 145.00, 615, 405, 1, 8
2026-08-31T17:25:23.1276896+07:00,2026/08/31 17:25:23.156, NVIDIA GeForce RTX 5060, 591.86, P8, 30, 0, 922, 8151, 8.90, 145.00, 307, 405, 1, 8
2026-08-31T17:25:28.1767582+07:00,2026/08/31 17:25:28.208, NVIDIA GeForce RTX 5060, 591.86, P8, 30, 0, 935, 8151, 9.59, 145.00, 637, 405, 1, 8
2026-08-31T17:25:33.2793171+07:00,2026/08/31 17:25:33.310, NVIDIA GeForce RTX 5060, 591.86, P0, 31, 0, 951, 8151, 22.25, 145.00, 2520, 14201, 4, 8
2026-08-31T17:25:38.3172078+07:00,2026/08/31 17:25:38.344, NVIDIA GeForce RTX 5060, 591.86, P8, 30, 0, 946, 8151, 8.32, 145.00, 255, 405, 1, 8
2026-08-31T17:25:43.3542388+07:00,2026/08/31 17:25:43.385, NVIDIA GeForce RTX 5060, 591.86, P8, 30, 0, 937, 8151, 8.52, 145.00, 210, 405, 1, 8
2026-08-31T17:25:48.4008568+07:00,2026/08/31 17:25:48.432, NVIDIA GeForce RTX 5060, 591.86, P8, 30, 0, 933, 8151, 8.78, 145.00, 345, 405, 1, 8
2026-08-31T17:25:53.4407902+07:00,2026/08/31 17:25:53.472, NVIDIA GeForce RTX 5060, 591.86, P8, 30, 0, 933, 8151, 8.40, 145.00, 202, 405, 1, 8
2026-08-31T17:25:58.4840236+07:00,2026/08/31 17:25:58.515, NVIDIA GeForce RTX 5060, 591.86, P8, 30, 0, 933, 8151, 8.74, 145.00, 270, 405, 1, 8
2026-08-31T17:26:03.5602059+07:00,2026/08/31 17:26:03.593, NVIDIA GeForce RTX 5060, 591.86, P0, 31, 1, 963, 8151, 23.96, 145.00, 2565, 14201, 4, 8
2026-08-31T17:26:08.6088519+07:00,2026/08/31 17:26:08.642, NVIDIA GeForce RTX 5060, 591.86, P8, 30, 2, 987, 8151, 9.99, 145.00, 420, 405, 1, 8
2026-08-31T17:26:13.6589156+07:00,2026/08/31 17:26:13.691, NVIDIA GeForce RTX 5060, 591.86, P8, 30, 1, 923, 8151, 10.41, 145.00, 382, 405, 1, 8
2026-08-31T17:26:18.6997107+07:00,2026/08/31 17:26:18.742, NVIDIA GeForce RTX 5060, 591.86, P8, 30, 1, 952, 8151, 10.47, 145.00, 390, 405, 1, 8
2026-08-31T17:26:23.7588807+07:00,2026/08/31 17:26:23.805, NVIDIA GeForce RTX 5060, 591.86, P8, 30, 1, 939, 8151, 9.30, 145.00, 375, 405, 1, 8
2026-08-31T17:26:28.8240921+07:00,2026/08/31 17:26:28.858, NVIDIA GeForce RTX 5060, 591.86, P3, 30, 0, 935, 8151, 15.81, 145.00, 555, 7001, 4, 8
2026-08-31T17:26:33.9246445+07:00,2026/08/31 17:26:33.957, NVIDIA GeForce RTX 5060, 591.86, P8, 30, 1, 931, 8151, 9.40, 145.00, 382, 405, 1, 8
2026-08-31T17:26:38.9745781+07:00,2026/08/31 17:26:39.007, NVIDIA GeForce RTX 5060, 591.86, P8, 30, 1, 931, 8151, 9.57, 145.00, 405, 405, 1, 8
2026-08-31T17:26:44.0242619+07:00,2026/08/31 17:26:44.057, NVIDIA GeForce RTX 5060, 591.86, P8, 30, 1, 924, 8151, 9.44, 145.00, 405, 405, 1, 8
2026-08-31T17:26:49.0752661+07:00,2026/08/31 17:26:49.107, NVIDIA GeForce RTX 5060, 591.86, P8, 30, 0, 924, 8151, 9.38, 145.00, 390, 405, 1, 8
2026-08-31T17:26:54.1237957+07:00,2026/08/31 17:26:54.156, NVIDIA GeForce RTX 5060, 591.86, P8, 30, 1, 924, 8151, 9.41, 145.00, 412, 405, 1, 8
2026-08-31T17:26:59.1759480+07:00,2026/08/31 17:26:59.206, NVIDIA GeForce RTX 5060, 591.86, P8, 30, 1, 924, 8151, 9.35, 145.00, 390, 405, 1, 8
2026-08-31T17:27:04.2724515+07:00,2026/08/31 17:27:04.306, NVIDIA GeForce RTX 5060, 591.86, P8, 30, 1, 924, 8151, 9.38, 145.00, 405, 405, 1, 8
2026-08-31T17:27:09.3225025+07:00,2026/08/31 17:27:09.356, NVIDIA GeForce RTX 5060, 591.86, P8, 30, 1, 924, 8151, 9.41, 145.00, 412, 405, 1, 8
2026-08-31T17:27:14.3733640+07:00,2026/08/31 17:27:14.406, NVIDIA GeForce RTX 5060, 591.86, P8, 30, 1, 921, 8151, 9.32, 145.00, 397, 405, 1, 8
2026-08-31T17:27:19.4222401+07:00,2026/08/31 17:27:19.455, NVIDIA GeForce RTX 5060, 591.86, P8, 30, 1, 921, 8151, 9.61, 145.00, 427, 405, 1, 8
2026-08-31T17:27:24.4722042+07:00,2026/08/31 17:27:24.505, NVIDIA GeForce RTX 5060, 591.86, P8, 30, 1, 921, 8151, 9.43, 145.00, 412, 405, 1, 8
2026-08-31T17:27:29.5223855+07:00,2026/08/31 17:27:29.555, NVIDIA GeForce RTX 5060, 591.86, P8, 30, 1, 921, 8151, 9.43, 145.00, 397, 405, 1, 8
2026-08-31T17:27:34.6211931+07:00,2026/08/31 17:27:34.654, NVIDIA GeForce RTX 5060, 591.86, P8, 30, 1, 921, 8151, 9.38, 145.00, 382, 405, 1, 8
2026-08-31T17:27:39.6720155+07:00,2026/08/31 17:27:39.705, NVIDIA GeForce RTX 5060, 591.86, P8, 30, 2, 922, 8151, 9.50, 145.00, 412, 405, 1, 8
2026-08-31T17:27:44.7209271+07:00,2026/08/31 17:27:44.754, NVIDIA GeForce RTX 5060, 591.86, P8, 30, 1, 921, 8151, 9.49, 145.00, 427, 405, 1, 8
2026-08-31T17:27:49.7703493+07:00,2026/08/31 17:27:49.805, NVIDIA GeForce RTX 5060, 591.86, P8, 30, 2, 945, 8151, 11.54, 145.00, 720, 405, 1, 8
2026-08-31T17:27:54.8211868+07:00,2026/08/31 17:27:54.853, NVIDIA GeForce RTX 5060, 591.86, P8, 30, 2, 950, 8151, 9.51, 145.00, 435, 405, 1, 8
2026-08-31T17:27:59.8700382+07:00,2026/08/31 17:27:59.969, NVIDIA GeForce RTX 5060, 591.86, P8, 30, 1, 950, 8151, 9.38, 145.00, 375, 405, 1, 8
2026-08-31T17:28:05.0540802+07:00,2026/08/31 17:28:05.087, NVIDIA GeForce RTX 5060, 591.86, P8, 30, 1, 950, 8151, 9.27, 145.00, 435, 405, 1, 8
2026-08-31T17:28:10.1025209+07:00,2026/08/31 17:28:10.137, NVIDIA GeForce RTX 5060, 591.86, P8, 30, 1, 950, 8151, 9.23, 145.00, 405, 405, 1, 8
2026-08-31T17:28:15.1534298+07:00,2026/08/31 17:28:15.186, NVIDIA GeForce RTX 5060, 591.86, P8, 30, 1, 950, 8151, 9.41, 145.00, 375, 405, 1, 8
2026-08-31T17:28:20.1893767+07:00,2026/08/31 17:28:20.219, NVIDIA GeForce RTX 5060, 591.86, P8, 30, 1, 948, 8151, 9.28, 145.00, 412, 405, 1, 8
2026-08-31T17:28:25.2767140+07:00,2026/08/31 17:28:25.319, NVIDIA GeForce RTX 5060, 591.86, P8, 30, 1, 942, 8151, 9.38, 145.00, 405, 405, 1, 8
2026-08-31T17:28:30.3370292+07:00,2026/08/31 17:28:30.369, NVIDIA GeForce RTX 5060, 591.86, P8, 30, 1, 942, 8151, 9.49, 145.00, 420, 405, 1, 8
2026-08-31T17:28:35.4523304+07:00,2026/08/31 17:28:35.484, NVIDIA GeForce RTX 5060, 591.86, P8, 30, 1, 942, 8151, 9.44, 145.00, 412, 405, 1, 8
2026-08-31T17:28:40.5004365+07:00,2026/08/31 17:28:40.534, NVIDIA GeForce RTX 5060, 591.86, P8, 30, 0, 942, 8151, 8.99, 145.00, 360, 405, 1, 8
2026-08-31T17:28:45.5511268+07:00,2026/08/31 17:28:45.584, NVIDIA GeForce RTX 5060, 591.86, P8, 30, 1, 942, 8151, 9.49, 145.00, 442, 405, 1, 8
2026-08-31T17:28:50.6015173+07:00,2026/08/31 17:28:50.634, NVIDIA GeForce RTX 5060, 591.86, P8, 30, 1, 942, 8151, 9.46, 145.00, 375, 405, 1, 8
2026-08-31T17:28:55.6360335+07:00,2026/08/31 17:28:55.667, NVIDIA GeForce RTX 5060, 591.86, P8, 30, 1, 942, 8151, 9.53, 145.00, 442, 405, 1, 8
2026-08-31T17:29:00.6720890+07:00,2026/08/31 17:29:00.700, NVIDIA GeForce RTX 5060, 591.86, P0, 31, 1, 966, 8151, 22.53, 145.00, 2542, 14201, 4, 8
2026-08-31T17:29:05.7675067+07:00,2026/08/31 17:29:05.800, NVIDIA GeForce RTX 5060, 591.86, P8, 30, 0, 957, 8151, 9.43, 145.00, 375, 405, 1, 8
2026-08-31T17:29:10.8176335+07:00,2026/08/31 17:29:10.850, NVIDIA GeForce RTX 5060, 591.86, P8, 30, 1, 955, 8151, 9.43, 145.00, 412, 405, 1, 8
2026-08-31T17:29:15.8670831+07:00,2026/08/31 17:29:15.899, NVIDIA GeForce RTX 5060, 591.86, P8, 30, 0, 955, 8151, 9.34, 145.00, 397, 405, 1, 8
2026-08-31T17:29:20.9167448+07:00,2026/08/31 17:29:20.947, NVIDIA GeForce RTX 5060, 591.86, P8, 30, 1, 955, 8151, 9.45, 145.00, 412, 405, 1, 8
2026-08-31T17:29:25.9653256+07:00,2026/08/31 17:29:25.998, NVIDIA GeForce RTX 5060, 591.86, P8, 30, 0, 955, 8151, 8.83, 145.00, 285, 405, 1, 8
2026-08-31T17:29:31.0076681+07:00,2026/08/31 17:29:31.039, NVIDIA GeForce RTX 5060, 591.86, P8, 30, 0, 953, 8151, 8.79, 145.00, 322, 405, 1, 8
2026-08-31T17:29:36.0716728+07:00,2026/08/31 17:29:36.103, NVIDIA GeForce RTX 5060, 591.86, P1, 29, 0, 953, 8151, 8.06, 145.00, 210, 14001, 4, 8
2026-08-31T17:29:41.1145225+07:00,2026/08/31 17:29:41.146, NVIDIA GeForce RTX 5060, 591.86, P8, 30, 1, 948, 8151, 9.00, 145.00, 300, 405, 1, 8
2026-08-31T17:29:46.1533522+07:00,2026/08/31 17:29:46.185, NVIDIA GeForce RTX 5060, 591.86, P8, 29, 0, 948, 8151, 8.28, 145.00, 210, 405, 1, 8
2026-08-31T17:29:51.1878995+07:00,2026/08/31 17:29:51.212, NVIDIA GeForce RTX 5060, 591.86, P5, 30, 0, 948, 8151, 9.00, 145.00, 210, 810, 2, 8
2026-08-31T17:29:56.2313444+07:00,2026/08/31 17:29:56.262, NVIDIA GeForce RTX 5060, 591.86, P8, 30, 2, 944, 8151, 10.80, 145.00, 547, 405, 1, 8
2026-08-31T17:30:01.2801246+07:00,2026/08/31 17:30:01.307, NVIDIA GeForce RTX 5060, 591.86, P0, 31, 0, 956, 8151, 22.17, 145.00, 2542, 14201, 4, 8
2026-08-31T17:30:06.3619317+07:00,2026/08/31 17:30:06.393, NVIDIA GeForce RTX 5060, 591.86, P0, 31, 0, 975, 8151, 21.16, 145.00, 2520, 14201, 4, 8
2026-08-31T17:30:11.4082230+07:00,2026/08/31 17:30:11.439, NVIDIA GeForce RTX 5060, 591.86, P8, 30, 0, 969, 8151, 8.88, 145.00, 262, 405, 1, 8
2026-08-31T17:30:16.4478873+07:00,2026/08/31 17:30:16.480, NVIDIA GeForce RTX 5060, 591.86, P8, 30, 3, 964, 8151, 10.30, 145.00, 585, 405, 1, 8
2026-08-31T17:30:21.4967894+07:00,2026/08/31 17:30:21.529, NVIDIA GeForce RTX 5060, 591.86, P5, 30, 10, 1037, 8151, 11.55, 145.00, 720, 810, 2, 8
2026-08-31T17:30:26.5309820+07:00,2026/08/31 17:30:26.555, NVIDIA GeForce RTX 5060, 591.86, P8, 30, 0, 1037, 8151, 10.10, 145.00, 502, 405, 1, 8
2026-08-31T17:30:31.5627125+07:00,2026/08/31 17:30:31.596, NVIDIA GeForce RTX 5060, 591.86, P8, 30, 1, 974, 8151, 9.98, 145.00, 435, 405, 1, 8
2026-08-31T17:30:36.6469857+07:00,2026/08/31 17:30:36.678, NVIDIA GeForce RTX 5060, 591.86, P8, 30, 1, 986, 8151, 9.71, 145.00, 397, 405, 1, 8
2026-08-31T17:30:41.6960275+07:00,2026/08/31 17:30:41.728, NVIDIA GeForce RTX 5060, 591.86, P8, 30, 1, 956, 8151, 9.69, 145.00, 405, 405, 1, 8
2026-08-31T17:30:46.7425912+07:00,2026/08/31 17:30:46.780, NVIDIA GeForce RTX 5060, 591.86, P8, 30, 0, 956, 8151, 9.69, 145.00, 405, 405, 1, 8
2026-08-31T17:30:51.7934113+07:00,2026/08/31 17:30:51.826, NVIDIA GeForce RTX 5060, 591.86, P8, 30, 0, 957, 8151, 9.54, 145.00, 412, 405, 1, 8
2026-08-31T17:30:56.8449510+07:00,2026/08/31 17:30:56.878, NVIDIA GeForce RTX 5060, 591.86, P8, 30, 1, 952, 8151, 9.65, 145.00, 397, 405, 1, 8
2026-08-31T17:31:01.8922613+07:00,2026/08/31 17:31:01.927, NVIDIA GeForce RTX 5060, 591.86, P8, 30, 0, 965, 8151, 9.63, 145.00, 420, 405, 1, 8
2026-08-31T17:31:06.9947650+07:00,2026/08/31 17:31:07.028, NVIDIA GeForce RTX 5060, 591.86, P8, 30, 1, 958, 8151, 9.53, 145.00, 375, 405, 1, 8
2026-08-31T17:31:12.0424067+07:00,2026/08/31 17:31:12.076, NVIDIA GeForce RTX 5060, 591.86, P8, 30, 1, 958, 8151, 9.55, 145.00, 420, 405, 1, 8
2026-08-31T17:31:17.0928850+07:00,2026/08/31 17:31:17.126, NVIDIA GeForce RTX 5060, 591.86, P8, 30, 1, 958, 8151, 9.56, 145.00, 412, 405, 1, 8
2026-08-31T17:31:22.1293345+07:00,2026/08/31 17:31:22.160, NVIDIA GeForce RTX 5060, 591.86, P8, 30, 1, 957, 8151, 9.51, 145.00, 427, 405, 1, 8
2026-08-31T17:31:27.1771402+07:00,2026/08/31 17:31:27.209, NVIDIA GeForce RTX 5060, 591.86, P8, 30, 1, 957, 8151, 9.45, 145.00, 427, 405, 1, 8
2026-08-31T17:31:32.2104718+07:00,2026/08/31 17:31:32.241, NVIDIA GeForce RTX 5060, 591.86, P8, 30, 1, 958, 8151, 9.53, 145.00, 397, 405, 1, 8
2026-08-31T17:31:37.2918152+07:00,2026/08/31 17:31:37.325, NVIDIA GeForce RTX 5060, 591.86, P8, 30, 1, 958, 8151, 9.49, 145.00, 427, 405, 1, 8
2026-08-31T17:31:42.3425416+07:00,2026/08/31 17:31:42.375, NVIDIA GeForce RTX 5060, 591.86, P8, 30, 1, 952, 8151, 9.41, 145.00, 412, 405, 1, 8
2026-08-31T17:31:47.3760796+07:00,2026/08/31 17:31:47.408, NVIDIA GeForce RTX 5060, 591.86, P8, 30, 1, 951, 8151, 9.52, 145.00, 397, 405, 1, 8
2026-08-31T17:31:52.4251802+07:00,2026/08/31 17:31:52.458, NVIDIA GeForce RTX 5060, 591.86, P8, 30, 1, 951, 8151, 9.66, 145.00, 420, 405, 1, 8
2026-08-31T17:31:57.4735430+07:00,2026/08/31 17:31:57.507, NVIDIA GeForce RTX 5060, 591.86, P8, 30, 1, 951, 8151, 9.43, 145.00, 390, 405, 1, 8
2026-08-31T17:32:02.5246420+07:00,2026/08/31 17:32:02.556, NVIDIA GeForce RTX 5060, 591.86, P8, 30, 1, 951, 8151, 9.26, 145.00, 382, 405, 1, 8
2026-08-31T17:32:07.6076372+07:00,2026/08/31 17:32:07.639, NVIDIA GeForce RTX 5060, 591.86, P8, 30, 1, 957, 8151, 9.43, 145.00, 412, 405, 1, 8
2026-08-31T17:32:12.6564948+07:00,2026/08/31 17:32:12.689, NVIDIA GeForce RTX 5060, 591.86, P8, 30, 1, 951, 8151, 9.47, 145.00, 427, 405, 1, 8
2026-08-31T17:32:17.7071158+07:00,2026/08/31 17:32:17.739, NVIDIA GeForce RTX 5060, 591.86, P8, 29, 0, 958, 8151, 9.37, 145.00, 412, 405, 1, 8
2026-08-31T17:32:22.7557773+07:00,2026/08/31 17:32:22.790, NVIDIA GeForce RTX 5060, 591.86, P8, 29, 0, 952, 8151, 9.37, 145.00, 397, 405, 1, 8
2026-08-31T17:32:27.8067511+07:00,2026/08/31 17:32:27.839, NVIDIA GeForce RTX 5060, 591.86, P8, 29, 1, 952, 8151, 9.47, 145.00, 420, 405, 1, 8
2026-08-31T17:32:32.8547964+07:00,2026/08/31 17:32:32.889, NVIDIA GeForce RTX 5060, 591.86, P8, 29, 1, 952, 8151, 9.38, 145.00, 405, 405, 1, 8
2026-08-31T17:32:37.9370451+07:00,2026/08/31 17:32:37.972, NVIDIA GeForce RTX 5060, 591.86, P8, 29, 1, 952, 8151, 9.47, 145.00, 397, 405, 1, 8
2026-08-31T17:32:42.9891758+07:00,2026/08/31 17:32:43.022, NVIDIA GeForce RTX 5060, 591.86, P8, 29, 1, 952, 8151, 9.44, 145.00, 397, 405, 1, 8
2026-08-31T17:32:48.0353886+07:00,2026/08/31 17:32:48.071, NVIDIA GeForce RTX 5060, 591.86, P8, 29, 1, 952, 8151, 9.44, 145.00, 397, 405, 1, 8
2026-08-31T17:32:53.0892136+07:00,2026/08/31 17:32:53.121, NVIDIA GeForce RTX 5060, 591.86, P8, 29, 1, 952, 8151, 9.33, 145.00, 390, 405, 1, 8
2026-08-31T17:32:58.1354788+07:00,2026/08/31 17:32:58.171, NVIDIA GeForce RTX 5060, 591.86, P8, 29, 1, 952, 8151, 9.40, 145.00, 412, 405, 1, 8
2026-08-31T17:33:03.1869040+07:00,2026/08/31 17:33:03.220, NVIDIA GeForce RTX 5060, 591.86, P8, 29, 1, 953, 8151, 9.61, 145.00, 397, 405, 1, 8
2026-08-31T17:33:08.2700806+07:00,2026/08/31 17:33:08.304, NVIDIA GeForce RTX 5060, 591.86, P8, 29, 0, 953, 8151, 9.45, 145.00, 382, 405, 1, 8
2026-08-31T17:33:13.3206801+07:00,2026/08/31 17:33:13.358, NVIDIA GeForce RTX 5060, 591.86, P8, 29, 0, 957, 8151, 8.94, 145.00, 262, 405, 1, 8
2026-08-31T17:33:18.3622494+07:00,2026/08/31 17:33:18.393, NVIDIA GeForce RTX 5060, 591.86, P8, 29, 0, 954, 8151, 8.52, 145.00, 270, 405, 1, 8
2026-08-31T17:33:23.3950811+07:00,2026/08/31 17:33:23.427, NVIDIA GeForce RTX 5060, 591.86, P8, 29, 0, 954, 8151, 8.32, 145.00, 232, 405, 1, 8
2026-08-31T17:33:28.4305479+07:00,2026/08/31 17:33:28.461, NVIDIA GeForce RTX 5060, 591.86, P8, 29, 0, 954, 8151, 8.41, 145.00, 210, 405, 1, 8
2026-08-31T17:33:33.4653529+07:00,2026/08/31 17:33:33.496, NVIDIA GeForce RTX 5060, 591.86, P8, 29, 0, 954, 8151, 8.38, 145.00, 232, 405, 1, 8
2026-08-31T17:33:38.5322862+07:00,2026/08/31 17:33:38.563, NVIDIA GeForce RTX 5060, 591.86, P8, 29, 0, 954, 8151, 8.32, 145.00, 210, 405, 1, 8
2026-08-31T17:33:43.5666304+07:00,2026/08/31 17:33:43.598, NVIDIA GeForce RTX 5060, 591.86, P8, 29, 0, 954, 8151, 8.40, 145.00, 210, 405, 1, 8
2026-08-31T17:33:48.6014379+07:00,2026/08/31 17:33:48.632, NVIDIA GeForce RTX 5060, 591.86, P8, 29, 0, 954, 8151, 8.36, 145.00, 232, 405, 1, 8
2026-08-31T17:33:53.6349241+07:00,2026/08/31 17:33:53.668, NVIDIA GeForce RTX 5060, 591.86, P8, 29, 0, 954, 8151, 8.48, 145.00, 210, 405, 1, 8
2026-08-31T17:33:58.6720300+07:00,2026/08/31 17:33:58.703, NVIDIA GeForce RTX 5060, 591.86, P8, 29, 0, 954, 8151, 8.33, 145.00, 210, 405, 1, 8
2026-08-31T17:34:03.7082306+07:00,2026/08/31 17:34:03.739, NVIDIA GeForce RTX 5060, 591.86, P8, 29, 0, 954, 8151, 8.34, 145.00, 232, 405, 1, 8
2026-08-31T17:34:08.7904384+07:00,2026/08/31 17:34:08.821, NVIDIA GeForce RTX 5060, 591.86, P8, 29, 0, 954, 8151, 8.42, 145.00, 210, 405, 1, 8
2026-08-31T17:34:13.8250686+07:00,2026/08/31 17:34:13.856, NVIDIA GeForce RTX 5060, 591.86, P8, 29, 0, 954, 8151, 8.33, 145.00, 232, 405, 1, 8
2026-08-31T17:34:18.8594770+07:00,2026/08/31 17:34:18.891, NVIDIA GeForce RTX 5060, 591.86, P8, 29, 0, 954, 8151, 8.32, 145.00, 232, 405, 1, 8
2026-08-31T17:34:23.8954617+07:00,2026/08/31 17:34:23.926, NVIDIA GeForce RTX 5060, 591.86, P8, 29, 0, 954, 8151, 8.37, 145.00, 210, 405, 1, 8
2026-08-31T17:34:28.9305783+07:00,2026/08/31 17:34:28.961, NVIDIA GeForce RTX 5060, 591.86, P8, 29, 0, 954, 8151, 8.50, 145.00, 232, 405, 1, 8
2026-08-31T17:34:33.9646622+07:00,2026/08/31 17:34:33.996, NVIDIA GeForce RTX 5060, 591.86, P8, 29, 0, 954, 8151, 8.38, 145.00, 210, 405, 1, 8
2026-08-31T17:34:39.0315325+07:00,2026/08/31 17:34:39.062, NVIDIA GeForce RTX 5060, 591.86, P8, 29, 0, 954, 8151, 8.41, 145.00, 202, 405, 1, 8
2026-08-31T17:34:44.0675409+07:00,2026/08/31 17:34:44.098, NVIDIA GeForce RTX 5060, 591.86, P8, 29, 0, 954, 8151, 8.37, 145.00, 232, 405, 1, 8
2026-08-31T17:34:49.1030682+07:00,2026/08/31 17:34:49.131, NVIDIA GeForce RTX 5060, 591.86, P8, 29, 0, 954, 8151, 8.27, 145.00, 210, 405, 1, 8
2026-08-31T17:34:54.1371669+07:00,2026/08/31 17:34:54.169, NVIDIA GeForce RTX 5060, 591.86, P8, 29, 0, 954, 8151, 8.23, 145.00, 232, 405, 1, 8
2026-08-31T17:34:59.1715979+07:00,2026/08/31 17:34:59.202, NVIDIA GeForce RTX 5060, 591.86, P8, 29, 0, 954, 8151, 8.09, 145.00, 225, 405, 1, 8
2026-08-31T17:35:04.2068708+07:00,2026/08/31 17:35:04.238, NVIDIA GeForce RTX 5060, 591.86, P8, 29, 0, 954, 8151, 8.16, 145.00, 210, 405, 1, 8
2026-08-31T17:35:09.2725496+07:00,2026/08/31 17:35:09.303, NVIDIA GeForce RTX 5060, 591.86, P8, 29, 0, 954, 8151, 8.09, 145.00, 232, 405, 1, 8
2026-08-31T17:35:14.3133377+07:00,2026/08/31 17:35:14.344, NVIDIA GeForce RTX 5060, 591.86, P0, 30, 0, 1007, 8151, 21.85, 145.00, 2535, 14201, 4, 8
2026-08-31T17:35:19.3556033+07:00,2026/08/31 17:35:19.379, NVIDIA GeForce RTX 5060, 591.86, P8, 29, 3, 959, 8151, 9.83, 145.00, 397, 405, 1, 8
2026-08-31T17:35:24.3972343+07:00,2026/08/31 17:35:24.430, NVIDIA GeForce RTX 5060, 591.86, P8, 30, 12, 991, 8151, 12.20, 145.00, 757, 405, 1, 8
2026-08-31T17:35:29.4350111+07:00,2026/08/31 17:35:29.466, NVIDIA GeForce RTX 5060, 591.86, P5, 29, 0, 1021, 8151, 11.75, 145.00, 600, 810, 2, 8
2026-08-31T17:35:34.4802800+07:00,2026/08/31 17:35:34.511, NVIDIA GeForce RTX 5060, 591.86, P8, 29, 0, 1017, 8151, 8.57, 145.00, 210, 405, 1, 8
2026-08-31T17:35:39.5590131+07:00,2026/08/31 17:35:39.590, NVIDIA GeForce RTX 5060, 591.86, P8, 29, 0, 1011, 8151, 8.36, 145.00, 210, 405, 1, 8
2026-08-31T17:35:44.5966847+07:00,2026/08/31 17:35:44.629, NVIDIA GeForce RTX 5060, 591.86, P8, 29, 1, 1004, 8151, 9.89, 145.00, 547, 405, 1, 8
2026-08-31T17:35:49.6443378+07:00,2026/08/31 17:35:49.677, NVIDIA GeForce RTX 5060, 591.86, P8, 29, 1, 1004, 8151, 10.04, 145.00, 510, 405, 1, 8
2026-08-31T17:35:54.6947978+07:00,2026/08/31 17:35:54.728, NVIDIA GeForce RTX 5060, 591.86, P8, 29, 1, 1004, 8151, 10.01, 145.00, 547, 405, 1, 8
2026-08-31T17:35:59.7436091+07:00,2026/08/31 17:35:59.777, NVIDIA GeForce RTX 5060, 591.86, P8, 29, 1, 1004, 8151, 10.06, 145.00, 547, 405, 1, 8
2026-08-31T17:36:04.7945500+07:00,2026/08/31 17:36:04.827, NVIDIA GeForce RTX 5060, 591.86, P8, 29, 1, 1004, 8151, 9.97, 145.00, 502, 405, 1, 8
2026-08-31T17:36:09.8768106+07:00,2026/08/31 17:36:09.911, NVIDIA GeForce RTX 5060, 591.86, P8, 29, 1, 1004, 8151, 10.21, 145.00, 525, 405, 1, 8
2026-08-31T17:36:14.9124443+07:00,2026/08/31 17:36:14.943, NVIDIA GeForce RTX 5060, 591.86, P8, 29, 1, 1004, 8151, 10.01, 145.00, 525, 405, 1, 8
2026-08-31T17:36:19.9599824+07:00,2026/08/31 17:36:19.993, NVIDIA GeForce RTX 5060, 591.86, P8, 29, 1, 1001, 8151, 9.93, 145.00, 532, 405, 1, 8
2026-08-31T17:36:25.0106235+07:00,2026/08/31 17:36:25.043, NVIDIA GeForce RTX 5060, 591.86, P8, 29, 1, 1001, 8151, 10.09, 145.00, 547, 405, 1, 8
2026-08-31T17:36:30.0605340+07:00,2026/08/31 17:36:30.092, NVIDIA GeForce RTX 5060, 591.86, P8, 29, 1, 1002, 8151, 10.08, 145.00, 592, 405, 1, 8
2026-08-31T17:36:35.1100711+07:00,2026/08/31 17:36:35.143, NVIDIA GeForce RTX 5060, 591.86, P8, 29, 1, 995, 8151, 10.06, 145.00, 555, 405, 1, 8
2026-08-31T17:36:40.1938180+07:00,2026/08/31 17:36:40.226, NVIDIA GeForce RTX 5060, 591.86, P8, 29, 1, 1007, 8151, 10.08, 145.00, 502, 405, 1, 8
2026-08-31T17:36:45.2422576+07:00,2026/08/31 17:36:45.275, NVIDIA GeForce RTX 5060, 591.86, P8, 29, 1, 1002, 8151, 10.15, 145.00, 547, 405, 1, 8
2026-08-31T17:36:50.2934544+07:00,2026/08/31 17:36:50.325, NVIDIA GeForce RTX 5060, 591.86, P8, 29, 1, 1002, 8151, 10.09, 145.00, 525, 405, 1, 8
2026-08-31T17:36:55.3269771+07:00,2026/08/31 17:36:55.359, NVIDIA GeForce RTX 5060, 591.86, P8, 29, 1, 1002, 8151, 9.96, 145.00, 532, 405, 1, 8
2026-08-31T17:37:00.3744620+07:00,2026/08/31 17:37:00.408, NVIDIA GeForce RTX 5060, 591.86, P8, 29, 1, 1002, 8151, 10.12, 145.00, 517, 405, 1, 8
2026-08-31T17:37:05.4097917+07:00,2026/08/31 17:37:05.441, NVIDIA GeForce RTX 5060, 591.86, P8, 29, 1, 1005, 8151, 9.88, 145.00, 495, 405, 1, 8
2026-08-31T17:37:10.4775256+07:00,2026/08/31 17:37:10.508, NVIDIA GeForce RTX 5060, 591.86, P8, 29, 1, 999, 8151, 9.85, 145.00, 540, 405, 1, 8
2026-08-31T17:37:15.5216350+07:00,2026/08/31 17:37:15.555, NVIDIA GeForce RTX 5060, 591.86, P8, 29, 0, 999, 8151, 9.06, 145.00, 352, 405, 1, 8
2026-08-31T17:37:20.5725216+07:00,2026/08/31 17:37:20.604, NVIDIA GeForce RTX 5060, 591.86, P8, 29, 0, 999, 8151, 8.39, 145.00, 210, 405, 1, 8
2026-08-31T17:37:25.6063246+07:00,2026/08/31 17:37:25.637, NVIDIA GeForce RTX 5060, 591.86, P8, 29, 0, 999, 8151, 7.76, 145.00, 210, 405, 1, 8
2026-08-31T17:37:30.6394978+07:00,2026/08/31 17:37:30.670, NVIDIA GeForce RTX 5060, 591.86, P8, 29, 0, 999, 8151, 8.28, 145.00, 210, 405, 1, 8
2026-08-31T17:37:35.6737363+07:00,2026/08/31 17:37:35.720, NVIDIA GeForce RTX 5060, 591.86, P1, 30, 0, 998, 8151, 12.25, 145.00, 210, 14001, 4, 8
2026-08-31T17:37:40.7518546+07:00,2026/08/31 17:37:40.783, NVIDIA GeForce RTX 5060, 591.86, P5, 30, 0, 998, 8151, 13.95, 145.00, 202, 810, 2, 8
2026-08-31T17:37:45.7852098+07:00,2026/08/31 17:37:45.816, NVIDIA GeForce RTX 5060, 591.86, P8, 29, 0, 998, 8151, 7.94, 145.00, 210, 405, 1, 8
2026-08-31T17:37:50.8188167+07:00,2026/08/31 17:37:50.850, NVIDIA GeForce RTX 5060, 591.86, P1, 29, 0, 998, 8151, 9.04, 145.00, 210, 14001, 4, 8
2026-08-31T17:37:55.8508868+07:00,2026/08/31 17:37:55.882, NVIDIA GeForce RTX 5060, 591.86, P8, 29, 0, 998, 8151, 8.92, 145.00, 210, 405, 1, 8
2026-08-31T17:38:00.8841819+07:00,2026/08/31 17:38:00.915, NVIDIA GeForce RTX 5060, 591.86, P1, 29, 0, 998, 8151, 7.91, 145.00, 210, 14001, 4, 8
2026-08-31T17:38:05.9184414+07:00,2026/08/31 17:38:05.949, NVIDIA GeForce RTX 5060, 591.86, P8, 29, 0, 998, 8151, 7.95, 145.00, 210, 405, 1, 8
2026-08-31T17:38:10.9829595+07:00,2026/08/31 17:38:11.014, NVIDIA GeForce RTX 5060, 591.86, P8, 29, 0, 998, 8151, 10.09, 145.00, 210, 810, 1, 8
2026-08-31T17:38:16.0158649+07:00,2026/08/31 17:38:16.047, NVIDIA GeForce RTX 5060, 591.86, P8, 29, 0, 998, 8151, 7.95, 145.00, 210, 405, 1, 8
2026-08-31T17:38:21.0486475+07:00,2026/08/31 17:38:21.079, NVIDIA GeForce RTX 5060, 591.86, P8, 29, 0, 1000, 8151, 8.44, 145.00, 210, 405, 1, 8
2026-08-31T17:38:26.0818906+07:00,2026/08/31 17:38:26.113, NVIDIA GeForce RTX 5060, 591.86, P1, 29, 0, 1000, 8151, 7.97, 145.00, 210, 405, 4, 8
2026-08-31T17:38:31.1155537+07:00,2026/08/31 17:38:31.146, NVIDIA GeForce RTX 5060, 591.86, P1, 30, 0, 1000, 8151, 10.34, 145.00, 210, 14001, 4, 8
2026-08-31T17:38:36.1476618+07:00,2026/08/31 17:38:36.178, NVIDIA GeForce RTX 5060, 591.86, P1, 30, 0, 1000, 8151, 12.17, 145.00, 210, 14001, 4, 8
2026-08-31T17:38:41.2127611+07:00,2026/08/31 17:38:41.244, NVIDIA GeForce RTX 5060, 591.86, P1, 29, 0, 1000, 8151, 7.92, 145.00, 210, 405, 4, 8
2026-08-31T17:38:46.2466336+07:00,2026/08/31 17:38:46.277, NVIDIA GeForce RTX 5060, 591.86, P8, 29, 0, 1000, 8151, 8.12, 145.00, 210, 405, 1, 8
2026-08-31T17:38:51.2798303+07:00,2026/08/31 17:38:51.311, NVIDIA GeForce RTX 5060, 591.86, P8, 29, 0, 1004, 8151, 7.95, 145.00, 210, 405, 1, 8
2026-08-31T17:38:56.3133854+07:00,2026/08/31 17:38:56.345, NVIDIA GeForce RTX 5060, 591.86, P1, 30, 0, 1004, 8151, 14.85, 145.00, 210, 14001, 4, 8
2026-08-31T17:39:01.3610890+07:00,2026/08/31 17:39:01.392, NVIDIA GeForce RTX 5060, 591.86, P8, 29, 0, 1004, 8151, 8.00, 145.00, 210, 405, 1, 8
2026-08-31T17:39:06.3959683+07:00,2026/08/31 17:39:06.427, NVIDIA GeForce RTX 5060, 591.86, P8, 29, 0, 1004, 8151, 8.21, 145.00, 210, 405, 1, 8
2026-08-31T17:39:11.4594167+07:00,2026/08/31 17:39:11.490, NVIDIA GeForce RTX 5060, 591.86, P8, 29, 0, 1169, 8151, 8.31, 145.00, 210, 405, 1, 8
2026-08-31T17:39:16.4925175+07:00,2026/08/31 17:39:16.523, NVIDIA GeForce RTX 5060, 591.86, P1, 30, 0, 981, 8151, 11.40, 145.00, 232, 14001, 4, 8
2026-08-31T17:39:21.5252117+07:00,2026/08/31 17:39:21.557, NVIDIA GeForce RTX 5060, 591.86, P1, 30, 0, 982, 8151, 14.88, 145.00, 210, 14001, 4, 8
2026-08-31T17:39:26.5587267+07:00,2026/08/31 17:39:26.589, NVIDIA GeForce RTX 5060, 591.86, P1, 30, 0, 982, 8151, 14.66, 145.00, 210, 14001, 4, 8
2026-08-31T17:39:31.5917031+07:00,2026/08/31 17:39:31.622, NVIDIA GeForce RTX 5060, 591.86, P8, 29, 0, 982, 8151, 7.78, 145.00, 210, 405, 4, 8
2026-08-31T17:39:36.6258339+07:00,2026/08/31 17:39:36.657, NVIDIA GeForce RTX 5060, 591.86, P8, 29, 0, 982, 8151, 9.23, 145.00, 210, 405, 1, 8
2026-08-31T17:39:41.6893502+07:00,2026/08/31 17:39:41.721, NVIDIA GeForce RTX 5060, 591.86, P8, 29, 0, 982, 8151, 7.72, 145.00, 210, 405, 1, 8
2026-08-31T17:39:46.7231623+07:00,2026/08/31 17:39:46.754, NVIDIA GeForce RTX 5060, 591.86, P5, 30, 0, 982, 8151, 14.67, 145.00, 202, 7001, 2, 8
2026-08-31T17:39:51.7561049+07:00,2026/08/31 17:39:51.787, NVIDIA GeForce RTX 5060, 591.86, P8, 29, 0, 982, 8151, 10.37, 145.00, 210, 810, 1, 8
2026-08-31T17:39:56.7893692+07:00,2026/08/31 17:39:56.820, NVIDIA GeForce RTX 5060, 591.86, P1, 30, 0, 982, 8151, 14.73, 145.00, 210, 14001, 4, 8
2026-08-31T17:40:01.8235870+07:00,2026/08/31 17:40:01.855, NVIDIA GeForce RTX 5060, 591.86, P8, 29, 0, 982, 8151, 8.11, 145.00, 210, 405, 1, 8
2026-08-31T17:40:06.8706559+07:00,2026/08/31 17:40:06.901, NVIDIA GeForce RTX 5060, 591.86, P8, 30, 0, 982, 8151, 12.69, 145.00, 210, 810, 1, 8
2026-08-31T17:40:11.9664108+07:00,2026/08/31 17:40:11.997, NVIDIA GeForce RTX 5060, 591.86, P8, 29, 0, 982, 8151, 8.35, 145.00, 210, 405, 1, 8
2026-08-31T17:40:17.0000707+07:00,2026/08/31 17:40:17.030, NVIDIA GeForce RTX 5060, 591.86, P1, 30, 0, 982, 8151, 14.85, 145.00, 210, 14001, 4, 8
2026-08-31T17:40:22.0329828+07:00,2026/08/31 17:40:22.064, NVIDIA GeForce RTX 5060, 591.86, P8, 29, 0, 978, 8151, 8.39, 145.00, 210, 405, 1, 8
2026-08-31T17:40:27.0668716+07:00,2026/08/31 17:40:27.098, NVIDIA GeForce RTX 5060, 591.86, P8, 29, 0, 978, 8151, 7.94, 145.00, 210, 405, 1, 8
2026-08-31T17:40:32.1161354+07:00,2026/08/31 17:40:32.147, NVIDIA GeForce RTX 5060, 591.86, P8, 29, 0, 978, 8151, 7.93, 145.00, 210, 405, 1, 8
2026-08-31T17:40:37.1499026+07:00,2026/08/31 17:40:37.180, NVIDIA GeForce RTX 5060, 591.86, P8, 29, 0, 978, 8151, 10.32, 145.00, 210, 405, 1, 8
2026-08-31T17:40:42.2293076+07:00,2026/08/31 17:40:42.260, NVIDIA GeForce RTX 5060, 591.86, P1, 30, 0, 978, 8151, 14.69, 145.00, 210, 14001, 4, 8
2026-08-31T17:40:47.2617592+07:00,2026/08/31 17:40:47.293, NVIDIA GeForce RTX 5060, 591.86, P1, 30, 0, 978, 8151, 14.57, 145.00, 210, 14001, 4, 8
2026-08-31T17:40:52.2959765+07:00,2026/08/31 17:40:52.327, NVIDIA GeForce RTX 5060, 591.86, P8, 29, 0, 974, 8151, 7.86, 145.00, 202, 405, 1, 8
2026-08-31T17:40:57.3284215+07:00,2026/08/31 17:40:57.359, NVIDIA GeForce RTX 5060, 591.86, P5, 29, 0, 974, 8151, 11.31, 145.00, 210, 810, 2, 8
2026-08-31T17:41:02.3619389+07:00,2026/08/31 17:41:02.393, NVIDIA GeForce RTX 5060, 591.86, P8, 29, 0, 974, 8151, 8.15, 145.00, 210, 405, 1, 8
2026-08-31T17:41:07.3956234+07:00,2026/08/31 17:41:07.426, NVIDIA GeForce RTX 5060, 591.86, P8, 29, 0, 974, 8151, 10.08, 145.00, 210, 810, 1, 8
2026-08-31T17:41:12.4588341+07:00,2026/08/31 17:41:12.490, NVIDIA GeForce RTX 5060, 591.86, P8, 29, 0, 974, 8151, 7.86, 145.00, 210, 405, 1, 8
2026-08-31T17:41:17.4933180+07:00,2026/08/31 17:41:17.524, NVIDIA GeForce RTX 5060, 591.86, P8, 29, 0, 974, 8151, 7.88, 145.00, 210, 405, 1, 8
2026-08-31T17:41:22.5261904+07:00,2026/08/31 17:41:22.557, NVIDIA GeForce RTX 5060, 591.86, P8, 29, 0, 974, 8151, 7.88, 145.00, 210, 405, 1, 8
2026-08-31T17:41:27.5595468+07:00,2026/08/31 17:41:27.590, NVIDIA GeForce RTX 5060, 591.86, P5, 29, 0, 974, 8151, 8.59, 145.00, 210, 810, 1, 8
2026-08-31T17:41:32.5920377+07:00,2026/08/31 17:41:32.623, NVIDIA GeForce RTX 5060, 591.86, P8, 29, 0, 974, 8151, 7.93, 145.00, 210, 405, 1, 8
2026-08-31T17:41:37.6248174+07:00,2026/08/31 17:41:37.656, NVIDIA GeForce RTX 5060, 591.86, P3, 30, 0, 974, 8151, 14.62, 145.00, 210, 14001, 2, 8
2026-08-31T17:41:42.7054995+07:00,2026/08/31 17:41:42.736, NVIDIA GeForce RTX 5060, 591.86, P1, 29, 0, 974, 8151, 8.47, 145.00, 210, 14001, 4, 8
2026-08-31T17:41:47.7390676+07:00,2026/08/31 17:41:47.770, NVIDIA GeForce RTX 5060, 591.86, P8, 29, 0, 974, 8151, 8.05, 145.00, 210, 405, 1, 8
2026-08-31T17:41:52.7725128+07:00,2026/08/31 17:41:52.803, NVIDIA GeForce RTX 5060, 591.86, P8, 29, 0, 974, 8151, 7.75, 145.00, 210, 405, 1, 8
2026-08-31T17:41:57.8057083+07:00,2026/08/31 17:41:57.836, NVIDIA GeForce RTX 5060, 591.86, P5, 29, 0, 974, 8151, 11.25, 145.00, 210, 810, 2, 8
2026-08-31T17:42:02.8385876+07:00,2026/08/31 17:42:02.869, NVIDIA GeForce RTX 5060, 591.86, P3, 30, 0, 974, 8151, 14.82, 145.00, 210, 14001, 2, 8
2026-08-31T17:42:07.8715297+07:00,2026/08/31 17:42:07.902, NVIDIA GeForce RTX 5060, 591.86, P8, 29, 0, 974, 8151, 7.72, 145.00, 210, 405, 1, 8
2026-08-31T17:42:12.9364104+07:00,2026/08/31 17:42:12.967, NVIDIA GeForce RTX 5060, 591.86, P8, 29, 0, 974, 8151, 7.79, 145.00, 210, 405, 1, 8
2026-08-31T17:42:17.9689322+07:00,2026/08/31 17:42:18.000, NVIDIA GeForce RTX 5060, 591.86, P8, 29, 0, 974, 8151, 8.09, 145.00, 210, 405, 1, 8
2026-08-31T17:42:23.0030656+07:00,2026/08/31 17:42:23.034, NVIDIA GeForce RTX 5060, 591.86, P8, 29, 0, 974, 8151, 7.84, 145.00, 210, 405, 1, 8
2026-08-31T17:42:28.0351181+07:00,2026/08/31 17:42:28.066, NVIDIA GeForce RTX 5060, 591.86, P8, 29, 0, 974, 8151, 8.04, 145.00, 210, 405, 1, 8
2026-08-31T17:42:33.0702721+07:00,2026/08/31 17:42:33.101, NVIDIA GeForce RTX 5060, 591.86, P5, 29, 0, 974, 8151, 8.37, 145.00, 210, 810, 1, 8
2026-08-31T17:42:38.1022620+07:00,2026/08/31 17:42:38.133, NVIDIA GeForce RTX 5060, 591.86, P5, 29, 0, 974, 8151, 12.77, 145.00, 210, 810, 2, 8
2026-08-31T17:42:43.1663277+07:00,2026/08/31 17:42:43.197, NVIDIA GeForce RTX 5060, 591.86, P3, 29, 0, 974, 8151, 14.82, 145.00, 210, 14001, 4, 8
2026-08-31T17:42:48.2003286+07:00,2026/08/31 17:42:48.231, NVIDIA GeForce RTX 5060, 591.86, P1, 29, 0, 974, 8151, 8.18, 145.00, 210, 14001, 4, 8
2026-08-31T17:42:53.2328106+07:00,2026/08/31 17:42:53.264, NVIDIA GeForce RTX 5060, 591.86, P8, 29, 0, 974, 8151, 8.02, 145.00, 202, 405, 1, 8
2026-08-31T17:42:58.2657125+07:00,2026/08/31 17:42:58.296, NVIDIA GeForce RTX 5060, 591.86, P8, 29, 0, 974, 8151, 7.96, 145.00, 210, 405, 1, 8
2026-08-31T17:43:03.2994346+07:00,2026/08/31 17:43:03.330, NVIDIA GeForce RTX 5060, 591.86, P1, 29, 0, 974, 8151, 10.42, 145.00, 210, 14001, 4, 8
2026-08-31T17:43:08.3325923+07:00,2026/08/31 17:43:08.363, NVIDIA GeForce RTX 5060, 591.86, P8, 29, 0, 974, 8151, 7.78, 145.00, 210, 405, 1, 8
2026-08-31T17:43:13.3969100+07:00,2026/08/31 17:43:13.428, NVIDIA GeForce RTX 5060, 591.86, P5, 29, 0, 974, 8151, 14.82, 145.00, 210, 14001, 2, 8
2026-08-31T17:43:18.4313770+07:00,2026/08/31 17:43:18.462, NVIDIA GeForce RTX 5060, 591.86, P8, 29, 0, 974, 8151, 8.28, 145.00, 210, 405, 1, 8
2026-08-31T17:43:23.4634987+07:00,2026/08/31 17:43:23.494, NVIDIA GeForce RTX 5060, 591.86, P8, 29, 0, 974, 8151, 8.44, 145.00, 210, 405, 1, 8
2026-08-31T17:43:28.4965029+07:00,2026/08/31 17:43:28.527, NVIDIA GeForce RTX 5060, 591.86, P3, 29, 0, 974, 8151, 14.82, 145.00, 210, 14001, 4, 8
2026-08-31T17:43:33.5452784+07:00,2026/08/31 17:43:33.576, NVIDIA GeForce RTX 5060, 591.86, P3, 29, 0, 974, 8151, 14.95, 145.00, 210, 14001, 2, 8
2026-08-31T17:43:38.5943428+07:00,2026/08/31 17:43:38.625, NVIDIA GeForce RTX 5060, 591.86, P8, 29, 0, 974, 8151, 8.03, 145.00, 210, 405, 1, 8
2026-08-31T17:43:43.6745147+07:00,2026/08/31 17:43:43.705, NVIDIA GeForce RTX 5060, 591.86, P8, 29, 0, 974, 8151, 8.32, 145.00, 210, 405, 1, 8
2026-08-31T17:43:48.7066352+07:00,2026/08/31 17:43:48.737, NVIDIA GeForce RTX 5060, 591.86, P1, 29, 0, 974, 8151, 8.27, 145.00, 210, 14001, 4, 8
2026-08-31T17:43:53.7399729+07:00,2026/08/31 17:43:53.771, NVIDIA GeForce RTX 5060, 591.86, P8, 29, 0, 974, 8151, 8.57, 145.00, 210, 405, 1, 8
2026-08-31T17:43:58.7743166+07:00,2026/08/31 17:43:58.805, NVIDIA GeForce RTX 5060, 591.86, P8, 29, 0, 974, 8151, 8.09, 145.00, 210, 405, 1, 8
2026-08-31T17:44:03.8069664+07:00,2026/08/31 17:44:03.838, NVIDIA GeForce RTX 5060, 591.86, P8, 29, 0, 974, 8151, 8.52, 145.00, 210, 405, 1, 8
2026-08-31T17:44:08.8410530+07:00,2026/08/31 17:44:08.872, NVIDIA GeForce RTX 5060, 591.86, P8, 29, 0, 974, 8151, 8.24, 145.00, 210, 405, 1, 8
2026-08-31T17:44:13.9218376+07:00,2026/08/31 17:44:13.952, NVIDIA GeForce RTX 5060, 591.86, P8, 29, 0, 974, 8151, 8.56, 145.00, 210, 405, 1, 8
2026-08-31T17:44:18.9533654+07:00,2026/08/31 17:44:18.984, NVIDIA GeForce RTX 5060, 591.86, P8, 29, 0, 974, 8151, 8.50, 145.00, 210, 405, 1, 8
2026-08-31T17:44:23.9871532+07:00,2026/08/31 17:44:24.018, NVIDIA GeForce RTX 5060, 591.86, P8, 29, 0, 974, 8151, 8.42, 145.00, 202, 405, 1, 8
2026-08-31T17:44:29.0351408+07:00,2026/08/31 17:44:29.066, NVIDIA GeForce RTX 5060, 591.86, P8, 29, 0, 974, 8151, 8.02, 145.00, 210, 405, 1, 8
2026-08-31T17:44:34.0680100+07:00,2026/08/31 17:44:34.099, NVIDIA GeForce RTX 5060, 591.86, P8, 29, 0, 974, 8151, 8.39, 145.00, 210, 405, 1, 8
2026-08-31T17:44:39.1013252+07:00,2026/08/31 17:44:39.133, NVIDIA GeForce RTX 5060, 591.86, P8, 29, 0, 974, 8151, 8.01, 145.00, 210, 405, 1, 8
2026-08-31T17:44:44.1824113+07:00,2026/08/31 17:44:44.213, NVIDIA GeForce RTX 5060, 591.86, P5, 29, 0, 974, 8151, 12.35, 145.00, 210, 810, 2, 8
2026-08-31T17:44:49.2156575+07:00,2026/08/31 17:44:49.246, NVIDIA GeForce RTX 5060, 591.86, P8, 29, 0, 974, 8151, 8.39, 145.00, 210, 405, 1, 8
2026-08-31T17:44:54.2485467+07:00,2026/08/31 17:44:54.279, NVIDIA GeForce RTX 5060, 591.86, P8, 29, 0, 974, 8151, 8.30, 145.00, 210, 405, 1, 8
2026-08-31T17:44:59.2820304+07:00,2026/08/31 17:44:59.313, NVIDIA GeForce RTX 5060, 591.86, P8, 29, 0, 974, 8151, 7.99, 145.00, 210, 405, 1, 8
2026-08-31T17:45:04.3147390+07:00,2026/08/31 17:45:04.345, NVIDIA GeForce RTX 5060, 591.86, P8, 29, 0, 974, 8151, 8.48, 145.00, 210, 405, 1, 8
2026-08-31T17:45:09.3483266+07:00,2026/08/31 17:45:09.379, NVIDIA GeForce RTX 5060, 591.86, P8, 29, 0, 974, 8151, 8.03, 145.00, 210, 405, 1, 8
2026-08-31T17:45:14.4291147+07:00,2026/08/31 17:45:14.460, NVIDIA GeForce RTX 5060, 591.86, P8, 29, 0, 974, 8151, 8.23, 145.00, 210, 405, 1, 8
2026-08-31T17:45:19.4776693+07:00,2026/08/31 17:45:19.508, NVIDIA GeForce RTX 5060, 591.86, P8, 29, 0, 974, 8151, 8.11, 145.00, 210, 405, 1, 8
2026-08-31T17:45:24.5106497+07:00,2026/08/31 17:45:24.542, NVIDIA GeForce RTX 5060, 591.86, P8, 29, 0, 974, 8151, 8.34, 145.00, 210, 405, 1, 8
2026-08-31T17:45:29.5607299+07:00,2026/08/31 17:45:29.591, NVIDIA GeForce RTX 5060, 591.86, P8, 29, 0, 974, 8151, 8.07, 145.00, 210, 405, 1, 8
2026-08-31T17:45:34.5924220+07:00,2026/08/31 17:45:34.623, NVIDIA GeForce RTX 5060, 591.86, P8, 29, 0, 974, 8151, 8.10, 145.00, 210, 405, 1, 8
2026-08-31T17:45:39.6276265+07:00,2026/08/31 17:45:39.659, NVIDIA GeForce RTX 5060, 591.86, P5, 29, 0, 974, 8151, 13.37, 145.00, 210, 810, 2, 8
2026-08-31T17:45:44.6911717+07:00,2026/08/31 17:45:44.722, NVIDIA GeForce RTX 5060, 591.86, P8, 29, 0, 974, 8151, 8.07, 145.00, 225, 405, 1, 8
2026-08-31T17:45:49.7241803+07:00,2026/08/31 17:45:49.755, NVIDIA GeForce RTX 5060, 591.86, P1, 29, 0, 974, 8151, 14.90, 145.00, 210, 14001, 4, 8
2026-08-31T17:45:54.7565479+07:00,2026/08/31 17:45:54.787, NVIDIA GeForce RTX 5060, 591.86, P8, 29, 0, 974, 8151, 8.49, 145.00, 457, 405, 1, 8
2026-08-31T17:45:59.7920212+07:00,2026/08/31 17:45:59.823, NVIDIA GeForce RTX 5060, 591.86, P8, 29, 0, 974, 8151, 8.00, 145.00, 210, 405, 1, 8
2026-08-31T17:46:04.8244279+07:00,2026/08/31 17:46:04.855, NVIDIA GeForce RTX 5060, 591.86, P8, 29, 0, 974, 8151, 8.00, 145.00, 247, 405, 1, 8
2026-08-31T17:46:09.8578616+07:00,2026/08/31 17:46:09.889, NVIDIA GeForce RTX 5060, 591.86, P8, 29, 0, 974, 8151, 7.89, 145.00, 210, 405, 1, 8
2026-08-31T17:46:14.9515849+07:00,2026/08/31 17:46:14.983, NVIDIA GeForce RTX 5060, 591.86, P8, 29, 0, 974, 8151, 8.03, 145.00, 232, 405, 1, 8
2026-08-31T17:46:19.9877877+07:00,2026/08/31 17:46:20.019, NVIDIA GeForce RTX 5060, 591.86, P5, 29, 0, 974, 8151, 13.64, 145.00, 210, 7001, 2, 8
2026-08-31T17:46:25.0351037+07:00,2026/08/31 17:46:25.066, NVIDIA GeForce RTX 5060, 591.86, P8, 29, 5, 974, 8151, 8.06, 145.00, 210, 405, 1, 8
2026-08-31T17:46:30.0696946+07:00,2026/08/31 17:46:30.100, NVIDIA GeForce RTX 5060, 591.86, P5, 29, 0, 974, 8151, 14.71, 145.00, 210, 14001, 2, 8
2026-08-31T17:46:35.1168428+07:00,2026/08/31 17:46:35.149, NVIDIA GeForce RTX 5060, 591.86, P5, 29, 0, 974, 8151, 14.82, 145.00, 210, 7001, 2, 8
2026-08-31T17:46:40.1515554+07:00,2026/08/31 17:46:40.182, NVIDIA GeForce RTX 5060, 591.86, P1, 29, 0, 974, 8151, 12.26, 145.00, 210, 14001, 4, 8
2026-08-31T17:46:45.2305126+07:00,2026/08/31 17:46:45.261, NVIDIA GeForce RTX 5060, 591.86, P1, 29, 0, 974, 8151, 8.87, 145.00, 210, 14001, 4, 8
2026-08-31T17:46:50.2636691+07:00,2026/08/31 17:46:50.294, NVIDIA GeForce RTX 5060, 591.86, P1, 29, 0, 974, 8151, 14.78, 145.00, 210, 14001, 4, 8
2026-08-31T17:46:55.2970818+07:00,2026/08/31 17:46:55.328, NVIDIA GeForce RTX 5060, 591.86, P8, 29, 0, 974, 8151, 7.77, 145.00, 210, 405, 1, 8
2026-08-31T17:47:00.3309388+07:00,2026/08/31 17:47:00.360, NVIDIA GeForce RTX 5060, 591.86, P8, 29, 0, 974, 8151, 7.73, 145.00, 210, 405, 1, 8
2026-08-31T17:47:05.3629473+07:00,2026/08/31 17:47:05.394, NVIDIA GeForce RTX 5060, 591.86, P8, 29, 0, 974, 8151, 7.82, 145.00, 210, 405, 1, 8
2026-08-31T17:47:10.3974945+07:00,2026/08/31 17:47:10.424, NVIDIA GeForce RTX 5060, 591.86, P8, 29, 0, 974, 8151, 7.75, 145.00, 210, 405, 1, 8
2026-08-31T17:47:15.4612597+07:00,2026/08/31 17:47:15.492, NVIDIA GeForce RTX 5060, 591.86, P8, 29, 0, 974, 8151, 7.92, 145.00, 210, 405, 1, 8
2026-08-31T17:47:20.5047449+07:00,2026/08/31 17:47:20.540, NVIDIA GeForce RTX 5060, 591.86, P8, 29, 0, 974, 8151, 7.81, 145.00, 210, 405, 1, 8
2026-08-31T17:47:25.5427066+07:00,2026/08/31 17:47:25.574, NVIDIA GeForce RTX 5060, 591.86, P8, 29, 0, 974, 8151, 7.95, 145.00, 210, 405, 1, 8
2026-08-31T17:47:30.5754416+07:00,2026/08/31 17:47:30.605, NVIDIA GeForce RTX 5060, 591.86, P1, 29, 0, 974, 8151, 7.90, 145.00, 210, 405, 4, 8
2026-08-31T17:47:35.6088763+07:00,2026/08/31 17:47:35.640, NVIDIA GeForce RTX 5060, 591.86, P1, 29, 0, 974, 8151, 9.92, 145.00, 210, 14001, 4, 8
2026-08-31T17:47:40.6414728+07:00,2026/08/31 17:47:40.672, NVIDIA GeForce RTX 5060, 591.86, P1, 29, 0, 974, 8151, 11.30, 145.00, 210, 14001, 4, 8
2026-08-31T17:47:45.7064937+07:00,2026/08/31 17:47:45.737, NVIDIA GeForce RTX 5060, 591.86, P1, 29, 0, 974, 8151, 11.94, 145.00, 210, 14001, 4, 8
2026-08-31T17:47:50.7388430+07:00,2026/08/31 17:47:50.770, NVIDIA GeForce RTX 5060, 591.86, P8, 29, 0, 974, 8151, 7.80, 145.00, 210, 405, 4, 8
2026-08-31T17:47:55.7741777+07:00,2026/08/31 17:47:55.805, NVIDIA GeForce RTX 5060, 591.86, P8, 29, 0, 974, 8151, 8.86, 145.00, 210, 405, 1, 8
2026-08-31T17:48:00.8055679+07:00,2026/08/31 17:48:00.837, NVIDIA GeForce RTX 5060, 591.86, P8, 29, 0, 974, 8151, 7.99, 145.00, 210, 405, 1, 8
2026-08-31T17:48:05.8398662+07:00,2026/08/31 17:48:05.871, NVIDIA GeForce RTX 5060, 591.86, P1, 29, 0, 974, 8151, 7.94, 145.00, 210, 405, 4, 8
2026-08-31T17:48:10.8717517+07:00,2026/08/31 17:48:10.903, NVIDIA GeForce RTX 5060, 591.86, P8, 29, 0, 974, 8151, 8.09, 145.00, 210, 405, 1, 8
2026-08-31T17:48:15.9375335+07:00,2026/08/31 17:48:15.968, NVIDIA GeForce RTX 5060, 591.86, P3, 29, 0, 974, 8151, 15.05, 145.00, 210, 14001, 2, 8
2026-08-31T17:48:20.9697273+07:00,2026/08/31 17:48:21.001, NVIDIA GeForce RTX 5060, 591.86, P1, 29, 0, 974, 8151, 7.99, 145.00, 210, 405, 4, 8
2026-08-31T17:48:26.0032575+07:00,2026/08/31 17:48:26.034, NVIDIA GeForce RTX 5060, 591.86, P1, 29, 0, 974, 8151, 10.07, 145.00, 210, 14001, 4, 8
2026-08-31T17:48:31.0353808+07:00,2026/08/31 17:48:31.066, NVIDIA GeForce RTX 5060, 591.86, P8, 29, 0, 974, 8151, 7.95, 145.00, 210, 405, 1, 8
2026-08-31T17:48:36.0700484+07:00,2026/08/31 17:48:36.101, NVIDIA GeForce RTX 5060, 591.86, P3, 29, 0, 972, 8151, 14.72, 145.00, 210, 7001, 4, 8
2026-08-31T17:48:41.1191188+07:00,2026/08/31 17:48:41.150, NVIDIA GeForce RTX 5060, 591.86, P8, 29, 0, 972, 8151, 7.74, 145.00, 210, 405, 1, 8
2026-08-31T17:48:46.1990420+07:00,2026/08/31 17:48:46.230, NVIDIA GeForce RTX 5060, 591.86, P8, 29, 0, 972, 8151, 8.31, 145.00, 210, 405, 1, 8
2026-08-31T17:48:51.2328532+07:00,2026/08/31 17:48:51.264, NVIDIA GeForce RTX 5060, 591.86, P8, 29, 0, 972, 8151, 7.69, 145.00, 210, 405, 1, 8
2026-08-31T17:48:56.2652482+07:00,2026/08/31 17:48:56.296, NVIDIA GeForce RTX 5060, 591.86, P1, 29, 0, 972, 8151, 7.82, 145.00, 210, 405, 4, 8
2026-08-31T17:49:01.2975565+07:00,2026/08/31 17:49:01.329, NVIDIA GeForce RTX 5060, 591.86, P1, 29, 0, 972, 8151, 9.91, 145.00, 210, 14001, 4, 8
2026-08-31T17:49:06.3318693+07:00,2026/08/31 17:49:06.363, NVIDIA GeForce RTX 5060, 591.86, P8, 29, 0, 972, 8151, 7.94, 145.00, 210, 405, 1, 8
2026-08-31T17:49:11.3644631+07:00,2026/08/31 17:49:11.396, NVIDIA GeForce RTX 5060, 591.86, P8, 29, 0, 972, 8151, 7.79, 145.00, 210, 405, 1, 8
2026-08-31T17:49:16.4288724+07:00,2026/08/31 17:49:16.460, NVIDIA GeForce RTX 5060, 591.86, P3, 29, 0, 972, 8151, 14.11, 145.00, 210, 7001, 4, 8
2026-08-31T17:49:21.4623429+07:00,2026/08/31 17:49:21.493, NVIDIA GeForce RTX 5060, 591.86, P1, 29, 0, 972, 8151, 7.69, 145.00, 210, 405, 4, 8
2026-08-31T17:49:26.4968048+07:00,2026/08/31 17:49:26.528, NVIDIA GeForce RTX 5060, 591.86, P1, 29, 0, 972, 8151, 8.66, 145.00, 210, 405, 4, 8
2026-08-31T17:49:31.5287664+07:00,2026/08/31 17:49:31.560, NVIDIA GeForce RTX 5060, 591.86, P8, 29, 0, 972, 8151, 9.52, 145.00, 210, 810, 1, 8
2026-08-31T17:49:36.5625937+07:00,2026/08/31 17:49:36.594, NVIDIA GeForce RTX 5060, 591.86, P5, 29, 0, 972, 8151, 14.62, 145.00, 210, 14001, 2, 8
2026-08-31T17:49:41.5950499+07:00,2026/08/31 17:49:41.626, NVIDIA GeForce RTX 5060, 591.86, P8, 29, 0, 972, 8151, 7.81, 145.00, 210, 405, 1, 8
2026-08-31T17:49:46.6601515+07:00,2026/08/31 17:49:46.691, NVIDIA GeForce RTX 5060, 591.86, P8, 29, 0, 972, 8151, 7.83, 145.00, 210, 405, 1, 8
2026-08-31T17:49:51.6923630+07:00,2026/08/31 17:49:51.723, NVIDIA GeForce RTX 5060, 591.86, P1, 29, 0, 972, 8151, 7.68, 145.00, 210, 405, 4, 8
2026-08-31T17:49:56.7269078+07:00,2026/08/31 17:49:56.758, NVIDIA GeForce RTX 5060, 591.86, P8, 29, 0, 972, 8151, 7.90, 145.00, 210, 405, 4, 8
2026-08-31T17:50:01.7601953+07:00,2026/08/31 17:50:01.791, NVIDIA GeForce RTX 5060, 591.86, P8, 29, 0, 972, 8151, 7.94, 145.00, 210, 405, 1, 8
2026-08-31T17:50:06.7929583+07:00,2026/08/31 17:50:06.824, NVIDIA GeForce RTX 5060, 591.86, P8, 29, 0, 972, 8151, 7.74, 145.00, 210, 405, 1, 8
2026-08-31T17:50:11.8410067+07:00,2026/08/31 17:50:11.872, NVIDIA GeForce RTX 5060, 591.86, P8, 29, 0, 972, 8151, 7.74, 145.00, 210, 405, 1, 8
2026-08-31T17:50:16.9224283+07:00,2026/08/31 17:50:16.954, NVIDIA GeForce RTX 5060, 591.86, P1, 29, 0, 972, 8151, 12.19, 145.00, 210, 14001, 4, 8
2026-08-31T17:50:21.9549873+07:00,2026/08/31 17:50:21.986, NVIDIA GeForce RTX 5060, 591.86, P8, 29, 0, 972, 8151, 7.80, 145.00, 210, 405, 1, 8
2026-08-31T17:50:26.9887688+07:00,2026/08/31 17:50:27.020, NVIDIA GeForce RTX 5060, 591.86, P5, 29, 0, 972, 8151, 12.64, 145.00, 210, 810, 2, 8
2026-08-31T17:50:32.0209977+07:00,2026/08/31 17:50:32.052, NVIDIA GeForce RTX 5060, 591.86, P8, 29, 0, 972, 8151, 7.86, 145.00, 210, 405, 1, 8
2026-08-31T17:50:37.0540487+07:00,2026/08/31 17:50:37.085, NVIDIA GeForce RTX 5060, 591.86, P8, 29, 0, 972, 8151, 7.77, 145.00, 210, 405, 1, 8
2026-08-31T17:50:42.0870571+07:00,2026/08/31 17:50:42.118, NVIDIA GeForce RTX 5060, 591.86, P8, 29, 0, 972, 8151, 7.79, 145.00, 210, 405, 1, 8
2026-08-31T17:50:47.1538022+07:00,2026/08/31 17:50:47.185, NVIDIA GeForce RTX 5060, 591.86, P8, 29, 0, 972, 8151, 7.97, 145.00, 210, 405, 1, 8
2026-08-31T17:50:52.2017504+07:00,2026/08/31 17:50:52.233, NVIDIA GeForce RTX 5060, 591.86, P1, 29, 0, 972, 8151, 14.55, 145.00, 210, 14001, 4, 8
2026-08-31T17:50:57.2349436+07:00,2026/08/31 17:50:57.266, NVIDIA GeForce RTX 5060, 591.86, P1, 29, 0, 972, 8151, 11.91, 145.00, 210, 14001, 4, 8
2026-08-31T17:51:02.2822634+07:00,2026/08/31 17:51:02.313, NVIDIA GeForce RTX 5060, 591.86, P8, 29, 0, 972, 8151, 8.00, 145.00, 210, 405, 1, 8
2026-08-31T17:51:07.3161254+07:00,2026/08/31 17:51:07.347, NVIDIA GeForce RTX 5060, 591.86, P8, 29, 0, 972, 8151, 7.81, 145.00, 210, 405, 1, 8
2026-08-31T17:51:12.3488238+07:00,2026/08/31 17:51:12.380, NVIDIA GeForce RTX 5060, 591.86, P8, 29, 0, 968, 8151, 8.35, 145.00, 210, 405, 1, 8
2026-08-31T17:51:17.4134163+07:00,2026/08/31 17:51:17.444, NVIDIA GeForce RTX 5060, 591.86, P8, 29, 0, 968, 8151, 7.92, 145.00, 210, 405, 1, 8
2026-08-31T17:51:22.4461594+07:00,2026/08/31 17:51:22.477, NVIDIA GeForce RTX 5060, 591.86, P1, 29, 0, 968, 8151, 12.26, 145.00, 210, 14001, 4, 8
2026-08-31T17:51:27.4795772+07:00,2026/08/31 17:51:27.510, NVIDIA GeForce RTX 5060, 591.86, P8, 29, 0, 968, 8151, 7.80, 145.00, 210, 405, 1, 8
2026-08-31T17:51:32.5137014+07:00,2026/08/31 17:51:32.544, NVIDIA GeForce RTX 5060, 591.86, P8, 29, 0, 968, 8151, 7.64, 145.00, 210, 405, 1, 8
2026-08-31T17:51:37.5479360+07:00,2026/08/31 17:51:37.577, NVIDIA GeForce RTX 5060, 591.86, P5, 29, 0, 968, 8151, 11.40, 145.00, 210, 810, 1, 8
2026-08-31T17:51:42.5802192+07:00,2026/08/31 17:51:42.611, NVIDIA GeForce RTX 5060, 591.86, P1, 29, 0, 968, 8151, 9.90, 145.00, 210, 14001, 4, 8
2026-08-31T17:51:47.6439528+07:00,2026/08/31 17:51:47.675, NVIDIA GeForce RTX 5060, 591.86, P8, 29, 0, 968, 8151, 7.92, 145.00, 210, 405, 1, 8
2026-08-31T17:51:52.6785456+07:00,2026/08/31 17:51:52.709, NVIDIA GeForce RTX 5060, 591.86, P8, 29, 0, 968, 8151, 8.05, 145.00, 210, 405, 1, 8
2026-08-31T17:51:57.7102530+07:00,2026/08/31 17:51:57.742, NVIDIA GeForce RTX 5060, 591.86, P1, 29, 0, 968, 8151, 11.41, 145.00, 210, 14001, 4, 8
2026-08-31T17:52:02.7444152+07:00,2026/08/31 17:52:02.776, NVIDIA GeForce RTX 5060, 591.86, P8, 29, 0, 968, 8151, 8.31, 145.00, 210, 405, 1, 8
2026-08-31T17:52:07.7763030+07:00,2026/08/31 17:52:07.807, NVIDIA GeForce RTX 5060, 591.86, P8, 29, 0, 968, 8151, 7.93, 145.00, 210, 405, 1, 8
2026-08-31T17:52:12.8117971+07:00,2026/08/31 17:52:12.843, NVIDIA GeForce RTX 5060, 591.86, P1, 29, 0, 968, 8151, 8.60, 145.00, 210, 14001, 4, 8
2026-08-31T17:52:17.8899458+07:00,2026/08/31 17:52:17.921, NVIDIA GeForce RTX 5060, 591.86, P8, 29, 0, 968, 8151, 8.06, 145.00, 210, 405, 1, 8
2026-08-31T17:52:22.9238829+07:00,2026/08/31 17:52:22.955, NVIDIA GeForce RTX 5060, 591.86, P8, 29, 0, 968, 8151, 7.74, 145.00, 210, 405, 1, 8
2026-08-31T17:52:27.9565451+07:00,2026/08/31 17:52:27.987, NVIDIA GeForce RTX 5060, 591.86, P8, 29, 0, 968, 8151, 11.26, 145.00, 210, 810, 1, 8
2026-08-31T17:52:32.9894420+07:00,2026/08/31 17:52:33.020, NVIDIA GeForce RTX 5060, 591.86, P5, 29, 0, 968, 8151, 14.23, 145.00, 210, 7001, 2, 8
2026-08-31T17:52:38.0231704+07:00,2026/08/31 17:52:38.054, NVIDIA GeForce RTX 5060, 591.86, P8, 29, 0, 968, 8151, 7.79, 145.00, 210, 405, 1, 8
2026-08-31T17:52:43.0559582+07:00,2026/08/31 17:52:43.087, NVIDIA GeForce RTX 5060, 591.86, P8, 29, 0, 968, 8151, 9.95, 145.00, 210, 810, 1, 8
2026-08-31T17:52:48.1351467+07:00,2026/08/31 17:52:48.166, NVIDIA GeForce RTX 5060, 591.86, P8, 29, 0, 968, 8151, 8.03, 145.00, 210, 405, 1, 8
2026-08-31T17:52:53.1688222+07:00,2026/08/31 17:52:53.200, NVIDIA GeForce RTX 5060, 591.86, P8, 29, 0, 968, 8151, 8.10, 145.00, 210, 405, 1, 8
2026-08-31T17:52:58.2032631+07:00,2026/08/31 17:52:58.235, NVIDIA GeForce RTX 5060, 591.86, P8, 29, 0, 968, 8151, 12.05, 145.00, 210, 810, 1, 8
2026-08-31T17:53:03.2367812+07:00,2026/08/31 17:53:03.268, NVIDIA GeForce RTX 5060, 591.86, P5, 29, 0, 968, 8151, 13.47, 145.00, 210, 7001, 2, 8
2026-08-31T17:53:08.2696142+07:00,2026/08/31 17:53:08.300, NVIDIA GeForce RTX 5060, 591.86, P8, 29, 0, 968, 8151, 7.92, 145.00, 202, 405, 1, 8
2026-08-31T17:53:13.3031965+07:00,2026/08/31 17:53:13.334, NVIDIA GeForce RTX 5060, 591.86, P8, 29, 0, 968, 8151, 7.94, 145.00, 210, 405, 1, 8
2026-08-31T17:53:18.3668259+07:00,2026/08/31 17:53:18.398, NVIDIA GeForce RTX 5060, 591.86, P8, 29, 0, 968, 8151, 7.94, 145.00, 210, 405, 1, 8
2026-08-31T17:53:23.4028634+07:00,2026/08/31 17:53:23.449, NVIDIA GeForce RTX 5060, 591.86, P8, 29, 0, 968, 8151, 8.31, 145.00, 210, 405, 1, 8
2026-08-31T17:53:28.4502116+07:00,2026/08/31 17:53:28.497, NVIDIA GeForce RTX 5060, 591.86, P8, 29, 0, 968, 8151, 9.48, 145.00, 210, 405, 1, 8
2026-08-31T17:53:33.4992157+07:00,2026/08/31 17:53:33.546, NVIDIA GeForce RTX 5060, 591.86, P8, 29, 0, 968, 8151, 7.69, 145.00, 210, 405, 1, 8
2026-08-31T17:53:38.5483163+07:00,2026/08/31 17:53:38.595, NVIDIA GeForce RTX 5060, 591.86, P8, 29, 0, 968, 8151, 7.73, 145.00, 210, 405, 1, 8
2026-08-31T17:53:43.5973329+07:00,2026/08/31 17:53:43.628, NVIDIA GeForce RTX 5060, 591.86, P8, 29, 0, 968, 8151, 7.79, 145.00, 210, 405, 1, 8
2026-08-31T17:53:48.6762187+07:00,2026/08/31 17:53:48.723, NVIDIA GeForce RTX 5060, 591.86, P8, 29, 0, 968, 8151, 8.19, 145.00, 210, 405, 1, 8
2026-08-31T17:53:53.7264997+07:00,2026/08/31 17:53:53.757, NVIDIA GeForce RTX 5060, 591.86, P8, 29, 0, 968, 8151, 8.26, 145.00, 210, 405, 1, 8
2026-08-31T17:53:58.7765504+07:00,2026/08/31 17:53:58.823, NVIDIA GeForce RTX 5060, 591.86, P8, 29, 0, 968, 8151, 7.87, 145.00, 210, 405, 1, 8
2026-08-31T17:54:03.8274998+07:00,2026/08/31 17:54:03.869, NVIDIA GeForce RTX 5060, 591.86, P1, 29, 0, 968, 8151, 8.26, 145.00, 210, 405, 4, 8
2026-08-31T17:54:08.8712933+07:00,2026/08/31 17:54:08.902, NVIDIA GeForce RTX 5060, 591.86, P1, 29, 0, 968, 8151, 10.08, 145.00, 210, 14001, 4, 8
2026-08-31T17:54:13.9052329+07:00,2026/08/31 17:54:13.952, NVIDIA GeForce RTX 5060, 591.86, P8, 29, 0, 968, 8151, 8.33, 145.00, 210, 405, 1, 8
2026-08-31T17:54:18.9855171+07:00,2026/08/31 17:54:19.016, NVIDIA GeForce RTX 5060, 591.86, P8, 29, 0, 968, 8151, 11.25, 145.00, 210, 405, 1, 8
2026-08-31T17:54:24.0342575+07:00,2026/08/31 17:54:24.065, NVIDIA GeForce RTX 5060, 591.86, P5, 29, 0, 968, 8151, 14.82, 145.00, 210, 14001, 2, 8
2026-08-31T17:54:29.0687738+07:00,2026/08/31 17:54:29.116, NVIDIA GeForce RTX 5060, 591.86, P8, 29, 0, 968, 8151, 7.98, 145.00, 210, 405, 1, 8
2026-08-31T17:54:34.1179812+07:00,2026/08/31 17:54:34.164, NVIDIA GeForce RTX 5060, 591.86, P8, 29, 0, 968, 8151, 8.38, 145.00, 210, 405, 1, 8
2026-08-31T17:54:39.1660205+07:00,2026/08/31 17:54:39.212, NVIDIA GeForce RTX 5060, 591.86, P8, 29, 0, 968, 8151, 7.89, 145.00, 210, 405, 1, 8
2026-08-31T17:54:44.2144909+07:00,2026/08/31 17:54:44.261, NVIDIA GeForce RTX 5060, 591.86, P1, 29, 0, 968, 8151, 14.78, 145.00, 210, 14001, 4, 8
2026-08-31T17:54:49.3103623+07:00,2026/08/31 17:54:49.357, NVIDIA GeForce RTX 5060, 591.86, P1, 29, 0, 968, 8151, 10.53, 145.00, 210, 14001, 4, 8
2026-08-31T17:54:54.3748695+07:00,2026/08/31 17:54:54.422, NVIDIA GeForce RTX 5060, 591.86, P8, 29, 0, 968, 8151, 8.39, 145.00, 210, 405, 1, 8
2026-08-31T17:54:59.4237086+07:00,2026/08/31 17:54:59.470, NVIDIA GeForce RTX 5060, 591.86, P8, 29, 0, 968, 8151, 7.72, 145.00, 210, 405, 1, 8
2026-08-31T17:55:04.4870520+07:00,2026/08/31 17:55:04.533, NVIDIA GeForce RTX 5060, 591.86, P8, 29, 0, 968, 8151, 8.11, 145.00, 210, 405, 1, 8
2026-08-31T17:55:09.5415059+07:00,2026/08/31 17:55:09.583, NVIDIA GeForce RTX 5060, 591.86, P8, 28, 0, 968, 8151, 7.74, 145.00, 210, 405, 1, 8
2026-08-31T17:55:14.5858445+07:00,2026/08/31 17:55:14.616, NVIDIA GeForce RTX 5060, 591.86, P8, 29, 0, 968, 8151, 8.23, 145.00, 210, 405, 1, 8
2026-08-31T17:55:19.6659061+07:00,2026/08/31 17:55:19.713, NVIDIA GeForce RTX 5060, 591.86, P8, 28, 0, 968, 8151, 7.83, 145.00, 210, 405, 1, 8
2026-08-31T17:55:24.7155346+07:00,2026/08/31 17:55:24.747, NVIDIA GeForce RTX 5060, 591.86, P5, 29, 0, 968, 8151, 10.01, 145.00, 210, 810, 2, 8
2026-08-31T17:55:29.7486572+07:00,2026/08/31 17:55:29.796, NVIDIA GeForce RTX 5060, 591.86, P1, 29, 0, 968, 8151, 14.66, 145.00, 210, 14001, 4, 8
2026-08-31T17:55:34.7972578+07:00,2026/08/31 17:55:34.828, NVIDIA GeForce RTX 5060, 591.86, P8, 29, 0, 968, 8151, 8.27, 145.00, 210, 405, 1, 8
2026-08-31T17:55:39.8294921+07:00,2026/08/31 17:55:39.876, NVIDIA GeForce RTX 5060, 591.86, P1, 29, 0, 968, 8151, 8.18, 145.00, 210, 14001, 4, 8
2026-08-31T17:55:44.8816088+07:00,2026/08/31 17:55:44.928, NVIDIA GeForce RTX 5060, 591.86, P8, 29, 0, 968, 8151, 8.15, 145.00, 210, 405, 1, 8
2026-08-31T17:55:49.9900166+07:00,2026/08/31 17:55:50.020, NVIDIA GeForce RTX 5060, 591.86, P1, 29, 0, 968, 8151, 7.72, 145.00, 210, 405, 4, 8
2026-08-31T17:55:55.0269086+07:00,2026/08/31 17:55:55.058, NVIDIA GeForce RTX 5060, 591.86, P8, 29, 0, 968, 8151, 8.18, 145.00, 210, 405, 1, 8
2026-08-31T17:56:00.0718751+07:00,2026/08/31 17:56:00.119, NVIDIA GeForce RTX 5060, 591.86, P5, 29, 0, 968, 8151, 11.63, 145.00, 232, 810, 2, 8
2026-08-31T17:56:05.1214501+07:00,2026/08/31 17:56:05.168, NVIDIA GeForce RTX 5060, 591.86, P8, 29, 0, 968, 8151, 8.35, 145.00, 210, 405, 1, 8
2026-08-31T17:56:10.1713739+07:00,2026/08/31 17:56:10.202, NVIDIA GeForce RTX 5060, 591.86, P5, 29, 0, 968, 8151, 12.74, 145.00, 210, 810, 2, 8
2026-08-31T17:56:15.2058050+07:00,2026/08/31 17:56:15.237, NVIDIA GeForce RTX 5060, 591.86, P5, 29, 0, 968, 8151, 11.18, 145.00, 210, 810, 2, 8
2026-08-31T17:56:20.2852319+07:00,2026/08/31 17:56:20.332, NVIDIA GeForce RTX 5060, 591.86, P3, 29, 0, 968, 8151, 14.64, 145.00, 210, 14001, 4, 8
2026-08-31T17:56:25.3346601+07:00,2026/08/31 17:56:25.363, NVIDIA GeForce RTX 5060, 591.86, P8, 29, 0, 968, 8151, 8.06, 145.00, 210, 405, 1, 8
2026-08-31T17:56:30.3665887+07:00,2026/08/31 17:56:30.397, NVIDIA GeForce RTX 5060, 591.86, P8, 29, 0, 968, 8151, 7.67, 145.00, 210, 405, 1, 8
2026-08-31T17:56:35.4038342+07:00,2026/08/31 17:56:35.445, NVIDIA GeForce RTX 5060, 591.86, P8, 29, 0, 968, 8151, 8.01, 145.00, 210, 405, 1, 8
2026-08-31T17:56:40.4474039+07:00,2026/08/31 17:56:40.479, NVIDIA GeForce RTX 5060, 591.86, P3, 29, 0, 968, 8151, 14.62, 145.00, 210, 14001, 4, 8
2026-08-31T17:56:45.4806702+07:00,2026/08/31 17:56:45.510, NVIDIA GeForce RTX 5060, 591.86, P8, 29, 0, 968, 8151, 8.07, 145.00, 210, 405, 1, 8
2026-08-31T17:56:50.5458446+07:00,2026/08/31 17:56:50.592, NVIDIA GeForce RTX 5060, 591.86, P8, 29, 0, 968, 8151, 7.82, 145.00, 210, 405, 1, 8
2026-08-31T17:56:55.6099304+07:00,2026/08/31 17:56:55.657, NVIDIA GeForce RTX 5060, 591.86, P8, 29, 0, 968, 8151, 7.72, 145.00, 210, 405, 1, 8
2026-08-31T17:57:00.6595802+07:00,2026/08/31 17:57:00.706, NVIDIA GeForce RTX 5060, 591.86, P5, 29, 0, 968, 8151, 10.89, 145.00, 210, 810, 2, 8
2026-08-31T17:57:05.7082293+07:00,2026/08/31 17:57:05.755, NVIDIA GeForce RTX 5060, 591.86, P3, 29, 0, 968, 8151, 13.80, 145.00, 210, 7001, 2, 8
2026-08-31T17:57:10.7737478+07:00,2026/08/31 17:57:10.805, NVIDIA GeForce RTX 5060, 591.86, P8, 29, 0, 968, 8151, 7.78, 145.00, 210, 405, 1, 8
2026-08-31T17:57:15.8201912+07:00,2026/08/31 17:57:15.851, NVIDIA GeForce RTX 5060, 591.86, P1, 29, 0, 968, 8151, 11.24, 145.00, 210, 14001, 4, 8
2026-08-31T17:57:20.8854502+07:00,2026/08/31 17:57:20.932, NVIDIA GeForce RTX 5060, 591.86, P8, 29, 0, 968, 8151, 7.96, 145.00, 210, 405, 1, 8
2026-08-31T17:57:25.9356023+07:00,2026/08/31 17:57:25.981, NVIDIA GeForce RTX 5060, 591.86, P5, 29, 0, 968, 8151, 11.10, 145.00, 217, 810, 2, 8
2026-08-31T17:57:30.9853150+07:00,2026/08/31 17:57:31.032, NVIDIA GeForce RTX 5060, 591.86, P8, 29, 0, 968, 8151, 7.85, 145.00, 210, 405, 4, 8
2026-08-31T17:57:36.0483243+07:00,2026/08/31 17:57:36.095, NVIDIA GeForce RTX 5060, 591.86, P8, 29, 0, 968, 8151, 8.05, 145.00, 217, 405, 1, 8
2026-08-31T17:57:41.0976734+07:00,2026/08/31 17:57:41.143, NVIDIA GeForce RTX 5060, 591.86, P8, 29, 0, 968, 8151, 7.87, 145.00, 210, 405, 1, 8
2026-08-31T17:57:46.1463177+07:00,2026/08/31 17:57:46.178, NVIDIA GeForce RTX 5060, 591.86, P1, 29, 0, 968, 8151, 10.57, 145.00, 210, 14001, 4, 8
2026-08-31T17:57:51.2262265+07:00,2026/08/31 17:57:51.272, NVIDIA GeForce RTX 5060, 591.86, P8, 29, 0, 968, 8151, 7.96, 145.00, 210, 405, 1, 8
2026-08-31T17:57:56.2763971+07:00,2026/08/31 17:57:56.307, NVIDIA GeForce RTX 5060, 591.86, P3, 29, 0, 968, 8151, 14.78, 145.00, 217, 7001, 4, 8
2026-08-31T17:58:01.3228700+07:00,2026/08/31 17:58:01.369, NVIDIA GeForce RTX 5060, 591.86, P8, 29, 0, 968, 8151, 8.26, 145.00, 210, 405, 1, 8
2026-08-31T17:58:06.3732723+07:00,2026/08/31 17:58:06.404, NVIDIA GeForce RTX 5060, 591.86, P8, 29, 0, 968, 8151, 8.01, 145.00, 210, 405, 1, 8
2026-08-31T17:58:11.4049073+07:00,2026/08/31 17:58:11.451, NVIDIA GeForce RTX 5060, 591.86, P1, 29, 0, 968, 8151, 11.93, 145.00, 210, 14001, 4, 8
2026-08-31T17:58:16.4708961+07:00,2026/08/31 17:58:16.518, NVIDIA GeForce RTX 5060, 591.86, P1, 29, 0, 968, 8151, 9.71, 145.00, 217, 14001, 4, 8
2026-08-31T17:58:21.5518374+07:00,2026/08/31 17:58:21.582, NVIDIA GeForce RTX 5060, 591.86, P8, 29, 0, 968, 8151, 7.93, 145.00, 210, 405, 1, 8
2026-08-31T17:58:26.5861525+07:00,2026/08/31 17:58:26.617, NVIDIA GeForce RTX 5060, 591.86, P5, 29, 0, 968, 8151, 12.77, 145.00, 210, 810, 2, 8
2026-08-31T17:58:31.6180524+07:00,2026/08/31 17:58:31.664, NVIDIA GeForce RTX 5060, 591.86, P8, 29, 0, 968, 8151, 7.82, 145.00, 210, 405, 1, 8
2026-08-31T17:58:36.6680058+07:00,2026/08/31 17:58:36.714, NVIDIA GeForce RTX 5060, 591.86, P5, 29, 0, 968, 8151, 13.88, 145.00, 210, 7001, 2, 8
2026-08-31T17:58:41.7155295+07:00,2026/08/31 17:58:41.762, NVIDIA GeForce RTX 5060, 591.86, P8, 29, 0, 968, 8151, 7.88, 145.00, 210, 405, 1, 8
2026-08-31T17:58:46.7652654+07:00,2026/08/31 17:58:46.812, NVIDIA GeForce RTX 5060, 591.86, P5, 29, 0, 968, 8151, 12.54, 145.00, 210, 810, 2, 8
2026-08-31T17:58:51.8594549+07:00,2026/08/31 17:58:51.891, NVIDIA GeForce RTX 5060, 591.86, P8, 29, 0, 968, 8151, 7.96, 145.00, 210, 405, 1, 8
2026-08-31T17:58:56.8966415+07:00,2026/08/31 17:58:56.939, NVIDIA GeForce RTX 5060, 591.86, P8, 28, 0, 968, 8151, 7.87, 145.00, 210, 405, 1, 8
2026-08-31T17:59:01.9409988+07:00,2026/08/31 17:59:01.987, NVIDIA GeForce RTX 5060, 591.86, P8, 28, 0, 968, 8151, 8.29, 145.00, 210, 405, 1, 8
2026-08-31T17:59:06.9896368+07:00,2026/08/31 17:59:07.035, NVIDIA GeForce RTX 5060, 591.86, P5, 29, 0, 968, 8151, 11.31, 145.00, 210, 810, 1, 8
2026-08-31T17:59:12.0402443+07:00,2026/08/31 17:59:12.071, NVIDIA GeForce RTX 5060, 591.86, P8, 28, 0, 968, 8151, 7.88, 145.00, 210, 405, 1, 8
2026-08-31T17:59:17.0718923+07:00,2026/08/31 17:59:17.102, NVIDIA GeForce RTX 5060, 591.86, P1, 29, 0, 968, 8151, 14.56, 145.00, 210, 14001, 4, 8
2026-08-31T17:59:22.1521366+07:00,2026/08/31 17:59:22.183, NVIDIA GeForce RTX 5060, 591.86, P8, 28, 0, 968, 8151, 7.76, 145.00, 210, 405, 4, 8
2026-08-31T17:59:27.1855062+07:00,2026/08/31 17:59:27.217, NVIDIA GeForce RTX 5060, 591.86, P8, 29, 0, 968, 8151, 9.48, 145.00, 210, 405, 1, 8
2026-08-31T17:59:32.2187514+07:00,2026/08/31 17:59:32.265, NVIDIA GeForce RTX 5060, 591.86, P1, 29, 0, 968, 8151, 14.67, 145.00, 210, 14001, 4, 8
2026-08-31T17:59:37.2672121+07:00,2026/08/31 17:59:37.313, NVIDIA GeForce RTX 5060, 591.86, P1, 29, 0, 968, 8151, 10.20, 145.00, 210, 14001, 4, 8
2026-08-31T17:59:42.3178174+07:00,2026/08/31 17:59:42.364, NVIDIA GeForce RTX 5060, 591.86, P8, 29, 0, 968, 8151, 7.93, 145.00, 210, 405, 1, 8
2026-08-31T17:59:47.3650058+07:00,2026/08/31 17:59:47.411, NVIDIA GeForce RTX 5060, 591.86, P8, 28, 0, 968, 8151, 7.85, 145.00, 210, 405, 1, 8
2026-08-31T17:59:52.4462712+07:00,2026/08/31 17:59:52.493, NVIDIA GeForce RTX 5060, 591.86, P8, 28, 0, 968, 8151, 8.15, 145.00, 210, 405, 1, 8
2026-08-31T17:59:57.5103284+07:00,2026/08/31 17:59:57.541, NVIDIA GeForce RTX 5060, 591.86, P8, 29, 0, 968, 8151, 10.16, 145.00, 210, 810, 1, 8
2026-08-31T18:00:02.5433448+07:00,2026/08/31 18:00:02.590, NVIDIA GeForce RTX 5060, 591.86, P8, 28, 0, 968, 8151, 8.04, 145.00, 210, 405, 1, 8
2026-08-31T18:00:07.5928077+07:00,2026/08/31 18:00:07.639, NVIDIA GeForce RTX 5060, 591.86, P8, 28, 0, 968, 8151, 7.95, 145.00, 210, 405, 1, 8
2026-08-31T18:00:12.6418133+07:00,2026/08/31 18:00:12.689, NVIDIA GeForce RTX 5060, 591.86, P8, 28, 0, 968, 8151, 7.82, 145.00, 210, 405, 1, 8
2026-08-31T18:00:17.6902991+07:00,2026/08/31 18:00:17.721, NVIDIA GeForce RTX 5060, 591.86, P8, 28, 0, 968, 8151, 8.48, 145.00, 210, 405, 1, 8
2026-08-31T18:00:22.7558442+07:00,2026/08/31 18:00:22.800, NVIDIA GeForce RTX 5060, 591.86, P8, 28, 0, 968, 8151, 7.89, 145.00, 210, 405, 1, 8
2026-08-31T18:00:27.8040259+07:00,2026/08/31 18:00:27.836, NVIDIA GeForce RTX 5060, 591.86, P8, 28, 0, 968, 8151, 7.94, 145.00, 210, 405, 1, 8
2026-08-31T18:00:32.8403300+07:00,2026/08/31 18:00:32.882, NVIDIA GeForce RTX 5060, 591.86, P1, 29, 0, 968, 8151, 14.11, 145.00, 210, 14001, 4, 8
2026-08-31T18:00:37.8866057+07:00,2026/08/31 18:00:37.917, NVIDIA GeForce RTX 5060, 591.86, P8, 28, 0, 968, 8151, 7.82, 145.00, 210, 405, 1, 8
2026-08-31T18:00:42.9331392+07:00,2026/08/31 18:00:42.979, NVIDIA GeForce RTX 5060, 591.86, P1, 29, 0, 968, 8151, 14.67, 145.00, 210, 14001, 4, 8
2026-08-31T18:00:47.9858909+07:00,2026/08/31 18:00:48.017, NVIDIA GeForce RTX 5060, 591.86, P8, 28, 0, 968, 8151, 7.73, 145.00, 210, 405, 1, 8
2026-08-31T18:00:53.0633959+07:00,2026/08/31 18:00:53.094, NVIDIA GeForce RTX 5060, 591.86, P1, 29, 0, 968, 8151, 14.64, 145.00, 210, 14001, 4, 8
2026-08-31T18:00:58.0960772+07:00,2026/08/31 18:00:58.127, NVIDIA GeForce RTX 5060, 591.86, P3, 29, 0, 968, 8151, 14.64, 145.00, 210, 14001, 4, 8
2026-08-31T18:01:03.1291777+07:00,2026/08/31 18:01:03.161, NVIDIA GeForce RTX 5060, 591.86, P8, 28, 0, 968, 8151, 7.90, 145.00, 210, 405, 1, 8
2026-08-31T18:01:08.1792891+07:00,2026/08/31 18:01:08.226, NVIDIA GeForce RTX 5060, 591.86, P8, 28, 0, 968, 8151, 7.64, 145.00, 210, 405, 1, 8
2026-08-31T18:01:13.2425707+07:00,2026/08/31 18:01:13.273, NVIDIA GeForce RTX 5060, 591.86, P1, 28, 0, 968, 8151, 7.84, 145.00, 210, 405, 4, 8
2026-08-31T18:01:18.2762869+07:00,2026/08/31 18:01:18.323, NVIDIA GeForce RTX 5060, 591.86, P8, 28, 0, 968, 8151, 8.21, 145.00, 210, 405, 1, 8
2026-08-31T18:01:23.3560779+07:00,2026/08/31 18:01:23.402, NVIDIA GeForce RTX 5060, 591.86, P1, 29, 0, 968, 8151, 11.66, 145.00, 202, 14001, 4, 8
2026-08-31T18:01:28.4067308+07:00,2026/08/31 18:01:28.437, NVIDIA GeForce RTX 5060, 591.86, P1, 29, 0, 968, 8151, 13.63, 145.00, 202, 14001, 4, 8
2026-08-31T18:01:33.4547801+07:00,2026/08/31 18:01:33.501, NVIDIA GeForce RTX 5060, 591.86, P8, 28, 0, 968, 8151, 7.84, 145.00, 210, 405, 1, 8
2026-08-31T18:01:38.5043225+07:00,2026/08/31 18:01:38.551, NVIDIA GeForce RTX 5060, 591.86, P8, 28, 0, 968, 8151, 7.69, 145.00, 210, 405, 1, 8
2026-08-31T18:01:43.5550548+07:00,2026/08/31 18:01:43.601, NVIDIA GeForce RTX 5060, 591.86, P8, 28, 0, 968, 8151, 7.62, 145.00, 210, 405, 4, 8
2026-08-31T18:01:48.6025198+07:00,2026/08/31 18:01:48.634, NVIDIA GeForce RTX 5060, 591.86, P1, 28, 0, 968, 8151, 9.80, 145.00, 210, 14001, 4, 8
2026-08-31T18:01:53.6812028+07:00,2026/08/31 18:01:53.712, NVIDIA GeForce RTX 5060, 591.86, P8, 28, 0, 968, 8151, 7.81, 145.00, 210, 405, 1, 8
2026-08-31T18:01:58.7139449+07:00,2026/08/31 18:01:58.745, NVIDIA GeForce RTX 5060, 591.86, P1, 29, 0, 968, 8151, 12.49, 145.00, 210, 14001, 4, 8
2026-08-31T18:02:03.7478384+07:00,2026/08/31 18:02:03.795, NVIDIA GeForce RTX 5060, 591.86, P8, 28, 0, 968, 8151, 7.93, 145.00, 210, 405, 1, 8
2026-08-31T18:02:08.7958905+07:00,2026/08/31 18:02:08.843, NVIDIA GeForce RTX 5060, 591.86, P8, 28, 0, 968, 8151, 7.75, 145.00, 210, 405, 1, 8
2026-08-31T18:02:13.8480801+07:00,2026/08/31 18:02:13.895, NVIDIA GeForce RTX 5060, 591.86, P8, 28, 0, 968, 8151, 7.84, 145.00, 210, 405, 1, 8
2026-08-31T18:02:18.9109345+07:00,2026/08/31 18:02:18.957, NVIDIA GeForce RTX 5060, 591.86, P1, 29, 0, 968, 8151, 9.57, 145.00, 210, 14001, 4, 8
2026-08-31T18:02:24.0048719+07:00,2026/08/31 18:02:24.051, NVIDIA GeForce RTX 5060, 591.86, P8, 28, 0, 968, 8151, 7.69, 145.00, 210, 405, 1, 8
2026-08-31T18:02:29.0694686+07:00,2026/08/31 18:02:29.101, NVIDIA GeForce RTX 5060, 591.86, P5, 29, 0, 968, 8151, 12.79, 145.00, 202, 810, 2, 8
2026-08-31T18:02:34.1056525+07:00,2026/08/31 18:02:34.152, NVIDIA GeForce RTX 5060, 591.86, P8, 28, 0, 968, 8151, 7.93, 145.00, 210, 405, 1, 8
2026-08-31T18:02:39.1527979+07:00,2026/08/31 18:02:39.200, NVIDIA GeForce RTX 5060, 591.86, P5, 28, 0, 968, 8151, 9.66, 145.00, 210, 810, 2, 8
2026-08-31T18:02:44.2031863+07:00,2026/08/31 18:02:44.250, NVIDIA GeForce RTX 5060, 591.86, P8, 28, 0, 968, 8151, 7.86, 145.00, 210, 405, 1, 8
2026-08-31T18:02:49.2503506+07:00,2026/08/31 18:02:49.281, NVIDIA GeForce RTX 5060, 591.86, P8, 28, 0, 968, 8151, 8.04, 145.00, 210, 405, 1, 8
2026-08-31T18:02:54.3180072+07:00,2026/08/31 18:02:54.359, NVIDIA GeForce RTX 5060, 591.86, P8, 28, 0, 968, 8151, 7.80, 145.00, 210, 405, 1, 8
2026-08-31T18:02:59.3639453+07:00,2026/08/31 18:02:59.410, NVIDIA GeForce RTX 5060, 591.86, P8, 28, 0, 968, 8151, 7.84, 145.00, 210, 405, 1, 8
2026-08-31T18:03:04.4179729+07:00,2026/08/31 18:03:04.459, NVIDIA GeForce RTX 5060, 591.86, P8, 28, 0, 968, 8151, 7.87, 145.00, 210, 405, 1, 8
2026-08-31T18:03:09.4632895+07:00,2026/08/31 18:03:09.510, NVIDIA GeForce RTX 5060, 591.86, P8, 28, 0, 968, 8151, 11.98, 145.00, 210, 810, 1, 8
2026-08-31T18:03:14.5254878+07:00,2026/08/31 18:03:14.572, NVIDIA GeForce RTX 5060, 591.86, P8, 28, 0, 968, 8151, 7.70, 145.00, 210, 405, 1, 8
2026-08-31T18:03:19.5757857+07:00,2026/08/31 18:03:19.622, NVIDIA GeForce RTX 5060, 591.86, P1, 29, 0, 968, 8151, 12.56, 145.00, 210, 14001, 4, 8
2026-08-31T18:03:24.6703827+07:00,2026/08/31 18:03:24.702, NVIDIA GeForce RTX 5060, 591.86, P8, 28, 0, 968, 8151, 7.80, 145.00, 210, 405, 1, 8
2026-08-31T18:03:29.7048153+07:00,2026/08/31 18:03:29.751, NVIDIA GeForce RTX 5060, 591.86, P8, 28, 0, 968, 8151, 7.74, 145.00, 210, 405, 1, 8
2026-08-31T18:03:34.7523968+07:00,2026/08/31 18:03:34.799, NVIDIA GeForce RTX 5060, 591.86, P1, 29, 0, 968, 8151, 9.61, 145.00, 210, 14001, 4, 8
2026-08-31T18:03:39.8186441+07:00,2026/08/31 18:03:39.866, NVIDIA GeForce RTX 5060, 591.86, P8, 28, 0, 968, 8151, 7.83, 145.00, 210, 405, 1, 8
2026-08-31T18:03:44.8818076+07:00,2026/08/31 18:03:44.928, NVIDIA GeForce RTX 5060, 591.86, P8, 28, 0, 968, 8151, 7.76, 145.00, 210, 405, 1, 8
2026-08-31T18:03:49.9319483+07:00,2026/08/31 18:03:49.963, NVIDIA GeForce RTX 5060, 591.86, P8, 28, 0, 968, 8151, 7.71, 145.00, 210, 405, 1, 8
2026-08-31T18:03:55.0129091+07:00,2026/08/31 18:03:55.059, NVIDIA GeForce RTX 5060, 591.86, P5, 28, 0, 968, 8151, 10.47, 145.00, 210, 810, 4, 8
2026-08-31T18:04:00.0617066+07:00,2026/08/31 18:04:00.105, NVIDIA GeForce RTX 5060, 591.86, P8, 28, 0, 968, 8151, 8.04, 145.00, 202, 405, 1, 8
2026-08-31T18:04:05.1097372+07:00,2026/08/31 18:04:05.156, NVIDIA GeForce RTX 5060, 591.86, P8, 28, 0, 968, 8151, 7.86, 145.00, 210, 405, 1, 8
2026-08-31T18:04:10.1731862+07:00,2026/08/31 18:04:10.204, NVIDIA GeForce RTX 5060, 591.86, P8, 28, 0, 968, 8151, 7.72, 145.00, 210, 405, 1, 8
2026-08-31T18:04:15.2070302+07:00,2026/08/31 18:04:15.254, NVIDIA GeForce RTX 5060, 591.86, P8, 28, 0, 968, 8151, 7.71, 145.00, 210, 405, 1, 8
2026-08-31T18:04:20.2693722+07:00,2026/08/31 18:04:20.300, NVIDIA GeForce RTX 5060, 591.86, P8, 28, 0, 968, 8151, 7.74, 145.00, 210, 405, 1, 8
2026-08-31T18:04:25.3372346+07:00,2026/08/31 18:04:25.383, NVIDIA GeForce RTX 5060, 591.86, P5, 29, 0, 968, 8151, 13.97, 145.00, 210, 7001, 2, 8
2026-08-31T18:04:30.3987973+07:00,2026/08/31 18:04:30.445, NVIDIA GeForce RTX 5060, 591.86, P1, 29, 0, 968, 8151, 11.55, 145.00, 210, 14001, 4, 8
2026-08-31T18:04:35.4496923+07:00,2026/08/31 18:04:35.497, NVIDIA GeForce RTX 5060, 591.86, P8, 28, 0, 968, 8151, 7.93, 145.00, 210, 405, 1, 8
2026-08-31T18:04:40.4981660+07:00,2026/08/31 18:04:40.545, NVIDIA GeForce RTX 5060, 591.86, P8, 28, 0, 968, 8151, 7.90, 145.00, 210, 405, 1, 8
2026-08-31T18:04:45.5485025+07:00,2026/08/31 18:04:45.595, NVIDIA GeForce RTX 5060, 591.86, P8, 28, 0, 968, 8151, 7.82, 145.00, 210, 405, 1, 8
2026-08-31T18:04:50.6104718+07:00,2026/08/31 18:04:50.657, NVIDIA GeForce RTX 5060, 591.86, P8, 28, 0, 968, 8151, 7.70, 145.00, 210, 405, 1, 8
2026-08-31T18:04:55.7091252+07:00,2026/08/31 18:04:55.736, NVIDIA GeForce RTX 5060, 591.86, P8, 28, 0, 968, 8151, 7.77, 145.00, 210, 405, 1, 8
2026-08-31T18:05:00.7401783+07:00,2026/08/31 18:05:00.787, NVIDIA GeForce RTX 5060, 591.86, P8, 28, 0, 968, 8151, 8.02, 145.00, 210, 405, 1, 8
2026-08-31T18:05:05.7929972+07:00,2026/08/31 18:05:05.835, NVIDIA GeForce RTX 5060, 591.86, P8, 28, 0, 968, 8151, 7.72, 145.00, 210, 405, 1, 8
2026-08-31T18:05:10.8383663+07:00,2026/08/31 18:05:10.885, NVIDIA GeForce RTX 5060, 591.86, P8, 28, 0, 968, 8151, 7.89, 145.00, 210, 405, 1, 8
2026-08-31T18:05:15.9006403+07:00,2026/08/31 18:05:15.932, NVIDIA GeForce RTX 5060, 591.86, P5, 28, 0, 968, 8151, 9.09, 145.00, 210, 810, 2, 8
2026-08-31T18:05:20.9362984+07:00,2026/08/31 18:05:20.984, NVIDIA GeForce RTX 5060, 591.86, P3, 29, 0, 968, 8151, 14.70, 145.00, 210, 7001, 2, 8
2026-08-31T18:05:26.0302752+07:00,2026/08/31 18:05:26.061, NVIDIA GeForce RTX 5060, 591.86, P1, 28, 0, 968, 8151, 8.21, 145.00, 210, 405, 4, 8
2026-08-31T18:05:31.0635981+07:00,2026/08/31 18:05:31.094, NVIDIA GeForce RTX 5060, 591.86, P8, 28, 1, 968, 8151, 8.27, 145.00, 322, 405, 1, 8
2026-08-31T18:05:36.0958743+07:00,2026/08/31 18:05:36.127, NVIDIA GeForce RTX 5060, 591.86, P8, 28, 0, 968, 8151, 8.52, 145.00, 210, 405, 1, 8
2026-08-31T18:05:41.1290924+07:00,2026/08/31 18:05:41.160, NVIDIA GeForce RTX 5060, 591.86, P8, 28, 0, 968, 8151, 8.58, 145.00, 210, 405, 1, 8
2026-08-31T18:05:46.1621670+07:00,2026/08/31 18:05:46.194, NVIDIA GeForce RTX 5060, 591.86, P8, 28, 0, 968, 8151, 8.44, 145.00, 210, 405, 1, 8
2026-08-31T18:05:51.1968924+07:00,2026/08/31 18:05:51.228, NVIDIA GeForce RTX 5060, 591.86, P8, 28, 0, 968, 8151, 7.97, 145.00, 210, 405, 1, 8
2026-08-31T18:05:56.2755372+07:00,2026/08/31 18:05:56.306, NVIDIA GeForce RTX 5060, 591.86, P8, 28, 0, 968, 8151, 8.66, 145.00, 210, 405, 1, 8
2026-08-31T18:06:01.3093904+07:00,2026/08/31 18:06:01.340, NVIDIA GeForce RTX 5060, 591.86, P1, 29, 0, 968, 8151, 14.66, 145.00, 210, 14001, 4, 8
2026-08-31T18:06:06.3424572+07:00,2026/08/31 18:06:06.373, NVIDIA GeForce RTX 5060, 591.86, P8, 28, 0, 968, 8151, 8.84, 145.00, 210, 405, 1, 8
2026-08-31T18:06:11.3751931+07:00,2026/08/31 18:06:11.406, NVIDIA GeForce RTX 5060, 591.86, P8, 28, 0, 968, 8151, 8.67, 145.00, 210, 405, 1, 8
2026-08-31T18:06:16.4083342+07:00,2026/08/31 18:06:16.439, NVIDIA GeForce RTX 5060, 591.86, P5, 28, 0, 968, 8151, 9.16, 145.00, 217, 810, 2, 8
2026-08-31T18:06:21.4411841+07:00,2026/08/31 18:06:21.472, NVIDIA GeForce RTX 5060, 591.86, P5, 28, 0, 968, 8151, 11.10, 145.00, 202, 810, 2, 8
2026-08-31T18:06:26.5318458+07:00,2026/08/31 18:06:26.565, NVIDIA GeForce RTX 5060, 591.86, P8, 29, 5, 1046, 8151, 9.41, 145.00, 345, 405, 1, 8
2026-08-31T18:06:31.5793333+07:00,2026/08/31 18:06:31.614, NVIDIA GeForce RTX 5060, 591.86, P8, 28, 0, 1123, 8151, 9.35, 145.00, 382, 405, 1, 8
2026-08-31T18:06:36.6314653+07:00,2026/08/31 18:06:36.664, NVIDIA GeForce RTX 5060, 591.86, P8, 29, 5, 863, 8151, 10.89, 145.00, 757, 405, 1, 8
2026-08-31T18:06:41.6740931+07:00,2026/08/31 18:06:41.698, NVIDIA GeForce RTX 5060, 591.86, P8, 28, 0, 877, 8151, 9.48, 145.00, 345, 405, 1, 8
2026-08-31T18:06:46.7060197+07:00,2026/08/31 18:06:46.730, NVIDIA GeForce RTX 5060, 591.86, P8, 28, 0, 892, 8151, 8.35, 145.00, 210, 405, 1, 8
2026-08-31T18:06:51.7439054+07:00,2026/08/31 18:06:51.777, NVIDIA GeForce RTX 5060, 591.86, P8, 28, 0, 884, 8151, 8.47, 145.00, 210, 405, 1, 8
2026-08-31T18:06:56.8480345+07:00,2026/08/31 18:06:56.879, NVIDIA GeForce RTX 5060, 591.86, P8, 28, 0, 894, 8151, 8.92, 145.00, 427, 405, 1, 8
2026-08-31T18:07:01.8802108+07:00,2026/08/31 18:07:01.906, NVIDIA GeForce RTX 5060, 591.86, P8, 28, 0, 865, 8151, 10.00, 145.00, 210, 405, 1, 8
2026-08-31T18:07:06.9263240+07:00,2026/08/31 18:07:06.957, NVIDIA GeForce RTX 5060, 591.86, P8, 28, 1, 867, 8151, 8.82, 145.00, 292, 405, 1, 8
2026-08-31T18:07:11.9703366+07:00,2026/08/31 18:07:11.996, NVIDIA GeForce RTX 5060, 591.86, P8, 28, 1, 862, 8151, 8.76, 145.00, 255, 405, 1, 8
2026-08-31T18:07:17.0111605+07:00,2026/08/31 18:07:17.042, NVIDIA GeForce RTX 5060, 591.86, P8, 28, 0, 853, 8151, 8.64, 145.00, 255, 405, 1, 8
2026-08-31T18:07:22.0456967+07:00,2026/08/31 18:07:22.074, NVIDIA GeForce RTX 5060, 591.86, P8, 28, 0, 895, 8151, 9.09, 145.00, 210, 405, 1, 8
2026-08-31T18:07:27.1282377+07:00,2026/08/31 18:07:27.159, NVIDIA GeForce RTX 5060, 591.86, P8, 28, 2, 891, 8151, 8.78, 145.00, 300, 405, 1, 8
2026-08-31T18:07:32.1699500+07:00,2026/08/31 18:07:32.211, NVIDIA GeForce RTX 5060, 591.86, P8, 28, 0, 860, 8151, 8.66, 145.00, 352, 405, 1, 8
2026-08-31T18:07:37.2265859+07:00,2026/08/31 18:07:37.260, NVIDIA GeForce RTX 5060, 591.86, P8, 28, 7, 849, 8151, 8.99, 145.00, 345, 405, 1, 8
2026-08-31T18:07:42.2613108+07:00,2026/08/31 18:07:42.290, NVIDIA GeForce RTX 5060, 591.86, P8, 28, 0, 865, 8151, 8.38, 145.00, 210, 405, 1, 8
2026-08-31T18:07:47.2981280+07:00,2026/08/31 18:07:47.328, NVIDIA GeForce RTX 5060, 591.86, P8, 28, 1, 891, 8151, 9.36, 145.00, 247, 405, 1, 8
2026-08-31T18:07:52.3380098+07:00,2026/08/31 18:07:52.370, NVIDIA GeForce RTX 5060, 591.86, P8, 28, 0, 875, 8151, 8.46, 145.00, 307, 405, 1, 8
2026-08-31T18:07:57.4420680+07:00,2026/08/31 18:07:57.474, NVIDIA GeForce RTX 5060, 591.86, P8, 28, 0, 837, 8151, 8.34, 145.00, 255, 405, 1, 8
2026-08-31T18:08:02.4917839+07:00,2026/08/31 18:08:02.523, NVIDIA GeForce RTX 5060, 591.86, P8, 28, 0, 833, 8151, 8.17, 145.00, 225, 405, 1, 8
2026-08-31T18:08:07.5266667+07:00,2026/08/31 18:08:07.554, NVIDIA GeForce RTX 5060, 591.86, P8, 28, 0, 858, 8151, 8.60, 145.00, 210, 405, 1, 8
2026-08-31T18:08:12.5740501+07:00,2026/08/31 18:08:12.605, NVIDIA GeForce RTX 5060, 591.86, P8, 28, 0, 850, 8151, 8.34, 145.00, 210, 405, 1, 8
2026-08-31T18:08:17.6094837+07:00,2026/08/31 18:08:17.634, NVIDIA GeForce RTX 5060, 591.86, P8, 28, 0, 899, 8151, 8.60, 145.00, 210, 405, 1, 8
2026-08-31T18:08:22.6419724+07:00,2026/08/31 18:08:22.666, NVIDIA GeForce RTX 5060, 591.86, P8, 28, 1, 860, 8151, 8.65, 145.00, 240, 405, 1, 8
2026-08-31T18:08:27.7437738+07:00,2026/08/31 18:08:27.774, NVIDIA GeForce RTX 5060, 591.86, P0, 30, 0, 858, 8151, 22.17, 145.00, 2512, 14201, 4, 8
2026-08-31T18:08:32.7755689+07:00,2026/08/31 18:08:32.807, NVIDIA GeForce RTX 5060, 591.86, P8, 28, 0, 843, 8151, 8.46, 145.00, 255, 405, 1, 8
2026-08-31T18:08:37.8099983+07:00,2026/08/31 18:08:37.841, NVIDIA GeForce RTX 5060, 591.86, P8, 28, 0, 857, 8151, 9.94, 145.00, 210, 405, 1, 8
2026-08-31T18:08:42.8564481+07:00,2026/08/31 18:08:42.889, NVIDIA GeForce RTX 5060, 591.86, P8, 28, 0, 873, 8151, 8.86, 145.00, 210, 405, 2, 8
2026-08-31T18:08:47.9057790+07:00,2026/08/31 18:08:47.937, NVIDIA GeForce RTX 5060, 591.86, P8, 28, 0, 867, 8151, 8.91, 145.00, 262, 405, 1, 8
2026-08-31T18:08:52.9401745+07:00,2026/08/31 18:08:52.971, NVIDIA GeForce RTX 5060, 591.86, P8, 28, 0, 852, 8151, 8.89, 145.00, 292, 405, 1, 8
2026-08-31T18:08:58.0200923+07:00,2026/08/31 18:08:58.056, NVIDIA GeForce RTX 5060, 591.86, P8, 28, 0, 841, 8151, 8.82, 145.00, 270, 405, 1, 8
2026-08-31T18:09:03.0731219+07:00,2026/08/31 18:09:03.104, NVIDIA GeForce RTX 5060, 591.86, P8, 28, 0, 839, 8151, 8.74, 145.00, 210, 405, 1, 8
2026-08-31T18:09:08.1232632+07:00,2026/08/31 18:09:08.156, NVIDIA GeForce RTX 5060, 591.86, P8, 29, 1, 836, 8151, 10.30, 145.00, 547, 405, 1, 8
2026-08-31T18:09:13.1722089+07:00,2026/08/31 18:09:13.205, NVIDIA GeForce RTX 5060, 591.86, P8, 29, 1, 836, 8151, 9.98, 145.00, 502, 405, 1, 8
2026-08-31T18:09:18.2227216+07:00,2026/08/31 18:09:18.254, NVIDIA GeForce RTX 5060, 591.86, P8, 28, 0, 837, 8151, 9.11, 145.00, 337, 405, 1, 8
2026-08-31T18:09:23.2725075+07:00,2026/08/31 18:09:23.304, NVIDIA GeForce RTX 5060, 591.86, P8, 29, 1, 837, 8151, 10.36, 145.00, 555, 405, 1, 8
2026-08-31T18:09:28.3549867+07:00,2026/08/31 18:09:28.388, NVIDIA GeForce RTX 5060, 591.86, P8, 28, 1, 836, 8151, 9.82, 145.00, 487, 405, 1, 8
2026-08-31T18:09:33.4044537+07:00,2026/08/31 18:09:33.454, NVIDIA GeForce RTX 5060, 591.86, P8, 29, 1, 836, 8151, 9.87, 145.00, 525, 405, 1, 8
2026-08-31T18:09:38.4710346+07:00,2026/08/31 18:09:38.504, NVIDIA GeForce RTX 5060, 591.86, P8, 29, 1, 836, 8151, 9.92, 145.00, 525, 405, 1, 8
2026-08-31T18:09:43.5214413+07:00,2026/08/31 18:09:43.553, NVIDIA GeForce RTX 5060, 591.86, P8, 29, 1, 836, 8151, 9.97, 145.00, 487, 405, 1, 8
2026-08-31T18:09:48.5712020+07:00,2026/08/31 18:09:48.605, NVIDIA GeForce RTX 5060, 591.86, P8, 29, 2, 836, 8151, 10.10, 145.00, 517, 405, 1, 8
2026-08-31T18:09:53.6053964+07:00,2026/08/31 18:09:53.636, NVIDIA GeForce RTX 5060, 591.86, P8, 29, 1, 836, 8151, 9.99, 145.00, 517, 405, 1, 8
2026-08-31T18:09:58.6894957+07:00,2026/08/31 18:09:58.720, NVIDIA GeForce RTX 5060, 591.86, P8, 29, 1, 836, 8151, 10.13, 145.00, 570, 405, 1, 8
2026-08-31T18:10:03.7330964+07:00,2026/08/31 18:10:03.768, NVIDIA GeForce RTX 5060, 591.86, P8, 28, 0, 836, 8151, 8.84, 145.00, 255, 405, 1, 8
2026-08-31T18:10:08.7875169+07:00,2026/08/31 18:10:08.820, NVIDIA GeForce RTX 5060, 591.86, P8, 29, 2, 836, 8151, 10.05, 145.00, 517, 405, 1, 8
2026-08-31T18:10:13.8351957+07:00,2026/08/31 18:10:13.868, NVIDIA GeForce RTX 5060, 591.86, P8, 29, 1, 836, 8151, 9.95, 145.00, 517, 405, 1, 8
2026-08-31T18:10:18.8854331+07:00,2026/08/31 18:10:18.919, NVIDIA GeForce RTX 5060, 591.86, P8, 29, 1, 836, 8151, 9.92, 145.00, 540, 405, 1, 8
2026-08-31T18:10:23.9350082+07:00,2026/08/31 18:10:23.968, NVIDIA GeForce RTX 5060, 591.86, P8, 29, 1, 836, 8151, 9.87, 145.00, 540, 405, 1, 8
2026-08-31T18:10:29.0190354+07:00,2026/08/31 18:10:29.052, NVIDIA GeForce RTX 5060, 591.86, P8, 29, 1, 836, 8151, 9.84, 145.00, 525, 405, 1, 8
2026-08-31T18:10:34.0533422+07:00,2026/08/31 18:10:34.084, NVIDIA GeForce RTX 5060, 591.86, P8, 29, 1, 836, 8151, 10.09, 145.00, 562, 405, 1, 8
2026-08-31T18:10:39.1011169+07:00,2026/08/31 18:10:39.134, NVIDIA GeForce RTX 5060, 591.86, P8, 29, 1, 836, 8151, 10.05, 145.00, 532, 405, 1, 8
2026-08-31T18:10:44.1520650+07:00,2026/08/31 18:10:44.185, NVIDIA GeForce RTX 5060, 591.86, P8, 29, 1, 836, 8151, 9.92, 145.00, 555, 405, 1, 8
2026-08-31T18:10:49.2013281+07:00,2026/08/31 18:10:49.234, NVIDIA GeForce RTX 5060, 591.86, P8, 29, 2, 836, 8151, 10.03, 145.00, 525, 405, 1, 8
2026-08-31T18:10:54.2504197+07:00,2026/08/31 18:10:54.283, NVIDIA GeForce RTX 5060, 591.86, P8, 29, 1, 836, 8151, 10.06, 145.00, 525, 405, 1, 8
2026-08-31T18:10:59.3498107+07:00,2026/08/31 18:10:59.383, NVIDIA GeForce RTX 5060, 591.86, P5, 29, 1, 887, 8151, 11.87, 145.00, 780, 810, 2, 8
2026-08-31T18:11:04.4013163+07:00,2026/08/31 18:11:04.436, NVIDIA GeForce RTX 5060, 591.86, P8, 29, 1, 860, 8151, 9.55, 145.00, 360, 405, 1, 8
2026-08-31T18:11:09.4486961+07:00,2026/08/31 18:11:09.482, NVIDIA GeForce RTX 5060, 591.86, P8, 29, 2, 860, 8151, 9.23, 145.00, 390, 405, 1, 8
2026-08-31T18:11:14.4993567+07:00,2026/08/31 18:11:14.532, NVIDIA GeForce RTX 5060, 591.86, P8, 29, 1, 860, 8151, 9.12, 145.00, 405, 405, 1, 8
2026-08-31T18:11:19.5491694+07:00,2026/08/31 18:11:19.583, NVIDIA GeForce RTX 5060, 591.86, P8, 29, 1, 859, 8151, 9.27, 145.00, 390, 405, 1, 8
2026-08-31T18:11:24.5855532+07:00,2026/08/31 18:11:24.615, NVIDIA GeForce RTX 5060, 591.86, P8, 29, 1, 859, 8151, 9.19, 145.00, 412, 405, 1, 8
2026-08-31T18:11:29.6798787+07:00,2026/08/31 18:11:29.711, NVIDIA GeForce RTX 5060, 591.86, P8, 29, 0, 883, 8151, 8.52, 145.00, 210, 405, 1, 8
2026-08-31T18:11:34.7194419+07:00,2026/08/31 18:11:34.750, NVIDIA GeForce RTX 5060, 591.86, P8, 28, 0, 885, 8151, 8.20, 145.00, 210, 405, 1, 8
2026-08-31T18:11:39.7625277+07:00,2026/08/31 18:11:39.794, NVIDIA GeForce RTX 5060, 591.86, P8, 28, 0, 893, 8151, 8.70, 145.00, 210, 405, 1, 8
2026-08-31T18:11:44.8037621+07:00,2026/08/31 18:11:44.835, NVIDIA GeForce RTX 5060, 591.86, P8, 29, 0, 894, 8151, 8.64, 145.00, 210, 405, 1, 8
2026-08-31T18:11:49.8402669+07:00,2026/08/31 18:11:49.873, NVIDIA GeForce RTX 5060, 591.86, P8, 29, 0, 848, 8151, 10.98, 145.00, 750, 405, 1, 8
2026-08-31T18:11:54.8813746+07:00,2026/08/31 18:11:54.913, NVIDIA GeForce RTX 5060, 591.86, P8, 28, 0, 868, 8151, 8.21, 145.00, 240, 405, 1, 8
2026-08-31T18:12:00.0001690+07:00,2026/08/31 18:12:00.031, NVIDIA GeForce RTX 5060, 591.86, P8, 28, 0, 872, 8151, 8.36, 145.00, 210, 405, 1, 8
2026-08-31T18:12:05.0339767+07:00,2026/08/31 18:12:05.064, NVIDIA GeForce RTX 5060, 591.86, P8, 28, 0, 875, 8151, 8.23, 145.00, 270, 405, 1, 8
2026-08-31T18:12:10.0798218+07:00,2026/08/31 18:12:10.111, NVIDIA GeForce RTX 5060, 591.86, P8, 29, 1, 873, 8151, 8.90, 145.00, 307, 405, 1, 8
2026-08-31T18:12:15.1137925+07:00,2026/08/31 18:12:15.146, NVIDIA GeForce RTX 5060, 591.86, P8, 28, 0, 869, 8151, 8.22, 145.00, 210, 405, 1, 8
2026-08-31T18:12:20.1545071+07:00,2026/08/31 18:12:20.195, NVIDIA GeForce RTX 5060, 591.86, P8, 28, 0, 877, 8151, 8.35, 145.00, 255, 405, 1, 8
2026-08-31T18:12:25.2089975+07:00,2026/08/31 18:12:25.240, NVIDIA GeForce RTX 5060, 591.86, P8, 28, 0, 880, 8151, 8.29, 145.00, 277, 405, 1, 8
2026-08-31T18:12:30.3060200+07:00,2026/08/31 18:12:30.338, NVIDIA GeForce RTX 5060, 591.86, P8, 29, 1, 877, 8151, 9.46, 145.00, 210, 405, 1, 8
2026-08-31T18:12:35.3552430+07:00,2026/08/31 18:12:35.386, NVIDIA GeForce RTX 5060, 591.86, P8, 28, 0, 883, 8151, 8.26, 145.00, 232, 405, 1, 8
2026-08-31T18:12:40.3954558+07:00,2026/08/31 18:12:40.427, NVIDIA GeForce RTX 5060, 591.86, P8, 28, 0, 901, 8151, 8.57, 145.00, 210, 405, 1, 8
2026-08-31T18:12:45.4392487+07:00,2026/08/31 18:12:45.470, NVIDIA GeForce RTX 5060, 591.86, P8, 28, 0, 901, 8151, 7.86, 145.00, 210, 405, 1, 8
2026-08-31T18:12:50.4911480+07:00,2026/08/31 18:12:50.522, NVIDIA GeForce RTX 5060, 591.86, P8, 28, 0, 953, 8151, 8.25, 145.00, 210, 405, 1, 8
2026-08-31T18:12:55.5266391+07:00,2026/08/31 18:12:55.560, NVIDIA GeForce RTX 5060, 591.86, P8, 28, 0, 897, 8151, 8.44, 145.00, 210, 405, 1, 8
2026-08-31T18:13:00.6270337+07:00,2026/08/31 18:13:00.658, NVIDIA GeForce RTX 5060, 591.86, P8, 28, 2, 915, 8151, 8.18, 145.00, 210, 405, 1, 8
2026-08-31T18:13:05.6736033+07:00,2026/08/31 18:13:05.704, NVIDIA GeForce RTX 5060, 591.86, P8, 28, 0, 869, 8151, 8.30, 145.00, 210, 405, 1, 8
2026-08-31T18:13:10.7056951+07:00,2026/08/31 18:13:10.742, NVIDIA GeForce RTX 5060, 591.86, P8, 28, 0, 929, 8151, 8.36, 145.00, 210, 405, 1, 8
2026-08-31T18:13:15.7436717+07:00,2026/08/31 18:13:15.793, NVIDIA GeForce RTX 5060, 591.86, P8, 28, 0, 902, 8151, 9.56, 145.00, 315, 405, 1, 8
2026-08-31T18:13:20.8033037+07:00,2026/08/31 18:13:20.834, NVIDIA GeForce RTX 5060, 591.86, P8, 28, 0, 897, 8151, 8.08, 145.00, 210, 405, 1, 8
2026-08-31T18:13:25.8430620+07:00,2026/08/31 18:13:25.876, NVIDIA GeForce RTX 5060, 591.86, P8, 28, 0, 886, 8151, 8.33, 145.00, 210, 405, 1, 8
2026-08-31T18:13:30.9595226+07:00,2026/08/31 18:13:30.991, NVIDIA GeForce RTX 5060, 591.86, P8, 29, 2, 887, 8151, 10.29, 145.00, 292, 405, 1, 8
2026-08-31T18:13:36.0075529+07:00,2026/08/31 18:13:36.038, NVIDIA GeForce RTX 5060, 591.86, P8, 28, 0, 903, 8151, 9.09, 145.00, 510, 405, 1, 8
2026-08-31T18:13:41.0472926+07:00,2026/08/31 18:13:41.078, NVIDIA GeForce RTX 5060, 591.86, P8, 28, 0, 952, 8151, 8.29, 145.00, 285, 405, 1, 8
2026-08-31T18:13:46.0891577+07:00,2026/08/31 18:13:46.120, NVIDIA GeForce RTX 5060, 591.86, P8, 28, 0, 944, 8151, 8.27, 145.00, 210, 405, 1, 8
2026-08-31T18:13:51.1271046+07:00,2026/08/31 18:13:51.188, NVIDIA GeForce RTX 5060, 591.86, P8, 29, 10, 866, 8151, 8.42, 145.00, 210, 405, 1, 8
2026-08-31T18:13:56.1890300+07:00,2026/08/31 18:13:56.220, NVIDIA GeForce RTX 5060, 591.86, P8, 28, 0, 858, 8151, 7.90, 145.00, 210, 405, 1, 8
2026-08-31T18:14:01.2856308+07:00,2026/08/31 18:14:01.316, NVIDIA GeForce RTX 5060, 591.86, P8, 28, 0, 857, 8151, 8.31, 145.00, 210, 405, 1, 8
2026-08-31T18:14:06.3223027+07:00,2026/08/31 18:14:06.353, NVIDIA GeForce RTX 5060, 591.86, P8, 28, 0, 857, 8151, 7.76, 145.00, 210, 405, 1, 8
2026-08-31T18:14:11.3722122+07:00,2026/08/31 18:14:11.403, NVIDIA GeForce RTX 5060, 591.86, P8, 28, 0, 857, 8151, 7.73, 145.00, 210, 405, 1, 8
2026-08-31T18:14:16.4102441+07:00,2026/08/31 18:14:16.441, NVIDIA GeForce RTX 5060, 591.86, P8, 28, 0, 857, 8151, 7.79, 145.00, 210, 405, 1, 8
2026-08-31T18:14:21.4458745+07:00,2026/08/31 18:14:21.477, NVIDIA GeForce RTX 5060, 591.86, P8, 28, 0, 857, 8151, 7.58, 145.00, 210, 405, 1, 8
2026-08-31T18:14:26.4816034+07:00,2026/08/31 18:14:26.512, NVIDIA GeForce RTX 5060, 591.86, P8, 28, 0, 857, 8151, 7.92, 145.00, 210, 405, 1, 8
2026-08-31T18:14:31.6057541+07:00,2026/08/31 18:14:31.639, NVIDIA GeForce RTX 5060, 591.86, P5, 28, 0, 908, 8151, 9.67, 145.00, 532, 810, 2, 8
2026-08-31T18:14:36.6549405+07:00,2026/08/31 18:14:36.688, NVIDIA GeForce RTX 5060, 591.86, P0, 29, 8, 856, 8151, 10.87, 145.00, 577, 14201, 4, 8
2026-08-31T18:14:41.7003575+07:00,2026/08/31 18:14:41.731, NVIDIA GeForce RTX 5060, 591.86, P5, 29, 0, 860, 8151, 10.96, 145.00, 570, 810, 2, 8
2026-08-31T18:14:46.7354029+07:00,2026/08/31 18:14:46.767, NVIDIA GeForce RTX 5060, 591.86, P8, 28, 0, 873, 8151, 8.36, 145.00, 210, 405, 1, 8
2026-08-31T18:14:51.7703795+07:00,2026/08/31 18:14:51.803, NVIDIA GeForce RTX 5060, 591.86, P3, 29, 0, 870, 8151, 16.60, 145.00, 555, 7001, 4, 8
2026-08-31T18:14:56.8061939+07:00,2026/08/31 18:14:56.837, NVIDIA GeForce RTX 5060, 591.86, P8, 29, 0, 848, 8151, 8.85, 145.00, 300, 405, 1, 8
2026-08-31T18:15:01.9202079+07:00,2026/08/31 18:15:01.953, NVIDIA GeForce RTX 5060, 591.86, P8, 29, 0, 847, 8151, 8.76, 145.00, 300, 405, 1, 8
2026-08-31T18:15:06.9696360+07:00,2026/08/31 18:15:07.003, NVIDIA GeForce RTX 5060, 591.86, P8, 29, 0, 847, 8151, 8.85, 145.00, 315, 405, 1, 8
2026-08-31T18:15:12.0210036+07:00,2026/08/31 18:15:12.069, NVIDIA GeForce RTX 5060, 591.86, P8, 29, 0, 847, 8151, 8.84, 145.00, 307, 405, 1, 8
2026-08-31T18:15:17.0868969+07:00,2026/08/31 18:15:17.119, NVIDIA GeForce RTX 5060, 591.86, P8, 29, 0, 847, 8151, 8.86, 145.00, 322, 405, 1, 8
2026-08-31T18:15:22.1352934+07:00,2026/08/31 18:15:22.170, NVIDIA GeForce RTX 5060, 591.86, P8, 29, 0, 847, 8151, 8.85, 145.00, 315, 405, 1, 8
2026-08-31T18:15:27.1867927+07:00,2026/08/31 18:15:27.218, NVIDIA GeForce RTX 5060, 591.86, P8, 29, 0, 847, 8151, 8.97, 145.00, 315, 405, 1, 8
2026-08-31T18:15:32.3020257+07:00,2026/08/31 18:15:32.335, NVIDIA GeForce RTX 5060, 591.86, P8, 29, 0, 847, 8151, 8.97, 145.00, 307, 405, 1, 8
2026-08-31T18:15:37.3523373+07:00,2026/08/31 18:15:37.401, NVIDIA GeForce RTX 5060, 591.86, P8, 29, 0, 847, 8151, 9.02, 145.00, 300, 405, 1, 8
2026-08-31T18:15:42.4180316+07:00,2026/08/31 18:15:42.451, NVIDIA GeForce RTX 5060, 591.86, P8, 29, 0, 847, 8151, 8.90, 145.00, 292, 405, 1, 8
2026-08-31T18:15:47.4673926+07:00,2026/08/31 18:15:47.501, NVIDIA GeForce RTX 5060, 591.86, P8, 29, 0, 847, 8151, 8.86, 145.00, 307, 405, 1, 8
2026-08-31T18:15:52.5186826+07:00,2026/08/31 18:15:52.550, NVIDIA GeForce RTX 5060, 591.86, P8, 29, 0, 874, 8151, 9.05, 145.00, 307, 405, 1, 8
2026-08-31T18:15:57.5673916+07:00,2026/08/31 18:15:57.600, NVIDIA GeForce RTX 5060, 591.86, P8, 29, 0, 849, 8151, 8.92, 145.00, 300, 405, 1, 8
2026-08-31T18:16:02.6832192+07:00,2026/08/31 18:16:02.717, NVIDIA GeForce RTX 5060, 591.86, P8, 29, 0, 849, 8151, 8.94, 145.00, 307, 405, 1, 8
2026-08-31T18:16:07.7331263+07:00,2026/08/31 18:16:07.766, NVIDIA GeForce RTX 5060, 591.86, P8, 29, 0, 849, 8151, 8.89, 145.00, 315, 405, 1, 8
2026-08-31T18:16:12.7844134+07:00,2026/08/31 18:16:12.816, NVIDIA GeForce RTX 5060, 591.86, P8, 29, 0, 849, 8151, 8.85, 145.00, 322, 405, 1, 8
2026-08-31T18:16:17.8330025+07:00,2026/08/31 18:16:17.865, NVIDIA GeForce RTX 5060, 591.86, P8, 28, 0, 849, 8151, 8.89, 145.00, 322, 405, 1, 8
2026-08-31T18:16:22.9011869+07:00,2026/08/31 18:16:22.982, NVIDIA GeForce RTX 5060, 591.86, P8, 29, 1, 849, 8151, 9.09, 145.00, 367, 405, 1, 8
2026-08-31T18:16:27.9963065+07:00,2026/08/31 18:16:28.027, NVIDIA GeForce RTX 5060, 591.86, P3, 29, 0, 925, 8151, 17.72, 145.00, 645, 7001, 2, 8
2026-08-31T18:16:33.0993598+07:00,2026/08/31 18:16:33.131, NVIDIA GeForce RTX 5060, 591.86, P0, 30, 0, 864, 8151, 22.66, 145.00, 2512, 14201, 4, 8
2026-08-31T18:16:38.1460616+07:00,2026/08/31 18:16:38.177, NVIDIA GeForce RTX 5060, 591.86, P8, 29, 1, 882, 8151, 8.82, 145.00, 232, 405, 1, 8
2026-08-31T18:16:43.1803464+07:00,2026/08/31 18:16:43.211, NVIDIA GeForce RTX 5060, 591.86, P8, 29, 0, 855, 8151, 8.65, 145.00, 232, 405, 1, 8
2026-08-31T18:16:48.2240870+07:00,2026/08/31 18:16:48.255, NVIDIA GeForce RTX 5060, 591.86, P8, 29, 0, 843, 8151, 8.69, 145.00, 210, 405, 1, 8
2026-08-31T18:16:53.2767850+07:00,2026/08/31 18:16:53.308, NVIDIA GeForce RTX 5060, 591.86, P8, 29, 0, 843, 8151, 8.64, 145.00, 232, 405, 1, 8
2026-08-31T18:16:58.3180919+07:00,2026/08/31 18:16:58.349, NVIDIA GeForce RTX 5060, 591.86, P8, 29, 0, 843, 8151, 8.58, 145.00, 210, 405, 1, 8
2026-08-31T18:17:03.3913155+07:00,2026/08/31 18:17:03.422, NVIDIA GeForce RTX 5060, 591.86, P8, 29, 0, 839, 8151, 8.58, 145.00, 232, 405, 1, 8
2026-08-31T18:17:08.4286873+07:00,2026/08/31 18:17:08.459, NVIDIA GeForce RTX 5060, 591.86, P8, 29, 0, 839, 8151, 8.54, 145.00, 210, 405, 1, 8
2026-08-31T18:17:13.4734211+07:00,2026/08/31 18:17:13.504, NVIDIA GeForce RTX 5060, 591.86, P8, 29, 0, 839, 8151, 8.48, 145.00, 210, 405, 1, 8
2026-08-31T18:17:18.5198970+07:00,2026/08/31 18:17:18.551, NVIDIA GeForce RTX 5060, 591.86, P8, 29, 0, 839, 8151, 8.50, 145.00, 232, 405, 1, 8
2026-08-31T18:17:23.5569864+07:00,2026/08/31 18:17:23.595, NVIDIA GeForce RTX 5060, 591.86, P8, 29, 0, 839, 8151, 8.49, 145.00, 210, 405, 1, 8
2026-08-31T18:17:28.6125274+07:00,2026/08/31 18:17:28.643, NVIDIA GeForce RTX 5060, 591.86, P8, 29, 0, 839, 8151, 8.47, 145.00, 225, 405, 1, 8
2026-08-31T18:17:33.6909196+07:00,2026/08/31 18:17:33.722, NVIDIA GeForce RTX 5060, 591.86, P8, 29, 0, 839, 8151, 8.44, 145.00, 210, 405, 1, 8
2026-08-31T18:17:38.7226069+07:00,2026/08/31 18:17:38.753, NVIDIA GeForce RTX 5060, 591.86, P8, 29, 0, 839, 8151, 8.44, 145.00, 232, 405, 1, 8
2026-08-31T18:17:43.7687706+07:00,2026/08/31 18:17:43.800, NVIDIA GeForce RTX 5060, 591.86, P8, 28, 0, 839, 8151, 8.41, 145.00, 210, 405, 1, 8
2026-08-31T18:17:48.8004190+07:00,2026/08/31 18:17:48.829, NVIDIA GeForce RTX 5060, 591.86, P8, 28, 0, 839, 8151, 8.45, 145.00, 210, 405, 1, 8
2026-08-31T18:17:53.8480178+07:00,2026/08/31 18:17:53.879, NVIDIA GeForce RTX 5060, 591.86, P8, 28, 0, 839, 8151, 8.47, 145.00, 232, 405, 1, 8
2026-08-31T18:17:58.8936614+07:00,2026/08/31 18:17:58.924, NVIDIA GeForce RTX 5060, 591.86, P8, 28, 0, 839, 8151, 8.54, 145.00, 210, 405, 1, 8
2026-08-31T18:18:03.9769532+07:00,2026/08/31 18:18:04.008, NVIDIA GeForce RTX 5060, 591.86, P8, 28, 0, 839, 8151, 8.40, 145.00, 232, 405, 1, 8
2026-08-31T18:18:09.0101031+07:00,2026/08/31 18:18:09.041, NVIDIA GeForce RTX 5060, 591.86, P8, 28, 0, 839, 8151, 8.36, 145.00, 210, 405, 1, 8
2026-08-31T18:18:14.0439262+07:00,2026/08/31 18:18:14.075, NVIDIA GeForce RTX 5060, 591.86, P8, 28, 0, 839, 8151, 8.62, 145.00, 232, 405, 1, 8
2026-08-31T18:18:19.0931394+07:00,2026/08/31 18:18:19.126, NVIDIA GeForce RTX 5060, 591.86, P8, 28, 0, 839, 8151, 8.47, 145.00, 210, 405, 1, 8
2026-08-31T18:18:24.1404315+07:00,2026/08/31 18:18:24.171, NVIDIA GeForce RTX 5060, 591.86, P8, 28, 0, 839, 8151, 8.49, 145.00, 210, 405, 1, 8
2026-08-31T18:18:29.1748740+07:00,2026/08/31 18:18:29.206, NVIDIA GeForce RTX 5060, 591.86, P8, 28, 0, 839, 8151, 8.47, 145.00, 232, 405, 1, 8
2026-08-31T18:18:34.2502940+07:00,2026/08/31 18:18:34.281, NVIDIA GeForce RTX 5060, 591.86, P8, 28, 0, 839, 8151, 8.53, 145.00, 210, 405, 1, 8
2026-08-31T18:18:39.2883411+07:00,2026/08/31 18:18:39.319, NVIDIA GeForce RTX 5060, 591.86, P8, 28, 0, 839, 8151, 8.51, 145.00, 232, 405, 1, 8
2026-08-31T18:18:44.3255967+07:00,2026/08/31 18:18:44.358, NVIDIA GeForce RTX 5060, 591.86, P8, 29, 1, 845, 8151, 10.41, 145.00, 585, 405, 1, 8
2026-08-31T18:18:49.3747233+07:00,2026/08/31 18:18:49.408, NVIDIA GeForce RTX 5060, 591.86, P8, 29, 2, 962, 8151, 10.22, 145.00, 630, 405, 1, 8
2026-08-31T18:18:54.4259931+07:00,2026/08/31 18:18:54.457, NVIDIA GeForce RTX 5060, 591.86, P8, 28, 0, 909, 8151, 9.42, 145.00, 322, 405, 1, 8
2026-08-31T18:18:59.4709017+07:00,2026/08/31 18:18:59.502, NVIDIA GeForce RTX 5060, 591.86, P8, 29, 1, 891, 8151, 9.34, 145.00, 480, 405, 2, 8
2026-08-31T18:19:04.5736694+07:00,2026/08/31 18:19:04.607, NVIDIA GeForce RTX 5060, 591.86, P8, 28, 0, 884, 8151, 8.44, 145.00, 210, 405, 1, 8
2026-08-31T18:19:09.6077045+07:00,2026/08/31 18:19:09.638, NVIDIA GeForce RTX 5060, 591.86, P8, 28, 0, 869, 8151, 8.70, 145.00, 255, 405, 1, 8
2026-08-31T18:19:14.6398787+07:00,2026/08/31 18:19:14.672, NVIDIA GeForce RTX 5060, 591.86, P8, 28, 0, 861, 8151, 8.65, 145.00, 210, 405, 1, 8
2026-08-31T18:19:19.6745786+07:00,2026/08/31 18:19:19.707, NVIDIA GeForce RTX 5060, 591.86, P8, 28, 0, 858, 8151, 8.56, 145.00, 240, 405, 1, 8
2026-08-31T18:19:24.7163345+07:00,2026/08/31 18:19:24.747, NVIDIA GeForce RTX 5060, 591.86, P8, 28, 1, 848, 8151, 8.45, 145.00, 247, 405, 1, 8
2026-08-31T18:19:29.7495722+07:00,2026/08/31 18:19:29.780, NVIDIA GeForce RTX 5060, 591.86, P8, 28, 0, 849, 8151, 8.67, 145.00, 255, 405, 1, 8
2026-08-31T18:19:34.8247395+07:00,2026/08/31 18:19:34.856, NVIDIA GeForce RTX 5060, 591.86, P8, 29, 1, 855, 8151, 10.23, 145.00, 525, 405, 1, 8
2026-08-31T18:19:39.8723252+07:00,2026/08/31 18:19:39.905, NVIDIA GeForce RTX 5060, 591.86, P8, 29, 1, 855, 8151, 10.30, 145.00, 525, 405, 1, 8
2026-08-31T18:19:44.9222028+07:00,2026/08/31 18:19:44.955, NVIDIA GeForce RTX 5060, 591.86, P8, 29, 2, 855, 8151, 10.41, 145.00, 517, 405, 1, 8
2026-08-31T18:19:49.9733776+07:00,2026/08/31 18:19:50.006, NVIDIA GeForce RTX 5060, 591.86, P8, 29, 1, 855, 8151, 10.45, 145.00, 540, 405, 1, 8
2026-08-31T18:19:55.0217924+07:00,2026/08/31 18:19:55.054, NVIDIA GeForce RTX 5060, 591.86, P8, 29, 1, 854, 8151, 10.08, 145.00, 555, 405, 1, 8
2026-08-31T18:20:00.0701253+07:00,2026/08/31 18:20:00.104, NVIDIA GeForce RTX 5060, 591.86, P8, 29, 1, 854, 8151, 10.11, 145.00, 502, 405, 1, 8
2026-08-31T18:20:05.1547271+07:00,2026/08/31 18:20:05.188, NVIDIA GeForce RTX 5060, 591.86, P8, 29, 2, 855, 8151, 10.17, 145.00, 495, 405, 1, 8
2026-08-31T18:20:10.1892730+07:00,2026/08/31 18:20:10.220, NVIDIA GeForce RTX 5060, 591.86, P8, 29, 2, 855, 8151, 10.20, 145.00, 532, 405, 1, 8
2026-08-31T18:20:15.2381384+07:00,2026/08/31 18:20:15.272, NVIDIA GeForce RTX 5060, 591.86, P8, 29, 2, 855, 8151, 10.24, 145.00, 510, 405, 1, 8
2026-08-31T18:20:20.2867168+07:00,2026/08/31 18:20:20.320, NVIDIA GeForce RTX 5060, 591.86, P8, 29, 2, 855, 8151, 10.39, 145.00, 547, 405, 1, 8
2026-08-31T18:20:25.3364755+07:00,2026/08/31 18:20:25.370, NVIDIA GeForce RTX 5060, 591.86, P8, 29, 1, 855, 8151, 10.32, 145.00, 540, 405, 1, 8
2026-08-31T18:20:30.3879486+07:00,2026/08/31 18:20:30.420, NVIDIA GeForce RTX 5060, 591.86, P8, 29, 1, 855, 8151, 10.46, 145.00, 555, 405, 1, 8
2026-08-31T18:20:35.4861864+07:00,2026/08/31 18:20:35.519, NVIDIA GeForce RTX 5060, 591.86, P8, 29, 1, 855, 8151, 10.26, 145.00, 517, 405, 1, 8
2026-08-31T18:20:40.5367140+07:00,2026/08/31 18:20:40.570, NVIDIA GeForce RTX 5060, 591.86, P8, 29, 1, 855, 8151, 10.29, 145.00, 547, 405, 1, 8
2026-08-31T18:20:45.5858984+07:00,2026/08/31 18:20:45.620, NVIDIA GeForce RTX 5060, 591.86, P8, 29, 2, 855, 8151, 10.18, 145.00, 502, 405, 1, 8
2026-08-31T18:20:50.6352620+07:00,2026/08/31 18:20:50.669, NVIDIA GeForce RTX 5060, 591.86, P8, 29, 1, 854, 8151, 10.41, 145.00, 577, 405, 1, 8
2026-08-31T18:20:55.6859659+07:00,2026/08/31 18:20:55.719, NVIDIA GeForce RTX 5060, 591.86, P8, 29, 1, 854, 8151, 10.00, 145.00, 502, 405, 1, 8
2026-08-31T18:21:00.7343096+07:00,2026/08/31 18:21:00.768, NVIDIA GeForce RTX 5060, 591.86, P8, 29, 2, 854, 8151, 10.35, 145.00, 592, 405, 1, 8
2026-08-31T18:21:05.8187276+07:00,2026/08/31 18:21:05.850, NVIDIA GeForce RTX 5060, 591.86, P8, 29, 1, 854, 8151, 10.31, 145.00, 555, 405, 1, 8
2026-08-31T18:21:10.8684854+07:00,2026/08/31 18:21:10.902, NVIDIA GeForce RTX 5060, 591.86, P8, 29, 2, 854, 8151, 10.42, 145.00, 525, 405, 1, 8
2026-08-31T18:21:15.9181426+07:00,2026/08/31 18:21:15.951, NVIDIA GeForce RTX 5060, 591.86, P8, 29, 2, 854, 8151, 10.24, 145.00, 532, 405, 1, 8
2026-08-31T18:21:20.9662509+07:00,2026/08/31 18:21:21.000, NVIDIA GeForce RTX 5060, 591.86, P8, 29, 2, 854, 8151, 10.43, 145.00, 540, 405, 1, 8
2026-08-31T18:21:26.0160278+07:00,2026/08/31 18:21:26.049, NVIDIA GeForce RTX 5060, 591.86, P8, 29, 1, 852, 8151, 10.00, 145.00, 450, 405, 1, 8
2026-08-31T18:21:31.0675144+07:00,2026/08/31 18:21:31.100, NVIDIA GeForce RTX 5060, 591.86, P0, 30, 0, 854, 8151, 22.60, 145.00, 2542, 14201, 4, 8
2026-08-31T18:21:36.2010281+07:00,2026/08/31 18:21:36.233, NVIDIA GeForce RTX 5060, 591.86, P8, 29, 1, 847, 8151, 9.43, 145.00, 367, 405, 1, 8
2026-08-31T18:21:41.2492639+07:00,2026/08/31 18:21:41.283, NVIDIA GeForce RTX 5060, 591.86, P8, 29, 1, 847, 8151, 9.49, 145.00, 420, 405, 1, 8
2026-08-31T18:21:46.2991022+07:00,2026/08/31 18:21:46.332, NVIDIA GeForce RTX 5060, 591.86, P8, 29, 1, 847, 8151, 9.26, 145.00, 397, 405, 1, 8
2026-08-31T18:21:51.3486834+07:00,2026/08/31 18:21:51.384, NVIDIA GeForce RTX 5060, 591.86, P8, 29, 7, 891, 8151, 10.17, 145.00, 472, 405, 1, 8
2026-08-31T18:21:56.4013328+07:00,2026/08/31 18:21:56.433, NVIDIA GeForce RTX 5060, 591.86, P8, 29, 2, 969, 8151, 11.54, 145.00, 727, 405, 1, 8
2026-08-31T18:22:01.4492851+07:00,2026/08/31 18:22:01.482, NVIDIA GeForce RTX 5060, 591.86, P8, 29, 1, 901, 8151, 9.53, 145.00, 405, 405, 1, 8
2026-08-31T18:22:06.5311991+07:00,2026/08/31 18:22:06.565, NVIDIA GeForce RTX 5060, 591.86, P8, 29, 2, 877, 8151, 10.46, 145.00, 547, 405, 1, 8
2026-08-31T18:22:11.5818663+07:00,2026/08/31 18:22:11.616, NVIDIA GeForce RTX 5060, 591.86, P8, 29, 3, 900, 8151, 10.16, 145.00, 525, 405, 1, 8
2026-08-31T18:22:16.6259099+07:00,2026/08/31 18:22:16.658, NVIDIA GeForce RTX 5060, 591.86, P8, 29, 1, 867, 8151, 9.31, 145.00, 375, 405, 1, 8
2026-08-31T18:22:21.6799167+07:00,2026/08/31 18:22:21.714, NVIDIA GeForce RTX 5060, 591.86, P8, 29, 4, 888, 8151, 11.10, 145.00, 555, 405, 1, 8
2026-08-31T18:22:26.7331208+07:00,2026/08/31 18:22:26.764, NVIDIA GeForce RTX 5060, 591.86, P8, 29, 1, 1010, 8151, 10.07, 145.00, 555, 405, 1, 8
2026-08-31T18:22:31.7807791+07:00,2026/08/31 18:22:31.814, NVIDIA GeForce RTX 5060, 591.86, P8, 29, 1, 1038, 8151, 9.33, 145.00, 420, 405, 1, 8
2026-08-31T18:22:36.8667722+07:00,2026/08/31 18:22:36.896, NVIDIA GeForce RTX 5060, 591.86, P8, 29, 1, 1037, 8151, 9.39, 145.00, 397, 405, 1, 8
2026-08-31T18:22:41.9135785+07:00,2026/08/31 18:22:41.945, NVIDIA GeForce RTX 5060, 591.86, P8, 29, 2, 1037, 8151, 9.42, 145.00, 412, 405, 1, 8
2026-08-31T18:22:46.9633353+07:00,2026/08/31 18:22:46.995, NVIDIA GeForce RTX 5060, 591.86, P8, 29, 1, 1037, 8151, 9.52, 145.00, 412, 405, 1, 8
2026-08-31T18:22:52.0121692+07:00,2026/08/31 18:22:52.046, NVIDIA GeForce RTX 5060, 591.86, P8, 29, 0, 1037, 8151, 9.44, 145.00, 427, 405, 1, 8
2026-08-31T18:22:57.0628688+07:00,2026/08/31 18:22:57.095, NVIDIA GeForce RTX 5060, 591.86, P8, 29, 1, 1037, 8151, 9.52, 145.00, 405, 405, 1, 8
2026-08-31T18:23:02.1136714+07:00,2026/08/31 18:23:02.146, NVIDIA GeForce RTX 5060, 591.86, P8, 29, 1, 1037, 8151, 9.59, 145.00, 420, 405, 1, 8
2026-08-31T18:23:07.1968487+07:00,2026/08/31 18:23:07.228, NVIDIA GeForce RTX 5060, 591.86, P8, 29, 1, 1037, 8151, 9.54, 145.00, 435, 405, 1, 8
2026-08-31T18:23:12.2445195+07:00,2026/08/31 18:23:12.278, NVIDIA GeForce RTX 5060, 591.86, P8, 29, 1, 1037, 8151, 9.46, 145.00, 412, 405, 1, 8
2026-08-31T18:23:17.2958154+07:00,2026/08/31 18:23:17.328, NVIDIA GeForce RTX 5060, 591.86, P8, 29, 1, 1037, 8151, 9.41, 145.00, 397, 405, 1, 8
2026-08-31T18:23:22.3438713+07:00,2026/08/31 18:23:22.378, NVIDIA GeForce RTX 5060, 591.86, P8, 29, 1, 1037, 8151, 9.50, 145.00, 405, 405, 1, 8
2026-08-31T18:23:27.3810417+07:00,2026/08/31 18:23:27.410, NVIDIA GeForce RTX 5060, 591.86, P8, 29, 1, 1037, 8151, 9.35, 145.00, 427, 405, 1, 8
2026-08-31T18:23:32.4267012+07:00,2026/08/31 18:23:32.460, NVIDIA GeForce RTX 5060, 591.86, P8, 29, 0, 1037, 8151, 8.88, 145.00, 405, 405, 1, 8
2026-08-31T18:23:37.5116443+07:00,2026/08/31 18:23:37.543, NVIDIA GeForce RTX 5060, 591.86, P8, 29, 1, 1037, 8151, 9.38, 145.00, 390, 405, 1, 8
2026-08-31T18:23:42.5457884+07:00,2026/08/31 18:23:42.577, NVIDIA GeForce RTX 5060, 591.86, P8, 29, 2, 1126, 8151, 10.49, 145.00, 480, 405, 1, 8
2026-08-31T18:23:47.5925221+07:00,2026/08/31 18:23:47.625, NVIDIA GeForce RTX 5060, 591.86, P8, 29, 2, 1103, 8151, 9.59, 145.00, 397, 405, 1, 8
2026-08-31T18:23:52.6432332+07:00,2026/08/31 18:23:52.675, NVIDIA GeForce RTX 5060, 591.86, P8, 29, 1, 1114, 8151, 9.64, 145.00, 420, 405, 1, 8
2026-08-31T18:23:57.6919397+07:00,2026/08/31 18:23:57.725, NVIDIA GeForce RTX 5060, 591.86, P8, 29, 1, 1105, 8151, 9.48, 145.00, 397, 405, 1, 8
2026-08-31T18:24:02.7399941+07:00,2026/08/31 18:24:02.774, NVIDIA GeForce RTX 5060, 591.86, P8, 29, 2, 1105, 8151, 9.60, 145.00, 405, 405, 1, 8
2026-08-31T18:24:07.8334831+07:00,2026/08/31 18:24:07.857, NVIDIA GeForce RTX 5060, 591.86, P8, 29, 1, 1072, 8151, 9.73, 145.00, 412, 405, 1, 8
2026-08-31T18:24:12.8791872+07:00,2026/08/31 18:24:12.910, NVIDIA GeForce RTX 5060, 591.86, P5, 29, 0, 1087, 8151, 16.72, 145.00, 450, 810, 2, 8
2026-08-31T18:24:17.9163932+07:00,2026/08/31 18:24:17.947, NVIDIA GeForce RTX 5060, 591.86, P8, 29, 0, 1087, 8151, 7.89, 145.00, 210, 405, 1, 8
2026-08-31T18:24:22.9515681+07:00,2026/08/31 18:24:22.982, NVIDIA GeForce RTX 5060, 591.86, P8, 29, 0, 1087, 8151, 8.31, 145.00, 210, 405, 1, 8
2026-08-31T18:24:27.9829617+07:00,2026/08/31 18:24:28.014, NVIDIA GeForce RTX 5060, 591.86, P8, 29, 0, 1084, 8151, 8.15, 145.00, 210, 405, 1, 8
2026-08-31T18:24:33.0174654+07:00,2026/08/31 18:24:33.048, NVIDIA GeForce RTX 5060, 591.86, P8, 29, 0, 1066, 8151, 8.66, 145.00, 232, 405, 1, 8
2026-08-31T18:24:38.1075378+07:00,2026/08/31 18:24:38.138, NVIDIA GeForce RTX 5060, 591.86, P8, 29, 0, 1063, 8151, 8.54, 145.00, 285, 405, 1, 8
2026-08-31T18:24:43.1603350+07:00,2026/08/31 18:24:43.192, NVIDIA GeForce RTX 5060, 591.86, P8, 29, 0, 1064, 8151, 8.61, 145.00, 210, 405, 1, 8
2026-08-31T18:24:48.2050257+07:00,2026/08/31 18:24:48.239, NVIDIA GeForce RTX 5060, 591.86, P8, 29, 0, 1059, 8151, 8.55, 145.00, 232, 405, 1, 8
2026-08-31T18:24:53.2543688+07:00,2026/08/31 18:24:53.285, NVIDIA GeForce RTX 5060, 591.86, P8, 29, 0, 1060, 8151, 8.44, 145.00, 210, 405, 1, 8
2026-08-31T18:24:58.2955457+07:00,2026/08/31 18:24:58.326, NVIDIA GeForce RTX 5060, 591.86, P8, 29, 0, 1072, 8151, 8.37, 145.00, 232, 405, 1, 8
2026-08-31T18:25:03.3344890+07:00,2026/08/31 18:25:03.365, NVIDIA GeForce RTX 5060, 591.86, P8, 29, 3, 1073, 8151, 8.89, 145.00, 210, 405, 1, 8
2026-08-31T18:25:08.4178621+07:00,2026/08/31 18:25:08.449, NVIDIA GeForce RTX 5060, 591.86, P8, 29, 1, 1073, 8151, 8.60, 145.00, 285, 405, 1, 8
2026-08-31T18:25:13.4546677+07:00,2026/08/31 18:25:13.488, NVIDIA GeForce RTX 5060, 591.86, P3, 30, 0, 1114, 8151, 20.98, 145.00, 1852, 7001, 2, 8
2026-08-31T18:25:18.5051921+07:00,2026/08/31 18:25:18.538, NVIDIA GeForce RTX 5060, 591.86, P0, 30, 0, 1079, 8151, 22.39, 145.00, 2535, 14201, 4, 8
2026-08-31T18:25:23.5457502+07:00,2026/08/31 18:25:23.586, NVIDIA GeForce RTX 5060, 591.86, P8, 29, 1, 1040, 8151, 9.42, 145.00, 412, 405, 1, 8
2026-08-31T18:25:28.6051376+07:00,2026/08/31 18:25:28.636, NVIDIA GeForce RTX 5060, 591.86, P8, 29, 0, 1045, 8151, 8.85, 145.00, 300, 405, 1, 8
2026-08-31T18:25:33.6467321+07:00,2026/08/31 18:25:33.678, NVIDIA GeForce RTX 5060, 591.86, P8, 29, 0, 1041, 8151, 8.50, 145.00, 210, 405, 1, 8
2026-08-31T18:25:38.7099474+07:00,2026/08/31 18:25:38.741, NVIDIA GeForce RTX 5060, 591.86, P8, 29, 0, 1038, 8151, 8.31, 145.00, 210, 405, 1, 8
2026-08-31T18:25:43.7427972+07:00,2026/08/31 18:25:43.774, NVIDIA GeForce RTX 5060, 591.86, P8, 29, 0, 1030, 8151, 8.31, 145.00, 210, 405, 1, 8
2026-08-31T18:25:48.7882802+07:00,2026/08/31 18:25:48.819, NVIDIA GeForce RTX 5060, 591.86, P8, 29, 0, 1030, 8151, 8.25, 145.00, 210, 405, 1, 8
2026-08-31T18:25:53.8233247+07:00,2026/08/31 18:25:53.854, NVIDIA GeForce RTX 5060, 591.86, P8, 29, 0, 1030, 8151, 8.36, 145.00, 210, 405, 1, 8
2026-08-31T18:25:58.8648836+07:00,2026/08/31 18:25:58.896, NVIDIA GeForce RTX 5060, 591.86, P8, 29, 0, 1026, 8151, 8.29, 145.00, 210, 405, 1, 8
2026-08-31T18:26:03.9062055+07:00,2026/08/31 18:26:03.937, NVIDIA GeForce RTX 5060, 591.86, P8, 29, 0, 1026, 8151, 8.40, 145.00, 210, 405, 1, 8
2026-08-31T18:26:08.9754356+07:00,2026/08/31 18:26:09.002, NVIDIA GeForce RTX 5060, 591.86, P8, 29, 0, 1026, 8151, 8.46, 145.00, 210, 405, 1, 8
2026-08-31T18:26:14.0176364+07:00,2026/08/31 18:26:14.050, NVIDIA GeForce RTX 5060, 591.86, P8, 29, 0, 1026, 8151, 8.44, 145.00, 210, 405, 1, 8
2026-08-31T18:26:19.0663160+07:00,2026/08/31 18:26:19.102, NVIDIA GeForce RTX 5060, 591.86, P8, 29, 0, 1026, 8151, 8.23, 145.00, 210, 405, 1, 8
2026-08-31T18:26:24.1131745+07:00,2026/08/31 18:26:24.144, NVIDIA GeForce RTX 5060, 591.86, P8, 29, 0, 1026, 8151, 8.40, 145.00, 210, 405, 1, 8
2026-08-31T18:26:29.1501117+07:00,2026/08/31 18:26:29.181, NVIDIA GeForce RTX 5060, 591.86, P8, 29, 0, 1026, 8151, 8.37, 145.00, 210, 405, 1, 8
2026-08-31T18:26:34.1912996+07:00,2026/08/31 18:26:34.222, NVIDIA GeForce RTX 5060, 591.86, P8, 29, 0, 1026, 8151, 8.45, 145.00, 210, 405, 1, 8
2026-08-31T18:26:39.2802173+07:00,2026/08/31 18:26:39.311, NVIDIA GeForce RTX 5060, 591.86, P8, 29, 0, 1026, 8151, 8.42, 145.00, 210, 405, 1, 8
2026-08-31T18:26:44.3158510+07:00,2026/08/31 18:26:44.347, NVIDIA GeForce RTX 5060, 591.86, P8, 29, 0, 1026, 8151, 8.36, 145.00, 210, 405, 1, 8
2026-08-31T18:26:49.3621091+07:00,2026/08/31 18:26:49.394, NVIDIA GeForce RTX 5060, 591.86, P8, 29, 0, 1026, 8151, 8.30, 145.00, 210, 405, 1, 8
2026-08-31T18:26:54.3962352+07:00,2026/08/31 18:26:54.427, NVIDIA GeForce RTX 5060, 591.86, P8, 29, 0, 1026, 8151, 8.34, 145.00, 210, 405, 1, 8
2026-08-31T18:26:59.4340041+07:00,2026/08/31 18:26:59.465, NVIDIA GeForce RTX 5060, 591.86, P3, 30, 2, 1038, 8151, 20.43, 145.00, 1972, 7001, 4, 8
2026-08-31T18:27:04.4693496+07:00,2026/08/31 18:27:04.500, NVIDIA GeForce RTX 5060, 591.86, P8, 29, 2, 1041, 8151, 11.00, 145.00, 712, 405, 1, 8
2026-08-31T18:27:09.5481017+07:00,2026/08/31 18:27:09.581, NVIDIA GeForce RTX 5060, 591.86, P3, 30, 1, 1054, 8151, 21.17, 145.00, 2100, 7001, 4, 8
2026-08-31T18:27:14.5972961+07:00,2026/08/31 18:27:14.631, NVIDIA GeForce RTX 5060, 591.86, P3, 30, 0, 1030, 8151, 20.87, 145.00, 2010, 7001, 4, 8
2026-08-31T18:27:19.6467307+07:00,2026/08/31 18:27:19.681, NVIDIA GeForce RTX 5060, 591.86, P5, 29, 3, 1040, 8151, 10.68, 145.00, 525, 810, 2, 8
2026-08-31T18:27:24.6987717+07:00,2026/08/31 18:27:24.730, NVIDIA GeForce RTX 5060, 591.86, P8, 29, 0, 1021, 8151, 9.14, 145.00, 315, 405, 1, 8
2026-08-31T18:27:29.7462881+07:00,2026/08/31 18:27:29.780, NVIDIA GeForce RTX 5060, 591.86, P8, 29, 0, 1020, 8151, 9.26, 145.00, 315, 405, 1, 8
2026-08-31T18:27:34.7973540+07:00,2026/08/31 18:27:34.830, NVIDIA GeForce RTX 5060, 591.86, P8, 29, 3, 1020, 8151, 9.60, 145.00, 405, 405, 1, 8
2026-08-31T18:27:39.9134265+07:00,2026/08/31 18:27:39.946, NVIDIA GeForce RTX 5060, 591.86, P8, 29, 7, 1020, 8151, 9.55, 145.00, 322, 405, 1, 8
2026-08-31T18:27:44.9553406+07:00,2026/08/31 18:27:44.996, NVIDIA GeForce RTX 5060, 591.86, P8, 29, 0, 1038, 8151, 10.32, 145.00, 427, 405, 1, 8
2026-08-31T18:27:50.0092759+07:00,2026/08/31 18:27:50.040, NVIDIA GeForce RTX 5060, 591.86, P8, 29, 0, 1037, 8151, 8.19, 145.00, 210, 405, 1, 8
2026-08-31T18:27:55.0465482+07:00,2026/08/31 18:27:55.079, NVIDIA GeForce RTX 5060, 591.86, P8, 29, 1, 1045, 8151, 9.29, 145.00, 262, 405, 1, 8
2026-08-31T18:28:00.0957477+07:00,2026/08/31 18:28:00.129, NVIDIA GeForce RTX 5060, 591.86, P0, 31, 1, 1052, 8151, 24.24, 145.00, 2587, 14201, 4, 8
2026-08-31T18:28:05.1451120+07:00,2026/08/31 18:28:05.178, NVIDIA GeForce RTX 5060, 591.86, P5, 29, 0, 1046, 8151, 11.39, 145.00, 390, 810, 2, 8
2026-08-31T18:28:10.2449635+07:00,2026/08/31 18:28:10.278, NVIDIA GeForce RTX 5060, 591.86, P8, 29, 1, 1035, 8151, 9.38, 145.00, 315, 405, 1, 8
2026-08-31T18:28:15.2992087+07:00,2026/08/31 18:28:15.331, NVIDIA GeForce RTX 5060, 591.86, P5, 29, 0, 1037, 8151, 10.53, 145.00, 495, 810, 1, 8
2026-08-31T18:28:20.3409957+07:00,2026/08/31 18:28:20.372, NVIDIA GeForce RTX 5060, 591.86, P0, 31, 1, 1026, 8151, 22.76, 145.00, 2550, 14201, 4, 8
2026-08-31T18:28:25.3789291+07:00,2026/08/31 18:28:25.413, NVIDIA GeForce RTX 5060, 591.86, P5, 30, 2, 1072, 8151, 11.75, 145.00, 532, 810, 2, 8
2026-08-31T18:28:30.4268440+07:00,2026/08/31 18:28:30.460, NVIDIA GeForce RTX 5060, 591.86, P8, 29, 0, 1026, 8151, 8.75, 145.00, 307, 405, 1, 8
2026-08-31T18:28:35.4780898+07:00,2026/08/31 18:28:35.511, NVIDIA GeForce RTX 5060, 591.86, P8, 29, 0, 1044, 8151, 10.07, 145.00, 667, 405, 1, 8
2026-08-31T18:28:40.5929451+07:00,2026/08/31 18:28:40.627, NVIDIA GeForce RTX 5060, 591.86, P5, 29, 0, 1038, 8151, 11.40, 145.00, 675, 810, 2, 8
2026-08-31T18:28:45.6333915+07:00,2026/08/31 18:28:45.665, NVIDIA GeForce RTX 5060, 591.86, P8, 29, 0, 1040, 8151, 9.47, 145.00, 442, 405, 1, 8
2026-08-31T18:28:50.6785669+07:00,2026/08/31 18:28:50.709, NVIDIA GeForce RTX 5060, 591.86, P8, 29, 0, 1034, 8151, 8.36, 145.00, 217, 405, 1, 8
2026-08-31T18:28:55.7288444+07:00,2026/08/31 18:28:55.760, NVIDIA GeForce RTX 5060, 591.86, P8, 29, 0, 1032, 8151, 8.06, 145.00, 210, 405, 1, 8
2026-08-31T18:29:00.7756965+07:00,2026/08/31 18:29:00.808, NVIDIA GeForce RTX 5060, 591.86, P8, 29, 2, 1030, 8151, 8.25, 145.00, 210, 405, 1, 8
2026-08-31T18:29:05.8097969+07:00,2026/08/31 18:29:05.841, NVIDIA GeForce RTX 5060, 591.86, P8, 29, 0, 1030, 8151, 7.85, 145.00, 210, 405, 1, 8
2026-08-31T18:29:10.8741862+07:00,2026/08/31 18:29:10.905, NVIDIA GeForce RTX 5060, 591.86, P8, 29, 0, 1029, 8151, 8.39, 145.00, 210, 405, 1, 8
2026-08-31T18:29:15.9081236+07:00,2026/08/31 18:29:15.939, NVIDIA GeForce RTX 5060, 591.86, P8, 29, 0, 1029, 8151, 8.07, 145.00, 210, 405, 1, 8
2026-08-31T18:29:20.9408751+07:00,2026/08/31 18:29:20.972, NVIDIA GeForce RTX 5060, 591.86, P8, 29, 0, 1029, 8151, 7.76, 145.00, 210, 405, 1, 8
2026-08-31T18:29:25.9844056+07:00,2026/08/31 18:29:26.010, NVIDIA GeForce RTX 5060, 591.86, P8, 29, 0, 1028, 8151, 8.42, 145.00, 210, 405, 1, 8
2026-08-31T18:29:31.0251400+07:00,2026/08/31 18:29:31.057, NVIDIA GeForce RTX 5060, 591.86, P5, 29, 1, 1041, 8151, 15.78, 145.00, 660, 810, 2, 8
2026-08-31T18:29:36.0724202+07:00,2026/08/31 18:29:36.106, NVIDIA GeForce RTX 5060, 591.86, P8, 29, 0, 1023, 8151, 8.96, 145.00, 322, 405, 1, 8
2026-08-31T18:29:41.1580431+07:00,2026/08/31 18:29:41.191, NVIDIA GeForce RTX 5060, 591.86, P8, 29, 1, 1023, 8151, 9.08, 145.00, 330, 405, 1, 8
2026-08-31T18:29:46.2062050+07:00,2026/08/31 18:29:46.257, NVIDIA GeForce RTX 5060, 591.86, P8, 29, 1, 1023, 8151, 9.11, 145.00, 322, 405, 1, 8
2026-08-31T18:29:51.2725637+07:00,2026/08/31 18:29:51.306, NVIDIA GeForce RTX 5060, 591.86, P8, 29, 0, 1023, 8151, 8.98, 145.00, 315, 405, 1, 8
2026-08-31T18:29:56.3233524+07:00,2026/08/31 18:29:56.354, NVIDIA GeForce RTX 5060, 591.86, P8, 29, 1, 1023, 8151, 8.98, 145.00, 322, 405, 1, 8
2026-08-31T18:30:01.3725380+07:00,2026/08/31 18:30:01.404, NVIDIA GeForce RTX 5060, 591.86, P8, 29, 0, 1022, 8151, 9.13, 145.00, 322, 405, 1, 8
2026-08-31T18:30:06.4233083+07:00,2026/08/31 18:30:06.455, NVIDIA GeForce RTX 5060, 591.86, P8, 29, 0, 1039, 8151, 9.07, 145.00, 315, 405, 1, 8
2026-08-31T18:30:11.5053794+07:00,2026/08/31 18:30:11.538, NVIDIA GeForce RTX 5060, 591.86, P8, 29, 0, 1036, 8151, 8.97, 145.00, 307, 405, 1, 8
2026-08-31T18:30:16.5561380+07:00,2026/08/31 18:30:16.604, NVIDIA GeForce RTX 5060, 591.86, P8, 29, 0, 1029, 8151, 8.70, 145.00, 300, 405, 1, 8
2026-08-31T18:30:21.6225162+07:00,2026/08/31 18:30:21.654, NVIDIA GeForce RTX 5060, 591.86, P8, 29, 0, 1022, 8151, 8.66, 145.00, 330, 405, 1, 8
2026-08-31T18:30:26.6708124+07:00,2026/08/31 18:30:26.704, NVIDIA GeForce RTX 5060, 591.86, P8, 29, 1, 1021, 8151, 8.84, 145.00, 315, 405, 1, 8
2026-08-31T18:30:31.7216862+07:00,2026/08/31 18:30:31.770, NVIDIA GeForce RTX 5060, 591.86, P5, 29, 9, 932, 8151, 11.12, 145.00, 705, 810, 2, 8
2026-08-31T18:30:36.7882477+07:00,2026/08/31 18:30:36.819, NVIDIA GeForce RTX 5060, 591.86, P8, 29, 0, 883, 8151, 9.11, 145.00, 345, 405, 1, 8
2026-08-31T18:30:41.8707167+07:00,2026/08/31 18:30:41.904, NVIDIA GeForce RTX 5060, 591.86, P8, 29, 0, 927, 8151, 9.88, 145.00, 345, 405, 1, 8
2026-08-31T18:30:46.9178485+07:00,2026/08/31 18:30:46.952, NVIDIA GeForce RTX 5060, 591.86, P8, 29, 0, 859, 8151, 9.19, 145.00, 330, 405, 1, 8
2026-08-31T18:30:51.9673755+07:00,2026/08/31 18:30:52.004, NVIDIA GeForce RTX 5060, 591.86, P8, 29, 0, 859, 8151, 9.14, 145.00, 322, 405, 1, 8
2026-08-31T18:30:57.0204629+07:00,2026/08/31 18:30:57.052, NVIDIA GeForce RTX 5060, 591.86, P8, 29, 0, 859, 8151, 9.11, 145.00, 300, 405, 1, 8
2026-08-31T18:31:02.0643208+07:00,2026/08/31 18:31:02.102, NVIDIA GeForce RTX 5060, 591.86, P8, 29, 0, 859, 8151, 9.15, 145.00, 315, 405, 1, 8
2026-08-31T18:31:07.1143695+07:00,2026/08/31 18:31:07.145, NVIDIA GeForce RTX 5060, 591.86, P8, 29, 0, 859, 8151, 9.10, 145.00, 322, 405, 1, 8
2026-08-31T18:31:12.2033529+07:00,2026/08/31 18:31:12.235, NVIDIA GeForce RTX 5060, 591.86, P8, 29, 0, 859, 8151, 9.12, 145.00, 307, 405, 1, 8
2026-08-31T18:31:17.2365288+07:00,2026/08/31 18:31:17.265, NVIDIA GeForce RTX 5060, 591.86, P8, 29, 0, 859, 8151, 9.12, 145.00, 307, 405, 1, 8
2026-08-31T18:31:22.2851602+07:00,2026/08/31 18:31:22.318, NVIDIA GeForce RTX 5060, 591.86, P0, 30, 1, 851, 8151, 22.17, 145.00, 2542, 14201, 4, 8
2026-08-31T18:31:27.3204775+07:00,2026/08/31 18:31:27.353, NVIDIA GeForce RTX 5060, 591.86, P8, 29, 1, 866, 8151, 11.56, 145.00, 585, 405, 1, 8
2026-08-31T18:31:32.3601852+07:00,2026/08/31 18:31:32.391, NVIDIA GeForce RTX 5060, 591.86, P8, 29, 0, 852, 8151, 8.09, 145.00, 202, 405, 1, 8
2026-08-31T18:31:37.4010520+07:00,2026/08/31 18:31:37.431, NVIDIA GeForce RTX 5060, 591.86, P8, 29, 5, 845, 8151, 9.25, 145.00, 390, 405, 1, 8
2026-08-31T18:31:42.4726147+07:00,2026/08/31 18:31:42.497, NVIDIA GeForce RTX 5060, 591.86, P0, 30, 3, 928, 8151, 21.35, 145.00, 2572, 14201, 4, 8
2026-08-31T18:31:47.5042435+07:00,2026/08/31 18:31:47.535, NVIDIA GeForce RTX 5060, 591.86, P5, 29, 0, 867, 8151, 11.39, 145.00, 427, 810, 2, 8
2026-08-31T18:31:52.5502666+07:00,2026/08/31 18:31:52.585, NVIDIA GeForce RTX 5060, 591.86, P5, 30, 0, 871, 8151, 20.38, 145.00, 697, 810, 2, 8
2026-08-31T18:31:57.5959780+07:00,2026/08/31 18:31:57.626, NVIDIA GeForce RTX 5060, 591.86, P0, 31, 1, 890, 8151, 22.69, 145.00, 2550, 14201, 4, 8
2026-08-31T18:32:02.6606226+07:00,2026/08/31 18:32:02.691, NVIDIA GeForce RTX 5060, 591.86, P8, 29, 0, 886, 8151, 8.78, 145.00, 210, 405, 1, 8
2026-08-31T18:32:07.6984647+07:00,2026/08/31 18:32:07.729, NVIDIA GeForce RTX 5060, 591.86, P8, 29, 1, 882, 8151, 9.53, 145.00, 390, 405, 1, 8
2026-08-31T18:32:12.7923803+07:00,2026/08/31 18:32:12.823, NVIDIA GeForce RTX 5060, 591.86, P8, 29, 1, 882, 8151, 8.81, 145.00, 330, 405, 1, 8
2026-08-31T18:32:17.8339371+07:00,2026/08/31 18:32:17.865, NVIDIA GeForce RTX 5060, 591.86, P5, 30, 6, 836, 8151, 11.26, 145.00, 847, 810, 2, 8
2026-08-31T18:32:22.8813207+07:00,2026/08/31 18:32:22.915, NVIDIA GeForce RTX 5060, 591.86, P0, 31, 1, 857, 8151, 23.20, 145.00, 2572, 14201, 4, 8
2026-08-31T18:32:27.9311618+07:00,2026/08/31 18:32:27.962, NVIDIA GeForce RTX 5060, 591.86, P8, 30, 13, 856, 8151, 11.10, 145.00, 630, 405, 1, 8
2026-08-31T18:32:32.9640557+07:00,2026/08/31 18:32:32.996, NVIDIA GeForce RTX 5060, 591.86, P8, 29, 0, 864, 8151, 9.10, 145.00, 210, 405, 1, 8
2026-08-31T18:32:37.9981956+07:00,2026/08/31 18:32:38.030, NVIDIA GeForce RTX 5060, 591.86, P8, 29, 0, 853, 8151, 8.07, 145.00, 210, 405, 1, 8
2026-08-31T18:32:43.0643175+07:00,2026/08/31 18:32:43.099, NVIDIA GeForce RTX 5060, 591.86, P8, 29, 0, 847, 8151, 9.10, 145.00, 210, 405, 1, 8
2026-08-31T18:32:48.1154001+07:00,2026/08/31 18:32:48.147, NVIDIA GeForce RTX 5060, 591.86, P8, 29, 0, 851, 8151, 8.60, 145.00, 232, 405, 1, 8
2026-08-31T18:32:53.1567934+07:00,2026/08/31 18:32:53.188, NVIDIA GeForce RTX 5060, 591.86, P8, 29, 0, 856, 8151, 8.20, 145.00, 240, 405, 1, 8
2026-08-31T18:32:58.1883727+07:00,2026/08/31 18:32:58.219, NVIDIA GeForce RTX 5060, 591.86, P8, 29, 0, 856, 8151, 7.72, 145.00, 210, 405, 1, 8
2026-08-31T18:33:03.2300528+07:00,2026/08/31 18:33:03.262, NVIDIA GeForce RTX 5060, 591.86, P8, 29, 2, 846, 8151, 8.72, 145.00, 255, 405, 1, 8
2026-08-31T18:33:08.2747820+07:00,2026/08/31 18:33:08.306, NVIDIA GeForce RTX 5060, 591.86, P8, 29, 0, 839, 8151, 8.95, 145.00, 375, 405, 1, 8
2026-08-31T18:33:13.3624337+07:00,2026/08/31 18:33:13.395, NVIDIA GeForce RTX 5060, 591.86, P8, 29, 4, 845, 8151, 11.08, 145.00, 585, 405, 1, 8
2026-08-31T18:33:18.4138138+07:00,2026/08/31 18:33:18.446, NVIDIA GeForce RTX 5060, 591.86, P8, 29, 4, 845, 8151, 11.01, 145.00, 622, 405, 1, 8
2026-08-31T18:33:23.4620056+07:00,2026/08/31 18:33:23.496, NVIDIA GeForce RTX 5060, 591.86, P8, 29, 4, 845, 8151, 11.05, 145.00, 615, 405, 1, 8
2026-08-31T18:33:28.5125215+07:00,2026/08/31 18:33:28.543, NVIDIA GeForce RTX 5060, 591.86, P8, 29, 4, 845, 8151, 10.98, 145.00, 600, 405, 1, 8
2026-08-31T18:33:33.5607959+07:00,2026/08/31 18:33:33.594, NVIDIA GeForce RTX 5060, 591.86, P8, 29, 5, 845, 8151, 11.09, 145.00, 607, 405, 1, 8
2026-08-31T18:33:38.6112143+07:00,2026/08/31 18:33:38.644, NVIDIA GeForce RTX 5060, 591.86, P8, 29, 4, 844, 8151, 10.78, 145.00, 600, 405, 1, 8
2026-08-31T18:33:43.6964066+07:00,2026/08/31 18:33:43.727, NVIDIA GeForce RTX 5060, 591.86, P8, 29, 4, 844, 8151, 10.96, 145.00, 570, 405, 1, 8
2026-08-31T18:33:48.7448108+07:00,2026/08/31 18:33:48.776, NVIDIA GeForce RTX 5060, 591.86, P8, 29, 3, 844, 8151, 10.34, 145.00, 495, 405, 1, 8
2026-08-31T18:33:53.7951586+07:00,2026/08/31 18:33:53.827, NVIDIA GeForce RTX 5060, 591.86, P8, 29, 5, 844, 8151, 10.58, 145.00, 510, 405, 1, 8
2026-08-31T18:33:58.8434270+07:00,2026/08/31 18:33:58.876, NVIDIA GeForce RTX 5060, 591.86, P8, 29, 3, 844, 8151, 11.08, 145.00, 630, 405, 1, 8
2026-08-31T18:34:03.8932776+07:00,2026/08/31 18:34:03.926, NVIDIA GeForce RTX 5060, 591.86, P8, 29, 4, 844, 8151, 11.08, 145.00, 555, 405, 1, 8
2026-08-31T18:34:08.9436943+07:00,2026/08/31 18:34:08.977, NVIDIA GeForce RTX 5060, 591.86, P8, 29, 4, 844, 8151, 11.14, 145.00, 607, 405, 1, 8
2026-08-31T18:34:14.0419234+07:00,2026/08/31 18:34:14.075, NVIDIA GeForce RTX 5060, 591.86, P8, 29, 4, 844, 8151, 10.88, 145.00, 532, 405, 1, 8
2026-08-31T18:34:19.0939037+07:00,2026/08/31 18:34:19.123, NVIDIA GeForce RTX 5060, 591.86, P8, 29, 3, 844, 8151, 10.32, 145.00, 495, 405, 1, 8
2026-08-31T18:34:24.1429553+07:00,2026/08/31 18:34:24.174, NVIDIA GeForce RTX 5060, 591.86, P8, 29, 3, 844, 8151, 10.38, 145.00, 502, 405, 1, 8
2026-08-31T18:34:29.1912651+07:00,2026/08/31 18:34:29.225, NVIDIA GeForce RTX 5060, 591.86, P8, 29, 3, 844, 8151, 10.44, 145.00, 487, 405, 1, 8
2026-08-31T18:34:34.2417542+07:00,2026/08/31 18:34:34.276, NVIDIA GeForce RTX 5060, 591.86, P8, 29, 3, 844, 8151, 10.62, 145.00, 487, 405, 1, 8
2026-08-31T18:34:39.2912026+07:00,2026/08/31 18:34:39.325, NVIDIA GeForce RTX 5060, 591.86, P8, 29, 1, 844, 8151, 9.30, 145.00, 367, 405, 1, 8
2026-08-31T18:34:44.3743670+07:00,2026/08/31 18:34:44.407, NVIDIA GeForce RTX 5060, 591.86, P8, 29, 5, 844, 8151, 11.00, 145.00, 622, 405, 1, 8
2026-08-31T18:34:49.4249111+07:00,2026/08/31 18:34:49.458, NVIDIA GeForce RTX 5060, 591.86, P8, 29, 4, 844, 8151, 10.81, 145.00, 592, 405, 1, 8
2026-08-31T18:34:54.4608518+07:00,2026/08/31 18:34:54.489, NVIDIA GeForce RTX 5060, 591.86, P8, 29, 5, 844, 8151, 11.03, 145.00, 585, 405, 1, 8
2026-08-31T18:34:59.5068571+07:00,2026/08/31 18:34:59.541, NVIDIA GeForce RTX 5060, 591.86, P8, 29, 3, 844, 8151, 11.11, 145.00, 600, 405, 1, 8
2026-08-31T18:35:04.5567730+07:00,2026/08/31 18:35:04.589, NVIDIA GeForce RTX 5060, 591.86, P8, 29, 4, 844, 8151, 11.06, 145.00, 570, 405, 1, 8
2026-08-31T18:35:09.6063525+07:00,2026/08/31 18:35:09.639, NVIDIA GeForce RTX 5060, 591.86, P8, 29, 4, 842, 8151, 10.84, 145.00, 555, 405, 1, 8
2026-08-31T18:35:14.6897430+07:00,2026/08/31 18:35:14.723, NVIDIA GeForce RTX 5060, 591.86, P8, 29, 5, 837, 8151, 11.05, 145.00, 615, 405, 1, 8
2026-08-31T18:35:19.7390849+07:00,2026/08/31 18:35:19.769, NVIDIA GeForce RTX 5060, 591.86, P8, 29, 3, 855, 8151, 10.54, 145.00, 495, 405, 1, 8
2026-08-31T18:35:24.7905480+07:00,2026/08/31 18:35:24.823, NVIDIA GeForce RTX 5060, 591.86, P8, 29, 6, 852, 8151, 11.13, 145.00, 630, 405, 1, 8
2026-08-31T18:35:29.8384490+07:00,2026/08/31 18:35:29.871, NVIDIA GeForce RTX 5060, 591.86, P8, 29, 4, 852, 8151, 10.96, 145.00, 540, 405, 1, 8
2026-08-31T18:35:34.8884247+07:00,2026/08/31 18:35:34.921, NVIDIA GeForce RTX 5060, 591.86, P8, 29, 4, 852, 8151, 10.91, 145.00, 577, 405, 1, 8
2026-08-31T18:35:39.9379839+07:00,2026/08/31 18:35:39.971, NVIDIA GeForce RTX 5060, 591.86, P8, 29, 3, 852, 8151, 10.90, 145.00, 562, 405, 1, 8
2026-08-31T18:35:45.0328126+07:00,2026/08/31 18:35:45.064, NVIDIA GeForce RTX 5060, 591.86, P8, 29, 2, 871, 8151, 10.97, 145.00, 487, 405, 1, 8
2026-08-31T18:35:50.0716118+07:00,2026/08/31 18:35:50.105, NVIDIA GeForce RTX 5060, 591.86, P0, 31, 0, 882, 8151, 22.78, 145.00, 2535, 14201, 4, 8
2026-08-31T18:35:55.1213477+07:00,2026/08/31 18:35:55.153, NVIDIA GeForce RTX 5060, 591.86, P8, 29, 6, 857, 8151, 10.59, 145.00, 555, 405, 1, 8
2026-08-31T18:36:00.1704740+07:00,2026/08/31 18:36:00.220, NVIDIA GeForce RTX 5060, 591.86, P8, 29, 2, 857, 8151, 9.81, 145.00, 442, 405, 1, 8
2026-08-31T18:36:05.2371761+07:00,2026/08/31 18:36:05.268, NVIDIA GeForce RTX 5060, 591.86, P8, 29, 1, 859, 8151, 8.87, 145.00, 330, 405, 1, 8
2026-08-31T18:36:10.2831096+07:00,2026/08/31 18:36:10.314, NVIDIA GeForce RTX 5060, 591.86, P8, 29, 0, 857, 8151, 8.35, 145.00, 210, 405, 1, 8
2026-08-31T18:36:15.3493139+07:00,2026/08/31 18:36:15.380, NVIDIA GeForce RTX 5060, 591.86, P8, 29, 0, 857, 8151, 8.03, 145.00, 210, 405, 1, 8
2026-08-31T18:36:20.3820303+07:00,2026/08/31 18:36:20.413, NVIDIA GeForce RTX 5060, 591.86, P8, 29, 0, 857, 8151, 8.30, 145.00, 210, 405, 1, 8
2026-08-31T18:36:25.4142550+07:00,2026/08/31 18:36:25.445, NVIDIA GeForce RTX 5060, 591.86, P8, 29, 0, 864, 8151, 8.06, 145.00, 225, 405, 1, 8
2026-08-31T18:36:30.4477416+07:00,2026/08/31 18:36:30.478, NVIDIA GeForce RTX 5060, 591.86, P8, 29, 0, 857, 8151, 8.45, 145.00, 210, 405, 1, 8
2026-08-31T18:36:35.4810706+07:00,2026/08/31 18:36:35.512, NVIDIA GeForce RTX 5060, 591.86, P1, 29, 0, 857, 8151, 11.79, 145.00, 210, 14001, 4, 8
2026-08-31T18:36:40.5138718+07:00,2026/08/31 18:36:40.545, NVIDIA GeForce RTX 5060, 591.86, P8, 29, 0, 857, 8151, 8.01, 145.00, 210, 405, 1, 8
2026-08-31T18:36:45.5786327+07:00,2026/08/31 18:36:45.609, NVIDIA GeForce RTX 5060, 591.86, P8, 29, 1, 857, 8151, 8.01, 145.00, 210, 405, 1, 8
2026-08-31T18:36:50.6122548+07:00,2026/08/31 18:36:50.643, NVIDIA GeForce RTX 5060, 591.86, P8, 29, 0, 857, 8151, 7.96, 145.00, 210, 405, 1, 8
2026-08-31T18:36:55.6443567+07:00,2026/08/31 18:36:55.675, NVIDIA GeForce RTX 5060, 591.86, P8, 29, 0, 857, 8151, 7.85, 145.00, 210, 405, 1, 8
2026-08-31T18:37:00.6778281+07:00,2026/08/31 18:37:00.709, NVIDIA GeForce RTX 5060, 591.86, P8, 29, 2, 857, 8151, 7.88, 145.00, 262, 405, 1, 8
2026-08-31T18:37:05.7125439+07:00,2026/08/31 18:37:05.743, NVIDIA GeForce RTX 5060, 591.86, P8, 29, 0, 857, 8151, 7.86, 145.00, 210, 405, 1, 8
2026-08-31T18:37:10.7442663+07:00,2026/08/31 18:37:10.775, NVIDIA GeForce RTX 5060, 591.86, P8, 29, 0, 857, 8151, 7.96, 145.00, 210, 405, 1, 8
2026-08-31T18:37:15.8099510+07:00,2026/08/31 18:37:15.841, NVIDIA GeForce RTX 5060, 591.86, P5, 29, 0, 857, 8151, 12.15, 145.00, 210, 810, 2, 8
2026-08-31T18:37:20.8518123+07:00,2026/08/31 18:37:20.883, NVIDIA GeForce RTX 5060, 591.86, P8, 29, 0, 868, 8151, 8.48, 145.00, 202, 405, 1, 8
2026-08-31T18:37:25.8904038+07:00,2026/08/31 18:37:25.922, NVIDIA GeForce RTX 5060, 591.86, P8, 29, 0, 857, 8151, 8.43, 145.00, 210, 405, 1, 8
2026-08-31T18:37:30.9241994+07:00,2026/08/31 18:37:30.955, NVIDIA GeForce RTX 5060, 591.86, P8, 29, 3, 858, 8151, 9.05, 145.00, 390, 405, 1, 8
2026-08-31T18:37:35.9575173+07:00,2026/08/31 18:37:35.989, NVIDIA GeForce RTX 5060, 591.86, P1, 29, 0, 857, 8151, 11.34, 145.00, 210, 14001, 4, 8
2026-08-31T18:37:40.9901331+07:00,2026/08/31 18:37:41.021, NVIDIA GeForce RTX 5060, 591.86, P8, 29, 0, 857, 8151, 8.28, 145.00, 210, 405, 1, 8
2026-08-31T18:37:46.0718638+07:00,2026/08/31 18:37:46.103, NVIDIA GeForce RTX 5060, 591.86, P8, 29, 0, 857, 8151, 8.22, 145.00, 210, 405, 1, 8
2026-08-31T18:37:51.1180327+07:00,2026/08/31 18:37:51.149, NVIDIA GeForce RTX 5060, 591.86, P1, 29, 0, 857, 8151, 8.73, 145.00, 210, 14001, 4, 8
2026-08-31T18:37:56.1616713+07:00,2026/08/31 18:37:56.191, NVIDIA GeForce RTX 5060, 591.86, P8, 29, 0, 868, 8151, 8.49, 145.00, 330, 405, 1, 8
2026-08-31T18:38:01.2237432+07:00,2026/08/31 18:38:01.255, NVIDIA GeForce RTX 5060, 591.86, P8, 29, 1, 865, 8151, 8.63, 145.00, 277, 405, 1, 8
2026-08-31T18:38:06.2646624+07:00,2026/08/31 18:38:06.296, NVIDIA GeForce RTX 5060, 591.86, P1, 29, 0, 857, 8151, 8.35, 145.00, 210, 14001, 4, 8
2026-08-31T18:38:11.2990602+07:00,2026/08/31 18:38:11.330, NVIDIA GeForce RTX 5060, 591.86, P1, 29, 0, 857, 8151, 8.18, 145.00, 210, 14001, 4, 8
2026-08-31T18:38:16.3956976+07:00,2026/08/31 18:38:16.426, NVIDIA GeForce RTX 5060, 591.86, P8, 29, 0, 857, 8151, 8.12, 145.00, 210, 405, 4, 8
2026-08-31T18:38:21.4445978+07:00,2026/08/31 18:38:21.475, NVIDIA GeForce RTX 5060, 591.86, P8, 29, 0, 857, 8151, 7.93, 145.00, 210, 810, 1, 8
2026-08-31T18:38:26.4763714+07:00,2026/08/31 18:38:26.507, NVIDIA GeForce RTX 5060, 591.86, P1, 29, 0, 857, 8151, 12.48, 145.00, 210, 14001, 4, 8
2026-08-31T18:38:31.5267661+07:00,2026/08/31 18:38:31.558, NVIDIA GeForce RTX 5060, 591.86, P3, 29, 0, 857, 8151, 14.85, 145.00, 210, 14001, 2, 8
2026-08-31T18:38:36.5592723+07:00,2026/08/31 18:38:36.590, NVIDIA GeForce RTX 5060, 591.86, P8, 29, 0, 857, 8151, 7.91, 145.00, 210, 405, 1, 8
2026-08-31T18:38:41.6073757+07:00,2026/08/31 18:38:41.654, NVIDIA GeForce RTX 5060, 591.86, P5, 29, 0, 857, 8151, 14.70, 145.00, 210, 14001, 2, 8
2026-08-31T18:38:46.7047526+07:00,2026/08/31 18:38:46.735, NVIDIA GeForce RTX 5060, 591.86, P5, 29, 0, 857, 8151, 14.73, 145.00, 210, 14001, 2, 8
2026-08-31T18:38:51.7366207+07:00,2026/08/31 18:38:51.767, NVIDIA GeForce RTX 5060, 591.86, P1, 29, 0, 857, 8151, 11.07, 145.00, 210, 14001, 4, 8
2026-08-31T18:38:56.7712338+07:00,2026/08/31 18:38:56.802, NVIDIA GeForce RTX 5060, 591.86, P8, 29, 0, 857, 8151, 8.11, 145.00, 210, 405, 1, 8
2026-08-31T18:39:01.8029034+07:00,2026/08/31 18:39:01.834, NVIDIA GeForce RTX 5060, 591.86, P1, 29, 0, 857, 8151, 14.98, 145.00, 210, 14001, 4, 8
2026-08-31T18:39:06.8376223+07:00,2026/08/31 18:39:06.868, NVIDIA GeForce RTX 5060, 591.86, P1, 29, 0, 857, 8151, 14.97, 145.00, 210, 14001, 4, 8
2026-08-31T18:39:11.8691166+07:00,2026/08/31 18:39:11.900, NVIDIA GeForce RTX 5060, 591.86, P8, 29, 0, 857, 8151, 8.11, 145.00, 210, 405, 1, 8
2026-08-31T18:39:16.9419732+07:00,2026/08/31 18:39:16.973, NVIDIA GeForce RTX 5060, 591.86, P8, 29, 0, 866, 8151, 10.54, 145.00, 420, 405, 2, 8
2026-08-31T18:39:21.9827175+07:00,2026/08/31 18:39:22.014, NVIDIA GeForce RTX 5060, 591.86, P3, 29, 0, 869, 8151, 19.24, 145.00, 742, 7001, 2, 8
2026-08-31T18:39:27.0244483+07:00,2026/08/31 18:39:27.055, NVIDIA GeForce RTX 5060, 591.86, P8, 29, 0, 918, 8151, 9.35, 145.00, 277, 405, 1, 8
2026-08-31T18:39:32.0624813+07:00,2026/08/31 18:39:32.094, NVIDIA GeForce RTX 5060, 591.86, P8, 29, 1, 922, 8151, 9.15, 145.00, 450, 405, 1, 8
2026-08-31T18:39:37.1095687+07:00,2026/08/31 18:39:37.143, NVIDIA GeForce RTX 5060, 591.86, P8, 30, 33, 908, 8151, 11.82, 145.00, 525, 405, 1, 8
2026-08-31T18:39:42.1582109+07:00,2026/08/31 18:39:42.191, NVIDIA GeForce RTX 5060, 591.86, P8, 29, 4, 899, 8151, 9.65, 145.00, 412, 405, 1, 8
2026-08-31T18:39:47.3233774+07:00,2026/08/31 18:39:47.358, NVIDIA GeForce RTX 5060, 591.86, P8, 29, 5, 885, 8151, 9.79, 145.00, 405, 405, 1, 8
2026-08-31T18:39:52.3738866+07:00,2026/08/31 18:39:52.408, NVIDIA GeForce RTX 5060, 591.86, P8, 29, 4, 856, 8151, 9.94, 145.00, 397, 405, 1, 8
2026-08-31T18:39:57.4242237+07:00,2026/08/31 18:39:57.457, NVIDIA GeForce RTX 5060, 591.86, P8, 29, 4, 857, 8151, 9.94, 145.00, 397, 405, 1, 8
2026-08-31T18:40:02.4738901+07:00,2026/08/31 18:40:02.506, NVIDIA GeForce RTX 5060, 591.86, P8, 29, 4, 857, 8151, 9.97, 145.00, 397, 405, 1, 8
2026-08-31T18:40:07.5204140+07:00,2026/08/31 18:40:07.547, NVIDIA GeForce RTX 5060, 591.86, P0, 30, 0, 897, 8151, 14.33, 145.00, 1897, 14201, 4, 8
2026-08-31T18:40:12.5624490+07:00,2026/08/31 18:40:12.593, NVIDIA GeForce RTX 5060, 591.86, P5, 30, 2, 845, 8151, 12.30, 145.00, 637, 810, 2, 8
2026-08-31T18:40:17.6514298+07:00,2026/08/31 18:40:17.682, NVIDIA GeForce RTX 5060, 591.86, P8, 29, 0, 764, 8151, 9.83, 145.00, 277, 405, 1, 8
2026-08-31T18:40:22.6897745+07:00,2026/08/31 18:40:22.721, NVIDIA GeForce RTX 5060, 591.86, P3, 30, 1, 759, 8151, 19.45, 145.00, 930, 7001, 4, 8
2026-08-31T18:40:27.7392567+07:00,2026/08/31 18:40:27.772, NVIDIA GeForce RTX 5060, 591.86, P8, 29, 3, 764, 8151, 9.86, 145.00, 412, 405, 1, 8
2026-08-31T18:40:32.7893356+07:00,2026/08/31 18:40:32.822, NVIDIA GeForce RTX 5060, 591.86, P8, 29, 3, 736, 8151, 9.74, 145.00, 390, 405, 1, 8
2026-08-31T18:40:37.8390133+07:00,2026/08/31 18:40:37.873, NVIDIA GeForce RTX 5060, 591.86, P8, 29, 2, 754, 8151, 9.76, 145.00, 375, 405, 1, 8
2026-08-31T18:40:42.8885711+07:00,2026/08/31 18:40:42.922, NVIDIA GeForce RTX 5060, 591.86, P8, 29, 3, 737, 8151, 9.78, 145.00, 390, 405, 1, 8
2026-08-31T18:40:48.0048213+07:00,2026/08/31 18:40:48.038, NVIDIA GeForce RTX 5060, 591.86, P8, 29, 3, 737, 8151, 9.89, 145.00, 390, 405, 1, 8
2026-08-31T18:40:53.0546037+07:00,2026/08/31 18:40:53.088, NVIDIA GeForce RTX 5060, 591.86, P8, 29, 3, 736, 8151, 9.80, 145.00, 397, 405, 1, 8
2026-08-31T18:40:58.1048781+07:00,2026/08/31 18:40:58.137, NVIDIA GeForce RTX 5060, 591.86, P8, 29, 4, 736, 8151, 9.84, 145.00, 397, 405, 1, 8
2026-08-31T18:41:03.1542086+07:00,2026/08/31 18:41:03.187, NVIDIA GeForce RTX 5060, 591.86, P8, 29, 4, 736, 8151, 9.88, 145.00, 397, 405, 1, 8
2026-08-31T18:41:08.2037858+07:00,2026/08/31 18:41:08.236, NVIDIA GeForce RTX 5060, 591.86, P8, 29, 4, 736, 8151, 9.81, 145.00, 390, 405, 1, 8
2026-08-31T18:41:13.2545506+07:00,2026/08/31 18:41:13.287, NVIDIA GeForce RTX 5060, 591.86, P8, 29, 4, 735, 8151, 9.90, 145.00, 397, 405, 1, 8
2026-08-31T18:41:18.3697393+07:00,2026/08/31 18:41:18.402, NVIDIA GeForce RTX 5060, 591.86, P8, 29, 2, 756, 8151, 10.33, 145.00, 405, 405, 1, 8
2026-08-31T18:41:23.4055497+07:00,2026/08/31 18:41:23.437, NVIDIA GeForce RTX 5060, 591.86, P8, 30, 7, 760, 8151, 10.76, 145.00, 585, 405, 1, 8
2026-08-31T18:41:28.4526033+07:00,2026/08/31 18:41:28.486, NVIDIA GeForce RTX 5060, 591.86, P0, 31, 1, 781, 8151, 23.11, 145.00, 2565, 14201, 4, 8
2026-08-31T18:41:33.4872414+07:00,2026/08/31 18:41:33.518, NVIDIA GeForce RTX 5060, 591.86, P8, 30, 4, 739, 8151, 10.93, 145.00, 510, 405, 1, 8
2026-08-31T18:41:38.5350583+07:00,2026/08/31 18:41:38.569, NVIDIA GeForce RTX 5060, 591.86, P8, 29, 4, 749, 8151, 10.77, 145.00, 487, 405, 1, 8
2026-08-31T18:41:43.5852019+07:00,2026/08/31 18:41:43.635, NVIDIA GeForce RTX 5060, 591.86, P8, 29, 4, 729, 8151, 10.03, 145.00, 442, 405, 1, 8
2026-08-31T18:41:48.7192918+07:00,2026/08/31 18:41:48.752, NVIDIA GeForce RTX 5060, 591.86, P8, 29, 4, 758, 8151, 10.25, 145.00, 435, 405, 1, 8
2026-08-31T18:41:53.7671990+07:00,2026/08/31 18:41:53.801, NVIDIA GeForce RTX 5060, 591.86, P8, 29, 0, 730, 8151, 9.23, 145.00, 307, 405, 1, 8
2026-08-31T18:41:58.8047614+07:00,2026/08/31 18:41:58.834, NVIDIA GeForce RTX 5060, 591.86, P8, 29, 2, 767, 8151, 10.25, 145.00, 405, 405, 1, 8
2026-08-31T18:42:03.8506160+07:00,2026/08/31 18:42:03.883, NVIDIA GeForce RTX 5060, 591.86, P8, 29, 2, 754, 8151, 9.46, 145.00, 495, 405, 2, 8
2026-08-31T18:42:08.8857995+07:00,2026/08/31 18:42:08.917, NVIDIA GeForce RTX 5060, 591.86, P8, 29, 0, 751, 8151, 8.22, 145.00, 210, 405, 1, 8
2026-08-31T18:42:13.9203518+07:00,2026/08/31 18:42:13.951, NVIDIA GeForce RTX 5060, 591.86, P8, 29, 0, 750, 8151, 8.42, 145.00, 210, 405, 1, 8
2026-08-31T18:42:19.0004425+07:00,2026/08/31 18:42:19.033, NVIDIA GeForce RTX 5060, 591.86, P1, 29, 0, 736, 8151, 8.94, 145.00, 210, 14001, 4, 8
2026-08-31T18:42:24.0352675+07:00,2026/08/31 18:42:24.066, NVIDIA GeForce RTX 5060, 591.86, P8, 29, 1, 790, 8151, 10.02, 145.00, 412, 405, 1, 8
2026-08-31T18:42:29.0830535+07:00,2026/08/31 18:42:29.116, NVIDIA GeForce RTX 5060, 591.86, P8, 29, 3, 755, 8151, 9.27, 145.00, 322, 405, 1, 8
2026-08-31T18:42:34.1326812+07:00,2026/08/31 18:42:34.165, NVIDIA GeForce RTX 5060, 591.86, P8, 29, 0, 720, 8151, 9.16, 145.00, 322, 405, 1, 8
2026-08-31T18:42:39.1834959+07:00,2026/08/31 18:42:39.216, NVIDIA GeForce RTX 5060, 591.86, P8, 29, 0, 716, 8151, 9.03, 145.00, 322, 405, 1, 8
2026-08-31T18:42:44.2330841+07:00,2026/08/31 18:42:44.266, NVIDIA GeForce RTX 5060, 591.86, P8, 29, 0, 734, 8151, 9.35, 145.00, 270, 405, 1, 8
2026-08-31T18:42:49.3372118+07:00,2026/08/31 18:42:49.368, NVIDIA GeForce RTX 5060, 591.86, P8, 29, 1, 733, 8151, 8.81, 145.00, 322, 405, 1, 8
2026-08-31T18:42:54.3813987+07:00,2026/08/31 18:42:54.414, NVIDIA GeForce RTX 5060, 591.86, P5, 29, 1, 738, 8151, 11.82, 145.00, 652, 810, 2, 8
2026-08-31T18:42:59.4317343+07:00,2026/08/31 18:42:59.480, NVIDIA GeForce RTX 5060, 591.86, P8, 29, 1, 721, 8151, 9.15, 145.00, 330, 405, 1, 8
2026-08-31T18:43:04.4974595+07:00,2026/08/31 18:43:04.531, NVIDIA GeForce RTX 5060, 591.86, P8, 29, 0, 721, 8151, 8.98, 145.00, 330, 405, 1, 8
2026-08-31T18:43:09.5468935+07:00,2026/08/31 18:43:09.580, NVIDIA GeForce RTX 5060, 591.86, P8, 29, 1, 721, 8151, 9.10, 145.00, 330, 405, 1, 8
2026-08-31T18:43:14.5982854+07:00,2026/08/31 18:43:14.631, NVIDIA GeForce RTX 5060, 591.86, P8, 29, 1, 721, 8151, 9.11, 145.00, 322, 405, 1, 8
2026-08-31T18:43:19.7134842+07:00,2026/08/31 18:43:19.746, NVIDIA GeForce RTX 5060, 591.86, P8, 29, 0, 721, 8151, 8.97, 145.00, 315, 405, 1, 8
2026-08-31T18:43:24.7629092+07:00,2026/08/31 18:43:24.796, NVIDIA GeForce RTX 5060, 591.86, P8, 29, 1, 721, 8151, 8.98, 145.00, 300, 405, 1, 8
2026-08-31T18:43:29.8125155+07:00,2026/08/31 18:43:29.846, NVIDIA GeForce RTX 5060, 591.86, P8, 29, 0, 721, 8151, 8.91, 145.00, 315, 405, 1, 8
2026-08-31T18:43:34.8484095+07:00,2026/08/31 18:43:34.879, NVIDIA GeForce RTX 5060, 591.86, P8, 29, 1, 721, 8151, 9.09, 145.00, 315, 405, 1, 8
2026-08-31T18:43:39.8957770+07:00,2026/08/31 18:43:39.929, NVIDIA GeForce RTX 5060, 591.86, P8, 29, 0, 721, 8151, 9.13, 145.00, 315, 405, 1, 8
2026-08-31T18:43:44.9460719+07:00,2026/08/31 18:43:44.978, NVIDIA GeForce RTX 5060, 591.86, P8, 29, 1, 721, 8151, 9.01, 145.00, 322, 405, 1, 8
2026-08-31T18:43:50.0476576+07:00,2026/08/31 18:43:50.078, NVIDIA GeForce RTX 5060, 591.86, P8, 29, 0, 721, 8151, 9.07, 145.00, 315, 405, 1, 8
2026-08-31T18:43:55.0959016+07:00,2026/08/31 18:43:55.128, NVIDIA GeForce RTX 5060, 591.86, P8, 29, 1, 742, 8151, 9.12, 145.00, 322, 405, 1, 8
2026-08-31T18:44:00.1449272+07:00,2026/08/31 18:44:00.179, NVIDIA GeForce RTX 5060, 591.86, P8, 29, 0, 723, 8151, 9.13, 145.00, 330, 405, 1, 8
2026-08-31T18:44:05.1947405+07:00,2026/08/31 18:44:05.227, NVIDIA GeForce RTX 5060, 591.86, P8, 29, 1, 723, 8151, 9.08, 145.00, 330, 405, 1, 8
2026-08-31T18:44:10.2441669+07:00,2026/08/31 18:44:10.276, NVIDIA GeForce RTX 5060, 591.86, P8, 29, 0, 723, 8151, 8.97, 145.00, 330, 405, 1, 8
2026-08-31T18:44:15.2948424+07:00,2026/08/31 18:44:15.327, NVIDIA GeForce RTX 5060, 591.86, P8, 29, 1, 723, 8151, 8.90, 145.00, 322, 405, 1, 8
2026-08-31T18:44:20.4095596+07:00,2026/08/31 18:44:20.444, NVIDIA GeForce RTX 5060, 591.86, P8, 29, 1, 723, 8151, 9.02, 145.00, 322, 405, 1, 8
2026-08-31T18:44:25.4625886+07:00,2026/08/31 18:44:25.510, NVIDIA GeForce RTX 5060, 591.86, P0, 30, 1, 735, 8151, 22.51, 145.00, 2550, 14201, 4, 8
2026-08-31T18:44:30.5598387+07:00,2026/08/31 18:44:30.591, NVIDIA GeForce RTX 5060, 591.86, P5, 29, 2, 734, 8151, 12.80, 145.00, 435, 810, 2, 8
2026-08-31T18:44:35.6079366+07:00,2026/08/31 18:44:35.643, NVIDIA GeForce RTX 5060, 591.86, P8, 29, 1, 734, 8151, 8.94, 145.00, 262, 405, 1, 8
2026-08-31T18:44:40.6592454+07:00,2026/08/31 18:44:40.691, NVIDIA GeForce RTX 5060, 591.86, P8, 29, 2, 729, 8151, 8.87, 145.00, 292, 405, 1, 8
2026-08-31T18:44:45.6953578+07:00,2026/08/31 18:44:45.726, NVIDIA GeForce RTX 5060, 591.86, P0, 30, 1, 753, 8151, 17.63, 145.00, 2565, 14201, 4, 8
2026-08-31T18:44:50.7765713+07:00,2026/08/31 18:44:50.809, NVIDIA GeForce RTX 5060, 591.86, P5, 29, 0, 742, 8151, 11.48, 145.00, 420, 810, 2, 8
2026-08-31T18:44:55.8253730+07:00,2026/08/31 18:44:55.858, NVIDIA GeForce RTX 5060, 591.86, P8, 29, 2, 734, 8151, 9.83, 145.00, 420, 405, 1, 8
2026-08-31T18:45:00.8757395+07:00,2026/08/31 18:45:00.909, NVIDIA GeForce RTX 5060, 591.86, P8, 29, 1, 741, 8151, 10.42, 145.00, 480, 405, 1, 8
2026-08-31T18:45:05.9247511+07:00,2026/08/31 18:45:05.959, NVIDIA GeForce RTX 5060, 591.86, P8, 29, 2, 734, 8151, 9.51, 145.00, 412, 405, 1, 8
2026-08-31T18:45:10.9752900+07:00,2026/08/31 18:45:11.008, NVIDIA GeForce RTX 5060, 591.86, P8, 29, 2, 734, 8151, 9.72, 145.00, 450, 405, 1, 8
2026-08-31T18:45:16.0096122+07:00,2026/08/31 18:45:16.042, NVIDIA GeForce RTX 5060, 591.86, P8, 29, 2, 734, 8151, 9.73, 145.00, 457, 405, 1, 8
2026-08-31T18:45:21.0920217+07:00,2026/08/31 18:45:21.124, NVIDIA GeForce RTX 5060, 591.86, P8, 29, 1, 731, 8151, 9.79, 145.00, 457, 405, 1, 8
2026-08-31T18:45:26.1275926+07:00,2026/08/31 18:45:26.157, NVIDIA GeForce RTX 5060, 591.86, P8, 29, 2, 746, 8151, 9.87, 145.00, 412, 405, 1, 8
2026-08-31T18:45:31.1732803+07:00,2026/08/31 18:45:31.206, NVIDIA GeForce RTX 5060, 591.86, P8, 29, 2, 732, 8151, 9.77, 145.00, 405, 405, 1, 8
2026-08-31T18:45:36.2230464+07:00,2026/08/31 18:45:36.256, NVIDIA GeForce RTX 5060, 591.86, P8, 29, 2, 732, 8151, 9.80, 145.00, 435, 405, 1, 8
2026-08-31T18:45:41.2731281+07:00,2026/08/31 18:45:41.305, NVIDIA GeForce RTX 5060, 591.86, P8, 29, 1, 732, 8151, 9.61, 145.00, 427, 405, 1, 8
2026-08-31T18:45:46.3235388+07:00,2026/08/31 18:45:46.357, NVIDIA GeForce RTX 5060, 591.86, P8, 29, 1, 732, 8151, 9.43, 145.00, 412, 405, 1, 8
2026-08-31T18:45:51.4075250+07:00,2026/08/31 18:45:51.440, NVIDIA GeForce RTX 5060, 591.86, P8, 29, 2, 732, 8151, 9.69, 145.00, 427, 405, 1, 8
2026-08-31T18:45:56.4409326+07:00,2026/08/31 18:45:56.471, NVIDIA GeForce RTX 5060, 591.86, P8, 29, 2, 730, 8151, 10.42, 145.00, 540, 405, 1, 8
2026-08-31T18:46:01.4740350+07:00,2026/08/31 18:46:01.505, NVIDIA GeForce RTX 5060, 591.86, P8, 29, 2, 719, 8151, 10.37, 145.00, 525, 405, 1, 8
2026-08-31T18:46:06.5214291+07:00,2026/08/31 18:46:06.554, NVIDIA GeForce RTX 5060, 591.86, P8, 29, 2, 718, 8151, 9.78, 145.00, 435, 405, 1, 8
2026-08-31T18:46:11.5726112+07:00,2026/08/31 18:46:11.605, NVIDIA GeForce RTX 5060, 591.86, P8, 29, 2, 722, 8151, 9.73, 145.00, 420, 405, 1, 8
2026-08-31T18:46:16.6217763+07:00,2026/08/31 18:46:16.652, NVIDIA GeForce RTX 5060, 591.86, P8, 29, 2, 720, 8151, 9.74, 145.00, 442, 405, 1, 8
2026-08-31T18:46:21.7054362+07:00,2026/08/31 18:46:21.738, NVIDIA GeForce RTX 5060, 591.86, P8, 29, 2, 720, 8151, 9.52, 145.00, 442, 405, 1, 8
2026-08-31T18:46:26.7535481+07:00,2026/08/31 18:46:26.786, NVIDIA GeForce RTX 5060, 591.86, P8, 29, 2, 720, 8151, 9.64, 145.00, 450, 405, 1, 8
2026-08-31T18:46:31.8035634+07:00,2026/08/31 18:46:31.836, NVIDIA GeForce RTX 5060, 591.86, P8, 29, 3, 720, 8151, 9.72, 145.00, 442, 405, 1, 8
2026-08-31T18:46:36.8539734+07:00,2026/08/31 18:46:36.884, NVIDIA GeForce RTX 5060, 591.86, P8, 29, 3, 718, 8151, 10.04, 145.00, 517, 405, 1, 8
2026-08-31T18:46:41.9020472+07:00,2026/08/31 18:46:41.937, NVIDIA GeForce RTX 5060, 591.86, P8, 29, 3, 712, 8151, 10.07, 145.00, 495, 405, 1, 8
2026-08-31T18:46:46.9518975+07:00,2026/08/31 18:46:46.985, NVIDIA GeForce RTX 5060, 591.86, P8, 29, 3, 712, 8151, 10.10, 145.00, 457, 405, 1, 8
2026-08-31T18:46:52.0373843+07:00,2026/08/31 18:46:52.070, NVIDIA GeForce RTX 5060, 591.86, P8, 29, 2, 712, 8151, 10.01, 145.00, 442, 405, 1, 8
2026-08-31T18:46:57.0846746+07:00,2026/08/31 18:46:57.116, NVIDIA GeForce RTX 5060, 591.86, P8, 29, 2, 724, 8151, 10.13, 145.00, 465, 405, 1, 8
2026-08-31T18:47:02.1353375+07:00,2026/08/31 18:47:02.168, NVIDIA GeForce RTX 5060, 591.86, P8, 29, 3, 712, 8151, 10.18, 145.00, 465, 405, 1, 8
2026-08-31T18:47:07.1868651+07:00,2026/08/31 18:47:07.217, NVIDIA GeForce RTX 5060, 591.86, P8, 29, 2, 724, 8151, 10.15, 145.00, 465, 405, 1, 8
2026-08-31T18:47:12.2346062+07:00,2026/08/31 18:47:12.268, NVIDIA GeForce RTX 5060, 591.86, P8, 29, 3, 712, 8151, 10.16, 145.00, 510, 405, 1, 8
2026-08-31T18:47:17.2828246+07:00,2026/08/31 18:47:17.315, NVIDIA GeForce RTX 5060, 591.86, P8, 29, 2, 712, 8151, 10.15, 145.00, 480, 405, 1, 8
2026-08-31T18:47:22.3682102+07:00,2026/08/31 18:47:22.399, NVIDIA GeForce RTX 5060, 591.86, P8, 29, 2, 712, 8151, 10.27, 145.00, 495, 405, 1, 8
2026-08-31T18:47:27.4179734+07:00,2026/08/31 18:47:27.448, NVIDIA GeForce RTX 5060, 591.86, P8, 29, 2, 712, 8151, 10.03, 145.00, 457, 405, 1, 8
2026-08-31T18:47:32.4667538+07:00,2026/08/31 18:47:32.502, NVIDIA GeForce RTX 5060, 591.86, P8, 29, 3, 712, 8151, 10.19, 145.00, 487, 405, 1, 8
2026-08-31T18:47:37.5175470+07:00,2026/08/31 18:47:37.547, NVIDIA GeForce RTX 5060, 591.86, P8, 29, 2, 712, 8151, 10.23, 145.00, 495, 405, 1, 8
2026-08-31T18:47:42.5666303+07:00,2026/08/31 18:47:42.599, NVIDIA GeForce RTX 5060, 591.86, P8, 29, 3, 712, 8151, 10.30, 145.00, 487, 405, 1, 8
2026-08-31T18:47:47.6152493+07:00,2026/08/31 18:47:47.649, NVIDIA GeForce RTX 5060, 591.86, P8, 29, 3, 712, 8151, 10.38, 145.00, 487, 405, 1, 8
2026-08-31T18:47:52.7153125+07:00,2026/08/31 18:47:52.748, NVIDIA GeForce RTX 5060, 591.86, P8, 29, 3, 712, 8151, 10.17, 145.00, 495, 405, 1, 8
2026-08-31T18:47:57.7654207+07:00,2026/08/31 18:47:57.798, NVIDIA GeForce RTX 5060, 591.86, P8, 29, 3, 712, 8151, 10.18, 145.00, 495, 405, 1, 8
2026-08-31T18:48:02.8154941+07:00,2026/08/31 18:48:02.847, NVIDIA GeForce RTX 5060, 591.86, P8, 29, 3, 712, 8151, 10.25, 145.00, 457, 405, 1, 8
2026-08-31T18:48:07.8651696+07:00,2026/08/31 18:48:07.899, NVIDIA GeForce RTX 5060, 591.86, P8, 29, 3, 724, 8151, 10.33, 145.00, 532, 405, 1, 8
2026-08-31T18:48:12.9155900+07:00,2026/08/31 18:48:12.948, NVIDIA GeForce RTX 5060, 591.86, P8, 29, 3, 712, 8151, 10.20, 145.00, 487, 405, 1, 8
2026-08-31T18:48:17.9646081+07:00,2026/08/31 18:48:17.997, NVIDIA GeForce RTX 5060, 591.86, P8, 29, 2, 712, 8151, 10.35, 145.00, 517, 405, 1, 8
2026-08-31T18:48:23.0634177+07:00,2026/08/31 18:48:23.098, NVIDIA GeForce RTX 5060, 591.86, P8, 29, 3, 712, 8151, 10.29, 145.00, 480, 405, 1, 8
2026-08-31T18:48:28.1139268+07:00,2026/08/31 18:48:28.147, NVIDIA GeForce RTX 5060, 591.86, P8, 29, 4, 712, 8151, 10.16, 145.00, 480, 405, 1, 8
2026-08-31T18:48:33.1622508+07:00,2026/08/31 18:48:33.196, NVIDIA GeForce RTX 5060, 591.86, P8, 29, 2, 712, 8151, 10.02, 145.00, 457, 405, 1, 8
2026-08-31T18:48:38.2143363+07:00,2026/08/31 18:48:38.246, NVIDIA GeForce RTX 5060, 591.86, P8, 29, 3, 712, 8151, 10.06, 145.00, 510, 405, 1, 8
2026-08-31T18:48:43.2631438+07:00,2026/08/31 18:48:43.295, NVIDIA GeForce RTX 5060, 591.86, P8, 29, 3, 712, 8151, 9.83, 145.00, 457, 405, 1, 8
2026-08-31T18:48:48.3138592+07:00,2026/08/31 18:48:48.346, NVIDIA GeForce RTX 5060, 591.86, P8, 29, 3, 712, 8151, 9.97, 145.00, 480, 405, 1, 8
2026-08-31T18:48:53.4118591+07:00,2026/08/31 18:48:53.446, NVIDIA GeForce RTX 5060, 591.86, P8, 29, 3, 712, 8151, 9.95, 145.00, 472, 405, 1, 8
2026-08-31T18:48:58.4631371+07:00,2026/08/31 18:48:58.494, NVIDIA GeForce RTX 5060, 591.86, P8, 29, 3, 712, 8151, 10.08, 145.00, 495, 405, 1, 8
2026-08-31T18:49:03.5118586+07:00,2026/08/31 18:49:03.546, NVIDIA GeForce RTX 5060, 591.86, P8, 29, 3, 712, 8151, 10.20, 145.00, 457, 405, 1, 8
2026-08-31T18:49:08.5626078+07:00,2026/08/31 18:49:08.594, NVIDIA GeForce RTX 5060, 591.86, P8, 29, 2, 712, 8151, 10.23, 145.00, 450, 405, 1, 8
2026-08-31T18:49:13.6124227+07:00,2026/08/31 18:49:13.644, NVIDIA GeForce RTX 5060, 591.86, P8, 29, 3, 713, 8151, 10.21, 145.00, 487, 405, 1, 8
2026-08-31T18:49:18.6594524+07:00,2026/08/31 18:49:18.691, NVIDIA GeForce RTX 5060, 591.86, P8, 29, 2, 713, 8151, 9.97, 145.00, 450, 405, 1, 8
2026-08-31T18:49:23.7434148+07:00,2026/08/31 18:49:23.777, NVIDIA GeForce RTX 5060, 591.86, P8, 29, 2, 713, 8151, 9.95, 145.00, 472, 405, 1, 8
2026-08-31T18:49:28.7904201+07:00,2026/08/31 18:49:28.826, NVIDIA GeForce RTX 5060, 591.86, P8, 29, 3, 713, 8151, 9.94, 145.00, 495, 405, 1, 8
2026-08-31T18:49:33.8445761+07:00,2026/08/31 18:49:33.876, NVIDIA GeForce RTX 5060, 591.86, P8, 29, 3, 713, 8151, 9.98, 145.00, 487, 405, 1, 8
2026-08-31T18:49:38.8923032+07:00,2026/08/31 18:49:38.927, NVIDIA GeForce RTX 5060, 591.86, P8, 29, 3, 713, 8151, 10.02, 145.00, 457, 405, 1, 8
2026-08-31T18:49:43.9431324+07:00,2026/08/31 18:49:43.976, NVIDIA GeForce RTX 5060, 591.86, P8, 29, 3, 713, 8151, 9.97, 145.00, 502, 405, 1, 8
2026-08-31T18:49:48.9925267+07:00,2026/08/31 18:49:49.024, NVIDIA GeForce RTX 5060, 591.86, P8, 29, 2, 713, 8151, 10.07, 145.00, 450, 405, 1, 8
2026-08-31T18:49:54.0762092+07:00,2026/08/31 18:49:54.111, NVIDIA GeForce RTX 5060, 591.86, P8, 29, 2, 713, 8151, 9.98, 145.00, 472, 405, 1, 8
2026-08-31T18:49:59.1256470+07:00,2026/08/31 18:49:59.159, NVIDIA GeForce RTX 5060, 591.86, P8, 29, 3, 713, 8151, 10.00, 145.00, 465, 405, 1, 8
2026-08-31T18:50:04.1747278+07:00,2026/08/31 18:50:04.209, NVIDIA GeForce RTX 5060, 591.86, P8, 29, 2, 713, 8151, 10.06, 145.00, 487, 405, 1, 8
2026-08-31T18:50:09.2257291+07:00,2026/08/31 18:50:09.259, NVIDIA GeForce RTX 5060, 591.86, P8, 29, 2, 713, 8151, 9.95, 145.00, 465, 405, 1, 8
2026-08-31T18:50:14.2778540+07:00,2026/08/31 18:50:14.309, NVIDIA GeForce RTX 5060, 591.86, P8, 29, 3, 713, 8151, 9.94, 145.00, 465, 405, 1, 8
2026-08-31T18:50:19.3210480+07:00,2026/08/31 18:50:19.359, NVIDIA GeForce RTX 5060, 591.86, P8, 29, 1, 713, 8151, 9.64, 145.00, 397, 405, 1, 8
2026-08-31T18:50:24.4085500+07:00,2026/08/31 18:50:24.439, NVIDIA GeForce RTX 5060, 591.86, P8, 29, 2, 711, 8151, 9.90, 145.00, 487, 405, 1, 8
2026-08-31T18:50:29.4584179+07:00,2026/08/31 18:50:29.491, NVIDIA GeForce RTX 5060, 591.86, P8, 29, 2, 737, 8151, 9.68, 145.00, 420, 405, 1, 8
2026-08-31T18:50:34.5080522+07:00,2026/08/31 18:50:34.538, NVIDIA GeForce RTX 5060, 591.86, P8, 29, 1, 731, 8151, 9.48, 145.00, 390, 405, 1, 8
2026-08-31T18:50:39.5563709+07:00,2026/08/31 18:50:39.590, NVIDIA GeForce RTX 5060, 591.86, P8, 29, 2, 731, 8151, 9.36, 145.00, 405, 405, 1, 8
2026-08-31T18:50:44.6067883+07:00,2026/08/31 18:50:44.641, NVIDIA GeForce RTX 5060, 591.86, P8, 29, 2, 731, 8151, 9.54, 145.00, 405, 405, 1, 8
2026-08-31T18:50:49.6556509+07:00,2026/08/31 18:50:49.689, NVIDIA GeForce RTX 5060, 591.86, P8, 29, 2, 731, 8151, 9.48, 145.00, 420, 405, 1, 8
2026-08-31T18:50:54.7394000+07:00,2026/08/31 18:50:54.772, NVIDIA GeForce RTX 5060, 591.86, P8, 29, 2, 731, 8151, 9.37, 145.00, 412, 405, 1, 8
2026-08-31T18:50:59.7757854+07:00,2026/08/31 18:50:59.805, NVIDIA GeForce RTX 5060, 591.86, P8, 29, 2, 731, 8151, 9.47, 145.00, 420, 405, 1, 8
2026-08-31T18:51:04.8231465+07:00,2026/08/31 18:51:04.856, NVIDIA GeForce RTX 5060, 591.86, P8, 29, 2, 731, 8151, 9.50, 145.00, 405, 405, 1, 8
2026-08-31T18:51:09.8732806+07:00,2026/08/31 18:51:09.906, NVIDIA GeForce RTX 5060, 591.86, P8, 29, 2, 731, 8151, 9.61, 145.00, 412, 405, 1, 8
2026-08-31T18:51:14.9218404+07:00,2026/08/31 18:51:14.954, NVIDIA GeForce RTX 5060, 591.86, P8, 29, 1, 731, 8151, 9.56, 145.00, 382, 405, 1, 8
2026-08-31T18:51:19.9716196+07:00,2026/08/31 18:51:20.005, NVIDIA GeForce RTX 5060, 591.86, P8, 29, 2, 731, 8151, 9.67, 145.00, 427, 405, 1, 8
2026-08-31T18:51:25.0543404+07:00,2026/08/31 18:51:25.088, NVIDIA GeForce RTX 5060, 591.86, P8, 29, 2, 731, 8151, 9.79, 145.00, 442, 405, 1, 8
2026-08-31T18:51:30.1052288+07:00,2026/08/31 18:51:30.138, NVIDIA GeForce RTX 5060, 591.86, P8, 29, 2, 731, 8151, 9.77, 145.00, 450, 405, 1, 8
2026-08-31T18:51:35.1398043+07:00,2026/08/31 18:51:35.170, NVIDIA GeForce RTX 5060, 591.86, P8, 29, 2, 731, 8151, 9.62, 145.00, 427, 405, 1, 8
2026-08-31T18:51:40.1874020+07:00,2026/08/31 18:51:40.221, NVIDIA GeForce RTX 5060, 591.86, P8, 29, 2, 746, 8151, 9.56, 145.00, 420, 405, 1, 8
2026-08-31T18:51:45.2375721+07:00,2026/08/31 18:51:45.270, NVIDIA GeForce RTX 5060, 591.86, P8, 29, 2, 746, 8151, 9.91, 145.00, 435, 405, 1, 8
2026-08-31T18:51:50.2733683+07:00,2026/08/31 18:51:50.303, NVIDIA GeForce RTX 5060, 591.86, P8, 29, 1, 752, 8151, 9.71, 145.00, 420, 405, 1, 8
2026-08-31T18:51:55.3537385+07:00,2026/08/31 18:51:55.387, NVIDIA GeForce RTX 5060, 591.86, P8, 29, 2, 746, 8151, 9.74, 145.00, 427, 405, 1, 8
2026-08-31T18:52:00.3886868+07:00,2026/08/31 18:52:00.419, NVIDIA GeForce RTX 5060, 591.86, P8, 29, 2, 746, 8151, 9.66, 145.00, 442, 405, 1, 8
2026-08-31T18:52:05.4365307+07:00,2026/08/31 18:52:05.469, NVIDIA GeForce RTX 5060, 591.86, P8, 29, 2, 746, 8151, 9.63, 145.00, 427, 405, 1, 8
2026-08-31T18:52:10.4708926+07:00,2026/08/31 18:52:10.502, NVIDIA GeForce RTX 5060, 591.86, P8, 29, 2, 736, 8151, 9.78, 145.00, 420, 405, 1, 8
2026-08-31T18:52:15.5186741+07:00,2026/08/31 18:52:15.551, NVIDIA GeForce RTX 5060, 591.86, P8, 29, 2, 736, 8151, 9.83, 145.00, 435, 405, 1, 8
2026-08-31T18:52:20.5691154+07:00,2026/08/31 18:52:20.602, NVIDIA GeForce RTX 5060, 591.86, P8, 29, 2, 736, 8151, 9.70, 145.00, 427, 405, 1, 8
2026-08-31T18:52:25.6522943+07:00,2026/08/31 18:52:25.686, NVIDIA GeForce RTX 5060, 591.86, P8, 29, 2, 736, 8151, 9.49, 145.00, 435, 405, 1, 8
2026-08-31T18:52:30.6877740+07:00,2026/08/31 18:52:30.717, NVIDIA GeForce RTX 5060, 591.86, P8, 29, 2, 736, 8151, 9.51, 145.00, 450, 405, 1, 8
2026-08-31T18:52:35.7343794+07:00,2026/08/31 18:52:35.768, NVIDIA GeForce RTX 5060, 591.86, P8, 29, 1, 736, 8151, 9.43, 145.00, 427, 405, 1, 8
2026-08-31T18:52:40.7853778+07:00,2026/08/31 18:52:40.818, NVIDIA GeForce RTX 5060, 591.86, P8, 29, 2, 736, 8151, 9.59, 145.00, 420, 405, 1, 8
2026-08-31T18:52:45.8337383+07:00,2026/08/31 18:52:45.867, NVIDIA GeForce RTX 5060, 591.86, P8, 29, 2, 736, 8151, 9.53, 145.00, 405, 405, 1, 8
2026-08-31T18:52:50.8833165+07:00,2026/08/31 18:52:50.916, NVIDIA GeForce RTX 5060, 591.86, P8, 29, 2, 744, 8151, 9.80, 145.00, 427, 405, 1, 8
2026-08-31T18:52:55.9695581+07:00,2026/08/31 18:52:55.999, NVIDIA GeForce RTX 5060, 591.86, P8, 29, 2, 740, 8151, 9.53, 145.00, 427, 405, 1, 8
2026-08-31T18:53:01.0168731+07:00,2026/08/31 18:53:01.048, NVIDIA GeForce RTX 5060, 591.86, P8, 29, 2, 738, 8151, 9.55, 145.00, 457, 405, 1, 8
2026-08-31T18:53:06.0665961+07:00,2026/08/31 18:53:06.100, NVIDIA GeForce RTX 5060, 591.86, P8, 29, 3, 738, 8151, 9.63, 145.00, 435, 405, 1, 8
2026-08-31T18:53:11.1008722+07:00,2026/08/31 18:53:11.132, NVIDIA GeForce RTX 5060, 591.86, P8, 29, 2, 738, 8151, 9.53, 145.00, 427, 405, 1, 8
2026-08-31T18:53:16.1487677+07:00,2026/08/31 18:53:16.182, NVIDIA GeForce RTX 5060, 591.86, P8, 29, 2, 738, 8151, 9.64, 145.00, 442, 405, 1, 8
2026-08-31T18:53:21.1852398+07:00,2026/08/31 18:53:21.214, NVIDIA GeForce RTX 5060, 591.86, P8, 29, 2, 738, 8151, 9.75, 145.00, 405, 405, 1, 8
2026-08-31T18:53:26.2656442+07:00,2026/08/31 18:53:26.298, NVIDIA GeForce RTX 5060, 591.86, P8, 29, 2, 738, 8151, 9.80, 145.00, 442, 405, 1, 8
2026-08-31T18:53:31.3152786+07:00,2026/08/31 18:53:31.348, NVIDIA GeForce RTX 5060, 591.86, P8, 29, 1, 738, 8151, 9.79, 145.00, 427, 405, 1, 8
2026-08-31T18:53:36.3643854+07:00,2026/08/31 18:53:36.397, NVIDIA GeForce RTX 5060, 591.86, P8, 29, 2, 738, 8151, 9.57, 145.00, 435, 405, 1, 8
2026-08-31T18:53:41.4139612+07:00,2026/08/31 18:53:41.447, NVIDIA GeForce RTX 5060, 591.86, P8, 29, 2, 738, 8151, 9.71, 145.00, 450, 405, 1, 8
2026-08-31T18:53:46.4636181+07:00,2026/08/31 18:53:46.498, NVIDIA GeForce RTX 5060, 591.86, P8, 29, 2, 738, 8151, 10.07, 145.00, 450, 405, 1, 8
2026-08-31T18:53:51.4988125+07:00,2026/08/31 18:53:51.530, NVIDIA GeForce RTX 5060, 591.86, P8, 29, 2, 738, 8151, 9.78, 145.00, 420, 405, 1, 8
2026-08-31T18:53:56.5798694+07:00,2026/08/31 18:53:56.614, NVIDIA GeForce RTX 5060, 591.86, P8, 29, 2, 738, 8151, 9.78, 145.00, 450, 405, 1, 8
2026-08-31T18:54:01.6297735+07:00,2026/08/31 18:54:01.663, NVIDIA GeForce RTX 5060, 591.86, P8, 29, 2, 738, 8151, 9.90, 145.00, 427, 405, 1, 8
2026-08-31T18:54:06.6794450+07:00,2026/08/31 18:54:06.713, NVIDIA GeForce RTX 5060, 591.86, P8, 29, 1, 738, 8151, 9.68, 145.00, 412, 405, 1, 8
2026-08-31T18:54:11.7284588+07:00,2026/08/31 18:54:11.763, NVIDIA GeForce RTX 5060, 591.86, P8, 29, 1, 738, 8151, 8.93, 145.00, 307, 405, 1, 8
2026-08-31T18:54:16.7635359+07:00,2026/08/31 18:54:16.795, NVIDIA GeForce RTX 5060, 591.86, P5, 29, 5, 911, 8151, 11.07, 145.00, 495, 810, 2, 8
2026-08-31T18:54:21.8117987+07:00,2026/08/31 18:54:21.845, NVIDIA GeForce RTX 5060, 591.86, P8, 29, 1, 750, 8151, 9.59, 145.00, 420, 405, 1, 8
2026-08-31T18:54:26.8946930+07:00,2026/08/31 18:54:26.928, NVIDIA GeForce RTX 5060, 591.86, P8, 29, 1, 718, 8151, 9.53, 145.00, 420, 405, 1, 8
2026-08-31T18:54:31.9298970+07:00,2026/08/31 18:54:31.963, NVIDIA GeForce RTX 5060, 591.86, P8, 29, 0, 714, 8151, 8.05, 145.00, 210, 405, 1, 8
2026-08-31T18:54:36.9706657+07:00,2026/08/31 18:54:37.001, NVIDIA GeForce RTX 5060, 591.86, P8, 29, 0, 714, 8151, 8.21, 145.00, 210, 405, 1, 8
2026-08-31T18:54:42.0066820+07:00,2026/08/31 18:54:42.037, NVIDIA GeForce RTX 5060, 591.86, P8, 29, 0, 714, 8151, 8.35, 145.00, 210, 405, 1, 8
2026-08-31T18:54:47.0533677+07:00,2026/08/31 18:54:47.084, NVIDIA GeForce RTX 5060, 591.86, P8, 29, 0, 714, 8151, 8.00, 145.00, 210, 405, 1, 8
2026-08-31T18:54:52.0882054+07:00,2026/08/31 18:54:52.119, NVIDIA GeForce RTX 5060, 591.86, P8, 29, 0, 714, 8151, 8.28, 145.00, 210, 810, 1, 8
2026-08-31T18:54:57.1519947+07:00,2026/08/31 18:54:57.183, NVIDIA GeForce RTX 5060, 591.86, P8, 29, 0, 714, 8151, 8.04, 145.00, 210, 405, 1, 8
2026-08-31T18:55:02.1868160+07:00,2026/08/31 18:55:02.218, NVIDIA GeForce RTX 5060, 591.86, P8, 29, 0, 714, 8151, 8.61, 145.00, 210, 405, 1, 8
2026-08-31T18:55:07.2329172+07:00,2026/08/31 18:55:07.264, NVIDIA GeForce RTX 5060, 591.86, P8, 29, 0, 724, 8151, 8.43, 145.00, 210, 405, 1, 8
2026-08-31T18:55:12.2809443+07:00,2026/08/31 18:55:12.312, NVIDIA GeForce RTX 5060, 591.86, P8, 29, 0, 724, 8151, 7.95, 145.00, 210, 405, 1, 8
2026-08-31T18:55:17.3163867+07:00,2026/08/31 18:55:17.347, NVIDIA GeForce RTX 5060, 591.86, P8, 29, 0, 724, 8151, 8.16, 145.00, 210, 405, 1, 8
2026-08-31T18:55:22.3500404+07:00,2026/08/31 18:55:22.381, NVIDIA GeForce RTX 5060, 591.86, P1, 29, 0, 724, 8151, 11.43, 145.00, 210, 14001, 4, 8
2026-08-31T18:55:27.4143941+07:00,2026/08/31 18:55:27.445, NVIDIA GeForce RTX 5060, 591.86, P8, 29, 0, 724, 8151, 7.81, 145.00, 210, 405, 1, 8
2026-08-31T18:55:32.4464781+07:00,2026/08/31 18:55:32.477, NVIDIA GeForce RTX 5060, 591.86, P5, 29, 0, 724, 8151, 12.08, 145.00, 210, 810, 2, 8
2026-08-31T18:55:37.4825267+07:00,2026/08/31 18:55:37.508, NVIDIA GeForce RTX 5060, 591.86, P8, 29, 0, 730, 8151, 8.63, 145.00, 352, 405, 1, 8
2026-08-31T18:55:42.5202467+07:00,2026/08/31 18:55:42.557, NVIDIA GeForce RTX 5060, 591.86, P0, 30, 1, 762, 8151, 16.89, 145.00, 2580, 14201, 4, 8
2026-08-31T18:55:47.5780815+07:00,2026/08/31 18:55:47.609, NVIDIA GeForce RTX 5060, 591.86, P5, 29, 0, 798, 8151, 10.55, 145.00, 307, 810, 2, 8
2026-08-31T18:55:52.6122221+07:00,2026/08/31 18:55:52.644, NVIDIA GeForce RTX 5060, 591.86, P8, 29, 3, 789, 8151, 8.63, 145.00, 240, 405, 1, 8
2026-08-31T18:55:57.7155958+07:00,2026/08/31 18:55:57.756, NVIDIA GeForce RTX 5060, 591.86, P0, 30, 0, 787, 8151, 17.06, 145.00, 2542, 14201, 4, 8
2026-08-31T18:56:02.7698637+07:00,2026/08/31 18:56:02.816, NVIDIA GeForce RTX 5060, 591.86, P8, 29, 0, 775, 8151, 9.06, 145.00, 262, 405, 1, 8
2026-08-31T18:56:07.8322440+07:00,2026/08/31 18:56:07.863, NVIDIA GeForce RTX 5060, 591.86, P8, 29, 1, 775, 8151, 8.74, 145.00, 240, 405, 1, 8
2026-08-31T18:56:12.8754428+07:00,2026/08/31 18:56:12.905, NVIDIA GeForce RTX 5060, 591.86, P8, 29, 0, 767, 8151, 8.66, 145.00, 262, 405, 1, 8
2026-08-31T18:56:17.9225602+07:00,2026/08/31 18:56:17.955, NVIDIA GeForce RTX 5060, 591.86, P8, 29, 4, 773, 8151, 11.06, 145.00, 607, 405, 1, 8
2026-08-31T18:56:22.9728552+07:00,2026/08/31 18:56:23.003, NVIDIA GeForce RTX 5060, 591.86, P8, 29, 2, 773, 8151, 9.35, 145.00, 367, 405, 1, 8
2026-08-31T18:56:28.0408712+07:00,2026/08/31 18:56:28.072, NVIDIA GeForce RTX 5060, 591.86, P8, 29, 0, 773, 8151, 8.02, 145.00, 210, 405, 1, 8
2026-08-31T18:56:33.0742748+07:00,2026/08/31 18:56:33.105, NVIDIA GeForce RTX 5060, 591.86, P8, 29, 0, 773, 8151, 8.00, 145.00, 210, 405, 1, 8
2026-08-31T18:56:38.1074958+07:00,2026/08/31 18:56:38.138, NVIDIA GeForce RTX 5060, 591.86, P8, 29, 0, 772, 8151, 8.30, 145.00, 210, 405, 1, 8
2026-08-31T18:56:43.1398433+07:00,2026/08/31 18:56:43.171, NVIDIA GeForce RTX 5060, 591.86, P8, 29, 0, 772, 8151, 8.02, 145.00, 210, 405, 1, 8
2026-08-31T18:56:48.1742890+07:00,2026/08/31 18:56:48.204, NVIDIA GeForce RTX 5060, 591.86, P8, 29, 0, 772, 8151, 8.02, 145.00, 210, 405, 1, 8
2026-08-31T18:56:53.2085843+07:00,2026/08/31 18:56:53.239, NVIDIA GeForce RTX 5060, 591.86, P8, 29, 0, 782, 8151, 8.06, 145.00, 247, 405, 1, 8
2026-08-31T18:56:58.2866396+07:00,2026/08/31 18:56:58.317, NVIDIA GeForce RTX 5060, 591.86, P8, 29, 0, 784, 8151, 8.51, 145.00, 225, 405, 1, 8
2026-08-31T18:57:03.3212440+07:00,2026/08/31 18:57:03.352, NVIDIA GeForce RTX 5060, 591.86, P8, 29, 0, 784, 8151, 8.17, 145.00, 210, 405, 1, 8
2026-08-31T18:57:08.3532279+07:00,2026/08/31 18:57:08.385, NVIDIA GeForce RTX 5060, 591.86, P3, 29, 0, 784, 8151, 14.83, 145.00, 210, 14001, 4, 8
2026-08-31T18:57:13.3860303+07:00,2026/08/31 18:57:13.417, NVIDIA GeForce RTX 5060, 591.86, P1, 29, 0, 784, 8151, 11.45, 145.00, 210, 14001, 4, 8
2026-08-31T18:57:18.4200111+07:00,2026/08/31 18:57:18.451, NVIDIA GeForce RTX 5060, 591.86, P8, 29, 0, 784, 8151, 8.25, 145.00, 210, 405, 1, 8
2026-08-31T18:57:23.4529346+07:00,2026/08/31 18:57:23.484, NVIDIA GeForce RTX 5060, 591.86, P8, 28, 0, 784, 8151, 7.94, 145.00, 210, 405, 1, 8
2026-08-31T18:57:28.5173936+07:00,2026/08/31 18:57:28.549, NVIDIA GeForce RTX 5060, 591.86, P8, 28, 0, 784, 8151, 7.92, 145.00, 210, 405, 1, 8
2026-08-31T18:57:33.5507789+07:00,2026/08/31 18:57:33.582, NVIDIA GeForce RTX 5060, 591.86, P8, 28, 0, 782, 8151, 8.06, 145.00, 210, 405, 1, 8
2026-08-31T18:57:38.5827388+07:00,2026/08/31 18:57:38.613, NVIDIA GeForce RTX 5060, 591.86, P1, 29, 0, 782, 8151, 14.82, 145.00, 210, 14001, 4, 8
2026-08-31T18:57:43.6171435+07:00,2026/08/31 18:57:43.648, NVIDIA GeForce RTX 5060, 591.86, P1, 29, 0, 782, 8151, 14.82, 145.00, 210, 14001, 4, 8
2026-08-31T18:57:48.6508168+07:00,2026/08/31 18:57:48.682, NVIDIA GeForce RTX 5060, 591.86, P8, 29, 0, 782, 8151, 8.10, 145.00, 210, 405, 1, 8
2026-08-31T18:57:53.6845027+07:00,2026/08/31 18:57:53.731, NVIDIA GeForce RTX 5060, 591.86, P8, 28, 0, 782, 8151, 8.05, 145.00, 210, 405, 1, 8
2026-08-31T18:57:58.7638090+07:00,2026/08/31 18:57:58.795, NVIDIA GeForce RTX 5060, 591.86, P5, 29, 0, 782, 8151, 14.86, 145.00, 210, 14001, 2, 8
2026-08-31T18:58:03.7967134+07:00,2026/08/31 18:58:03.828, NVIDIA GeForce RTX 5060, 591.86, P1, 28, 0, 782, 8151, 11.40, 145.00, 210, 14001, 4, 8
2026-08-31T18:58:08.8298531+07:00,2026/08/31 18:58:08.861, NVIDIA GeForce RTX 5060, 591.86, P1, 29, 0, 782, 8151, 12.11, 145.00, 210, 14001, 4, 8
2026-08-31T18:58:13.8636654+07:00,2026/08/31 18:58:13.894, NVIDIA GeForce RTX 5060, 591.86, P8, 29, 0, 782, 8151, 8.05, 145.00, 210, 405, 1, 8
2026-08-31T18:58:18.8959509+07:00,2026/08/31 18:58:18.927, NVIDIA GeForce RTX 5060, 591.86, P3, 29, 0, 782, 8151, 14.84, 145.00, 210, 14001, 4, 8
2026-08-31T18:58:23.9451953+07:00,2026/08/31 18:58:23.976, NVIDIA GeForce RTX 5060, 591.86, P1, 29, 0, 779, 8151, 14.80, 145.00, 210, 14001, 4, 8
2026-08-31T18:58:29.0098723+07:00,2026/08/31 18:58:29.041, NVIDIA GeForce RTX 5060, 591.86, P1, 29, 0, 779, 8151, 8.80, 145.00, 210, 14001, 4, 8
2026-08-31T18:58:34.0438852+07:00,2026/08/31 18:58:34.075, NVIDIA GeForce RTX 5060, 591.86, P1, 29, 0, 779, 8151, 14.66, 145.00, 210, 14001, 4, 8
2026-08-31T18:58:39.0763069+07:00,2026/08/31 18:58:39.107, NVIDIA GeForce RTX 5060, 591.86, P1, 29, 0, 779, 8151, 14.59, 145.00, 210, 14001, 4, 8
2026-08-31T18:58:44.1090053+07:00,2026/08/31 18:58:44.140, NVIDIA GeForce RTX 5060, 591.86, P8, 29, 0, 779, 8151, 7.72, 145.00, 210, 405, 1, 8
2026-08-31T18:58:49.1419724+07:00,2026/08/31 18:58:49.173, NVIDIA GeForce RTX 5060, 591.86, P8, 29, 0, 779, 8151, 7.95, 145.00, 210, 810, 1, 8
2026-08-31T18:58:54.1751704+07:00,2026/08/31 18:58:54.206, NVIDIA GeForce RTX 5060, 591.86, P1, 29, 0, 779, 8151, 14.65, 145.00, 210, 14001, 4, 8
2026-08-31T18:58:59.2395981+07:00,2026/08/31 18:58:59.271, NVIDIA GeForce RTX 5060, 591.86, P1, 29, 0, 779, 8151, 14.64, 145.00, 210, 14001, 4, 8
2026-08-31T18:59:04.2734194+07:00,2026/08/31 18:59:04.304, NVIDIA GeForce RTX 5060, 591.86, P1, 29, 0, 779, 8151, 14.54, 145.00, 210, 14001, 4, 8
2026-08-31T18:59:09.3119676+07:00,2026/08/31 18:59:09.345, NVIDIA GeForce RTX 5060, 591.86, P8, 29, 0, 773, 8151, 8.56, 145.00, 210, 405, 1, 8
2026-08-31T18:59:14.3631861+07:00,2026/08/31 18:59:14.392, NVIDIA GeForce RTX 5060, 591.86, P8, 29, 0, 778, 8151, 8.52, 145.00, 292, 405, 1, 8
2026-08-31T18:59:19.4093291+07:00,2026/08/31 18:59:19.441, NVIDIA GeForce RTX 5060, 591.86, P0, 30, 0, 787, 8151, 15.97, 145.00, 2520, 14201, 4, 8
2026-08-31T18:59:24.4462484+07:00,2026/08/31 18:59:24.477, NVIDIA GeForce RTX 5060, 591.86, P5, 29, 0, 795, 8151, 11.53, 145.00, 292, 810, 2, 8
2026-08-31T18:59:29.5229061+07:00,2026/08/31 18:59:29.554, NVIDIA GeForce RTX 5060, 591.86, P8, 29, 1, 785, 8151, 8.92, 145.00, 307, 405, 1, 8
2026-08-31T18:59:34.5622135+07:00,2026/08/31 18:59:34.594, NVIDIA GeForce RTX 5060, 591.86, P8, 29, 0, 791, 8151, 8.68, 145.00, 277, 405, 1, 8
2026-08-31T18:59:39.5963647+07:00,2026/08/31 18:59:39.629, NVIDIA GeForce RTX 5060, 591.86, P8, 29, 3, 784, 8151, 10.68, 145.00, 570, 405, 1, 8
2026-08-31T18:59:44.6300148+07:00,2026/08/31 18:59:44.661, NVIDIA GeForce RTX 5060, 591.86, P8, 29, 5, 780, 8151, 10.98, 145.00, 630, 405, 1, 8
2026-08-31T18:59:49.6793688+07:00,2026/08/31 18:59:49.710, NVIDIA GeForce RTX 5060, 591.86, P8, 29, 5, 780, 8151, 10.81, 145.00, 607, 405, 1, 8
2026-08-31T18:59:54.7283515+07:00,2026/08/31 18:59:54.761, NVIDIA GeForce RTX 5060, 591.86, P8, 29, 3, 780, 8151, 10.29, 145.00, 525, 405, 1, 8
2026-08-31T18:59:59.8107084+07:00,2026/08/31 18:59:59.843, NVIDIA GeForce RTX 5060, 591.86, P8, 29, 5, 780, 8151, 10.57, 145.00, 547, 405, 1, 8
2026-08-31T19:00:04.8610956+07:00,2026/08/31 19:00:04.894, NVIDIA GeForce RTX 5060, 591.86, P8, 29, 3, 780, 8151, 10.58, 145.00, 585, 405, 1, 8
2026-08-31T19:00:09.9110336+07:00,2026/08/31 19:00:09.942, NVIDIA GeForce RTX 5060, 591.86, P8, 29, 4, 780, 8151, 10.48, 145.00, 547, 405, 1, 8
2026-08-31T19:00:14.9606009+07:00,2026/08/31 19:00:14.993, NVIDIA GeForce RTX 5060, 591.86, P8, 29, 4, 780, 8151, 10.72, 145.00, 615, 405, 1, 8
2026-08-31T19:00:20.0093441+07:00,2026/08/31 19:00:20.042, NVIDIA GeForce RTX 5060, 591.86, P8, 29, 3, 780, 8151, 10.64, 145.00, 607, 405, 1, 8
2026-08-31T19:00:25.0600294+07:00,2026/08/31 19:00:25.093, NVIDIA GeForce RTX 5060, 591.86, P8, 29, 4, 787, 8151, 10.83, 145.00, 607, 405, 1, 8
2026-08-31T19:00:30.1425323+07:00,2026/08/31 19:00:30.175, NVIDIA GeForce RTX 5060, 591.86, P8, 29, 5, 787, 8151, 10.96, 145.00, 592, 405, 1, 8
2026-08-31T19:00:35.1918010+07:00,2026/08/31 19:00:35.226, NVIDIA GeForce RTX 5060, 591.86, P8, 29, 4, 787, 8151, 10.94, 145.00, 607, 405, 1, 8
2026-08-31T19:00:40.2409989+07:00,2026/08/31 19:00:40.274, NVIDIA GeForce RTX 5060, 591.86, P8, 29, 4, 789, 8151, 10.71, 145.00, 562, 405, 1, 8
2026-08-31T19:00:45.2914345+07:00,2026/08/31 19:00:45.325, NVIDIA GeForce RTX 5060, 591.86, P8, 29, 4, 791, 8151, 10.66, 145.00, 547, 405, 1, 8
2026-08-31T19:00:50.3412314+07:00,2026/08/31 19:00:50.374, NVIDIA GeForce RTX 5060, 591.86, P8, 29, 5, 789, 8151, 10.75, 145.00, 592, 405, 1, 8
2026-08-31T19:00:55.3905488+07:00,2026/08/31 19:00:55.425, NVIDIA GeForce RTX 5060, 591.86, P8, 29, 4, 789, 8151, 10.93, 145.00, 667, 405, 1, 8
2026-08-31T19:01:00.4778943+07:00,2026/08/31 19:01:00.507, NVIDIA GeForce RTX 5060, 591.86, P8, 29, 4, 789, 8151, 10.84, 145.00, 547, 405, 1, 8
2026-08-31T19:01:05.5245856+07:00,2026/08/31 19:01:05.557, NVIDIA GeForce RTX 5060, 591.86, P8, 29, 5, 789, 8151, 10.88, 145.00, 607, 405, 1, 8
2026-08-31T19:01:10.5729184+07:00,2026/08/31 19:01:10.606, NVIDIA GeForce RTX 5060, 591.86, P8, 29, 5, 789, 8151, 10.79, 145.00, 592, 405, 1, 8
2026-08-31T19:01:15.6239967+07:00,2026/08/31 19:01:15.657, NVIDIA GeForce RTX 5060, 591.86, P8, 29, 5, 789, 8151, 10.83, 145.00, 570, 405, 1, 8
2026-08-31T19:01:20.6729863+07:00,2026/08/31 19:01:20.706, NVIDIA GeForce RTX 5060, 591.86, P8, 29, 2, 789, 8151, 9.84, 145.00, 367, 405, 1, 8
2026-08-31T19:01:25.7097394+07:00,2026/08/31 19:01:25.741, NVIDIA GeForce RTX 5060, 591.86, P8, 29, 0, 791, 8151, 8.73, 145.00, 367, 405, 1, 8
2026-08-31T19:01:30.7745573+07:00,2026/08/31 19:01:30.805, NVIDIA GeForce RTX 5060, 591.86, P8, 29, 0, 791, 8151, 7.67, 145.00, 210, 405, 4, 8
2026-08-31T19:01:35.8069714+07:00,2026/08/31 19:01:35.832, NVIDIA GeForce RTX 5060, 591.86, P5, 29, 0, 784, 8151, 8.93, 145.00, 210, 810, 1, 8
2026-08-31T19:01:40.8515271+07:00,2026/08/31 19:01:40.887, NVIDIA GeForce RTX 5060, 591.86, P8, 29, 0, 784, 8151, 9.06, 145.00, 210, 405, 1, 8
2026-08-31T19:01:45.8884557+07:00,2026/08/31 19:01:45.921, NVIDIA GeForce RTX 5060, 591.86, P0, 30, 1, 800, 8151, 14.82, 145.00, 2565, 14201, 4, 8
2026-08-31T19:01:50.9304612+07:00,2026/08/31 19:01:50.955, NVIDIA GeForce RTX 5060, 591.86, P5, 29, 0, 791, 8151, 10.82, 145.00, 292, 810, 2, 8
2026-08-31T19:01:55.9725208+07:00,2026/08/31 19:01:56.003, NVIDIA GeForce RTX 5060, 591.86, P8, 29, 0, 796, 8151, 8.53, 145.00, 210, 405, 1, 8
2026-08-31T19:02:01.0385428+07:00,2026/08/31 19:02:01.064, NVIDIA GeForce RTX 5060, 591.86, P8, 29, 12, 821, 8151, 9.58, 145.00, 765, 405, 1, 8
2026-08-31T19:02:06.0717461+07:00,2026/08/31 19:02:06.104, NVIDIA GeForce RTX 5060, 591.86, P5, 29, 3, 799, 8151, 12.82, 145.00, 682, 810, 2, 8
2026-08-31T19:02:11.1181039+07:00,2026/08/31 19:02:11.149, NVIDIA GeForce RTX 5060, 591.86, P8, 29, 0, 869, 8151, 9.81, 145.00, 247, 405, 1, 8
2026-08-31T19:02:16.1518876+07:00,2026/08/31 19:02:16.183, NVIDIA GeForce RTX 5060, 591.86, P8, 29, 4, 853, 8151, 9.35, 145.00, 510, 405, 1, 8
2026-08-31T19:02:21.1919182+07:00,2026/08/31 19:02:21.220, NVIDIA GeForce RTX 5060, 591.86, P8, 29, 0, 868, 8151, 8.28, 145.00, 210, 405, 1, 8
2026-08-31T19:02:26.2347626+07:00,2026/08/31 19:02:26.268, NVIDIA GeForce RTX 5060, 591.86, P8, 29, 2, 844, 8151, 8.77, 145.00, 255, 405, 1, 8
2026-08-31T19:02:31.3315899+07:00,2026/08/31 19:02:31.363, NVIDIA GeForce RTX 5060, 591.86, P0, 30, 0, 860, 8151, 21.90, 145.00, 2527, 14201, 2, 8
2026-08-31T19:02:36.3690064+07:00,2026/08/31 19:02:36.400, NVIDIA GeForce RTX 5060, 591.86, P8, 29, 1, 854, 8151, 8.86, 145.00, 322, 405, 1, 8
2026-08-31T19:02:41.4185165+07:00,2026/08/31 19:02:41.449, NVIDIA GeForce RTX 5060, 591.86, P8, 29, 0, 854, 8151, 8.77, 145.00, 262, 405, 1, 8
2026-08-31T19:02:46.4563386+07:00,2026/08/31 19:02:46.484, NVIDIA GeForce RTX 5060, 591.86, P8, 29, 0, 846, 8151, 8.60, 145.00, 210, 405, 1, 8
2026-08-31T19:02:51.5003171+07:00,2026/08/31 19:02:51.534, NVIDIA GeForce RTX 5060, 591.86, P8, 29, 1, 846, 8151, 8.77, 145.00, 315, 405, 1, 8
2026-08-31T19:02:56.5508158+07:00,2026/08/31 19:02:56.583, NVIDIA GeForce RTX 5060, 591.86, P8, 29, 0, 846, 8151, 8.88, 145.00, 322, 405, 1, 8
2026-08-31T19:03:01.6494802+07:00,2026/08/31 19:03:01.681, NVIDIA GeForce RTX 5060, 591.86, P8, 29, 4, 838, 8151, 9.12, 145.00, 487, 405, 1, 8
2026-08-31T19:03:06.6913786+07:00,2026/08/31 19:03:06.722, NVIDIA GeForce RTX 5060, 591.86, P8, 29, 0, 838, 8151, 8.09, 145.00, 210, 405, 1, 8
2026-08-31T19:03:11.7324807+07:00,2026/08/31 19:03:11.763, NVIDIA GeForce RTX 5060, 591.86, P8, 29, 1, 841, 8151, 8.43, 145.00, 232, 405, 1, 8
2026-08-31T19:03:16.7676664+07:00,2026/08/31 19:03:16.800, NVIDIA GeForce RTX 5060, 591.86, P8, 29, 0, 815, 8151, 9.64, 145.00, 435, 405, 2, 8
2026-08-31T19:03:21.8158310+07:00,2026/08/31 19:03:21.849, NVIDIA GeForce RTX 5060, 591.86, P8, 29, 0, 833, 8151, 9.78, 145.00, 210, 405, 1, 8
2026-08-31T19:03:26.8502791+07:00,2026/08/31 19:03:26.879, NVIDIA GeForce RTX 5060, 591.86, P0, 30, 3, 829, 8151, 12.30, 145.00, 1672, 14201, 4, 8
2026-08-31T19:03:31.9334648+07:00,2026/08/31 19:03:31.966, NVIDIA GeForce RTX 5060, 591.86, P5, 29, 3, 823, 8151, 13.20, 145.00, 667, 810, 2, 8
2026-08-31T19:03:36.9825068+07:00,2026/08/31 19:03:37.016, NVIDIA GeForce RTX 5060, 591.86, P8, 29, 2, 768, 8151, 10.41, 145.00, 412, 405, 1, 8
2026-08-31T19:03:42.0237914+07:00,2026/08/31 19:03:42.051, NVIDIA GeForce RTX 5060, 591.86, P8, 29, 18, 792, 8151, 10.33, 145.00, 622, 405, 1, 8
2026-08-31T19:03:47.0552638+07:00,2026/08/31 19:03:47.087, NVIDIA GeForce RTX 5060, 591.86, P8, 29, 2, 767, 8151, 10.04, 145.00, 502, 405, 1, 8
2026-08-31T19:03:52.0962347+07:00,2026/08/31 19:03:52.127, NVIDIA GeForce RTX 5060, 591.86, P8, 29, 1, 739, 8151, 10.11, 145.00, 457, 405, 1, 8
2026-08-31T19:03:57.1489819+07:00,2026/08/31 19:03:57.180, NVIDIA GeForce RTX 5060, 591.86, P8, 29, 2, 738, 8151, 9.61, 145.00, 532, 405, 1, 8
2026-08-31T19:04:02.2663795+07:00,2026/08/31 19:04:02.298, NVIDIA GeForce RTX 5060, 591.86, P8, 29, 1, 729, 8151, 9.65, 145.00, 435, 405, 1, 8
2026-08-31T19:04:07.3125701+07:00,2026/08/31 19:04:07.343, NVIDIA GeForce RTX 5060, 591.86, P8, 29, 2, 736, 8151, 9.77, 145.00, 465, 405, 1, 8
2026-08-31T19:04:12.3646671+07:00,2026/08/31 19:04:12.398, NVIDIA GeForce RTX 5060, 591.86, P5, 29, 1, 744, 8151, 11.01, 145.00, 855, 810, 2, 8
2026-08-31T19:04:17.4144990+07:00,2026/08/31 19:04:17.447, NVIDIA GeForce RTX 5060, 591.86, P8, 29, 1, 767, 8151, 10.35, 145.00, 487, 405, 1, 8
2026-08-31T19:04:22.4657669+07:00,2026/08/31 19:04:22.498, NVIDIA GeForce RTX 5060, 591.86, P0, 30, 0, 841, 8151, 22.37, 145.00, 2542, 14201, 4, 8
2026-08-31T19:04:27.5127386+07:00,2026/08/31 19:04:27.546, NVIDIA GeForce RTX 5060, 591.86, P8, 29, 2, 830, 8151, 9.62, 145.00, 435, 405, 1, 8
2026-08-31T19:04:32.5962016+07:00,2026/08/31 19:04:32.630, NVIDIA GeForce RTX 5060, 591.86, P8, 29, 2, 808, 8151, 9.62, 145.00, 442, 405, 1, 8
2026-08-31T19:04:37.6467398+07:00,2026/08/31 19:04:37.680, NVIDIA GeForce RTX 5060, 591.86, P8, 29, 1, 808, 8151, 9.65, 145.00, 435, 405, 1, 8
2026-08-31T19:04:42.6822709+07:00,2026/08/31 19:04:42.712, NVIDIA GeForce RTX 5060, 591.86, P8, 29, 1, 808, 8151, 9.59, 145.00, 427, 405, 1, 8
2026-08-31T19:04:47.7293831+07:00,2026/08/31 19:04:47.762, NVIDIA GeForce RTX 5060, 591.86, P8, 29, 2, 808, 8151, 9.54, 145.00, 420, 405, 1, 8
2026-08-31T19:04:52.7777383+07:00,2026/08/31 19:04:52.811, NVIDIA GeForce RTX 5060, 591.86, P8, 29, 2, 808, 8151, 9.60, 145.00, 405, 405, 1, 8
2026-08-31T19:04:57.8289118+07:00,2026/08/31 19:04:57.861, NVIDIA GeForce RTX 5060, 591.86, P8, 29, 2, 807, 8151, 9.47, 145.00, 427, 405, 1, 8
2026-08-31T19:05:02.9125700+07:00,2026/08/31 19:05:02.945, NVIDIA GeForce RTX 5060, 591.86, P8, 29, 2, 807, 8151, 9.50, 145.00, 427, 405, 1, 8
2026-08-31T19:05:07.9466558+07:00,2026/08/31 19:05:07.977, NVIDIA GeForce RTX 5060, 591.86, P8, 29, 2, 807, 8151, 9.63, 145.00, 420, 405, 1, 8
2026-08-31T19:05:12.9940780+07:00,2026/08/31 19:05:13.028, NVIDIA GeForce RTX 5060, 591.86, P8, 29, 2, 807, 8151, 9.47, 145.00, 427, 405, 1, 8
2026-08-31T19:05:18.0444903+07:00,2026/08/31 19:05:18.076, NVIDIA GeForce RTX 5060, 591.86, P8, 29, 2, 914, 8151, 11.09, 145.00, 450, 405, 1, 8
2026-08-31T19:05:23.0852284+07:00,2026/08/31 19:05:23.115, NVIDIA GeForce RTX 5060, 591.86, P0, 30, 1, 870, 8151, 23.63, 145.00, 2565, 14201, 4, 8
2026-08-31T19:05:28.1274961+07:00,2026/08/31 19:05:28.160, NVIDIA GeForce RTX 5060, 591.86, P8, 29, 3, 838, 8151, 11.83, 145.00, 637, 405, 1, 8
2026-08-31T19:05:33.2190886+07:00,2026/08/31 19:05:33.243, NVIDIA GeForce RTX 5060, 591.86, P5, 29, 3, 875, 8151, 12.40, 145.00, 885, 810, 1, 8
2026-08-31T19:05:38.2577493+07:00,2026/08/31 19:05:38.293, NVIDIA GeForce RTX 5060, 591.86, P8, 29, 7, 865, 8151, 11.23, 145.00, 720, 405, 1, 8
2026-08-31T19:05:43.3075474+07:00,2026/08/31 19:05:43.343, NVIDIA GeForce RTX 5060, 591.86, P5, 30, 19, 935, 8151, 13.31, 145.00, 870, 810, 2, 8
2026-08-31T19:05:48.3594885+07:00,2026/08/31 19:05:48.392, NVIDIA GeForce RTX 5060, 591.86, P5, 30, 11, 961, 8151, 12.52, 145.00, 915, 810, 2, 8
2026-08-31T19:05:53.4093082+07:00,2026/08/31 19:05:53.443, NVIDIA GeForce RTX 5060, 591.86, P0, 31, 0, 912, 8151, 23.33, 145.00, 2542, 14201, 4, 8
2026-08-31T19:05:58.4740955+07:00,2026/08/31 19:05:58.508, NVIDIA GeForce RTX 5060, 591.86, P8, 29, 2, 847, 8151, 9.77, 145.00, 390, 405, 1, 8
2026-08-31T19:06:03.5745235+07:00,2026/08/31 19:06:03.608, NVIDIA GeForce RTX 5060, 591.86, P8, 29, 2, 857, 8151, 9.94, 145.00, 442, 405, 1, 8
2026-08-31T19:06:08.6242183+07:00,2026/08/31 19:06:08.658, NVIDIA GeForce RTX 5060, 591.86, P8, 29, 2, 877, 8151, 10.45, 145.00, 442, 405, 1, 8
2026-08-31T19:06:13.6726103+07:00,2026/08/31 19:06:13.703, NVIDIA GeForce RTX 5060, 591.86, P8, 30, 7, 926, 8151, 12.29, 145.00, 780, 405, 1, 8
2026-08-31T19:06:18.7246983+07:00,2026/08/31 19:06:18.757, NVIDIA GeForce RTX 5060, 591.86, P8, 29, 1, 844, 8151, 9.79, 145.00, 442, 405, 1, 8
2026-08-31T19:06:23.7736456+07:00,2026/08/31 19:06:23.807, NVIDIA GeForce RTX 5060, 591.86, P8, 29, 2, 844, 8151, 9.78, 145.00, 442, 405, 1, 8
2026-08-31T19:06:28.8235620+07:00,2026/08/31 19:06:28.857, NVIDIA GeForce RTX 5060, 591.86, P8, 29, 2, 844, 8151, 9.86, 145.00, 442, 405, 1, 8
2026-08-31T19:06:33.9063821+07:00,2026/08/31 19:06:33.961, NVIDIA GeForce RTX 5060, 591.86, P8, 29, 1, 850, 8151, 8.86, 145.00, 270, 405, 1, 8
2026-08-31T19:06:38.9706414+07:00,2026/08/31 19:06:39.002, NVIDIA GeForce RTX 5060, 591.86, P8, 29, 0, 846, 8151, 8.26, 145.00, 210, 405, 1, 8
2026-08-31T19:06:44.0247036+07:00,2026/08/31 19:06:44.056, NVIDIA GeForce RTX 5060, 591.86, P0, 31, 0, 849, 8151, 22.66, 145.00, 2550, 14201, 4, 8
2026-08-31T19:06:49.0710079+07:00,2026/08/31 19:06:49.105, NVIDIA GeForce RTX 5060, 591.86, P8, 29, 8, 857, 8151, 10.02, 145.00, 382, 405, 1, 8
2026-08-31T19:06:54.1203670+07:00,2026/08/31 19:06:54.143, NVIDIA GeForce RTX 5060, 591.86, P8, 29, 0, 856, 8151, 7.90, 145.00, 225, 405, 1, 8
2026-08-31T19:06:59.1557903+07:00,2026/08/31 19:06:59.189, NVIDIA GeForce RTX 5060, 591.86, P8, 29, 10, 877, 8151, 12.15, 145.00, 667, 405, 1, 8
2026-08-31T19:07:04.2314407+07:00,2026/08/31 19:07:04.255, NVIDIA GeForce RTX 5060, 591.86, P8, 29, 3, 907, 8151, 8.83, 145.00, 375, 405, 1, 8
2026-08-31T19:07:09.2675008+07:00,2026/08/31 19:07:09.304, NVIDIA GeForce RTX 5060, 591.86, P8, 29, 0, 872, 8151, 10.58, 145.00, 367, 405, 1, 8
2026-08-31T19:07:14.3216133+07:00,2026/08/31 19:07:14.353, NVIDIA GeForce RTX 5060, 591.86, P8, 29, 5, 767, 8151, 9.05, 145.00, 210, 405, 1, 8
2026-08-31T19:07:19.3705401+07:00,2026/08/31 19:07:19.404, NVIDIA GeForce RTX 5060, 591.86, P5, 30, 38, 825, 8151, 10.37, 145.00, 810, 810, 4, 8
2026-08-31T19:07:24.4198769+07:00,2026/08/31 19:07:24.451, NVIDIA GeForce RTX 5060, 591.86, P5, 29, 0, 824, 8151, 12.12, 145.00, 427, 810, 2, 8
2026-08-31T19:07:29.4630575+07:00,2026/08/31 19:07:29.494, NVIDIA GeForce RTX 5060, 591.86, P8, 29, 0, 822, 8151, 8.79, 145.00, 232, 405, 1, 8
2026-08-31T19:07:34.5362437+07:00,2026/08/31 19:07:34.568, NVIDIA GeForce RTX 5060, 591.86, P8, 29, 2, 821, 8151, 9.09, 145.00, 292, 405, 1, 8
2026-08-31T19:07:39.5703740+07:00,2026/08/31 19:07:39.603, NVIDIA GeForce RTX 5060, 591.86, P5, 29, 0, 837, 8151, 11.15, 145.00, 427, 810, 2, 8
2026-08-31T19:07:44.6190429+07:00,2026/08/31 19:07:44.652, NVIDIA GeForce RTX 5060, 591.86, P8, 29, 1, 849, 8151, 9.00, 145.00, 337, 405, 1, 8
2026-08-31T19:07:49.6612834+07:00,2026/08/31 19:07:49.692, NVIDIA GeForce RTX 5060, 591.86, P5, 29, 0, 859, 8151, 11.26, 145.00, 630, 810, 2, 8
2026-08-31T19:07:54.7051369+07:00,2026/08/31 19:07:54.736, NVIDIA GeForce RTX 5060, 591.86, P8, 29, 0, 860, 8151, 8.30, 145.00, 210, 405, 1, 8
2026-08-31T19:07:59.7515232+07:00,2026/08/31 19:07:59.788, NVIDIA GeForce RTX 5060, 591.86, P8, 29, 5, 851, 8151, 10.76, 145.00, 607, 405, 1, 8
2026-08-31T19:08:04.8507776+07:00,2026/08/31 19:08:04.884, NVIDIA GeForce RTX 5060, 591.86, P8, 29, 3, 867, 8151, 10.89, 145.00, 547, 405, 1, 8
2026-08-31T19:08:09.9025145+07:00,2026/08/31 19:08:09.935, NVIDIA GeForce RTX 5060, 591.86, P8, 29, 4, 867, 8151, 11.00, 145.00, 570, 405, 1, 8
2026-08-31T19:08:14.9509858+07:00,2026/08/31 19:08:15.017, NVIDIA GeForce RTX 5060, 591.86, P8, 29, 5, 867, 8151, 10.94, 145.00, 562, 405, 1, 8
2026-08-31T19:08:20.0353697+07:00,2026/08/31 19:08:20.085, NVIDIA GeForce RTX 5060, 591.86, P8, 29, 5, 850, 8151, 10.80, 145.00, 585, 405, 1, 8
2026-08-31T19:08:25.1017533+07:00,2026/08/31 19:08:25.151, NVIDIA GeForce RTX 5060, 591.86, P8, 29, 5, 850, 8151, 10.76, 145.00, 622, 405, 1, 8
2026-08-31T19:08:30.1522219+07:00,2026/08/31 19:08:30.201, NVIDIA GeForce RTX 5060, 591.86, P8, 29, 5, 850, 8151, 10.82, 145.00, 562, 405, 1, 8
2026-08-31T19:08:35.2506707+07:00,2026/08/31 19:08:35.284, NVIDIA GeForce RTX 5060, 591.86, P8, 29, 2, 851, 8151, 10.86, 145.00, 555, 405, 1, 8
2026-08-31T19:08:40.2998296+07:00,2026/08/31 19:08:40.335, NVIDIA GeForce RTX 5060, 591.86, P8, 29, 5, 851, 8151, 10.74, 145.00, 592, 405, 1, 8
2026-08-31T19:08:45.3495456+07:00,2026/08/31 19:08:45.399, NVIDIA GeForce RTX 5060, 591.86, P8, 29, 4, 863, 8151, 12.07, 145.00, 607, 405, 1, 8
2026-08-31T19:08:50.4159383+07:00,2026/08/31 19:08:50.449, NVIDIA GeForce RTX 5060, 591.86, P8, 29, 5, 853, 8151, 10.81, 145.00, 630, 405, 1, 8
2026-08-31T19:08:55.4663761+07:00,2026/08/31 19:08:55.499, NVIDIA GeForce RTX 5060, 591.86, P8, 29, 3, 859, 8151, 10.45, 145.00, 585, 405, 1, 8
2026-08-31T19:09:00.5009679+07:00,2026/08/31 19:09:00.531, NVIDIA GeForce RTX 5060, 591.86, P8, 29, 4, 853, 8151, 10.38, 145.00, 562, 405, 1, 8
2026-08-31T19:09:05.5829510+07:00,2026/08/31 19:09:05.631, NVIDIA GeForce RTX 5060, 591.86, P8, 29, 3, 853, 8151, 10.51, 145.00, 547, 405, 1, 8
2026-08-31T19:09:10.6471474+07:00,2026/08/31 19:09:10.684, NVIDIA GeForce RTX 5060, 591.86, P8, 29, 4, 853, 8151, 10.81, 145.00, 540, 405, 1, 8
2026-08-31T19:09:15.6993688+07:00,2026/08/31 19:09:15.746, NVIDIA GeForce RTX 5060, 591.86, P8, 29, 2, 853, 8151, 10.06, 145.00, 435, 405, 1, 8
2026-08-31T19:09:20.7596150+07:00,2026/08/31 19:09:20.822, NVIDIA GeForce RTX 5060, 591.86, P8, 29, 0, 853, 8151, 8.24, 145.00, 210, 405, 1, 8
2026-08-31T19:09:25.8231958+07:00,2026/08/31 19:09:25.855, NVIDIA GeForce RTX 5060, 591.86, P8, 29, 0, 853, 8151, 8.34, 145.00, 210, 405, 1, 8
2026-08-31T19:09:30.8572968+07:00,2026/08/31 19:09:30.888, NVIDIA GeForce RTX 5060, 591.86, P5, 29, 0, 853, 8151, 11.20, 145.00, 210, 810, 1, 8
2026-08-31T19:09:35.9377350+07:00,2026/08/31 19:09:35.968, NVIDIA GeForce RTX 5060, 591.86, P1, 29, 0, 853, 8151, 11.49, 145.00, 210, 14001, 4, 8
2026-08-31T19:09:40.9717473+07:00,2026/08/31 19:09:41.003, NVIDIA GeForce RTX 5060, 591.86, P8, 29, 0, 853, 8151, 7.82, 145.00, 210, 405, 1, 8
2026-08-31T19:09:46.0047190+07:00,2026/08/31 19:09:46.036, NVIDIA GeForce RTX 5060, 591.86, P1, 29, 0, 853, 8151, 8.05, 145.00, 210, 14001, 4, 8
2026-08-31T19:09:51.0374710+07:00,2026/08/31 19:09:51.068, NVIDIA GeForce RTX 5060, 591.86, P8, 29, 0, 853, 8151, 7.86, 145.00, 210, 405, 1, 8
2026-08-31T19:09:56.0709478+07:00,2026/08/31 19:09:56.102, NVIDIA GeForce RTX 5060, 591.86, P3, 29, 0, 853, 8151, 14.75, 145.00, 210, 14001, 4, 8
2026-08-31T19:10:01.1039387+07:00,2026/08/31 19:10:01.135, NVIDIA GeForce RTX 5060, 591.86, P1, 29, 0, 853, 8151, 14.85, 145.00, 232, 14001, 4, 8
2026-08-31T19:10:06.1678221+07:00,2026/08/31 19:10:06.199, NVIDIA GeForce RTX 5060, 591.86, P8, 29, 0, 853, 8151, 7.90, 145.00, 210, 405, 1, 8
2026-08-31T19:10:11.2008845+07:00,2026/08/31 19:10:11.232, NVIDIA GeForce RTX 5060, 591.86, P3, 29, 0, 853, 8151, 14.89, 145.00, 210, 14001, 4, 8
2026-08-31T19:10:16.2344308+07:00,2026/08/31 19:10:16.265, NVIDIA GeForce RTX 5060, 591.86, P1, 29, 0, 853, 8151, 14.99, 145.00, 210, 14001, 4, 8
2026-08-31T19:10:21.2685488+07:00,2026/08/31 19:10:21.299, NVIDIA GeForce RTX 5060, 591.86, P8, 29, 0, 853, 8151, 7.95, 145.00, 210, 405, 1, 8
2026-08-31T19:10:26.3022310+07:00,2026/08/31 19:10:26.333, NVIDIA GeForce RTX 5060, 591.86, P8, 29, 0, 853, 8151, 7.81, 145.00, 210, 405, 1, 8
2026-08-31T19:10:31.3351468+07:00,2026/08/31 19:10:31.382, NVIDIA GeForce RTX 5060, 591.86, P8, 29, 0, 853, 8151, 7.90, 145.00, 210, 405, 1, 8
2026-08-31T19:10:36.4304900+07:00,2026/08/31 19:10:36.476, NVIDIA GeForce RTX 5060, 591.86, P8, 29, 0, 853, 8151, 7.87, 145.00, 210, 405, 1, 8
2026-08-31T19:10:41.4787442+07:00,2026/08/31 19:10:41.509, NVIDIA GeForce RTX 5060, 591.86, P8, 29, 0, 853, 8151, 7.98, 145.00, 210, 405, 1, 8
2026-08-31T19:10:46.5114036+07:00,2026/08/31 19:10:46.543, NVIDIA GeForce RTX 5060, 591.86, P5, 29, 0, 853, 8151, 14.90, 145.00, 210, 14001, 2, 8
2026-08-31T19:10:51.5464252+07:00,2026/08/31 19:10:51.577, NVIDIA GeForce RTX 5060, 591.86, P1, 29, 0, 853, 8151, 12.36, 145.00, 210, 14001, 4, 8
2026-08-31T19:10:56.5931709+07:00,2026/08/31 19:10:56.625, NVIDIA GeForce RTX 5060, 591.86, P1, 29, 0, 862, 8151, 8.97, 145.00, 210, 14001, 4, 8
2026-08-31T19:11:01.6283795+07:00,2026/08/31 19:11:01.659, NVIDIA GeForce RTX 5060, 591.86, P8, 29, 0, 862, 8151, 8.23, 145.00, 210, 405, 1, 8
2026-08-31T19:11:06.6927627+07:00,2026/08/31 19:11:06.724, NVIDIA GeForce RTX 5060, 591.86, P1, 29, 0, 862, 8151, 8.59, 145.00, 210, 14001, 4, 8
2026-08-31T19:11:11.7254465+07:00,2026/08/31 19:11:11.756, NVIDIA GeForce RTX 5060, 591.86, P8, 29, 0, 862, 8151, 8.04, 145.00, 210, 405, 1, 8
2026-08-31T19:11:16.7588313+07:00,2026/08/31 19:11:16.789, NVIDIA GeForce RTX 5060, 591.86, P8, 29, 0, 862, 8151, 7.86, 145.00, 210, 405, 1, 8
2026-08-31T19:11:21.7926359+07:00,2026/08/31 19:11:21.823, NVIDIA GeForce RTX 5060, 591.86, P8, 29, 0, 862, 8151, 7.96, 145.00, 202, 405, 1, 8
2026-08-31T19:11:26.8250143+07:00,2026/08/31 19:11:26.856, NVIDIA GeForce RTX 5060, 591.86, P8, 29, 0, 862, 8151, 7.95, 145.00, 210, 405, 1, 8
2026-08-31T19:11:31.8575047+07:00,2026/08/31 19:11:31.888, NVIDIA GeForce RTX 5060, 591.86, P8, 29, 0, 861, 8151, 8.01, 145.00, 210, 405, 1, 8
2026-08-31T19:11:36.9224422+07:00,2026/08/31 19:11:36.953, NVIDIA GeForce RTX 5060, 591.86, P8, 29, 0, 861, 8151, 7.85, 145.00, 210, 405, 1, 8
2026-08-31T19:11:41.9559375+07:00,2026/08/31 19:11:41.987, NVIDIA GeForce RTX 5060, 591.86, P8, 29, 0, 861, 8151, 8.04, 145.00, 210, 405, 1, 8
2026-08-31T19:11:46.9895784+07:00,2026/08/31 19:11:47.020, NVIDIA GeForce RTX 5060, 591.86, P1, 29, 0, 861, 8151, 8.60, 145.00, 210, 14001, 4, 8
2026-08-31T19:11:52.0223070+07:00,2026/08/31 19:11:52.053, NVIDIA GeForce RTX 5060, 591.86, P8, 29, 0, 861, 8151, 8.00, 145.00, 210, 405, 1, 8
2026-08-31T19:11:57.0557714+07:00,2026/08/31 19:11:57.087, NVIDIA GeForce RTX 5060, 591.86, P5, 29, 0, 861, 8151, 9.44, 145.00, 210, 810, 1, 8
2026-08-31T19:12:02.0882261+07:00,2026/08/31 19:12:02.119, NVIDIA GeForce RTX 5060, 591.86, P8, 29, 0, 861, 8151, 8.47, 145.00, 210, 405, 1, 8
2026-08-31T19:12:07.1530529+07:00,2026/08/31 19:12:07.184, NVIDIA GeForce RTX 5060, 591.86, P1, 29, 0, 861, 8151, 14.79, 145.00, 210, 14001, 4, 8
2026-08-31T19:12:12.1865618+07:00,2026/08/31 19:12:12.217, NVIDIA GeForce RTX 5060, 591.86, P1, 29, 0, 861, 8151, 9.18, 145.00, 210, 14001, 4, 8
2026-08-31T19:12:17.2197011+07:00,2026/08/31 19:12:17.251, NVIDIA GeForce RTX 5060, 591.86, P8, 29, 0, 861, 8151, 8.19, 145.00, 210, 405, 1, 8
2026-08-31T19:12:22.2519362+07:00,2026/08/31 19:12:22.283, NVIDIA GeForce RTX 5060, 591.86, P8, 29, 0, 861, 8151, 7.92, 145.00, 210, 405, 1, 8
2026-08-31T19:12:27.2853745+07:00,2026/08/31 19:12:27.316, NVIDIA GeForce RTX 5060, 591.86, P8, 29, 0, 861, 8151, 8.12, 145.00, 210, 405, 1, 8
2026-08-31T19:12:32.3198525+07:00,2026/08/31 19:12:32.351, NVIDIA GeForce RTX 5060, 591.86, P8, 28, 0, 861, 8151, 8.02, 145.00, 210, 405, 1, 8
2026-08-31T19:12:37.3835011+07:00,2026/08/31 19:12:37.414, NVIDIA GeForce RTX 5060, 591.86, P8, 29, 0, 861, 8151, 7.92, 145.00, 210, 405, 1, 8
2026-08-31T19:12:42.4157846+07:00,2026/08/31 19:12:42.447, NVIDIA GeForce RTX 5060, 591.86, P8, 28, 0, 861, 8151, 7.95, 145.00, 210, 405, 1, 8
2026-08-31T19:12:47.4500026+07:00,2026/08/31 19:12:47.481, NVIDIA GeForce RTX 5060, 591.86, P3, 29, 0, 861, 8151, 14.94, 145.00, 210, 14001, 2, 8
2026-08-31T19:12:52.4832272+07:00,2026/08/31 19:12:52.514, NVIDIA GeForce RTX 5060, 591.86, P8, 28, 0, 861, 8151, 8.02, 145.00, 202, 405, 1, 8
2026-08-31T19:12:57.5157030+07:00,2026/08/31 19:12:57.547, NVIDIA GeForce RTX 5060, 591.86, P8, 28, 0, 861, 8151, 7.87, 145.00, 210, 405, 1, 8
2026-08-31T19:13:02.5491905+07:00,2026/08/31 19:13:02.580, NVIDIA GeForce RTX 5060, 591.86, P8, 28, 0, 861, 8151, 8.38, 145.00, 210, 405, 1, 8
2026-08-31T19:13:07.6134035+07:00,2026/08/31 19:13:07.644, NVIDIA GeForce RTX 5060, 591.86, P1, 29, 0, 861, 8151, 12.01, 145.00, 210, 14001, 4, 8
2026-08-31T19:13:12.6477800+07:00,2026/08/31 19:13:12.679, NVIDIA GeForce RTX 5060, 591.86, P8, 28, 0, 861, 8151, 7.98, 145.00, 210, 405, 4, 8
2026-08-31T19:13:17.6813485+07:00,2026/08/31 19:13:17.713, NVIDIA GeForce RTX 5060, 591.86, P8, 29, 0, 861, 8151, 8.40, 145.00, 210, 405, 1, 8
2026-08-31T19:13:22.7135986+07:00,2026/08/31 19:13:22.744, NVIDIA GeForce RTX 5060, 591.86, P8, 28, 0, 861, 8151, 8.04, 145.00, 210, 405, 1, 8
2026-08-31T19:13:27.7470480+07:00,2026/08/31 19:13:27.778, NVIDIA GeForce RTX 5060, 591.86, P3, 29, 0, 861, 8151, 14.71, 145.00, 210, 14001, 2, 8
2026-08-31T19:13:32.7806523+07:00,2026/08/31 19:13:32.811, NVIDIA GeForce RTX 5060, 591.86, P1, 28, 0, 861, 8151, 7.91, 145.00, 210, 405, 4, 8
2026-08-31T19:13:37.8441572+07:00,2026/08/31 19:13:37.875, NVIDIA GeForce RTX 5060, 591.86, P8, 29, 0, 861, 8151, 9.96, 145.00, 210, 810, 1, 8
2026-08-31T19:13:42.8925818+07:00,2026/08/31 19:13:42.923, NVIDIA GeForce RTX 5060, 591.86, P1, 29, 0, 861, 8151, 14.83, 145.00, 210, 14001, 4, 8
2026-08-31T19:13:47.9264736+07:00,2026/08/31 19:13:47.957, NVIDIA GeForce RTX 5060, 591.86, P1, 29, 0, 861, 8151, 14.60, 145.00, 210, 14001, 4, 8
2026-08-31T19:13:52.9591461+07:00,2026/08/31 19:13:52.990, NVIDIA GeForce RTX 5060, 591.86, P1, 29, 0, 861, 8151, 12.06, 145.00, 210, 14001, 4, 8
2026-08-31T19:13:57.9924644+07:00,2026/08/31 19:13:58.023, NVIDIA GeForce RTX 5060, 591.86, P1, 29, 0, 861, 8151, 12.73, 145.00, 210, 14001, 4, 8
2026-08-31T19:14:03.0268530+07:00,2026/08/31 19:14:03.058, NVIDIA GeForce RTX 5060, 591.86, P5, 29, 0, 861, 8151, 14.80, 145.00, 210, 14001, 2, 8
2026-08-31T19:14:08.0915186+07:00,2026/08/31 19:14:08.122, NVIDIA GeForce RTX 5060, 591.86, P8, 29, 0, 861, 8151, 7.95, 145.00, 210, 405, 1, 8
2026-08-31T19:14:13.1238445+07:00,2026/08/31 19:14:13.155, NVIDIA GeForce RTX 5060, 591.86, P8, 29, 0, 861, 8151, 7.96, 145.00, 210, 405, 1, 8
2026-08-31T19:14:18.1563548+07:00,2026/08/31 19:14:18.187, NVIDIA GeForce RTX 5060, 591.86, P8, 29, 0, 861, 8151, 8.37, 145.00, 210, 405, 1, 8
2026-08-31T19:14:23.1915554+07:00,2026/08/31 19:14:23.222, NVIDIA GeForce RTX 5060, 591.86, P8, 28, 0, 861, 8151, 7.91, 145.00, 210, 405, 1, 8
2026-08-31T19:14:28.2385024+07:00,2026/08/31 19:14:28.269, NVIDIA GeForce RTX 5060, 591.86, P8, 28, 0, 861, 8151, 8.03, 145.00, 210, 405, 1, 8
2026-08-31T19:14:33.2724030+07:00,2026/08/31 19:14:33.303, NVIDIA GeForce RTX 5060, 591.86, P8, 28, 0, 861, 8151, 7.82, 145.00, 210, 405, 1, 8
2026-08-31T19:14:38.3365977+07:00,2026/08/31 19:14:38.367, NVIDIA GeForce RTX 5060, 591.86, P8, 28, 0, 861, 8151, 7.98, 145.00, 210, 405, 1, 8
2026-08-31T19:14:43.3711236+07:00,2026/08/31 19:14:43.402, NVIDIA GeForce RTX 5060, 591.86, P1, 29, 0, 861, 8151, 11.98, 145.00, 210, 14001, 4, 8
2026-08-31T19:14:48.4034240+07:00,2026/08/31 19:14:48.434, NVIDIA GeForce RTX 5060, 591.86, P3, 29, 0, 861, 8151, 14.76, 145.00, 210, 7001, 4, 8
2026-08-31T19:14:53.4377785+07:00,2026/08/31 19:14:53.469, NVIDIA GeForce RTX 5060, 591.86, P3, 29, 0, 861, 8151, 14.83, 145.00, 210, 14001, 2, 8
2026-08-31T19:14:58.4697010+07:00,2026/08/31 19:14:58.501, NVIDIA GeForce RTX 5060, 591.86, P8, 28, 0, 861, 8151, 7.98, 145.00, 210, 405, 1, 8
2026-08-31T19:15:03.5036238+07:00,2026/08/31 19:15:03.534, NVIDIA GeForce RTX 5060, 591.86, P8, 28, 0, 861, 8151, 7.98, 145.00, 210, 405, 1, 8
2026-08-31T19:15:08.5673173+07:00,2026/08/31 19:15:08.599, NVIDIA GeForce RTX 5060, 591.86, P8, 28, 0, 861, 8151, 7.99, 145.00, 210, 405, 1, 8
2026-08-31T19:15:13.6015096+07:00,2026/08/31 19:15:13.632, NVIDIA GeForce RTX 5060, 591.86, P8, 28, 0, 861, 8151, 7.88, 145.00, 210, 405, 1, 8
2026-08-31T19:15:18.6489782+07:00,2026/08/31 19:15:18.680, NVIDIA GeForce RTX 5060, 591.86, P8, 28, 0, 864, 8151, 8.44, 145.00, 210, 405, 1, 8
2026-08-31T19:15:23.6835894+07:00,2026/08/31 19:15:23.714, NVIDIA GeForce RTX 5060, 591.86, P1, 28, 0, 864, 8151, 7.96, 145.00, 210, 405, 4, 8
2026-08-31T19:15:28.7311259+07:00,2026/08/31 19:15:28.762, NVIDIA GeForce RTX 5060, 591.86, P8, 28, 0, 864, 8151, 8.13, 145.00, 210, 810, 1, 8
2026-08-31T19:15:33.7640460+07:00,2026/08/31 19:15:33.796, NVIDIA GeForce RTX 5060, 591.86, P8, 28, 0, 864, 8151, 7.96, 145.00, 210, 405, 1, 8
2026-08-31T19:15:38.8286857+07:00,2026/08/31 19:15:38.859, NVIDIA GeForce RTX 5060, 591.86, P8, 28, 0, 864, 8151, 8.10, 145.00, 210, 405, 1, 8
2026-08-31T19:15:43.8747070+07:00,2026/08/31 19:15:43.910, NVIDIA GeForce RTX 5060, 591.86, P8, 28, 0, 864, 8151, 8.03, 145.00, 210, 405, 1, 8
2026-08-31T19:15:48.9257389+07:00,2026/08/31 19:15:48.957, NVIDIA GeForce RTX 5060, 591.86, P8, 28, 0, 864, 8151, 7.97, 145.00, 210, 405, 1, 8
2026-08-31T19:15:53.9753375+07:00,2026/08/31 19:15:54.006, NVIDIA GeForce RTX 5060, 591.86, P8, 28, 0, 864, 8151, 8.03, 145.00, 210, 405, 1, 8
2026-08-31T19:15:59.0083555+07:00,2026/08/31 19:15:59.039, NVIDIA GeForce RTX 5060, 591.86, P8, 28, 0, 864, 8151, 7.89, 145.00, 210, 405, 1, 8
2026-08-31T19:16:04.0412826+07:00,2026/08/31 19:16:04.072, NVIDIA GeForce RTX 5060, 591.86, P1, 29, 0, 864, 8151, 9.27, 145.00, 210, 14001, 4, 8
2026-08-31T19:16:09.1079095+07:00,2026/08/31 19:16:09.139, NVIDIA GeForce RTX 5060, 591.86, P8, 28, 0, 864, 8151, 8.00, 145.00, 210, 405, 1, 8
2026-08-31T19:16:14.1546126+07:00,2026/08/31 19:16:14.186, NVIDIA GeForce RTX 5060, 591.86, P5, 28, 0, 864, 8151, 8.24, 145.00, 210, 810, 2, 8
2026-08-31T19:16:19.1918183+07:00,2026/08/31 19:16:19.226, NVIDIA GeForce RTX 5060, 591.86, P8, 29, 4, 934, 8151, 10.65, 145.00, 345, 405, 1, 8
2026-08-31T19:16:24.2376092+07:00,2026/08/31 19:16:24.275, NVIDIA GeForce RTX 5060, 591.86, P8, 29, 1, 804, 8151, 10.47, 145.00, 660, 405, 1, 8
2026-08-31T19:16:29.2912472+07:00,2026/08/31 19:16:29.323, NVIDIA GeForce RTX 5060, 591.86, P8, 28, 0, 770, 8151, 10.36, 145.00, 210, 405, 1, 8
2026-08-31T19:16:34.3374867+07:00,2026/08/31 19:16:34.368, NVIDIA GeForce RTX 5060, 591.86, P8, 28, 0, 807, 8151, 9.27, 145.00, 232, 405, 1, 8
2026-08-31T19:16:39.4388883+07:00,2026/08/31 19:16:39.470, NVIDIA GeForce RTX 5060, 591.86, P5, 29, 15, 863, 8151, 10.62, 145.00, 907, 810, 2, 8
2026-08-31T19:16:44.4908811+07:00,2026/08/31 19:16:44.523, NVIDIA GeForce RTX 5060, 591.86, P8, 28, 0, 851, 8151, 8.75, 145.00, 255, 405, 1, 8
2026-08-31T19:16:49.5245240+07:00,2026/08/31 19:16:49.557, NVIDIA GeForce RTX 5060, 591.86, P8, 28, 2, 852, 8151, 8.49, 145.00, 292, 405, 1, 8
2026-08-31T19:16:54.5743518+07:00,2026/08/31 19:16:54.607, NVIDIA GeForce RTX 5060, 591.86, P8, 28, 0, 858, 8151, 9.41, 145.00, 210, 405, 1, 8
2026-08-31T19:16:59.6152713+07:00,2026/08/31 19:16:59.647, NVIDIA GeForce RTX 5060, 591.86, P5, 29, 15, 786, 8151, 10.98, 145.00, 735, 810, 2, 8
2026-08-31T19:17:04.6571063+07:00,2026/08/31 19:17:04.691, NVIDIA GeForce RTX 5060, 591.86, P8, 28, 0, 807, 8151, 8.63, 145.00, 315, 405, 1, 8
2026-08-31T19:17:09.7727809+07:00,2026/08/31 19:17:09.806, NVIDIA GeForce RTX 5060, 591.86, P8, 29, 10, 839, 8151, 12.62, 145.00, 735, 405, 2, 8
2026-08-31T19:17:14.8231886+07:00,2026/08/31 19:17:14.854, NVIDIA GeForce RTX 5060, 591.86, P8, 29, 3, 840, 8151, 10.85, 145.00, 255, 405, 1, 8
2026-08-31T19:17:19.8738951+07:00,2026/08/31 19:17:19.906, NVIDIA GeForce RTX 5060, 591.86, P8, 29, 19, 814, 8151, 12.02, 145.00, 825, 405, 2, 8
2026-08-31T19:17:24.9217893+07:00,2026/08/31 19:17:24.953, NVIDIA GeForce RTX 5060, 591.86, P8, 29, 0, 812, 8151, 8.43, 145.00, 255, 405, 1, 8
2026-08-31T19:17:29.9550174+07:00,2026/08/31 19:17:29.983, NVIDIA GeForce RTX 5060, 591.86, P8, 29, 0, 785, 8151, 8.37, 145.00, 270, 405, 1, 8
2026-08-31T19:17:35.0036795+07:00,2026/08/31 19:17:35.035, NVIDIA GeForce RTX 5060, 591.86, P8, 29, 0, 792, 8151, 10.46, 145.00, 210, 405, 1, 8
2026-08-31T19:17:40.1211720+07:00,2026/08/31 19:17:40.159, NVIDIA GeForce RTX 5060, 591.86, P5, 29, 11, 823, 8151, 14.59, 145.00, 1057, 810, 2, 8
2026-08-31T19:17:45.1867059+07:00,2026/08/31 19:17:45.218, NVIDIA GeForce RTX 5060, 591.86, P8, 29, 4, 815, 8151, 9.24, 145.00, 555, 405, 1, 8
2026-08-31T19:17:50.2320879+07:00,2026/08/31 19:17:50.263, NVIDIA GeForce RTX 5060, 591.86, P8, 29, 9, 799, 8151, 10.20, 145.00, 210, 405, 1, 8
2026-08-31T19:17:55.2729576+07:00,2026/08/31 19:17:55.339, NVIDIA GeForce RTX 5060, 591.86, P5, 29, 0, 801, 8151, 11.18, 145.00, 735, 810, 2, 8
2026-08-31T19:18:00.3530496+07:00,2026/08/31 19:18:00.384, NVIDIA GeForce RTX 5060, 591.86, P5, 29, 9, 812, 8151, 13.88, 145.00, 847, 810, 2, 8
2026-08-31T19:18:05.3876307+07:00,2026/08/31 19:18:05.420, NVIDIA GeForce RTX 5060, 591.86, P8, 29, 2, 815, 8151, 10.40, 145.00, 412, 405, 1, 8
2026-08-31T19:18:10.4951409+07:00,2026/08/31 19:18:10.526, NVIDIA GeForce RTX 5060, 591.86, P8, 29, 0, 799, 8151, 8.86, 145.00, 232, 405, 1, 8
2026-08-31T19:18:15.5353238+07:00,2026/08/31 19:18:15.568, NVIDIA GeForce RTX 5060, 591.86, P8, 29, 2, 805, 8151, 8.71, 145.00, 202, 405, 1, 8
2026-08-31T19:18:20.5854676+07:00,2026/08/31 19:18:20.619, NVIDIA GeForce RTX 5060, 591.86, P8, 29, 0, 797, 8151, 8.61, 145.00, 210, 405, 1, 8
2026-08-31T19:18:25.6291757+07:00,2026/08/31 19:18:25.660, NVIDIA GeForce RTX 5060, 591.86, P8, 29, 2, 789, 8151, 8.91, 145.00, 262, 405, 1, 8
2026-08-31T19:18:30.6693568+07:00,2026/08/31 19:18:30.700, NVIDIA GeForce RTX 5060, 591.86, P8, 29, 1, 789, 8151, 8.85, 145.00, 270, 405, 1, 8
2026-08-31T19:18:35.7147181+07:00,2026/08/31 19:18:35.751, NVIDIA GeForce RTX 5060, 591.86, P8, 29, 0, 789, 8151, 8.96, 145.00, 262, 405, 1, 8
2026-08-31T19:18:40.8003025+07:00,2026/08/31 19:18:40.834, NVIDIA GeForce RTX 5060, 591.86, P8, 28, 2, 799, 8151, 8.97, 145.00, 262, 405, 1, 8
2026-08-31T19:18:45.8461816+07:00,2026/08/31 19:18:45.878, NVIDIA GeForce RTX 5060, 591.86, P8, 28, 0, 799, 8151, 8.57, 145.00, 210, 405, 1, 8
2026-08-31T19:18:50.8872264+07:00,2026/08/31 19:18:50.918, NVIDIA GeForce RTX 5060, 591.86, P8, 28, 0, 799, 8151, 9.13, 145.00, 315, 405, 1, 8
2026-08-31T19:18:55.9344769+07:00,2026/08/31 19:18:55.967, NVIDIA GeForce RTX 5060, 591.86, P8, 29, 4, 804, 8151, 9.70, 145.00, 562, 405, 1, 8
2026-08-31T19:19:00.9828511+07:00,2026/08/31 19:19:01.016, NVIDIA GeForce RTX 5060, 591.86, P0, 30, 0, 833, 8151, 22.19, 145.00, 2512, 14201, 4, 8
2026-08-31T19:19:06.0324355+07:00,2026/08/31 19:19:06.065, NVIDIA GeForce RTX 5060, 591.86, P8, 29, 0, 835, 8151, 9.10, 145.00, 262, 405, 1, 8
2026-08-31T19:19:11.1336061+07:00,2026/08/31 19:19:11.166, NVIDIA GeForce RTX 5060, 591.86, P8, 29, 0, 809, 8151, 8.86, 145.00, 232, 405, 1, 8
2026-08-31T19:19:16.1791352+07:00,2026/08/31 19:19:16.210, NVIDIA GeForce RTX 5060, 591.86, P8, 28, 0, 822, 8151, 8.22, 145.00, 210, 405, 1, 8
2026-08-31T19:19:21.2149157+07:00,2026/08/31 19:19:21.238, NVIDIA GeForce RTX 5060, 591.86, P8, 29, 0, 838, 8151, 8.69, 145.00, 210, 405, 1, 8
2026-08-31T19:19:26.2599585+07:00,2026/08/31 19:19:26.291, NVIDIA GeForce RTX 5060, 591.86, P8, 29, 0, 797, 8151, 8.95, 145.00, 367, 405, 1, 8
2026-08-31T19:19:31.2944938+07:00,2026/08/31 19:19:31.325, NVIDIA GeForce RTX 5060, 591.86, P0, 30, 0, 857, 8151, 22.06, 145.00, 2527, 14201, 4, 8
2026-08-31T19:19:36.3275651+07:00,2026/08/31 19:19:36.358, NVIDIA GeForce RTX 5060, 591.86, P8, 29, 0, 852, 8151, 9.06, 145.00, 255, 405, 1, 8
2026-08-31T19:19:41.4147731+07:00,2026/08/31 19:19:41.448, NVIDIA GeForce RTX 5060, 591.86, P8, 29, 1, 843, 8151, 8.70, 145.00, 255, 405, 1, 8
2026-08-31T19:19:46.4561497+07:00,2026/08/31 19:19:46.487, NVIDIA GeForce RTX 5060, 591.86, P8, 29, 0, 852, 8151, 8.79, 145.00, 232, 405, 1, 8
2026-08-31T19:19:51.4950415+07:00,2026/08/31 19:19:51.527, NVIDIA GeForce RTX 5060, 591.86, P8, 29, 1, 935, 8151, 9.74, 145.00, 442, 405, 1, 8
2026-08-31T19:19:56.5471145+07:00,2026/08/31 19:19:56.580, NVIDIA GeForce RTX 5060, 591.86, P5, 29, 0, 840, 8151, 16.48, 145.00, 697, 810, 2, 8
2026-08-31T19:20:01.5820102+07:00,2026/08/31 19:20:01.631, NVIDIA GeForce RTX 5060, 591.86, P8, 29, 0, 840, 8151, 9.91, 145.00, 210, 405, 1, 8
2026-08-31T19:20:06.6470228+07:00,2026/08/31 19:20:06.680, NVIDIA GeForce RTX 5060, 591.86, P5, 29, 5, 870, 8151, 10.92, 145.00, 570, 810, 1, 8
2026-08-31T19:20:11.7473156+07:00,2026/08/31 19:20:11.775, NVIDIA GeForce RTX 5060, 591.86, P8, 29, 0, 852, 8151, 8.55, 145.00, 202, 405, 1, 8
2026-08-31T19:20:16.7949648+07:00,2026/08/31 19:20:16.844, NVIDIA GeForce RTX 5060, 591.86, P8, 29, 0, 854, 8151, 8.73, 145.00, 225, 405, 1, 8
2026-08-31T19:20:21.8459191+07:00,2026/08/31 19:20:21.879, NVIDIA GeForce RTX 5060, 591.86, P8, 29, 10, 873, 8151, 10.08, 145.00, 750, 405, 1, 8
2026-08-31T19:20:26.8951078+07:00,2026/08/31 19:20:26.926, NVIDIA GeForce RTX 5060, 591.86, P5, 29, 0, 866, 8151, 12.07, 145.00, 532, 810, 1, 8
2026-08-31T19:20:31.9283531+07:00,2026/08/31 19:20:31.961, NVIDIA GeForce RTX 5060, 591.86, P8, 29, 0, 888, 8151, 8.22, 145.00, 210, 405, 1, 8
2026-08-31T19:20:36.9630582+07:00,2026/08/31 19:20:37.012, NVIDIA GeForce RTX 5060, 591.86, P8, 29, 0, 876, 8151, 11.34, 145.00, 300, 405, 1, 8
2026-08-31T19:20:42.0881972+07:00,2026/08/31 19:20:42.119, NVIDIA GeForce RTX 5060, 591.86, P8, 29, 1, 877, 8151, 10.54, 145.00, 240, 405, 1, 8
2026-08-31T19:20:47.1202035+07:00,2026/08/31 19:20:47.151, NVIDIA GeForce RTX 5060, 591.86, P8, 29, 1, 877, 8151, 8.45, 145.00, 232, 405, 1, 8
2026-08-31T19:20:52.1534443+07:00,2026/08/31 19:20:52.184, NVIDIA GeForce RTX 5060, 591.86, P8, 29, 1, 877, 8151, 9.33, 145.00, 420, 405, 1, 8
2026-08-31T19:20:57.1883491+07:00,2026/08/31 19:20:57.219, NVIDIA GeForce RTX 5060, 591.86, P8, 29, 2, 875, 8151, 8.75, 145.00, 397, 405, 1, 8
2026-08-31T19:21:02.2230992+07:00,2026/08/31 19:21:02.254, NVIDIA GeForce RTX 5060, 591.86, P8, 29, 0, 873, 8151, 8.52, 145.00, 210, 405, 1, 8
2026-08-31T19:21:07.2758041+07:00,2026/08/31 19:21:07.307, NVIDIA GeForce RTX 5060, 591.86, P3, 29, 0, 873, 8151, 16.24, 145.00, 472, 7001, 2, 8
2026-08-31T19:21:12.3773276+07:00,2026/08/31 19:21:12.406, NVIDIA GeForce RTX 5060, 591.86, P8, 29, 0, 869, 8151, 8.63, 145.00, 232, 405, 1, 8
2026-08-31T19:21:17.4228391+07:00,2026/08/31 19:21:17.454, NVIDIA GeForce RTX 5060, 591.86, P8, 29, 0, 850, 8151, 8.90, 145.00, 412, 405, 1, 8
2026-08-31T19:21:22.4640640+07:00,2026/08/31 19:21:22.492, NVIDIA GeForce RTX 5060, 591.86, P8, 29, 0, 852, 8151, 8.28, 145.00, 262, 405, 1, 8
2026-08-31T19:21:27.5098695+07:00,2026/08/31 19:21:27.543, NVIDIA GeForce RTX 5060, 591.86, P8, 29, 16, 857, 8151, 10.61, 145.00, 615, 405, 2, 8
2026-08-31T19:21:32.5584599+07:00,2026/08/31 19:21:32.589, NVIDIA GeForce RTX 5060, 591.86, P5, 29, 5, 849, 8151, 12.69, 145.00, 682, 810, 1, 8
2026-08-31T19:21:37.6056805+07:00,2026/08/31 19:21:37.656, NVIDIA GeForce RTX 5060, 591.86, P8, 29, 0, 854, 8151, 8.29, 145.00, 210, 405, 1, 8
2026-08-31T19:21:42.7229738+07:00,2026/08/31 19:21:42.754, NVIDIA GeForce RTX 5060, 591.86, P1, 29, 2, 965, 8151, 10.49, 145.00, 735, 14001, 4, 8
2026-08-31T19:21:47.7589544+07:00,2026/08/31 19:21:47.791, NVIDIA GeForce RTX 5060, 591.86, P1, 30, 0, 989, 8151, 22.60, 145.00, 2520, 14001, 4, 8
2026-08-31T19:21:52.7979649+07:00,2026/08/31 19:21:52.829, NVIDIA GeForce RTX 5060, 591.86, P5, 29, 0, 1112, 8151, 11.07, 145.00, 525, 810, 2, 8
2026-08-31T19:21:57.8325314+07:00,2026/08/31 19:21:57.864, NVIDIA GeForce RTX 5060, 591.86, P3, 29, 1, 1590, 8151, 16.03, 145.00, 1912, 7001, 4, 8
2026-08-31T19:22:02.8764842+07:00,2026/08/31 19:22:02.908, NVIDIA GeForce RTX 5060, 591.86, P5, 29, 2, 2035, 8151, 9.58, 145.00, 465, 810, 2, 8
2026-08-31T19:22:07.9231202+07:00,2026/08/31 19:22:07.954, NVIDIA GeForce RTX 5060, 591.86, P3, 30, 1, 2086, 8151, 23.64, 145.00, 1957, 7001, 4, 8
2026-08-31T19:22:13.0330640+07:00,2026/08/31 19:22:13.064, NVIDIA GeForce RTX 5060, 591.86, P3, 32, 8, 2081, 8151, 28.64, 145.00, 1425, 7001, 4, 8
2026-08-31T19:22:18.0782720+07:00,2026/08/31 19:22:18.109, NVIDIA GeForce RTX 5060, 591.86, P3, 33, 13, 2123, 8151, 28.59, 145.00, 2707, 7001, 4, 8
2026-08-31T19:22:23.1102068+07:00,2026/08/31 19:22:23.141, NVIDIA GeForce RTX 5060, 591.86, P5, 30, 0, 2115, 8151, 12.20, 145.00, 682, 810, 2, 8
2026-08-31T19:22:28.1542441+07:00,2026/08/31 19:22:28.185, NVIDIA GeForce RTX 5060, 591.86, P3, 33, 2, 2143, 8151, 27.96, 145.00, 2895, 7001, 4, 8
2026-08-31T19:22:33.1909370+07:00,2026/08/31 19:22:33.222, NVIDIA GeForce RTX 5060, 591.86, P3, 34, 19, 2139, 8151, 18.92, 145.00, 2235, 7001, 4, 8
2026-08-31T19:22:38.2360930+07:00,2026/08/31 19:22:38.282, NVIDIA GeForce RTX 5060, 591.86, P1, 33, 2, 2141, 8151, 33.35, 145.00, 2910, 14001, 4, 8
2026-08-31T19:22:43.3580238+07:00,2026/08/31 19:22:43.389, NVIDIA GeForce RTX 5060, 591.86, P5, 30, 0, 2137, 8151, 12.85, 145.00, 952, 810, 2, 8
2026-08-31T19:22:48.3932376+07:00,2026/08/31 19:22:48.425, NVIDIA GeForce RTX 5060, 591.86, P8, 30, 0, 2164, 8151, 8.74, 145.00, 300, 405, 1, 8
2026-08-31T19:22:53.4286229+07:00,2026/08/31 19:22:53.460, NVIDIA GeForce RTX 5060, 591.86, P8, 30, 0, 1283, 8151, 9.03, 145.00, 247, 405, 1, 8
2026-08-31T19:22:58.4697413+07:00,2026/08/31 19:22:58.500, NVIDIA GeForce RTX 5060, 591.86, P8, 30, 0, 1283, 8151, 8.45, 145.00, 232, 405, 1, 8
2026-08-31T19:23:03.5075659+07:00,2026/08/31 19:23:03.539, NVIDIA GeForce RTX 5060, 591.86, P8, 30, 0, 1255, 8151, 8.48, 145.00, 240, 405, 1, 8
2026-08-31T19:23:08.5446104+07:00,2026/08/31 19:23:08.575, NVIDIA GeForce RTX 5060, 591.86, P8, 30, 0, 1255, 8151, 8.36, 145.00, 232, 405, 1, 8
2026-08-31T19:23:13.6462663+07:00,2026/08/31 19:23:13.677, NVIDIA GeForce RTX 5060, 591.86, P8, 29, 0, 1255, 8151, 8.35, 145.00, 240, 405, 1, 8
2026-08-31T19:23:18.6817748+07:00,2026/08/31 19:23:18.712, NVIDIA GeForce RTX 5060, 591.86, P8, 29, 0, 1255, 8151, 8.48, 145.00, 232, 405, 1, 8
2026-08-31T19:23:23.7170492+07:00,2026/08/31 19:23:23.748, NVIDIA GeForce RTX 5060, 591.86, P8, 29, 1, 1255, 8151, 8.70, 145.00, 240, 405, 1, 8
2026-08-31T19:23:28.7548354+07:00,2026/08/31 19:23:28.786, NVIDIA GeForce RTX 5060, 591.86, P8, 29, 0, 1255, 8151, 8.50, 145.00, 225, 405, 1, 8
2026-08-31T19:23:33.7906813+07:00,2026/08/31 19:23:33.821, NVIDIA GeForce RTX 5060, 591.86, P8, 29, 1, 1255, 8151, 8.60, 145.00, 232, 405, 1, 8
2026-08-31T19:23:38.8353960+07:00,2026/08/31 19:23:38.866, NVIDIA GeForce RTX 5060, 591.86, P8, 29, 0, 1255, 8151, 8.59, 145.00, 210, 405, 1, 8
2026-08-31T19:23:43.9359702+07:00,2026/08/31 19:23:43.969, NVIDIA GeForce RTX 5060, 591.86, P8, 29, 0, 1284, 8151, 10.65, 145.00, 247, 405, 1, 8
2026-08-31T19:23:48.9842952+07:00,2026/08/31 19:23:49.017, NVIDIA GeForce RTX 5060, 591.86, P8, 29, 0, 1302, 8151, 8.80, 145.00, 262, 405, 1, 8
2026-08-31T19:23:54.0187416+07:00,2026/08/31 19:23:54.049, NVIDIA GeForce RTX 5060, 591.86, P8, 29, 0, 1266, 8151, 8.47, 145.00, 210, 405, 1, 8
2026-08-31T19:23:59.0750744+07:00,2026/08/31 19:23:59.106, NVIDIA GeForce RTX 5060, 591.86, P8, 29, 1, 1285, 8151, 8.82, 145.00, 285, 405, 1, 8
2026-08-31T19:24:04.1189710+07:00,2026/08/31 19:24:04.149, NVIDIA GeForce RTX 5060, 591.86, P3, 29, 0, 1501, 8151, 13.90, 145.00, 1080, 7001, 4, 8
2026-08-31T19:24:09.1622349+07:00,2026/08/31 19:24:09.200, NVIDIA GeForce RTX 5060, 591.86, P8, 30, 12, 1330, 8151, 11.95, 145.00, 660, 405, 1, 8
2026-08-31T19:24:14.2708947+07:00,2026/08/31 19:24:14.301, NVIDIA GeForce RTX 5060, 591.86, P5, 29, 1, 1485, 8151, 10.69, 145.00, 457, 810, 1, 8
2026-08-31T19:24:19.3106812+07:00,2026/08/31 19:24:19.342, NVIDIA GeForce RTX 5060, 591.86, P8, 29, 0, 1321, 8151, 8.42, 145.00, 210, 405, 1, 8
2026-08-31T19:24:24.3505897+07:00,2026/08/31 19:24:24.382, NVIDIA GeForce RTX 5060, 591.86, P8, 29, 4, 1271, 8151, 9.74, 145.00, 690, 405, 1, 8
2026-08-31T19:24:29.3908728+07:00,2026/08/31 19:24:29.416, NVIDIA GeForce RTX 5060, 591.86, P8, 29, 0, 1326, 8151, 8.36, 145.00, 225, 405, 1, 8
2026-08-31T19:24:34.4329963+07:00,2026/08/31 19:24:34.464, NVIDIA GeForce RTX 5060, 591.86, P8, 29, 10, 1313, 8151, 8.48, 145.00, 210, 405, 1, 8
2026-08-31T19:24:39.4806934+07:00,2026/08/31 19:24:39.511, NVIDIA GeForce RTX 5060, 591.86, P8, 29, 0, 1310, 8151, 8.03, 145.00, 210, 405, 1, 8
2026-08-31T19:24:44.5904340+07:00,2026/08/31 19:24:44.623, NVIDIA GeForce RTX 5060, 591.86, P0, 30, 1, 773, 8151, 23.58, 145.00, 2550, 14201, 4, 8
2026-08-31T19:24:49.6487807+07:00,2026/08/31 19:24:49.679, NVIDIA GeForce RTX 5060, 591.86, P8, 29, 0, 660, 8151, 8.69, 145.00, 217, 405, 1, 8
2026-08-31T19:24:54.6853602+07:00,2026/08/31 19:24:54.717, NVIDIA GeForce RTX 5060, 591.86, P8, 29, 0, 660, 8151, 8.47, 145.00, 240, 405, 1, 8
2026-08-31T19:24:59.7201409+07:00,2026/08/31 19:24:59.751, NVIDIA GeForce RTX 5060, 591.86, P8, 29, 0, 660, 8151, 7.91, 145.00, 210, 405, 1, 8
2026-08-31T19:25:04.7571273+07:00,2026/08/31 19:25:04.788, NVIDIA GeForce RTX 5060, 591.86, P8, 29, 0, 660, 8151, 8.31, 145.00, 210, 405, 1, 8
2026-08-31T19:25:09.7920103+07:00,2026/08/31 19:25:09.823, NVIDIA GeForce RTX 5060, 591.86, P8, 29, 0, 660, 8151, 7.89, 145.00, 210, 405, 1, 8
2026-08-31T19:25:14.8927435+07:00,2026/08/31 19:25:14.923, NVIDIA GeForce RTX 5060, 591.86, P8, 29, 0, 660, 8151, 7.89, 145.00, 210, 405, 1, 8
2026-08-31T19:25:19.9294273+07:00,2026/08/31 19:25:19.960, NVIDIA GeForce RTX 5060, 591.86, P8, 29, 0, 660, 8151, 7.82, 145.00, 210, 405, 1, 8
2026-08-31T19:25:24.9659712+07:00,2026/08/31 19:25:24.997, NVIDIA GeForce RTX 5060, 591.86, P8, 29, 0, 660, 8151, 8.11, 145.00, 240, 405, 1, 8
2026-08-31T19:25:30.0031662+07:00,2026/08/31 19:25:30.034, NVIDIA GeForce RTX 5060, 591.86, P8, 29, 0, 660, 8151, 7.83, 145.00, 210, 405, 1, 8
2026-08-31T19:25:35.0388360+07:00,2026/08/31 19:25:35.070, NVIDIA GeForce RTX 5060, 591.86, P8, 28, 0, 660, 8151, 7.74, 145.00, 210, 405, 1, 8
2026-08-31T19:25:40.0735495+07:00,2026/08/31 19:25:40.104, NVIDIA GeForce RTX 5060, 591.86, P8, 28, 0, 660, 8151, 7.91, 145.00, 210, 405, 1, 8
2026-08-31T19:25:45.1719144+07:00,2026/08/31 19:25:45.218, NVIDIA GeForce RTX 5060, 591.86, P8, 28, 0, 660, 8151, 7.93, 145.00, 210, 405, 1, 8
2026-08-31T19:25:50.2230694+07:00,2026/08/31 19:25:50.254, NVIDIA GeForce RTX 5060, 591.86, P8, 28, 0, 660, 8151, 7.74, 145.00, 210, 405, 1, 8
2026-08-31T19:25:55.2597722+07:00,2026/08/31 19:25:55.291, NVIDIA GeForce RTX 5060, 591.86, P8, 28, 0, 660, 8151, 7.95, 145.00, 210, 405, 1, 8
2026-08-31T19:26:00.2953742+07:00,2026/08/31 19:26:00.326, NVIDIA GeForce RTX 5060, 591.86, P8, 28, 0, 660, 8151, 7.87, 145.00, 210, 405, 1, 8
2026-08-31T19:26:05.3300430+07:00,2026/08/31 19:26:05.361, NVIDIA GeForce RTX 5060, 591.86, P8, 28, 0, 660, 8151, 7.79, 145.00, 210, 405, 1, 8
2026-08-31T19:26:10.3653174+07:00,2026/08/31 19:26:10.396, NVIDIA GeForce RTX 5060, 591.86, P8, 28, 0, 660, 8151, 7.74, 145.00, 210, 405, 1, 8
2026-08-31T19:26:15.4484311+07:00,2026/08/31 19:26:15.479, NVIDIA GeForce RTX 5060, 591.86, P8, 28, 0, 660, 8151, 7.72, 145.00, 210, 405, 1, 8
2026-08-31T19:26:20.4816027+07:00,2026/08/31 19:26:20.512, NVIDIA GeForce RTX 5060, 591.86, P8, 28, 0, 660, 8151, 7.75, 145.00, 210, 405, 1, 8
2026-08-31T19:26:25.5146522+07:00,2026/08/31 19:26:25.545, NVIDIA GeForce RTX 5060, 591.86, P8, 28, 0, 660, 8151, 7.75, 145.00, 210, 405, 1, 8
2026-08-31T19:26:30.5470183+07:00,2026/08/31 19:26:30.578, NVIDIA GeForce RTX 5060, 591.86, P8, 28, 0, 660, 8151, 7.85, 145.00, 210, 405, 1, 8
2026-08-31T19:26:35.5801997+07:00,2026/08/31 19:26:35.611, NVIDIA GeForce RTX 5060, 591.86, P8, 28, 0, 660, 8151, 7.75, 145.00, 210, 405, 1, 8
2026-08-31T19:26:40.6137884+07:00,2026/08/31 19:26:40.645, NVIDIA GeForce RTX 5060, 591.86, P8, 28, 0, 660, 8151, 7.82, 145.00, 210, 405, 1, 8
2026-08-31T19:26:45.7114630+07:00,2026/08/31 19:26:45.742, NVIDIA GeForce RTX 5060, 591.86, P0, 30, 0, 660, 8151, 22.43, 145.00, 2520, 14201, 4, 8
2026-08-31T19:26:50.7459925+07:00,2026/08/31 19:26:50.778, NVIDIA GeForce RTX 5060, 591.86, P8, 28, 0, 660, 8151, 8.02, 145.00, 210, 405, 1, 8
2026-08-31T19:26:55.7814673+07:00,2026/08/31 19:26:55.812, NVIDIA GeForce RTX 5060, 591.86, P8, 28, 0, 660, 8151, 7.82, 145.00, 210, 405, 1, 8
2026-08-31T19:27:00.8184931+07:00,2026/08/31 19:27:00.849, NVIDIA GeForce RTX 5060, 591.86, P8, 28, 0, 660, 8151, 7.89, 145.00, 210, 405, 1, 8
2026-08-31T19:27:05.8535923+07:00,2026/08/31 19:27:05.884, NVIDIA GeForce RTX 5060, 591.86, P8, 28, 0, 660, 8151, 7.99, 145.00, 210, 405, 1, 8
2026-08-31T19:27:10.8900811+07:00,2026/08/31 19:27:10.921, NVIDIA GeForce RTX 5060, 591.86, P8, 28, 0, 660, 8151, 7.97, 145.00, 210, 405, 1, 8
2026-08-31T19:27:15.9885329+07:00,2026/08/31 19:27:16.019, NVIDIA GeForce RTX 5060, 591.86, P8, 28, 0, 660, 8151, 7.95, 145.00, 210, 405, 1, 8
2026-08-31T19:27:21.0251797+07:00,2026/08/31 19:27:21.056, NVIDIA GeForce RTX 5060, 591.86, P8, 28, 0, 660, 8151, 8.06, 145.00, 210, 405, 1, 8
2026-08-31T19:27:26.0613317+07:00,2026/08/31 19:27:26.092, NVIDIA GeForce RTX 5060, 591.86, P8, 28, 0, 660, 8151, 7.81, 145.00, 210, 405, 1, 8
2026-08-31T19:27:31.0950261+07:00,2026/08/31 19:27:31.126, NVIDIA GeForce RTX 5060, 591.86, P8, 28, 0, 660, 8151, 7.85, 145.00, 210, 405, 1, 8
2026-08-31T19:27:36.1296587+07:00,2026/08/31 19:27:36.160, NVIDIA GeForce RTX 5060, 591.86, P8, 28, 0, 660, 8151, 7.89, 145.00, 210, 405, 1, 8
2026-08-31T19:27:41.1649798+07:00,2026/08/31 19:27:41.196, NVIDIA GeForce RTX 5060, 591.86, P8, 28, 0, 660, 8151, 7.86, 145.00, 210, 405, 1, 8
2026-08-31T19:27:46.2641803+07:00,2026/08/31 19:27:46.295, NVIDIA GeForce RTX 5060, 591.86, P8, 28, 0, 660, 8151, 7.92, 145.00, 210, 405, 1, 8
2026-08-31T19:27:51.2986345+07:00,2026/08/31 19:27:51.330, NVIDIA GeForce RTX 5060, 591.86, P8, 28, 0, 660, 8151, 7.83, 145.00, 202, 405, 1, 8
2026-08-31T19:27:56.3333578+07:00,2026/08/31 19:27:56.364, NVIDIA GeForce RTX 5060, 591.86, P8, 28, 0, 660, 8151, 7.95, 145.00, 210, 405, 1, 8
2026-08-31T19:28:01.3694334+07:00,2026/08/31 19:28:01.400, NVIDIA GeForce RTX 5060, 591.86, P8, 28, 0, 660, 8151, 8.18, 145.00, 210, 405, 1, 8
2026-08-31T19:28:06.4060601+07:00,2026/08/31 19:28:06.437, NVIDIA GeForce RTX 5060, 591.86, P8, 28, 0, 660, 8151, 7.97, 145.00, 210, 405, 1, 8
2026-08-31T19:28:11.4436457+07:00,2026/08/31 19:28:11.474, NVIDIA GeForce RTX 5060, 591.86, P8, 28, 0, 660, 8151, 8.10, 145.00, 210, 405, 1, 8
2026-08-31T19:28:16.5393255+07:00,2026/08/31 19:28:16.570, NVIDIA GeForce RTX 5060, 591.86, P8, 28, 0, 660, 8151, 7.82, 145.00, 210, 405, 1, 8
2026-08-31T19:28:21.5741053+07:00,2026/08/31 19:28:21.605, NVIDIA GeForce RTX 5060, 591.86, P8, 28, 0, 660, 8151, 7.99, 145.00, 210, 405, 1, 8
2026-08-31T19:28:26.6069962+07:00,2026/08/31 19:28:26.638, NVIDIA GeForce RTX 5060, 591.86, P8, 28, 0, 660, 8151, 7.82, 145.00, 210, 405, 1, 8
2026-08-31T19:28:31.6396091+07:00,2026/08/31 19:28:31.670, NVIDIA GeForce RTX 5060, 591.86, P8, 28, 0, 660, 8151, 7.82, 145.00, 210, 405, 1, 8
2026-08-31T19:28:36.6873091+07:00,2026/08/31 19:28:36.718, NVIDIA GeForce RTX 5060, 591.86, P8, 28, 0, 660, 8151, 8.14, 145.00, 210, 405, 1, 8
2026-08-31T19:28:41.7280251+07:00,2026/08/31 19:28:41.759, NVIDIA GeForce RTX 5060, 591.86, P8, 28, 0, 660, 8151, 8.22, 145.00, 210, 405, 1, 8
2026-08-31T19:28:46.8036007+07:00,2026/08/31 19:28:46.835, NVIDIA GeForce RTX 5060, 591.86, P8, 28, 0, 660, 8151, 7.99, 145.00, 210, 405, 1, 8
2026-08-31T19:28:51.8383377+07:00,2026/08/31 19:28:51.869, NVIDIA GeForce RTX 5060, 591.86, P8, 28, 0, 660, 8151, 7.88, 145.00, 210, 405, 1, 8
2026-08-31T19:28:56.8759086+07:00,2026/08/31 19:28:56.907, NVIDIA GeForce RTX 5060, 591.86, P8, 28, 0, 660, 8151, 8.16, 145.00, 210, 405, 1, 8
2026-08-31T19:29:01.9189836+07:00,2026/08/31 19:29:01.950, NVIDIA GeForce RTX 5060, 591.86, P8, 28, 0, 660, 8151, 8.25, 145.00, 210, 405, 1, 8
2026-08-31T19:29:06.9523800+07:00,2026/08/31 19:29:06.983, NVIDIA GeForce RTX 5060, 591.86, P8, 28, 0, 660, 8151, 7.92, 145.00, 210, 405, 1, 8
2026-08-31T19:29:11.9840309+07:00,2026/08/31 19:29:12.015, NVIDIA GeForce RTX 5060, 591.86, P8, 28, 0, 660, 8151, 8.41, 145.00, 210, 405, 1, 8
2026-08-31T19:29:17.0798909+07:00,2026/08/31 19:29:17.127, NVIDIA GeForce RTX 5060, 591.86, P8, 28, 0, 660, 8151, 7.99, 145.00, 210, 405, 1, 8
2026-08-31T19:29:22.1314834+07:00,2026/08/31 19:29:22.163, NVIDIA GeForce RTX 5060, 591.86, P8, 28, 0, 660, 8151, 8.18, 145.00, 202, 405, 1, 8
2026-08-31T19:29:27.1705534+07:00,2026/08/31 19:29:27.202, NVIDIA GeForce RTX 5060, 591.86, P8, 28, 0, 660, 8151, 8.44, 145.00, 202, 405, 1, 8
2026-08-31T19:29:32.2033835+07:00,2026/08/31 19:29:32.234, NVIDIA GeForce RTX 5060, 591.86, P8, 28, 0, 660, 8151, 7.81, 145.00, 210, 405, 1, 8
