recorded_at,nvidia_timestamp,name,driver_version,pstate,temperature_c,gpu_util_percent,memory_used_mib,memory_total_mib,power_w,power_limit_w,graphics_clock_mhz,memory_clock_mhz,pcie_generation,pcie_width
2026-09-01T10:37:13.0622199+07:00,2026/09/01 10:37:13.124, NVIDIA GeForce RTX 5060, 591.86, P0, 31, 0, 244, 8151, 22.17, 145.00, 2557, 14201, 4, 8
2026-09-01T10:37:18.5787423+07:00,2026/09/01 10:37:18.614, NVIDIA GeForce RTX 5060, 591.86, P0, 31, 0, 280, 8151, 22.81, 145.00, 2550, 14201, 4, 8
2026-09-01T10:37:23.6249963+07:00,2026/09/01 10:37:23.658, NVIDIA GeForce RTX 5060, 591.86, P3, 31, 2, 510, 8151, 22.84, 145.00, 2580, 7001, 2, 8
2026-09-01T10:37:28.6821834+07:00,2026/09/01 10:37:28.713, NVIDIA GeForce RTX 5060, 591.86, P0, 32, 0, 442, 8151, 23.29, 145.00, 2550, 14201, 4, 8
2026-09-01T10:37:33.7272963+07:00,2026/09/01 10:37:33.758, NVIDIA GeForce RTX 5060, 591.86, P8, 31, 1, 405, 8151, 9.74, 145.00, 525, 405, 1, 8
2026-09-01T10:37:38.8100752+07:00,2026/09/01 10:37:38.841, NVIDIA GeForce RTX 5060, 591.86, P8, 30, 0, 378, 8151, 8.97, 145.00, 345, 405, 1, 8
2026-09-01T10:37:43.8754109+07:00,2026/09/01 10:37:43.906, NVIDIA GeForce RTX 5060, 591.86, P8, 30, 1, 344, 8151, 8.96, 145.00, 315, 405, 1, 8
2026-09-01T10:37:48.9681113+07:00,2026/09/01 10:37:48.999, NVIDIA GeForce RTX 5060, 591.86, P8, 30, 0, 344, 8151, 9.05, 145.00, 337, 405, 1, 8
2026-09-01T10:37:54.0153171+07:00,2026/09/01 10:37:54.046, NVIDIA GeForce RTX 5060, 591.86, P8, 30, 0, 345, 8151, 9.07, 145.00, 330, 405, 1, 8
2026-09-01T10:37:59.0628876+07:00,2026/09/01 10:37:59.093, NVIDIA GeForce RTX 5060, 591.86, P8, 30, 0, 342, 8151, 9.05, 145.00, 307, 405, 1, 8
2026-09-01T10:38:04.1119627+07:00,2026/09/01 10:38:04.142, NVIDIA GeForce RTX 5060, 591.86, P8, 30, 0, 342, 8151, 9.03, 145.00, 345, 405, 1, 8
2026-09-01T10:38:09.1610010+07:00,2026/09/01 10:38:09.192, NVIDIA GeForce RTX 5060, 591.86, P0, 32, 0, 438, 8151, 23.24, 145.00, 2557, 14201, 4, 8
2026-09-01T10:38:14.2089515+07:00,2026/09/01 10:38:14.239, NVIDIA GeForce RTX 5060, 591.86, P8, 30, 0, 427, 8151, 9.22, 145.00, 345, 405, 1, 8
2026-09-01T10:38:19.3004144+07:00,2026/09/01 10:38:19.331, NVIDIA GeForce RTX 5060, 591.86, P8, 30, 0, 427, 8151, 9.12, 145.00, 307, 405, 1, 8
2026-09-01T10:38:24.3423505+07:00,2026/09/01 10:38:24.373, NVIDIA GeForce RTX 5060, 591.86, P8, 30, 0, 427, 8151, 9.20, 145.00, 315, 405, 1, 8
2026-09-01T10:38:29.3899405+07:00,2026/09/01 10:38:29.420, NVIDIA GeForce RTX 5060, 591.86, P8, 30, 0, 452, 8151, 8.53, 145.00, 255, 405, 1, 8
2026-09-01T10:38:34.4432152+07:00,2026/09/01 10:38:34.474, NVIDIA GeForce RTX 5060, 591.86, P8, 30, 0, 461, 8151, 8.39, 145.00, 210, 405, 1, 8
2026-09-01T10:38:39.5119035+07:00,2026/09/01 10:38:39.542, NVIDIA GeForce RTX 5060, 591.86, P8, 30, 0, 461, 8151, 8.51, 145.00, 232, 405, 1, 8
2026-09-01T10:38:44.5631930+07:00,2026/09/01 10:38:44.594, NVIDIA GeForce RTX 5060, 591.86, P8, 30, 0, 461, 8151, 8.41, 145.00, 210, 405, 1, 8
2026-09-01T10:38:49.6755465+07:00,2026/09/01 10:38:49.706, NVIDIA GeForce RTX 5060, 591.86, P5, 31, 1, 562, 8151, 11.20, 145.00, 742, 810, 2, 8
2026-09-01T10:38:54.7264921+07:00,2026/09/01 10:38:54.757, NVIDIA GeForce RTX 5060, 591.86, P8, 30, 0, 532, 8151, 9.03, 145.00, 315, 405, 1, 8
2026-09-01T10:38:59.7791753+07:00,2026/09/01 10:38:59.810, NVIDIA GeForce RTX 5060, 591.86, P8, 30, 1, 540, 8151, 9.08, 145.00, 352, 405, 1, 8
2026-09-01T10:39:04.8300973+07:00,2026/09/01 10:39:04.860, NVIDIA GeForce RTX 5060, 591.86, P5, 30, 2, 541, 8151, 11.13, 145.00, 562, 810, 1, 8
2026-09-01T10:39:09.8818674+07:00,2026/09/01 10:39:09.912, NVIDIA GeForce RTX 5060, 591.86, P5, 31, 1, 513, 8151, 12.39, 145.00, 570, 810, 2, 8
2026-09-01T10:39:14.9375482+07:00,2026/09/01 10:39:14.980, NVIDIA GeForce RTX 5060, 591.86, P8, 31, 1, 513, 8151, 10.02, 145.00, 442, 405, 1, 8
2026-09-01T10:39:20.0939494+07:00,2026/09/01 10:39:20.125, NVIDIA GeForce RTX 5060, 591.86, P0, 32, 0, 514, 8151, 23.13, 145.00, 2527, 14201, 4, 8
2026-09-01T10:39:25.1464848+07:00,2026/09/01 10:39:25.177, NVIDIA GeForce RTX 5060, 591.86, P0, 32, 1, 515, 8151, 20.63, 145.00, 2550, 14201, 4, 8
2026-09-01T10:39:30.1990197+07:00,2026/09/01 10:39:30.230, NVIDIA GeForce RTX 5060, 591.86, P8, 31, 1, 515, 8151, 9.89, 145.00, 472, 405, 1, 8
2026-09-01T10:39:35.2517528+07:00,2026/09/01 10:39:35.282, NVIDIA GeForce RTX 5060, 591.86, P8, 31, 1, 516, 8151, 9.69, 145.00, 435, 405, 1, 8
2026-09-01T10:39:40.3049616+07:00,2026/09/01 10:39:40.335, NVIDIA GeForce RTX 5060, 591.86, P8, 31, 2, 540, 8151, 10.23, 145.00, 412, 405, 1, 8
2026-09-01T10:39:45.3617514+07:00,2026/09/01 10:39:45.434, NVIDIA GeForce RTX 5060, 591.86, P8, 31, 1, 530, 8151, 9.26, 145.00, 405, 405, 1, 8
2026-09-01T10:39:50.7039744+07:00,2026/09/01 10:39:50.734, NVIDIA GeForce RTX 5060, 591.86, P8, 31, 1, 516, 8151, 9.61, 145.00, 390, 405, 1, 8
2026-09-01T10:39:55.7546173+07:00,2026/09/01 10:39:55.801, NVIDIA GeForce RTX 5060, 591.86, P8, 31, 1, 494, 8151, 9.28, 145.00, 495, 405, 1, 8
2026-09-01T10:40:00.8341219+07:00,2026/09/01 10:40:00.865, NVIDIA GeForce RTX 5060, 591.86, P8, 30, 1, 480, 8151, 8.27, 145.00, 225, 405, 1, 8
2026-09-01T10:40:05.8832925+07:00,2026/09/01 10:40:05.914, NVIDIA GeForce RTX 5060, 591.86, P8, 30, 0, 480, 8151, 7.90, 145.00, 210, 405, 1, 8
2026-09-01T10:40:10.9333658+07:00,2026/09/01 10:40:10.963, NVIDIA GeForce RTX 5060, 591.86, P8, 30, 0, 481, 8151, 8.19, 145.00, 210, 405, 1, 8
2026-09-01T10:40:15.9833295+07:00,2026/09/01 10:40:16.014, NVIDIA GeForce RTX 5060, 591.86, P8, 30, 0, 481, 8151, 7.74, 145.00, 210, 405, 1, 8
2026-09-01T10:40:21.0952210+07:00,2026/09/01 10:40:21.125, NVIDIA GeForce RTX 5060, 591.86, P8, 30, 0, 481, 8151, 8.26, 145.00, 210, 405, 1, 8
2026-09-01T10:40:26.1459106+07:00,2026/09/01 10:40:26.176, NVIDIA GeForce RTX 5060, 591.86, P8, 30, 0, 475, 8151, 8.44, 145.00, 210, 405, 1, 8
2026-09-01T10:40:31.1943199+07:00,2026/09/01 10:40:31.225, NVIDIA GeForce RTX 5060, 591.86, P8, 31, 2, 512, 8151, 8.77, 145.00, 495, 405, 1, 8
2026-09-01T10:40:36.2452510+07:00,2026/09/01 10:40:36.275, NVIDIA GeForce RTX 5060, 591.86, P5, 31, 0, 522, 8151, 12.68, 145.00, 450, 810, 2, 8
2026-09-01T10:40:41.2948894+07:00,2026/09/01 10:40:41.325, NVIDIA GeForce RTX 5060, 591.86, P5, 31, 1, 481, 8151, 15.65, 145.00, 570, 810, 2, 8
2026-09-01T10:40:46.3456436+07:00,2026/09/01 10:40:46.376, NVIDIA GeForce RTX 5060, 591.86, P8, 31, 0, 483, 8151, 9.00, 145.00, 337, 405, 1, 8
2026-09-01T10:40:51.4587763+07:00,2026/09/01 10:40:51.489, NVIDIA GeForce RTX 5060, 591.86, P8, 31, 0, 480, 8151, 8.59, 145.00, 210, 405, 1, 8
2026-09-01T10:40:56.5109840+07:00,2026/09/01 10:40:56.541, NVIDIA GeForce RTX 5060, 591.86, P3, 31, 0, 495, 8151, 20.70, 145.00, 900, 7001, 4, 8
2026-09-01T10:41:01.5622879+07:00,2026/09/01 10:41:01.593, NVIDIA GeForce RTX 5060, 591.86, P8, 31, 0, 493, 8151, 8.51, 145.00, 210, 405, 1, 8
2026-09-01T10:41:06.6116831+07:00,2026/09/01 10:41:06.642, NVIDIA GeForce RTX 5060, 591.86, P8, 31, 0, 493, 8151, 8.60, 145.00, 210, 405, 1, 8
2026-09-01T10:41:11.6625769+07:00,2026/09/01 10:41:11.693, NVIDIA GeForce RTX 5060, 591.86, P5, 32, 1, 552, 8151, 12.33, 145.00, 637, 810, 2, 8
2026-09-01T10:41:16.7114692+07:00,2026/09/01 10:41:16.741, NVIDIA GeForce RTX 5060, 591.86, P8, 31, 0, 578, 8151, 9.62, 145.00, 322, 405, 1, 8
2026-09-01T10:41:21.8368600+07:00,2026/09/01 10:41:21.867, NVIDIA GeForce RTX 5060, 591.86, P5, 31, 0, 575, 8151, 12.79, 145.00, 420, 810, 2, 8
2026-09-01T10:41:26.8870236+07:00,2026/09/01 10:41:26.918, NVIDIA GeForce RTX 5060, 591.86, P8, 31, 0, 568, 8151, 8.46, 145.00, 210, 405, 1, 8
2026-09-01T10:41:31.9371543+07:00,2026/09/01 10:41:31.968, NVIDIA GeForce RTX 5060, 591.86, P8, 31, 0, 563, 8151, 8.59, 145.00, 210, 405, 1, 8
2026-09-01T10:41:36.9865838+07:00,2026/09/01 10:41:37.017, NVIDIA GeForce RTX 5060, 591.86, P8, 31, 0, 565, 8151, 8.54, 145.00, 210, 405, 1, 8
2026-09-01T10:41:42.0346032+07:00,2026/09/01 10:41:42.065, NVIDIA GeForce RTX 5060, 591.86, P8, 31, 0, 563, 8151, 8.54, 145.00, 232, 405, 1, 8
2026-09-01T10:41:47.0831488+07:00,2026/09/01 10:41:47.114, NVIDIA GeForce RTX 5060, 591.86, P8, 31, 0, 563, 8151, 8.56, 145.00, 225, 405, 1, 8
2026-09-01T10:41:52.2107399+07:00,2026/09/01 10:41:52.241, NVIDIA GeForce RTX 5060, 591.86, P8, 31, 0, 567, 8151, 8.55, 145.00, 225, 405, 1, 8
2026-09-01T10:41:57.2608796+07:00,2026/09/01 10:41:57.291, NVIDIA GeForce RTX 5060, 591.86, P8, 31, 0, 574, 8151, 9.35, 145.00, 352, 405, 1, 8
2026-09-01T10:42:02.3099618+07:00,2026/09/01 10:42:02.340, NVIDIA GeForce RTX 5060, 591.86, P0, 32, 0, 575, 8151, 22.97, 145.00, 2512, 14201, 4, 8
2026-09-01T10:42:07.3579061+07:00,2026/09/01 10:42:07.388, NVIDIA GeForce RTX 5060, 591.86, P0, 32, 0, 593, 8151, 22.65, 145.00, 2520, 14201, 4, 8
2026-09-01T10:42:12.4067681+07:00,2026/09/01 10:42:12.437, NVIDIA GeForce RTX 5060, 591.86, P8, 31, 0, 579, 8151, 8.36, 145.00, 225, 405, 1, 8
2026-09-01T10:42:17.4577117+07:00,2026/09/01 10:42:17.503, NVIDIA GeForce RTX 5060, 591.86, P8, 31, 0, 570, 8151, 8.39, 145.00, 210, 405, 1, 8
2026-09-01T10:42:22.5844065+07:00,2026/09/01 10:42:22.615, NVIDIA GeForce RTX 5060, 591.86, P8, 31, 0, 570, 8151, 8.43, 145.00, 232, 405, 1, 8
2026-09-01T10:42:27.6340824+07:00,2026/09/01 10:42:27.680, NVIDIA GeForce RTX 5060, 591.86, P8, 31, 0, 570, 8151, 8.51, 145.00, 210, 405, 1, 8
2026-09-01T10:42:32.6987126+07:00,2026/09/01 10:42:32.729, NVIDIA GeForce RTX 5060, 591.86, P8, 31, 0, 570, 8151, 8.64, 145.00, 210, 405, 1, 8
2026-09-01T10:42:37.7504188+07:00,2026/09/01 10:42:37.781, NVIDIA GeForce RTX 5060, 591.86, P8, 31, 0, 570, 8151, 8.65, 145.00, 225, 405, 1, 8
2026-09-01T10:42:42.8011236+07:00,2026/09/01 10:42:42.832, NVIDIA GeForce RTX 5060, 591.86, P8, 31, 0, 570, 8151, 8.54, 145.00, 210, 405, 1, 8
2026-09-01T10:42:47.8526001+07:00,2026/09/01 10:42:47.883, NVIDIA GeForce RTX 5060, 591.86, P8, 31, 0, 570, 8151, 8.56, 145.00, 232, 405, 1, 8
2026-09-01T10:42:52.9670915+07:00,2026/09/01 10:42:52.998, NVIDIA GeForce RTX 5060, 591.86, P8, 31, 0, 570, 8151, 8.48, 145.00, 210, 405, 1, 8
2026-09-01T10:42:58.0175741+07:00,2026/09/01 10:42:58.063, NVIDIA GeForce RTX 5060, 591.86, P8, 31, 0, 570, 8151, 8.54, 145.00, 225, 405, 1, 8
2026-09-01T10:43:03.0832921+07:00,2026/09/01 10:43:03.114, NVIDIA GeForce RTX 5060, 591.86, P8, 31, 0, 570, 8151, 8.58, 145.00, 210, 405, 1, 8
2026-09-01T10:43:08.1342514+07:00,2026/09/01 10:43:08.165, NVIDIA GeForce RTX 5060, 591.86, P0, 32, 0, 570, 8151, 16.98, 145.00, 2512, 14201, 4, 8
2026-09-01T10:43:13.1850699+07:00,2026/09/01 10:43:13.216, NVIDIA GeForce RTX 5060, 591.86, P0, 32, 0, 570, 8151, 22.57, 145.00, 2520, 14201, 4, 8
2026-09-01T10:43:18.2361514+07:00,2026/09/01 10:43:18.267, NVIDIA GeForce RTX 5060, 591.86, P8, 31, 0, 570, 8151, 8.69, 145.00, 210, 405, 1, 8
2026-09-01T10:43:23.3486381+07:00,2026/09/01 10:43:23.379, NVIDIA GeForce RTX 5060, 591.86, P8, 31, 0, 570, 8151, 8.76, 145.00, 232, 405, 1, 8
2026-09-01T10:43:28.4002269+07:00,2026/09/01 10:43:28.446, NVIDIA GeForce RTX 5060, 591.86, P8, 31, 0, 570, 8151, 8.72, 145.00, 210, 405, 1, 8
2026-09-01T10:43:33.4656174+07:00,2026/09/01 10:43:33.496, NVIDIA GeForce RTX 5060, 591.86, P8, 31, 0, 570, 8151, 8.59, 145.00, 225, 405, 1, 8
2026-09-01T10:43:38.5168898+07:00,2026/09/01 10:43:38.563, NVIDIA GeForce RTX 5060, 591.86, P8, 31, 0, 570, 8151, 8.49, 145.00, 210, 405, 1, 8
2026-09-01T10:43:43.5839468+07:00,2026/09/01 10:43:43.645, NVIDIA GeForce RTX 5060, 591.86, P8, 31, 0, 570, 8151, 8.47, 145.00, 210, 405, 1, 8
2026-09-01T10:43:48.6647385+07:00,2026/09/01 10:43:48.695, NVIDIA GeForce RTX 5060, 591.86, P8, 31, 0, 570, 8151, 8.66, 145.00, 225, 405, 1, 8
2026-09-01T10:43:53.7764902+07:00,2026/09/01 10:43:53.807, NVIDIA GeForce RTX 5060, 591.86, P8, 31, 0, 570, 8151, 8.57, 145.00, 210, 405, 1, 8
2026-09-01T10:43:58.8427971+07:00,2026/09/01 10:43:58.873, NVIDIA GeForce RTX 5060, 591.86, P8, 31, 0, 570, 8151, 8.63, 145.00, 232, 405, 1, 8
2026-09-01T10:44:03.9082621+07:00,2026/09/01 10:44:03.939, NVIDIA GeForce RTX 5060, 591.86, P8, 31, 0, 570, 8151, 8.55, 145.00, 210, 405, 1, 8
2026-09-01T10:44:08.9580562+07:00,2026/09/01 10:44:08.989, NVIDIA GeForce RTX 5060, 591.86, P8, 31, 0, 570, 8151, 8.50, 145.00, 225, 405, 1, 8
2026-09-01T10:44:14.0093576+07:00,2026/09/01 10:44:14.040, NVIDIA GeForce RTX 5060, 591.86, P8, 31, 0, 570, 8151, 8.48, 145.00, 210, 405, 1, 8
2026-09-01T10:44:19.0596395+07:00,2026/09/01 10:44:19.090, NVIDIA GeForce RTX 5060, 591.86, P8, 31, 0, 570, 8151, 8.39, 145.00, 210, 405, 1, 8
2026-09-01T10:44:24.1733705+07:00,2026/09/01 10:44:24.204, NVIDIA GeForce RTX 5060, 591.86, P8, 31, 0, 570, 8151, 8.60, 145.00, 225, 405, 1, 8
2026-09-01T10:44:29.2246599+07:00,2026/09/01 10:44:29.270, NVIDIA GeForce RTX 5060, 591.86, P8, 31, 0, 570, 8151, 8.69, 145.00, 210, 405, 1, 8
2026-09-01T10:44:34.2911593+07:00,2026/09/01 10:44:34.322, NVIDIA GeForce RTX 5060, 591.86, P8, 31, 0, 570, 8151, 8.69, 145.00, 232, 405, 1, 8
2026-09-01T10:44:39.3428052+07:00,2026/09/01 10:44:39.373, NVIDIA GeForce RTX 5060, 591.86, P8, 31, 0, 570, 8151, 8.62, 145.00, 210, 405, 1, 8
2026-09-01T10:44:44.3919225+07:00,2026/09/01 10:44:44.422, NVIDIA GeForce RTX 5060, 591.86, P8, 31, 0, 570, 8151, 8.63, 145.00, 232, 405, 1, 8
2026-09-01T10:44:49.4430717+07:00,2026/09/01 10:44:49.474, NVIDIA GeForce RTX 5060, 591.86, P8, 31, 0, 570, 8151, 8.63, 145.00, 210, 405, 1, 8
2026-09-01T10:44:54.5576538+07:00,2026/09/01 10:44:54.588, NVIDIA GeForce RTX 5060, 591.86, P8, 31, 0, 570, 8151, 8.82, 145.00, 210, 405, 1, 8
2026-09-01T10:44:59.6087909+07:00,2026/09/01 10:44:59.639, NVIDIA GeForce RTX 5060, 591.86, P8, 31, 0, 570, 8151, 8.68, 145.00, 225, 405, 1, 8
2026-09-01T10:45:04.6746607+07:00,2026/09/01 10:45:04.705, NVIDIA GeForce RTX 5060, 591.86, P8, 31, 0, 579, 8151, 8.79, 145.00, 210, 405, 1, 8
2026-09-01T10:45:09.7239963+07:00,2026/09/01 10:45:09.754, NVIDIA GeForce RTX 5060, 591.86, P8, 31, 0, 636, 8151, 8.47, 145.00, 247, 405, 1, 8
2026-09-01T10:45:14.7905812+07:00,2026/09/01 10:45:14.821, NVIDIA GeForce RTX 5060, 591.86, P8, 31, 1, 692, 8151, 9.55, 145.00, 450, 405, 1, 8
2026-09-01T10:45:19.8403639+07:00,2026/09/01 10:45:19.886, NVIDIA GeForce RTX 5060, 591.86, P8, 31, 0, 598, 8151, 8.52, 145.00, 210, 405, 1, 8
2026-09-01T10:45:24.9821309+07:00,2026/09/01 10:45:25.027, NVIDIA GeForce RTX 5060, 591.86, P8, 31, 0, 598, 8151, 8.31, 145.00, 255, 405, 1, 8
2026-09-01T10:45:30.0443786+07:00,2026/09/01 10:45:30.075, NVIDIA GeForce RTX 5060, 591.86, P8, 30, 0, 599, 8151, 8.08, 145.00, 262, 405, 1, 8
2026-09-01T10:45:35.0948525+07:00,2026/09/01 10:45:35.125, NVIDIA GeForce RTX 5060, 591.86, P8, 30, 0, 599, 8151, 8.25, 145.00, 210, 405, 1, 8
2026-09-01T10:45:40.1454170+07:00,2026/09/01 10:45:40.176, NVIDIA GeForce RTX 5060, 591.86, P8, 30, 0, 598, 8151, 8.51, 145.00, 210, 405, 1, 8
2026-09-01T10:45:45.2082141+07:00,2026/09/01 10:45:45.253, NVIDIA GeForce RTX 5060, 591.86, P8, 30, 0, 595, 8151, 8.10, 145.00, 210, 405, 1, 8
2026-09-01T10:45:50.2638487+07:00,2026/09/01 10:45:50.294, NVIDIA GeForce RTX 5060, 591.86, P8, 30, 0, 595, 8151, 8.28, 145.00, 210, 405, 1, 8
2026-09-01T10:45:55.3720067+07:00,2026/09/01 10:45:55.418, NVIDIA GeForce RTX 5060, 591.86, P8, 30, 0, 595, 8151, 8.13, 145.00, 202, 405, 1, 8
2026-09-01T10:46:00.4373071+07:00,2026/09/01 10:46:00.468, NVIDIA GeForce RTX 5060, 591.86, P8, 30, 0, 595, 8151, 8.10, 145.00, 210, 405, 1, 8
2026-09-01T10:46:05.4860650+07:00,2026/09/01 10:46:05.517, NVIDIA GeForce RTX 5060, 591.86, P8, 30, 0, 595, 8151, 8.24, 145.00, 210, 405, 1, 8
2026-09-01T10:46:10.5360356+07:00,2026/09/01 10:46:10.567, NVIDIA GeForce RTX 5060, 591.86, P8, 30, 0, 593, 8151, 8.19, 145.00, 210, 405, 1, 8
2026-09-01T10:46:15.6009909+07:00,2026/09/01 10:46:15.631, NVIDIA GeForce RTX 5060, 591.86, P8, 30, 0, 591, 8151, 8.19, 145.00, 210, 405, 1, 8
2026-09-01T10:46:20.6497731+07:00,2026/09/01 10:46:20.680, NVIDIA GeForce RTX 5060, 591.86, P8, 30, 0, 591, 8151, 8.12, 145.00, 210, 405, 1, 8
2026-09-01T10:46:25.7627302+07:00,2026/09/01 10:46:25.793, NVIDIA GeForce RTX 5060, 591.86, P8, 30, 0, 591, 8151, 8.13, 145.00, 210, 405, 1, 8
2026-09-01T10:46:30.8125051+07:00,2026/09/01 10:46:30.843, NVIDIA GeForce RTX 5060, 591.86, P8, 30, 0, 591, 8151, 7.97, 145.00, 210, 405, 1, 8
2026-09-01T10:46:35.8643594+07:00,2026/09/01 10:46:35.895, NVIDIA GeForce RTX 5060, 591.86, P8, 30, 0, 591, 8151, 7.99, 145.00, 210, 405, 1, 8
2026-09-01T10:46:40.9145582+07:00,2026/09/01 10:46:40.945, NVIDIA GeForce RTX 5060, 591.86, P8, 30, 0, 591, 8151, 8.46, 145.00, 210, 405, 1, 8
2026-09-01T10:46:45.9655918+07:00,2026/09/01 10:46:45.996, NVIDIA GeForce RTX 5060, 591.86, P8, 30, 0, 591, 8151, 8.07, 145.00, 210, 405, 1, 8
2026-09-01T10:46:51.0273019+07:00,2026/09/01 10:46:51.058, NVIDIA GeForce RTX 5060, 591.86, P8, 30, 0, 591, 8151, 8.09, 145.00, 210, 405, 1, 8
2026-09-01T10:46:56.1335598+07:00,2026/09/01 10:46:56.164, NVIDIA GeForce RTX 5060, 591.86, P8, 30, 0, 591, 8151, 8.11, 145.00, 210, 405, 1, 8
2026-09-01T10:47:01.1721568+07:00,2026/09/01 10:47:01.202, NVIDIA GeForce RTX 5060, 591.86, P8, 30, 0, 591, 8151, 8.48, 145.00, 240, 405, 1, 8
2026-09-01T10:47:06.2114855+07:00,2026/09/01 10:47:06.242, NVIDIA GeForce RTX 5060, 591.86, P8, 30, 0, 593, 8151, 8.83, 145.00, 210, 405, 1, 8
2026-09-01T10:47:11.2518873+07:00,2026/09/01 10:47:11.282, NVIDIA GeForce RTX 5060, 591.86, P8, 30, 0, 593, 8151, 8.30, 145.00, 210, 405, 1, 8
2026-09-01T10:47:16.2908453+07:00,2026/09/01 10:47:16.321, NVIDIA GeForce RTX 5060, 591.86, P8, 30, 0, 593, 8151, 8.30, 145.00, 210, 405, 1, 8
2026-09-01T10:47:21.3406256+07:00,2026/09/01 10:47:21.371, NVIDIA GeForce RTX 5060, 591.86, P8, 30, 0, 593, 8151, 8.29, 145.00, 210, 405, 1, 8
2026-09-01T10:47:26.4710193+07:00,2026/09/01 10:47:26.501, NVIDIA GeForce RTX 5060, 591.86, P8, 30, 0, 593, 8151, 8.29, 145.00, 210, 405, 1, 8
2026-09-01T10:47:31.5130264+07:00,2026/09/01 10:47:31.543, NVIDIA GeForce RTX 5060, 591.86, P8, 30, 0, 593, 8151, 8.39, 145.00, 202, 405, 1, 8
2026-09-01T10:47:36.5623246+07:00,2026/09/01 10:47:36.593, NVIDIA GeForce RTX 5060, 591.86, P8, 30, 0, 591, 8151, 8.59, 145.00, 210, 405, 1, 8
2026-09-01T10:47:41.6017839+07:00,2026/09/01 10:47:41.632, NVIDIA GeForce RTX 5060, 591.86, P0, 31, 1, 654, 8151, 13.13, 145.00, 727, 14201, 4, 8
2026-09-01T10:47:46.6424078+07:00,2026/09/01 10:47:46.673, NVIDIA GeForce RTX 5060, 591.86, P5, 31, 1, 664, 8151, 12.63, 145.00, 547, 810, 2, 8
2026-09-01T10:47:51.6828645+07:00,2026/09/01 10:47:51.713, NVIDIA GeForce RTX 5060, 591.86, P8, 31, 3, 641, 8151, 10.53, 145.00, 525, 405, 1, 8
2026-09-01T10:47:56.8479291+07:00,2026/09/01 10:47:56.878, NVIDIA GeForce RTX 5060, 591.86, P8, 31, 1, 605, 8151, 10.14, 145.00, 397, 405, 1, 8
2026-09-01T10:48:01.8928519+07:00,2026/09/01 10:48:02.340, NVIDIA GeForce RTX 5060, 591.86, P0, 32, 1, 685, 8151, 23.79, 145.00, 2557, 14201, 4, 8
2026-09-01T10:48:07.4205981+07:00,2026/09/01 10:48:07.843, NVIDIA GeForce RTX 5060, 591.86, P8, 31, 4, 690, 8151, 10.39, 145.00, 645, 405, 1, 8
2026-09-01T10:48:14.3634147+07:00,2026/09/01 10:48:16.893, NVIDIA GeForce RTX 5060, 591.86, P0, 32, 4, 727, 8151, 23.50, 145.00, 2572, 14201, 4, 8
2026-09-01T10:48:22.2102107+07:00,2026/09/01 10:48:22.844, NVIDIA GeForce RTX 5060, 591.86, P0, 33, 2, 725, 8151, 23.81, 145.00, 2572, 14201, 4, 8
2026-09-01T10:48:28.0676384+07:00,2026/09/01 10:48:28.470, NVIDIA GeForce RTX 5060, 591.86, P8, 31, 0, 729, 8151, 8.78, 145.00, 232, 405, 1, 8
2026-09-01T10:48:33.5230331+07:00,2026/09/01 10:48:33.553, NVIDIA GeForce RTX 5060, 591.86, P8, 31, 1, 701, 8151, 8.85, 145.00, 232, 405, 1, 8
2026-09-01T10:48:38.5701270+07:00,2026/09/01 10:48:38.601, NVIDIA GeForce RTX 5060, 591.86, P8, 31, 0, 699, 8151, 8.52, 145.00, 210, 405, 1, 8
2026-09-01T10:48:43.6086029+07:00,2026/09/01 10:48:43.639, NVIDIA GeForce RTX 5060, 591.86, P8, 31, 0, 699, 8151, 8.46, 145.00, 210, 405, 1, 8
2026-09-01T10:48:48.6467628+07:00,2026/09/01 10:48:48.677, NVIDIA GeForce RTX 5060, 591.86, P8, 31, 0, 700, 8151, 9.03, 145.00, 210, 405, 1, 8
2026-09-01T10:48:53.6846596+07:00,2026/09/01 10:48:53.715, NVIDIA GeForce RTX 5060, 591.86, P0, 32, 1, 716, 8151, 11.01, 145.00, 577, 14201, 4, 8
2026-09-01T10:48:58.7931970+07:00,2026/09/01 10:48:58.823, NVIDIA GeForce RTX 5060, 591.86, P5, 31, 0, 710, 8151, 10.08, 145.00, 240, 810, 2, 8
2026-09-01T10:49:03.8327815+07:00,2026/09/01 10:49:03.863, NVIDIA GeForce RTX 5060, 591.86, P5, 31, 3, 710, 8151, 12.59, 145.00, 630, 810, 2, 8
2026-09-01T10:49:08.8726931+07:00,2026/09/01 10:49:08.919, NVIDIA GeForce RTX 5060, 591.86, P8, 31, 0, 707, 8151, 8.12, 145.00, 210, 405, 1, 8
2026-09-01T10:49:13.9516675+07:00,2026/09/01 10:49:13.998, NVIDIA GeForce RTX 5060, 591.86, P5, 31, 0, 707, 8151, 9.84, 145.00, 502, 810, 2, 8
2026-09-01T10:49:19.0167062+07:00,2026/09/01 10:49:19.063, NVIDIA GeForce RTX 5060, 591.86, P8, 31, 0, 707, 8151, 8.28, 145.00, 300, 810, 1, 8
2026-09-01T10:49:24.0979208+07:00,2026/09/01 10:49:24.144, NVIDIA GeForce RTX 5060, 591.86, P8, 31, 2, 696, 8151, 10.00, 145.00, 345, 405, 1, 8
2026-09-01T10:49:29.2229071+07:00,2026/09/01 10:49:29.284, NVIDIA GeForce RTX 5060, 591.86, P8, 31, 1, 696, 8151, 9.28, 145.00, 457, 405, 1, 8
2026-09-01T10:49:34.2973795+07:00,2026/09/01 10:49:34.343, NVIDIA GeForce RTX 5060, 591.86, P8, 31, 0, 703, 8151, 8.75, 145.00, 337, 405, 1, 8
2026-09-01T10:49:39.3644873+07:00,2026/09/01 10:49:39.395, NVIDIA GeForce RTX 5060, 591.86, P8, 31, 0, 703, 8151, 9.25, 145.00, 255, 405, 1, 8
2026-09-01T10:49:44.4140691+07:00,2026/09/01 10:49:44.445, NVIDIA GeForce RTX 5060, 591.86, P8, 31, 0, 704, 8151, 8.41, 145.00, 210, 405, 1, 8
2026-09-01T10:49:49.4633396+07:00,2026/09/01 10:49:49.493, NVIDIA GeForce RTX 5060, 591.86, P8, 31, 1, 724, 8151, 9.17, 145.00, 397, 405, 1, 8
2026-09-01T10:49:54.5147395+07:00,2026/09/01 10:49:54.576, NVIDIA GeForce RTX 5060, 591.86, P0, 32, 0, 764, 8151, 22.84, 145.00, 2542, 14201, 4, 8
2026-09-01T10:49:59.6879364+07:00,2026/09/01 10:49:59.765, NVIDIA GeForce RTX 5060, 591.86, P0, 33, 0, 857, 8151, 23.04, 145.00, 2550, 14201, 4, 8
2026-09-01T10:50:04.7852195+07:00,2026/09/01 10:50:04.846, NVIDIA GeForce RTX 5060, 591.86, P8, 31, 2, 837, 8151, 8.65, 145.00, 210, 405, 1, 8
2026-09-01T10:50:09.8632738+07:00,2026/09/01 10:50:09.987, NVIDIA GeForce RTX 5060, 591.86, P8, 31, 0, 812, 8151, 9.17, 145.00, 307, 405, 1, 8
2026-09-01T10:50:15.0054374+07:00,2026/09/01 10:50:15.067, NVIDIA GeForce RTX 5060, 591.86, P8, 31, 3, 823, 8151, 9.65, 145.00, 210, 405, 1, 8
2026-09-01T10:50:20.0844709+07:00,2026/09/01 10:50:20.130, NVIDIA GeForce RTX 5060, 591.86, P8, 31, 1, 822, 8151, 9.39, 145.00, 390, 405, 1, 8
2026-09-01T10:50:25.1613514+07:00,2026/09/01 10:50:25.238, NVIDIA GeForce RTX 5060, 591.86, P8, 31, 0, 837, 8151, 8.39, 145.00, 210, 405, 1, 8
2026-09-01T10:50:30.3348972+07:00,2026/09/01 10:50:30.365, NVIDIA GeForce RTX 5060, 591.86, P8, 31, 0, 832, 8151, 7.86, 145.00, 210, 405, 1, 8
2026-09-01T10:50:35.3853356+07:00,2026/09/01 10:50:35.416, NVIDIA GeForce RTX 5060, 591.86, P8, 31, 0, 832, 8151, 7.74, 145.00, 210, 405, 1, 8
2026-09-01T10:50:40.4341982+07:00,2026/09/01 10:50:40.464, NVIDIA GeForce RTX 5060, 591.86, P8, 31, 0, 832, 8151, 7.97, 145.00, 210, 405, 1, 8
2026-09-01T10:50:45.4837990+07:00,2026/09/01 10:50:45.514, NVIDIA GeForce RTX 5060, 591.86, P8, 31, 0, 832, 8151, 7.70, 145.00, 210, 405, 1, 8
2026-09-01T10:50:50.5336525+07:00,2026/09/01 10:50:50.564, NVIDIA GeForce RTX 5060, 591.86, P8, 31, 0, 832, 8151, 7.75, 145.00, 210, 405, 1, 8
2026-09-01T10:50:55.5827615+07:00,2026/09/01 10:50:55.613, NVIDIA GeForce RTX 5060, 591.86, P8, 31, 0, 832, 8151, 7.74, 145.00, 210, 405, 1, 8
2026-09-01T10:51:00.6937743+07:00,2026/09/01 10:51:00.724, NVIDIA GeForce RTX 5060, 591.86, P8, 31, 0, 818, 8151, 8.64, 145.00, 210, 405, 1, 8
2026-09-01T10:51:05.7425568+07:00,2026/09/01 10:51:05.773, NVIDIA GeForce RTX 5060, 591.86, P8, 31, 1, 841, 8151, 9.66, 145.00, 547, 405, 1, 8
2026-09-01T10:51:10.7920957+07:00,2026/09/01 10:51:10.823, NVIDIA GeForce RTX 5060, 591.86, P8, 31, 0, 821, 8151, 9.98, 145.00, 225, 405, 1, 8
2026-09-01T10:51:15.8414732+07:00,2026/09/01 10:51:15.887, NVIDIA GeForce RTX 5060, 591.86, P0, 32, 0, 839, 8151, 22.19, 145.00, 2512, 14201, 4, 8
2026-09-01T10:51:20.9209385+07:00,2026/09/01 10:51:20.998, NVIDIA GeForce RTX 5060, 591.86, P8, 31, 2, 804, 8151, 9.60, 145.00, 240, 405, 1, 8
2026-09-01T10:51:26.0174661+07:00,2026/09/01 10:51:26.048, NVIDIA GeForce RTX 5060, 591.86, P8, 31, 0, 802, 8151, 8.27, 145.00, 202, 405, 1, 8
2026-09-01T10:51:31.1438322+07:00,2026/09/01 10:51:31.174, NVIDIA GeForce RTX 5060, 591.86, P8, 31, 12, 815, 8151, 10.48, 145.00, 442, 405, 1, 8
2026-09-01T10:51:36.1926175+07:00,2026/09/01 10:51:36.223, NVIDIA GeForce RTX 5060, 591.86, P8, 31, 1, 803, 8151, 9.05, 145.00, 210, 405, 1, 8
2026-09-01T10:51:41.2410568+07:00,2026/09/01 10:51:41.272, NVIDIA GeForce RTX 5060, 591.86, P8, 31, 0, 799, 8151, 8.96, 145.00, 397, 405, 1, 8
2026-09-01T10:51:46.3040479+07:00,2026/09/01 10:51:46.335, NVIDIA GeForce RTX 5060, 591.86, P8, 31, 0, 809, 8151, 8.60, 145.00, 210, 405, 1, 8
2026-09-01T10:51:51.3530509+07:00,2026/09/01 10:51:51.384, NVIDIA GeForce RTX 5060, 591.86, P5, 31, 0, 824, 8151, 13.33, 145.00, 570, 810, 2, 8
2026-09-01T10:51:56.4027363+07:00,2026/09/01 10:51:56.433, NVIDIA GeForce RTX 5060, 591.86, P0, 32, 0, 824, 8151, 22.33, 145.00, 2520, 14201, 4, 8
2026-09-01T10:52:01.5141966+07:00,2026/09/01 10:52:01.560, NVIDIA GeForce RTX 5060, 591.86, P8, 31, 0, 824, 8151, 8.82, 145.00, 345, 405, 1, 8
2026-09-01T10:52:06.5805994+07:00,2026/09/01 10:52:06.782, NVIDIA GeForce RTX 5060, 591.86, P8, 31, 2, 829, 8151, 9.45, 145.00, 210, 405, 1, 8
2026-09-01T10:52:11.8015515+07:00,2026/09/01 10:52:11.894, NVIDIA GeForce RTX 5060, 591.86, P8, 31, 1, 824, 8151, 9.01, 145.00, 210, 405, 1, 8
2026-09-01T10:52:16.9115191+07:00,2026/09/01 10:52:17.019, NVIDIA GeForce RTX 5060, 591.86, P8, 31, 0, 824, 8151, 8.95, 145.00, 262, 405, 1, 8
2026-09-01T10:52:22.0527334+07:00,2026/09/01 10:52:22.579, NVIDIA GeForce RTX 5060, 591.86, P8, 31, 0, 828, 8151, 8.72, 145.00, 262, 405, 1, 8
2026-09-01T10:52:27.6120911+07:00,2026/09/01 10:52:27.735, NVIDIA GeForce RTX 5060, 591.86, P8, 31, 0, 835, 8151, 8.73, 145.00, 240, 405, 1, 8
2026-09-01T10:52:32.8671210+07:00,2026/09/01 10:52:33.068, NVIDIA GeForce RTX 5060, 591.86, P8, 31, 0, 835, 8151, 9.14, 145.00, 352, 405, 1, 8
2026-09-01T10:52:38.1349140+07:00,2026/09/01 10:52:38.398, NVIDIA GeForce RTX 5060, 591.86, P8, 31, 3, 836, 8151, 9.71, 145.00, 390, 405, 1, 8
2026-09-01T10:52:43.4340376+07:00,2026/09/01 10:52:43.465, NVIDIA GeForce RTX 5060, 591.86, P8, 31, 8, 882, 8151, 10.19, 145.00, 465, 405, 1, 8
2026-09-01T10:52:48.4831364+07:00,2026/09/01 10:52:48.514, NVIDIA GeForce RTX 5060, 591.86, P8, 31, 2, 921, 8151, 8.84, 145.00, 262, 405, 1, 8
2026-09-01T10:52:53.5331389+07:00,2026/09/01 10:52:53.564, NVIDIA GeForce RTX 5060, 591.86, P8, 31, 10, 838, 8151, 8.63, 145.00, 525, 405, 1, 8
2026-09-01T10:52:58.5832284+07:00,2026/09/01 10:52:58.614, NVIDIA GeForce RTX 5060, 591.86, P8, 31, 0, 879, 8151, 8.98, 145.00, 292, 405, 1, 8
2026-09-01T10:53:03.7249391+07:00,2026/09/01 10:53:03.896, NVIDIA GeForce RTX 5060, 591.86, P8, 31, 0, 882, 8151, 9.33, 145.00, 210, 405, 1, 8
2026-09-01T10:53:08.9287100+07:00,2026/09/01 10:53:09.098, NVIDIA GeForce RTX 5060, 591.86, P8, 31, 0, 892, 8151, 8.74, 145.00, 210, 405, 1, 8
2026-09-01T10:53:14.1602801+07:00,2026/09/01 10:53:14.191, NVIDIA GeForce RTX 5060, 591.86, P0, 33, 1, 904, 8151, 22.94, 145.00, 2557, 14201, 4, 8
2026-09-01T10:53:19.2074645+07:00,2026/09/01 10:53:19.253, NVIDIA GeForce RTX 5060, 591.86, P0, 33, 0, 926, 8151, 23.62, 145.00, 2550, 14201, 4, 8
2026-09-01T10:53:24.2871468+07:00,2026/09/01 10:53:24.381, NVIDIA GeForce RTX 5060, 591.86, P8, 32, 7, 913, 8151, 9.25, 145.00, 405, 405, 1, 8
2026-09-01T10:53:29.3991408+07:00,2026/09/01 10:53:29.508, NVIDIA GeForce RTX 5060, 591.86, P8, 31, 0, 926, 8151, 8.66, 145.00, 210, 405, 1, 8
2026-09-01T10:53:34.6047820+07:00,2026/09/01 10:53:34.650, NVIDIA GeForce RTX 5060, 591.86, P8, 31, 1, 927, 8151, 8.76, 145.00, 232, 405, 1, 8
2026-09-01T10:53:39.6700657+07:00,2026/09/01 10:53:39.825, NVIDIA GeForce RTX 5060, 591.86, P8, 31, 0, 902, 8151, 8.58, 145.00, 210, 405, 1, 8
2026-09-01T10:53:44.8584614+07:00,2026/09/01 10:53:44.889, NVIDIA GeForce RTX 5060, 591.86, P8, 31, 0, 907, 8151, 8.68, 145.00, 210, 405, 1, 8
2026-09-01T10:53:49.9075303+07:00,2026/09/01 10:53:49.953, NVIDIA GeForce RTX 5060, 591.86, P8, 31, 0, 888, 8151, 8.96, 145.00, 472, 405, 1, 8
2026-09-01T10:53:54.9735449+07:00,2026/09/01 10:53:55.050, NVIDIA GeForce RTX 5060, 591.86, P8, 31, 2, 899, 8151, 8.93, 145.00, 337, 405, 1, 8
2026-09-01T10:54:00.0830406+07:00,2026/09/01 10:54:00.129, NVIDIA GeForce RTX 5060, 591.86, P8, 31, 0, 899, 8151, 8.97, 145.00, 247, 405, 1, 8
2026-09-01T10:54:05.2249990+07:00,2026/09/01 10:54:05.255, NVIDIA GeForce RTX 5060, 591.86, P8, 31, 0, 890, 8151, 9.08, 145.00, 270, 405, 1, 8
2026-09-01T10:54:10.2741683+07:00,2026/09/01 10:54:10.305, NVIDIA GeForce RTX 5060, 591.86, P8, 31, 0, 882, 8151, 8.98, 145.00, 270, 405, 1, 8
2026-09-01T10:54:15.3239033+07:00,2026/09/01 10:54:15.354, NVIDIA GeForce RTX 5060, 591.86, P8, 31, 0, 882, 8151, 8.93, 145.00, 277, 405, 1, 8
2026-09-01T10:54:20.3719987+07:00,2026/09/01 10:54:20.402, NVIDIA GeForce RTX 5060, 591.86, P8, 31, 0, 882, 8151, 8.99, 145.00, 210, 405, 1, 8
2026-09-01T10:54:25.4223440+07:00,2026/09/01 10:54:25.453, NVIDIA GeForce RTX 5060, 591.86, P8, 31, 1, 888, 8151, 10.31, 145.00, 465, 405, 1, 8
2026-09-01T10:54:30.4726583+07:00,2026/09/01 10:54:30.503, NVIDIA GeForce RTX 5060, 591.86, P8, 31, 1, 888, 8151, 10.14, 145.00, 495, 405, 1, 8
2026-09-01T10:54:35.5998052+07:00,2026/09/01 10:54:35.723, NVIDIA GeForce RTX 5060, 591.86, P8, 31, 0, 888, 8151, 9.70, 145.00, 360, 405, 1, 8
2026-09-01T10:54:40.7414855+07:00,2026/09/01 10:54:40.787, NVIDIA GeForce RTX 5060, 591.86, P8, 31, 0, 888, 8151, 9.35, 145.00, 375, 405, 1, 8
2026-09-01T10:54:45.8203456+07:00,2026/09/01 10:54:45.855, NVIDIA GeForce RTX 5060, 591.86, P8, 31, 1, 888, 8151, 9.64, 145.00, 397, 405, 1, 8
2026-09-01T10:54:50.8740234+07:00,2026/09/01 10:54:50.905, NVIDIA GeForce RTX 5060, 591.86, P8, 31, 1, 888, 8151, 9.54, 145.00, 397, 405, 1, 8
2026-09-01T10:54:55.9240008+07:00,2026/09/01 10:54:55.954, NVIDIA GeForce RTX 5060, 591.86, P8, 31, 0, 888, 8151, 9.43, 145.00, 375, 405, 1, 8
2026-09-01T10:55:00.9726035+07:00,2026/09/01 10:55:01.003, NVIDIA GeForce RTX 5060, 591.86, P8, 31, 1, 888, 8151, 9.53, 145.00, 375, 405, 1, 8
2026-09-01T10:55:06.0833833+07:00,2026/09/01 10:55:06.113, NVIDIA GeForce RTX 5060, 591.86, P8, 31, 0, 888, 8151, 9.44, 145.00, 352, 405, 1, 8
2026-09-01T10:55:11.1327962+07:00,2026/09/01 10:55:11.163, NVIDIA GeForce RTX 5060, 591.86, P8, 31, 1, 888, 8151, 9.50, 145.00, 367, 405, 1, 8
2026-09-01T10:55:16.1812235+07:00,2026/09/01 10:55:16.227, NVIDIA GeForce RTX 5060, 591.86, P8, 31, 0, 888, 8151, 9.29, 145.00, 375, 405, 1, 8
2026-09-01T10:55:21.2463842+07:00,2026/09/01 10:55:21.277, NVIDIA GeForce RTX 5060, 591.86, P8, 31, 1, 889, 8151, 9.44, 145.00, 345, 405, 1, 8
2026-09-01T10:55:26.2956915+07:00,2026/09/01 10:55:26.326, NVIDIA GeForce RTX 5060, 591.86, P8, 31, 1, 889, 8151, 9.43, 145.00, 360, 405, 1, 8
2026-09-01T10:55:31.3457047+07:00,2026/09/01 10:55:31.376, NVIDIA GeForce RTX 5060, 591.86, P8, 31, 0, 889, 8151, 9.48, 145.00, 375, 405, 1, 8
2026-09-01T10:55:36.4741216+07:00,2026/09/01 10:55:36.520, NVIDIA GeForce RTX 5060, 591.86, P8, 31, 0, 889, 8151, 9.38, 145.00, 345, 405, 1, 8
2026-09-01T10:55:41.5372032+07:00,2026/09/01 10:55:41.661, NVIDIA GeForce RTX 5060, 591.86, P8, 31, 1, 890, 8151, 10.27, 145.00, 442, 405, 1, 8
2026-09-01T10:55:46.6806686+07:00,2026/09/01 10:55:46.711, NVIDIA GeForce RTX 5060, 591.86, P8, 31, 0, 890, 8151, 9.47, 145.00, 360, 405, 1, 8
2026-09-01T10:55:51.7317280+07:00,2026/09/01 10:55:51.762, NVIDIA GeForce RTX 5060, 591.86, P8, 31, 1, 890, 8151, 9.47, 145.00, 360, 405, 1, 8
2026-09-01T10:55:56.7811534+07:00,2026/09/01 10:55:56.812, NVIDIA GeForce RTX 5060, 591.86, P8, 31, 0, 890, 8151, 9.51, 145.00, 360, 405, 1, 8
2026-09-01T10:56:01.8315246+07:00,2026/09/01 10:56:01.862, NVIDIA GeForce RTX 5060, 591.86, P8, 31, 0, 890, 8151, 9.32, 145.00, 345, 405, 1, 8
2026-09-01T10:56:06.9442085+07:00,2026/09/01 10:56:06.975, NVIDIA GeForce RTX 5060, 591.86, P8, 31, 0, 890, 8151, 9.45, 145.00, 345, 405, 1, 8
2026-09-01T10:56:11.9931034+07:00,2026/09/01 10:56:12.023, NVIDIA GeForce RTX 5060, 591.86, P8, 31, 1, 890, 8151, 9.70, 145.00, 420, 405, 1, 8
2026-09-01T10:56:17.0424158+07:00,2026/09/01 10:56:17.073, NVIDIA GeForce RTX 5060, 591.86, P8, 31, 0, 890, 8151, 8.91, 145.00, 292, 405, 1, 8
2026-09-01T10:56:22.0911334+07:00,2026/09/01 10:56:22.121, NVIDIA GeForce RTX 5060, 591.86, P8, 31, 0, 890, 8151, 8.88, 145.00, 277, 405, 1, 8
2026-09-01T10:56:27.1409757+07:00,2026/09/01 10:56:27.171, NVIDIA GeForce RTX 5060, 591.86, P8, 31, 1, 890, 8151, 9.17, 145.00, 367, 405, 1, 8
2026-09-01T10:56:32.1923550+07:00,2026/09/01 10:56:32.223, NVIDIA GeForce RTX 5060, 591.86, P8, 31, 0, 890, 8151, 9.19, 145.00, 210, 405, 1, 8
2026-09-01T10:56:37.3680283+07:00,2026/09/01 10:56:37.398, NVIDIA GeForce RTX 5060, 591.86, P8, 31, 0, 886, 8151, 8.28, 145.00, 210, 405, 1, 8
2026-09-01T10:56:42.4179495+07:00,2026/09/01 10:56:42.448, NVIDIA GeForce RTX 5060, 591.86, P8, 31, 0, 886, 8151, 8.23, 145.00, 210, 405, 1, 8
2026-09-01T10:56:47.4684108+07:00,2026/09/01 10:56:47.499, NVIDIA GeForce RTX 5060, 591.86, P8, 31, 0, 886, 8151, 8.24, 145.00, 210, 405, 1, 8
2026-09-01T10:56:52.5193342+07:00,2026/09/01 10:56:52.565, NVIDIA GeForce RTX 5060, 591.86, P8, 31, 0, 889, 8151, 10.08, 145.00, 232, 405, 1, 8
2026-09-01T10:56:57.5861367+07:00,2026/09/01 10:56:57.617, NVIDIA GeForce RTX 5060, 591.86, P8, 31, 1, 885, 8151, 9.05, 145.00, 300, 405, 1, 8
2026-09-01T10:57:02.6356037+07:00,2026/09/01 10:57:02.666, NVIDIA GeForce RTX 5060, 591.86, P8, 31, 0, 885, 8151, 8.51, 145.00, 210, 405, 1, 8
2026-09-01T10:57:07.7552592+07:00,2026/09/01 10:57:07.816, NVIDIA GeForce RTX 5060, 591.86, P8, 31, 0, 885, 8151, 8.52, 145.00, 210, 405, 1, 8
2026-09-01T10:57:12.8295829+07:00,2026/09/01 10:57:12.969, NVIDIA GeForce RTX 5060, 591.86, P8, 31, 0, 885, 8151, 8.45, 145.00, 210, 405, 1, 8
2026-09-01T10:57:18.0034788+07:00,2026/09/01 10:57:18.127, NVIDIA GeForce RTX 5060, 591.86, P8, 31, 0, 885, 8151, 8.75, 145.00, 255, 405, 1, 8
2026-09-01T10:57:23.1619687+07:00,2026/09/01 10:57:23.285, NVIDIA GeForce RTX 5060, 591.86, P8, 31, 0, 882, 8151, 8.66, 145.00, 210, 405, 1, 8
2026-09-01T10:57:28.3052537+07:00,2026/09/01 10:57:28.381, NVIDIA GeForce RTX 5060, 591.86, P0, 32, 0, 896, 8151, 20.23, 145.00, 2512, 14201, 4, 8
2026-09-01T10:57:33.3932039+07:00,2026/09/01 10:57:33.809, NVIDIA GeForce RTX 5060, 591.86, P8, 31, 0, 1009, 8151, 8.90, 145.00, 210, 405, 1, 8
2026-09-01T10:57:38.9134457+07:00,2026/09/01 10:57:38.959, NVIDIA GeForce RTX 5060, 591.86, P8, 31, 0, 1011, 8151, 8.50, 145.00, 210, 405, 1, 8
2026-09-01T10:57:43.9925372+07:00,2026/09/01 10:57:44.069, NVIDIA GeForce RTX 5060, 591.86, P8, 31, 0, 1011, 8151, 8.20, 145.00, 210, 405, 1, 8
2026-09-01T10:57:49.0872539+07:00,2026/09/01 10:57:49.149, NVIDIA GeForce RTX 5060, 591.86, P8, 31, 0, 1010, 8151, 8.52, 145.00, 210, 405, 1, 8
2026-09-01T10:57:54.1828723+07:00,2026/09/01 10:57:54.229, NVIDIA GeForce RTX 5060, 591.86, P8, 31, 0, 1010, 8151, 8.23, 145.00, 210, 405, 1, 8
2026-09-01T10:57:59.2469083+07:00,2026/09/01 10:57:59.355, NVIDIA GeForce RTX 5060, 591.86, P8, 31, 0, 1010, 8151, 8.38, 145.00, 210, 405, 1, 8
2026-09-01T10:58:04.3878257+07:00,2026/09/01 10:58:04.480, NVIDIA GeForce RTX 5060, 591.86, P8, 31, 0, 1010, 8151, 8.65, 145.00, 210, 405, 1, 8
2026-09-01T10:58:09.5606126+07:00,2026/09/01 10:58:09.606, NVIDIA GeForce RTX 5060, 591.86, P8, 31, 0, 1010, 8151, 8.59, 145.00, 210, 405, 1, 8
2026-09-01T10:58:14.6240914+07:00,2026/09/01 10:58:14.701, NVIDIA GeForce RTX 5060, 591.86, P8, 31, 0, 1010, 8151, 8.34, 145.00, 232, 405, 1, 8
2026-09-01T10:58:19.7337660+07:00,2026/09/01 10:58:19.795, NVIDIA GeForce RTX 5060, 591.86, P8, 31, 1, 1016, 8151, 9.94, 145.00, 457, 405, 1, 8
2026-09-01T10:58:24.8389660+07:00,2026/09/01 10:58:24.900, NVIDIA GeForce RTX 5060, 591.86, P8, 31, 1, 1016, 8151, 9.95, 145.00, 442, 405, 1, 8
2026-09-01T10:58:29.9330968+07:00,2026/09/01 10:58:29.995, NVIDIA GeForce RTX 5060, 591.86, P8, 31, 1, 1016, 8151, 10.00, 145.00, 472, 405, 1, 8
2026-09-01T10:58:35.0309991+07:00,2026/09/01 10:58:35.078, NVIDIA GeForce RTX 5060, 591.86, P8, 31, 1, 1032, 8151, 9.94, 145.00, 427, 405, 1, 8
2026-09-01T10:58:40.1922008+07:00,2026/09/01 10:58:40.285, NVIDIA GeForce RTX 5060, 591.86, P8, 31, 1, 1015, 8151, 10.49, 145.00, 532, 405, 1, 8
2026-09-01T10:58:45.3058762+07:00,2026/09/01 10:58:45.383, NVIDIA GeForce RTX 5060, 591.86, P8, 31, 1, 1031, 8151, 10.86, 145.00, 495, 405, 1, 8
2026-09-01T10:58:50.4196917+07:00,2026/09/01 10:58:50.450, NVIDIA GeForce RTX 5060, 591.86, P8, 31, 1, 1015, 8151, 9.78, 145.00, 427, 405, 1, 8
2026-09-01T10:58:55.4729012+07:00,2026/09/01 10:58:55.503, NVIDIA GeForce RTX 5060, 591.86, P8, 31, 1, 1015, 8151, 9.99, 145.00, 450, 405, 1, 8
2026-09-01T10:59:00.5220997+07:00,2026/09/01 10:59:00.553, NVIDIA GeForce RTX 5060, 591.86, P8, 31, 1, 1015, 8151, 9.99, 145.00, 465, 405, 1, 8
2026-09-01T10:59:05.5692471+07:00,2026/09/01 10:59:05.677, NVIDIA GeForce RTX 5060, 591.86, P8, 31, 1, 1015, 8151, 10.29, 145.00, 457, 405, 1, 8
2026-09-01T10:59:10.8079903+07:00,2026/09/01 10:59:11.270, NVIDIA GeForce RTX 5060, 591.86, P8, 31, 1, 1015, 8151, 10.16, 145.00, 465, 405, 1, 8
2026-09-01T10:59:16.3356151+07:00,2026/09/01 10:59:16.752, NVIDIA GeForce RTX 5060, 591.86, P8, 31, 1, 1015, 8151, 10.18, 145.00, 435, 405, 1, 8
2026-09-01T10:59:21.8150708+07:00,2026/09/01 10:59:22.216, NVIDIA GeForce RTX 5060, 591.86, P8, 31, 1, 1015, 8151, 10.14, 145.00, 450, 405, 1, 8
2026-09-01T10:59:27.2501253+07:00,2026/09/01 10:59:27.497, NVIDIA GeForce RTX 5060, 591.86, P8, 31, 1, 1015, 8151, 10.16, 145.00, 480, 405, 1, 8
2026-09-01T10:59:32.5453500+07:00,2026/09/01 10:59:33.715, NVIDIA GeForce RTX 5060, 591.86, P8, 31, 1, 1016, 8151, 10.01, 145.00, 345, 405, 1, 8
2026-09-01T10:59:38.7809730+07:00,2026/09/01 10:59:39.288, NVIDIA GeForce RTX 5060, 591.86, P8, 31, 1, 1016, 8151, 9.74, 145.00, 375, 405, 1, 8
2026-09-01T10:59:44.4337323+07:00,2026/09/01 10:59:44.895, NVIDIA GeForce RTX 5060, 591.86, P8, 31, 1, 1016, 8151, 9.51, 145.00, 360, 405, 1, 8
2026-09-01T10:59:49.9541997+07:00,2026/09/01 10:59:50.278, NVIDIA GeForce RTX 5060, 591.86, P8, 31, 0, 1016, 8151, 9.40, 145.00, 367, 405, 1, 8
2026-09-01T10:59:55.4139918+07:00,2026/09/01 10:59:55.780, NVIDIA GeForce RTX 5060, 591.86, P8, 31, 3, 1016, 8151, 9.76, 145.00, 435, 405, 1, 8
2026-09-01T11:00:00.9113083+07:00,2026/09/01 11:00:01.388, NVIDIA GeForce RTX 5060, 591.86, P8, 31, 0, 1016, 8151, 9.49, 145.00, 405, 405, 1, 8
2026-09-01T11:00:06.4554244+07:00,2026/09/01 11:00:06.795, NVIDIA GeForce RTX 5060, 591.86, P8, 31, 1, 1016, 8151, 9.63, 145.00, 390, 405, 1, 8
2026-09-01T11:00:11.8763437+07:00,2026/09/01 11:00:12.260, NVIDIA GeForce RTX 5060, 591.86, P8, 31, 1, 1016, 8151, 9.47, 145.00, 375, 405, 1, 8
2026-09-01T11:00:17.4210695+07:00,2026/09/01 11:00:17.730, NVIDIA GeForce RTX 5060, 591.86, P8, 31, 0, 1016, 8151, 9.44, 145.00, 375, 405, 1, 8
2026-09-01T11:00:22.8273232+07:00,2026/09/01 11:00:23.089, NVIDIA GeForce RTX 5060, 591.86, P8, 31, 1, 1006, 8151, 9.51, 145.00, 375, 405, 1, 8
2026-09-01T11:00:28.2165725+07:00,2026/09/01 11:00:28.693, NVIDIA GeForce RTX 5060, 591.86, P8, 31, 1, 1006, 8151, 10.11, 145.00, 495, 405, 1, 8
2026-09-01T11:00:33.7484870+07:00,2026/09/01 11:00:33.826, NVIDIA GeForce RTX 5060, 591.86, P8, 31, 1, 1006, 8151, 9.47, 145.00, 375, 405, 1, 8
2026-09-01T11:00:38.8459330+07:00,2026/09/01 11:00:38.892, NVIDIA GeForce RTX 5060, 591.86, P8, 31, 1, 1006, 8151, 9.43, 145.00, 345, 405, 1, 8
2026-09-01T11:00:43.9186216+07:00,2026/09/01 11:00:43.979, NVIDIA GeForce RTX 5060, 591.86, P8, 31, 1, 1006, 8151, 9.40, 145.00, 405, 405, 1, 8
2026-09-01T11:00:49.0734017+07:00,2026/09/01 11:00:49.119, NVIDIA GeForce RTX 5060, 591.86, P8, 31, 1, 1006, 8151, 9.40, 145.00, 390, 405, 1, 8
2026-09-01T11:00:54.1426909+07:00,2026/09/01 11:00:54.188, NVIDIA GeForce RTX 5060, 591.86, P8, 31, 1, 1006, 8151, 9.34, 145.00, 382, 405, 1, 8
2026-09-01T11:00:59.2051249+07:00,2026/09/01 11:00:59.251, NVIDIA GeForce RTX 5060, 591.86, P8, 31, 1, 1006, 8151, 9.64, 145.00, 457, 405, 1, 8
2026-09-01T11:01:04.2721890+07:00,2026/09/01 11:01:04.318, NVIDIA GeForce RTX 5060, 591.86, P8, 31, 3, 1006, 8151, 9.64, 145.00, 435, 405, 1, 8
2026-09-01T11:01:09.3392499+07:00,2026/09/01 11:01:09.399, NVIDIA GeForce RTX 5060, 591.86, P8, 31, 0, 1006, 8151, 9.23, 145.00, 360, 405, 1, 8
2026-09-01T11:01:14.4200358+07:00,2026/09/01 11:01:14.513, NVIDIA GeForce RTX 5060, 591.86, P8, 31, 0, 1006, 8151, 9.32, 145.00, 360, 405, 1, 8
2026-09-01T11:01:19.5939431+07:00,2026/09/01 11:01:19.640, NVIDIA GeForce RTX 5060, 591.86, P8, 31, 1, 1006, 8151, 9.32, 145.00, 382, 405, 1, 8
2026-09-01T11:01:24.6604170+07:00,2026/09/01 11:01:24.690, NVIDIA GeForce RTX 5060, 591.86, P8, 31, 0, 1006, 8151, 9.23, 145.00, 397, 405, 1, 8
2026-09-01T11:01:29.6968017+07:00,2026/09/01 11:01:29.743, NVIDIA GeForce RTX 5060, 591.86, P8, 31, 1, 1006, 8151, 9.53, 145.00, 375, 405, 1, 8
2026-09-01T11:01:34.7654972+07:00,2026/09/01 11:01:34.811, NVIDIA GeForce RTX 5060, 591.86, P8, 31, 1, 1006, 8151, 9.37, 145.00, 397, 405, 1, 8
2026-09-01T11:01:39.8323933+07:00,2026/09/01 11:01:39.909, NVIDIA GeForce RTX 5060, 591.86, P8, 31, 0, 1006, 8151, 9.41, 145.00, 390, 405, 1, 8
2026-09-01T11:01:44.9303845+07:00,2026/09/01 11:01:44.976, NVIDIA GeForce RTX 5060, 591.86, P8, 31, 0, 1006, 8151, 9.43, 145.00, 360, 405, 1, 8
2026-09-01T11:01:50.0742591+07:00,2026/09/01 11:01:50.120, NVIDIA GeForce RTX 5060, 591.86, P8, 31, 1, 1006, 8151, 9.40, 145.00, 375, 405, 1, 8
2026-09-01T11:01:55.1407256+07:00,2026/09/01 11:01:55.202, NVIDIA GeForce RTX 5060, 591.86, P8, 31, 1, 1006, 8151, 9.40, 145.00, 375, 405, 1, 8
2026-09-01T11:02:00.2209701+07:00,2026/09/01 11:02:00.298, NVIDIA GeForce RTX 5060, 591.86, P8, 31, 1, 1006, 8151, 9.52, 145.00, 360, 405, 1, 8
2026-09-01T11:02:05.3336140+07:00,2026/09/01 11:02:05.364, NVIDIA GeForce RTX 5060, 591.86, P8, 31, 0, 1006, 8151, 9.48, 145.00, 360, 405, 1, 8
2026-09-01T11:02:10.3833332+07:00,2026/09/01 11:02:10.445, NVIDIA GeForce RTX 5060, 591.86, P8, 31, 0, 1006, 8151, 9.56, 145.00, 405, 405, 1, 8
2026-09-01T11:02:15.4628842+07:00,2026/09/01 11:02:15.524, NVIDIA GeForce RTX 5060, 591.86, P8, 31, 1, 1006, 8151, 9.40, 145.00, 360, 405, 1, 8
2026-09-01T11:02:20.6189806+07:00,2026/09/01 11:02:20.696, NVIDIA GeForce RTX 5060, 591.86, P8, 31, 0, 1006, 8151, 9.46, 145.00, 382, 405, 1, 8
2026-09-01T11:02:25.7137120+07:00,2026/09/01 11:02:25.744, NVIDIA GeForce RTX 5060, 591.86, P8, 31, 0, 1006, 8151, 9.56, 145.00, 375, 405, 1, 8
2026-09-01T11:02:30.7642637+07:00,2026/09/01 11:02:30.795, NVIDIA GeForce RTX 5060, 591.86, P8, 31, 0, 1006, 8151, 9.38, 145.00, 367, 405, 1, 8
2026-09-01T11:02:35.8153219+07:00,2026/09/01 11:02:35.861, NVIDIA GeForce RTX 5060, 591.86, P8, 31, 1, 1006, 8151, 9.44, 145.00, 375, 405, 1, 8
2026-09-01T11:02:40.8797063+07:00,2026/09/01 11:02:40.972, NVIDIA GeForce RTX 5060, 591.86, P8, 31, 1, 1006, 8151, 9.19, 145.00, 360, 405, 1, 8
2026-09-01T11:02:45.9930699+07:00,2026/09/01 11:02:46.349, NVIDIA GeForce RTX 5060, 591.86, P0, 32, 0, 1006, 8151, 14.99, 145.00, 2362, 14201, 4, 8
2026-09-01T11:02:51.4618334+07:00,2026/09/01 11:02:51.570, NVIDIA GeForce RTX 5060, 591.86, P0, 32, 0, 1006, 8151, 23.16, 145.00, 2535, 14201, 4, 8
2026-09-01T11:02:56.5894645+07:00,2026/09/01 11:02:56.620, NVIDIA GeForce RTX 5060, 591.86, P8, 31, 0, 1006, 8151, 9.39, 145.00, 397, 405, 1, 8
2026-09-01T11:03:01.6386338+07:00,2026/09/01 11:03:01.669, NVIDIA GeForce RTX 5060, 591.86, P8, 31, 1, 1006, 8151, 9.47, 145.00, 427, 405, 1, 8
2026-09-01T11:03:06.6892347+07:00,2026/09/01 11:03:06.720, NVIDIA GeForce RTX 5060, 591.86, P8, 31, 0, 1006, 8151, 9.42, 145.00, 375, 405, 1, 8
2026-09-01T11:03:11.7382371+07:00,2026/09/01 11:03:11.769, NVIDIA GeForce RTX 5060, 591.86, P8, 31, 0, 1006, 8151, 9.31, 145.00, 360, 405, 1, 8
2026-09-01T11:03:16.7896594+07:00,2026/09/01 11:03:17.130, NVIDIA GeForce RTX 5060, 591.86, P8, 31, 1, 1006, 8151, 9.57, 145.00, 360, 405, 1, 8
2026-09-01T11:03:22.3074643+07:00,2026/09/01 11:03:22.385, NVIDIA GeForce RTX 5060, 591.86, P8, 31, 1, 1006, 8151, 9.58, 145.00, 337, 405, 1, 8
2026-09-01T11:03:27.4073538+07:00,2026/09/01 11:03:27.453, NVIDIA GeForce RTX 5060, 591.86, P8, 31, 0, 1006, 8151, 9.42, 145.00, 352, 405, 1, 8
2026-09-01T11:03:32.4758304+07:00,2026/09/01 11:03:32.506, NVIDIA GeForce RTX 5060, 591.86, P8, 31, 0, 1006, 8151, 9.50, 145.00, 397, 405, 1, 8
2026-09-01T11:03:37.5282058+07:00,2026/09/01 11:03:37.559, NVIDIA GeForce RTX 5060, 591.86, P8, 31, 3, 1006, 8151, 9.85, 145.00, 487, 405, 1, 8
2026-09-01T11:03:42.5807458+07:00,2026/09/01 11:03:42.611, NVIDIA GeForce RTX 5060, 591.86, P8, 31, 0, 1006, 8151, 9.64, 145.00, 375, 405, 1, 8
2026-09-01T11:03:47.6334546+07:00,2026/09/01 11:03:47.664, NVIDIA GeForce RTX 5060, 591.86, P8, 31, 1, 1006, 8151, 9.57, 145.00, 390, 405, 1, 8
2026-09-01T11:03:52.7644192+07:00,2026/09/01 11:03:52.794, NVIDIA GeForce RTX 5060, 591.86, P8, 31, 1, 1006, 8151, 9.85, 145.00, 420, 405, 1, 8
2026-09-01T11:03:57.8168843+07:00,2026/09/01 11:03:57.925, NVIDIA GeForce RTX 5060, 591.86, P8, 31, 1, 1006, 8151, 9.52, 145.00, 345, 405, 1, 8
2026-09-01T11:04:02.9456833+07:00,2026/09/01 11:04:03.271, NVIDIA GeForce RTX 5060, 591.86, P8, 31, 0, 1006, 8151, 10.23, 145.00, 382, 405, 1, 8
2026-09-01T11:04:08.3226031+07:00,2026/09/01 11:04:08.415, NVIDIA GeForce RTX 5060, 591.86, P8, 31, 0, 1006, 8151, 9.37, 145.00, 375, 405, 1, 8
2026-09-01T11:04:13.4364504+07:00,2026/09/01 11:04:13.529, NVIDIA GeForce RTX 5060, 591.86, P8, 31, 1, 1006, 8151, 9.54, 145.00, 360, 405, 1, 8
2026-09-01T11:04:18.5655476+07:00,2026/09/01 11:04:18.596, NVIDIA GeForce RTX 5060, 591.86, P8, 31, 0, 1006, 8151, 9.55, 145.00, 360, 405, 1, 8
2026-09-01T11:04:23.6788664+07:00,2026/09/01 11:04:23.709, NVIDIA GeForce RTX 5060, 591.86, P8, 31, 0, 1006, 8151, 9.44, 145.00, 367, 405, 1, 8
2026-09-01T11:04:28.7290975+07:00,2026/09/01 11:04:28.760, NVIDIA GeForce RTX 5060, 591.86, P8, 31, 1, 1006, 8151, 9.59, 145.00, 360, 405, 1, 8
2026-09-01T11:04:33.7793352+07:00,2026/09/01 11:04:33.810, NVIDIA GeForce RTX 5060, 591.86, P8, 31, 1, 1006, 8151, 9.54, 145.00, 382, 405, 1, 8
2026-09-01T11:04:38.8272662+07:00,2026/09/01 11:04:38.858, NVIDIA GeForce RTX 5060, 591.86, P8, 31, 1, 1006, 8151, 10.06, 145.00, 360, 405, 1, 8
2026-09-01T11:04:43.8797699+07:00,2026/09/01 11:04:43.910, NVIDIA GeForce RTX 5060, 591.86, P8, 31, 0, 1006, 8151, 9.39, 145.00, 367, 405, 1, 8
2026-09-01T11:04:48.9318496+07:00,2026/09/01 11:04:48.962, NVIDIA GeForce RTX 5060, 591.86, P8, 31, 0, 1006, 8151, 9.46, 145.00, 360, 405, 1, 8
2026-09-01T11:04:54.0444640+07:00,2026/09/01 11:04:54.075, NVIDIA GeForce RTX 5060, 591.86, P8, 31, 1, 1006, 8151, 9.38, 145.00, 375, 405, 1, 8
2026-09-01T11:04:59.0948358+07:00,2026/09/01 11:04:59.125, NVIDIA GeForce RTX 5060, 591.86, P8, 31, 0, 1006, 8151, 9.25, 145.00, 390, 405, 1, 8
2026-09-01T11:05:04.1455138+07:00,2026/09/01 11:05:04.192, NVIDIA GeForce RTX 5060, 591.86, P8, 31, 1, 1006, 8151, 9.33, 145.00, 337, 405, 1, 8
2026-09-01T11:05:09.2124688+07:00,2026/09/01 11:05:09.243, NVIDIA GeForce RTX 5060, 591.86, P8, 31, 1, 1006, 8151, 9.52, 145.00, 375, 405, 1, 8
2026-09-01T11:05:14.2640599+07:00,2026/09/01 11:05:14.295, NVIDIA GeForce RTX 5060, 591.86, P8, 31, 0, 1006, 8151, 9.42, 145.00, 360, 405, 1, 8
2026-09-01T11:05:19.3162183+07:00,2026/09/01 11:05:19.347, NVIDIA GeForce RTX 5060, 591.86, P8, 31, 0, 1006, 8151, 9.50, 145.00, 360, 405, 1, 8
2026-09-01T11:05:24.4289271+07:00,2026/09/01 11:05:24.460, NVIDIA GeForce RTX 5060, 591.86, P8, 31, 1, 1006, 8151, 9.68, 145.00, 405, 405, 1, 8
2026-09-01T11:05:29.4798919+07:00,2026/09/01 11:05:29.510, NVIDIA GeForce RTX 5060, 591.86, P8, 31, 0, 1006, 8151, 9.35, 145.00, 375, 405, 1, 8
2026-09-01T11:05:34.5311061+07:00,2026/09/01 11:05:34.562, NVIDIA GeForce RTX 5060, 591.86, P8, 31, 0, 1006, 8151, 9.44, 145.00, 382, 405, 1, 8
2026-09-01T11:05:39.5824305+07:00,2026/09/01 11:05:39.613, NVIDIA GeForce RTX 5060, 591.86, P8, 31, 1, 1006, 8151, 9.17, 145.00, 390, 405, 1, 8
2026-09-01T11:05:44.6331734+07:00,2026/09/01 11:05:44.664, NVIDIA GeForce RTX 5060, 591.86, P8, 31, 1, 1006, 8151, 9.55, 145.00, 390, 405, 1, 8
2026-09-01T11:05:49.6817984+07:00,2026/09/01 11:05:49.712, NVIDIA GeForce RTX 5060, 591.86, P8, 31, 1, 1006, 8151, 9.37, 145.00, 367, 405, 1, 8
2026-09-01T11:05:54.7928145+07:00,2026/09/01 11:05:54.823, NVIDIA GeForce RTX 5060, 591.86, P8, 31, 0, 1006, 8151, 9.51, 145.00, 367, 405, 1, 8
2026-09-01T11:05:59.8439927+07:00,2026/09/01 11:05:59.874, NVIDIA GeForce RTX 5060, 591.86, P8, 31, 0, 1006, 8151, 9.33, 145.00, 360, 405, 1, 8
2026-09-01T11:06:04.8931016+07:00,2026/09/01 11:06:04.924, NVIDIA GeForce RTX 5060, 591.86, P8, 31, 0, 1006, 8151, 9.44, 145.00, 345, 405, 1, 8
2026-09-01T11:06:09.9427869+07:00,2026/09/01 11:06:09.973, NVIDIA GeForce RTX 5060, 591.86, P8, 31, 1, 1006, 8151, 9.45, 145.00, 360, 405, 1, 8
2026-09-01T11:06:14.9917240+07:00,2026/09/01 11:06:15.022, NVIDIA GeForce RTX 5060, 591.86, P8, 31, 1, 1006, 8151, 9.35, 145.00, 345, 405, 1, 8
2026-09-01T11:06:20.0407181+07:00,2026/09/01 11:06:20.071, NVIDIA GeForce RTX 5060, 591.86, P8, 31, 1, 1008, 8151, 9.63, 145.00, 360, 405, 1, 8
2026-09-01T11:06:25.1681360+07:00,2026/09/01 11:06:25.198, NVIDIA GeForce RTX 5060, 591.86, P8, 31, 1, 1008, 8151, 9.33, 145.00, 367, 405, 1, 8
2026-09-01T11:06:30.2175643+07:00,2026/09/01 11:06:30.248, NVIDIA GeForce RTX 5060, 591.86, P8, 31, 0, 1008, 8151, 9.44, 145.00, 345, 405, 1, 8
2026-09-01T11:06:35.2663690+07:00,2026/09/01 11:06:35.296, NVIDIA GeForce RTX 5060, 591.86, P8, 31, 0, 1008, 8151, 9.53, 145.00, 345, 405, 1, 8
2026-09-01T11:06:40.3171410+07:00,2026/09/01 11:06:40.348, NVIDIA GeForce RTX 5060, 591.86, P8, 31, 1, 1008, 8151, 9.45, 145.00, 360, 405, 1, 8
2026-09-01T11:06:45.3663100+07:00,2026/09/01 11:06:45.397, NVIDIA GeForce RTX 5060, 591.86, P8, 31, 1, 1008, 8151, 9.44, 145.00, 367, 405, 1, 8
2026-09-01T11:06:50.4162205+07:00,2026/09/01 11:06:50.447, NVIDIA GeForce RTX 5060, 591.86, P8, 31, 1, 1008, 8151, 9.37, 145.00, 375, 405, 1, 8
2026-09-01T11:06:55.5285783+07:00,2026/09/01 11:06:55.559, NVIDIA GeForce RTX 5060, 591.86, P8, 31, 0, 1008, 8151, 9.41, 145.00, 367, 405, 1, 8
2026-09-01T11:07:00.5785452+07:00,2026/09/01 11:07:00.609, NVIDIA GeForce RTX 5060, 591.86, P8, 31, 1, 1008, 8151, 9.44, 145.00, 360, 405, 1, 8
2026-09-01T11:07:05.6261136+07:00,2026/09/01 11:07:05.657, NVIDIA GeForce RTX 5060, 591.86, P8, 31, 1, 1008, 8151, 9.40, 145.00, 345, 405, 1, 8
2026-09-01T11:07:10.6762883+07:00,2026/09/01 11:07:10.707, NVIDIA GeForce RTX 5060, 591.86, P8, 31, 1, 1008, 8151, 9.35, 145.00, 367, 405, 1, 8
2026-09-01T11:07:15.7258680+07:00,2026/09/01 11:07:15.756, NVIDIA GeForce RTX 5060, 591.86, P8, 31, 1, 1008, 8151, 9.38, 145.00, 367, 405, 1, 8
2026-09-01T11:07:20.7752557+07:00,2026/09/01 11:07:20.806, NVIDIA GeForce RTX 5060, 591.86, P8, 31, 1, 1008, 8151, 9.60, 145.00, 345, 405, 1, 8
2026-09-01T11:07:25.8885403+07:00,2026/09/01 11:07:25.919, NVIDIA GeForce RTX 5060, 591.86, P8, 31, 0, 1008, 8151, 9.29, 145.00, 360, 405, 1, 8
2026-09-01T11:07:30.9373269+07:00,2026/09/01 11:07:30.968, NVIDIA GeForce RTX 5060, 591.86, P8, 31, 0, 1008, 8151, 9.35, 145.00, 345, 405, 1, 8
2026-09-01T11:07:35.9871602+07:00,2026/09/01 11:07:36.018, NVIDIA GeForce RTX 5060, 591.86, P8, 31, 0, 1008, 8151, 9.29, 145.00, 352, 405, 1, 8
2026-09-01T11:07:41.0368024+07:00,2026/09/01 11:07:41.082, NVIDIA GeForce RTX 5060, 591.86, P8, 31, 0, 1008, 8151, 9.46, 145.00, 375, 405, 1, 8
2026-09-01T11:07:46.1026866+07:00,2026/09/01 11:07:46.133, NVIDIA GeForce RTX 5060, 591.86, P8, 31, 0, 1008, 8151, 9.39, 145.00, 367, 405, 1, 8
2026-09-01T11:07:51.1524395+07:00,2026/09/01 11:07:51.183, NVIDIA GeForce RTX 5060, 591.86, P8, 31, 1, 1008, 8151, 9.37, 145.00, 360, 405, 1, 8
2026-09-01T11:07:56.3266489+07:00,2026/09/01 11:07:56.357, NVIDIA GeForce RTX 5060, 591.86, P8, 31, 0, 1008, 8151, 9.38, 145.00, 345, 405, 1, 8
2026-09-01T11:08:01.3777241+07:00,2026/09/01 11:08:01.408, NVIDIA GeForce RTX 5060, 591.86, P8, 31, 0, 1008, 8151, 9.36, 145.00, 360, 405, 1, 8
2026-09-01T11:08:06.4279017+07:00,2026/09/01 11:08:06.458, NVIDIA GeForce RTX 5060, 591.86, P8, 31, 0, 1008, 8151, 9.35, 145.00, 345, 405, 1, 8
2026-09-01T11:08:11.4770489+07:00,2026/09/01 11:08:11.507, NVIDIA GeForce RTX 5060, 591.86, P8, 31, 1, 1008, 8151, 9.19, 145.00, 360, 405, 1, 8
2026-09-01T11:08:16.5284062+07:00,2026/09/01 11:08:16.559, NVIDIA GeForce RTX 5060, 591.86, P8, 31, 0, 1008, 8151, 9.40, 145.00, 345, 405, 1, 8
2026-09-01T11:08:21.5783694+07:00,2026/09/01 11:08:21.609, NVIDIA GeForce RTX 5060, 591.86, P8, 31, 1, 1008, 8151, 9.48, 145.00, 375, 405, 1, 8
2026-09-01T11:08:26.6908976+07:00,2026/09/01 11:08:26.721, NVIDIA GeForce RTX 5060, 591.86, P8, 31, 1, 1008, 8151, 9.49, 145.00, 382, 405, 1, 8
2026-09-01T11:08:31.7397001+07:00,2026/09/01 11:08:31.770, NVIDIA GeForce RTX 5060, 591.86, P8, 31, 1, 1008, 8151, 9.34, 145.00, 375, 405, 1, 8
2026-09-01T11:08:36.7895862+07:00,2026/09/01 11:08:36.820, NVIDIA GeForce RTX 5060, 591.86, P8, 31, 0, 1008, 8151, 9.30, 145.00, 352, 405, 1, 8
2026-09-01T11:08:41.8414779+07:00,2026/09/01 11:08:41.887, NVIDIA GeForce RTX 5060, 591.86, P8, 31, 1, 1008, 8151, 9.33, 145.00, 352, 405, 1, 8
2026-09-01T11:08:46.9066238+07:00,2026/09/01 11:08:46.937, NVIDIA GeForce RTX 5060, 591.86, P8, 31, 1, 1008, 8151, 9.18, 145.00, 367, 405, 1, 8
2026-09-01T11:08:51.9561066+07:00,2026/09/01 11:08:51.987, NVIDIA GeForce RTX 5060, 591.86, P8, 31, 1, 1008, 8151, 9.34, 145.00, 367, 405, 1, 8
2026-09-01T11:08:57.0680012+07:00,2026/09/01 11:08:57.099, NVIDIA GeForce RTX 5060, 591.86, P8, 31, 0, 1008, 8151, 9.34, 145.00, 367, 405, 1, 8
2026-09-01T11:09:02.1192497+07:00,2026/09/01 11:09:02.150, NVIDIA GeForce RTX 5060, 591.86, P8, 31, 1, 1008, 8151, 9.42, 145.00, 360, 405, 1, 8
2026-09-01T11:09:07.1710186+07:00,2026/09/01 11:09:07.202, NVIDIA GeForce RTX 5060, 591.86, P8, 31, 0, 1006, 8151, 9.43, 145.00, 345, 405, 1, 8
2026-09-01T11:09:12.2215253+07:00,2026/09/01 11:09:12.252, NVIDIA GeForce RTX 5060, 591.86, P8, 31, 1, 1006, 8151, 9.19, 145.00, 360, 405, 1, 8
2026-09-01T11:09:17.2717859+07:00,2026/09/01 11:09:17.302, NVIDIA GeForce RTX 5060, 591.86, P8, 31, 1, 1006, 8151, 9.31, 145.00, 345, 405, 1, 8
2026-09-01T11:09:22.3224915+07:00,2026/09/01 11:09:22.353, NVIDIA GeForce RTX 5060, 591.86, P8, 31, 0, 1006, 8151, 9.27, 145.00, 360, 405, 1, 8
2026-09-01T11:09:27.4499238+07:00,2026/09/01 11:09:27.480, NVIDIA GeForce RTX 5060, 591.86, P8, 31, 0, 1006, 8151, 9.19, 145.00, 375, 405, 1, 8
2026-09-01T11:09:32.5157417+07:00,2026/09/01 11:09:32.546, NVIDIA GeForce RTX 5060, 591.86, P8, 31, 1, 1006, 8151, 9.29, 145.00, 352, 405, 1, 8
2026-09-01T11:09:37.5802389+07:00,2026/09/01 11:09:37.611, NVIDIA GeForce RTX 5060, 591.86, P8, 31, 0, 1006, 8151, 9.28, 145.00, 360, 405, 1, 8
2026-09-01T11:09:42.6375397+07:00,2026/09/01 11:09:42.668, NVIDIA GeForce RTX 5060, 591.86, P8, 31, 1, 1006, 8151, 9.35, 145.00, 345, 405, 1, 8
2026-09-01T11:09:47.6876117+07:00,2026/09/01 11:09:47.718, NVIDIA GeForce RTX 5060, 591.86, P8, 31, 0, 1006, 8151, 9.33, 145.00, 375, 405, 1, 8
2026-09-01T11:09:52.7396502+07:00,2026/09/01 11:09:52.770, NVIDIA GeForce RTX 5060, 591.86, P8, 31, 0, 1006, 8151, 9.27, 145.00, 360, 405, 1, 8
2026-09-01T11:09:57.8520521+07:00,2026/09/01 11:09:57.883, NVIDIA GeForce RTX 5060, 591.86, P8, 31, 1, 1006, 8151, 9.27, 145.00, 345, 405, 1, 8
2026-09-01T11:10:02.9010703+07:00,2026/09/01 11:10:02.932, NVIDIA GeForce RTX 5060, 591.86, P8, 31, 1, 1006, 8151, 9.29, 145.00, 367, 405, 1, 8
2026-09-01T11:10:07.9510122+07:00,2026/09/01 11:10:07.982, NVIDIA GeForce RTX 5060, 591.86, P8, 31, 1, 1006, 8151, 9.31, 145.00, 345, 405, 1, 8
2026-09-01T11:10:12.9969664+07:00,2026/09/01 11:10:13.027, NVIDIA GeForce RTX 5060, 591.86, P8, 31, 0, 1006, 8151, 9.41, 145.00, 352, 405, 1, 8
2026-09-01T11:10:18.0425625+07:00,2026/09/01 11:10:18.073, NVIDIA GeForce RTX 5060, 591.86, P8, 31, 0, 1006, 8151, 9.38, 145.00, 352, 405, 1, 8
2026-09-01T11:10:23.1049453+07:00,2026/09/01 11:10:23.135, NVIDIA GeForce RTX 5060, 591.86, P8, 31, 1, 1006, 8151, 9.47, 145.00, 337, 405, 1, 8
2026-09-01T11:10:28.2289034+07:00,2026/09/01 11:10:28.259, NVIDIA GeForce RTX 5060, 591.86, P8, 31, 0, 1006, 8151, 9.45, 145.00, 360, 405, 1, 8
2026-09-01T11:10:33.2778683+07:00,2026/09/01 11:10:33.308, NVIDIA GeForce RTX 5060, 591.86, P8, 31, 0, 1006, 8151, 9.51, 145.00, 375, 405, 1, 8
2026-09-01T11:10:38.3236285+07:00,2026/09/01 11:10:38.370, NVIDIA GeForce RTX 5060, 591.86, P8, 31, 0, 1006, 8151, 9.47, 145.00, 360, 405, 1, 8
2026-09-01T11:10:43.4018704+07:00,2026/09/01 11:10:43.432, NVIDIA GeForce RTX 5060, 591.86, P8, 31, 1, 1006, 8151, 9.26, 145.00, 367, 405, 1, 8
2026-09-01T11:10:48.4496250+07:00,2026/09/01 11:10:48.480, NVIDIA GeForce RTX 5060, 591.86, P8, 31, 1, 1006, 8151, 9.40, 145.00, 375, 405, 1, 8
2026-09-01T11:10:53.4979741+07:00,2026/09/01 11:10:53.528, NVIDIA GeForce RTX 5060, 591.86, P8, 31, 1, 1006, 8151, 9.44, 145.00, 375, 405, 1, 8
2026-09-01T11:10:58.6358318+07:00,2026/09/01 11:10:58.666, NVIDIA GeForce RTX 5060, 591.86, P8, 31, 0, 1006, 8151, 9.44, 145.00, 382, 405, 1, 8
2026-09-01T11:11:03.6972489+07:00,2026/09/01 11:11:03.728, NVIDIA GeForce RTX 5060, 591.86, P8, 31, 0, 1006, 8151, 9.37, 145.00, 375, 405, 1, 8
2026-09-01T11:11:08.7473173+07:00,2026/09/01 11:11:08.824, NVIDIA GeForce RTX 5060, 591.86, P8, 31, 1, 1006, 8151, 9.30, 145.00, 375, 405, 1, 8
2026-09-01T11:11:13.8617701+07:00,2026/09/01 11:11:14.605, NVIDIA GeForce RTX 5060, 591.86, P8, 31, 0, 1006, 8151, 9.99, 145.00, 375, 405, 1, 8
2026-09-01T11:11:19.6258853+07:00,2026/09/01 11:11:19.734, NVIDIA GeForce RTX 5060, 591.86, P8, 31, 1, 1006, 8151, 9.48, 145.00, 390, 405, 1, 8
2026-09-01T11:11:24.7553353+07:00,2026/09/01 11:11:24.832, NVIDIA GeForce RTX 5060, 591.86, P8, 31, 0, 1006, 8151, 9.26, 145.00, 360, 405, 1, 8
2026-09-01T11:11:29.9133080+07:00,2026/09/01 11:11:30.236, NVIDIA GeForce RTX 5060, 591.86, P8, 31, 1, 1008, 8151, 9.63, 145.00, 442, 405, 1, 8
2026-09-01T11:11:35.3145785+07:00,2026/09/01 11:11:35.361, NVIDIA GeForce RTX 5060, 591.86, P8, 31, 0, 1025, 8151, 9.30, 145.00, 285, 405, 1, 8
2026-09-01T11:11:40.3808081+07:00,2026/09/01 11:11:40.442, NVIDIA GeForce RTX 5060, 591.86, P8, 31, 0, 1022, 8151, 9.03, 145.00, 262, 405, 1, 8
2026-09-01T11:11:45.4611952+07:00,2026/09/01 11:11:45.523, NVIDIA GeForce RTX 5060, 591.86, P8, 31, 1, 1022, 8151, 9.47, 145.00, 390, 405, 1, 8
2026-09-01T11:11:50.5373259+07:00,2026/09/01 11:11:50.599, NVIDIA GeForce RTX 5060, 591.86, P8, 31, 1, 1022, 8151, 9.38, 145.00, 360, 405, 1, 8
2026-09-01T11:11:55.6198069+07:00,2026/09/01 11:11:55.881, NVIDIA GeForce RTX 5060, 591.86, P8, 31, 1, 1022, 8151, 9.42, 145.00, 375, 405, 1, 8
2026-09-01T11:12:00.9803564+07:00,2026/09/01 11:12:01.379, NVIDIA GeForce RTX 5060, 591.86, P8, 31, 1, 1022, 8151, 9.69, 145.00, 412, 405, 1, 8
2026-09-01T11:12:06.4218364+07:00,2026/09/01 11:12:06.590, NVIDIA GeForce RTX 5060, 591.86, P8, 31, 1, 1022, 8151, 9.59, 145.00, 375, 405, 1, 8
2026-09-01T11:12:11.6782583+07:00,2026/09/01 11:12:11.970, NVIDIA GeForce RTX 5060, 591.86, P8, 31, 1, 1022, 8151, 9.69, 145.00, 360, 405, 1, 8
2026-09-01T11:12:16.9912013+07:00,2026/09/01 11:12:17.376, NVIDIA GeForce RTX 5060, 591.86, P8, 31, 0, 1022, 8151, 9.58, 145.00, 360, 405, 1, 8
2026-09-01T11:12:22.4236181+07:00,2026/09/01 11:12:22.777, NVIDIA GeForce RTX 5060, 591.86, P8, 31, 0, 1022, 8151, 9.61, 145.00, 375, 405, 1, 8
2026-09-01T11:12:27.8307196+07:00,2026/09/01 11:12:28.277, NVIDIA GeForce RTX 5060, 591.86, P8, 31, 1, 1022, 8151, 9.56, 145.00, 375, 405, 1, 8
2026-09-01T11:12:33.3983660+07:00,2026/09/01 11:12:33.843, NVIDIA GeForce RTX 5060, 591.86, P8, 31, 0, 1022, 8151, 9.89, 145.00, 352, 405, 1, 8
2026-09-01T11:12:38.9470417+07:00,2026/09/01 11:12:39.009, NVIDIA GeForce RTX 5060, 591.86, P8, 31, 1, 1022, 8151, 9.70, 145.00, 397, 405, 1, 8
2026-09-01T11:12:44.0204355+07:00,2026/09/01 11:12:44.174, NVIDIA GeForce RTX 5060, 591.86, P8, 31, 1, 1022, 8151, 9.63, 145.00, 390, 405, 1, 8
2026-09-01T11:12:49.1992005+07:00,2026/09/01 11:12:49.507, NVIDIA GeForce RTX 5060, 591.86, P8, 31, 1, 1022, 8151, 9.45, 145.00, 375, 405, 1, 8
2026-09-01T11:12:54.5339121+07:00,2026/09/01 11:12:54.580, NVIDIA GeForce RTX 5060, 591.86, P8, 31, 1, 1022, 8151, 9.57, 145.00, 367, 405, 1, 8
2026-09-01T11:12:59.6144645+07:00,2026/09/01 11:12:59.983, NVIDIA GeForce RTX 5060, 591.86, P8, 31, 0, 1022, 8151, 9.47, 145.00, 352, 405, 1, 8
2026-09-01T11:13:05.1274417+07:00,2026/09/01 11:13:05.360, NVIDIA GeForce RTX 5060, 591.86, P8, 31, 1, 1022, 8151, 9.50, 145.00, 390, 405, 1, 8
2026-09-01T11:13:10.4485210+07:00,2026/09/01 11:13:10.880, NVIDIA GeForce RTX 5060, 591.86, P8, 31, 1, 1022, 8151, 9.66, 145.00, 397, 405, 1, 8
2026-09-01T11:13:16.0102958+07:00,2026/09/01 11:13:16.365, NVIDIA GeForce RTX 5060, 591.86, P8, 31, 0, 1022, 8151, 9.52, 145.00, 375, 405, 1, 8
2026-09-01T11:13:21.5096423+07:00,2026/09/01 11:13:21.834, NVIDIA GeForce RTX 5060, 591.86, P8, 31, 0, 1022, 8151, 9.44, 145.00, 375, 405, 1, 8
2026-09-01T11:13:27.0096373+07:00,2026/09/01 11:13:27.056, NVIDIA GeForce RTX 5060, 591.86, P8, 31, 1, 1022, 8151, 9.62, 145.00, 390, 405, 1, 8
2026-09-01T11:13:32.1355268+07:00,2026/09/01 11:13:32.212, NVIDIA GeForce RTX 5060, 591.86, P8, 31, 3, 1022, 8151, 9.59, 145.00, 390, 405, 1, 8
2026-09-01T11:13:37.3282632+07:00,2026/09/01 11:13:37.390, NVIDIA GeForce RTX 5060, 591.86, P8, 31, 1, 1022, 8151, 9.43, 145.00, 367, 405, 1, 8
2026-09-01T11:13:42.4070237+07:00,2026/09/01 11:13:42.453, NVIDIA GeForce RTX 5060, 591.86, P8, 31, 1, 1022, 8151, 9.55, 145.00, 397, 405, 1, 8
2026-09-01T11:13:47.4745919+07:00,2026/09/01 11:13:47.536, NVIDIA GeForce RTX 5060, 591.86, P8, 31, 0, 1022, 8151, 9.45, 145.00, 375, 405, 1, 8
2026-09-01T11:13:52.5576715+07:00,2026/09/01 11:13:52.604, NVIDIA GeForce RTX 5060, 591.86, P8, 31, 0, 1022, 8151, 9.45, 145.00, 375, 405, 1, 8
2026-09-01T11:13:57.6251325+07:00,2026/09/01 11:13:57.687, NVIDIA GeForce RTX 5060, 591.86, P8, 31, 0, 1022, 8151, 9.52, 145.00, 375, 405, 1, 8
2026-09-01T11:14:02.7070378+07:00,2026/09/01 11:14:02.753, NVIDIA GeForce RTX 5060, 591.86, P8, 31, 1, 1022, 8151, 9.57, 145.00, 367, 405, 1, 8
2026-09-01T11:14:07.8505661+07:00,2026/09/01 11:14:07.897, NVIDIA GeForce RTX 5060, 591.86, P8, 31, 1, 1022, 8151, 9.38, 145.00, 345, 405, 1, 8
2026-09-01T11:14:12.9172937+07:00,2026/09/01 11:14:12.963, NVIDIA GeForce RTX 5060, 591.86, P8, 31, 0, 1022, 8151, 9.39, 145.00, 345, 405, 1, 8
2026-09-01T11:14:17.9837385+07:00,2026/09/01 11:14:18.060, NVIDIA GeForce RTX 5060, 591.86, P8, 31, 0, 1022, 8151, 9.43, 145.00, 345, 405, 1, 8
2026-09-01T11:14:23.0814996+07:00,2026/09/01 11:14:23.143, NVIDIA GeForce RTX 5060, 591.86, P8, 31, 1, 1022, 8151, 9.33, 145.00, 360, 405, 1, 8
2026-09-01T11:14:28.1653393+07:00,2026/09/01 11:14:28.211, NVIDIA GeForce RTX 5060, 591.86, P8, 31, 0, 1022, 8151, 9.33, 145.00, 382, 405, 1, 8
2026-09-01T11:14:33.2326443+07:00,2026/09/01 11:14:33.279, NVIDIA GeForce RTX 5060, 591.86, P8, 31, 0, 1022, 8151, 9.48, 145.00, 397, 405, 1, 8
2026-09-01T11:14:38.3776882+07:00,2026/09/01 11:14:38.424, NVIDIA GeForce RTX 5060, 591.86, P8, 31, 1, 1022, 8151, 9.53, 145.00, 390, 405, 1, 8
2026-09-01T11:14:43.4453006+07:00,2026/09/01 11:14:43.492, NVIDIA GeForce RTX 5060, 591.86, P8, 31, 0, 1022, 8151, 9.47, 145.00, 367, 405, 1, 8
2026-09-01T11:14:48.5116886+07:00,2026/09/01 11:14:48.588, NVIDIA GeForce RTX 5060, 591.86, P8, 31, 1, 1022, 8151, 9.61, 145.00, 382, 405, 1, 8
2026-09-01T11:14:53.6074992+07:00,2026/09/01 11:14:53.669, NVIDIA GeForce RTX 5060, 591.86, P8, 31, 0, 1032, 8151, 9.89, 145.00, 337, 405, 1, 8
2026-09-01T11:14:58.6876803+07:00,2026/09/01 11:14:58.734, NVIDIA GeForce RTX 5060, 591.86, P8, 31, 0, 1024, 8151, 9.65, 145.00, 465, 405, 1, 8
2026-09-01T11:15:03.7534024+07:00,2026/09/01 11:15:03.784, NVIDIA GeForce RTX 5060, 591.86, P8, 31, 0, 1021, 8151, 9.55, 145.00, 382, 405, 1, 8
2026-09-01T11:15:08.8662936+07:00,2026/09/01 11:15:08.927, NVIDIA GeForce RTX 5060, 591.86, P8, 31, 0, 1021, 8151, 9.82, 145.00, 360, 405, 1, 8
2026-09-01T11:15:13.9474815+07:00,2026/09/01 11:15:14.009, NVIDIA GeForce RTX 5060, 591.86, P8, 31, 1, 1021, 8151, 9.64, 145.00, 375, 405, 1, 8
2026-09-01T11:15:19.0270368+07:00,2026/09/01 11:15:19.058, NVIDIA GeForce RTX 5060, 591.86, P8, 31, 0, 1021, 8151, 9.48, 145.00, 375, 405, 1, 8
2026-09-01T11:15:24.0781063+07:00,2026/09/01 11:15:24.109, NVIDIA GeForce RTX 5060, 591.86, P8, 31, 0, 1021, 8151, 9.57, 145.00, 367, 405, 1, 8
2026-09-01T11:15:29.1289825+07:00,2026/09/01 11:15:29.175, NVIDIA GeForce RTX 5060, 591.86, P8, 32, 1, 1021, 8151, 9.90, 145.00, 412, 405, 1, 8
2026-09-01T11:15:34.1956415+07:00,2026/09/01 11:15:34.257, NVIDIA GeForce RTX 5060, 591.86, P8, 31, 0, 1021, 8151, 9.62, 145.00, 375, 405, 1, 8
2026-09-01T11:15:39.3696531+07:00,2026/09/01 11:15:39.431, NVIDIA GeForce RTX 5060, 591.86, P8, 31, 0, 1021, 8151, 9.44, 145.00, 352, 405, 1, 8
2026-09-01T11:15:44.4531487+07:00,2026/09/01 11:15:44.575, NVIDIA GeForce RTX 5060, 591.86, P3, 33, 0, 1021, 8151, 22.76, 145.00, 2535, 7001, 4, 8
2026-09-01T11:15:49.6089509+07:00,2026/09/01 11:15:49.639, NVIDIA GeForce RTX 5060, 591.86, P0, 33, 0, 1021, 8151, 22.99, 145.00, 2535, 14201, 4, 8
2026-09-01T11:15:54.6591520+07:00,2026/09/01 11:15:54.690, NVIDIA GeForce RTX 5060, 591.86, P8, 32, 1, 1021, 8151, 9.56, 145.00, 360, 405, 1, 8
2026-09-01T11:15:59.7105939+07:00,2026/09/01 11:15:59.787, NVIDIA GeForce RTX 5060, 591.86, P8, 32, 1, 1021, 8151, 9.52, 145.00, 382, 405, 1, 8
2026-09-01T11:16:04.8067341+07:00,2026/09/01 11:16:04.837, NVIDIA GeForce RTX 5060, 591.86, P8, 32, 1, 1021, 8151, 9.44, 145.00, 352, 405, 1, 8
2026-09-01T11:16:09.9197239+07:00,2026/09/01 11:16:09.997, NVIDIA GeForce RTX 5060, 591.86, P8, 32, 1, 1021, 8151, 9.47, 145.00, 382, 405, 1, 8
2026-09-01T11:16:15.0320044+07:00,2026/09/01 11:16:15.063, NVIDIA GeForce RTX 5060, 591.86, P8, 32, 1, 1021, 8151, 9.47, 145.00, 367, 405, 1, 8
2026-09-01T11:16:20.0837434+07:00,2026/09/01 11:16:20.129, NVIDIA GeForce RTX 5060, 591.86, P8, 32, 1, 1021, 8151, 9.49, 145.00, 382, 405, 1, 8
2026-09-01T11:16:25.1488750+07:00,2026/09/01 11:16:25.179, NVIDIA GeForce RTX 5060, 591.86, P8, 32, 0, 1021, 8151, 9.67, 145.00, 382, 405, 1, 8
2026-09-01T11:16:30.1985631+07:00,2026/09/01 11:16:30.229, NVIDIA GeForce RTX 5060, 591.86, P8, 32, 2, 1021, 8151, 9.49, 145.00, 397, 405, 1, 8
2026-09-01T11:16:35.2497525+07:00,2026/09/01 11:16:35.916, NVIDIA GeForce RTX 5060, 591.86, P8, 32, 0, 1021, 8151, 9.88, 145.00, 375, 405, 1, 8
2026-09-01T11:16:40.9983666+07:00,2026/09/01 11:16:41.091, NVIDIA GeForce RTX 5060, 591.86, P8, 32, 1, 1021, 8151, 9.31, 145.00, 367, 405, 1, 8
2026-09-01T11:16:46.1262584+07:00,2026/09/01 11:16:46.157, NVIDIA GeForce RTX 5060, 591.86, P8, 32, 0, 1021, 8151, 9.39, 145.00, 345, 405, 1, 8
2026-09-01T11:16:51.1771847+07:00,2026/09/01 11:16:51.207, NVIDIA GeForce RTX 5060, 591.86, P8, 32, 1, 1021, 8151, 9.45, 145.00, 375, 405, 1, 8
2026-09-01T11:16:56.2277069+07:00,2026/09/01 11:16:56.258, NVIDIA GeForce RTX 5060, 591.86, P8, 32, 1, 1021, 8151, 9.56, 145.00, 397, 405, 1, 8
2026-09-01T11:17:01.2790620+07:00,2026/09/01 11:17:01.310, NVIDIA GeForce RTX 5060, 591.86, P8, 32, 0, 1021, 8151, 9.59, 145.00, 375, 405, 1, 8
2026-09-01T11:17:06.3288515+07:00,2026/09/01 11:17:06.514, NVIDIA GeForce RTX 5060, 591.86, P8, 32, 1, 1021, 8151, 9.94, 145.00, 352, 405, 1, 8
2026-09-01T11:17:11.5814863+07:00,2026/09/01 11:17:11.643, NVIDIA GeForce RTX 5060, 591.86, P8, 32, 1, 1021, 8151, 9.70, 145.00, 397, 405, 1, 8
2026-09-01T11:17:16.6641164+07:00,2026/09/01 11:17:16.726, NVIDIA GeForce RTX 5060, 591.86, P8, 32, 0, 1021, 8151, 9.53, 145.00, 367, 405, 1, 8
2026-09-01T11:17:21.7621627+07:00,2026/09/01 11:17:21.824, NVIDIA GeForce RTX 5060, 591.86, P8, 32, 1, 1021, 8151, 9.59, 145.00, 345, 405, 1, 8
2026-09-01T11:17:26.8585856+07:00,2026/09/01 11:17:26.889, NVIDIA GeForce RTX 5060, 591.86, P8, 32, 0, 1021, 8151, 9.36, 145.00, 360, 405, 1, 8
2026-09-01T11:17:31.9090545+07:00,2026/09/01 11:17:31.940, NVIDIA GeForce RTX 5060, 591.86, P8, 32, 1, 1021, 8151, 9.42, 145.00, 375, 405, 1, 8
2026-09-01T11:17:36.9595518+07:00,2026/09/01 11:17:36.990, NVIDIA GeForce RTX 5060, 591.86, P8, 32, 1, 1021, 8151, 9.58, 145.00, 397, 405, 1, 8
2026-09-01T11:17:42.0708144+07:00,2026/09/01 11:17:42.101, NVIDIA GeForce RTX 5060, 591.86, P8, 32, 0, 1021, 8151, 9.42, 145.00, 382, 405, 1, 8
2026-09-01T11:17:47.1211644+07:00,2026/09/01 11:17:47.152, NVIDIA GeForce RTX 5060, 591.86, P8, 32, 1, 1021, 8151, 9.60, 145.00, 360, 405, 1, 8
2026-09-01T11:17:52.1715275+07:00,2026/09/01 11:17:52.202, NVIDIA GeForce RTX 5060, 591.86, P8, 32, 1, 1021, 8151, 9.46, 145.00, 397, 405, 1, 8
2026-09-01T11:17:57.2209409+07:00,2026/09/01 11:17:57.282, NVIDIA GeForce RTX 5060, 591.86, P8, 32, 0, 1021, 8151, 9.39, 145.00, 360, 405, 1, 8
2026-09-01T11:18:02.3020509+07:00,2026/09/01 11:18:02.333, NVIDIA GeForce RTX 5060, 591.86, P8, 32, 1, 1021, 8151, 9.50, 145.00, 375, 405, 1, 8
2026-09-01T11:18:07.3532072+07:00,2026/09/01 11:18:07.384, NVIDIA GeForce RTX 5060, 591.86, P8, 32, 1, 1021, 8151, 9.45, 145.00, 375, 405, 1, 8
2026-09-01T11:18:12.4804763+07:00,2026/09/01 11:18:12.511, NVIDIA GeForce RTX 5060, 591.86, P8, 32, 0, 1021, 8151, 9.43, 145.00, 337, 405, 1, 8
2026-09-01T11:18:17.5299480+07:00,2026/09/01 11:18:17.560, NVIDIA GeForce RTX 5060, 591.86, P8, 32, 1, 1021, 8151, 9.42, 145.00, 360, 405, 1, 8
2026-09-01T11:18:22.5788066+07:00,2026/09/01 11:18:22.609, NVIDIA GeForce RTX 5060, 591.86, P8, 32, 0, 1021, 8151, 9.30, 145.00, 330, 405, 1, 8
2026-09-01T11:18:27.6462829+07:00,2026/09/01 11:18:27.677, NVIDIA GeForce RTX 5060, 591.86, P8, 32, 0, 1021, 8151, 9.51, 145.00, 345, 405, 1, 8
2026-09-01T11:18:32.6955629+07:00,2026/09/01 11:18:32.726, NVIDIA GeForce RTX 5060, 591.86, P8, 32, 1, 1021, 8151, 9.59, 145.00, 382, 405, 1, 8
2026-09-01T11:18:37.7471893+07:00,2026/09/01 11:18:37.778, NVIDIA GeForce RTX 5060, 591.86, P8, 32, 1, 1021, 8151, 9.53, 145.00, 382, 405, 1, 8
2026-09-01T11:18:42.8606077+07:00,2026/09/01 11:18:42.891, NVIDIA GeForce RTX 5060, 591.86, P8, 32, 1, 1021, 8151, 9.58, 145.00, 382, 405, 1, 8
2026-09-01T11:18:47.9113796+07:00,2026/09/01 11:18:47.942, NVIDIA GeForce RTX 5060, 591.86, P8, 32, 1, 1021, 8151, 9.69, 145.00, 397, 405, 1, 8
2026-09-01T11:18:52.9619836+07:00,2026/09/01 11:18:52.992, NVIDIA GeForce RTX 5060, 591.86, P8, 32, 1, 1021, 8151, 9.63, 145.00, 367, 405, 1, 8
2026-09-01T11:18:58.0122210+07:00,2026/09/01 11:18:58.043, NVIDIA GeForce RTX 5060, 591.86, P8, 32, 1, 1021, 8151, 9.54, 145.00, 375, 405, 1, 8
2026-09-01T11:19:03.0606029+07:00,2026/09/01 11:19:03.091, NVIDIA GeForce RTX 5060, 591.86, P8, 32, 0, 1021, 8151, 9.41, 145.00, 360, 405, 1, 8
2026-09-01T11:19:08.1104320+07:00,2026/09/01 11:19:08.141, NVIDIA GeForce RTX 5060, 591.86, P8, 32, 1, 1021, 8151, 9.58, 145.00, 345, 405, 1, 8
2026-09-01T11:19:13.3005549+07:00,2026/09/01 11:19:13.331, NVIDIA GeForce RTX 5060, 591.86, P8, 32, 1, 1021, 8151, 9.36, 145.00, 360, 405, 1, 8
2026-09-01T11:19:18.3510896+07:00,2026/09/01 11:19:18.382, NVIDIA GeForce RTX 5060, 591.86, P8, 32, 1, 1021, 8151, 9.66, 145.00, 360, 405, 1, 8
2026-09-01T11:19:23.4011436+07:00,2026/09/01 11:19:23.447, NVIDIA GeForce RTX 5060, 591.86, P8, 32, 0, 1021, 8151, 9.63, 145.00, 360, 405, 1, 8
2026-09-01T11:19:28.4825475+07:00,2026/09/01 11:19:28.513, NVIDIA GeForce RTX 5060, 591.86, P8, 32, 0, 1021, 8151, 9.36, 145.00, 360, 405, 1, 8
2026-09-01T11:19:33.5340125+07:00,2026/09/01 11:19:33.565, NVIDIA GeForce RTX 5060, 591.86, P8, 32, 0, 1021, 8151, 9.49, 145.00, 375, 405, 1, 8
2026-09-01T11:19:38.5846016+07:00,2026/09/01 11:19:38.615, NVIDIA GeForce RTX 5060, 591.86, P8, 32, 1, 1021, 8151, 9.57, 145.00, 345, 405, 1, 8
2026-09-01T11:19:43.6966485+07:00,2026/09/01 11:19:43.727, NVIDIA GeForce RTX 5060, 591.86, P8, 32, 1, 1021, 8151, 9.50, 145.00, 375, 405, 1, 8
2026-09-01T11:19:48.7478420+07:00,2026/09/01 11:19:48.778, NVIDIA GeForce RTX 5060, 591.86, P8, 32, 0, 1021, 8151, 9.60, 145.00, 367, 405, 1, 8
2026-09-01T11:19:53.7973048+07:00,2026/09/01 11:19:53.828, NVIDIA GeForce RTX 5060, 591.86, P8, 32, 0, 1021, 8151, 9.60, 145.00, 367, 405, 1, 8
2026-09-01T11:19:58.8464364+07:00,2026/09/01 11:19:58.877, NVIDIA GeForce RTX 5060, 591.86, P8, 32, 0, 1021, 8151, 9.51, 145.00, 360, 405, 1, 8
2026-09-01T11:20:03.8965148+07:00,2026/09/01 11:20:03.927, NVIDIA GeForce RTX 5060, 591.86, P8, 32, 0, 1021, 8151, 8.85, 145.00, 210, 405, 1, 8
2026-09-01T11:20:08.9461246+07:00,2026/09/01 11:20:08.977, NVIDIA GeForce RTX 5060, 591.86, P8, 32, 0, 1021, 8151, 8.66, 145.00, 255, 405, 1, 8
2026-09-01T11:20:14.0580564+07:00,2026/09/01 11:20:14.089, NVIDIA GeForce RTX 5060, 591.86, P8, 31, 0, 1021, 8151, 8.60, 145.00, 210, 405, 1, 8
2026-09-01T11:20:19.1088993+07:00,2026/09/01 11:20:19.139, NVIDIA GeForce RTX 5060, 591.86, P8, 31, 0, 1021, 8151, 8.75, 145.00, 210, 405, 1, 8
2026-09-01T11:20:24.1596797+07:00,2026/09/01 11:20:24.190, NVIDIA GeForce RTX 5060, 591.86, P8, 31, 0, 1021, 8151, 8.61, 145.00, 210, 405, 1, 8
2026-09-01T11:20:29.2114339+07:00,2026/09/01 11:20:29.242, NVIDIA GeForce RTX 5060, 591.86, P8, 31, 0, 1021, 8151, 8.80, 145.00, 210, 405, 1, 8
2026-09-01T11:20:34.2612123+07:00,2026/09/01 11:20:34.292, NVIDIA GeForce RTX 5060, 591.86, P8, 31, 0, 1021, 8151, 8.91, 145.00, 210, 405, 1, 8
2026-09-01T11:20:39.3116807+07:00,2026/09/01 11:20:39.358, NVIDIA GeForce RTX 5060, 591.86, P8, 31, 0, 1021, 8151, 8.83, 145.00, 210, 405, 1, 8
2026-09-01T11:20:44.4389511+07:00,2026/09/01 11:20:44.485, NVIDIA GeForce RTX 5060, 591.86, P8, 31, 0, 1021, 8151, 8.68, 145.00, 210, 405, 1, 8
2026-09-01T11:20:49.5043815+07:00,2026/09/01 11:20:49.535, NVIDIA GeForce RTX 5060, 591.86, P8, 31, 0, 1021, 8151, 8.74, 145.00, 210, 405, 1, 8
2026-09-01T11:20:54.5552208+07:00,2026/09/01 11:20:54.586, NVIDIA GeForce RTX 5060, 591.86, P8, 31, 0, 1021, 8151, 8.71, 145.00, 210, 405, 1, 8
2026-09-01T11:20:59.6053667+07:00,2026/09/01 11:20:59.636, NVIDIA GeForce RTX 5060, 591.86, P8, 31, 0, 1021, 8151, 8.74, 145.00, 210, 405, 1, 8
2026-09-01T11:21:04.6565018+07:00,2026/09/01 11:21:04.687, NVIDIA GeForce RTX 5060, 591.86, P8, 31, 1, 1032, 8151, 9.13, 145.00, 345, 405, 1, 8
2026-09-01T11:21:09.7075999+07:00,2026/09/01 11:21:09.738, NVIDIA GeForce RTX 5060, 591.86, P8, 32, 2, 1021, 8151, 9.13, 145.00, 262, 405, 1, 8
2026-09-01T11:21:14.8348449+07:00,2026/09/01 11:21:14.865, NVIDIA GeForce RTX 5060, 591.86, P8, 31, 1, 1021, 8151, 8.69, 145.00, 210, 405, 1, 8
2026-09-01T11:21:19.8972030+07:00,2026/09/01 11:21:19.928, NVIDIA GeForce RTX 5060, 591.86, P8, 32, 1, 1043, 8151, 10.25, 145.00, 472, 405, 1, 8
2026-09-01T11:21:24.9495210+07:00,2026/09/01 11:21:24.980, NVIDIA GeForce RTX 5060, 591.86, P8, 31, 0, 1032, 8151, 8.67, 145.00, 210, 405, 1, 8
2026-09-01T11:21:29.9972435+07:00,2026/09/01 11:21:30.043, NVIDIA GeForce RTX 5060, 591.86, P8, 31, 1, 1024, 8151, 8.85, 145.00, 322, 405, 1, 8
2026-09-01T11:21:35.0623667+07:00,2026/09/01 11:21:35.093, NVIDIA GeForce RTX 5060, 591.86, P8, 31, 1, 1009, 8151, 8.85, 145.00, 255, 405, 1, 8
2026-09-01T11:21:40.1115852+07:00,2026/09/01 11:21:40.158, NVIDIA GeForce RTX 5060, 591.86, P8, 31, 0, 999, 8151, 8.65, 145.00, 285, 405, 1, 8
2026-09-01T11:21:45.2374573+07:00,2026/09/01 11:21:45.268, NVIDIA GeForce RTX 5060, 591.86, P8, 31, 0, 1009, 8151, 9.38, 145.00, 457, 405, 1, 8
2026-09-01T11:21:50.2880718+07:00,2026/09/01 11:21:50.319, NVIDIA GeForce RTX 5060, 591.86, P8, 32, 1, 1009, 8151, 9.42, 145.00, 277, 405, 1, 8
2026-09-01T11:21:55.3381938+07:00,2026/09/01 11:21:55.369, NVIDIA GeForce RTX 5060, 591.86, P8, 32, 1, 1023, 8151, 9.66, 145.00, 420, 405, 1, 8
2026-09-01T11:22:00.3879898+07:00,2026/09/01 11:22:00.418, NVIDIA GeForce RTX 5060, 591.86, P8, 31, 0, 1022, 8151, 8.76, 145.00, 322, 405, 1, 8
2026-09-01T11:22:05.4411729+07:00,2026/09/01 11:22:05.472, NVIDIA GeForce RTX 5060, 591.86, P0, 33, 0, 1079, 8151, 23.14, 145.00, 2550, 14201, 4, 8
2026-09-01T11:22:10.4822101+07:00,2026/09/01 11:22:10.513, NVIDIA GeForce RTX 5060, 591.86, P8, 32, 0, 1034, 8151, 10.80, 145.00, 337, 405, 1, 8
2026-09-01T11:22:15.5922732+07:00,2026/09/01 11:22:15.623, NVIDIA GeForce RTX 5060, 591.86, P8, 32, 0, 1071, 8151, 9.40, 145.00, 225, 405, 1, 8
2026-09-01T11:22:20.6338804+07:00,2026/09/01 11:22:20.664, NVIDIA GeForce RTX 5060, 591.86, P8, 32, 4, 1154, 8151, 10.25, 145.00, 585, 405, 1, 8
2026-09-01T11:22:25.6837081+07:00,2026/09/01 11:22:25.714, NVIDIA GeForce RTX 5060, 591.86, P8, 32, 4, 1147, 8151, 10.48, 145.00, 517, 405, 1, 8
2026-09-01T11:22:30.7345627+07:00,2026/09/01 11:22:30.765, NVIDIA GeForce RTX 5060, 591.86, P8, 32, 1, 1134, 8151, 9.78, 145.00, 277, 405, 1, 8
2026-09-01T11:22:35.7856031+07:00,2026/09/01 11:22:35.832, NVIDIA GeForce RTX 5060, 591.86, P8, 32, 0, 1049, 8151, 9.22, 145.00, 225, 405, 1, 8
2026-09-01T11:22:40.8546013+07:00,2026/09/01 11:22:40.914, NVIDIA GeForce RTX 5060, 591.86, P8, 32, 0, 1052, 8151, 8.51, 145.00, 210, 405, 1, 8
2026-09-01T11:22:45.9764846+07:00,2026/09/01 11:22:46.007, NVIDIA GeForce RTX 5060, 591.86, P8, 32, 0, 1048, 8151, 8.66, 145.00, 210, 405, 1, 8
2026-09-01T11:22:51.0370883+07:00,2026/09/01 11:22:51.068, NVIDIA GeForce RTX 5060, 591.86, P0, 33, 1, 1061, 8151, 22.90, 145.00, 2542, 14201, 4, 8
2026-09-01T11:22:56.0865566+07:00,2026/09/01 11:22:56.117, NVIDIA GeForce RTX 5060, 591.86, P8, 32, 1, 1091, 8151, 10.47, 145.00, 427, 405, 1, 8
2026-09-01T11:23:01.1326199+07:00,2026/09/01 11:23:01.165, NVIDIA GeForce RTX 5060, 591.86, P8, 32, 1, 1069, 8151, 9.76, 145.00, 367, 405, 1, 8
2026-09-01T11:23:06.1801712+07:00,2026/09/01 11:23:06.211, NVIDIA GeForce RTX 5060, 591.86, P8, 32, 0, 1063, 8151, 9.59, 145.00, 360, 405, 1, 8
2026-09-01T11:23:11.2422379+07:00,2026/09/01 11:23:11.273, NVIDIA GeForce RTX 5060, 591.86, P8, 32, 0, 1070, 8151, 9.09, 145.00, 210, 405, 1, 8
2026-09-01T11:23:16.3682142+07:00,2026/09/01 11:23:16.399, NVIDIA GeForce RTX 5060, 591.86, P8, 32, 0, 1063, 8151, 8.53, 145.00, 210, 405, 1, 8
2026-09-01T11:23:21.4164053+07:00,2026/09/01 11:23:21.493, NVIDIA GeForce RTX 5060, 591.86, P8, 32, 0, 1063, 8151, 8.62, 145.00, 210, 405, 1, 8
2026-09-01T11:23:26.5277029+07:00,2026/09/01 11:23:26.574, NVIDIA GeForce RTX 5060, 591.86, P8, 32, 0, 1063, 8151, 8.60, 145.00, 240, 405, 1, 8
2026-09-01T11:23:31.6065627+07:00,2026/09/01 11:23:31.684, NVIDIA GeForce RTX 5060, 591.86, P8, 32, 0, 1059, 8151, 8.70, 145.00, 240, 405, 1, 8
2026-09-01T11:23:36.7162873+07:00,2026/09/01 11:23:36.778, NVIDIA GeForce RTX 5060, 591.86, P8, 32, 0, 1059, 8151, 8.77, 145.00, 240, 405, 1, 8
2026-09-01T11:23:41.7989546+07:00,2026/09/01 11:23:41.876, NVIDIA GeForce RTX 5060, 591.86, P8, 32, 0, 1059, 8151, 8.78, 145.00, 247, 405, 1, 8
2026-09-01T11:23:46.9756147+07:00,2026/09/01 11:23:47.022, NVIDIA GeForce RTX 5060, 591.86, P8, 32, 0, 1114, 8151, 8.72, 145.00, 240, 405, 1, 8
2026-09-01T11:23:52.0581945+07:00,2026/09/01 11:23:52.120, NVIDIA GeForce RTX 5060, 591.86, P8, 32, 0, 1064, 8151, 8.73, 145.00, 240, 405, 1, 8
2026-09-01T11:23:57.1553775+07:00,2026/09/01 11:23:57.217, NVIDIA GeForce RTX 5060, 591.86, P8, 32, 0, 1064, 8151, 8.67, 145.00, 210, 405, 1, 8
2026-09-01T11:24:02.2374755+07:00,2026/09/01 11:24:02.361, NVIDIA GeForce RTX 5060, 591.86, P8, 32, 0, 1064, 8151, 8.77, 145.00, 232, 405, 1, 8
2026-09-01T11:24:07.3784782+07:00,2026/09/01 11:24:07.409, NVIDIA GeForce RTX 5060, 591.86, P8, 32, 0, 1064, 8151, 8.63, 145.00, 232, 405, 1, 8
2026-09-01T11:24:12.4297141+07:00,2026/09/01 11:24:12.476, NVIDIA GeForce RTX 5060, 591.86, P8, 32, 0, 1064, 8151, 8.68, 145.00, 210, 405, 1, 8
2026-09-01T11:24:17.5747367+07:00,2026/09/01 11:24:17.621, NVIDIA GeForce RTX 5060, 591.86, P8, 32, 0, 1064, 8151, 8.70, 145.00, 232, 405, 1, 8
2026-09-01T11:24:22.6406173+07:00,2026/09/01 11:24:22.687, NVIDIA GeForce RTX 5060, 591.86, P8, 32, 0, 1064, 8151, 8.78, 145.00, 210, 405, 1, 8
2026-09-01T11:24:27.7062156+07:00,2026/09/01 11:24:27.814, NVIDIA GeForce RTX 5060, 591.86, P0, 33, 0, 1121, 8151, 22.77, 145.00, 2535, 14201, 4, 8
2026-09-01T11:24:33.0495816+07:00,2026/09/01 11:24:34.385, NVIDIA GeForce RTX 5060, 591.86, P0, 33, 1, 1083, 8151, 23.54, 145.00, 2557, 14201, 4, 8
2026-09-01T11:24:39.4637056+07:00,2026/09/01 11:24:39.494, NVIDIA GeForce RTX 5060, 591.86, P8, 32, 10, 1128, 8151, 12.25, 145.00, 682, 405, 1, 8
2026-09-01T11:24:44.5055264+07:00,2026/09/01 11:24:44.536, NVIDIA GeForce RTX 5060, 591.86, P5, 32, 4, 1133, 8151, 12.51, 145.00, 787, 810, 2, 8
2026-09-01T11:24:49.6216304+07:00,2026/09/01 11:24:49.652, NVIDIA GeForce RTX 5060, 591.86, P8, 32, 6, 1117, 8151, 11.28, 145.00, 690, 405, 1, 8
2026-09-01T11:24:54.6612146+07:00,2026/09/01 11:24:54.692, NVIDIA GeForce RTX 5060, 591.86, P5, 32, 8, 1093, 8151, 12.95, 145.00, 772, 810, 2, 8
2026-09-01T11:24:59.7108375+07:00,2026/09/01 11:24:59.741, NVIDIA GeForce RTX 5060, 591.86, P5, 33, 8, 1093, 8151, 13.88, 145.00, 757, 810, 2, 8
2026-09-01T11:25:04.7514713+07:00,2026/09/01 11:25:04.782, NVIDIA GeForce RTX 5060, 591.86, P8, 33, 7, 1084, 8151, 13.59, 145.00, 765, 405, 2, 8
2026-09-01T11:25:09.7988764+07:00,2026/09/01 11:25:09.829, NVIDIA GeForce RTX 5060, 591.86, P8, 33, 9, 1083, 8151, 12.98, 145.00, 652, 405, 1, 8
2026-09-01T11:25:14.8469579+07:00,2026/09/01 11:25:15.235, NVIDIA GeForce RTX 5060, 591.86, P8, 32, 1, 1069, 8151, 10.32, 145.00, 457, 405, 1, 8
2026-09-01T11:25:20.5410838+07:00,2026/09/01 11:25:20.835, NVIDIA GeForce RTX 5060, 591.86, P8, 32, 5, 1065, 8151, 10.90, 145.00, 630, 405, 1, 8
2026-09-01T11:25:25.8623669+07:00,2026/09/01 11:25:26.001, NVIDIA GeForce RTX 5060, 591.86, P8, 32, 1, 1065, 8151, 10.35, 145.00, 390, 405, 1, 8
2026-09-01T11:25:31.0169963+07:00,2026/09/01 11:25:31.047, NVIDIA GeForce RTX 5060, 591.86, P8, 32, 1, 1065, 8151, 10.44, 145.00, 397, 405, 1, 8
2026-09-01T11:25:36.0556557+07:00,2026/09/01 11:25:36.456, NVIDIA GeForce RTX 5060, 591.86, P8, 32, 1, 1065, 8151, 9.85, 145.00, 360, 405, 1, 8
2026-09-01T11:25:41.5548675+07:00,2026/09/01 11:25:41.585, NVIDIA GeForce RTX 5060, 591.86, P8, 32, 0, 1064, 8151, 9.77, 145.00, 360, 405, 1, 8
2026-09-01T11:25:46.6038792+07:00,2026/09/01 11:25:46.757, NVIDIA GeForce RTX 5060, 591.86, P8, 32, 1, 1071, 8151, 9.80, 145.00, 367, 405, 1, 8
2026-09-01T11:25:51.8646316+07:00,2026/09/01 11:25:52.263, NVIDIA GeForce RTX 5060, 591.86, P8, 32, 3, 1070, 8151, 9.02, 145.00, 292, 405, 1, 8
2026-09-01T11:25:57.3571387+07:00,2026/09/01 11:25:57.419, NVIDIA GeForce RTX 5060, 591.86, P8, 32, 1, 1067, 8151, 8.69, 145.00, 262, 405, 1, 8
2026-09-01T11:26:02.4677995+07:00,2026/09/01 11:26:02.851, NVIDIA GeForce RTX 5060, 591.86, P8, 32, 0, 1067, 8151, 8.76, 145.00, 210, 405, 1, 8
2026-09-01T11:26:07.9100836+07:00,2026/09/01 11:26:07.987, NVIDIA GeForce RTX 5060, 591.86, P8, 32, 0, 1067, 8151, 8.86, 145.00, 210, 405, 1, 8
2026-09-01T11:26:12.9987790+07:00,2026/09/01 11:26:13.076, NVIDIA GeForce RTX 5060, 591.86, P8, 32, 3, 1094, 8151, 11.15, 145.00, 525, 405, 1, 8
2026-09-01T11:26:18.0905199+07:00,2026/09/01 11:26:18.199, NVIDIA GeForce RTX 5060, 591.86, P8, 32, 6, 1104, 8151, 11.55, 145.00, 727, 405, 1, 8
2026-09-01T11:26:23.2819725+07:00,2026/09/01 11:26:23.344, NVIDIA GeForce RTX 5060, 591.86, P8, 32, 1, 1110, 8151, 8.99, 145.00, 240, 405, 1, 8
2026-09-01T11:26:28.3621300+07:00,2026/09/01 11:26:28.408, NVIDIA GeForce RTX 5060, 591.86, P8, 32, 3, 1131, 8151, 9.69, 145.00, 307, 405, 1, 8
2026-09-01T11:26:33.4287200+07:00,2026/09/01 11:26:33.490, NVIDIA GeForce RTX 5060, 591.86, P8, 32, 0, 1109, 8151, 9.26, 145.00, 210, 405, 1, 8
2026-09-01T11:26:38.5086758+07:00,2026/09/01 11:26:38.570, NVIDIA GeForce RTX 5060, 591.86, P8, 32, 0, 1111, 8151, 8.68, 145.00, 285, 405, 1, 8
2026-09-01T11:26:43.5897806+07:00,2026/09/01 11:26:43.666, NVIDIA GeForce RTX 5060, 591.86, P8, 32, 1, 1063, 8151, 10.06, 145.00, 465, 405, 1, 8
2026-09-01T11:26:48.6889731+07:00,2026/09/01 11:26:48.780, NVIDIA GeForce RTX 5060, 591.86, P8, 32, 2, 1132, 8151, 10.10, 145.00, 480, 405, 1, 8
2026-09-01T11:26:53.9405553+07:00,2026/09/01 11:26:53.987, NVIDIA GeForce RTX 5060, 591.86, P8, 32, 1, 899, 8151, 10.04, 145.00, 487, 405, 1, 8
2026-09-01T11:26:59.0066325+07:00,2026/09/01 11:26:59.069, NVIDIA GeForce RTX 5060, 591.86, P8, 32, 0, 907, 8151, 8.81, 145.00, 255, 405, 1, 8
2026-09-01T11:27:04.1051213+07:00,2026/09/01 11:27:04.182, NVIDIA GeForce RTX 5060, 591.86, P8, 32, 3, 921, 8151, 11.68, 145.00, 667, 405, 1, 8
2026-09-01T11:27:09.2194525+07:00,2026/09/01 11:27:09.250, NVIDIA GeForce RTX 5060, 591.86, P8, 32, 1, 907, 8151, 10.19, 145.00, 442, 405, 1, 8
2026-09-01T11:27:14.2689316+07:00,2026/09/01 11:27:14.299, NVIDIA GeForce RTX 5060, 591.86, P8, 32, 1, 907, 8151, 8.60, 145.00, 210, 405, 1, 8
2026-09-01T11:27:19.3188751+07:00,2026/09/01 11:27:19.365, NVIDIA GeForce RTX 5060, 591.86, P8, 32, 0, 907, 8151, 8.70, 145.00, 210, 405, 1, 8
2026-09-01T11:27:24.4452991+07:00,2026/09/01 11:27:24.476, NVIDIA GeForce RTX 5060, 591.86, P8, 32, 1, 907, 8151, 10.27, 145.00, 570, 405, 1, 8
2026-09-01T11:27:29.4953746+07:00,2026/09/01 11:27:29.526, NVIDIA GeForce RTX 5060, 591.86, P8, 32, 1, 932, 8151, 10.59, 145.00, 502, 405, 1, 8
2026-09-01T11:27:34.5434610+07:00,2026/09/01 11:27:34.574, NVIDIA GeForce RTX 5060, 591.86, P8, 32, 5, 939, 8151, 9.58, 145.00, 480, 405, 1, 8
2026-09-01T11:27:39.5952331+07:00,2026/09/01 11:27:39.704, NVIDIA GeForce RTX 5060, 591.86, P3, 33, 2, 1036, 8151, 16.01, 145.00, 900, 7001, 4, 8
2026-09-01T11:27:44.7223282+07:00,2026/09/01 11:27:44.815, NVIDIA GeForce RTX 5060, 591.86, P8, 32, 1, 1042, 8151, 9.40, 145.00, 360, 405, 1, 8
2026-09-01T11:27:49.8343281+07:00,2026/09/01 11:27:49.865, NVIDIA GeForce RTX 5060, 591.86, P8, 32, 1, 925, 8151, 9.36, 145.00, 390, 405, 1, 8
2026-09-01T11:27:55.0235272+07:00,2026/09/01 11:27:55.054, NVIDIA GeForce RTX 5060, 591.86, P8, 32, 1, 930, 8151, 9.59, 145.00, 405, 405, 1, 8
2026-09-01T11:28:00.0723162+07:00,2026/09/01 11:28:00.103, NVIDIA GeForce RTX 5060, 591.86, P8, 32, 0, 942, 8151, 9.56, 145.00, 397, 405, 1, 8
2026-09-01T11:28:05.1213022+07:00,2026/09/01 11:28:05.152, NVIDIA GeForce RTX 5060, 591.86, P0, 33, 2, 988, 8151, 19.56, 145.00, 1237, 14201, 4, 8
2026-09-01T11:28:10.1694659+07:00,2026/09/01 11:28:10.200, NVIDIA GeForce RTX 5060, 591.86, P5, 33, 0, 931, 8151, 12.94, 145.00, 487, 810, 2, 8
2026-09-01T11:28:15.2194556+07:00,2026/09/01 11:28:15.250, NVIDIA GeForce RTX 5060, 591.86, P8, 32, 0, 919, 8151, 9.64, 145.00, 375, 405, 1, 8
2026-09-01T11:28:20.2705216+07:00,2026/09/01 11:28:20.301, NVIDIA GeForce RTX 5060, 591.86, P0, 34, 5, 1051, 8151, 21.52, 145.00, 2557, 14201, 4, 8
2026-09-01T11:28:25.3839756+07:00,2026/09/01 11:28:25.414, NVIDIA GeForce RTX 5060, 591.86, P8, 32, 0, 921, 8151, 9.74, 145.00, 367, 405, 1, 8
2026-09-01T11:28:30.4319592+07:00,2026/09/01 11:28:30.463, NVIDIA GeForce RTX 5060, 591.86, P8, 32, 1, 920, 8151, 9.77, 145.00, 405, 405, 1, 8
2026-09-01T11:28:35.4818506+07:00,2026/09/01 11:28:35.512, NVIDIA GeForce RTX 5060, 591.86, P8, 32, 0, 918, 8151, 9.80, 145.00, 367, 405, 1, 8
2026-09-01T11:28:40.5314166+07:00,2026/09/01 11:28:40.593, NVIDIA GeForce RTX 5060, 591.86, P8, 32, 0, 916, 8151, 9.22, 145.00, 360, 405, 1, 8
2026-09-01T11:28:45.6126961+07:00,2026/09/01 11:28:45.643, NVIDIA GeForce RTX 5060, 591.86, P8, 32, 1, 916, 8151, 9.41, 145.00, 375, 405, 1, 8
2026-09-01T11:28:50.6639932+07:00,2026/09/01 11:28:50.694, NVIDIA GeForce RTX 5060, 591.86, P8, 32, 0, 916, 8151, 9.09, 145.00, 210, 405, 1, 8
2026-09-01T11:28:55.7748111+07:00,2026/09/01 11:28:55.805, NVIDIA GeForce RTX 5060, 591.86, P8, 32, 0, 916, 8151, 8.66, 145.00, 210, 405, 1, 8
2026-09-01T11:29:00.8255427+07:00,2026/09/01 11:29:00.856, NVIDIA GeForce RTX 5060, 591.86, P8, 32, 1, 916, 8151, 10.23, 145.00, 540, 405, 1, 8
2026-09-01T11:29:05.8761066+07:00,2026/09/01 11:29:05.922, NVIDIA GeForce RTX 5060, 591.86, P8, 32, 1, 916, 8151, 10.19, 145.00, 480, 405, 1, 8
2026-09-01T11:29:10.9405042+07:00,2026/09/01 11:29:11.002, NVIDIA GeForce RTX 5060, 591.86, P8, 32, 1, 916, 8151, 9.40, 145.00, 472, 405, 1, 8
2026-09-01T11:29:16.0226317+07:00,2026/09/01 11:29:16.053, NVIDIA GeForce RTX 5060, 591.86, P8, 32, 1, 916, 8151, 10.18, 145.00, 495, 405, 1, 8
2026-09-01T11:29:21.0732289+07:00,2026/09/01 11:29:21.104, NVIDIA GeForce RTX 5060, 591.86, P8, 32, 1, 916, 8151, 10.00, 145.00, 442, 405, 1, 8
2026-09-01T11:29:26.1707146+07:00,2026/09/01 11:29:26.201, NVIDIA GeForce RTX 5060, 591.86, P8, 32, 1, 916, 8151, 8.73, 145.00, 210, 405, 1, 8
2026-09-01T11:29:31.2209420+07:00,2026/09/01 11:29:31.251, NVIDIA GeForce RTX 5060, 591.86, P8, 32, 1, 923, 8151, 9.91, 145.00, 472, 405, 1, 8
2026-09-01T11:29:36.2696018+07:00,2026/09/01 11:29:36.300, NVIDIA GeForce RTX 5060, 591.86, P8, 32, 1, 918, 8151, 9.83, 145.00, 457, 405, 1, 8
2026-09-01T11:29:41.3211572+07:00,2026/09/01 11:29:41.352, NVIDIA GeForce RTX 5060, 591.86, P8, 32, 1, 916, 8151, 10.07, 145.00, 487, 405, 1, 8
2026-09-01T11:29:46.3715355+07:00,2026/09/01 11:29:46.402, NVIDIA GeForce RTX 5060, 591.86, P8, 32, 1, 916, 8151, 9.78, 145.00, 450, 405, 1, 8
2026-09-01T11:29:51.4212181+07:00,2026/09/01 11:29:51.451, NVIDIA GeForce RTX 5060, 591.86, P8, 32, 1, 916, 8151, 9.91, 145.00, 472, 405, 1, 8
2026-09-01T11:29:56.5333581+07:00,2026/09/01 11:29:56.564, NVIDIA GeForce RTX 5060, 591.86, P8, 32, 1, 916, 8151, 10.02, 145.00, 472, 405, 1, 8
2026-09-01T11:30:01.5842149+07:00,2026/09/01 11:30:01.615, NVIDIA GeForce RTX 5060, 591.86, P8, 32, 1, 916, 8151, 10.09, 145.00, 480, 405, 1, 8
2026-09-01T11:30:06.6339282+07:00,2026/09/01 11:30:06.664, NVIDIA GeForce RTX 5060, 591.86, P8, 32, 1, 916, 8151, 10.18, 145.00, 472, 405, 1, 8
2026-09-01T11:30:11.6840122+07:00,2026/09/01 11:30:11.715, NVIDIA GeForce RTX 5060, 591.86, P8, 32, 0, 916, 8151, 9.30, 145.00, 345, 405, 1, 8
2026-09-01T11:30:16.7336800+07:00,2026/09/01 11:30:16.764, NVIDIA GeForce RTX 5060, 591.86, P8, 32, 0, 916, 8151, 9.55, 145.00, 360, 405, 1, 8
2026-09-01T11:30:21.7834123+07:00,2026/09/01 11:30:21.814, NVIDIA GeForce RTX 5060, 591.86, P8, 32, 1, 916, 8151, 9.51, 145.00, 345, 405, 1, 8
2026-09-01T11:30:26.8950188+07:00,2026/09/01 11:30:26.926, NVIDIA GeForce RTX 5060, 591.86, P8, 32, 1, 916, 8151, 9.48, 145.00, 352, 405, 1, 8
2026-09-01T11:30:31.9460515+07:00,2026/09/01 11:30:31.977, NVIDIA GeForce RTX 5060, 591.86, P8, 32, 1, 916, 8151, 9.62, 145.00, 390, 405, 1, 8
2026-09-01T11:30:36.9972290+07:00,2026/09/01 11:30:37.028, NVIDIA GeForce RTX 5060, 591.86, P8, 32, 0, 916, 8151, 9.45, 145.00, 337, 405, 1, 8
2026-09-01T11:30:42.0468507+07:00,2026/09/01 11:30:42.077, NVIDIA GeForce RTX 5060, 591.86, P8, 32, 1, 916, 8151, 9.43, 145.00, 375, 405, 1, 8
2026-09-01T11:30:47.0961562+07:00,2026/09/01 11:30:47.127, NVIDIA GeForce RTX 5060, 591.86, P8, 32, 0, 916, 8151, 9.38, 145.00, 367, 405, 1, 8
2026-09-01T11:30:52.1466456+07:00,2026/09/01 11:30:52.177, NVIDIA GeForce RTX 5060, 591.86, P8, 32, 0, 916, 8151, 9.41, 145.00, 360, 405, 1, 8
2026-09-01T11:30:57.3039857+07:00,2026/09/01 11:30:57.334, NVIDIA GeForce RTX 5060, 591.86, P8, 32, 2, 916, 8151, 9.58, 145.00, 360, 405, 1, 8
2026-09-01T11:31:02.3531881+07:00,2026/09/01 11:31:02.384, NVIDIA GeForce RTX 5060, 591.86, P8, 32, 0, 916, 8151, 9.59, 145.00, 375, 405, 1, 8
2026-09-01T11:31:07.4195610+07:00,2026/09/01 11:31:07.450, NVIDIA GeForce RTX 5060, 591.86, P8, 32, 0, 916, 8151, 9.52, 145.00, 360, 405, 1, 8
2026-09-01T11:31:12.4686682+07:00,2026/09/01 11:31:12.499, NVIDIA GeForce RTX 5060, 591.86, P8, 32, 1, 916, 8151, 9.44, 145.00, 352, 405, 1, 8
2026-09-01T11:31:17.5185132+07:00,2026/09/01 11:31:17.549, NVIDIA GeForce RTX 5060, 591.86, P8, 32, 0, 916, 8151, 9.56, 145.00, 360, 405, 1, 8
2026-09-01T11:31:22.5682201+07:00,2026/09/01 11:31:22.599, NVIDIA GeForce RTX 5060, 591.86, P8, 32, 0, 916, 8151, 9.53, 145.00, 375, 405, 1, 8
2026-09-01T11:31:27.6802923+07:00,2026/09/01 11:31:27.726, NVIDIA GeForce RTX 5060, 591.86, P8, 32, 0, 916, 8151, 8.64, 145.00, 202, 405, 1, 8
2026-09-01T11:31:32.7456314+07:00,2026/09/01 11:31:32.776, NVIDIA GeForce RTX 5060, 591.86, P8, 32, 0, 916, 8151, 8.81, 145.00, 210, 405, 1, 8
2026-09-01T11:31:37.7957070+07:00,2026/09/01 11:31:37.826, NVIDIA GeForce RTX 5060, 591.86, P8, 32, 0, 916, 8151, 8.71, 145.00, 210, 405, 1, 8
2026-09-01T11:31:42.8447212+07:00,2026/09/01 11:31:42.875, NVIDIA GeForce RTX 5060, 591.86, P8, 32, 0, 916, 8151, 8.73, 145.00, 210, 405, 1, 8
2026-09-01T11:31:47.8943038+07:00,2026/09/01 11:31:47.925, NVIDIA GeForce RTX 5060, 591.86, P8, 32, 0, 916, 8151, 8.76, 145.00, 210, 405, 1, 8
2026-09-01T11:31:52.9440532+07:00,2026/09/01 11:31:52.975, NVIDIA GeForce RTX 5060, 591.86, P8, 32, 0, 916, 8151, 8.62, 145.00, 210, 405, 1, 8
2026-09-01T11:31:58.0567561+07:00,2026/09/01 11:31:58.087, NVIDIA GeForce RTX 5060, 591.86, P8, 32, 0, 916, 8151, 8.64, 145.00, 210, 405, 1, 8
2026-09-01T11:32:03.1220211+07:00,2026/09/01 11:32:03.153, NVIDIA GeForce RTX 5060, 591.86, P8, 32, 0, 916, 8151, 8.77, 145.00, 210, 405, 1, 8
2026-09-01T11:32:08.1719812+07:00,2026/09/01 11:32:08.202, NVIDIA GeForce RTX 5060, 591.86, P8, 32, 0, 916, 8151, 8.56, 145.00, 210, 405, 1, 8
2026-09-01T11:32:13.2226478+07:00,2026/09/01 11:32:13.253, NVIDIA GeForce RTX 5060, 591.86, P8, 32, 0, 916, 8151, 8.79, 145.00, 210, 405, 1, 8
2026-09-01T11:32:18.2740520+07:00,2026/09/01 11:32:18.305, NVIDIA GeForce RTX 5060, 591.86, P8, 32, 0, 916, 8151, 8.73, 145.00, 210, 405, 1, 8
2026-09-01T11:32:23.3247245+07:00,2026/09/01 11:32:23.402, NVIDIA GeForce RTX 5060, 591.86, P8, 32, 1, 916, 8151, 8.71, 145.00, 210, 405, 1, 8
2026-09-01T11:32:28.4986836+07:00,2026/09/01 11:32:28.529, NVIDIA GeForce RTX 5060, 591.86, P8, 32, 1, 916, 8151, 8.76, 145.00, 210, 405, 1, 8
2026-09-01T11:32:33.5473998+07:00,2026/09/01 11:32:33.578, NVIDIA GeForce RTX 5060, 591.86, P8, 32, 0, 916, 8151, 8.65, 145.00, 210, 405, 1, 8
2026-09-01T11:32:38.5984903+07:00,2026/09/01 11:32:38.629, NVIDIA GeForce RTX 5060, 591.86, P8, 32, 0, 916, 8151, 8.82, 145.00, 210, 405, 1, 8
2026-09-01T11:32:43.6467698+07:00,2026/09/01 11:32:43.677, NVIDIA GeForce RTX 5060, 591.86, P8, 32, 0, 916, 8151, 8.67, 145.00, 247, 405, 1, 8
2026-09-01T11:32:48.6980849+07:00,2026/09/01 11:32:48.729, NVIDIA GeForce RTX 5060, 591.86, P8, 32, 1, 916, 8151, 9.94, 145.00, 495, 405, 1, 8
2026-09-01T11:32:53.7643845+07:00,2026/09/01 11:32:53.795, NVIDIA GeForce RTX 5060, 591.86, P8, 32, 1, 920, 8151, 9.99, 145.00, 510, 405, 1, 8
2026-09-01T11:32:58.8752236+07:00,2026/09/01 11:32:58.921, NVIDIA GeForce RTX 5060, 591.86, P8, 32, 1, 916, 8151, 10.10, 145.00, 472, 405, 1, 8
2026-09-01T11:33:03.9410161+07:00,2026/09/01 11:33:03.971, NVIDIA GeForce RTX 5060, 591.86, P0, 33, 3, 1061, 8151, 23.96, 145.00, 2550, 14201, 4, 8
2026-09-01T11:33:08.9904047+07:00,2026/09/01 11:33:09.021, NVIDIA GeForce RTX 5060, 591.86, P5, 32, 0, 923, 8151, 11.39, 145.00, 337, 810, 2, 8
2026-09-01T11:33:14.0410355+07:00,2026/09/01 11:33:14.072, NVIDIA GeForce RTX 5060, 591.86, P8, 32, 0, 916, 8151, 9.34, 145.00, 382, 405, 1, 8
2026-09-01T11:33:19.0887713+07:00,2026/09/01 11:33:19.119, NVIDIA GeForce RTX 5060, 591.86, P8, 32, 1, 916, 8151, 9.43, 145.00, 360, 405, 1, 8
2026-09-01T11:33:24.1390815+07:00,2026/09/01 11:33:24.170, NVIDIA GeForce RTX 5060, 591.86, P8, 32, 0, 923, 8151, 9.22, 145.00, 352, 405, 1, 8
2026-09-01T11:33:29.2500198+07:00,2026/09/01 11:33:29.281, NVIDIA GeForce RTX 5060, 591.86, P8, 32, 1, 916, 8151, 9.42, 145.00, 360, 405, 1, 8
2026-09-01T11:33:34.2982736+07:00,2026/09/01 11:33:34.329, NVIDIA GeForce RTX 5060, 591.86, P8, 32, 0, 916, 8151, 9.39, 145.00, 360, 405, 1, 8
2026-09-01T11:33:39.3461642+07:00,2026/09/01 11:33:39.377, NVIDIA GeForce RTX 5060, 591.86, P8, 32, 0, 916, 8151, 9.02, 145.00, 292, 405, 1, 8
2026-09-01T11:33:44.3966495+07:00,2026/09/01 11:33:44.427, NVIDIA GeForce RTX 5060, 591.86, P8, 32, 0, 916, 8151, 8.61, 145.00, 232, 405, 1, 8
2026-09-01T11:33:49.4463960+07:00,2026/09/01 11:33:49.492, NVIDIA GeForce RTX 5060, 591.86, P8, 32, 0, 916, 8151, 8.13, 145.00, 210, 405, 1, 8
2026-09-01T11:33:54.5125472+07:00,2026/09/01 11:33:54.542, NVIDIA GeForce RTX 5060, 591.86, P8, 32, 0, 916, 8151, 8.14, 145.00, 210, 405, 1, 8
2026-09-01T11:33:59.6234539+07:00,2026/09/01 11:33:59.654, NVIDIA GeForce RTX 5060, 591.86, P8, 32, 0, 916, 8151, 8.21, 145.00, 210, 405, 1, 8
2026-09-01T11:34:04.6731285+07:00,2026/09/01 11:34:04.704, NVIDIA GeForce RTX 5060, 591.86, P8, 32, 0, 916, 8151, 7.91, 145.00, 210, 405, 1, 8
2026-09-01T11:34:09.7247419+07:00,2026/09/01 11:34:09.755, NVIDIA GeForce RTX 5060, 591.86, P8, 32, 0, 916, 8151, 8.06, 145.00, 210, 405, 1, 8
2026-09-01T11:34:14.7753554+07:00,2026/09/01 11:34:14.806, NVIDIA GeForce RTX 5060, 591.86, P8, 32, 0, 916, 8151, 7.88, 145.00, 210, 405, 1, 8
2026-09-01T11:34:19.8248862+07:00,2026/09/01 11:34:19.855, NVIDIA GeForce RTX 5060, 591.86, P1, 32, 0, 916, 8151, 15.19, 145.00, 210, 14001, 4, 8
2026-09-01T11:34:24.8729643+07:00,2026/09/01 11:34:24.903, NVIDIA GeForce RTX 5060, 591.86, P1, 32, 0, 916, 8151, 10.60, 145.00, 210, 14001, 4, 8
2026-09-01T11:34:29.9851029+07:00,2026/09/01 11:34:30.016, NVIDIA GeForce RTX 5060, 591.86, P1, 32, 0, 916, 8151, 9.26, 145.00, 210, 14001, 4, 8
2026-09-01T11:34:35.0290288+07:00,2026/09/01 11:34:35.075, NVIDIA GeForce RTX 5060, 591.86, P1, 32, 0, 916, 8151, 8.25, 145.00, 210, 405, 4, 8
2026-09-01T11:34:40.0833470+07:00,2026/09/01 11:34:40.114, NVIDIA GeForce RTX 5060, 591.86, P1, 32, 0, 916, 8151, 8.68, 145.00, 210, 405, 4, 8
2026-09-01T11:34:45.1414948+07:00,2026/09/01 11:34:45.172, NVIDIA GeForce RTX 5060, 591.86, P8, 32, 0, 916, 8151, 9.39, 145.00, 210, 405, 1, 8
2026-09-01T11:34:50.1895357+07:00,2026/09/01 11:34:50.220, NVIDIA GeForce RTX 5060, 591.86, P1, 32, 0, 916, 8151, 15.26, 145.00, 210, 14001, 4, 8
2026-09-01T11:34:55.2381576+07:00,2026/09/01 11:34:55.269, NVIDIA GeForce RTX 5060, 591.86, P1, 32, 0, 916, 8151, 14.11, 145.00, 210, 14001, 4, 8
2026-09-01T11:35:00.3634444+07:00,2026/09/01 11:35:00.394, NVIDIA GeForce RTX 5060, 591.86, P1, 32, 0, 916, 8151, 14.79, 145.00, 210, 14001, 4, 8
2026-09-01T11:35:05.4115940+07:00,2026/09/01 11:35:05.458, NVIDIA GeForce RTX 5060, 591.86, P8, 32, 0, 916, 8151, 8.01, 145.00, 210, 405, 1, 8
2026-09-01T11:35:10.4742808+07:00,2026/09/01 11:35:10.505, NVIDIA GeForce RTX 5060, 591.86, P8, 32, 0, 916, 8151, 8.01, 145.00, 210, 405, 1, 8
2026-09-01T11:35:15.5246765+07:00,2026/09/01 11:35:15.555, NVIDIA GeForce RTX 5060, 591.86, P8, 32, 0, 916, 8151, 7.93, 145.00, 210, 405, 1, 8
2026-09-01T11:35:20.5722018+07:00,2026/09/01 11:35:20.603, NVIDIA GeForce RTX 5060, 591.86, P8, 32, 0, 916, 8151, 8.14, 145.00, 210, 405, 1, 8
2026-09-01T11:35:25.6171197+07:00,2026/09/01 11:35:25.648, NVIDIA GeForce RTX 5060, 591.86, P8, 32, 0, 916, 8151, 8.15, 145.00, 210, 405, 1, 8
2026-09-01T11:35:30.7276330+07:00,2026/09/01 11:35:30.758, NVIDIA GeForce RTX 5060, 591.86, P8, 32, 0, 916, 8151, 8.11, 145.00, 210, 405, 1, 8
2026-09-01T11:35:35.7789408+07:00,2026/09/01 11:35:35.809, NVIDIA GeForce RTX 5060, 591.86, P8, 32, 0, 916, 8151, 8.07, 145.00, 210, 405, 1, 8
2026-09-01T11:35:40.8305344+07:00,2026/09/01 11:35:40.861, NVIDIA GeForce RTX 5060, 591.86, P8, 32, 0, 916, 8151, 8.13, 145.00, 210, 405, 1, 8
2026-09-01T11:35:45.8820499+07:00,2026/09/01 11:35:45.928, NVIDIA GeForce RTX 5060, 591.86, P8, 32, 0, 916, 8151, 8.23, 145.00, 210, 405, 1, 8
2026-09-01T11:35:50.9452382+07:00,2026/09/01 11:35:50.975, NVIDIA GeForce RTX 5060, 591.86, P8, 32, 0, 916, 8151, 8.06, 145.00, 210, 405, 1, 8
2026-09-01T11:35:55.9915525+07:00,2026/09/01 11:35:56.022, NVIDIA GeForce RTX 5060, 591.86, P8, 32, 0, 916, 8151, 8.32, 145.00, 210, 405, 1, 8
2026-09-01T11:36:01.1297348+07:00,2026/09/01 11:36:01.160, NVIDIA GeForce RTX 5060, 591.86, P8, 32, 0, 916, 8151, 8.38, 145.00, 210, 405, 1, 8
2026-09-01T11:36:06.1766720+07:00,2026/09/01 11:36:06.207, NVIDIA GeForce RTX 5060, 591.86, P5, 32, 0, 916, 8151, 11.45, 145.00, 210, 810, 1, 8
2026-09-01T11:36:11.2278284+07:00,2026/09/01 11:36:11.258, NVIDIA GeForce RTX 5060, 591.86, P5, 32, 0, 916, 8151, 13.35, 145.00, 210, 810, 2, 8
2026-09-01T11:36:16.2795232+07:00,2026/09/01 11:36:16.310, NVIDIA GeForce RTX 5060, 591.86, P8, 32, 0, 916, 8151, 8.26, 145.00, 210, 405, 1, 8
2026-09-01T11:36:21.3299906+07:00,2026/09/01 11:36:21.360, NVIDIA GeForce RTX 5060, 591.86, P8, 32, 0, 916, 8151, 8.24, 145.00, 210, 405, 1, 8
2026-09-01T11:36:26.3704457+07:00,2026/09/01 11:36:26.401, NVIDIA GeForce RTX 5060, 591.86, P8, 32, 0, 916, 8151, 8.19, 145.00, 210, 405, 1, 8
2026-09-01T11:36:31.4813216+07:00,2026/09/01 11:36:31.512, NVIDIA GeForce RTX 5060, 591.86, P8, 32, 0, 916, 8151, 8.20, 145.00, 210, 405, 1, 8
2026-09-01T11:36:36.5315973+07:00,2026/09/01 11:36:36.562, NVIDIA GeForce RTX 5060, 591.86, P8, 32, 0, 916, 8151, 8.21, 145.00, 210, 405, 1, 8
2026-09-01T11:36:41.5848002+07:00,2026/09/01 11:36:41.615, NVIDIA GeForce RTX 5060, 591.86, P8, 31, 0, 916, 8151, 8.21, 145.00, 210, 405, 1, 8
2026-09-01T11:36:46.6309815+07:00,2026/09/01 11:36:46.693, NVIDIA GeForce RTX 5060, 591.86, P8, 31, 0, 916, 8151, 8.23, 145.00, 210, 405, 1, 8
2026-09-01T11:36:51.7121153+07:00,2026/09/01 11:36:51.773, NVIDIA GeForce RTX 5060, 591.86, P8, 31, 0, 916, 8151, 8.27, 145.00, 210, 405, 1, 8
2026-09-01T11:36:56.7918419+07:00,2026/09/01 11:36:56.853, NVIDIA GeForce RTX 5060, 591.86, P8, 31, 0, 916, 8151, 8.27, 145.00, 210, 405, 1, 8
2026-09-01T11:37:01.9481399+07:00,2026/09/01 11:37:02.010, NVIDIA GeForce RTX 5060, 591.86, P8, 32, 0, 916, 8151, 8.58, 145.00, 210, 405, 1, 8
2026-09-01T11:37:07.0285286+07:00,2026/09/01 11:37:07.090, NVIDIA GeForce RTX 5060, 591.86, P8, 31, 0, 916, 8151, 8.25, 145.00, 210, 405, 1, 8
2026-09-01T11:37:12.1104726+07:00,2026/09/01 11:37:12.171, NVIDIA GeForce RTX 5060, 591.86, P8, 31, 0, 916, 8151, 8.14, 145.00, 210, 405, 1, 8
2026-09-01T11:37:17.1934487+07:00,2026/09/01 11:37:17.269, NVIDIA GeForce RTX 5060, 591.86, P8, 31, 0, 916, 8151, 8.39, 145.00, 210, 405, 1, 8
2026-09-01T11:37:22.2883295+07:00,2026/09/01 11:37:22.350, NVIDIA GeForce RTX 5060, 591.86, P8, 31, 0, 916, 8151, 8.01, 145.00, 210, 405, 1, 8
2026-09-01T11:37:27.3671856+07:00,2026/09/01 11:37:27.428, NVIDIA GeForce RTX 5060, 591.86, P8, 31, 0, 916, 8151, 8.23, 145.00, 210, 405, 1, 8
2026-09-01T11:37:32.5250571+07:00,2026/09/01 11:37:32.571, NVIDIA GeForce RTX 5060, 591.86, P8, 31, 0, 916, 8151, 8.20, 145.00, 210, 405, 1, 8
2026-09-01T11:37:37.5912279+07:00,2026/09/01 11:37:37.621, NVIDIA GeForce RTX 5060, 591.86, P8, 31, 0, 916, 8151, 8.26, 145.00, 210, 405, 1, 8
2026-09-01T11:37:42.6426116+07:00,2026/09/01 11:37:42.673, NVIDIA GeForce RTX 5060, 591.86, P8, 31, 0, 916, 8151, 8.15, 145.00, 210, 405, 1, 8
2026-09-01T11:37:47.6920675+07:00,2026/09/01 11:37:47.723, NVIDIA GeForce RTX 5060, 591.86, P8, 31, 0, 916, 8151, 8.15, 145.00, 210, 405, 1, 8
2026-09-01T11:37:52.7415414+07:00,2026/09/01 11:37:52.772, NVIDIA GeForce RTX 5060, 591.86, P8, 31, 0, 910, 8151, 8.86, 145.00, 210, 405, 1, 8
2026-09-01T11:37:57.7900449+07:00,2026/09/01 11:37:57.821, NVIDIA GeForce RTX 5060, 591.86, P8, 32, 10, 924, 8151, 10.19, 145.00, 615, 405, 1, 8
2026-09-01T11:38:02.9133892+07:00,2026/09/01 11:38:02.944, NVIDIA GeForce RTX 5060, 591.86, P8, 31, 1, 925, 8151, 9.16, 145.00, 330, 405, 1, 8
2026-09-01T11:38:07.9624198+07:00,2026/09/01 11:38:07.993, NVIDIA GeForce RTX 5060, 591.86, P8, 31, 1, 925, 8151, 8.51, 145.00, 210, 405, 1, 8
2026-09-01T11:38:13.0115358+07:00,2026/09/01 11:38:13.058, NVIDIA GeForce RTX 5060, 591.86, P3, 32, 1, 925, 8151, 20.71, 145.00, 1222, 7001, 4, 8
2026-09-01T11:38:18.0771145+07:00,2026/09/01 11:38:18.108, NVIDIA GeForce RTX 5060, 591.86, P8, 32, 0, 914, 8151, 10.78, 145.00, 502, 405, 1, 8
2026-09-01T11:38:23.1262776+07:00,2026/09/01 11:38:23.157, NVIDIA GeForce RTX 5060, 591.86, P8, 32, 0, 900, 8151, 8.66, 145.00, 322, 405, 1, 8
2026-09-01T11:38:28.1764497+07:00,2026/09/01 11:38:28.207, NVIDIA GeForce RTX 5060, 591.86, P5, 32, 8, 927, 8151, 13.50, 145.00, 892, 810, 1, 8
2026-09-01T11:38:33.2887020+07:00,2026/09/01 11:38:33.319, NVIDIA GeForce RTX 5060, 591.86, P8, 32, 0, 941, 8151, 9.76, 145.00, 360, 405, 1, 8
2026-09-01T11:38:38.3386652+07:00,2026/09/01 11:38:38.369, NVIDIA GeForce RTX 5060, 591.86, P8, 32, 0, 932, 8151, 8.55, 145.00, 210, 405, 1, 8
2026-09-01T11:38:43.3867253+07:00,2026/09/01 11:38:43.417, NVIDIA GeForce RTX 5060, 591.86, P8, 32, 2, 951, 8151, 9.23, 145.00, 352, 405, 1, 8
2026-09-01T11:38:48.4356983+07:00,2026/09/01 11:38:48.466, NVIDIA GeForce RTX 5060, 591.86, P8, 32, 0, 909, 8151, 8.76, 145.00, 375, 405, 1, 8
2026-09-01T11:38:53.4874200+07:00,2026/09/01 11:38:53.518, NVIDIA GeForce RTX 5060, 591.86, P8, 32, 1, 906, 8151, 9.52, 145.00, 322, 405, 1, 8
2026-09-01T11:38:58.5360386+07:00,2026/09/01 11:38:58.567, NVIDIA GeForce RTX 5060, 591.86, P8, 32, 1, 899, 8151, 10.59, 145.00, 435, 405, 1, 8
2026-09-01T11:39:03.6722743+07:00,2026/09/01 11:39:03.703, NVIDIA GeForce RTX 5060, 591.86, P8, 31, 0, 889, 8151, 8.45, 145.00, 210, 405, 1, 8
2026-09-01T11:39:08.7211635+07:00,2026/09/01 11:39:08.752, NVIDIA GeForce RTX 5060, 591.86, P8, 32, 0, 878, 8151, 8.76, 145.00, 255, 405, 1, 8
2026-09-01T11:39:13.7692448+07:00,2026/09/01 11:39:13.800, NVIDIA GeForce RTX 5060, 591.86, P8, 31, 1, 880, 8151, 8.73, 145.00, 247, 405, 1, 8
2026-09-01T11:39:18.8168169+07:00,2026/09/01 11:39:18.847, NVIDIA GeForce RTX 5060, 591.86, P8, 32, 1, 880, 8151, 8.91, 145.00, 277, 405, 1, 8
2026-09-01T11:39:23.8790511+07:00,2026/09/01 11:39:23.910, NVIDIA GeForce RTX 5060, 591.86, P8, 31, 1, 880, 8151, 9.05, 145.00, 307, 405, 1, 8
2026-09-01T11:39:28.9276563+07:00,2026/09/01 11:39:28.958, NVIDIA GeForce RTX 5060, 591.86, P8, 31, 1, 880, 8151, 8.88, 145.00, 285, 405, 1, 8
2026-09-01T11:39:34.0397362+07:00,2026/09/01 11:39:34.070, NVIDIA GeForce RTX 5060, 591.86, P8, 31, 0, 880, 8151, 8.61, 145.00, 255, 405, 1, 8
2026-09-01T11:39:39.0892028+07:00,2026/09/01 11:39:39.120, NVIDIA GeForce RTX 5060, 591.86, P8, 31, 0, 880, 8151, 9.60, 145.00, 210, 405, 1, 8
2026-09-01T11:39:44.1416273+07:00,2026/09/01 11:39:44.185, NVIDIA GeForce RTX 5060, 591.86, P8, 31, 0, 879, 8151, 8.79, 145.00, 255, 405, 1, 8
2026-09-01T11:39:49.2049563+07:00,2026/09/01 11:39:49.235, NVIDIA GeForce RTX 5060, 591.86, P8, 31, 1, 879, 8151, 8.84, 145.00, 255, 405, 1, 8
2026-09-01T11:39:54.2538054+07:00,2026/09/01 11:39:54.284, NVIDIA GeForce RTX 5060, 591.86, P8, 31, 1, 879, 8151, 9.02, 145.00, 307, 405, 1, 8
2026-09-01T11:39:59.3030275+07:00,2026/09/01 11:39:59.334, NVIDIA GeForce RTX 5060, 591.86, P8, 32, 4, 897, 8151, 11.24, 145.00, 547, 405, 1, 8
2026-09-01T11:40:04.4137143+07:00,2026/09/01 11:40:04.444, NVIDIA GeForce RTX 5060, 591.86, P0, 33, 1, 950, 8151, 23.74, 145.00, 2557, 14201, 4, 8
2026-09-01T11:40:09.4613734+07:00,2026/09/01 11:40:09.492, NVIDIA GeForce RTX 5060, 591.86, P0, 33, 1, 920, 8151, 24.31, 145.00, 2572, 14201, 4, 8
2026-09-01T11:40:14.5103522+07:00,2026/09/01 11:40:14.540, NVIDIA GeForce RTX 5060, 591.86, P8, 32, 0, 916, 8151, 10.27, 145.00, 367, 405, 1, 8
2026-09-01T11:40:19.5619606+07:00,2026/09/01 11:40:19.593, NVIDIA GeForce RTX 5060, 591.86, P8, 32, 0, 903, 8151, 9.64, 145.00, 360, 405, 1, 8
2026-09-01T11:40:24.6124625+07:00,2026/09/01 11:40:24.643, NVIDIA GeForce RTX 5060, 591.86, P8, 32, 1, 897, 8151, 9.79, 145.00, 375, 405, 1, 8
2026-09-01T11:40:29.6619456+07:00,2026/09/01 11:40:29.692, NVIDIA GeForce RTX 5060, 591.86, P8, 32, 1, 897, 8151, 9.80, 145.00, 345, 405, 1, 8
2026-09-01T11:40:34.7879959+07:00,2026/09/01 11:40:34.818, NVIDIA GeForce RTX 5060, 591.86, P8, 32, 1, 902, 8151, 9.81, 145.00, 352, 405, 1, 8
2026-09-01T11:40:39.8383211+07:00,2026/09/01 11:40:39.869, NVIDIA GeForce RTX 5060, 591.86, P8, 32, 1, 898, 8151, 9.50, 145.00, 367, 405, 1, 8
2026-09-01T11:40:44.8882102+07:00,2026/09/01 11:40:44.919, NVIDIA GeForce RTX 5060, 591.86, P8, 32, 0, 898, 8151, 9.47, 145.00, 375, 405, 1, 8
2026-09-01T11:40:49.9374808+07:00,2026/09/01 11:40:49.968, NVIDIA GeForce RTX 5060, 591.86, P8, 32, 1, 898, 8151, 9.76, 145.00, 382, 405, 1, 8
2026-09-01T11:40:54.9858515+07:00,2026/09/01 11:40:55.016, NVIDIA GeForce RTX 5060, 591.86, P8, 32, 1, 898, 8151, 9.51, 145.00, 360, 405, 1, 8
2026-09-01T11:41:00.0351930+07:00,2026/09/01 11:41:00.066, NVIDIA GeForce RTX 5060, 591.86, P8, 32, 1, 898, 8151, 9.39, 145.00, 375, 405, 1, 8
2026-09-01T11:41:05.1475012+07:00,2026/09/01 11:41:05.178, NVIDIA GeForce RTX 5060, 591.86, P8, 32, 1, 898, 8151, 9.36, 145.00, 375, 405, 1, 8
2026-09-01T11:41:10.1944837+07:00,2026/09/01 11:41:10.225, NVIDIA GeForce RTX 5060, 591.86, P8, 32, 2, 915, 8151, 10.28, 145.00, 622, 405, 1, 8
2026-09-01T11:41:15.2424394+07:00,2026/09/01 11:41:15.273, NVIDIA GeForce RTX 5060, 591.86, P8, 32, 2, 946, 8151, 10.78, 145.00, 645, 405, 1, 8
2026-09-01T11:41:20.2925022+07:00,2026/09/01 11:41:20.323, NVIDIA GeForce RTX 5060, 591.86, P8, 32, 3, 965, 8151, 9.63, 145.00, 420, 405, 1, 8
2026-09-01T11:41:25.3421034+07:00,2026/09/01 11:41:25.388, NVIDIA GeForce RTX 5060, 591.86, P8, 31, 0, 922, 8151, 9.53, 145.00, 270, 405, 1, 8
2026-09-01T11:41:30.4069969+07:00,2026/09/01 11:41:30.437, NVIDIA GeForce RTX 5060, 591.86, P0, 33, 1, 935, 8151, 18.03, 145.00, 2542, 14201, 4, 8
2026-09-01T11:41:35.5194771+07:00,2026/09/01 11:41:35.550, NVIDIA GeForce RTX 5060, 591.86, P5, 32, 0, 913, 8151, 11.90, 145.00, 315, 810, 2, 8
2026-09-01T11:41:40.5690649+07:00,2026/09/01 11:41:40.600, NVIDIA GeForce RTX 5060, 591.86, P8, 31, 0, 911, 8151, 8.62, 145.00, 232, 405, 1, 8
2026-09-01T11:41:45.6179962+07:00,2026/09/01 11:41:45.648, NVIDIA GeForce RTX 5060, 591.86, P8, 31, 0, 911, 8151, 8.57, 145.00, 232, 405, 1, 8
2026-09-01T11:41:50.6689531+07:00,2026/09/01 11:41:50.699, NVIDIA GeForce RTX 5060, 591.86, P8, 31, 0, 911, 8151, 8.58, 145.00, 232, 405, 1, 8
2026-09-01T11:41:55.7178666+07:00,2026/09/01 11:41:55.748, NVIDIA GeForce RTX 5060, 591.86, P8, 31, 0, 911, 8151, 8.62, 145.00, 232, 405, 1, 8
2026-09-01T11:42:00.7669547+07:00,2026/09/01 11:42:00.797, NVIDIA GeForce RTX 5060, 591.86, P8, 31, 1, 921, 8151, 8.74, 145.00, 300, 405, 1, 8
2026-09-01T11:42:05.8943052+07:00,2026/09/01 11:42:05.940, NVIDIA GeForce RTX 5060, 591.86, P8, 31, 0, 915, 8151, 8.82, 145.00, 210, 405, 1, 8
2026-09-01T11:42:10.9604508+07:00,2026/09/01 11:42:10.991, NVIDIA GeForce RTX 5060, 591.86, P8, 31, 0, 915, 8151, 8.77, 145.00, 277, 405, 1, 8
2026-09-01T11:42:16.0096640+07:00,2026/09/01 11:42:16.040, NVIDIA GeForce RTX 5060, 591.86, P8, 31, 0, 907, 8151, 8.88, 145.00, 255, 405, 1, 8
2026-09-01T11:42:21.0600623+07:00,2026/09/01 11:42:21.091, NVIDIA GeForce RTX 5060, 591.86, P8, 31, 0, 907, 8151, 8.50, 145.00, 255, 405, 1, 8
2026-09-01T11:42:26.1113203+07:00,2026/09/01 11:42:26.142, NVIDIA GeForce RTX 5060, 591.86, P8, 31, 0, 907, 8151, 8.71, 145.00, 255, 405, 1, 8
2026-09-01T11:42:31.1605364+07:00,2026/09/01 11:42:31.191, NVIDIA GeForce RTX 5060, 591.86, P8, 31, 0, 907, 8151, 8.94, 145.00, 307, 405, 1, 8
2026-09-01T11:42:36.2730038+07:00,2026/09/01 11:42:36.304, NVIDIA GeForce RTX 5060, 591.86, P8, 31, 0, 907, 8151, 8.57, 145.00, 210, 405, 1, 8
2026-09-01T11:42:41.3217257+07:00,2026/09/01 11:42:41.352, NVIDIA GeForce RTX 5060, 591.86, P8, 31, 0, 907, 8151, 8.57, 145.00, 210, 405, 1, 8
2026-09-01T11:42:46.3712853+07:00,2026/09/01 11:42:46.402, NVIDIA GeForce RTX 5060, 591.86, P8, 31, 1, 913, 8151, 9.75, 145.00, 442, 405, 1, 8
2026-09-01T11:42:51.4205555+07:00,2026/09/01 11:42:51.467, NVIDIA GeForce RTX 5060, 591.86, P8, 31, 1, 913, 8151, 9.84, 145.00, 502, 405, 1, 8
2026-09-01T11:42:56.4853623+07:00,2026/09/01 11:42:56.515, NVIDIA GeForce RTX 5060, 591.86, P8, 31, 1, 913, 8151, 9.75, 145.00, 465, 405, 1, 8
2026-09-01T11:43:01.5355275+07:00,2026/09/01 11:43:01.565, NVIDIA GeForce RTX 5060, 591.86, P0, 33, 1, 999, 8151, 24.16, 145.00, 2572, 14201, 4, 8
2026-09-01T11:43:06.6462377+07:00,2026/09/01 11:43:06.677, NVIDIA GeForce RTX 5060, 591.86, P5, 31, 0, 1012, 8151, 11.82, 145.00, 390, 810, 2, 8
2026-09-01T11:43:11.7098412+07:00,2026/09/01 11:43:11.740, NVIDIA GeForce RTX 5060, 591.86, P5, 32, 1, 1011, 8151, 11.68, 145.00, 975, 810, 2, 8
2026-09-01T11:43:16.7581501+07:00,2026/09/01 11:43:16.789, NVIDIA GeForce RTX 5060, 591.86, P8, 31, 1, 936, 8151, 10.21, 145.00, 345, 405, 1, 8
2026-09-01T11:43:21.8064534+07:00,2026/09/01 11:43:21.837, NVIDIA GeForce RTX 5060, 591.86, P8, 31, 1, 929, 8151, 9.40, 145.00, 360, 405, 1, 8
2026-09-01T11:43:26.8553965+07:00,2026/09/01 11:43:26.886, NVIDIA GeForce RTX 5060, 591.86, P8, 31, 1, 929, 8151, 9.36, 145.00, 390, 405, 1, 8
2026-09-01T11:43:31.9042636+07:00,2026/09/01 11:43:31.935, NVIDIA GeForce RTX 5060, 591.86, P8, 31, 0, 928, 8151, 9.53, 145.00, 360, 405, 1, 8
2026-09-01T11:43:37.0149692+07:00,2026/09/01 11:43:37.045, NVIDIA GeForce RTX 5060, 591.86, P8, 31, 0, 928, 8151, 9.62, 145.00, 345, 405, 1, 8
2026-09-01T11:43:42.0633342+07:00,2026/09/01 11:43:42.094, NVIDIA GeForce RTX 5060, 591.86, P8, 31, 0, 930, 8151, 9.28, 145.00, 322, 405, 1, 8
2026-09-01T11:43:47.1136800+07:00,2026/09/01 11:43:47.144, NVIDIA GeForce RTX 5060, 591.86, P8, 31, 0, 930, 8151, 9.13, 145.00, 255, 405, 1, 8
2026-09-01T11:43:52.1627961+07:00,2026/09/01 11:43:52.193, NVIDIA GeForce RTX 5060, 591.86, P8, 31, 0, 928, 8151, 8.67, 145.00, 210, 405, 1, 8
2026-09-01T11:43:57.2129379+07:00,2026/09/01 11:43:57.243, NVIDIA GeForce RTX 5060, 591.86, P8, 31, 0, 922, 8151, 8.80, 145.00, 217, 405, 1, 8
2026-09-01T11:44:02.2614312+07:00,2026/09/01 11:44:02.292, NVIDIA GeForce RTX 5060, 591.86, P1, 31, 0, 914, 8151, 15.42, 145.00, 210, 14001, 4, 8
2026-09-01T11:44:07.3889199+07:00,2026/09/01 11:44:07.419, NVIDIA GeForce RTX 5060, 591.86, P1, 31, 0, 914, 8151, 15.28, 145.00, 210, 14001, 4, 8
2026-09-01T11:44:12.4383772+07:00,2026/09/01 11:44:12.469, NVIDIA GeForce RTX 5060, 591.86, P1, 31, 0, 914, 8151, 8.75, 145.00, 210, 14001, 4, 8
2026-09-01T11:44:17.4889429+07:00,2026/09/01 11:44:17.519, NVIDIA GeForce RTX 5060, 591.86, P8, 31, 0, 914, 8151, 8.70, 145.00, 210, 405, 1, 8
2026-09-01T11:44:22.5388857+07:00,2026/09/01 11:44:22.569, NVIDIA GeForce RTX 5060, 591.86, P8, 31, 0, 914, 8151, 8.40, 145.00, 210, 405, 1, 8
2026-09-01T11:44:27.5883636+07:00,2026/09/01 11:44:27.619, NVIDIA GeForce RTX 5060, 591.86, P8, 31, 0, 950, 8151, 10.98, 145.00, 555, 405, 1, 8
2026-09-01T11:44:32.6374253+07:00,2026/09/01 11:44:32.668, NVIDIA GeForce RTX 5060, 591.86, P8, 31, 0, 949, 8151, 8.26, 145.00, 210, 405, 1, 8
2026-09-01T11:44:37.7628189+07:00,2026/09/01 11:44:37.793, NVIDIA GeForce RTX 5060, 591.86, P8, 31, 0, 949, 8151, 8.31, 145.00, 210, 405, 1, 8
2026-09-01T11:44:42.8126755+07:00,2026/09/01 11:44:42.843, NVIDIA GeForce RTX 5060, 591.86, P8, 31, 0, 907, 8151, 8.96, 145.00, 307, 405, 1, 8
2026-09-01T11:44:47.8629813+07:00,2026/09/01 11:44:47.893, NVIDIA GeForce RTX 5060, 591.86, P8, 31, 0, 903, 8151, 8.78, 145.00, 210, 405, 1, 8
2026-09-01T11:44:52.9119494+07:00,2026/09/01 11:44:52.942, NVIDIA GeForce RTX 5060, 591.86, P8, 31, 7, 920, 8151, 12.05, 145.00, 547, 405, 1, 8
2026-09-01T11:44:57.9604181+07:00,2026/09/01 11:44:57.991, NVIDIA GeForce RTX 5060, 591.86, P8, 32, 12, 931, 8151, 11.51, 145.00, 817, 405, 1, 8
2026-09-01T11:45:03.0089240+07:00,2026/09/01 11:45:03.039, NVIDIA GeForce RTX 5060, 591.86, P8, 31, 2, 937, 8151, 10.28, 145.00, 457, 405, 1, 8
2026-09-01T11:45:08.1343882+07:00,2026/09/01 11:45:08.165, NVIDIA GeForce RTX 5060, 591.86, P3, 32, 2, 923, 8151, 21.86, 145.00, 1762, 7001, 4, 8
2026-09-01T11:45:13.1828208+07:00,2026/09/01 11:45:13.213, NVIDIA GeForce RTX 5060, 591.86, P8, 32, 6, 910, 8151, 12.11, 145.00, 675, 405, 1, 8
2026-09-01T11:45:18.2320496+07:00,2026/09/01 11:45:18.262, NVIDIA GeForce RTX 5060, 591.86, P8, 31, 4, 910, 8151, 11.43, 145.00, 585, 405, 1, 8
2026-09-01T11:45:23.2832524+07:00,2026/09/01 11:45:23.313, NVIDIA GeForce RTX 5060, 591.86, P8, 31, 5, 910, 8151, 11.53, 145.00, 592, 405, 1, 8
2026-09-01T11:45:28.3340806+07:00,2026/09/01 11:45:28.365, NVIDIA GeForce RTX 5060, 591.86, P8, 31, 4, 910, 8151, 11.51, 145.00, 592, 405, 1, 8
2026-09-01T11:45:33.3843767+07:00,2026/09/01 11:45:33.415, NVIDIA GeForce RTX 5060, 591.86, P8, 32, 8, 913, 8151, 11.63, 145.00, 652, 405, 1, 8
2026-09-01T11:45:38.4959231+07:00,2026/09/01 11:45:38.527, NVIDIA GeForce RTX 5060, 591.86, P8, 32, 12, 915, 8151, 13.70, 145.00, 862, 405, 1, 8
2026-09-01T11:45:43.5455758+07:00,2026/09/01 11:45:43.576, NVIDIA GeForce RTX 5060, 591.86, P8, 31, 5, 927, 8151, 11.96, 145.00, 757, 405, 1, 8
2026-09-01T11:45:48.5945217+07:00,2026/09/01 11:45:48.625, NVIDIA GeForce RTX 5060, 591.86, P8, 31, 5, 920, 8151, 11.00, 145.00, 502, 405, 1, 8
2026-09-01T11:45:53.6451032+07:00,2026/09/01 11:45:53.692, NVIDIA GeForce RTX 5060, 591.86, P8, 31, 5, 916, 8151, 11.06, 145.00, 525, 405, 1, 8
2026-09-01T11:45:58.7148778+07:00,2026/09/01 11:45:58.745, NVIDIA GeForce RTX 5060, 591.86, P8, 31, 5, 916, 8151, 11.11, 145.00, 540, 405, 1, 8
2026-09-01T11:46:03.7646475+07:00,2026/09/01 11:46:03.795, NVIDIA GeForce RTX 5060, 591.86, P8, 31, 6, 916, 8151, 11.23, 145.00, 502, 405, 1, 8
2026-09-01T11:46:08.8921664+07:00,2026/09/01 11:46:08.923, NVIDIA GeForce RTX 5060, 591.86, P8, 31, 4, 916, 8151, 11.06, 145.00, 495, 405, 1, 8
2026-09-01T11:46:13.9435272+07:00,2026/09/01 11:46:13.974, NVIDIA GeForce RTX 5060, 591.86, P8, 31, 4, 916, 8151, 11.17, 145.00, 547, 405, 1, 8
2026-09-01T11:46:18.9950234+07:00,2026/09/01 11:46:19.026, NVIDIA GeForce RTX 5060, 591.86, P8, 31, 5, 916, 8151, 11.32, 145.00, 517, 405, 1, 8
2026-09-01T11:46:24.0392382+07:00,2026/09/01 11:46:24.070, NVIDIA GeForce RTX 5060, 591.86, P8, 31, 0, 1045, 8151, 9.77, 145.00, 375, 405, 1, 8
2026-09-01T11:46:29.0996751+07:00,2026/09/01 11:46:29.130, NVIDIA GeForce RTX 5060, 591.86, P8, 31, 2, 1035, 8151, 10.20, 145.00, 495, 405, 1, 8
2026-09-01T11:46:34.1454120+07:00,2026/09/01 11:46:34.191, NVIDIA GeForce RTX 5060, 591.86, P8, 31, 2, 1051, 8151, 10.37, 145.00, 495, 405, 1, 8
2026-09-01T11:46:39.2741777+07:00,2026/09/01 11:46:39.305, NVIDIA GeForce RTX 5060, 591.86, P8, 31, 0, 1044, 8151, 9.79, 145.00, 412, 405, 1, 8
2026-09-01T11:46:44.3232708+07:00,2026/09/01 11:46:44.355, NVIDIA GeForce RTX 5060, 591.86, P8, 31, 1, 1036, 8151, 9.45, 145.00, 352, 405, 1, 8
2026-09-01T11:46:49.3697951+07:00,2026/09/01 11:46:49.400, NVIDIA GeForce RTX 5060, 591.86, P8, 31, 1, 1038, 8151, 9.88, 145.00, 390, 405, 1, 8
2026-09-01T11:46:54.4173150+07:00,2026/09/01 11:46:54.448, NVIDIA GeForce RTX 5060, 591.86, P8, 31, 4, 1043, 8151, 10.06, 145.00, 450, 405, 1, 8
2026-09-01T11:46:59.4659670+07:00,2026/09/01 11:46:59.496, NVIDIA GeForce RTX 5060, 591.86, P8, 31, 1, 1069, 8151, 10.77, 145.00, 667, 405, 1, 8
2026-09-01T11:47:04.5132322+07:00,2026/09/01 11:47:04.544, NVIDIA GeForce RTX 5060, 591.86, P0, 32, 1, 1041, 8151, 23.01, 145.00, 2542, 14201, 4, 8
2026-09-01T11:47:09.6229270+07:00,2026/09/01 11:47:09.653, NVIDIA GeForce RTX 5060, 591.86, P5, 31, 1, 1043, 8151, 11.38, 145.00, 652, 810, 1, 8
2026-09-01T11:47:14.6649660+07:00,2026/09/01 11:47:14.695, NVIDIA GeForce RTX 5060, 591.86, P8, 31, 2, 1117, 8151, 10.98, 145.00, 720, 405, 4, 8
2026-09-01T11:47:19.7121322+07:00,2026/09/01 11:47:19.742, NVIDIA GeForce RTX 5060, 591.86, P5, 32, 1, 1100, 8151, 13.41, 145.00, 675, 810, 2, 8
2026-09-01T11:47:24.7602935+07:00,2026/09/01 11:47:24.791, NVIDIA GeForce RTX 5060, 591.86, P5, 31, 1, 1096, 8151, 10.64, 145.00, 495, 810, 2, 8
2026-09-01T11:47:29.8113107+07:00,2026/09/01 11:47:29.842, NVIDIA GeForce RTX 5060, 591.86, P8, 31, 0, 1084, 8151, 8.49, 145.00, 210, 405, 1, 8
2026-09-01T11:47:34.8625763+07:00,2026/09/01 11:47:34.893, NVIDIA GeForce RTX 5060, 591.86, P8, 31, 0, 1085, 8151, 8.54, 145.00, 232, 405, 1, 8
2026-09-01T11:47:40.0493179+07:00,2026/09/01 11:47:40.080, NVIDIA GeForce RTX 5060, 591.86, P8, 31, 0, 1064, 8151, 8.47, 145.00, 247, 405, 1, 8
2026-09-01T11:47:45.1141841+07:00,2026/09/01 11:47:45.145, NVIDIA GeForce RTX 5060, 591.86, P8, 31, 0, 1050, 8151, 8.55, 145.00, 232, 405, 1, 8
2026-09-01T11:47:50.1619155+07:00,2026/09/01 11:47:50.192, NVIDIA GeForce RTX 5060, 591.86, P8, 31, 0, 1037, 8151, 8.58, 145.00, 210, 405, 1, 8
2026-09-01T11:47:55.2101716+07:00,2026/09/01 11:47:55.241, NVIDIA GeForce RTX 5060, 591.86, P8, 31, 0, 1031, 8151, 8.62, 145.00, 232, 405, 1, 8
2026-09-01T11:48:00.2594216+07:00,2026/09/01 11:48:00.290, NVIDIA GeForce RTX 5060, 591.86, P8, 31, 0, 1031, 8151, 8.61, 145.00, 210, 405, 1, 8
2026-09-01T11:48:05.3210855+07:00,2026/09/01 11:48:05.351, NVIDIA GeForce RTX 5060, 591.86, P8, 31, 0, 1031, 8151, 8.77, 145.00, 232, 405, 1, 8
2026-09-01T11:48:10.4478932+07:00,2026/09/01 11:48:10.478, NVIDIA GeForce RTX 5060, 591.86, P8, 31, 0, 1031, 8151, 8.77, 145.00, 232, 405, 1, 8
2026-09-01T11:48:15.4929666+07:00,2026/09/01 11:48:15.539, NVIDIA GeForce RTX 5060, 591.86, P8, 31, 0, 1031, 8151, 8.68, 145.00, 210, 405, 1, 8
2026-09-01T11:48:20.5540896+07:00,2026/09/01 11:48:20.616, NVIDIA GeForce RTX 5060, 591.86, P8, 31, 0, 1039, 8151, 8.74, 145.00, 210, 405, 1, 8
2026-09-01T11:48:25.6357193+07:00,2026/09/01 11:48:25.697, NVIDIA GeForce RTX 5060, 591.86, P8, 31, 0, 1038, 8151, 8.54, 145.00, 210, 405, 1, 8
2026-09-01T11:48:30.7172049+07:00,2026/09/01 11:48:30.779, NVIDIA GeForce RTX 5060, 591.86, P8, 31, 2, 1065, 8151, 8.83, 145.00, 210, 405, 1, 8
2026-09-01T11:48:35.7975765+07:00,2026/09/01 11:48:36.153, NVIDIA GeForce RTX 5060, 591.86, P0, 32, 0, 1073, 8151, 23.01, 145.00, 2542, 14201, 4, 8
2026-09-01T11:48:41.3356274+07:00,2026/09/01 11:48:41.366, NVIDIA GeForce RTX 5060, 591.86, P8, 31, 0, 1061, 8151, 8.61, 145.00, 210, 405, 1, 8
2026-09-01T11:48:46.3759144+07:00,2026/09/01 11:48:46.406, NVIDIA GeForce RTX 5060, 591.86, P8, 31, 0, 1053, 8151, 8.99, 145.00, 232, 405, 1, 8
2026-09-01T11:48:51.4234605+07:00,2026/09/01 11:48:51.454, NVIDIA GeForce RTX 5060, 591.86, P8, 31, 0, 1060, 8151, 8.82, 145.00, 232, 405, 1, 8
2026-09-01T11:48:56.4732602+07:00,2026/09/01 11:48:56.504, NVIDIA GeForce RTX 5060, 591.86, P5, 31, 0, 1052, 8151, 13.69, 145.00, 210, 7001, 2, 8
2026-09-01T11:49:01.5147593+07:00,2026/09/01 11:49:01.775, NVIDIA GeForce RTX 5060, 591.86, P8, 31, 0, 1052, 8151, 9.26, 145.00, 210, 405, 1, 8
2026-09-01T11:49:06.7962941+07:00,2026/09/01 11:49:07.228, NVIDIA GeForce RTX 5060, 591.86, P8, 31, 1, 1058, 8151, 10.29, 145.00, 472, 405, 1, 8
2026-09-01T11:49:12.3605088+07:00,2026/09/01 11:49:12.714, NVIDIA GeForce RTX 5060, 591.86, P8, 31, 1, 1058, 8151, 10.11, 145.00, 457, 405, 1, 8
2026-09-01T11:49:17.7866364+07:00,2026/09/01 11:49:18.140, NVIDIA GeForce RTX 5060, 591.86, P8, 31, 1, 1058, 8151, 10.03, 145.00, 450, 405, 1, 8
2026-09-01T11:49:23.2124622+07:00,2026/09/01 11:49:23.352, NVIDIA GeForce RTX 5060, 591.86, P8, 31, 1, 1067, 8151, 10.58, 145.00, 465, 405, 1, 8
2026-09-01T11:49:28.3761202+07:00,2026/09/01 11:49:28.715, NVIDIA GeForce RTX 5060, 591.86, P0, 32, 0, 1078, 8151, 22.80, 145.00, 2520, 14201, 4, 8
2026-09-01T11:49:33.8057931+07:00,2026/09/01 11:49:33.867, NVIDIA GeForce RTX 5060, 591.86, P8, 31, 0, 1060, 8151, 8.80, 145.00, 225, 405, 1, 8
2026-09-01T11:49:38.8876448+07:00,2026/09/01 11:49:38.949, NVIDIA GeForce RTX 5060, 591.86, P8, 31, 0, 1050, 8151, 8.82, 145.00, 210, 405, 1, 8
2026-09-01T11:49:44.0489160+07:00,2026/09/01 11:49:44.095, NVIDIA GeForce RTX 5060, 591.86, P8, 31, 0, 1050, 8151, 8.70, 145.00, 210, 405, 1, 8
2026-09-01T11:49:49.1081659+07:00,2026/09/01 11:49:49.170, NVIDIA GeForce RTX 5060, 591.86, P8, 31, 0, 1058, 8151, 8.62, 145.00, 210, 405, 1, 8
2026-09-01T11:49:54.1881999+07:00,2026/09/01 11:49:54.234, NVIDIA GeForce RTX 5060, 591.86, P8, 31, 0, 1058, 8151, 12.69, 145.00, 210, 810, 4, 8
2026-09-01T11:49:59.2522290+07:00,2026/09/01 11:49:59.314, NVIDIA GeForce RTX 5060, 591.86, P8, 31, 5, 1050, 8151, 8.81, 145.00, 210, 405, 1, 8
2026-09-01T11:50:04.3330244+07:00,2026/09/01 11:50:04.395, NVIDIA GeForce RTX 5060, 591.86, P8, 31, 0, 1047, 8151, 9.34, 145.00, 277, 405, 1, 8
2026-09-01T11:50:09.4119704+07:00,2026/09/01 11:50:09.504, NVIDIA GeForce RTX 5060, 591.86, P8, 31, 0, 1047, 8151, 9.35, 145.00, 352, 405, 1, 8
2026-09-01T11:50:14.5994553+07:00,2026/09/01 11:50:14.661, NVIDIA GeForce RTX 5060, 591.86, P8, 31, 9, 1062, 8151, 11.97, 145.00, 855, 405, 1, 8
2026-09-01T11:50:19.6827917+07:00,2026/09/01 11:50:19.759, NVIDIA GeForce RTX 5060, 591.86, P8, 31, 1, 1082, 8151, 9.56, 145.00, 337, 405, 1, 8
2026-09-01T11:50:24.7825682+07:00,2026/09/01 11:50:24.844, NVIDIA GeForce RTX 5060, 591.86, P8, 31, 0, 1059, 8151, 9.34, 145.00, 390, 405, 1, 8
2026-09-01T11:50:29.8675104+07:00,2026/09/01 11:50:29.929, NVIDIA GeForce RTX 5060, 591.86, P8, 31, 1, 1059, 8151, 9.41, 145.00, 397, 405, 1, 8
2026-09-01T11:50:34.9526564+07:00,2026/09/01 11:50:35.014, NVIDIA GeForce RTX 5060, 591.86, P8, 31, 1, 1059, 8151, 9.31, 145.00, 360, 405, 1, 8
2026-09-01T11:50:40.0377841+07:00,2026/09/01 11:50:40.084, NVIDIA GeForce RTX 5060, 591.86, P8, 31, 1, 1059, 8151, 9.35, 145.00, 382, 405, 1, 8
2026-09-01T11:50:45.1996901+07:00,2026/09/01 11:50:45.246, NVIDIA GeForce RTX 5060, 591.86, P8, 31, 1, 1059, 8151, 9.32, 145.00, 375, 405, 1, 8
2026-09-01T11:50:50.2691959+07:00,2026/09/01 11:50:50.300, NVIDIA GeForce RTX 5060, 591.86, P8, 31, 1, 1059, 8151, 9.37, 145.00, 382, 405, 1, 8
2026-09-01T11:50:55.3203348+07:00,2026/09/01 11:50:55.351, NVIDIA GeForce RTX 5060, 591.86, P8, 31, 1, 1059, 8151, 9.22, 145.00, 360, 405, 1, 8
2026-09-01T11:51:00.3711871+07:00,2026/09/01 11:51:00.402, NVIDIA GeForce RTX 5060, 591.86, P8, 31, 1, 1059, 8151, 9.30, 145.00, 360, 405, 1, 8
2026-09-01T11:51:05.4224065+07:00,2026/09/01 11:51:05.453, NVIDIA GeForce RTX 5060, 591.86, P8, 31, 0, 1059, 8151, 9.29, 145.00, 360, 405, 1, 8
2026-09-01T11:51:10.4712457+07:00,2026/09/01 11:51:10.502, NVIDIA GeForce RTX 5060, 591.86, P8, 31, 1, 1059, 8151, 9.27, 145.00, 382, 405, 1, 8
2026-09-01T11:51:15.5839900+07:00,2026/09/01 11:51:15.615, NVIDIA GeForce RTX 5060, 591.86, P8, 31, 2, 1059, 8151, 9.56, 145.00, 420, 405, 1, 8
2026-09-01T11:51:20.6340739+07:00,2026/09/01 11:51:20.680, NVIDIA GeForce RTX 5060, 591.86, P8, 31, 1, 1067, 8151, 10.21, 145.00, 360, 405, 1, 8
2026-09-01T11:51:25.6972555+07:00,2026/09/01 11:51:25.728, NVIDIA GeForce RTX 5060, 591.86, P8, 31, 0, 1060, 8151, 9.26, 145.00, 360, 405, 1, 8
2026-09-01T11:51:30.7489330+07:00,2026/09/01 11:51:30.779, NVIDIA GeForce RTX 5060, 591.86, P8, 30, 0, 1058, 8151, 9.31, 145.00, 337, 405, 1, 8
2026-09-01T11:51:35.7991520+07:00,2026/09/01 11:51:35.830, NVIDIA GeForce RTX 5060, 591.86, P8, 30, 0, 1058, 8151, 9.38, 145.00, 360, 405, 1, 8
2026-09-01T11:51:40.8507900+07:00,2026/09/01 11:51:40.881, NVIDIA GeForce RTX 5060, 591.86, P8, 30, 1, 1058, 8151, 9.48, 145.00, 360, 405, 1, 8
2026-09-01T11:51:45.9633505+07:00,2026/09/01 11:51:45.994, NVIDIA GeForce RTX 5060, 591.86, P8, 30, 1, 1058, 8151, 9.30, 145.00, 405, 405, 1, 8
2026-09-01T11:51:51.0164655+07:00,2026/09/01 11:51:51.047, NVIDIA GeForce RTX 5060, 591.86, P8, 30, 1, 1058, 8151, 9.36, 145.00, 390, 405, 1, 8
2026-09-01T11:51:56.0672761+07:00,2026/09/01 11:51:56.098, NVIDIA GeForce RTX 5060, 591.86, P8, 30, 1, 1058, 8151, 9.35, 145.00, 382, 405, 1, 8
2026-09-01T11:52:01.1193520+07:00,2026/09/01 11:52:01.150, NVIDIA GeForce RTX 5060, 591.86, P8, 30, 1, 1058, 8151, 9.59, 145.00, 382, 405, 1, 8
2026-09-01T11:52:06.1836884+07:00,2026/09/01 11:52:06.214, NVIDIA GeForce RTX 5060, 591.86, P8, 30, 0, 1058, 8151, 9.32, 145.00, 345, 405, 1, 8
2026-09-01T11:52:11.2314942+07:00,2026/09/01 11:52:11.356, NVIDIA GeForce RTX 5060, 591.86, P8, 30, 0, 1065, 8151, 10.22, 145.00, 367, 405, 1, 8
2026-09-01T11:52:16.4374199+07:00,2026/09/01 11:52:16.499, NVIDIA GeForce RTX 5060, 591.86, P8, 31, 4, 1064, 8151, 9.69, 145.00, 555, 405, 1, 8
2026-09-01T11:52:21.5229970+07:00,2026/09/01 11:52:21.616, NVIDIA GeForce RTX 5060, 591.86, P8, 30, 1, 1083, 8151, 9.62, 145.00, 420, 405, 1, 8
2026-09-01T11:52:26.6532308+07:00,2026/09/01 11:52:26.715, NVIDIA GeForce RTX 5060, 591.86, P8, 30, 1, 1071, 8151, 9.17, 145.00, 330, 405, 1, 8
2026-09-01T11:52:31.7614488+07:00,2026/09/01 11:52:31.807, NVIDIA GeForce RTX 5060, 591.86, P8, 30, 2, 1075, 8151, 10.87, 145.00, 360, 405, 1, 8
2026-09-01T11:52:36.8247656+07:00,2026/09/01 11:52:36.855, NVIDIA GeForce RTX 5060, 591.86, P8, 31, 1, 1077, 8151, 9.59, 145.00, 555, 405, 1, 8
2026-09-01T11:52:41.8740767+07:00,2026/09/01 11:52:41.905, NVIDIA GeForce RTX 5060, 591.86, P8, 30, 0, 1078, 8151, 8.72, 145.00, 232, 405, 1, 8
2026-09-01T11:52:46.9864170+07:00,2026/09/01 11:52:47.017, NVIDIA GeForce RTX 5060, 591.86, P8, 30, 0, 1065, 8151, 8.50, 145.00, 210, 405, 1, 8
2026-09-01T11:52:52.0373365+07:00,2026/09/01 11:52:52.068, NVIDIA GeForce RTX 5060, 591.86, P8, 30, 0, 1063, 8151, 8.49, 145.00, 232, 405, 1, 8
2026-09-01T11:52:57.0855160+07:00,2026/09/01 11:52:57.116, NVIDIA GeForce RTX 5060, 591.86, P8, 30, 0, 1069, 8151, 8.82, 145.00, 210, 405, 1, 8
2026-09-01T11:53:02.1354802+07:00,2026/09/01 11:53:02.166, NVIDIA GeForce RTX 5060, 591.86, P8, 30, 0, 1065, 8151, 8.93, 145.00, 262, 405, 1, 8
2026-09-01T11:53:07.1848934+07:00,2026/09/01 11:53:07.215, NVIDIA GeForce RTX 5060, 591.86, P8, 30, 0, 1063, 8151, 8.87, 145.00, 277, 405, 1, 8
2026-09-01T11:53:12.2326369+07:00,2026/09/01 11:53:12.263, NVIDIA GeForce RTX 5060, 591.86, P8, 30, 0, 1063, 8151, 8.63, 145.00, 202, 405, 1, 8
2026-09-01T11:53:17.3434490+07:00,2026/09/01 11:53:17.374, NVIDIA GeForce RTX 5060, 591.86, P8, 30, 0, 1056, 8151, 8.83, 145.00, 210, 405, 1, 8
2026-09-01T11:53:22.3908305+07:00,2026/09/01 11:53:22.421, NVIDIA GeForce RTX 5060, 591.86, P8, 30, 0, 1056, 8151, 8.79, 145.00, 210, 405, 1, 8
2026-09-01T11:53:27.4529911+07:00,2026/09/01 11:53:27.483, NVIDIA GeForce RTX 5060, 591.86, P8, 30, 0, 1057, 8151, 8.87, 145.00, 277, 405, 1, 8
2026-09-01T11:53:32.4984964+07:00,2026/09/01 11:53:32.529, NVIDIA GeForce RTX 5060, 591.86, P8, 30, 0, 1057, 8151, 8.81, 145.00, 255, 405, 1, 8
2026-09-01T11:53:37.5469074+07:00,2026/09/01 11:53:37.577, NVIDIA GeForce RTX 5060, 591.86, P8, 30, 0, 1057, 8151, 8.75, 145.00, 232, 405, 1, 8
2026-09-01T11:53:42.6095677+07:00,2026/09/01 11:53:42.640, NVIDIA GeForce RTX 5060, 591.86, P8, 30, 0, 1056, 8151, 8.80, 145.00, 232, 405, 1, 8
2026-09-01T11:53:47.7366625+07:00,2026/09/01 11:53:47.767, NVIDIA GeForce RTX 5060, 591.86, P8, 30, 0, 1057, 8151, 8.75, 145.00, 255, 405, 1, 8
2026-09-01T11:53:52.7822172+07:00,2026/09/01 11:53:52.812, NVIDIA GeForce RTX 5060, 591.86, P8, 30, 0, 1064, 8151, 9.04, 145.00, 255, 405, 1, 8
2026-09-01T11:53:57.8292230+07:00,2026/09/01 11:53:57.859, NVIDIA GeForce RTX 5060, 591.86, P8, 30, 5, 1070, 8151, 10.05, 145.00, 457, 405, 1, 8
2026-09-01T11:54:02.8774294+07:00,2026/09/01 11:54:02.908, NVIDIA GeForce RTX 5060, 591.86, P8, 30, 1, 1071, 8151, 10.36, 145.00, 585, 405, 1, 8
2026-09-01T11:54:07.9362611+07:00,2026/09/01 11:54:07.982, NVIDIA GeForce RTX 5060, 591.86, P8, 31, 7, 1067, 8151, 9.64, 145.00, 345, 405, 1, 8
2026-09-01T11:54:13.0127067+07:00,2026/09/01 11:54:13.043, NVIDIA GeForce RTX 5060, 591.86, P8, 31, 2, 1084, 8151, 10.15, 145.00, 487, 405, 1, 8
2026-09-01T11:54:18.1224455+07:00,2026/09/01 11:54:18.231, NVIDIA GeForce RTX 5060, 591.86, P8, 30, 0, 1073, 8151, 9.40, 145.00, 300, 405, 1, 8
2026-09-01T11:54:23.2776255+07:00,2026/09/01 11:54:23.308, NVIDIA GeForce RTX 5060, 591.86, P8, 30, 0, 1072, 8151, 9.09, 145.00, 255, 405, 1, 8
2026-09-01T11:54:28.3376632+07:00,2026/09/01 11:54:28.368, NVIDIA GeForce RTX 5060, 591.86, P8, 30, 1, 1076, 8151, 9.53, 145.00, 262, 405, 1, 8
2026-09-01T11:54:33.3994491+07:00,2026/09/01 11:54:33.492, NVIDIA GeForce RTX 5060, 591.86, P8, 30, 0, 1076, 8151, 9.17, 145.00, 255, 405, 1, 8
2026-09-01T11:54:38.5054913+07:00,2026/09/01 11:54:38.551, NVIDIA GeForce RTX 5060, 591.86, P8, 30, 0, 1075, 8151, 9.05, 145.00, 352, 405, 1, 8
2026-09-01T11:54:43.5789556+07:00,2026/09/01 11:54:43.609, NVIDIA GeForce RTX 5060, 591.86, P8, 30, 0, 1072, 8151, 8.75, 145.00, 255, 405, 1, 8
2026-09-01T11:54:48.6894277+07:00,2026/09/01 11:54:48.720, NVIDIA GeForce RTX 5060, 591.86, P8, 30, 0, 1072, 8151, 8.81, 145.00, 277, 405, 1, 8
2026-09-01T11:54:53.7384968+07:00,2026/09/01 11:54:53.769, NVIDIA GeForce RTX 5060, 591.86, P8, 30, 0, 1069, 8151, 8.61, 145.00, 255, 405, 1, 8
2026-09-01T11:54:58.7879638+07:00,2026/09/01 11:54:58.818, NVIDIA GeForce RTX 5060, 591.86, P8, 30, 0, 1072, 8151, 8.78, 145.00, 255, 405, 1, 8
2026-09-01T11:55:03.8485339+07:00,2026/09/01 11:55:03.896, NVIDIA GeForce RTX 5060, 591.86, P8, 30, 0, 1070, 8151, 8.78, 145.00, 255, 405, 1, 8
2026-09-01T11:55:08.9266044+07:00,2026/09/01 11:55:09.004, NVIDIA GeForce RTX 5060, 591.86, P8, 30, 0, 1071, 8151, 8.68, 145.00, 210, 405, 1, 8
2026-09-01T11:55:14.0363889+07:00,2026/09/01 11:55:14.098, NVIDIA GeForce RTX 5060, 591.86, P0, 32, 0, 1137, 8151, 20.24, 145.00, 2557, 14201, 4, 8
2026-09-01T11:55:19.1768496+07:00,2026/09/01 11:55:19.238, NVIDIA GeForce RTX 5060, 591.86, P5, 31, 0, 1088, 8151, 10.84, 145.00, 360, 810, 2, 8
2026-09-01T11:55:24.2687095+07:00,2026/09/01 11:55:24.299, NVIDIA GeForce RTX 5060, 591.86, P0, 32, 0, 1084, 8151, 22.24, 145.00, 2520, 14201, 4, 8
2026-09-01T11:55:29.3140356+07:00,2026/09/01 11:55:29.407, NVIDIA GeForce RTX 5060, 591.86, P8, 31, 0, 1078, 8151, 8.96, 145.00, 232, 405, 1, 8
2026-09-01T11:55:34.4402984+07:00,2026/09/01 11:55:34.486, NVIDIA GeForce RTX 5060, 591.86, P8, 31, 0, 1082, 8151, 9.23, 145.00, 232, 405, 1, 8
2026-09-01T11:55:39.5022674+07:00,2026/09/01 11:55:39.533, NVIDIA GeForce RTX 5060, 591.86, P8, 31, 2, 1084, 8151, 9.49, 145.00, 562, 405, 1, 8
2026-09-01T11:55:44.5512439+07:00,2026/09/01 11:55:44.581, NVIDIA GeForce RTX 5060, 591.86, P8, 31, 0, 1083, 8151, 8.62, 145.00, 240, 405, 1, 8
2026-09-01T11:55:49.6744956+07:00,2026/09/01 11:55:49.705, NVIDIA GeForce RTX 5060, 591.86, P0, 32, 0, 1087, 8151, 22.85, 145.00, 2520, 14201, 4, 8
2026-09-01T11:55:54.7354503+07:00,2026/09/01 11:55:54.766, NVIDIA GeForce RTX 5060, 591.86, P8, 31, 0, 1079, 8151, 8.98, 145.00, 450, 405, 1, 8
2026-09-01T11:55:59.7821798+07:00,2026/09/01 11:55:59.813, NVIDIA GeForce RTX 5060, 591.86, P8, 31, 2, 1081, 8151, 10.43, 145.00, 517, 405, 1, 8
2026-09-01T11:56:04.8297694+07:00,2026/09/01 11:56:04.860, NVIDIA GeForce RTX 5060, 591.86, P8, 31, 0, 1107, 8151, 8.49, 145.00, 247, 405, 1, 8
2026-09-01T11:56:09.8820623+07:00,2026/09/01 11:56:09.928, NVIDIA GeForce RTX 5060, 591.86, P8, 31, 0, 1141, 8151, 8.92, 145.00, 277, 405, 1, 8
2026-09-01T11:56:14.9390532+07:00,2026/09/01 11:56:14.969, NVIDIA GeForce RTX 5060, 591.86, P0, 32, 1, 1113, 8151, 22.73, 145.00, 2527, 14201, 4, 8
2026-09-01T11:56:20.0509596+07:00,2026/09/01 11:56:20.081, NVIDIA GeForce RTX 5060, 591.86, P8, 31, 1, 1108, 8151, 10.14, 145.00, 555, 405, 1, 8
2026-09-01T11:56:25.1022788+07:00,2026/09/01 11:56:25.195, NVIDIA GeForce RTX 5060, 591.86, P3, 31, 0, 1227, 8151, 12.87, 145.00, 1050, 7001, 4, 8
2026-09-01T11:56:30.2101182+07:00,2026/09/01 11:56:30.241, NVIDIA GeForce RTX 5060, 591.86, P5, 32, 4, 1135, 8151, 13.50, 145.00, 727, 810, 2, 8
2026-09-01T11:56:35.2735051+07:00,2026/09/01 11:56:35.304, NVIDIA GeForce RTX 5060, 591.86, P5, 31, 0, 1130, 8151, 9.89, 145.00, 300, 810, 2, 8
2026-09-01T11:56:40.3216177+07:00,2026/09/01 11:56:40.367, NVIDIA GeForce RTX 5060, 591.86, P5, 32, 8, 1169, 8151, 12.37, 145.00, 630, 810, 1, 8
2026-09-01T11:56:45.3870430+07:00,2026/09/01 11:56:45.417, NVIDIA GeForce RTX 5060, 591.86, P0, 32, 0, 1131, 8151, 22.56, 145.00, 2512, 14201, 4, 8
2026-09-01T11:56:50.4956915+07:00,2026/09/01 11:56:50.541, NVIDIA GeForce RTX 5060, 591.86, P8, 31, 0, 1131, 8151, 8.46, 145.00, 210, 405, 1, 8
2026-09-01T11:56:55.5611819+07:00,2026/09/01 11:56:55.592, NVIDIA GeForce RTX 5060, 591.86, P8, 31, 0, 1131, 8151, 8.16, 145.00, 210, 405, 1, 8
2026-09-01T11:57:00.6348706+07:00,2026/09/01 11:57:00.669, NVIDIA GeForce RTX 5060, 591.86, P8, 31, 0, 1130, 8151, 9.22, 145.00, 345, 405, 1, 8
2026-09-01T11:57:05.7013408+07:00,2026/09/01 11:57:05.732, NVIDIA GeForce RTX 5060, 591.86, P8, 31, 0, 1129, 8151, 8.82, 145.00, 255, 405, 1, 8
2026-09-01T11:57:10.7520085+07:00,2026/09/01 11:57:10.783, NVIDIA GeForce RTX 5060, 591.86, P8, 31, 0, 1127, 8151, 8.81, 145.00, 255, 405, 1, 8
2026-09-01T11:57:15.8150891+07:00,2026/09/01 11:57:15.845, NVIDIA GeForce RTX 5060, 591.86, P8, 31, 0, 1125, 8151, 8.94, 145.00, 322, 405, 1, 8
2026-09-01T11:57:20.9387519+07:00,2026/09/01 11:57:20.969, NVIDIA GeForce RTX 5060, 591.86, P8, 31, 0, 1125, 8151, 9.12, 145.00, 270, 405, 1, 8
2026-09-01T11:57:25.9894685+07:00,2026/09/01 11:57:26.019, NVIDIA GeForce RTX 5060, 591.86, P8, 31, 0, 1125, 8151, 8.96, 145.00, 255, 405, 1, 8
2026-09-01T11:57:31.0548451+07:00,2026/09/01 11:57:31.101, NVIDIA GeForce RTX 5060, 591.86, P8, 31, 0, 1125, 8151, 9.12, 145.00, 330, 405, 1, 8
2026-09-01T11:57:36.1308485+07:00,2026/09/01 11:57:36.161, NVIDIA GeForce RTX 5060, 591.86, P8, 31, 0, 1125, 8151, 8.85, 145.00, 255, 405, 1, 8
2026-09-01T11:57:41.1932204+07:00,2026/09/01 11:57:41.224, NVIDIA GeForce RTX 5060, 591.86, P8, 31, 0, 1125, 8151, 8.84, 145.00, 255, 405, 1, 8
2026-09-01T11:57:46.2551562+07:00,2026/09/01 11:57:46.286, NVIDIA GeForce RTX 5060, 591.86, P8, 31, 0, 1123, 8151, 8.99, 145.00, 232, 405, 1, 8
2026-09-01T11:57:51.3635496+07:00,2026/09/01 11:57:51.394, NVIDIA GeForce RTX 5060, 591.86, P8, 31, 0, 1123, 8151, 8.69, 145.00, 277, 405, 1, 8
2026-09-01T11:57:56.4208682+07:00,2026/09/01 11:57:56.451, NVIDIA GeForce RTX 5060, 591.86, P8, 31, 0, 1117, 8151, 8.78, 145.00, 232, 405, 1, 8
2026-09-01T11:58:01.4701623+07:00,2026/09/01 11:58:01.500, NVIDIA GeForce RTX 5060, 591.86, P8, 31, 1, 1123, 8151, 9.35, 145.00, 427, 405, 1, 8
2026-09-01T11:58:06.5189447+07:00,2026/09/01 11:58:06.549, NVIDIA GeForce RTX 5060, 591.86, P8, 31, 2, 1125, 8151, 10.26, 145.00, 637, 405, 1, 8
2026-09-01T11:58:11.5671325+07:00,2026/09/01 11:58:11.598, NVIDIA GeForce RTX 5060, 591.86, P8, 31, 0, 1126, 8151, 9.13, 145.00, 300, 405, 1, 8
2026-09-01T11:58:16.6217881+07:00,2026/09/01 11:58:16.652, NVIDIA GeForce RTX 5060, 591.86, P8, 31, 0, 1126, 8151, 8.81, 145.00, 270, 405, 1, 8
2026-09-01T11:58:21.7323693+07:00,2026/09/01 11:58:21.778, NVIDIA GeForce RTX 5060, 591.86, P8, 31, 0, 1126, 8151, 9.17, 145.00, 255, 405, 1, 8
2026-09-01T11:58:26.8097428+07:00,2026/09/01 11:58:26.840, NVIDIA GeForce RTX 5060, 591.86, P8, 31, 0, 1125, 8151, 9.19, 145.00, 315, 405, 1, 8
2026-09-01T11:58:31.8600135+07:00,2026/09/01 11:58:31.890, NVIDIA GeForce RTX 5060, 591.86, P8, 31, 0, 1125, 8151, 9.17, 145.00, 322, 405, 1, 8
2026-09-01T11:58:36.9103105+07:00,2026/09/01 11:58:36.941, NVIDIA GeForce RTX 5060, 591.86, P8, 31, 0, 1125, 8151, 8.67, 145.00, 255, 405, 1, 8
2026-09-01T11:58:41.9728525+07:00,2026/09/01 11:58:42.003, NVIDIA GeForce RTX 5060, 591.86, P8, 31, 0, 1126, 8151, 9.04, 145.00, 277, 405, 1, 8
2026-09-01T11:58:47.0186212+07:00,2026/09/01 11:58:47.080, NVIDIA GeForce RTX 5060, 591.86, P8, 31, 3, 1129, 8151, 9.63, 145.00, 397, 405, 1, 8
2026-09-01T11:58:52.1624984+07:00,2026/09/01 11:58:52.224, NVIDIA GeForce RTX 5060, 591.86, P8, 31, 0, 1129, 8151, 9.00, 145.00, 255, 405, 1, 8
2026-09-01T11:58:57.2599014+07:00,2026/09/01 11:58:57.321, NVIDIA GeForce RTX 5060, 591.86, P8, 31, 0, 1132, 8151, 8.33, 145.00, 210, 405, 1, 8
2026-09-01T11:59:02.3402415+07:00,2026/09/01 11:59:02.386, NVIDIA GeForce RTX 5060, 591.86, P8, 31, 0, 1128, 8151, 8.60, 145.00, 210, 405, 1, 8
2026-09-01T11:59:07.3995340+07:00,2026/09/01 11:59:07.445, NVIDIA GeForce RTX 5060, 591.86, P3, 31, 0, 1128, 8151, 14.48, 145.00, 225, 7001, 2, 8
2026-09-01T11:59:12.4742228+07:00,2026/09/01 11:59:12.505, NVIDIA GeForce RTX 5060, 591.86, P8, 31, 0, 1124, 8151, 8.41, 145.00, 210, 405, 1, 8
2026-09-01T11:59:17.5214287+07:00,2026/09/01 11:59:17.567, NVIDIA GeForce RTX 5060, 591.86, P8, 31, 0, 1126, 8151, 8.65, 145.00, 255, 405, 1, 8
2026-09-01T11:59:22.6634822+07:00,2026/09/01 11:59:22.725, NVIDIA GeForce RTX 5060, 591.86, P8, 31, 0, 1125, 8151, 8.95, 145.00, 277, 405, 1, 8
2026-09-01T11:59:27.7593895+07:00,2026/09/01 11:59:27.805, NVIDIA GeForce RTX 5060, 591.86, P8, 31, 0, 1126, 8151, 8.60, 145.00, 210, 405, 1, 8
2026-09-01T11:59:32.8408172+07:00,2026/09/01 11:59:32.902, NVIDIA GeForce RTX 5060, 591.86, P8, 31, 0, 1123, 8151, 8.50, 145.00, 210, 405, 1, 8
2026-09-01T11:59:37.9345219+07:00,2026/09/01 11:59:38.426, NVIDIA GeForce RTX 5060, 591.86, P8, 31, 0, 1122, 8151, 8.47, 145.00, 210, 405, 1, 8
2026-09-01T11:59:43.5556016+07:00,2026/09/01 11:59:43.617, NVIDIA GeForce RTX 5060, 591.86, P8, 30, 0, 1126, 8151, 8.90, 145.00, 255, 405, 1, 8
2026-09-01T11:59:48.6334655+07:00,2026/09/01 11:59:48.741, NVIDIA GeForce RTX 5060, 591.86, P8, 31, 1, 1129, 8151, 9.56, 145.00, 465, 405, 1, 8
2026-09-01T11:59:53.8340086+07:00,2026/09/01 11:59:54.219, NVIDIA GeForce RTX 5060, 591.86, P8, 31, 4, 1133, 8151, 10.12, 145.00, 427, 405, 1, 8
2026-09-01T11:59:59.3467183+07:00,2026/09/01 11:59:59.700, NVIDIA GeForce RTX 5060, 591.86, P8, 31, 0, 1138, 8151, 9.15, 145.00, 285, 405, 1, 8
2026-09-01T12:00:04.9208551+07:00,2026/09/01 12:00:05.197, NVIDIA GeForce RTX 5060, 591.86, P8, 31, 1, 1126, 8151, 9.02, 145.00, 277, 405, 1, 8
2026-09-01T12:00:10.2832276+07:00,2026/09/01 12:00:10.637, NVIDIA GeForce RTX 5060, 591.86, P8, 31, 0, 1126, 8151, 9.35, 145.00, 322, 405, 1, 8
2026-09-01T12:00:15.7076175+07:00,2026/09/01 12:00:16.014, NVIDIA GeForce RTX 5060, 591.86, P8, 31, 1, 1127, 8151, 9.24, 145.00, 300, 405, 1, 8
2026-09-01T12:00:21.1110213+07:00,2026/09/01 12:00:21.466, NVIDIA GeForce RTX 5060, 591.86, P8, 31, 0, 1127, 8151, 9.24, 145.00, 322, 405, 1, 8
2026-09-01T12:00:26.6864746+07:00,2026/09/01 12:00:27.087, NVIDIA GeForce RTX 5060, 591.86, P8, 31, 0, 1128, 8151, 9.57, 145.00, 345, 405, 1, 8
2026-09-01T12:00:32.1591334+07:00,2026/09/01 12:00:32.636, NVIDIA GeForce RTX 5060, 591.86, P8, 30, 0, 1128, 8151, 9.20, 145.00, 232, 405, 1, 8
2026-09-01T12:00:37.7008581+07:00,2026/09/01 12:00:37.992, NVIDIA GeForce RTX 5060, 591.86, P8, 31, 0, 1132, 8151, 9.82, 145.00, 450, 405, 1, 8
2026-09-01T12:00:43.0445763+07:00,2026/09/01 12:00:43.152, NVIDIA GeForce RTX 5060, 591.86, P8, 31, 0, 1128, 8151, 9.62, 145.00, 300, 405, 1, 8
2026-09-01T12:00:48.2077305+07:00,2026/09/01 12:00:48.699, NVIDIA GeForce RTX 5060, 591.86, P8, 30, 1, 1122, 8151, 9.76, 145.00, 285, 405, 1, 8
2026-09-01T12:00:53.7817784+07:00,2026/09/01 12:00:54.074, NVIDIA GeForce RTX 5060, 591.86, P5, 31, 0, 1128, 8151, 11.54, 145.00, 382, 810, 2, 8
2026-09-01T12:00:59.2668177+07:00,2026/09/01 12:00:59.344, NVIDIA GeForce RTX 5060, 591.86, P8, 31, 0, 1122, 8151, 9.12, 145.00, 255, 405, 1, 8
2026-09-01T12:01:04.3644465+07:00,2026/09/01 12:01:04.672, NVIDIA GeForce RTX 5060, 591.86, P8, 31, 0, 1127, 8151, 8.87, 145.00, 232, 405, 1, 8
2026-09-01T12:01:09.7276591+07:00,2026/09/01 12:01:10.158, NVIDIA GeForce RTX 5060, 591.86, P8, 31, 0, 1128, 8151, 8.98, 145.00, 210, 405, 1, 8
2026-09-01T12:01:15.2619712+07:00,2026/09/01 12:01:15.555, NVIDIA GeForce RTX 5060, 591.86, P8, 31, 0, 1127, 8151, 8.91, 145.00, 255, 405, 1, 8
2026-09-01T12:01:20.6224231+07:00,2026/09/01 12:01:20.684, NVIDIA GeForce RTX 5060, 591.86, P8, 31, 1, 1128, 8151, 9.85, 145.00, 495, 405, 1, 8
2026-09-01T12:01:25.7030762+07:00,2026/09/01 12:01:25.765, NVIDIA GeForce RTX 5060, 591.86, P8, 31, 0, 1129, 8151, 9.34, 145.00, 427, 405, 1, 8
2026-09-01T12:01:30.8604374+07:00,2026/09/01 12:01:30.922, NVIDIA GeForce RTX 5060, 591.86, P8, 31, 0, 1130, 8151, 9.17, 145.00, 465, 405, 1, 8
2026-09-01T12:01:35.9486172+07:00,2026/09/01 12:01:36.041, NVIDIA GeForce RTX 5060, 591.86, P8, 31, 0, 1124, 8151, 8.86, 145.00, 255, 405, 1, 8
2026-09-01T12:01:41.0528668+07:00,2026/09/01 12:01:41.130, NVIDIA GeForce RTX 5060, 591.86, P8, 31, 0, 1128, 8151, 9.14, 145.00, 300, 405, 1, 8
2026-09-01T12:01:46.1653437+07:00,2026/09/01 12:01:46.242, NVIDIA GeForce RTX 5060, 591.86, P8, 31, 0, 1125, 8151, 8.99, 145.00, 300, 405, 1, 8
2026-09-01T12:01:51.2612167+07:00,2026/09/01 12:01:51.338, NVIDIA GeForce RTX 5060, 591.86, P8, 30, 0, 1126, 8151, 8.57, 145.00, 255, 405, 1, 8
2026-09-01T12:01:56.3564707+07:00,2026/09/01 12:01:56.433, NVIDIA GeForce RTX 5060, 591.86, P8, 30, 0, 1121, 8151, 8.67, 145.00, 232, 405, 1, 8
2026-09-01T12:02:01.5133570+07:00,2026/09/01 12:02:01.575, NVIDIA GeForce RTX 5060, 591.86, P8, 30, 0, 1124, 8151, 8.80, 145.00, 232, 405, 1, 8
2026-09-01T12:02:06.5960929+07:00,2026/09/01 12:02:06.658, NVIDIA GeForce RTX 5060, 591.86, P8, 30, 1, 1124, 8151, 8.98, 145.00, 277, 405, 1, 8
2026-09-01T12:02:11.6745719+07:00,2026/09/01 12:02:11.736, NVIDIA GeForce RTX 5060, 591.86, P8, 31, 1, 1125, 8151, 10.25, 145.00, 502, 405, 1, 8
2026-09-01T12:02:16.7550788+07:00,2026/09/01 12:02:16.817, NVIDIA GeForce RTX 5060, 591.86, P8, 30, 0, 1124, 8151, 8.43, 145.00, 210, 405, 1, 8
2026-09-01T12:02:21.8346800+07:00,2026/09/01 12:02:21.896, NVIDIA GeForce RTX 5060, 591.86, P8, 30, 0, 1127, 8151, 8.51, 145.00, 210, 405, 1, 8
2026-09-01T12:02:26.9154414+07:00,2026/09/01 12:02:26.977, NVIDIA GeForce RTX 5060, 591.86, P8, 30, 0, 1126, 8151, 8.93, 145.00, 457, 405, 1, 8
2026-09-01T12:02:32.0862148+07:00,2026/09/01 12:02:32.194, NVIDIA GeForce RTX 5060, 591.86, P8, 30, 0, 1125, 8151, 8.50, 145.00, 240, 405, 1, 8
2026-09-01T12:02:37.2238229+07:00,2026/09/01 12:02:37.269, NVIDIA GeForce RTX 5060, 591.86, P8, 30, 0, 1125, 8151, 8.01, 145.00, 210, 405, 1, 8
2026-09-01T12:02:42.2882474+07:00,2026/09/01 12:02:42.319, NVIDIA GeForce RTX 5060, 591.86, P8, 30, 0, 1119, 8151, 8.66, 145.00, 210, 405, 1, 8
2026-09-01T12:02:47.3510049+07:00,2026/09/01 12:02:47.382, NVIDIA GeForce RTX 5060, 591.86, P8, 30, 0, 1119, 8151, 8.35, 145.00, 210, 405, 1, 8
2026-09-01T12:02:52.4133505+07:00,2026/09/01 12:02:52.444, NVIDIA GeForce RTX 5060, 591.86, P8, 30, 0, 1119, 8151, 7.91, 145.00, 202, 405, 1, 8
2026-09-01T12:02:57.4628746+07:00,2026/09/01 12:02:57.493, NVIDIA GeForce RTX 5060, 591.86, P8, 30, 0, 1119, 8151, 8.89, 145.00, 210, 405, 1, 8
2026-09-01T12:03:02.5865523+07:00,2026/09/01 12:03:02.617, NVIDIA GeForce RTX 5060, 591.86, P8, 30, 0, 1115, 8151, 8.34, 145.00, 210, 405, 1, 8
2026-09-01T12:03:07.6490866+07:00,2026/09/01 12:03:07.680, NVIDIA GeForce RTX 5060, 591.86, P8, 30, 0, 1115, 8151, 8.81, 145.00, 210, 405, 1, 8
2026-09-01T12:03:12.7087636+07:00,2026/09/01 12:03:12.739, NVIDIA GeForce RTX 5060, 591.86, P8, 30, 0, 1115, 8151, 8.24, 145.00, 210, 405, 1, 8
2026-09-01T12:03:17.7566243+07:00,2026/09/01 12:03:17.787, NVIDIA GeForce RTX 5060, 591.86, P8, 30, 0, 1116, 8151, 8.26, 145.00, 210, 405, 1, 8
2026-09-01T12:03:22.8035247+07:00,2026/09/01 12:03:22.834, NVIDIA GeForce RTX 5060, 591.86, P8, 30, 0, 1116, 8151, 8.03, 145.00, 210, 405, 1, 8
2026-09-01T12:03:27.8495813+07:00,2026/09/01 12:03:27.880, NVIDIA GeForce RTX 5060, 591.86, P8, 30, 0, 1120, 8151, 8.52, 145.00, 210, 405, 1, 8
2026-09-01T12:03:32.9884324+07:00,2026/09/01 12:03:33.019, NVIDIA GeForce RTX 5060, 591.86, P8, 30, 0, 1121, 8151, 8.44, 145.00, 210, 405, 1, 8
2026-09-01T12:03:38.0497641+07:00,2026/09/01 12:03:38.266, NVIDIA GeForce RTX 5060, 591.86, P0, 32, 0, 1190, 8151, 23.47, 145.00, 2535, 14201, 4, 8
2026-09-01T12:03:43.2814979+07:00,2026/09/01 12:03:43.358, NVIDIA GeForce RTX 5060, 591.86, P8, 31, 18, 1113, 8151, 10.02, 145.00, 525, 405, 4, 8
2026-09-01T12:03:48.3847977+07:00,2026/09/01 12:03:48.431, NVIDIA GeForce RTX 5060, 591.86, P5, 31, 7, 1113, 8151, 13.53, 145.00, 862, 810, 2, 8
2026-09-01T12:03:53.4556941+07:00,2026/09/01 12:03:53.501, NVIDIA GeForce RTX 5060, 591.86, P8, 31, 0, 1092, 8151, 8.66, 145.00, 210, 405, 1, 8
2026-09-01T12:03:58.5186329+07:00,2026/09/01 12:03:58.580, NVIDIA GeForce RTX 5060, 591.86, P8, 31, 4, 1120, 8151, 9.06, 145.00, 345, 405, 1, 8
2026-09-01T12:04:03.6595871+07:00,2026/09/01 12:04:03.690, NVIDIA GeForce RTX 5060, 591.86, P8, 31, 1, 1147, 8151, 9.38, 145.00, 292, 405, 1, 8
2026-09-01T12:04:08.7217501+07:00,2026/09/01 12:04:08.752, NVIDIA GeForce RTX 5060, 591.86, P8, 31, 2, 1095, 8151, 9.53, 145.00, 465, 405, 1, 8
2026-09-01T12:04:13.7810772+07:00,2026/09/01 12:04:13.812, NVIDIA GeForce RTX 5060, 591.86, P8, 31, 0, 1082, 8151, 9.95, 145.00, 352, 405, 1, 8
2026-09-01T12:04:18.8296841+07:00,2026/09/01 12:04:18.860, NVIDIA GeForce RTX 5060, 591.86, P8, 31, 1, 1085, 8151, 9.51, 145.00, 375, 405, 1, 8
2026-09-01T12:04:23.8773893+07:00,2026/09/01 12:04:23.908, NVIDIA GeForce RTX 5060, 591.86, P8, 31, 1, 1077, 8151, 10.64, 145.00, 547, 405, 1, 8
2026-09-01T12:04:28.9224644+07:00,2026/09/01 12:04:28.953, NVIDIA GeForce RTX 5060, 591.86, P1, 31, 0, 1073, 8151, 16.28, 145.00, 247, 14001, 4, 8
2026-09-01T12:04:34.0335284+07:00,2026/09/01 12:04:34.079, NVIDIA GeForce RTX 5060, 591.86, P8, 31, 0, 1081, 8151, 8.89, 145.00, 232, 405, 1, 8
2026-09-01T12:04:39.0961443+07:00,2026/09/01 12:04:39.127, NVIDIA GeForce RTX 5060, 591.86, P8, 31, 0, 1076, 8151, 9.64, 145.00, 210, 405, 1, 8
2026-09-01T12:04:44.1566550+07:00,2026/09/01 12:04:44.187, NVIDIA GeForce RTX 5060, 591.86, P8, 31, 1, 1089, 8151, 10.44, 145.00, 547, 405, 1, 8
2026-09-01T12:04:49.2030376+07:00,2026/09/01 12:04:49.233, NVIDIA GeForce RTX 5060, 591.86, P8, 30, 0, 1091, 8151, 8.65, 145.00, 217, 405, 1, 8
2026-09-01T12:04:54.2504130+07:00,2026/09/01 12:04:54.327, NVIDIA GeForce RTX 5060, 591.86, P5, 31, 0, 1087, 8151, 18.90, 145.00, 585, 810, 2, 8
2026-09-01T12:04:59.3576458+07:00,2026/09/01 12:04:59.388, NVIDIA GeForce RTX 5060, 591.86, P8, 31, 0, 1087, 8151, 8.56, 145.00, 210, 405, 1, 8
2026-09-01T12:05:04.4835851+07:00,2026/09/01 12:05:04.514, NVIDIA GeForce RTX 5060, 591.86, P8, 31, 0, 1087, 8151, 8.70, 145.00, 210, 405, 1, 8
2026-09-01T12:05:09.5311104+07:00,2026/09/01 12:05:09.593, NVIDIA GeForce RTX 5060, 591.86, P8, 30, 0, 1087, 8151, 8.59, 145.00, 232, 405, 1, 8
2026-09-01T12:05:14.6248210+07:00,2026/09/01 12:05:14.655, NVIDIA GeForce RTX 5060, 591.86, P8, 30, 0, 1087, 8151, 8.78, 145.00, 210, 405, 1, 8
2026-09-01T12:05:19.6734276+07:00,2026/09/01 12:05:19.704, NVIDIA GeForce RTX 5060, 591.86, P8, 30, 0, 1087, 8151, 8.72, 145.00, 210, 405, 1, 8
2026-09-01T12:05:24.7352175+07:00,2026/09/01 12:05:24.766, NVIDIA GeForce RTX 5060, 591.86, P8, 30, 0, 1087, 8151, 8.59, 145.00, 210, 405, 1, 8
2026-09-01T12:05:29.7825232+07:00,2026/09/01 12:05:29.813, NVIDIA GeForce RTX 5060, 591.86, P8, 30, 1, 1101, 8151, 8.86, 145.00, 397, 405, 1, 8
2026-09-01T12:05:34.9004640+07:00,2026/09/01 12:05:34.931, NVIDIA GeForce RTX 5060, 591.86, P8, 30, 1, 1097, 8151, 8.80, 145.00, 232, 405, 1, 8
2026-09-01T12:05:39.9439832+07:00,2026/09/01 12:05:39.974, NVIDIA GeForce RTX 5060, 591.86, P5, 31, 1, 1075, 8151, 12.49, 145.00, 577, 810, 1, 8
2026-09-01T12:05:45.0067700+07:00,2026/09/01 12:05:45.037, NVIDIA GeForce RTX 5060, 591.86, P8, 30, 0, 1069, 8151, 8.51, 145.00, 210, 405, 1, 8
2026-09-01T12:05:50.0670949+07:00,2026/09/01 12:05:50.098, NVIDIA GeForce RTX 5060, 591.86, P8, 30, 0, 1069, 8151, 8.27, 145.00, 210, 405, 1, 8
2026-09-01T12:05:55.1280743+07:00,2026/09/01 12:05:55.159, NVIDIA GeForce RTX 5060, 591.86, P8, 30, 0, 1069, 8151, 8.07, 145.00, 210, 405, 1, 8
2026-09-01T12:06:00.1754379+07:00,2026/09/01 12:06:00.206, NVIDIA GeForce RTX 5060, 591.86, P8, 30, 1, 1068, 8151, 8.35, 145.00, 270, 405, 1, 8
2026-09-01T12:06:05.3118108+07:00,2026/09/01 12:06:05.373, NVIDIA GeForce RTX 5060, 591.86, P8, 30, 0, 1068, 8151, 8.38, 145.00, 210, 405, 1, 8
2026-09-01T12:06:10.4044296+07:00,2026/09/01 12:06:10.435, NVIDIA GeForce RTX 5060, 591.86, P8, 30, 0, 1065, 8151, 8.25, 145.00, 240, 405, 1, 8
2026-09-01T12:06:15.4644337+07:00,2026/09/01 12:06:15.495, NVIDIA GeForce RTX 5060, 591.86, P8, 30, 0, 1029, 8151, 8.53, 145.00, 232, 405, 1, 8
2026-09-01T12:06:20.5136888+07:00,2026/09/01 12:06:20.544, NVIDIA GeForce RTX 5060, 591.86, P8, 30, 0, 1024, 8151, 8.47, 145.00, 232, 405, 1, 8
2026-09-01T12:06:25.5753172+07:00,2026/09/01 12:06:25.683, NVIDIA GeForce RTX 5060, 591.86, P0, 32, 0, 1075, 8151, 22.32, 145.00, 2512, 14201, 4, 8
2026-09-01T12:06:30.7007367+07:00,2026/09/01 12:06:30.793, NVIDIA GeForce RTX 5060, 591.86, P8, 31, 4, 1105, 8151, 8.78, 145.00, 255, 405, 1, 8
2026-09-01T12:06:35.8888311+07:00,2026/09/01 12:06:35.950, NVIDIA GeForce RTX 5060, 591.86, P8, 30, 0, 1137, 8151, 9.05, 145.00, 232, 405, 1, 8
2026-09-01T12:06:40.9949398+07:00,2026/09/01 12:06:41.026, NVIDIA GeForce RTX 5060, 591.86, P8, 30, 0, 1101, 8151, 9.27, 145.00, 210, 405, 1, 8
2026-09-01T12:06:46.0467428+07:00,2026/09/01 12:06:46.077, NVIDIA GeForce RTX 5060, 591.86, P8, 30, 0, 1099, 8151, 9.06, 145.00, 300, 405, 1, 8
2026-09-01T12:06:51.1094186+07:00,2026/09/01 12:06:51.140, NVIDIA GeForce RTX 5060, 591.86, P8, 31, 1, 1087, 8151, 9.60, 145.00, 562, 405, 1, 8
2026-09-01T12:06:56.1579494+07:00,2026/09/01 12:06:56.250, NVIDIA GeForce RTX 5060, 591.86, P0, 32, 0, 1104, 8151, 23.19, 145.00, 2520, 14201, 4, 8
2026-09-01T12:07:01.2962365+07:00,2026/09/01 12:07:01.326, NVIDIA GeForce RTX 5060, 591.86, P0, 32, 1, 1115, 8151, 23.29, 145.00, 2572, 14201, 4, 8
2026-09-01T12:07:06.4066931+07:00,2026/09/01 12:07:06.437, NVIDIA GeForce RTX 5060, 591.86, P8, 31, 0, 1113, 8151, 8.49, 145.00, 210, 405, 1, 8
2026-09-01T12:07:11.4521165+07:00,2026/09/01 12:07:11.483, NVIDIA GeForce RTX 5060, 591.86, P0, 32, 0, 1122, 8151, 22.54, 145.00, 2520, 14201, 4, 8
2026-09-01T12:07:16.5139905+07:00,2026/09/01 12:07:16.545, NVIDIA GeForce RTX 5060, 591.86, P5, 31, 0, 1122, 8151, 11.19, 145.00, 285, 810, 2, 8
2026-09-01T12:07:21.5626155+07:00,2026/09/01 12:07:21.593, NVIDIA GeForce RTX 5060, 591.86, P8, 31, 0, 1122, 8151, 8.53, 145.00, 210, 405, 1, 8
2026-09-01T12:07:26.6123306+07:00,2026/09/01 12:07:26.643, NVIDIA GeForce RTX 5060, 591.86, P8, 31, 0, 1117, 8151, 8.67, 145.00, 210, 405, 1, 8
2026-09-01T12:07:31.6598992+07:00,2026/09/01 12:07:31.690, NVIDIA GeForce RTX 5060, 591.86, P8, 31, 0, 1117, 8151, 8.58, 145.00, 232, 405, 1, 8
2026-09-01T12:07:36.7652358+07:00,2026/09/01 12:07:36.796, NVIDIA GeForce RTX 5060, 591.86, P8, 31, 0, 1104, 8151, 8.70, 145.00, 210, 405, 1, 8
2026-09-01T12:07:41.8127740+07:00,2026/09/01 12:07:41.843, NVIDIA GeForce RTX 5060, 591.86, P8, 31, 0, 1104, 8151, 8.44, 145.00, 210, 405, 1, 8
2026-09-01T12:07:46.8752472+07:00,2026/09/01 12:07:46.906, NVIDIA GeForce RTX 5060, 591.86, P8, 31, 0, 1104, 8151, 8.71, 145.00, 232, 405, 1, 8
2026-09-01T12:07:51.9232410+07:00,2026/09/01 12:07:51.954, NVIDIA GeForce RTX 5060, 591.86, P8, 30, 0, 1114, 8151, 8.90, 145.00, 255, 405, 1, 8
2026-09-01T12:07:56.9735384+07:00,2026/09/01 12:07:57.004, NVIDIA GeForce RTX 5060, 591.86, P8, 30, 0, 1119, 8151, 8.64, 145.00, 210, 405, 1, 8
2026-09-01T12:08:02.0242542+07:00,2026/09/01 12:08:02.055, NVIDIA GeForce RTX 5060, 591.86, P8, 31, 1, 1109, 8151, 9.41, 145.00, 352, 405, 1, 8
2026-09-01T12:08:07.1487791+07:00,2026/09/01 12:08:07.195, NVIDIA GeForce RTX 5060, 591.86, P8, 31, 0, 1109, 8151, 9.37, 145.00, 345, 405, 1, 8
2026-09-01T12:08:12.2127493+07:00,2026/09/01 12:08:12.243, NVIDIA GeForce RTX 5060, 591.86, P8, 30, 0, 1110, 8151, 9.18, 145.00, 255, 405, 1, 8
2026-09-01T12:08:17.2603757+07:00,2026/09/01 12:08:17.291, NVIDIA GeForce RTX 5060, 591.86, P8, 31, 4, 1113, 8151, 9.94, 145.00, 487, 405, 1, 8
2026-09-01T12:08:22.3088433+07:00,2026/09/01 12:08:22.340, NVIDIA GeForce RTX 5060, 591.86, P3, 31, 0, 1119, 8151, 18.40, 145.00, 532, 7001, 4, 8
2026-09-01T12:08:27.3713559+07:00,2026/09/01 12:08:27.417, NVIDIA GeForce RTX 5060, 591.86, P5, 31, 0, 1099, 8151, 11.51, 145.00, 390, 810, 2, 8
2026-09-01T12:08:32.4368769+07:00,2026/09/01 12:08:32.467, NVIDIA GeForce RTX 5060, 591.86, P8, 31, 0, 1099, 8151, 8.90, 145.00, 217, 405, 1, 8
2026-09-01T12:08:37.5605354+07:00,2026/09/01 12:08:37.591, NVIDIA GeForce RTX 5060, 591.86, P0, 32, 0, 1122, 8151, 22.93, 145.00, 2520, 14201, 4, 8
2026-09-01T12:08:42.6180105+07:00,2026/09/01 12:08:42.649, NVIDIA GeForce RTX 5060, 591.86, P8, 31, 0, 1117, 8151, 10.37, 145.00, 285, 405, 1, 8
2026-09-01T12:08:47.6670225+07:00,2026/09/01 12:08:47.697, NVIDIA GeForce RTX 5060, 591.86, P8, 31, 0, 1117, 8151, 9.50, 145.00, 255, 405, 1, 8
2026-09-01T12:08:52.7167358+07:00,2026/09/01 12:08:52.748, NVIDIA GeForce RTX 5060, 591.86, P8, 31, 0, 1126, 8151, 9.15, 145.00, 210, 405, 1, 8
2026-09-01T12:08:57.7683372+07:00,2026/09/01 12:08:57.799, NVIDIA GeForce RTX 5060, 591.86, P8, 31, 0, 1127, 8151, 8.51, 145.00, 210, 405, 1, 8
2026-09-01T12:09:02.8306079+07:00,2026/09/01 12:09:02.861, NVIDIA GeForce RTX 5060, 591.86, P8, 30, 0, 1127, 8151, 8.64, 145.00, 202, 405, 1, 8
2026-09-01T12:09:07.9422621+07:00,2026/09/01 12:09:07.973, NVIDIA GeForce RTX 5060, 591.86, P1, 31, 0, 1108, 8151, 12.70, 145.00, 427, 14001, 4, 8
2026-09-01T12:09:12.9884608+07:00,2026/09/01 12:09:13.019, NVIDIA GeForce RTX 5060, 591.86, P5, 31, 2, 1182, 8151, 13.11, 145.00, 442, 810, 2, 8
2026-09-01T12:09:18.0382413+07:00,2026/09/01 12:09:18.069, NVIDIA GeForce RTX 5060, 591.86, P8, 31, 0, 1106, 8151, 9.02, 145.00, 210, 405, 1, 8
2026-09-01T12:09:23.0995830+07:00,2026/09/01 12:09:23.130, NVIDIA GeForce RTX 5060, 591.86, P8, 31, 0, 1102, 8151, 8.49, 145.00, 232, 405, 1, 8
2026-09-01T12:09:28.7174229+07:00,2026/09/01 12:09:28.763, NVIDIA GeForce RTX 5060, 591.86, P8, 30, 0, 1102, 8151, 8.66, 145.00, 210, 405, 1, 8
2026-09-01T12:09:33.7842000+07:00,2026/09/01 12:09:33.814, NVIDIA GeForce RTX 5060, 591.86, P8, 31, 1, 1118, 8151, 10.56, 145.00, 525, 405, 1, 8
2026-09-01T12:09:38.8919097+07:00,2026/09/01 12:09:38.922, NVIDIA GeForce RTX 5060, 591.86, P8, 31, 1, 1117, 8151, 8.92, 145.00, 322, 405, 1, 8
2026-09-01T12:09:43.9357306+07:00,2026/09/01 12:09:43.966, NVIDIA GeForce RTX 5060, 591.86, P8, 31, 1, 1109, 8151, 9.36, 145.00, 285, 405, 1, 8
2026-09-01T12:09:48.9766110+07:00,2026/09/01 12:09:49.007, NVIDIA GeForce RTX 5060, 591.86, P8, 30, 1, 1109, 8151, 8.94, 145.00, 420, 405, 1, 8
2026-09-01T12:09:54.0279810+07:00,2026/09/01 12:09:54.058, NVIDIA GeForce RTX 5060, 591.86, P8, 31, 2, 1128, 8151, 9.50, 145.00, 690, 405, 1, 8
2026-09-01T12:09:59.0761743+07:00,2026/09/01 12:09:59.121, NVIDIA GeForce RTX 5060, 591.86, P1, 31, 0, 1126, 8151, 12.04, 145.00, 525, 14001, 4, 8
2026-09-01T12:10:04.1360076+07:00,2026/09/01 12:10:04.181, NVIDIA GeForce RTX 5060, 591.86, P8, 31, 2, 1122, 8151, 10.46, 145.00, 480, 405, 1, 8
2026-09-01T12:10:09.2508462+07:00,2026/09/01 12:10:09.297, NVIDIA GeForce RTX 5060, 591.86, P1, 31, 0, 1135, 8151, 15.33, 145.00, 232, 14001, 4, 8
2026-09-01T12:10:14.3254561+07:00,2026/09/01 12:10:14.371, NVIDIA GeForce RTX 5060, 591.86, P8, 30, 0, 1128, 8151, 8.77, 145.00, 232, 405, 1, 8
2026-09-01T12:10:19.3874472+07:00,2026/09/01 12:10:19.418, NVIDIA GeForce RTX 5060, 591.86, P8, 30, 0, 1125, 8151, 8.62, 145.00, 232, 405, 1, 8
2026-09-01T12:10:24.4357107+07:00,2026/09/01 12:10:24.466, NVIDIA GeForce RTX 5060, 591.86, P8, 30, 0, 1126, 8151, 9.05, 145.00, 337, 405, 1, 8
2026-09-01T12:10:29.4937442+07:00,2026/09/01 12:10:29.524, NVIDIA GeForce RTX 5060, 591.86, P8, 30, 0, 1127, 8151, 9.25, 145.00, 300, 405, 1, 8
2026-09-01T12:10:34.5425515+07:00,2026/09/01 12:10:34.573, NVIDIA GeForce RTX 5060, 591.86, P8, 30, 0, 1127, 8151, 8.61, 145.00, 232, 405, 1, 8
2026-09-01T12:10:39.6660236+07:00,2026/09/01 12:10:39.697, NVIDIA GeForce RTX 5060, 591.86, P8, 30, 0, 1129, 8151, 8.73, 145.00, 232, 405, 1, 8
2026-09-01T12:10:44.7149946+07:00,2026/09/01 12:10:44.745, NVIDIA GeForce RTX 5060, 591.86, P8, 30, 0, 1128, 8151, 8.77, 145.00, 255, 405, 1, 8
2026-09-01T12:10:49.7645638+07:00,2026/09/01 12:10:49.795, NVIDIA GeForce RTX 5060, 591.86, P8, 30, 4, 1130, 8151, 10.24, 145.00, 442, 405, 1, 8
2026-09-01T12:10:54.8116703+07:00,2026/09/01 12:10:54.842, NVIDIA GeForce RTX 5060, 591.86, P8, 30, 0, 1132, 8151, 9.02, 145.00, 285, 405, 1, 8
2026-09-01T12:10:59.8533319+07:00,2026/09/01 12:10:59.977, NVIDIA GeForce RTX 5060, 591.86, P8, 30, 0, 1126, 8151, 8.97, 145.00, 300, 405, 1, 8
2026-09-01T12:11:05.0051948+07:00,2026/09/01 12:11:05.067, NVIDIA GeForce RTX 5060, 591.86, P8, 30, 0, 1126, 8151, 8.82, 145.00, 322, 405, 1, 8
2026-09-01T12:11:10.1560763+07:00,2026/09/01 12:11:10.280, NVIDIA GeForce RTX 5060, 591.86, P8, 30, 0, 1127, 8151, 8.76, 145.00, 232, 405, 1, 8
2026-09-01T12:11:15.3258521+07:00,2026/09/01 12:11:15.356, NVIDIA GeForce RTX 5060, 591.86, P8, 30, 0, 1127, 8151, 8.69, 145.00, 225, 405, 1, 8
2026-09-01T12:11:20.3736834+07:00,2026/09/01 12:11:20.435, NVIDIA GeForce RTX 5060, 591.86, P8, 30, 0, 1128, 8151, 9.18, 145.00, 300, 405, 1, 8
2026-09-01T12:11:25.4712338+07:00,2026/09/01 12:11:25.594, NVIDIA GeForce RTX 5060, 591.86, P8, 30, 0, 1127, 8151, 10.31, 145.00, 630, 405, 1, 8
2026-09-01T12:11:30.6273743+07:00,2026/09/01 12:11:30.704, NVIDIA GeForce RTX 5060, 591.86, P8, 30, 0, 1130, 8151, 8.27, 145.00, 210, 405, 1, 8
2026-09-01T12:11:35.7364724+07:00,2026/09/01 12:11:35.829, NVIDIA GeForce RTX 5060, 591.86, P8, 30, 0, 1127, 8151, 8.67, 145.00, 232, 405, 1, 8
2026-09-01T12:11:40.9314048+07:00,2026/09/01 12:11:40.962, NVIDIA GeForce RTX 5060, 591.86, P8, 30, 0, 1127, 8151, 8.64, 145.00, 210, 405, 1, 8
2026-09-01T12:11:45.9778791+07:00,2026/09/01 12:11:46.008, NVIDIA GeForce RTX 5060, 591.86, P8, 30, 0, 1127, 8151, 8.73, 145.00, 255, 405, 1, 8
2026-09-01T12:11:51.0194616+07:00,2026/09/01 12:11:51.081, NVIDIA GeForce RTX 5060, 591.86, P8, 30, 0, 1127, 8151, 8.77, 145.00, 255, 405, 1, 8
2026-09-01T12:11:56.0925496+07:00,2026/09/01 12:11:56.277, NVIDIA GeForce RTX 5060, 591.86, P8, 30, 0, 1127, 8151, 8.90, 145.00, 232, 405, 1, 8
2026-09-01T12:12:01.3304726+07:00,2026/09/01 12:12:01.714, NVIDIA GeForce RTX 5060, 591.86, P8, 30, 0, 1127, 8151, 9.23, 145.00, 322, 405, 1, 8
2026-09-01T12:12:06.8169221+07:00,2026/09/01 12:12:07.324, NVIDIA GeForce RTX 5060, 591.86, P8, 30, 0, 1127, 8151, 9.10, 145.00, 337, 405, 1, 8
2026-09-01T12:12:12.5040113+07:00,2026/09/01 12:12:12.766, NVIDIA GeForce RTX 5060, 591.86, P8, 30, 1, 1127, 8151, 9.17, 145.00, 232, 405, 1, 8
2026-09-01T12:12:17.7888474+07:00,2026/09/01 12:12:18.034, NVIDIA GeForce RTX 5060, 591.86, P8, 30, 0, 1127, 8151, 9.24, 145.00, 322, 405, 1, 8
2026-09-01T12:12:23.1150284+07:00,2026/09/01 12:12:23.560, NVIDIA GeForce RTX 5060, 591.86, P5, 30, 1, 1176, 8151, 11.65, 145.00, 525, 810, 2, 8
2026-09-01T12:12:28.6661718+07:00,2026/09/01 12:12:29.067, NVIDIA GeForce RTX 5060, 591.86, P8, 31, 12, 1201, 8151, 10.58, 145.00, 615, 405, 4, 8
2026-09-01T12:12:34.1417798+07:00,2026/09/01 12:12:34.434, NVIDIA GeForce RTX 5060, 591.86, P5, 31, 0, 1252, 8151, 14.35, 145.00, 645, 810, 2, 8
2026-09-01T12:12:39.4730824+07:00,2026/09/01 12:12:39.842, NVIDIA GeForce RTX 5060, 591.86, P8, 30, 2, 1153, 8151, 9.07, 145.00, 255, 405, 1, 8
2026-09-01T12:12:44.9872025+07:00,2026/09/01 12:12:45.449, NVIDIA GeForce RTX 5060, 591.86, P8, 30, 3, 1146, 8151, 10.07, 145.00, 315, 405, 1, 8
2026-09-01T12:12:50.4611421+07:00,2026/09/01 12:12:50.831, NVIDIA GeForce RTX 5060, 591.86, P8, 30, 2, 1140, 8151, 9.58, 145.00, 397, 405, 1, 8
2026-09-01T12:12:55.9159451+07:00,2026/09/01 12:12:56.223, NVIDIA GeForce RTX 5060, 591.86, P8, 30, 0, 1137, 8151, 9.12, 145.00, 255, 405, 1, 8
2026-09-01T12:13:01.2507861+07:00,2026/09/01 12:13:01.681, NVIDIA GeForce RTX 5060, 591.86, P8, 30, 1, 1136, 8151, 10.10, 145.00, 502, 405, 1, 8
2026-09-01T12:13:06.8001292+07:00,2026/09/01 12:13:07.047, NVIDIA GeForce RTX 5060, 591.86, P8, 30, 0, 1136, 8151, 9.37, 145.00, 375, 405, 1, 8
2026-09-01T12:13:12.0749073+07:00,2026/09/01 12:13:12.167, NVIDIA GeForce RTX 5060, 591.86, P8, 30, 1, 1142, 8151, 9.36, 145.00, 337, 405, 1, 8
2026-09-01T12:13:17.3161409+07:00,2026/09/01 12:13:17.671, NVIDIA GeForce RTX 5060, 591.86, P8, 30, 0, 1142, 8151, 9.01, 145.00, 300, 405, 1, 8
2026-09-01T12:13:22.7223702+07:00,2026/09/01 12:13:22.784, NVIDIA GeForce RTX 5060, 591.86, P0, 31, 1, 1127, 8151, 14.07, 145.00, 1357, 14201, 4, 8
2026-09-01T12:13:27.8075350+07:00,2026/09/01 12:13:27.853, NVIDIA GeForce RTX 5060, 591.86, P5, 31, 0, 1103, 8151, 12.10, 145.00, 375, 810, 2, 8
2026-09-01T12:13:32.8699988+07:00,2026/09/01 12:13:32.931, NVIDIA GeForce RTX 5060, 591.86, P5, 30, 0, 1116, 8151, 10.94, 145.00, 435, 810, 2, 8
2026-09-01T12:13:37.9486103+07:00,2026/09/01 12:13:38.240, NVIDIA GeForce RTX 5060, 591.86, P0, 32, 0, 1098, 8151, 22.98, 145.00, 2580, 14201, 4, 8
2026-09-01T12:13:43.3249093+07:00,2026/09/01 12:13:43.417, NVIDIA GeForce RTX 5060, 591.86, P8, 31, 3, 1103, 8151, 10.17, 145.00, 502, 405, 1, 8
2026-09-01T12:13:48.5148437+07:00,2026/09/01 12:13:48.591, NVIDIA GeForce RTX 5060, 591.86, P8, 30, 1, 1064, 8151, 10.31, 145.00, 510, 405, 1, 8
2026-09-01T12:13:53.6086273+07:00,2026/09/01 12:13:53.840, NVIDIA GeForce RTX 5060, 591.86, P8, 30, 0, 1063, 8151, 8.66, 145.00, 232, 405, 1, 8
2026-09-01T12:13:58.8575107+07:00,2026/09/01 12:13:58.919, NVIDIA GeForce RTX 5060, 591.86, P8, 30, 1, 1091, 8151, 8.93, 145.00, 285, 405, 4, 8
2026-09-01T12:14:03.9326627+07:00,2026/09/01 12:14:03.994, NVIDIA GeForce RTX 5060, 591.86, P5, 31, 0, 1092, 8151, 11.15, 145.00, 307, 810, 2, 8
2026-09-01T12:14:09.0126028+07:00,2026/09/01 12:14:09.090, NVIDIA GeForce RTX 5060, 591.86, P8, 30, 0, 1062, 8151, 8.57, 145.00, 217, 405, 1, 8
2026-09-01T12:14:14.1096965+07:00,2026/09/01 12:14:14.171, NVIDIA GeForce RTX 5060, 591.86, P8, 30, 0, 1059, 8151, 9.34, 145.00, 225, 405, 1, 8
2026-09-01T12:14:19.2543037+07:00,2026/09/01 12:14:19.316, NVIDIA GeForce RTX 5060, 591.86, P8, 31, 1, 1102, 8151, 11.13, 145.00, 540, 405, 1, 8
2026-09-01T12:14:24.3314271+07:00,2026/09/01 12:14:24.393, NVIDIA GeForce RTX 5060, 591.86, P8, 30, 0, 1084, 8151, 10.66, 145.00, 555, 405, 1, 8
2026-09-01T12:14:29.4284861+07:00,2026/09/01 12:14:29.521, NVIDIA GeForce RTX 5060, 591.86, P8, 31, 2, 1085, 8151, 10.36, 145.00, 517, 405, 1, 8
2026-09-01T12:14:34.5428037+07:00,2026/09/01 12:14:34.604, NVIDIA GeForce RTX 5060, 591.86, P8, 30, 1, 1081, 8151, 10.03, 145.00, 547, 405, 1, 8
2026-09-01T12:14:39.6225749+07:00,2026/09/01 12:14:39.715, NVIDIA GeForce RTX 5060, 591.86, P8, 30, 1, 1087, 8151, 9.45, 145.00, 367, 405, 1, 8
2026-09-01T12:14:44.7331159+07:00,2026/09/01 12:14:44.795, NVIDIA GeForce RTX 5060, 591.86, P8, 30, 0, 1086, 8151, 9.34, 145.00, 345, 405, 1, 8
2026-09-01T12:14:49.8744792+07:00,2026/09/01 12:14:49.951, NVIDIA GeForce RTX 5060, 591.86, P8, 30, 0, 1089, 8151, 9.81, 145.00, 405, 405, 1, 8
2026-09-01T12:14:54.9690000+07:00,2026/09/01 12:14:55.061, NVIDIA GeForce RTX 5060, 591.86, P8, 30, 1, 1085, 8151, 9.40, 145.00, 360, 405, 1, 8
2026-09-01T12:15:00.0895168+07:00,2026/09/01 12:15:00.166, NVIDIA GeForce RTX 5060, 591.86, P0, 32, 0, 1112, 8151, 22.69, 145.00, 2520, 14201, 4, 8
2026-09-01T12:15:05.1949016+07:00,2026/09/01 12:15:05.257, NVIDIA GeForce RTX 5060, 591.86, P8, 31, 1, 1133, 8151, 10.69, 145.00, 232, 405, 1, 8
2026-09-01T12:15:10.2764198+07:00,2026/09/01 12:15:10.322, NVIDIA GeForce RTX 5060, 591.86, P8, 31, 7, 1111, 8151, 10.70, 145.00, 510, 405, 1, 8
2026-09-01T12:15:15.3404160+07:00,2026/09/01 12:15:15.433, NVIDIA GeForce RTX 5060, 591.86, P8, 30, 2, 1118, 8151, 9.28, 145.00, 270, 405, 1, 8
2026-09-01T12:15:20.5130902+07:00,2026/09/01 12:15:20.544, NVIDIA GeForce RTX 5060, 591.86, P8, 31, 7, 1099, 8151, 9.52, 145.00, 277, 405, 1, 8
2026-09-01T12:15:25.5604876+07:00,2026/09/01 12:15:25.591, NVIDIA GeForce RTX 5060, 591.86, P8, 31, 15, 1099, 8151, 9.74, 145.00, 262, 405, 1, 8
2026-09-01T12:15:30.6213899+07:00,2026/09/01 12:15:30.652, NVIDIA GeForce RTX 5060, 591.86, P8, 30, 0, 1096, 8151, 8.73, 145.00, 210, 405, 1, 8
2026-09-01T12:15:35.6837458+07:00,2026/09/01 12:15:35.715, NVIDIA GeForce RTX 5060, 591.86, P8, 30, 0, 1082, 8151, 8.28, 145.00, 210, 405, 1, 8
2026-09-01T12:15:40.7336482+07:00,2026/09/01 12:15:40.764, NVIDIA GeForce RTX 5060, 591.86, P1, 31, 0, 1087, 8151, 12.20, 145.00, 210, 14001, 2, 8
2026-09-01T12:15:45.7787971+07:00,2026/09/01 12:15:45.809, NVIDIA GeForce RTX 5060, 591.86, P8, 30, 0, 1080, 8151, 8.55, 145.00, 232, 405, 1, 8
2026-09-01T12:15:50.9058109+07:00,2026/09/01 12:15:50.998, NVIDIA GeForce RTX 5060, 591.86, P8, 30, 1, 1082, 8151, 9.53, 145.00, 442, 405, 1, 8
2026-09-01T12:15:56.0258277+07:00,2026/09/01 12:15:56.056, NVIDIA GeForce RTX 5060, 591.86, P8, 30, 0, 1084, 8151, 8.99, 145.00, 232, 405, 1, 8
2026-09-01T12:16:01.0874957+07:00,2026/09/01 12:16:01.118, NVIDIA GeForce RTX 5060, 591.86, P8, 30, 0, 1093, 8151, 8.73, 145.00, 262, 405, 1, 8
2026-09-01T12:16:06.1351248+07:00,2026/09/01 12:16:06.166, NVIDIA GeForce RTX 5060, 591.86, P8, 30, 0, 1091, 8151, 8.84, 145.00, 277, 405, 1, 8
2026-09-01T12:16:11.1836966+07:00,2026/09/01 12:16:11.214, NVIDIA GeForce RTX 5060, 591.86, P8, 30, 0, 1090, 8151, 8.78, 145.00, 255, 405, 1, 8
2026-09-01T12:16:16.2331937+07:00,2026/09/01 12:16:16.263, NVIDIA GeForce RTX 5060, 591.86, P8, 30, 0, 1089, 8151, 8.69, 145.00, 255, 405, 1, 8
2026-09-01T12:16:21.3435790+07:00,2026/09/01 12:16:21.451, NVIDIA GeForce RTX 5060, 591.86, P3, 31, 0, 1094, 8151, 17.99, 145.00, 555, 7001, 4, 8
2026-09-01T12:16:26.4849923+07:00,2026/09/01 12:16:26.562, NVIDIA GeForce RTX 5060, 591.86, P8, 30, 0, 1081, 8151, 8.90, 145.00, 232, 405, 1, 8
2026-09-01T12:16:31.5796572+07:00,2026/09/01 12:16:31.672, NVIDIA GeForce RTX 5060, 591.86, P8, 30, 2, 1089, 8151, 10.29, 145.00, 502, 405, 1, 8
2026-09-01T12:16:36.7047550+07:00,2026/09/01 12:16:36.735, NVIDIA GeForce RTX 5060, 591.86, P8, 30, 0, 1084, 8151, 10.04, 145.00, 352, 405, 1, 8
2026-09-01T12:16:41.7671716+07:00,2026/09/01 12:16:41.860, NVIDIA GeForce RTX 5060, 591.86, P8, 30, 5, 1091, 8151, 10.10, 145.00, 450, 405, 1, 8
2026-09-01T12:16:46.9038174+07:00,2026/09/01 12:16:46.934, NVIDIA GeForce RTX 5060, 591.86, P8, 30, 0, 1087, 8151, 9.51, 145.00, 307, 405, 1, 8
2026-09-01T12:16:52.0268621+07:00,2026/09/01 12:16:52.057, NVIDIA GeForce RTX 5060, 591.86, P8, 30, 0, 1084, 8151, 8.86, 145.00, 255, 405, 1, 8
2026-09-01T12:16:57.0762237+07:00,2026/09/01 12:16:57.107, NVIDIA GeForce RTX 5060, 591.86, P8, 30, 0, 1084, 8151, 8.84, 145.00, 255, 405, 1, 8
2026-09-01T12:17:02.1254291+07:00,2026/09/01 12:17:02.156, NVIDIA GeForce RTX 5060, 591.86, P8, 30, 0, 1085, 8151, 9.23, 145.00, 285, 405, 1, 8
2026-09-01T12:17:07.1923280+07:00,2026/09/01 12:17:07.230, NVIDIA GeForce RTX 5060, 591.86, P8, 30, 1, 1083, 8151, 8.78, 145.00, 270, 405, 1, 8
2026-09-01T12:17:12.2493357+07:00,2026/09/01 12:17:12.357, NVIDIA GeForce RTX 5060, 591.86, P8, 30, 0, 1083, 8151, 9.31, 145.00, 270, 405, 1, 8
2026-09-01T12:17:17.3907327+07:00,2026/09/01 12:17:17.421, NVIDIA GeForce RTX 5060, 591.86, P8, 30, 0, 1084, 8151, 9.23, 145.00, 480, 405, 1, 8
2026-09-01T12:17:22.5021759+07:00,2026/09/01 12:17:22.533, NVIDIA GeForce RTX 5060, 591.86, P8, 30, 1, 1084, 8151, 9.20, 145.00, 232, 405, 1, 8
2026-09-01T12:17:27.5515995+07:00,2026/09/01 12:17:27.582, NVIDIA GeForce RTX 5060, 591.86, P5, 30, 1, 1160, 8151, 10.77, 145.00, 772, 810, 1, 8
2026-09-01T12:17:32.5932493+07:00,2026/09/01 12:17:32.670, NVIDIA GeForce RTX 5060, 591.86, P8, 30, 0, 1084, 8151, 9.49, 145.00, 420, 405, 1, 8
2026-09-01T12:17:37.7043135+07:00,2026/09/01 12:17:37.734, NVIDIA GeForce RTX 5060, 591.86, P8, 30, 1, 1080, 8151, 9.85, 145.00, 585, 405, 1, 8
2026-09-01T12:17:42.7650038+07:00,2026/09/01 12:17:42.796, NVIDIA GeForce RTX 5060, 591.86, P8, 30, 1, 1079, 8151, 8.92, 145.00, 232, 405, 1, 8
2026-09-01T12:17:47.8113700+07:00,2026/09/01 12:17:47.842, NVIDIA GeForce RTX 5060, 591.86, P8, 30, 0, 1076, 8151, 9.11, 145.00, 292, 405, 1, 8
2026-09-01T12:17:52.9195032+07:00,2026/09/01 12:17:52.950, NVIDIA GeForce RTX 5060, 591.86, P8, 30, 2, 1079, 8151, 9.48, 145.00, 330, 405, 1, 8
2026-09-01T12:17:57.9804651+07:00,2026/09/01 12:17:58.011, NVIDIA GeForce RTX 5060, 591.86, P8, 30, 5, 1076, 8151, 9.41, 145.00, 300, 405, 1, 8
2026-09-01T12:18:03.0296005+07:00,2026/09/01 12:18:03.137, NVIDIA GeForce RTX 5060, 591.86, P8, 30, 0, 1082, 8151, 10.20, 145.00, 652, 405, 1, 8
2026-09-01T12:18:08.1814962+07:00,2026/09/01 12:18:08.259, NVIDIA GeForce RTX 5060, 591.86, P8, 30, 0, 1089, 8151, 9.50, 145.00, 465, 405, 1, 8
2026-09-01T12:18:13.3037774+07:00,2026/09/01 12:18:13.334, NVIDIA GeForce RTX 5060, 591.86, P8, 30, 1, 1083, 8151, 9.41, 145.00, 300, 405, 1, 8
2026-09-01T12:18:18.3649375+07:00,2026/09/01 12:18:18.395, NVIDIA GeForce RTX 5060, 591.86, P8, 30, 0, 1082, 8151, 9.20, 145.00, 285, 405, 1, 8
2026-09-01T12:18:23.4813458+07:00,2026/09/01 12:18:23.551, NVIDIA GeForce RTX 5060, 591.86, P8, 30, 1, 1105, 8151, 10.06, 145.00, 435, 405, 1, 8
2026-09-01T12:18:28.5834003+07:00,2026/09/01 12:18:28.614, NVIDIA GeForce RTX 5060, 591.86, P8, 30, 0, 1096, 8151, 9.29, 145.00, 367, 405, 1, 8
2026-09-01T12:18:33.6436877+07:00,2026/09/01 12:18:33.673, NVIDIA GeForce RTX 5060, 591.86, P8, 30, 0, 1080, 8151, 10.68, 145.00, 607, 405, 1, 8
2026-09-01T12:18:38.6935556+07:00,2026/09/01 12:18:38.724, NVIDIA GeForce RTX 5060, 591.86, P8, 30, 1, 1096, 8151, 10.14, 145.00, 262, 405, 1, 8
2026-09-01T12:18:43.7564392+07:00,2026/09/01 12:18:43.787, NVIDIA GeForce RTX 5060, 591.86, P8, 30, 0, 1079, 8151, 9.16, 145.00, 352, 405, 1, 8
2026-09-01T12:18:48.8168124+07:00,2026/09/01 12:18:48.847, NVIDIA GeForce RTX 5060, 591.86, P8, 30, 0, 1076, 8151, 8.81, 145.00, 232, 405, 1, 8
2026-09-01T12:18:53.9274504+07:00,2026/09/01 12:18:53.973, NVIDIA GeForce RTX 5060, 591.86, P8, 30, 0, 1076, 8151, 8.73, 145.00, 255, 405, 1, 8
2026-09-01T12:18:59.0048167+07:00,2026/09/01 12:18:59.035, NVIDIA GeForce RTX 5060, 591.86, P8, 30, 0, 1076, 8151, 8.84, 145.00, 232, 405, 1, 8
2026-09-01T12:19:04.0520032+07:00,2026/09/01 12:19:04.083, NVIDIA GeForce RTX 5060, 591.86, P8, 30, 0, 1076, 8151, 8.86, 145.00, 255, 405, 1, 8
2026-09-01T12:19:09.0987712+07:00,2026/09/01 12:19:09.129, NVIDIA GeForce RTX 5060, 591.86, P8, 30, 0, 1076, 8151, 8.90, 145.00, 255, 405, 1, 8
2026-09-01T12:19:14.1470363+07:00,2026/09/01 12:19:14.178, NVIDIA GeForce RTX 5060, 591.86, P8, 30, 0, 1076, 8151, 8.93, 145.00, 255, 405, 1, 8
2026-09-01T12:19:19.2073364+07:00,2026/09/01 12:19:19.238, NVIDIA GeForce RTX 5060, 591.86, P8, 30, 0, 1076, 8151, 8.85, 145.00, 232, 405, 1, 8
2026-09-01T12:19:24.3152287+07:00,2026/09/01 12:19:24.346, NVIDIA GeForce RTX 5060, 591.86, P8, 30, 0, 1076, 8151, 8.82, 145.00, 255, 405, 1, 8
2026-09-01T12:19:29.3776636+07:00,2026/09/01 12:19:29.424, NVIDIA GeForce RTX 5060, 591.86, P8, 30, 0, 1076, 8151, 8.78, 145.00, 255, 405, 1, 8
2026-09-01T12:19:34.4549139+07:00,2026/09/01 12:19:34.485, NVIDIA GeForce RTX 5060, 591.86, P8, 30, 0, 1076, 8151, 8.76, 145.00, 285, 405, 1, 8
2026-09-01T12:19:39.5154679+07:00,2026/09/01 12:19:39.561, NVIDIA GeForce RTX 5060, 591.86, P8, 30, 0, 1076, 8151, 8.71, 145.00, 247, 405, 1, 8
2026-09-01T12:19:44.5932807+07:00,2026/09/01 12:19:44.624, NVIDIA GeForce RTX 5060, 591.86, P8, 30, 0, 1076, 8151, 8.69, 145.00, 277, 405, 1, 8
2026-09-01T12:19:49.6410890+07:00,2026/09/01 12:19:49.672, NVIDIA GeForce RTX 5060, 591.86, P8, 30, 0, 1076, 8151, 8.71, 145.00, 277, 405, 1, 8
2026-09-01T12:19:54.7658879+07:00,2026/09/01 12:19:54.812, NVIDIA GeForce RTX 5060, 591.86, P8, 30, 0, 1076, 8151, 8.59, 145.00, 255, 405, 1, 8
2026-09-01T12:19:59.8296039+07:00,2026/09/01 12:19:59.860, NVIDIA GeForce RTX 5060, 591.86, P8, 30, 0, 1076, 8151, 8.69, 145.00, 255, 405, 1, 8
2026-09-01T12:20:04.8804882+07:00,2026/09/01 12:20:04.911, NVIDIA GeForce RTX 5060, 591.86, P8, 30, 0, 1082, 8151, 8.74, 145.00, 232, 405, 1, 8
2026-09-01T12:20:09.9291614+07:00,2026/09/01 12:20:09.960, NVIDIA GeForce RTX 5060, 591.86, P8, 30, 0, 1083, 8151, 8.84, 145.00, 262, 405, 1, 8
2026-09-01T12:20:14.9916710+07:00,2026/09/01 12:20:15.022, NVIDIA GeForce RTX 5060, 591.86, P8, 30, 0, 1083, 8151, 8.88, 145.00, 255, 405, 1, 8
2026-09-01T12:20:20.0410608+07:00,2026/09/01 12:20:20.072, NVIDIA GeForce RTX 5060, 591.86, P8, 30, 0, 1080, 8151, 8.85, 145.00, 277, 405, 1, 8
2026-09-01T12:20:25.1657992+07:00,2026/09/01 12:20:25.196, NVIDIA GeForce RTX 5060, 591.86, P8, 30, 0, 1076, 8151, 8.75, 145.00, 277, 405, 1, 8
2026-09-01T12:20:30.2146617+07:00,2026/09/01 12:20:30.245, NVIDIA GeForce RTX 5060, 591.86, P8, 30, 0, 1076, 8151, 8.83, 145.00, 255, 405, 1, 8
2026-09-01T12:20:35.2622999+07:00,2026/09/01 12:20:35.293, NVIDIA GeForce RTX 5060, 591.86, P8, 30, 0, 1076, 8151, 8.85, 145.00, 285, 405, 1, 8
2026-09-01T12:20:40.3097302+07:00,2026/09/01 12:20:40.340, NVIDIA GeForce RTX 5060, 591.86, P8, 30, 0, 1083, 8151, 9.16, 145.00, 255, 405, 1, 8
2026-09-01T12:20:45.3553374+07:00,2026/09/01 12:20:45.386, NVIDIA GeForce RTX 5060, 591.86, P5, 30, 7, 1108, 8151, 11.55, 145.00, 690, 810, 2, 8
2026-09-01T12:20:50.4003635+07:00,2026/09/01 12:20:50.431, NVIDIA GeForce RTX 5060, 591.86, P8, 30, 0, 1104, 8151, 9.40, 145.00, 217, 405, 1, 8
2026-09-01T12:20:55.5126958+07:00,2026/09/01 12:20:55.543, NVIDIA GeForce RTX 5060, 591.86, P8, 30, 1, 1081, 8151, 9.19, 145.00, 300, 405, 1, 8
2026-09-01T12:21:00.5617868+07:00,2026/09/01 12:21:00.608, NVIDIA GeForce RTX 5060, 591.86, P8, 30, 3, 1085, 8151, 9.46, 145.00, 352, 405, 1, 8
2026-09-01T12:21:05.6400754+07:00,2026/09/01 12:21:05.671, NVIDIA GeForce RTX 5060, 591.86, P8, 30, 0, 1092, 8151, 9.17, 145.00, 255, 405, 1, 8
2026-09-01T12:21:10.7028128+07:00,2026/09/01 12:21:10.733, NVIDIA GeForce RTX 5060, 591.86, P8, 30, 0, 1084, 8151, 8.97, 145.00, 255, 405, 1, 8
2026-09-01T12:21:15.7649796+07:00,2026/09/01 12:21:15.796, NVIDIA GeForce RTX 5060, 591.86, P8, 30, 0, 1084, 8151, 9.03, 145.00, 255, 405, 1, 8
2026-09-01T12:21:20.8134834+07:00,2026/09/01 12:21:20.844, NVIDIA GeForce RTX 5060, 591.86, P3, 30, 0, 1093, 8151, 17.62, 145.00, 480, 7001, 4, 8
2026-09-01T12:21:25.9365939+07:00,2026/09/01 12:21:25.967, NVIDIA GeForce RTX 5060, 591.86, P8, 30, 0, 1089, 8151, 8.76, 145.00, 247, 405, 1, 8
2026-09-01T12:21:30.9962934+07:00,2026/09/01 12:21:31.027, NVIDIA GeForce RTX 5060, 591.86, P8, 30, 0, 1089, 8151, 9.03, 145.00, 217, 405, 1, 8
2026-09-01T12:21:36.0596173+07:00,2026/09/01 12:21:36.090, NVIDIA GeForce RTX 5060, 591.86, P8, 30, 0, 1088, 8151, 8.97, 145.00, 232, 405, 1, 8
2026-09-01T12:21:41.1108106+07:00,2026/09/01 12:21:41.141, NVIDIA GeForce RTX 5060, 591.86, P8, 30, 0, 1088, 8151, 8.90, 145.00, 232, 405, 1, 8
2026-09-01T12:21:46.1580838+07:00,2026/09/01 12:21:46.189, NVIDIA GeForce RTX 5060, 591.86, P8, 30, 0, 1088, 8151, 8.82, 145.00, 232, 405, 1, 8
2026-09-01T12:21:51.2131674+07:00,2026/09/01 12:21:51.258, NVIDIA GeForce RTX 5060, 591.86, P8, 30, 0, 1073, 8151, 8.90, 145.00, 262, 405, 1, 8
2026-09-01T12:21:56.3216783+07:00,2026/09/01 12:21:56.367, NVIDIA GeForce RTX 5060, 591.86, P8, 30, 0, 1072, 8151, 8.92, 145.00, 262, 405, 1, 8
2026-09-01T12:22:01.3826503+07:00,2026/09/01 12:22:01.413, NVIDIA GeForce RTX 5060, 591.86, P8, 30, 0, 1072, 8151, 8.88, 145.00, 232, 405, 1, 8
2026-09-01T12:22:06.4281332+07:00,2026/09/01 12:22:06.505, NVIDIA GeForce RTX 5060, 591.86, P8, 30, 0, 1169, 8151, 9.26, 145.00, 240, 405, 1, 8
2026-09-01T12:22:11.5322875+07:00,2026/09/01 12:22:11.609, NVIDIA GeForce RTX 5060, 591.86, P8, 30, 0, 968, 8151, 9.07, 145.00, 262, 405, 1, 8
2026-09-01T12:22:16.6377655+07:00,2026/09/01 12:22:16.714, NVIDIA GeForce RTX 5060, 591.86, P8, 30, 0, 970, 8151, 9.02, 145.00, 262, 405, 1, 8
2026-09-01T12:22:21.7324286+07:00,2026/09/01 12:22:21.825, NVIDIA GeForce RTX 5060, 591.86, P8, 30, 0, 970, 8151, 8.83, 145.00, 232, 405, 1, 8
2026-09-01T12:22:26.9190775+07:00,2026/09/01 12:22:26.981, NVIDIA GeForce RTX 5060, 591.86, P8, 30, 0, 973, 8151, 8.91, 145.00, 217, 405, 1, 8
2026-09-01T12:22:31.9987644+07:00,2026/09/01 12:22:32.076, NVIDIA GeForce RTX 5060, 591.86, P8, 30, 0, 975, 8151, 9.00, 145.00, 217, 405, 1, 8
2026-09-01T12:22:37.1080472+07:00,2026/09/01 12:22:37.139, NVIDIA GeForce RTX 5060, 591.86, P8, 30, 0, 975, 8151, 9.01, 145.00, 217, 405, 1, 8
2026-09-01T12:22:42.1543108+07:00,2026/09/01 12:22:42.185, NVIDIA GeForce RTX 5060, 591.86, P8, 30, 1, 987, 8151, 9.24, 145.00, 345, 405, 1, 8
2026-09-01T12:22:47.2138969+07:00,2026/09/01 12:22:47.244, NVIDIA GeForce RTX 5060, 591.86, P8, 30, 0, 978, 8151, 9.23, 145.00, 442, 405, 1, 8
2026-09-01T12:22:52.2727334+07:00,2026/09/01 12:22:52.303, NVIDIA GeForce RTX 5060, 591.86, P8, 30, 0, 977, 8151, 8.77, 145.00, 240, 405, 1, 8
2026-09-01T12:22:57.3913990+07:00,2026/09/01 12:22:57.453, NVIDIA GeForce RTX 5060, 591.86, P0, 31, 0, 992, 8151, 20.46, 145.00, 2542, 14201, 4, 8
2026-09-01T12:23:02.4812204+07:00,2026/09/01 12:23:02.558, NVIDIA GeForce RTX 5060, 591.86, P5, 30, 0, 988, 8151, 11.40, 145.00, 255, 810, 2, 8
2026-09-01T12:23:07.5732158+07:00,2026/09/01 12:23:07.635, NVIDIA GeForce RTX 5060, 591.86, P8, 30, 0, 979, 8151, 9.18, 145.00, 255, 405, 1, 8
2026-09-01T12:23:12.6819865+07:00,2026/09/01 12:23:12.774, NVIDIA GeForce RTX 5060, 591.86, P8, 30, 0, 984, 8151, 8.98, 145.00, 255, 405, 1, 8
2026-09-01T12:23:17.8209192+07:00,2026/09/01 12:23:17.882, NVIDIA GeForce RTX 5060, 591.86, P8, 30, 1, 975, 8151, 9.17, 145.00, 232, 405, 1, 8
2026-09-01T12:23:22.9027282+07:00,2026/09/01 12:23:22.979, NVIDIA GeForce RTX 5060, 591.86, P8, 30, 7, 977, 8151, 10.44, 145.00, 420, 405, 1, 8
2026-09-01T12:23:28.1072316+07:00,2026/09/01 12:23:28.169, NVIDIA GeForce RTX 5060, 591.86, P8, 30, 0, 976, 8151, 9.61, 145.00, 495, 405, 1, 8
2026-09-01T12:23:33.1935697+07:00,2026/09/01 12:23:33.270, NVIDIA GeForce RTX 5060, 591.86, P8, 30, 16, 997, 8151, 9.36, 145.00, 307, 405, 4, 8
2026-09-01T12:23:38.2991604+07:00,2026/09/01 12:23:38.329, NVIDIA GeForce RTX 5060, 591.86, P5, 30, 0, 985, 8151, 12.77, 145.00, 457, 810, 2, 8
2026-09-01T12:23:43.3484238+07:00,2026/09/01 12:23:43.534, NVIDIA GeForce RTX 5060, 591.86, P8, 30, 0, 977, 8151, 9.29, 145.00, 345, 405, 1, 8
2026-09-01T12:23:48.5700604+07:00,2026/09/01 12:23:48.631, NVIDIA GeForce RTX 5060, 591.86, P8, 30, 1, 972, 8151, 9.30, 145.00, 345, 405, 1, 8
2026-09-01T12:23:53.6695541+07:00,2026/09/01 12:23:54.023, NVIDIA GeForce RTX 5060, 591.86, P8, 30, 0, 972, 8151, 8.66, 145.00, 210, 405, 1, 8
2026-09-01T12:23:59.1613216+07:00,2026/09/01 12:23:59.254, NVIDIA GeForce RTX 5060, 591.86, P8, 30, 0, 972, 8151, 10.21, 145.00, 210, 405, 1, 8
2026-09-01T12:24:04.2898254+07:00,2026/09/01 12:24:04.459, NVIDIA GeForce RTX 5060, 591.86, P8, 30, 0, 972, 8151, 9.21, 145.00, 255, 405, 1, 8
2026-09-01T12:24:09.4729764+07:00,2026/09/01 12:24:09.503, NVIDIA GeForce RTX 5060, 591.86, P8, 30, 0, 972, 8151, 8.82, 145.00, 255, 405, 1, 8
2026-09-01T12:24:14.5223619+07:00,2026/09/01 12:24:14.584, NVIDIA GeForce RTX 5060, 591.86, P8, 30, 0, 972, 8151, 8.68, 145.00, 255, 405, 1, 8
2026-09-01T12:24:19.5966222+07:00,2026/09/01 12:24:19.642, NVIDIA GeForce RTX 5060, 591.86, P0, 31, 0, 979, 8151, 14.51, 145.00, 2490, 14201, 4, 8
2026-09-01T12:24:24.6562983+07:00,2026/09/01 12:24:24.717, NVIDIA GeForce RTX 5060, 591.86, P5, 31, 6, 979, 8151, 12.66, 145.00, 652, 810, 2, 8
2026-09-01T12:24:29.8267468+07:00,2026/09/01 12:24:29.887, NVIDIA GeForce RTX 5060, 591.86, P8, 30, 4, 1038, 8151, 11.58, 145.00, 600, 405, 1, 8
2026-09-01T12:24:34.9056545+07:00,2026/09/01 12:24:34.967, NVIDIA GeForce RTX 5060, 591.86, P8, 30, 0, 1019, 8151, 8.61, 145.00, 217, 405, 1, 8
2026-09-01T12:24:39.9833084+07:00,2026/09/01 12:24:40.044, NVIDIA GeForce RTX 5060, 591.86, P8, 30, 0, 1004, 8151, 8.72, 145.00, 210, 405, 1, 8
2026-09-01T12:24:45.0617871+07:00,2026/09/01 12:24:45.123, NVIDIA GeForce RTX 5060, 591.86, P8, 30, 0, 1004, 8151, 8.66, 145.00, 210, 405, 1, 8
2026-09-01T12:24:50.1416085+07:00,2026/09/01 12:24:50.218, NVIDIA GeForce RTX 5060, 591.86, P8, 30, 1, 992, 8151, 9.48, 145.00, 390, 405, 1, 8
2026-09-01T12:24:55.2319625+07:00,2026/09/01 12:24:55.293, NVIDIA GeForce RTX 5060, 591.86, P8, 30, 0, 985, 8151, 8.55, 145.00, 232, 405, 1, 8
2026-09-01T12:25:00.4028569+07:00,2026/09/01 12:25:00.464, NVIDIA GeForce RTX 5060, 591.86, P8, 30, 0, 994, 8151, 8.75, 145.00, 255, 405, 1, 8
2026-09-01T12:25:05.4839522+07:00,2026/09/01 12:25:05.545, NVIDIA GeForce RTX 5060, 591.86, P8, 30, 0, 994, 8151, 8.75, 145.00, 225, 405, 1, 8
2026-09-01T12:25:10.5661173+07:00,2026/09/01 12:25:10.628, NVIDIA GeForce RTX 5060, 591.86, P8, 30, 0, 994, 8151, 8.91, 145.00, 285, 405, 1, 8
2026-09-01T12:25:15.6432260+07:00,2026/09/01 12:25:15.689, NVIDIA GeForce RTX 5060, 591.86, P8, 30, 0, 995, 8151, 8.91, 145.00, 345, 405, 1, 8
2026-09-01T12:25:20.7074853+07:00,2026/09/01 12:25:20.769, NVIDIA GeForce RTX 5060, 591.86, P8, 30, 0, 995, 8151, 9.16, 145.00, 330, 405, 1, 8
2026-09-01T12:25:25.7839886+07:00,2026/09/01 12:25:25.845, NVIDIA GeForce RTX 5060, 591.86, P3, 30, 0, 1041, 8151, 17.13, 145.00, 637, 7001, 2, 8
2026-09-01T12:25:30.9404261+07:00,2026/09/01 12:25:30.986, NVIDIA GeForce RTX 5060, 591.86, P8, 30, 0, 1039, 8151, 8.57, 145.00, 202, 405, 1, 8
2026-09-01T12:25:36.0064246+07:00,2026/09/01 12:25:36.099, NVIDIA GeForce RTX 5060, 591.86, P8, 30, 0, 1039, 8151, 8.21, 145.00, 210, 405, 1, 8
2026-09-01T12:25:41.1148276+07:00,2026/09/01 12:25:41.192, NVIDIA GeForce RTX 5060, 591.86, P5, 30, 0, 1032, 8151, 9.40, 145.00, 397, 810, 2, 8
2026-09-01T12:25:46.2267355+07:00,2026/09/01 12:25:46.350, NVIDIA GeForce RTX 5060, 591.86, P8, 30, 0, 1029, 8151, 8.80, 145.00, 255, 405, 1, 8
2026-09-01T12:25:51.3802906+07:00,2026/09/01 12:25:51.442, NVIDIA GeForce RTX 5060, 591.86, P8, 30, 0, 1030, 8151, 8.77, 145.00, 277, 405, 1, 8
2026-09-01T12:25:56.4744132+07:00,2026/09/01 12:25:56.567, NVIDIA GeForce RTX 5060, 591.86, P8, 30, 0, 1102, 8151, 10.28, 145.00, 315, 405, 1, 8
2026-09-01T12:26:01.6634855+07:00,2026/09/01 12:26:01.741, NVIDIA GeForce RTX 5060, 591.86, P8, 30, 6, 1100, 8151, 9.51, 145.00, 375, 405, 2, 8
2026-09-01T12:26:06.7587134+07:00,2026/09/01 12:26:06.805, NVIDIA GeForce RTX 5060, 591.86, P3, 31, 2, 1034, 8151, 18.93, 145.00, 930, 7001, 4, 8
2026-09-01T12:26:11.8245694+07:00,2026/09/01 12:26:11.886, NVIDIA GeForce RTX 5060, 591.86, P8, 30, 0, 1067, 8151, 9.31, 145.00, 240, 405, 1, 8
2026-09-01T12:26:16.9015680+07:00,2026/09/01 12:26:16.963, NVIDIA GeForce RTX 5060, 591.86, P8, 30, 0, 1050, 8151, 9.08, 145.00, 262, 405, 1, 8
2026-09-01T12:26:21.9817165+07:00,2026/09/01 12:26:22.012, NVIDIA GeForce RTX 5060, 591.86, P8, 30, 0, 1046, 8151, 8.84, 145.00, 285, 405, 1, 8
2026-09-01T12:26:27.0279686+07:00,2026/09/01 12:26:27.089, NVIDIA GeForce RTX 5060, 591.86, P8, 30, 0, 1050, 8151, 8.88, 145.00, 232, 405, 1, 8
2026-09-01T12:26:32.1821933+07:00,2026/09/01 12:26:32.275, NVIDIA GeForce RTX 5060, 591.86, P8, 30, 1, 1045, 8151, 9.19, 145.00, 352, 405, 1, 8
2026-09-01T12:26:37.3049738+07:00,2026/09/01 12:26:37.335, NVIDIA GeForce RTX 5060, 591.86, P8, 30, 0, 1049, 8151, 8.72, 145.00, 210, 405, 1, 8
2026-09-01T12:26:42.3627345+07:00,2026/09/01 12:26:42.393, NVIDIA GeForce RTX 5060, 591.86, P8, 30, 2, 1041, 8151, 9.04, 145.00, 300, 405, 1, 8
2026-09-01T12:26:47.4104810+07:00,2026/09/01 12:26:47.472, NVIDIA GeForce RTX 5060, 591.86, P5, 30, 2, 1155, 8151, 11.59, 145.00, 622, 810, 2, 8
2026-09-01T12:26:52.4977942+07:00,2026/09/01 12:26:52.575, NVIDIA GeForce RTX 5060, 591.86, P8, 30, 1, 1077, 8151, 9.30, 145.00, 330, 405, 1, 8
2026-09-01T12:26:57.6032660+07:00,2026/09/01 12:26:57.634, NVIDIA GeForce RTX 5060, 591.86, P8, 30, 0, 1085, 8151, 9.26, 145.00, 337, 405, 1, 8
2026-09-01T12:27:02.7253391+07:00,2026/09/01 12:27:02.756, NVIDIA GeForce RTX 5060, 591.86, P8, 30, 0, 1028, 8151, 9.34, 145.00, 277, 405, 1, 8
2026-09-01T12:27:07.7710264+07:00,2026/09/01 12:27:07.802, NVIDIA GeForce RTX 5060, 591.86, P8, 30, 0, 1046, 8151, 8.93, 145.00, 307, 405, 1, 8
2026-09-01T12:27:12.8260307+07:00,2026/09/01 12:27:12.857, NVIDIA GeForce RTX 5060, 591.86, P8, 30, 1, 1039, 8151, 9.06, 145.00, 322, 405, 1, 8
2026-09-01T12:27:17.8762480+07:00,2026/09/01 12:27:17.922, NVIDIA GeForce RTX 5060, 591.86, P8, 30, 0, 1035, 8151, 9.00, 145.00, 315, 405, 1, 8
2026-09-01T12:27:22.9543901+07:00,2026/09/01 12:27:22.985, NVIDIA GeForce RTX 5060, 591.86, P8, 30, 1, 1035, 8151, 9.37, 145.00, 322, 405, 1, 8
2026-09-01T12:27:27.9998574+07:00,2026/09/01 12:27:28.061, NVIDIA GeForce RTX 5060, 591.86, P0, 31, 0, 1094, 8151, 22.28, 145.00, 2542, 14201, 4, 8
2026-09-01T12:27:33.1488644+07:00,2026/09/01 12:27:33.226, NVIDIA GeForce RTX 5060, 591.86, P8, 30, 1, 1036, 8151, 9.73, 145.00, 480, 405, 1, 8
2026-09-01T12:27:38.2518611+07:00,2026/09/01 12:27:38.282, NVIDIA GeForce RTX 5060, 591.86, P0, 31, 0, 1046, 8151, 22.16, 145.00, 2520, 14201, 4, 8
2026-09-01T12:27:43.3137779+07:00,2026/09/01 12:27:43.390, NVIDIA GeForce RTX 5060, 591.86, P8, 30, 15, 1091, 8151, 9.69, 145.00, 600, 405, 1, 8
2026-09-01T12:27:48.4077707+07:00,2026/09/01 12:27:48.501, NVIDIA GeForce RTX 5060, 591.86, P0, 31, 0, 1041, 8151, 22.35, 145.00, 2512, 14201, 4, 8
2026-09-01T12:27:53.5324380+07:00,2026/09/01 12:27:53.609, NVIDIA GeForce RTX 5060, 591.86, P0, 31, 1, 1106, 8151, 12.41, 145.00, 907, 14201, 4, 8
2026-09-01T12:27:58.6335364+07:00,2026/09/01 12:27:58.726, NVIDIA GeForce RTX 5060, 591.86, P8, 30, 0, 1066, 8151, 9.86, 145.00, 592, 405, 1, 8
2026-09-01T12:28:03.8297757+07:00,2026/09/01 12:28:03.860, NVIDIA GeForce RTX 5060, 591.86, P8, 30, 0, 1040, 8151, 9.20, 145.00, 232, 405, 1, 8
2026-09-01T12:28:08.8872687+07:00,2026/09/01 12:28:08.917, NVIDIA GeForce RTX 5060, 591.86, P8, 30, 0, 1039, 8151, 9.72, 145.00, 210, 405, 1, 8
2026-09-01T12:28:13.9264802+07:00,2026/09/01 12:28:13.956, NVIDIA GeForce RTX 5060, 591.86, P8, 30, 1, 1037, 8151, 9.17, 145.00, 232, 405, 1, 8
2026-09-01T12:28:18.9878265+07:00,2026/09/01 12:28:19.018, NVIDIA GeForce RTX 5060, 591.86, P8, 30, 0, 1069, 8151, 8.92, 145.00, 232, 405, 1, 8
2026-09-01T12:28:24.0416596+07:00,2026/09/01 12:28:24.072, NVIDIA GeForce RTX 5060, 591.86, P8, 30, 1, 1074, 8151, 9.55, 145.00, 532, 405, 1, 8
2026-09-01T12:28:29.0932037+07:00,2026/09/01 12:28:29.123, NVIDIA GeForce RTX 5060, 591.86, P8, 30, 0, 1059, 8151, 9.56, 145.00, 330, 405, 1, 8
2026-09-01T12:28:34.2171000+07:00,2026/09/01 12:28:34.248, NVIDIA GeForce RTX 5060, 591.86, P8, 30, 0, 1093, 8151, 8.83, 145.00, 255, 405, 1, 8
2026-09-01T12:28:39.2796921+07:00,2026/09/01 12:28:39.310, NVIDIA GeForce RTX 5060, 591.86, P8, 30, 4, 1070, 8151, 9.85, 145.00, 607, 405, 4, 8
2026-09-01T12:28:44.3227349+07:00,2026/09/01 12:28:44.353, NVIDIA GeForce RTX 5060, 591.86, P5, 30, 0, 1084, 8151, 10.98, 145.00, 570, 810, 1, 8
2026-09-01T12:28:49.3680914+07:00,2026/09/01 12:28:49.398, NVIDIA GeForce RTX 5060, 591.86, P8, 30, 1, 1055, 8151, 8.76, 145.00, 210, 405, 1, 8
2026-09-01T12:28:54.4252446+07:00,2026/09/01 12:28:54.456, NVIDIA GeForce RTX 5060, 591.86, P8, 30, 2, 1056, 8151, 9.15, 145.00, 457, 405, 1, 8
2026-09-01T12:28:59.4711023+07:00,2026/09/01 12:28:59.517, NVIDIA GeForce RTX 5060, 591.86, P8, 30, 0, 1062, 8151, 8.95, 145.00, 330, 405, 1, 8
2026-09-01T12:29:04.5953791+07:00,2026/09/01 12:29:04.626, NVIDIA GeForce RTX 5060, 591.86, P8, 30, 0, 1055, 8151, 8.50, 145.00, 210, 405, 1, 8
2026-09-01T12:29:09.6548200+07:00,2026/09/01 12:29:09.718, NVIDIA GeForce RTX 5060, 591.86, P8, 30, 0, 1053, 8151, 8.61, 145.00, 232, 405, 1, 8
2026-09-01T12:29:14.7367377+07:00,2026/09/01 12:29:14.783, NVIDIA GeForce RTX 5060, 591.86, P8, 30, 1, 1083, 8151, 9.96, 145.00, 457, 405, 1, 8
2026-09-01T12:29:19.7967636+07:00,2026/09/01 12:29:19.827, NVIDIA GeForce RTX 5060, 591.86, P5, 30, 0, 1068, 8151, 12.17, 145.00, 495, 810, 2, 8
2026-09-01T12:29:24.8501760+07:00,2026/09/01 12:29:24.880, NVIDIA GeForce RTX 5060, 591.86, P8, 30, 1, 1055, 8151, 9.27, 145.00, 270, 405, 1, 8
2026-09-01T12:29:29.8923230+07:00,2026/09/01 12:29:29.923, NVIDIA GeForce RTX 5060, 591.86, P8, 30, 1, 1025, 8151, 10.12, 145.00, 547, 405, 1, 8
2026-09-01T12:29:34.9969520+07:00,2026/09/01 12:29:35.027, NVIDIA GeForce RTX 5060, 591.86, P8, 30, 1, 1018, 8151, 9.65, 145.00, 465, 405, 1, 8
2026-09-01T12:29:40.0387760+07:00,2026/09/01 12:29:40.069, NVIDIA GeForce RTX 5060, 591.86, P8, 30, 1, 1018, 8151, 9.72, 145.00, 405, 405, 1, 8
2026-09-01T12:29:45.0984022+07:00,2026/09/01 12:29:45.129, NVIDIA GeForce RTX 5060, 591.86, P8, 30, 1, 1018, 8151, 9.68, 145.00, 435, 405, 1, 8
2026-09-01T12:29:50.1394468+07:00,2026/09/01 12:29:50.170, NVIDIA GeForce RTX 5060, 591.86, P8, 30, 1, 1020, 8151, 9.91, 145.00, 450, 405, 1, 8
2026-09-01T12:29:55.2013005+07:00,2026/09/01 12:29:55.232, NVIDIA GeForce RTX 5060, 591.86, P8, 30, 0, 1061, 8151, 9.46, 145.00, 285, 405, 1, 8
2026-09-01T12:30:00.2495874+07:00,2026/09/01 12:30:00.280, NVIDIA GeForce RTX 5060, 591.86, P8, 30, 0, 1053, 8151, 8.52, 145.00, 210, 405, 1, 8
2026-09-01T12:30:05.3742899+07:00,2026/09/01 12:30:05.405, NVIDIA GeForce RTX 5060, 591.86, P8, 30, 0, 1049, 8151, 8.22, 145.00, 210, 405, 1, 8
2026-09-01T12:30:10.4245467+07:00,2026/09/01 12:30:10.455, NVIDIA GeForce RTX 5060, 591.86, P8, 30, 0, 1044, 8151, 8.43, 145.00, 210, 405, 1, 8
2026-09-01T12:30:15.4755540+07:00,2026/09/01 12:30:15.506, NVIDIA GeForce RTX 5060, 591.86, P8, 30, 4, 1051, 8151, 9.41, 145.00, 412, 405, 1, 8
2026-09-01T12:30:20.5179416+07:00,2026/09/01 12:30:20.548, NVIDIA GeForce RTX 5060, 591.86, P8, 30, 0, 1043, 8151, 9.01, 145.00, 262, 405, 1, 8
2026-09-01T12:30:25.5667642+07:00,2026/09/01 12:30:25.609, NVIDIA GeForce RTX 5060, 591.86, P8, 30, 3, 1069, 8151, 9.46, 145.00, 502, 405, 1, 8
2026-09-01T12:30:31.7371038+07:00,2026/09/01 12:30:31.786, NVIDIA GeForce RTX 5060, 591.86, P8, 30, 0, 1018, 8151, 8.40, 145.00, 210, 405, 1, 8
2026-09-01T12:30:36.8670089+07:00,2026/09/01 12:30:36.897, NVIDIA GeForce RTX 5060, 591.86, P8, 30, 0, 1026, 8151, 8.35, 145.00, 225, 405, 1, 8
2026-09-01T12:30:41.9292343+07:00,2026/09/01 12:30:41.960, NVIDIA GeForce RTX 5060, 591.86, P1, 30, 0, 1018, 8151, 11.85, 145.00, 210, 14001, 4, 8
2026-09-01T12:30:46.9882763+07:00,2026/09/01 12:30:47.019, NVIDIA GeForce RTX 5060, 591.86, P0, 30, 25, 1154, 8151, 11.12, 145.00, 682, 14201, 4, 8
2026-09-01T12:30:52.0350135+07:00,2026/09/01 12:30:52.066, NVIDIA GeForce RTX 5060, 591.86, P3, 30, 0, 1028, 8151, 13.45, 145.00, 427, 7001, 4, 8
2026-09-01T12:30:57.0848237+07:00,2026/09/01 12:30:57.115, NVIDIA GeForce RTX 5060, 591.86, P8, 30, 2, 1043, 8151, 9.69, 145.00, 360, 405, 1, 8
2026-09-01T12:31:02.1445268+07:00,2026/09/01 12:31:02.176, NVIDIA GeForce RTX 5060, 591.86, P8, 30, 0, 1056, 8151, 9.98, 145.00, 420, 405, 1, 8
2026-09-01T12:31:07.2693270+07:00,2026/09/01 12:31:07.300, NVIDIA GeForce RTX 5060, 591.86, P8, 31, 17, 1074, 8151, 10.85, 145.00, 600, 405, 2, 8
2026-09-01T12:31:12.3174419+07:00,2026/09/01 12:31:12.348, NVIDIA GeForce RTX 5060, 591.86, P5, 31, 12, 1085, 8151, 14.85, 145.00, 945, 810, 2, 8
2026-09-01T12:31:17.3640000+07:00,2026/09/01 12:31:17.395, NVIDIA GeForce RTX 5060, 591.86, P5, 31, 10, 1061, 8151, 14.12, 145.00, 750, 810, 2, 8
2026-09-01T12:31:22.4264412+07:00,2026/09/01 12:31:22.457, NVIDIA GeForce RTX 5060, 591.86, P5, 31, 10, 1055, 8151, 14.14, 145.00, 810, 810, 2, 8
2026-09-01T12:31:27.4746593+07:00,2026/09/01 12:31:27.505, NVIDIA GeForce RTX 5060, 591.86, P5, 31, 10, 1066, 8151, 14.70, 145.00, 915, 810, 2, 8
2026-09-01T12:31:32.5201249+07:00,2026/09/01 12:31:32.566, NVIDIA GeForce RTX 5060, 591.86, P5, 31, 12, 1058, 8151, 14.55, 145.00, 795, 810, 2, 8
2026-09-01T12:31:37.6447816+07:00,2026/09/01 12:31:37.675, NVIDIA GeForce RTX 5060, 591.86, P5, 31, 12, 1055, 8151, 14.38, 145.00, 885, 810, 2, 8
2026-09-01T12:31:42.7069430+07:00,2026/09/01 12:31:42.737, NVIDIA GeForce RTX 5060, 591.86, P5, 31, 13, 1083, 8151, 14.40, 145.00, 817, 810, 2, 8
2026-09-01T12:31:47.7524607+07:00,2026/09/01 12:31:47.783, NVIDIA GeForce RTX 5060, 591.86, P3, 31, 0, 1061, 8151, 16.74, 145.00, 727, 7001, 4, 8
2026-09-01T12:31:52.7976290+07:00,2026/09/01 12:31:52.844, NVIDIA GeForce RTX 5060, 591.86, P8, 30, 0, 1063, 8151, 9.74, 145.00, 412, 405, 1, 8
2026-09-01T12:31:57.8579211+07:00,2026/09/01 12:31:57.888, NVIDIA GeForce RTX 5060, 591.86, P5, 31, 12, 1097, 8151, 14.66, 145.00, 832, 810, 2, 8
2026-09-01T12:32:02.9056181+07:00,2026/09/01 12:32:02.936, NVIDIA GeForce RTX 5060, 591.86, P8, 30, 1, 1095, 8151, 9.43, 145.00, 210, 405, 1, 8
2026-09-01T12:32:08.0287168+07:00,2026/09/01 12:32:08.059, NVIDIA GeForce RTX 5060, 591.86, P0, 32, 0, 1084, 8151, 20.34, 145.00, 2565, 14201, 4, 8
2026-09-01T12:32:13.0778257+07:00,2026/09/01 12:32:13.108, NVIDIA GeForce RTX 5060, 591.86, P5, 30, 0, 1073, 8151, 10.91, 145.00, 487, 810, 1, 8
2026-09-01T12:32:18.1233797+07:00,2026/09/01 12:32:18.154, NVIDIA GeForce RTX 5060, 591.86, P8, 30, 0, 1071, 8151, 8.51, 145.00, 210, 405, 1, 8
2026-09-01T12:32:23.1856925+07:00,2026/09/01 12:32:23.216, NVIDIA GeForce RTX 5060, 591.86, P8, 30, 1, 1072, 8151, 9.71, 145.00, 382, 405, 1, 8
2026-09-01T12:32:28.2486719+07:00,2026/09/01 12:32:28.279, NVIDIA GeForce RTX 5060, 591.86, P8, 30, 4, 1070, 8151, 10.26, 145.00, 337, 405, 1, 8
2026-09-01T12:32:33.3111905+07:00,2026/09/01 12:32:33.342, NVIDIA GeForce RTX 5060, 591.86, P3, 31, 0, 1161, 8151, 22.15, 145.00, 2557, 7001, 4, 8
2026-09-01T12:32:38.4211893+07:00,2026/09/01 12:32:38.452, NVIDIA GeForce RTX 5060, 591.86, P8, 30, 2, 1046, 8151, 9.10, 145.00, 232, 405, 1, 8
2026-09-01T12:32:43.4680257+07:00,2026/09/01 12:32:43.498, NVIDIA GeForce RTX 5060, 591.86, P5, 31, 1, 1118, 8151, 14.14, 145.00, 1042, 810, 2, 8
2026-09-01T12:32:48.5144147+07:00,2026/09/01 12:32:48.545, NVIDIA GeForce RTX 5060, 591.86, P8, 30, 0, 1071, 8151, 8.63, 145.00, 232, 405, 1, 8
2026-09-01T12:32:53.5633844+07:00,2026/09/01 12:32:53.594, NVIDIA GeForce RTX 5060, 591.86, P0, 32, 2, 1155, 8151, 23.83, 145.00, 2565, 14201, 4, 8
2026-09-01T12:32:58.6113741+07:00,2026/09/01 12:32:58.642, NVIDIA GeForce RTX 5060, 591.86, P8, 30, 1, 1091, 8151, 9.11, 145.00, 270, 405, 1, 8
2026-09-01T12:33:03.6746482+07:00,2026/09/01 12:33:03.705, NVIDIA GeForce RTX 5060, 591.86, P5, 30, 0, 1143, 8151, 11.56, 145.00, 682, 810, 2, 8
2026-09-01T12:33:08.7838369+07:00,2026/09/01 12:33:08.814, NVIDIA GeForce RTX 5060, 591.86, P8, 30, 4, 1112, 8151, 10.31, 145.00, 397, 405, 1, 8
2026-09-01T12:33:13.8304468+07:00,2026/09/01 12:33:13.861, NVIDIA GeForce RTX 5060, 591.86, P8, 30, 1, 1140, 8151, 9.60, 145.00, 375, 405, 1, 8
2026-09-01T12:33:18.8904037+07:00,2026/09/01 12:33:18.921, NVIDIA GeForce RTX 5060, 591.86, P0, 31, 0, 1095, 8151, 17.52, 145.00, 2535, 14201, 4, 8
2026-09-01T12:33:23.9398004+07:00,2026/09/01 12:33:23.970, NVIDIA GeForce RTX 5060, 591.86, P5, 30, 0, 1094, 8151, 11.03, 145.00, 382, 810, 1, 8
2026-09-01T12:33:28.9885709+07:00,2026/09/01 12:33:29.019, NVIDIA GeForce RTX 5060, 591.86, P8, 30, 1, 1101, 8151, 8.78, 145.00, 217, 405, 1, 8
2026-09-01T12:33:34.0488774+07:00,2026/09/01 12:33:34.079, NVIDIA GeForce RTX 5060, 591.86, P0, 32, 0, 1156, 8151, 20.16, 145.00, 2535, 14201, 4, 8
2026-09-01T12:33:39.1642399+07:00,2026/09/01 12:33:39.194, NVIDIA GeForce RTX 5060, 591.86, P5, 31, 2, 1102, 8151, 12.01, 145.00, 480, 810, 2, 8
2026-09-01T12:33:44.2071638+07:00,2026/09/01 12:33:44.238, NVIDIA GeForce RTX 5060, 591.86, P5, 31, 1, 1178, 8151, 12.96, 145.00, 457, 810, 2, 8
2026-09-01T12:33:49.2561649+07:00,2026/09/01 12:33:49.287, NVIDIA GeForce RTX 5060, 591.86, P0, 31, 26, 1114, 8151, 10.14, 145.00, 840, 14201, 4, 8
2026-09-01T12:33:54.3025061+07:00,2026/09/01 12:33:54.333, NVIDIA GeForce RTX 5060, 591.86, P5, 31, 0, 1076, 8151, 12.00, 145.00, 420, 810, 2, 8
2026-09-01T12:33:59.3587359+07:00,2026/09/01 12:33:59.404, NVIDIA GeForce RTX 5060, 591.86, P8, 31, 2, 1137, 8151, 10.67, 145.00, 405, 405, 1, 8
2026-09-01T12:34:04.4173853+07:00,2026/09/01 12:34:04.463, NVIDIA GeForce RTX 5060, 591.86, P5, 31, 1, 1096, 8151, 11.09, 145.00, 420, 810, 1, 8
2026-09-01T12:34:09.5418183+07:00,2026/09/01 12:34:09.572, NVIDIA GeForce RTX 5060, 591.86, P8, 30, 0, 1095, 8151, 8.64, 145.00, 210, 405, 1, 8
2026-09-01T12:34:14.5828170+07:00,2026/09/01 12:34:14.628, NVIDIA GeForce RTX 5060, 591.86, P8, 30, 0, 1106, 8151, 8.53, 145.00, 240, 405, 1, 8
2026-09-01T12:34:19.6466724+07:00,2026/09/01 12:34:19.677, NVIDIA GeForce RTX 5060, 591.86, P8, 30, 0, 1100, 8151, 9.51, 145.00, 300, 405, 1, 8
2026-09-01T12:34:24.7106978+07:00,2026/09/01 12:34:24.742, NVIDIA GeForce RTX 5060, 591.86, P8, 30, 0, 1093, 8151, 8.39, 145.00, 210, 405, 1, 8
2026-09-01T12:34:29.7570871+07:00,2026/09/01 12:34:29.788, NVIDIA GeForce RTX 5060, 591.86, P8, 30, 0, 1094, 8151, 8.85, 145.00, 277, 405, 1, 8
2026-09-01T12:34:34.8017492+07:00,2026/09/01 12:34:34.832, NVIDIA GeForce RTX 5060, 591.86, P8, 30, 0, 1083, 8151, 8.59, 145.00, 225, 405, 1, 8
2026-09-01T12:34:39.9255791+07:00,2026/09/01 12:34:39.956, NVIDIA GeForce RTX 5060, 591.86, P8, 30, 1, 1084, 8151, 8.90, 145.00, 307, 405, 1, 8
2026-09-01T12:34:44.9735609+07:00,2026/09/01 12:34:45.004, NVIDIA GeForce RTX 5060, 591.86, P8, 30, 1, 1086, 8151, 9.26, 145.00, 375, 405, 1, 8
2026-09-01T12:34:50.0214589+07:00,2026/09/01 12:34:50.052, NVIDIA GeForce RTX 5060, 591.86, P8, 30, 0, 1083, 8151, 9.55, 145.00, 262, 405, 1, 8
2026-09-01T12:34:55.0819150+07:00,2026/09/01 12:34:55.112, NVIDIA GeForce RTX 5060, 591.86, P8, 30, 0, 1084, 8151, 9.05, 145.00, 330, 405, 1, 8
2026-09-01T12:35:00.1256287+07:00,2026/09/01 12:35:00.156, NVIDIA GeForce RTX 5060, 591.86, P5, 30, 2, 1093, 8151, 11.57, 145.00, 720, 810, 2, 8
2026-09-01T12:35:05.1701301+07:00,2026/09/01 12:35:05.200, NVIDIA GeForce RTX 5060, 591.86, P3, 31, 3, 1101, 8151, 15.56, 145.00, 735, 7001, 4, 8
2026-09-01T12:35:10.2745002+07:00,2026/09/01 12:35:10.321, NVIDIA GeForce RTX 5060, 591.86, P8, 30, 0, 1079, 8151, 9.16, 145.00, 262, 405, 2, 8
2026-09-01T12:35:15.3334292+07:00,2026/09/01 12:35:15.472, NVIDIA GeForce RTX 5060, 591.86, P8, 30, 0, 1059, 8151, 8.61, 145.00, 255, 405, 1, 8
2026-09-01T12:35:20.4980871+07:00,2026/09/01 12:35:20.575, NVIDIA GeForce RTX 5060, 591.86, P8, 30, 0, 1053, 8151, 8.64, 145.00, 232, 405, 1, 8
2026-09-01T12:35:25.6187721+07:00,2026/09/01 12:35:25.695, NVIDIA GeForce RTX 5060, 591.86, P8, 30, 0, 1053, 8151, 8.62, 145.00, 232, 405, 1, 8
2026-09-01T12:35:30.7271080+07:00,2026/09/01 12:35:30.804, NVIDIA GeForce RTX 5060, 591.86, P8, 30, 1, 1040, 8151, 8.53, 145.00, 247, 405, 1, 8
2026-09-01T12:35:35.8500700+07:00,2026/09/01 12:35:35.927, NVIDIA GeForce RTX 5060, 591.86, P8, 30, 0, 1042, 8151, 8.67, 145.00, 232, 405, 1, 8
2026-09-01T12:35:41.0043393+07:00,2026/09/01 12:35:41.081, NVIDIA GeForce RTX 5060, 591.86, P8, 30, 0, 1042, 8151, 8.73, 145.00, 360, 405, 1, 8
2026-09-01T12:35:46.1276924+07:00,2026/09/01 12:35:46.205, NVIDIA GeForce RTX 5060, 591.86, P8, 30, 1, 1042, 8151, 8.97, 145.00, 375, 405, 1, 8
2026-09-01T12:35:51.2518812+07:00,2026/09/01 12:35:51.313, NVIDIA GeForce RTX 5060, 591.86, P8, 30, 1, 1042, 8151, 8.94, 145.00, 375, 405, 1, 8
2026-09-01T12:35:56.3291737+07:00,2026/09/01 12:35:56.422, NVIDIA GeForce RTX 5060, 591.86, P8, 30, 0, 1052, 8151, 8.96, 145.00, 367, 405, 1, 8
2026-09-01T12:36:01.4388309+07:00,2026/09/01 12:36:01.500, NVIDIA GeForce RTX 5060, 591.86, P8, 30, 0, 1050, 8151, 9.02, 145.00, 352, 405, 1, 8
2026-09-01T12:36:06.5257775+07:00,2026/09/01 12:36:06.587, NVIDIA GeForce RTX 5060, 591.86, P8, 30, 6, 1051, 8151, 10.84, 145.00, 577, 405, 1, 8
2026-09-01T12:36:11.6715831+07:00,2026/09/01 12:36:12.057, NVIDIA GeForce RTX 5060, 591.86, P3, 31, 0, 1129, 8151, 21.72, 145.00, 1297, 7001, 4, 8
2026-09-01T12:36:17.1658507+07:00,2026/09/01 12:36:17.242, NVIDIA GeForce RTX 5060, 591.86, P8, 30, 0, 1068, 8151, 8.98, 145.00, 315, 405, 1, 8
2026-09-01T12:36:22.2606762+07:00,2026/09/01 12:36:22.306, NVIDIA GeForce RTX 5060, 591.86, P8, 30, 1, 1062, 8151, 9.16, 145.00, 322, 405, 1, 8
2026-09-01T12:36:27.3272060+07:00,2026/09/01 12:36:27.789, NVIDIA GeForce RTX 5060, 591.86, P8, 30, 1, 1065, 8151, 9.29, 145.00, 547, 405, 1, 8
2026-09-01T12:36:32.8647055+07:00,2026/09/01 12:36:32.926, NVIDIA GeForce RTX 5060, 591.86, P8, 30, 0, 1066, 8151, 8.51, 145.00, 210, 405, 1, 8
2026-09-01T12:36:37.9494966+07:00,2026/09/01 12:36:38.011, NVIDIA GeForce RTX 5060, 591.86, P8, 30, 0, 1066, 8151, 8.56, 145.00, 210, 405, 1, 8
2026-09-01T12:36:43.1089066+07:00,2026/09/01 12:36:43.510, NVIDIA GeForce RTX 5060, 591.86, P0, 31, 2, 1127, 8151, 21.71, 145.00, 2565, 14201, 4, 8
2026-09-01T12:36:48.6094284+07:00,2026/09/01 12:36:48.902, NVIDIA GeForce RTX 5060, 591.86, P8, 30, 3, 1093, 8151, 9.21, 145.00, 337, 405, 1, 8
2026-09-01T12:36:53.9765650+07:00,2026/09/01 12:36:54.299, NVIDIA GeForce RTX 5060, 591.86, P0, 31, 0, 1093, 8151, 22.46, 145.00, 2520, 14201, 4, 8
2026-09-01T12:36:59.4110310+07:00,2026/09/01 12:36:59.687, NVIDIA GeForce RTX 5060, 591.86, P8, 30, 1, 1089, 8151, 9.16, 145.00, 277, 405, 1, 8
2026-09-01T12:37:04.8266156+07:00,2026/09/01 12:37:05.152, NVIDIA GeForce RTX 5060, 591.86, P0, 31, 0, 1091, 8151, 17.48, 145.00, 2542, 14201, 4, 8
2026-09-01T12:37:10.1678709+07:00,2026/09/01 12:37:10.506, NVIDIA GeForce RTX 5060, 591.86, P5, 31, 6, 1110, 8151, 12.07, 145.00, 727, 810, 2, 8
2026-09-01T12:37:15.6330865+07:00,2026/09/01 12:37:16.140, NVIDIA GeForce RTX 5060, 591.86, P0, 31, 0, 1112, 8151, 22.88, 145.00, 2527, 14201, 4, 8
2026-09-01T12:37:21.2298279+07:00,2026/09/01 12:37:21.706, NVIDIA GeForce RTX 5060, 591.86, P0, 32, 0, 1096, 8151, 22.81, 145.00, 2542, 14201, 4, 8
2026-09-01T12:37:26.8297989+07:00,2026/09/01 12:37:27.276, NVIDIA GeForce RTX 5060, 591.86, P0, 32, 0, 1102, 8151, 22.68, 145.00, 2527, 14201, 4, 8
2026-09-01T12:37:32.3474648+07:00,2026/09/01 12:37:32.625, NVIDIA GeForce RTX 5060, 591.86, P0, 32, 1, 1105, 8151, 23.12, 145.00, 2572, 14201, 4, 8
2026-09-01T12:37:37.6581188+07:00,2026/09/01 12:37:37.689, NVIDIA GeForce RTX 5060, 591.86, P0, 32, 1, 1104, 8151, 23.47, 145.00, 2557, 14201, 4, 8
2026-09-01T12:37:42.7038040+07:00,2026/09/01 12:37:42.734, NVIDIA GeForce RTX 5060, 591.86, P0, 32, 0, 1122, 8151, 22.96, 145.00, 2535, 14201, 4, 8
2026-09-01T12:37:47.8145963+07:00,2026/09/01 12:37:47.845, NVIDIA GeForce RTX 5060, 591.86, P0, 32, 1, 1092, 8151, 20.31, 145.00, 2565, 14201, 4, 8
2026-09-01T12:37:52.8534814+07:00,2026/09/01 12:37:52.884, NVIDIA GeForce RTX 5060, 591.86, P5, 31, 0, 1071, 8151, 11.44, 145.00, 450, 810, 2, 8
2026-09-01T12:37:57.8915682+07:00,2026/09/01 12:37:57.922, NVIDIA GeForce RTX 5060, 591.86, P3, 31, 1, 1099, 8151, 16.82, 145.00, 727, 7001, 4, 8
2026-09-01T12:38:02.9421090+07:00,2026/09/01 12:38:02.989, NVIDIA GeForce RTX 5060, 591.86, P8, 31, 1, 1109, 8151, 10.42, 145.00, 577, 405, 1, 8
2026-09-01T12:38:08.0022252+07:00,2026/09/01 12:38:08.033, NVIDIA GeForce RTX 5060, 591.86, P8, 31, 1, 1136, 8151, 10.63, 145.00, 525, 405, 1, 8
2026-09-01T12:38:13.0501238+07:00,2026/09/01 12:38:13.081, NVIDIA GeForce RTX 5060, 591.86, P3, 31, 0, 1136, 8151, 16.91, 145.00, 540, 7001, 4, 8
2026-09-01T12:38:18.1574816+07:00,2026/09/01 12:38:18.188, NVIDIA GeForce RTX 5060, 591.86, P3, 31, 1, 1127, 8151, 20.90, 145.00, 1387, 7001, 4, 8
2026-09-01T12:38:23.2264700+07:00,2026/09/01 12:38:23.264, NVIDIA GeForce RTX 5060, 591.86, P5, 31, 1, 1144, 8151, 10.34, 145.00, 742, 810, 1, 8
2026-09-01T12:38:28.2800046+07:00,2026/09/01 12:38:28.311, NVIDIA GeForce RTX 5060, 591.86, P8, 31, 4, 1116, 8151, 9.45, 145.00, 330, 405, 1, 8
2026-09-01T12:38:33.3251901+07:00,2026/09/01 12:38:33.356, NVIDIA GeForce RTX 5060, 591.86, P8, 31, 0, 1079, 8151, 8.74, 145.00, 240, 405, 1, 8
2026-09-01T12:38:38.3713801+07:00,2026/09/01 12:38:38.402, NVIDIA GeForce RTX 5060, 591.86, P3, 31, 0, 1093, 8151, 20.68, 145.00, 1237, 7001, 2, 8
2026-09-01T12:38:43.4201620+07:00,2026/09/01 12:38:43.450, NVIDIA GeForce RTX 5060, 591.86, P0, 32, 0, 1117, 8151, 22.43, 145.00, 2520, 14201, 4, 8
2026-09-01T12:38:48.5290289+07:00,2026/09/01 12:38:48.560, NVIDIA GeForce RTX 5060, 591.86, P8, 31, 0, 1104, 8151, 8.61, 145.00, 232, 405, 1, 8
2026-09-01T12:38:53.5763631+07:00,2026/09/01 12:38:53.607, NVIDIA GeForce RTX 5060, 591.86, P8, 31, 1, 1108, 8151, 9.70, 145.00, 487, 405, 1, 8
2026-09-01T12:38:58.6238788+07:00,2026/09/01 12:38:58.654, NVIDIA GeForce RTX 5060, 591.86, P8, 30, 0, 1132, 8151, 9.75, 145.00, 210, 405, 1, 8
2026-09-01T12:39:03.6711454+07:00,2026/09/01 12:39:03.702, NVIDIA GeForce RTX 5060, 591.86, P8, 30, 0, 1076, 8151, 8.79, 145.00, 210, 405, 1, 8
2026-09-01T12:39:08.7207882+07:00,2026/09/01 12:39:08.751, NVIDIA GeForce RTX 5060, 591.86, P8, 30, 1, 1083, 8151, 9.16, 145.00, 487, 405, 1, 8
2026-09-01T12:39:13.7658605+07:00,2026/09/01 12:39:13.796, NVIDIA GeForce RTX 5060, 591.86, P8, 30, 0, 1061, 8151, 8.71, 145.00, 255, 405, 1, 8
2026-09-01T12:39:18.8917110+07:00,2026/09/01 12:39:18.922, NVIDIA GeForce RTX 5060, 591.86, P8, 30, 0, 1091, 8151, 8.63, 145.00, 277, 405, 1, 8
2026-09-01T12:39:23.9536748+07:00,2026/09/01 12:39:23.984, NVIDIA GeForce RTX 5060, 591.86, P8, 30, 0, 1083, 8151, 8.89, 145.00, 262, 405, 1, 8
2026-09-01T12:39:29.0127870+07:00,2026/09/01 12:39:29.058, NVIDIA GeForce RTX 5060, 591.86, P8, 30, 0, 1083, 8151, 9.13, 145.00, 285, 405, 1, 8
2026-09-01T12:39:34.0733879+07:00,2026/09/01 12:39:34.104, NVIDIA GeForce RTX 5060, 591.86, P8, 30, 0, 1082, 8151, 9.02, 145.00, 307, 405, 1, 8
2026-09-01T12:39:39.1211142+07:00,2026/09/01 12:39:39.167, NVIDIA GeForce RTX 5060, 591.86, P8, 30, 0, 1083, 8151, 8.97, 145.00, 345, 405, 1, 8
2026-09-01T12:39:44.1841169+07:00,2026/09/01 12:39:44.215, NVIDIA GeForce RTX 5060, 591.86, P8, 30, 0, 1082, 8151, 8.58, 145.00, 232, 405, 1, 8
2026-09-01T12:39:49.2956431+07:00,2026/09/01 12:39:49.326, NVIDIA GeForce RTX 5060, 591.86, P8, 30, 0, 1082, 8151, 8.59, 145.00, 232, 405, 1, 8
2026-09-01T12:39:54.3408418+07:00,2026/09/01 12:39:54.371, NVIDIA GeForce RTX 5060, 591.86, P8, 30, 0, 1093, 8151, 8.73, 145.00, 232, 405, 1, 8
2026-09-01T12:39:59.3910309+07:00,2026/09/01 12:39:59.422, NVIDIA GeForce RTX 5060, 591.86, P8, 30, 0, 1092, 8151, 8.56, 145.00, 210, 405, 1, 8
2026-09-01T12:40:04.4414687+07:00,2026/09/01 12:40:04.472, NVIDIA GeForce RTX 5060, 591.86, P8, 30, 0, 1083, 8151, 8.51, 145.00, 232, 405, 1, 8
2026-09-01T12:40:09.5032230+07:00,2026/09/01 12:40:09.533, NVIDIA GeForce RTX 5060, 591.86, P8, 30, 0, 1081, 8151, 8.54, 145.00, 210, 405, 1, 8
2026-09-01T12:40:14.5506458+07:00,2026/09/01 12:40:14.581, NVIDIA GeForce RTX 5060, 591.86, P8, 30, 0, 1090, 8151, 8.55, 145.00, 232, 405, 1, 8
2026-09-01T12:40:19.6538438+07:00,2026/09/01 12:40:19.684, NVIDIA GeForce RTX 5060, 591.86, P8, 30, 4, 1105, 8151, 10.50, 145.00, 645, 405, 1, 8
2026-09-01T12:40:24.7139431+07:00,2026/09/01 12:40:24.744, NVIDIA GeForce RTX 5060, 591.86, P0, 31, 0, 1113, 8151, 22.62, 145.00, 2520, 14201, 4, 8
2026-09-01T12:40:29.7584729+07:00,2026/09/01 12:40:29.805, NVIDIA GeForce RTX 5060, 591.86, P5, 30, 2, 1108, 8151, 10.43, 145.00, 1080, 810, 2, 8
2026-09-01T12:40:34.8204533+07:00,2026/09/01 12:40:34.851, NVIDIA GeForce RTX 5060, 591.86, P0, 31, 2, 1118, 8151, 22.42, 145.00, 2542, 14201, 4, 8
2026-09-01T12:40:39.8712629+07:00,2026/09/01 12:40:39.902, NVIDIA GeForce RTX 5060, 591.86, P8, 30, 2, 1105, 8151, 8.29, 145.00, 270, 405, 1, 8
2026-09-01T12:40:44.9309071+07:00,2026/09/01 12:40:44.961, NVIDIA GeForce RTX 5060, 591.86, P8, 30, 1, 1079, 8151, 9.01, 145.00, 577, 405, 1, 8
2026-09-01T12:40:50.0550434+07:00,2026/09/01 12:40:50.101, NVIDIA GeForce RTX 5060, 591.86, P0, 31, 0, 1109, 8151, 22.55, 145.00, 2512, 14201, 4, 8
2026-09-01T12:40:55.1331031+07:00,2026/09/01 12:40:55.164, NVIDIA GeForce RTX 5060, 591.86, P8, 30, 0, 1080, 8151, 8.62, 145.00, 285, 405, 1, 8
2026-09-01T12:41:00.1924296+07:00,2026/09/01 12:41:00.223, NVIDIA GeForce RTX 5060, 591.86, P0, 31, 0, 1107, 8151, 21.49, 145.00, 2527, 14201, 4, 8
2026-09-01T12:41:05.2546940+07:00,2026/09/01 12:41:05.285, NVIDIA GeForce RTX 5060, 591.86, P5, 30, 0, 1100, 8151, 9.63, 145.00, 240, 810, 1, 8
2026-09-01T12:41:10.3162289+07:00,2026/09/01 12:41:10.347, NVIDIA GeForce RTX 5060, 591.86, P3, 31, 0, 1095, 8151, 21.17, 145.00, 1530, 7001, 4, 8
2026-09-01T12:41:15.3770066+07:00,2026/09/01 12:41:15.408, NVIDIA GeForce RTX 5060, 591.86, P0, 32, 0, 1085, 8151, 22.05, 145.00, 2512, 14201, 4, 8
2026-09-01T12:41:20.4828492+07:00,2026/09/01 12:41:20.513, NVIDIA GeForce RTX 5060, 591.86, P8, 30, 0, 1109, 8151, 9.83, 145.00, 270, 405, 1, 8
2026-09-01T12:41:25.5279511+07:00,2026/09/01 12:41:25.558, NVIDIA GeForce RTX 5060, 591.86, P8, 31, 7, 1098, 8151, 8.93, 145.00, 232, 405, 4, 8
2026-09-01T12:41:30.5902857+07:00,2026/09/01 12:41:30.637, NVIDIA GeForce RTX 5060, 591.86, P5, 31, 0, 1090, 8151, 12.06, 145.00, 307, 810, 2, 8
2026-09-01T12:41:35.6500960+07:00,2026/09/01 12:41:35.711, NVIDIA GeForce RTX 5060, 591.86, P0, 32, 0, 1101, 8151, 21.30, 145.00, 2527, 14201, 4, 8
2026-09-01T12:41:40.7258606+07:00,2026/09/01 12:41:40.772, NVIDIA GeForce RTX 5060, 591.86, P8, 30, 0, 1082, 8151, 8.61, 145.00, 232, 405, 1, 8
2026-09-01T12:41:45.7899005+07:00,2026/09/01 12:41:45.820, NVIDIA GeForce RTX 5060, 591.86, P0, 32, 0, 1087, 8151, 22.27, 145.00, 2512, 14201, 4, 8
2026-09-01T12:41:50.8939748+07:00,2026/09/01 12:41:50.924, NVIDIA GeForce RTX 5060, 591.86, P8, 30, 0, 1086, 8151, 8.62, 145.00, 210, 405, 1, 8
2026-09-01T12:41:55.9495903+07:00,2026/09/01 12:41:55.980, NVIDIA GeForce RTX 5060, 591.86, P0, 32, 0, 1081, 8151, 22.00, 145.00, 2512, 14201, 4, 8
2026-09-01T12:42:00.9923024+07:00,2026/09/01 12:42:01.023, NVIDIA GeForce RTX 5060, 591.86, P0, 32, 1, 1107, 8151, 21.30, 145.00, 2542, 14201, 4, 8
2026-09-01T12:42:06.0565949+07:00,2026/09/01 12:42:06.087, NVIDIA GeForce RTX 5060, 591.86, P5, 31, 0, 1106, 8151, 9.03, 145.00, 315, 810, 1, 8
2026-09-01T12:42:11.1177733+07:00,2026/09/01 12:42:11.148, NVIDIA GeForce RTX 5060, 591.86, P0, 32, 0, 1241, 8151, 22.24, 145.00, 2520, 14201, 4, 8
2026-09-01T12:42:16.1785278+07:00,2026/09/01 12:42:16.209, NVIDIA GeForce RTX 5060, 591.86, P8, 31, 0, 1232, 8151, 8.67, 145.00, 232, 405, 1, 8
2026-09-01T12:42:21.2891235+07:00,2026/09/01 12:42:21.320, NVIDIA GeForce RTX 5060, 591.86, P8, 30, 0, 1228, 8151, 9.03, 145.00, 262, 405, 1, 8
2026-09-01T12:42:26.3399506+07:00,2026/09/01 12:42:26.386, NVIDIA GeForce RTX 5060, 591.86, P8, 30, 0, 1228, 8151, 8.80, 145.00, 262, 405, 1, 8
2026-09-01T12:42:31.4147768+07:00,2026/09/01 12:42:31.445, NVIDIA GeForce RTX 5060, 591.86, P8, 30, 1, 1230, 8151, 8.77, 145.00, 300, 405, 1, 8
2026-09-01T12:42:36.4722284+07:00,2026/09/01 12:42:36.503, NVIDIA GeForce RTX 5060, 591.86, P8, 30, 3, 1235, 8151, 10.90, 145.00, 517, 405, 1, 8
2026-09-01T12:42:41.5175305+07:00,2026/09/01 12:42:41.548, NVIDIA GeForce RTX 5060, 591.86, P0, 32, 0, 1235, 8151, 22.43, 145.00, 2512, 14201, 4, 8
2026-09-01T12:42:46.5780291+07:00,2026/09/01 12:42:46.608, NVIDIA GeForce RTX 5060, 591.86, P8, 30, 0, 1223, 8151, 8.54, 145.00, 232, 405, 1, 8
2026-09-01T12:42:51.6986274+07:00,2026/09/01 12:42:51.729, NVIDIA GeForce RTX 5060, 591.86, P8, 30, 0, 1214, 8151, 8.39, 145.00, 210, 405, 1, 8
2026-09-01T12:42:56.7587873+07:00,2026/09/01 12:42:56.789, NVIDIA GeForce RTX 5060, 591.86, P8, 30, 0, 1223, 8151, 9.29, 145.00, 360, 405, 1, 8
2026-09-01T12:43:01.8059824+07:00,2026/09/01 12:43:01.836, NVIDIA GeForce RTX 5060, 591.86, P5, 31, 0, 1226, 8151, 14.87, 145.00, 442, 810, 2, 8
2026-09-01T12:43:06.8635051+07:00,2026/09/01 12:43:06.894, NVIDIA GeForce RTX 5060, 591.86, P8, 30, 0, 1215, 8151, 8.50, 145.00, 232, 405, 1, 8
2026-09-01T12:43:11.9233026+07:00,2026/09/01 12:43:11.954, NVIDIA GeForce RTX 5060, 591.86, P8, 30, 0, 1206, 8151, 8.81, 145.00, 427, 405, 1, 8
2026-09-01T12:43:16.9846918+07:00,2026/09/01 12:43:17.015, NVIDIA GeForce RTX 5060, 591.86, P0, 31, 0, 1229, 8151, 20.60, 145.00, 2512, 14201, 4, 8
2026-09-01T12:43:22.1064750+07:00,2026/09/01 12:43:22.137, NVIDIA GeForce RTX 5060, 591.86, P5, 30, 0, 1227, 8151, 10.18, 145.00, 255, 810, 1, 8
2026-09-01T12:43:27.1669839+07:00,2026/09/01 12:43:27.213, NVIDIA GeForce RTX 5060, 591.86, P8, 30, 0, 1237, 8151, 9.68, 145.00, 210, 405, 1, 8
2026-09-01T12:43:32.2443604+07:00,2026/09/01 12:43:32.275, NVIDIA GeForce RTX 5060, 591.86, P8, 30, 0, 1195, 8151, 8.99, 145.00, 337, 405, 1, 8
2026-09-01T12:43:37.2884555+07:00,2026/09/01 12:43:37.319, NVIDIA GeForce RTX 5060, 591.86, P0, 32, 0, 1213, 8151, 22.22, 145.00, 2512, 14201, 4, 8
2026-09-01T12:43:42.3502784+07:00,2026/09/01 12:43:42.381, NVIDIA GeForce RTX 5060, 591.86, P3, 31, 1, 1231, 8151, 21.07, 145.00, 1702, 7001, 4, 8
2026-09-01T12:43:47.3945195+07:00,2026/09/01 12:43:47.425, NVIDIA GeForce RTX 5060, 591.86, P0, 32, 0, 1224, 8151, 22.11, 145.00, 2512, 14201, 4, 8
2026-09-01T12:43:52.5170760+07:00,2026/09/01 12:43:52.563, NVIDIA GeForce RTX 5060, 591.86, P0, 32, 0, 1234, 8151, 21.97, 145.00, 2512, 14201, 4, 8
2026-09-01T12:43:57.5909699+07:00,2026/09/01 12:43:57.622, NVIDIA GeForce RTX 5060, 591.86, P8, 31, 0, 1224, 8151, 9.23, 145.00, 210, 405, 1, 8
2026-09-01T12:44:02.6411858+07:00,2026/09/01 12:44:02.671, NVIDIA GeForce RTX 5060, 591.86, P8, 30, 0, 1209, 8151, 8.48, 145.00, 210, 405, 1, 8
2026-09-01T12:44:07.6966050+07:00,2026/09/01 12:44:07.742, NVIDIA GeForce RTX 5060, 591.86, P0, 32, 0, 1228, 8151, 22.29, 145.00, 2512, 14201, 4, 8
2026-09-01T12:44:12.7689211+07:00,2026/09/01 12:44:12.799, NVIDIA GeForce RTX 5060, 591.86, P8, 31, 1, 1227, 8151, 11.19, 145.00, 735, 405, 1, 8
2026-09-01T12:44:17.8139488+07:00,2026/09/01 12:44:17.844, NVIDIA GeForce RTX 5060, 591.86, P8, 30, 0, 1223, 8151, 8.53, 145.00, 262, 405, 1, 8
2026-09-01T12:44:22.9371282+07:00,2026/09/01 12:44:22.968, NVIDIA GeForce RTX 5060, 591.86, P8, 30, 1, 1201, 8151, 9.22, 145.00, 450, 405, 1, 8
2026-09-01T12:44:27.9995991+07:00,2026/09/01 12:44:28.030, NVIDIA GeForce RTX 5060, 591.86, P0, 32, 0, 1228, 8151, 22.54, 145.00, 2520, 14201, 4, 8
2026-09-01T12:44:33.0447083+07:00,2026/09/01 12:44:33.075, NVIDIA GeForce RTX 5060, 591.86, P8, 31, 1, 1223, 8151, 9.15, 145.00, 285, 405, 1, 8
2026-09-01T12:44:38.0909241+07:00,2026/09/01 12:44:38.137, NVIDIA GeForce RTX 5060, 591.86, P8, 30, 0, 1224, 8151, 8.80, 145.00, 285, 405, 1, 8
2026-09-01T12:44:43.1690632+07:00,2026/09/01 12:44:43.200, NVIDIA GeForce RTX 5060, 591.86, P8, 30, 0, 1212, 8151, 8.73, 145.00, 292, 405, 1, 8
2026-09-01T12:44:48.2141314+07:00,2026/09/01 12:44:48.245, NVIDIA GeForce RTX 5060, 591.86, P8, 30, 0, 1213, 8151, 8.71, 145.00, 292, 405, 1, 8
2026-09-01T12:44:53.3288204+07:00,2026/09/01 12:44:53.375, NVIDIA GeForce RTX 5060, 591.86, P8, 30, 0, 1213, 8151, 8.56, 145.00, 210, 405, 1, 8
2026-09-01T12:44:58.4045453+07:00,2026/09/01 12:44:58.435, NVIDIA GeForce RTX 5060, 591.86, P8, 30, 0, 1184, 8151, 8.90, 145.00, 210, 405, 1, 8
2026-09-01T12:45:03.4662838+07:00,2026/09/01 12:45:03.496, NVIDIA GeForce RTX 5060, 591.86, P0, 31, 0, 1213, 8151, 22.16, 145.00, 2512, 14201, 4, 8
2026-09-01T12:45:08.5129828+07:00,2026/09/01 12:45:08.544, NVIDIA GeForce RTX 5060, 591.86, P8, 30, 0, 1203, 8151, 7.90, 145.00, 210, 405, 1, 8
2026-09-01T12:45:13.5638728+07:00,2026/09/01 12:45:13.594, NVIDIA GeForce RTX 5060, 591.86, P8, 30, 9, 1218, 8151, 9.90, 145.00, 562, 405, 4, 8
2026-09-01T12:45:18.6248676+07:00,2026/09/01 12:45:18.656, NVIDIA GeForce RTX 5060, 591.86, P5, 30, 0, 1191, 8151, 11.91, 145.00, 480, 810, 2, 8
2026-09-01T12:45:23.7463613+07:00,2026/09/01 12:45:23.777, NVIDIA GeForce RTX 5060, 591.86, P8, 30, 0, 1210, 8151, 8.45, 145.00, 240, 405, 1, 8
2026-09-01T12:45:28.8030525+07:00,2026/09/01 12:45:28.834, NVIDIA GeForce RTX 5060, 591.86, P8, 30, 0, 1199, 8151, 8.50, 145.00, 210, 405, 1, 8
2026-09-01T12:45:33.8606657+07:00,2026/09/01 12:45:33.891, NVIDIA GeForce RTX 5060, 591.86, P8, 30, 0, 1192, 8151, 8.47, 145.00, 232, 405, 1, 8
2026-09-01T12:45:38.9161041+07:00,2026/09/01 12:45:38.947, NVIDIA GeForce RTX 5060, 591.86, P0, 31, 0, 1208, 8151, 22.39, 145.00, 2542, 14201, 4, 8
2026-09-01T12:45:43.9680834+07:00,2026/09/01 12:45:43.998, NVIDIA GeForce RTX 5060, 591.86, P8, 30, 0, 1193, 8151, 9.54, 145.00, 210, 405, 1, 8
2026-09-01T12:45:49.0157957+07:00,2026/09/01 12:45:49.046, NVIDIA GeForce RTX 5060, 591.86, P8, 30, 0, 1194, 8151, 8.97, 145.00, 210, 405, 1, 8
2026-09-01T12:45:54.1265226+07:00,2026/09/01 12:45:54.157, NVIDIA GeForce RTX 5060, 591.86, P8, 30, 0, 1236, 8151, 8.08, 145.00, 210, 405, 1, 8
2026-09-01T12:45:59.1756926+07:00,2026/09/01 12:45:59.206, NVIDIA GeForce RTX 5060, 591.86, P0, 31, 1, 1274, 8151, 22.19, 145.00, 2542, 14201, 4, 8
2026-09-01T12:46:04.2377649+07:00,2026/09/01 12:46:04.268, NVIDIA GeForce RTX 5060, 591.86, P5, 30, 2, 1297, 8151, 9.95, 145.00, 300, 810, 1, 8
2026-09-01T12:46:09.2859921+07:00,2026/09/01 12:46:09.332, NVIDIA GeForce RTX 5060, 591.86, P8, 30, 0, 1211, 8151, 9.92, 145.00, 615, 405, 1, 8
2026-09-01T12:46:14.3463378+07:00,2026/09/01 12:46:14.376, NVIDIA GeForce RTX 5060, 591.86, P8, 30, 1, 1227, 8151, 9.51, 145.00, 210, 405, 1, 8
2026-09-01T12:46:19.3936011+07:00,2026/09/01 12:46:19.440, NVIDIA GeForce RTX 5060, 591.86, P8, 30, 6, 1276, 8151, 12.55, 145.00, 757, 405, 1, 8
2026-09-01T12:46:24.5196333+07:00,2026/09/01 12:46:24.581, NVIDIA GeForce RTX 5060, 591.86, P5, 31, 11, 1256, 8151, 15.30, 145.00, 1005, 810, 2, 8
2026-09-01T12:46:29.6009592+07:00,2026/09/01 12:46:29.647, NVIDIA GeForce RTX 5060, 591.86, P8, 30, 0, 1296, 8151, 11.72, 145.00, 607, 405, 1, 8
2026-09-01T12:46:34.6722509+07:00,2026/09/01 12:46:34.703, NVIDIA GeForce RTX 5060, 591.86, P5, 30, 1, 1325, 8151, 9.42, 145.00, 990, 810, 2, 8
2026-09-01T12:46:39.7155329+07:00,2026/09/01 12:46:39.746, NVIDIA GeForce RTX 5060, 591.86, P0, 31, 0, 1292, 8151, 22.98, 145.00, 2535, 14201, 4, 8
2026-09-01T12:46:44.7635216+07:00,2026/09/01 12:46:44.794, NVIDIA GeForce RTX 5060, 591.86, P8, 30, 0, 1291, 8151, 10.40, 145.00, 352, 405, 1, 8
2026-09-01T12:46:49.8096525+07:00,2026/09/01 12:46:49.840, NVIDIA GeForce RTX 5060, 591.86, P8, 30, 5, 1288, 8151, 10.33, 145.00, 622, 405, 1, 8
2026-09-01T12:46:54.9178415+07:00,2026/09/01 12:46:54.946, NVIDIA GeForce RTX 5060, 591.86, P0, 31, 1, 1303, 8151, 22.88, 145.00, 2565, 14201, 4, 8
2026-09-01T12:46:59.9617044+07:00,2026/09/01 12:46:59.992, NVIDIA GeForce RTX 5060, 591.86, P8, 30, 2, 1225, 8151, 9.50, 145.00, 472, 405, 1, 8
2026-09-01T12:47:05.0247312+07:00,2026/09/01 12:47:05.055, NVIDIA GeForce RTX 5060, 591.86, P0, 31, 1, 1304, 8151, 11.22, 145.00, 435, 14201, 4, 8
2026-09-01T12:47:10.0742405+07:00,2026/09/01 12:47:10.105, NVIDIA GeForce RTX 5060, 591.86, P5, 30, 1, 1284, 8151, 12.33, 145.00, 690, 810, 2, 8
2026-09-01T12:47:15.1194767+07:00,2026/09/01 12:47:15.150, NVIDIA GeForce RTX 5060, 591.86, P8, 30, 0, 1247, 8151, 9.68, 145.00, 337, 405, 1, 8
2026-09-01T12:47:20.1642765+07:00,2026/09/01 12:47:20.210, NVIDIA GeForce RTX 5060, 591.86, P8, 31, 6, 1263, 8151, 11.51, 145.00, 847, 405, 1, 8
2026-09-01T12:47:25.2889762+07:00,2026/09/01 12:47:25.319, NVIDIA GeForce RTX 5060, 591.86, P5, 30, 2, 1267, 8151, 11.03, 145.00, 1027, 810, 2, 8
2026-09-01T12:47:30.3275664+07:00,2026/09/01 12:47:30.358, NVIDIA GeForce RTX 5060, 591.86, P5, 31, 0, 1265, 8151, 19.02, 145.00, 1860, 810, 2, 8
2026-09-01T12:47:35.3748578+07:00,2026/09/01 12:47:35.405, NVIDIA GeForce RTX 5060, 591.86, P8, 30, 0, 1265, 8151, 8.62, 145.00, 255, 405, 1, 8
2026-09-01T12:47:40.4336341+07:00,2026/09/01 12:47:40.479, NVIDIA GeForce RTX 5060, 591.86, P8, 30, 0, 1249, 8151, 8.79, 145.00, 210, 405, 1, 8
2026-09-01T12:47:45.5102414+07:00,2026/09/01 12:47:45.541, NVIDIA GeForce RTX 5060, 591.86, P8, 30, 2, 1283, 8151, 9.11, 145.00, 330, 405, 1, 8
2026-09-01T12:47:50.5562275+07:00,2026/09/01 12:47:50.587, NVIDIA GeForce RTX 5060, 591.86, P5, 31, 10, 1276, 8151, 13.25, 145.00, 922, 810, 2, 8
2026-09-01T12:47:55.6648342+07:00,2026/09/01 12:47:55.710, NVIDIA GeForce RTX 5060, 591.86, P8, 30, 2, 1297, 8151, 10.15, 145.00, 585, 405, 1, 8
2026-09-01T12:48:00.7309219+07:00,2026/09/01 12:48:00.761, NVIDIA GeForce RTX 5060, 591.86, P8, 30, 0, 1286, 8151, 8.48, 145.00, 210, 405, 1, 8
2026-09-01T12:48:05.7796469+07:00,2026/09/01 12:48:05.810, NVIDIA GeForce RTX 5060, 591.86, P8, 30, 3, 1268, 8151, 9.97, 145.00, 525, 405, 1, 8
2026-09-01T12:48:10.8410576+07:00,2026/09/01 12:48:10.872, NVIDIA GeForce RTX 5060, 591.86, P8, 30, 4, 1272, 8151, 10.12, 145.00, 592, 405, 1, 8
2026-09-01T12:48:15.9088078+07:00,2026/09/01 12:48:15.946, NVIDIA GeForce RTX 5060, 591.86, P0, 31, 0, 1270, 8151, 22.76, 145.00, 2542, 14201, 4, 8
2026-09-01T12:48:20.9546051+07:00,2026/09/01 12:48:20.985, NVIDIA GeForce RTX 5060, 591.86, P8, 30, 0, 1270, 8151, 8.78, 145.00, 232, 405, 1, 8
2026-09-01T12:48:26.0636890+07:00,2026/09/01 12:48:26.110, NVIDIA GeForce RTX 5060, 591.86, P8, 30, 1, 1253, 8151, 9.38, 145.00, 307, 405, 1, 8
2026-09-01T12:48:31.1410805+07:00,2026/09/01 12:48:31.172, NVIDIA GeForce RTX 5060, 591.86, P8, 30, 0, 1261, 8151, 8.72, 145.00, 502, 405, 1, 8
2026-09-01T12:48:36.1991618+07:00,2026/09/01 12:48:36.230, NVIDIA GeForce RTX 5060, 591.86, P8, 30, 0, 1242, 8151, 10.01, 145.00, 345, 405, 1, 8
2026-09-01T12:48:41.2496954+07:00,2026/09/01 12:48:41.295, NVIDIA GeForce RTX 5060, 591.86, P8, 30, 0, 1227, 8151, 9.21, 145.00, 337, 405, 1, 8
2026-09-01T12:48:46.3121588+07:00,2026/09/01 12:48:46.342, NVIDIA GeForce RTX 5060, 591.86, P0, 31, 0, 1271, 8151, 22.59, 145.00, 2542, 14201, 4, 8
2026-09-01T12:48:51.3544258+07:00,2026/09/01 12:48:51.385, NVIDIA GeForce RTX 5060, 591.86, P8, 30, 0, 1250, 8151, 8.60, 145.00, 255, 405, 1, 8
2026-09-01T12:48:56.4606101+07:00,2026/09/01 12:48:56.491, NVIDIA GeForce RTX 5060, 591.86, P0, 31, 0, 1230, 8151, 22.39, 145.00, 2512, 14201, 4, 8
2026-09-01T12:49:01.5202776+07:00,2026/09/01 12:49:01.550, NVIDIA GeForce RTX 5060, 591.86, P8, 30, 0, 1228, 8151, 9.27, 145.00, 427, 405, 1, 8
2026-09-01T12:49:06.5774422+07:00,2026/09/01 12:49:06.607, NVIDIA GeForce RTX 5060, 591.86, P0, 31, 0, 1213, 8151, 22.14, 145.00, 2520, 14201, 4, 8
2026-09-01T12:49:11.6243135+07:00,2026/09/01 12:49:11.655, NVIDIA GeForce RTX 5060, 591.86, P8, 30, 0, 1183, 8151, 8.74, 145.00, 262, 405, 1, 8
2026-09-01T12:49:16.6858543+07:00,2026/09/01 12:49:16.716, NVIDIA GeForce RTX 5060, 591.86, P8, 30, 0, 1183, 8151, 8.76, 145.00, 307, 405, 1, 8
2026-09-01T12:49:21.7314659+07:00,2026/09/01 12:49:21.762, NVIDIA GeForce RTX 5060, 591.86, P8, 30, 0, 1222, 8151, 8.56, 145.00, 240, 405, 1, 8
2026-09-01T12:49:26.8452775+07:00,2026/09/01 12:49:26.876, NVIDIA GeForce RTX 5060, 591.86, P0, 31, 0, 1228, 8151, 13.48, 145.00, 1230, 14201, 4, 8
2026-09-01T12:49:31.8864557+07:00,2026/09/01 12:49:31.917, NVIDIA GeForce RTX 5060, 591.86, P0, 31, 0, 1229, 8151, 22.03, 145.00, 2520, 14201, 4, 8
2026-09-01T12:49:36.9470373+07:00,2026/09/01 12:49:36.977, NVIDIA GeForce RTX 5060, 591.86, P8, 30, 0, 1214, 8151, 9.52, 145.00, 210, 405, 1, 8
2026-09-01T12:49:41.9959265+07:00,2026/09/01 12:49:42.026, NVIDIA GeForce RTX 5060, 591.86, P3, 31, 0, 1257, 8151, 14.86, 145.00, 607, 7001, 2, 8
2026-09-01T12:49:47.0522281+07:00,2026/09/01 12:49:47.083, NVIDIA GeForce RTX 5060, 591.86, P5, 30, 1, 1267, 8151, 10.88, 145.00, 540, 810, 2, 8
2026-09-01T12:49:52.1020869+07:00,2026/09/01 12:49:52.133, NVIDIA GeForce RTX 5060, 591.86, P8, 30, 0, 1235, 8151, 9.13, 145.00, 412, 405, 1, 8
2026-09-01T12:49:57.2402328+07:00,2026/09/01 12:49:57.270, NVIDIA GeForce RTX 5060, 591.86, P3, 31, 1, 1242, 8151, 20.35, 145.00, 2077, 7001, 4, 8
2026-09-01T12:50:02.2875851+07:00,2026/09/01 12:50:02.318, NVIDIA GeForce RTX 5060, 591.86, P8, 30, 0, 1233, 8151, 8.49, 145.00, 210, 405, 1, 8
2026-09-01T12:50:07.3468622+07:00,2026/09/01 12:50:07.392, NVIDIA GeForce RTX 5060, 591.86, P8, 30, 0, 1234, 8151, 8.68, 145.00, 240, 405, 1, 8
2026-09-01T12:50:12.4041588+07:00,2026/09/01 12:50:12.435, NVIDIA GeForce RTX 5060, 591.86, P8, 30, 0, 1259, 8151, 8.97, 145.00, 247, 405, 1, 8
2026-09-01T12:50:17.4627949+07:00,2026/09/01 12:50:17.493, NVIDIA GeForce RTX 5060, 591.86, P8, 30, 12, 1241, 8151, 9.26, 145.00, 705, 405, 4, 8
2026-09-01T12:50:22.5197915+07:00,2026/09/01 12:50:22.550, NVIDIA GeForce RTX 5060, 591.86, P5, 31, 4, 1249, 8151, 14.20, 145.00, 735, 810, 2, 8
2026-09-01T12:50:27.6437357+07:00,2026/09/01 12:50:27.674, NVIDIA GeForce RTX 5060, 591.86, P3, 31, 0, 1218, 8151, 19.79, 145.00, 585, 7001, 2, 8
2026-09-01T12:50:32.6835920+07:00,2026/09/01 12:50:32.714, NVIDIA GeForce RTX 5060, 591.86, P8, 30, 0, 1236, 8151, 8.71, 145.00, 210, 405, 1, 8
2026-09-01T12:50:37.7305505+07:00,2026/09/01 12:50:37.761, NVIDIA GeForce RTX 5060, 591.86, P0, 32, 0, 1240, 8151, 22.30, 145.00, 2520, 14201, 4, 8
2026-09-01T12:50:42.7899850+07:00,2026/09/01 12:50:42.820, NVIDIA GeForce RTX 5060, 591.86, P0, 32, 0, 1241, 8151, 22.04, 145.00, 2512, 14201, 4, 8
2026-09-01T12:50:47.8368320+07:00,2026/09/01 12:50:47.867, NVIDIA GeForce RTX 5060, 591.86, P8, 30, 1, 1235, 8151, 8.65, 145.00, 225, 405, 1, 8
2026-09-01T12:50:52.8875546+07:00,2026/09/01 12:50:52.918, NVIDIA GeForce RTX 5060, 591.86, P8, 30, 0, 1224, 8151, 8.50, 145.00, 210, 405, 1, 8
2026-09-01T12:50:58.0091621+07:00,2026/09/01 12:50:58.040, NVIDIA GeForce RTX 5060, 591.86, P5, 31, 9, 1266, 8151, 16.41, 145.00, 810, 810, 2, 8
2026-09-01T12:51:03.0526861+07:00,2026/09/01 12:51:03.083, NVIDIA GeForce RTX 5060, 591.86, P8, 30, 0, 1230, 8151, 9.08, 145.00, 285, 405, 1, 8
2026-09-01T12:51:08.1113582+07:00,2026/09/01 12:51:08.142, NVIDIA GeForce RTX 5060, 591.86, P8, 30, 0, 1231, 8151, 9.05, 145.00, 232, 405, 1, 8
2026-09-01T12:51:13.1659032+07:00,2026/09/01 12:51:13.196, NVIDIA GeForce RTX 5060, 591.86, P8, 30, 0, 1229, 8151, 8.48, 145.00, 232, 405, 1, 8
2026-09-01T12:51:18.2087825+07:00,2026/09/01 12:51:18.255, NVIDIA GeForce RTX 5060, 591.86, P8, 30, 3, 1208, 8151, 9.49, 145.00, 570, 405, 1, 8
2026-09-01T12:51:23.2812601+07:00,2026/09/01 12:51:23.312, NVIDIA GeForce RTX 5060, 591.86, P5, 31, 1, 1238, 8151, 19.90, 145.00, 712, 810, 2, 8
2026-09-01T12:51:28.4501601+07:00,2026/09/01 12:51:28.481, NVIDIA GeForce RTX 5060, 591.86, P8, 30, 2, 1244, 8151, 10.86, 145.00, 637, 405, 1, 8
2026-09-01T12:51:33.4982104+07:00,2026/09/01 12:51:33.528, NVIDIA GeForce RTX 5060, 591.86, P5, 30, 1, 1255, 8151, 11.26, 145.00, 510, 810, 2, 8
2026-09-01T12:51:38.5396380+07:00,2026/09/01 12:51:38.570, NVIDIA GeForce RTX 5060, 591.86, P5, 30, 0, 1268, 8151, 10.97, 145.00, 405, 810, 1, 8
2026-09-01T12:51:43.5880842+07:00,2026/09/01 12:51:43.619, NVIDIA GeForce RTX 5060, 591.86, P8, 30, 0, 1215, 8151, 9.44, 145.00, 232, 405, 1, 8
2026-09-01T12:51:48.6369728+07:00,2026/09/01 12:51:48.667, NVIDIA GeForce RTX 5060, 591.86, P0, 31, 0, 1247, 8151, 22.73, 145.00, 2542, 14201, 4, 8
2026-09-01T12:51:53.6787640+07:00,2026/09/01 12:51:53.709, NVIDIA GeForce RTX 5060, 591.86, P0, 30, 8, 1243, 8151, 10.52, 145.00, 600, 14201, 4, 8
2026-09-01T12:51:58.7802209+07:00,2026/09/01 12:51:58.811, NVIDIA GeForce RTX 5060, 591.86, P5, 30, 1, 1243, 8151, 11.32, 145.00, 330, 810, 2, 8
2026-09-01T12:52:03.8427752+07:00,2026/09/01 12:52:03.873, NVIDIA GeForce RTX 5060, 591.86, P8, 30, 0, 1199, 8151, 9.61, 145.00, 210, 405, 1, 8
2026-09-01T12:52:08.8930507+07:00,2026/09/01 12:52:08.923, NVIDIA GeForce RTX 5060, 591.86, P8, 30, 1, 1200, 8151, 9.64, 145.00, 307, 405, 1, 8
2026-09-01T12:52:13.9414776+07:00,2026/09/01 12:52:13.971, NVIDIA GeForce RTX 5060, 591.86, P8, 30, 0, 1196, 8151, 10.16, 145.00, 202, 405, 1, 8
2026-09-01T12:52:18.9942402+07:00,2026/09/01 12:52:19.025, NVIDIA GeForce RTX 5060, 591.86, P8, 30, 3, 1197, 8151, 8.66, 145.00, 277, 405, 1, 8
2026-09-01T12:52:24.0434750+07:00,2026/09/01 12:52:24.074, NVIDIA GeForce RTX 5060, 591.86, P8, 30, 0, 1219, 8151, 9.10, 145.00, 210, 405, 1, 8
2026-09-01T12:52:29.1693023+07:00,2026/09/01 12:52:29.216, NVIDIA GeForce RTX 5060, 591.86, P8, 30, 0, 1214, 8151, 9.41, 145.00, 330, 405, 1, 8
2026-09-01T12:52:34.2472315+07:00,2026/09/01 12:52:34.278, NVIDIA GeForce RTX 5060, 591.86, P8, 30, 0, 1217, 8151, 8.95, 145.00, 255, 405, 1, 8
2026-09-01T12:52:39.3022857+07:00,2026/09/01 12:52:39.332, NVIDIA GeForce RTX 5060, 591.86, P8, 30, 0, 1218, 8151, 8.38, 145.00, 210, 405, 1, 8
2026-09-01T12:52:44.3469457+07:00,2026/09/01 12:52:44.378, NVIDIA GeForce RTX 5060, 591.86, P8, 30, 0, 1226, 8151, 8.06, 145.00, 210, 405, 1, 8
2026-09-01T12:52:49.4030068+07:00,2026/09/01 12:52:49.434, NVIDIA GeForce RTX 5060, 591.86, P8, 30, 0, 1203, 8151, 8.72, 145.00, 210, 405, 1, 8
2026-09-01T12:52:54.4627606+07:00,2026/09/01 12:52:54.493, NVIDIA GeForce RTX 5060, 591.86, P8, 30, 0, 1215, 8151, 8.66, 145.00, 210, 405, 1, 8
2026-09-01T12:52:59.5808218+07:00,2026/09/01 12:52:59.625, NVIDIA GeForce RTX 5060, 591.86, P5, 30, 1, 1242, 8151, 12.35, 145.00, 675, 810, 2, 8
2026-09-01T12:53:04.6386349+07:00,2026/09/01 12:53:04.669, NVIDIA GeForce RTX 5060, 591.86, P8, 30, 0, 1176, 8151, 8.53, 145.00, 210, 405, 1, 8
2026-09-01T12:53:09.6852338+07:00,2026/09/01 12:53:09.716, NVIDIA GeForce RTX 5060, 591.86, P5, 31, 15, 1251, 8151, 13.86, 145.00, 1132, 810, 2, 8
2026-09-01T12:53:14.7348184+07:00,2026/09/01 12:53:14.780, NVIDIA GeForce RTX 5060, 591.86, P5, 31, 15, 1194, 8151, 14.18, 145.00, 1230, 810, 2, 8
2026-09-01T12:53:19.8104633+07:00,2026/09/01 12:53:19.841, NVIDIA GeForce RTX 5060, 591.86, P8, 30, 1, 1162, 8151, 10.56, 145.00, 405, 405, 1, 8
2026-09-01T12:53:24.8530634+07:00,2026/09/01 12:53:24.884, NVIDIA GeForce RTX 5060, 591.86, P8, 30, 0, 1151, 8151, 8.52, 145.00, 210, 405, 1, 8
2026-09-01T12:53:29.9534410+07:00,2026/09/01 12:53:29.984, NVIDIA GeForce RTX 5060, 591.86, P0, 31, 1, 1175, 8151, 22.65, 145.00, 2565, 14201, 4, 8
2026-09-01T12:53:35.0001380+07:00,2026/09/01 12:53:35.031, NVIDIA GeForce RTX 5060, 591.86, P8, 30, 1, 1165, 8151, 9.15, 145.00, 375, 405, 1, 8
2026-09-01T12:53:40.0484202+07:00,2026/09/01 12:53:40.079, NVIDIA GeForce RTX 5060, 591.86, P8, 30, 1, 1166, 8151, 8.96, 145.00, 367, 405, 1, 8
2026-09-01T12:53:45.1024206+07:00,2026/09/01 12:53:45.148, NVIDIA GeForce RTX 5060, 591.86, P3, 30, 0, 1229, 8151, 15.77, 145.00, 525, 7001, 2, 8
2026-09-01T12:53:50.1653500+07:00,2026/09/01 12:53:50.196, NVIDIA GeForce RTX 5060, 591.86, P8, 30, 0, 1232, 8151, 9.28, 145.00, 300, 405, 1, 8
2026-09-01T12:53:55.2109976+07:00,2026/09/01 12:53:55.241, NVIDIA GeForce RTX 5060, 591.86, P3, 30, 0, 1212, 8151, 12.75, 145.00, 495, 7001, 4, 8
2026-09-01T12:54:00.3355515+07:00,2026/09/01 12:54:00.366, NVIDIA GeForce RTX 5060, 591.86, P8, 30, 1, 1202, 8151, 9.01, 145.00, 330, 405, 1, 8
2026-09-01T12:54:05.3824813+07:00,2026/09/01 12:54:05.413, NVIDIA GeForce RTX 5060, 591.86, P8, 30, 0, 1195, 8151, 9.10, 145.00, 307, 405, 1, 8
2026-09-01T12:54:10.4385872+07:00,2026/09/01 12:54:10.469, NVIDIA GeForce RTX 5060, 591.86, P8, 30, 1, 1208, 8151, 9.03, 145.00, 322, 405, 1, 8
2026-09-01T12:54:15.4886028+07:00,2026/09/01 12:54:15.519, NVIDIA GeForce RTX 5060, 591.86, P8, 30, 0, 1225, 8151, 8.96, 145.00, 292, 405, 1, 8
2026-09-01T12:54:20.5307051+07:00,2026/09/01 12:54:20.561, NVIDIA GeForce RTX 5060, 591.86, P0, 31, 0, 1281, 8151, 23.48, 145.00, 2542, 14201, 4, 8
2026-09-01T12:54:25.5879043+07:00,2026/09/01 12:54:25.618, NVIDIA GeForce RTX 5060, 591.86, P8, 30, 0, 1287, 8151, 8.83, 145.00, 292, 405, 1, 8
2026-09-01T12:54:30.6912360+07:00,2026/09/01 12:54:30.753, NVIDIA GeForce RTX 5060, 591.86, P8, 30, 0, 1220, 8151, 9.03, 145.00, 292, 405, 1, 8
2026-09-01T12:54:35.7832716+07:00,2026/09/01 12:54:35.814, NVIDIA GeForce RTX 5060, 591.86, P8, 30, 0, 1192, 8151, 9.37, 145.00, 240, 405, 1, 8
2026-09-01T12:54:40.8411264+07:00,2026/09/01 12:54:40.872, NVIDIA GeForce RTX 5060, 591.86, P0, 31, 0, 1318, 8151, 22.73, 145.00, 2520, 14201, 4, 8
2026-09-01T12:54:45.9005438+07:00,2026/09/01 12:54:45.931, NVIDIA GeForce RTX 5060, 591.86, P8, 30, 0, 1198, 8151, 9.20, 145.00, 262, 405, 1, 8
2026-09-01T12:54:50.9554884+07:00,2026/09/01 12:54:50.986, NVIDIA GeForce RTX 5060, 591.86, P0, 31, 0, 1178, 8151, 22.69, 145.00, 2542, 14201, 4, 8
2026-09-01T12:54:56.0169028+07:00,2026/09/01 12:54:56.047, NVIDIA GeForce RTX 5060, 591.86, P8, 30, 0, 1174, 8151, 8.23, 145.00, 210, 405, 1, 8
2026-09-01T12:55:01.1262101+07:00,2026/09/01 12:55:01.157, NVIDIA GeForce RTX 5060, 591.86, P8, 30, 1, 1173, 8151, 8.07, 145.00, 210, 405, 1, 8
2026-09-01T12:55:06.1764915+07:00,2026/09/01 12:55:06.207, NVIDIA GeForce RTX 5060, 591.86, P1, 30, 0, 1176, 8151, 15.32, 145.00, 202, 14001, 4, 8
2026-09-01T12:55:11.2339918+07:00,2026/09/01 12:55:11.264, NVIDIA GeForce RTX 5060, 591.86, P8, 30, 0, 1176, 8151, 8.16, 145.00, 210, 405, 1, 8
2026-09-01T12:55:16.2968769+07:00,2026/09/01 12:55:16.343, NVIDIA GeForce RTX 5060, 591.86, P8, 30, 0, 1176, 8151, 8.24, 145.00, 210, 405, 1, 8
2026-09-01T12:55:21.3602271+07:00,2026/09/01 12:55:21.391, NVIDIA GeForce RTX 5060, 591.86, P3, 30, 0, 1168, 8151, 13.95, 145.00, 232, 7001, 4, 8
2026-09-01T12:55:26.4194041+07:00,2026/09/01 12:55:26.450, NVIDIA GeForce RTX 5060, 591.86, P5, 30, 0, 1168, 8151, 14.15, 145.00, 210, 7001, 2, 8
2026-09-01T12:55:31.5406544+07:00,2026/09/01 12:55:31.571, NVIDIA GeForce RTX 5060, 591.86, P8, 30, 0, 1165, 8151, 8.65, 145.00, 210, 405, 1, 8
2026-09-01T12:55:36.6029654+07:00,2026/09/01 12:55:36.633, NVIDIA GeForce RTX 5060, 591.86, P8, 30, 0, 1165, 8151, 7.94, 145.00, 210, 405, 1, 8
2026-09-01T12:55:41.6520441+07:00,2026/09/01 12:55:41.682, NVIDIA GeForce RTX 5060, 591.86, P8, 30, 0, 1165, 8151, 8.55, 145.00, 210, 405, 1, 8
2026-09-01T12:55:46.7140616+07:00,2026/09/01 12:55:46.745, NVIDIA GeForce RTX 5060, 591.86, P8, 30, 0, 1165, 8151, 7.96, 145.00, 210, 405, 1, 8
2026-09-01T12:55:51.7725410+07:00,2026/09/01 12:55:51.803, NVIDIA GeForce RTX 5060, 591.86, P8, 30, 0, 1165, 8151, 8.24, 145.00, 210, 405, 1, 8
2026-09-01T12:55:56.8165619+07:00,2026/09/01 12:55:56.847, NVIDIA GeForce RTX 5060, 591.86, P8, 30, 0, 1165, 8151, 8.04, 145.00, 210, 405, 1, 8
2026-09-01T12:56:01.9265667+07:00,2026/09/01 12:56:01.957, NVIDIA GeForce RTX 5060, 591.86, P8, 30, 0, 1176, 8151, 9.63, 145.00, 232, 405, 1, 8
2026-09-01T12:56:06.9883406+07:00,2026/09/01 12:56:07.019, NVIDIA GeForce RTX 5060, 591.86, P8, 30, 2, 1180, 8151, 10.27, 145.00, 405, 405, 1, 8
2026-09-01T12:56:12.0386757+07:00,2026/09/01 12:56:12.084, NVIDIA GeForce RTX 5060, 591.86, P8, 30, 0, 1172, 8151, 8.52, 145.00, 210, 405, 1, 8
2026-09-01T12:56:17.0996141+07:00,2026/09/01 12:56:17.130, NVIDIA GeForce RTX 5060, 591.86, P8, 30, 2, 1153, 8151, 9.19, 145.00, 532, 405, 1, 8
2026-09-01T12:56:22.1493857+07:00,2026/09/01 12:56:22.179, NVIDIA GeForce RTX 5060, 591.86, P8, 30, 0, 1206, 8151, 9.84, 145.00, 652, 405, 1, 8
2026-09-01T12:56:27.2114603+07:00,2026/09/01 12:56:27.242, NVIDIA GeForce RTX 5060, 591.86, P8, 30, 1, 1161, 8151, 8.16, 145.00, 210, 405, 1, 8
2026-09-01T12:56:32.3203846+07:00,2026/09/01 12:56:32.351, NVIDIA GeForce RTX 5060, 591.86, P8, 29, 0, 1161, 8151, 8.48, 145.00, 232, 405, 1, 8
2026-09-01T12:56:37.3739601+07:00,2026/09/01 12:56:37.405, NVIDIA GeForce RTX 5060, 591.86, P8, 29, 0, 1166, 8151, 8.34, 145.00, 225, 405, 1, 8
2026-09-01T12:56:42.4218777+07:00,2026/09/01 12:56:42.452, NVIDIA GeForce RTX 5060, 591.86, P8, 29, 0, 1174, 8151, 8.46, 145.00, 210, 405, 1, 8
2026-09-01T12:56:47.4707740+07:00,2026/09/01 12:56:47.501, NVIDIA GeForce RTX 5060, 591.86, P0, 31, 1, 1309, 8151, 22.63, 145.00, 2542, 14201, 4, 8
2026-09-01T12:56:52.5161972+07:00,2026/09/01 12:56:52.547, NVIDIA GeForce RTX 5060, 591.86, P8, 30, 7, 1210, 8151, 9.64, 145.00, 532, 405, 1, 8
2026-09-01T12:56:57.5696315+07:00,2026/09/01 12:56:57.600, NVIDIA GeForce RTX 5060, 591.86, P8, 30, 0, 1211, 8151, 8.53, 145.00, 210, 405, 1, 8
2026-09-01T12:57:02.6720278+07:00,2026/09/01 12:57:02.703, NVIDIA GeForce RTX 5060, 591.86, P0, 31, 0, 1172, 8151, 22.19, 145.00, 2512, 14201, 4, 8
2026-09-01T12:57:07.7183687+07:00,2026/09/01 12:57:07.749, NVIDIA GeForce RTX 5060, 591.86, P8, 30, 0, 1175, 8151, 8.18, 145.00, 210, 405, 1, 8
2026-09-01T12:57:12.7618933+07:00,2026/09/01 12:57:12.792, NVIDIA GeForce RTX 5060, 591.86, P8, 30, 0, 1167, 8151, 8.95, 145.00, 210, 405, 1, 8
2026-09-01T12:57:17.8141353+07:00,2026/09/01 12:57:17.845, NVIDIA GeForce RTX 5060, 591.86, P8, 30, 0, 1290, 8151, 8.80, 145.00, 210, 405, 1, 8
2026-09-01T12:57:22.8752355+07:00,2026/09/01 12:57:22.921, NVIDIA GeForce RTX 5060, 591.86, P8, 30, 0, 1192, 8151, 8.45, 145.00, 232, 405, 1, 8
2026-09-01T12:57:27.9374192+07:00,2026/09/01 12:57:27.968, NVIDIA GeForce RTX 5060, 591.86, P8, 30, 0, 1193, 8151, 8.98, 145.00, 210, 405, 1, 8
2026-09-01T12:57:33.0618247+07:00,2026/09/01 12:57:33.092, NVIDIA GeForce RTX 5060, 591.86, P8, 30, 3, 1207, 8151, 11.33, 145.00, 705, 405, 1, 8
2026-09-01T12:57:38.0990787+07:00,2026/09/01 12:57:38.130, NVIDIA GeForce RTX 5060, 591.86, P8, 30, 0, 1301, 8151, 8.99, 145.00, 427, 405, 1, 8
2026-09-01T12:57:43.1604882+07:00,2026/09/01 12:57:43.206, NVIDIA GeForce RTX 5060, 591.86, P8, 29, 0, 1287, 8151, 8.18, 145.00, 210, 405, 1, 8
2026-09-01T12:57:48.2225387+07:00,2026/09/01 12:57:48.253, NVIDIA GeForce RTX 5060, 591.86, P0, 31, 0, 1188, 8151, 21.77, 145.00, 2512, 14201, 2, 8
2026-09-01T12:57:53.2833193+07:00,2026/09/01 12:57:53.314, NVIDIA GeForce RTX 5060, 591.86, P8, 30, 4, 1360, 8151, 10.83, 145.00, 682, 405, 1, 8
2026-09-01T12:57:58.3393518+07:00,2026/09/01 12:57:58.369, NVIDIA GeForce RTX 5060, 591.86, P8, 30, 1, 1354, 8151, 10.58, 145.00, 397, 405, 1, 8
2026-09-01T12:58:03.4438749+07:00,2026/09/01 12:58:03.490, NVIDIA GeForce RTX 5060, 591.86, P0, 31, 0, 1319, 8151, 22.35, 145.00, 2512, 14201, 4, 8
2026-09-01T12:58:08.5032810+07:00,2026/09/01 12:58:08.533, NVIDIA GeForce RTX 5060, 591.86, P8, 30, 2, 1337, 8151, 11.24, 145.00, 517, 405, 1, 8
2026-09-01T12:58:13.5452260+07:00,2026/09/01 12:58:13.576, NVIDIA GeForce RTX 5060, 591.86, P8, 30, 2, 1302, 8151, 9.16, 145.00, 480, 405, 1, 8
2026-09-01T12:58:18.5979563+07:00,2026/09/01 12:58:18.628, NVIDIA GeForce RTX 5060, 591.86, P8, 30, 1, 1422, 8151, 10.14, 145.00, 435, 405, 1, 8
2026-09-01T12:58:23.6455477+07:00,2026/09/01 12:58:23.688, NVIDIA GeForce RTX 5060, 591.86, P5, 30, 1, 1294, 8151, 11.95, 145.00, 637, 810, 2, 8
2026-09-01T12:58:28.7055552+07:00,2026/09/01 12:58:28.736, NVIDIA GeForce RTX 5060, 591.86, P5, 31, 9, 1276, 8151, 14.60, 145.00, 667, 810, 2, 8
2026-09-01T12:58:33.8170142+07:00,2026/09/01 12:58:33.848, NVIDIA GeForce RTX 5060, 591.86, P5, 30, 1, 1232, 8151, 11.27, 145.00, 742, 810, 2, 8
2026-09-01T12:58:38.8678654+07:00,2026/09/01 12:58:38.898, NVIDIA GeForce RTX 5060, 591.86, P8, 30, 0, 1220, 8151, 9.86, 145.00, 315, 405, 1, 8
2026-09-01T12:58:43.9166024+07:00,2026/09/01 12:58:43.947, NVIDIA GeForce RTX 5060, 591.86, P8, 30, 0, 1217, 8151, 9.48, 145.00, 307, 405, 1, 8
2026-09-01T12:58:48.9631711+07:00,2026/09/01 12:58:48.994, NVIDIA GeForce RTX 5060, 591.86, P8, 30, 2, 1224, 8151, 11.81, 145.00, 705, 405, 1, 8
2026-09-01T12:58:54.0056780+07:00,2026/09/01 12:58:54.036, NVIDIA GeForce RTX 5060, 591.86, P8, 30, 0, 1334, 8151, 9.33, 145.00, 330, 405, 1, 8
2026-09-01T12:58:59.0491479+07:00,2026/09/01 12:58:59.079, NVIDIA GeForce RTX 5060, 591.86, P8, 30, 6, 1305, 8151, 11.01, 145.00, 615, 405, 1, 8
2026-09-01T12:59:04.2215400+07:00,2026/09/01 12:59:04.252, NVIDIA GeForce RTX 5060, 591.86, P8, 30, 0, 1295, 8151, 8.81, 145.00, 210, 405, 1, 8
2026-09-01T12:59:09.2699432+07:00,2026/09/01 12:59:09.300, NVIDIA GeForce RTX 5060, 591.86, P8, 30, 1, 1219, 8151, 9.23, 145.00, 360, 405, 1, 8
2026-09-01T12:59:14.3163111+07:00,2026/09/01 12:59:14.363, NVIDIA GeForce RTX 5060, 591.86, P8, 30, 0, 1208, 8151, 8.66, 145.00, 210, 405, 1, 8
2026-09-01T12:59:19.3792936+07:00,2026/09/01 12:59:19.410, NVIDIA GeForce RTX 5060, 591.86, P8, 30, 0, 1215, 8151, 8.68, 145.00, 210, 405, 1, 8
2026-09-01T12:59:24.4293807+07:00,2026/09/01 12:59:24.475, NVIDIA GeForce RTX 5060, 591.86, P8, 30, 15, 1286, 8151, 8.82, 145.00, 247, 405, 1, 8
2026-09-01T12:59:29.4912530+07:00,2026/09/01 12:59:29.522, NVIDIA GeForce RTX 5060, 591.86, P8, 30, 0, 1214, 8151, 8.88, 145.00, 232, 405, 1, 8
2026-09-01T12:59:34.6119382+07:00,2026/09/01 12:59:34.642, NVIDIA GeForce RTX 5060, 591.86, P8, 30, 0, 1204, 8151, 8.70, 145.00, 255, 405, 1, 8
2026-09-01T12:59:39.6738529+07:00,2026/09/01 12:59:39.705, NVIDIA GeForce RTX 5060, 591.86, P8, 30, 0, 1190, 8151, 8.64, 145.00, 232, 405, 1, 8
2026-09-01T12:59:44.7264816+07:00,2026/09/01 12:59:44.757, NVIDIA GeForce RTX 5060, 591.86, P8, 30, 0, 1190, 8151, 8.72, 145.00, 210, 405, 1, 8
2026-09-01T12:59:49.7752900+07:00,2026/09/01 12:59:49.806, NVIDIA GeForce RTX 5060, 591.86, P8, 30, 1, 1199, 8151, 9.21, 145.00, 390, 405, 1, 8
2026-09-01T12:59:54.8240387+07:00,2026/09/01 12:59:54.855, NVIDIA GeForce RTX 5060, 591.86, P8, 30, 0, 1193, 8151, 8.66, 145.00, 262, 405, 1, 8
2026-09-01T12:59:59.8707932+07:00,2026/09/01 12:59:59.917, NVIDIA GeForce RTX 5060, 591.86, P8, 29, 0, 1192, 8151, 8.67, 145.00, 262, 405, 1, 8
2026-09-01T13:00:05.0071089+07:00,2026/09/01 13:00:05.037, NVIDIA GeForce RTX 5060, 591.86, P8, 29, 0, 1193, 8151, 8.81, 145.00, 270, 405, 1, 8
2026-09-01T13:00:10.0537691+07:00,2026/09/01 13:00:10.084, NVIDIA GeForce RTX 5060, 591.86, P8, 29, 0, 1194, 8151, 9.04, 145.00, 315, 405, 1, 8
2026-09-01T13:00:15.1139214+07:00,2026/09/01 13:00:15.144, NVIDIA GeForce RTX 5060, 591.86, P8, 29, 0, 1196, 8151, 8.79, 145.00, 210, 405, 1, 8
2026-09-01T13:00:20.1757385+07:00,2026/09/01 13:00:20.206, NVIDIA GeForce RTX 5060, 591.86, P8, 29, 0, 1195, 8151, 8.53, 145.00, 232, 405, 1, 8
2026-09-01T13:00:25.2208909+07:00,2026/09/01 13:00:25.251, NVIDIA GeForce RTX 5060, 591.86, P8, 30, 0, 1196, 8151, 9.42, 145.00, 450, 405, 1, 8
2026-09-01T13:00:30.2769331+07:00,2026/09/01 13:00:30.323, NVIDIA GeForce RTX 5060, 591.86, P8, 29, 0, 1197, 8151, 8.58, 145.00, 210, 405, 1, 8
2026-09-01T13:00:35.4181530+07:00,2026/09/01 13:00:35.449, NVIDIA GeForce RTX 5060, 591.86, P8, 30, 6, 1234, 8151, 11.14, 145.00, 712, 405, 1, 8
2026-09-01T13:00:40.4658903+07:00,2026/09/01 13:00:40.496, NVIDIA GeForce RTX 5060, 591.86, P8, 30, 5, 1246, 8151, 12.15, 145.00, 772, 405, 1, 8
2026-09-01T13:00:45.5057224+07:00,2026/09/01 13:00:45.536, NVIDIA GeForce RTX 5060, 591.86, P8, 30, 4, 1243, 8151, 10.32, 145.00, 675, 405, 1, 8
2026-09-01T13:00:50.5509124+07:00,2026/09/01 13:00:50.581, NVIDIA GeForce RTX 5060, 591.86, P8, 30, 4, 1243, 8151, 10.92, 145.00, 600, 405, 1, 8
2026-09-01T13:00:55.5931422+07:00,2026/09/01 13:00:55.654, NVIDIA GeForce RTX 5060, 591.86, P8, 30, 2, 1240, 8151, 11.82, 145.00, 615, 405, 1, 8
2026-09-01T13:01:00.6796884+07:00,2026/09/01 13:01:00.772, NVIDIA GeForce RTX 5060, 591.86, P8, 30, 3, 1233, 8151, 10.93, 145.00, 502, 405, 1, 8
2026-09-01T13:01:05.8669988+07:00,2026/09/01 13:01:05.898, NVIDIA GeForce RTX 5060, 591.86, P8, 29, 0, 1221, 8151, 8.29, 145.00, 210, 405, 1, 8
2026-09-01T13:01:10.9238366+07:00,2026/09/01 13:01:10.954, NVIDIA GeForce RTX 5060, 591.86, P8, 29, 0, 1221, 8151, 7.92, 145.00, 210, 405, 1, 8
2026-09-01T13:01:15.9852042+07:00,2026/09/01 13:01:16.029, NVIDIA GeForce RTX 5060, 591.86, P8, 30, 10, 1218, 8151, 9.47, 145.00, 285, 405, 1, 8
2026-09-01T13:01:21.0429235+07:00,2026/09/01 13:01:21.073, NVIDIA GeForce RTX 5060, 591.86, P8, 30, 7, 1225, 8151, 12.87, 145.00, 930, 405, 1, 8
2026-09-01T13:01:26.0870965+07:00,2026/09/01 13:01:26.118, NVIDIA GeForce RTX 5060, 591.86, P8, 29, 0, 1234, 8151, 8.98, 145.00, 232, 405, 1, 8
2026-09-01T13:01:31.1460196+07:00,2026/09/01 13:01:31.177, NVIDIA GeForce RTX 5060, 591.86, P8, 29, 0, 1225, 8151, 9.69, 145.00, 300, 405, 1, 8
2026-09-01T13:01:36.2544841+07:00,2026/09/01 13:01:36.285, NVIDIA GeForce RTX 5060, 591.86, P0, 31, 0, 1294, 8151, 19.17, 145.00, 2512, 14201, 4, 8
2026-09-01T13:01:41.3142068+07:00,2026/09/01 13:01:41.344, NVIDIA GeForce RTX 5060, 591.86, P5, 30, 1, 1322, 8151, 10.51, 145.00, 375, 810, 1, 8
2026-09-01T13:01:46.3558854+07:00,2026/09/01 13:01:46.386, NVIDIA GeForce RTX 5060, 591.86, P8, 30, 0, 1230, 8151, 8.41, 145.00, 240, 405, 1, 8
2026-09-01T13:01:51.3973614+07:00,2026/09/01 13:01:51.443, NVIDIA GeForce RTX 5060, 591.86, P8, 30, 2, 1315, 8151, 8.90, 145.00, 547, 405, 1, 8
2026-09-01T13:01:56.4587891+07:00,2026/09/01 13:01:56.504, NVIDIA GeForce RTX 5060, 591.86, P8, 30, 3, 1374, 8151, 9.16, 145.00, 457, 405, 1, 8
2026-09-01T13:02:01.5204535+07:00,2026/09/01 13:02:01.551, NVIDIA GeForce RTX 5060, 591.86, P8, 30, 1, 1131, 8151, 8.93, 145.00, 210, 405, 1, 8
2026-09-01T13:02:06.6440455+07:00,2026/09/01 13:02:06.675, NVIDIA GeForce RTX 5060, 591.86, P8, 29, 0, 1112, 8151, 8.45, 145.00, 210, 405, 1, 8
2026-09-01T13:02:11.7038122+07:00,2026/09/01 13:02:11.748, NVIDIA GeForce RTX 5060, 591.86, P8, 29, 0, 1113, 8151, 8.35, 145.00, 210, 405, 1, 8
2026-09-01T13:02:16.7642193+07:00,2026/09/01 13:02:16.795, NVIDIA GeForce RTX 5060, 591.86, P8, 29, 0, 1102, 8151, 8.19, 145.00, 210, 405, 1, 8
2026-09-01T13:02:21.8131075+07:00,2026/09/01 13:02:21.844, NVIDIA GeForce RTX 5060, 591.86, P8, 29, 0, 1102, 8151, 8.02, 145.00, 210, 405, 1, 8
2026-09-01T13:02:26.8761927+07:00,2026/09/01 13:02:26.906, NVIDIA GeForce RTX 5060, 591.86, P8, 29, 0, 1102, 8151, 7.75, 145.00, 210, 405, 1, 8
2026-09-01T13:02:31.9187327+07:00,2026/09/01 13:02:31.949, NVIDIA GeForce RTX 5060, 591.86, P8, 29, 0, 1148, 8151, 8.68, 145.00, 532, 405, 1, 8
2026-09-01T13:02:37.0414272+07:00,2026/09/01 13:02:37.072, NVIDIA GeForce RTX 5060, 591.86, P8, 29, 0, 1102, 8151, 8.05, 145.00, 210, 405, 1, 8
2026-09-01T13:02:42.0893219+07:00,2026/09/01 13:02:42.120, NVIDIA GeForce RTX 5060, 591.86, P8, 29, 0, 1102, 8151, 7.91, 145.00, 210, 405, 1, 8
2026-09-01T13:02:47.1369816+07:00,2026/09/01 13:02:47.168, NVIDIA GeForce RTX 5060, 591.86, P8, 29, 0, 1102, 8151, 7.99, 145.00, 210, 405, 1, 8
2026-09-01T13:02:52.1882118+07:00,2026/09/01 13:02:52.233, NVIDIA GeForce RTX 5060, 591.86, P8, 29, 0, 1102, 8151, 8.02, 145.00, 210, 405, 1, 8
2026-09-01T13:02:57.2428100+07:00,2026/09/01 13:02:57.289, NVIDIA GeForce RTX 5060, 591.86, P8, 29, 0, 1102, 8151, 7.88, 145.00, 210, 405, 1, 8
2026-09-01T13:03:02.3206607+07:00,2026/09/01 13:03:02.351, NVIDIA GeForce RTX 5060, 591.86, P8, 29, 0, 1102, 8151, 8.17, 145.00, 210, 405, 1, 8
2026-09-01T13:03:07.4617791+07:00,2026/09/01 13:03:07.492, NVIDIA GeForce RTX 5060, 591.86, P8, 29, 0, 1104, 8151, 8.36, 145.00, 210, 405, 1, 8
2026-09-01T13:03:12.5241999+07:00,2026/09/01 13:03:12.570, NVIDIA GeForce RTX 5060, 591.86, P8, 29, 0, 1116, 8151, 8.05, 145.00, 210, 405, 1, 8
2026-09-01T13:03:17.5846133+07:00,2026/09/01 13:03:17.615, NVIDIA GeForce RTX 5060, 591.86, P8, 29, 0, 1116, 8151, 7.86, 145.00, 210, 405, 1, 8
2026-09-01T13:03:22.6319039+07:00,2026/09/01 13:03:22.678, NVIDIA GeForce RTX 5060, 591.86, P8, 29, 0, 1116, 8151, 7.67, 145.00, 210, 405, 1, 8
2026-09-01T13:03:27.6952546+07:00,2026/09/01 13:03:27.725, NVIDIA GeForce RTX 5060, 591.86, P8, 29, 0, 1116, 8151, 7.76, 145.00, 210, 405, 1, 8
2026-09-01T13:03:32.7430918+07:00,2026/09/01 13:03:32.774, NVIDIA GeForce RTX 5060, 591.86, P0, 30, 0, 1164, 8151, 14.92, 145.00, 2527, 14201, 4, 8
2026-09-01T13:03:37.8607302+07:00,2026/09/01 13:03:37.906, NVIDIA GeForce RTX 5060, 591.86, P5, 29, 0, 1119, 8151, 8.97, 145.00, 210, 810, 1, 8
2026-09-01T13:03:42.9239830+07:00,2026/09/01 13:03:42.954, NVIDIA GeForce RTX 5060, 591.86, P8, 29, 0, 1118, 8151, 7.84, 145.00, 202, 405, 1, 8
2026-09-01T13:03:47.9864418+07:00,2026/09/01 13:03:48.033, NVIDIA GeForce RTX 5060, 591.86, P8, 29, 0, 1118, 8151, 7.78, 145.00, 210, 405, 1, 8
2026-09-01T13:03:53.0504350+07:00,2026/09/01 13:03:53.081, NVIDIA GeForce RTX 5060, 591.86, P8, 29, 0, 1111, 8151, 7.89, 145.00, 210, 405, 1, 8
2026-09-01T13:03:58.1088055+07:00,2026/09/01 13:03:58.139, NVIDIA GeForce RTX 5060, 591.86, P8, 29, 0, 1111, 8151, 8.03, 145.00, 210, 405, 1, 8
2026-09-01T13:04:03.1616618+07:00,2026/09/01 13:04:03.189, NVIDIA GeForce RTX 5060, 591.86, P8, 29, 0, 1104, 8151, 7.92, 145.00, 210, 405, 1, 8
2026-09-01T13:04:08.2684090+07:00,2026/09/01 13:04:08.299, NVIDIA GeForce RTX 5060, 591.86, P8, 29, 0, 1096, 8151, 8.17, 145.00, 210, 405, 1, 8
2026-09-01T13:04:13.3177071+07:00,2026/09/01 13:04:13.348, NVIDIA GeForce RTX 5060, 591.86, P8, 29, 0, 1097, 8151, 8.43, 145.00, 210, 405, 1, 8
2026-09-01T13:04:18.3752914+07:00,2026/09/01 13:04:18.406, NVIDIA GeForce RTX 5060, 591.86, P8, 29, 0, 1097, 8151, 8.33, 145.00, 210, 405, 1, 8
2026-09-01T13:04:23.4229210+07:00,2026/09/01 13:04:23.453, NVIDIA GeForce RTX 5060, 591.86, P8, 29, 0, 1097, 8151, 8.05, 145.00, 210, 405, 1, 8
2026-09-01T13:04:28.4725819+07:00,2026/09/01 13:04:28.503, NVIDIA GeForce RTX 5060, 591.86, P8, 29, 0, 1097, 8151, 7.97, 145.00, 210, 405, 1, 8
2026-09-01T13:04:33.5203377+07:00,2026/09/01 13:04:33.551, NVIDIA GeForce RTX 5060, 591.86, P1, 29, 0, 1097, 8151, 9.83, 145.00, 210, 14001, 4, 8
2026-09-01T13:04:38.7191769+07:00,2026/09/01 13:04:38.750, NVIDIA GeForce RTX 5060, 591.86, P8, 29, 0, 1097, 8151, 8.03, 145.00, 210, 405, 1, 8
2026-09-01T13:04:43.7679089+07:00,2026/09/01 13:04:43.798, NVIDIA GeForce RTX 5060, 591.86, P8, 29, 0, 1097, 8151, 8.03, 145.00, 210, 405, 1, 8
2026-09-01T13:04:48.8299760+07:00,2026/09/01 13:04:48.860, NVIDIA GeForce RTX 5060, 591.86, P8, 29, 0, 1097, 8151, 7.87, 145.00, 210, 405, 1, 8
2026-09-01T13:04:53.8782919+07:00,2026/09/01 13:04:53.909, NVIDIA GeForce RTX 5060, 591.86, P8, 29, 0, 1097, 8151, 7.92, 145.00, 210, 405, 1, 8
2026-09-01T13:04:58.9363416+07:00,2026/09/01 13:04:58.967, NVIDIA GeForce RTX 5060, 591.86, P1, 29, 0, 1097, 8151, 7.93, 145.00, 210, 405, 4, 8
2026-09-01T13:05:03.9871962+07:00,2026/09/01 13:05:04.018, NVIDIA GeForce RTX 5060, 591.86, P8, 29, 0, 1097, 8151, 7.88, 145.00, 210, 405, 1, 8
2026-09-01T13:05:09.1289308+07:00,2026/09/01 13:05:09.159, NVIDIA GeForce RTX 5060, 591.86, P8, 29, 0, 1097, 8151, 8.19, 145.00, 210, 405, 1, 8
2026-09-01T13:05:14.1779463+07:00,2026/09/01 13:05:14.208, NVIDIA GeForce RTX 5060, 591.86, P8, 29, 0, 1097, 8151, 7.77, 145.00, 210, 405, 1, 8
2026-09-01T13:05:19.2184625+07:00,2026/09/01 13:05:19.249, NVIDIA GeForce RTX 5060, 591.86, P8, 29, 0, 1097, 8151, 7.63, 145.00, 210, 405, 1, 8
2026-09-01T13:05:24.2681051+07:00,2026/09/01 13:05:24.298, NVIDIA GeForce RTX 5060, 591.86, P8, 29, 0, 1097, 8151, 7.78, 145.00, 210, 405, 1, 8
2026-09-01T13:05:29.3176477+07:00,2026/09/01 13:05:29.348, NVIDIA GeForce RTX 5060, 591.86, P8, 29, 0, 1097, 8151, 7.77, 145.00, 210, 405, 1, 8
2026-09-01T13:05:34.3653220+07:00,2026/09/01 13:05:34.396, NVIDIA GeForce RTX 5060, 591.86, P8, 29, 0, 1097, 8151, 7.74, 145.00, 210, 405, 1, 8
2026-09-01T13:05:39.4859605+07:00,2026/09/01 13:05:39.516, NVIDIA GeForce RTX 5060, 591.86, P8, 29, 0, 1097, 8151, 7.87, 145.00, 210, 405, 1, 8
2026-09-01T13:05:44.5348854+07:00,2026/09/01 13:05:44.565, NVIDIA GeForce RTX 5060, 591.86, P8, 29, 0, 1097, 8151, 7.75, 145.00, 210, 405, 1, 8
2026-09-01T13:05:49.5854757+07:00,2026/09/01 13:05:49.616, NVIDIA GeForce RTX 5060, 591.86, P8, 29, 0, 1097, 8151, 7.72, 145.00, 210, 405, 1, 8
2026-09-01T13:05:54.6350380+07:00,2026/09/01 13:05:54.666, NVIDIA GeForce RTX 5060, 591.86, P8, 29, 0, 1097, 8151, 7.81, 145.00, 210, 405, 1, 8
2026-09-01T13:05:59.6942830+07:00,2026/09/01 13:05:59.725, NVIDIA GeForce RTX 5060, 591.86, P8, 29, 0, 1097, 8151, 7.85, 145.00, 210, 405, 1, 8
2026-09-01T13:06:04.7417142+07:00,2026/09/01 13:06:04.772, NVIDIA GeForce RTX 5060, 591.86, P8, 29, 0, 1097, 8151, 8.08, 145.00, 210, 405, 1, 8
2026-09-01T13:06:09.8496385+07:00,2026/09/01 13:06:09.896, NVIDIA GeForce RTX 5060, 591.86, P8, 29, 0, 1097, 8151, 7.68, 145.00, 210, 405, 1, 8
2026-09-01T13:06:14.9270953+07:00,2026/09/01 13:06:14.958, NVIDIA GeForce RTX 5060, 591.86, P8, 29, 0, 1097, 8151, 7.85, 145.00, 210, 405, 1, 8
2026-09-01T13:06:19.9831237+07:00,2026/09/01 13:06:20.014, NVIDIA GeForce RTX 5060, 591.86, P8, 29, 0, 1097, 8151, 8.36, 145.00, 202, 405, 1, 8
2026-09-01T13:06:25.0315391+07:00,2026/09/01 13:06:25.062, NVIDIA GeForce RTX 5060, 591.86, P8, 29, 0, 1097, 8151, 7.74, 145.00, 202, 405, 1, 8
2026-09-01T13:06:30.0800293+07:00,2026/09/01 13:06:30.111, NVIDIA GeForce RTX 5060, 591.86, P8, 29, 0, 1097, 8151, 7.78, 145.00, 210, 405, 1, 8
2026-09-01T13:06:35.1284763+07:00,2026/09/01 13:06:35.159, NVIDIA GeForce RTX 5060, 591.86, P8, 29, 0, 1097, 8151, 7.84, 145.00, 210, 405, 1, 8
2026-09-01T13:06:40.2341218+07:00,2026/09/01 13:06:40.265, NVIDIA GeForce RTX 5060, 591.86, P8, 29, 0, 1097, 8151, 7.76, 145.00, 210, 405, 1, 8
2026-09-01T13:06:45.2824547+07:00,2026/09/01 13:06:45.313, NVIDIA GeForce RTX 5060, 591.86, P8, 28, 0, 1097, 8151, 7.76, 145.00, 210, 405, 1, 8
2026-09-01T13:06:50.3324824+07:00,2026/09/01 13:06:50.363, NVIDIA GeForce RTX 5060, 591.86, P8, 28, 0, 1097, 8151, 7.66, 145.00, 210, 405, 1, 8
2026-09-01T13:06:55.3820405+07:00,2026/09/01 13:06:55.413, NVIDIA GeForce RTX 5060, 591.86, P8, 28, 0, 1097, 8151, 7.90, 145.00, 210, 405, 1, 8
2026-09-01T13:07:00.4405039+07:00,2026/09/01 13:07:00.471, NVIDIA GeForce RTX 5060, 591.86, P8, 28, 0, 1097, 8151, 7.88, 145.00, 210, 405, 1, 8
2026-09-01T13:07:05.4890149+07:00,2026/09/01 13:07:05.535, NVIDIA GeForce RTX 5060, 591.86, P8, 28, 0, 1097, 8151, 7.92, 145.00, 210, 405, 1, 8
2026-09-01T13:07:10.6143719+07:00,2026/09/01 13:07:10.645, NVIDIA GeForce RTX 5060, 591.86, P8, 28, 0, 1097, 8151, 8.13, 145.00, 210, 405, 1, 8
2026-09-01T13:07:15.6768488+07:00,2026/09/01 13:07:15.707, NVIDIA GeForce RTX 5060, 591.86, P8, 28, 0, 1097, 8151, 7.75, 145.00, 210, 405, 1, 8
2026-09-01T13:07:20.7341218+07:00,2026/09/01 13:07:20.780, NVIDIA GeForce RTX 5060, 591.86, P8, 29, 0, 1170, 8151, 9.05, 145.00, 210, 405, 1, 8
2026-09-01T13:07:25.8119374+07:00,2026/09/01 13:07:25.842, NVIDIA GeForce RTX 5060, 591.86, P8, 29, 0, 1117, 8151, 8.49, 145.00, 285, 405, 1, 8
2026-09-01T13:07:30.8595487+07:00,2026/09/01 13:07:30.890, NVIDIA GeForce RTX 5060, 591.86, P8, 28, 0, 1101, 8151, 7.87, 145.00, 210, 405, 1, 8
2026-09-01T13:07:35.9070330+07:00,2026/09/01 13:07:35.938, NVIDIA GeForce RTX 5060, 591.86, P8, 28, 0, 1101, 8151, 7.98, 145.00, 210, 405, 1, 8
2026-09-01T13:07:41.0262761+07:00,2026/09/01 13:07:41.071, NVIDIA GeForce RTX 5060, 591.86, P8, 28, 0, 1101, 8151, 7.96, 145.00, 210, 405, 1, 8
2026-09-01T13:07:46.0901812+07:00,2026/09/01 13:07:46.121, NVIDIA GeForce RTX 5060, 591.86, P8, 28, 0, 1101, 8151, 7.93, 145.00, 210, 405, 1, 8
2026-09-01T13:07:51.1401972+07:00,2026/09/01 13:07:51.171, NVIDIA GeForce RTX 5060, 591.86, P8, 28, 0, 1097, 8151, 8.04, 145.00, 210, 405, 1, 8
2026-09-01T13:07:56.2057571+07:00,2026/09/01 13:07:56.236, NVIDIA GeForce RTX 5060, 591.86, P0, 29, 0, 1152, 8151, 11.08, 145.00, 1387, 14201, 4, 8
2026-09-01T13:08:01.2617642+07:00,2026/09/01 13:08:01.292, NVIDIA GeForce RTX 5060, 591.86, P5, 29, 0, 1105, 8151, 9.10, 145.00, 262, 810, 2, 8
2026-09-01T13:08:06.3114529+07:00,2026/09/01 13:08:06.342, NVIDIA GeForce RTX 5060, 591.86, P8, 29, 0, 1105, 8151, 7.86, 145.00, 210, 405, 1, 8
2026-09-01T13:08:11.4237152+07:00,2026/09/01 13:08:11.453, NVIDIA GeForce RTX 5060, 591.86, P8, 29, 0, 1105, 8151, 7.94, 145.00, 210, 405, 1, 8
2026-09-01T13:08:16.4714473+07:00,2026/09/01 13:08:16.502, NVIDIA GeForce RTX 5060, 591.86, P8, 29, 0, 1105, 8151, 7.83, 145.00, 210, 405, 1, 8
2026-09-01T13:08:21.5145304+07:00,2026/09/01 13:08:21.561, NVIDIA GeForce RTX 5060, 591.86, P8, 28, 0, 1069, 8151, 7.92, 145.00, 210, 405, 1, 8
2026-09-01T13:08:26.5790888+07:00,2026/09/01 13:08:26.610, NVIDIA GeForce RTX 5060, 591.86, P5, 29, 0, 1069, 8151, 10.73, 145.00, 210, 810, 2, 8
2026-09-01T13:08:31.6299242+07:00,2026/09/01 13:08:31.660, NVIDIA GeForce RTX 5060, 591.86, P8, 29, 0, 1072, 8151, 8.02, 145.00, 210, 405, 1, 8
2026-09-01T13:08:36.6794509+07:00,2026/09/01 13:08:36.710, NVIDIA GeForce RTX 5060, 591.86, P8, 29, 1, 1137, 8151, 9.90, 145.00, 352, 405, 1, 8
2026-09-01T13:08:41.7965566+07:00,2026/09/01 13:08:41.827, NVIDIA GeForce RTX 5060, 591.86, P0, 30, 0, 1084, 8151, 22.47, 145.00, 2535, 14201, 4, 8
2026-09-01T13:08:46.8580818+07:00,2026/09/01 13:08:46.889, NVIDIA GeForce RTX 5060, 591.86, P8, 29, 0, 1088, 8151, 8.50, 145.00, 210, 405, 1, 8
2026-09-01T13:08:51.9203885+07:00,2026/09/01 13:08:51.951, NVIDIA GeForce RTX 5060, 591.86, P8, 29, 0, 1076, 8151, 8.63, 145.00, 232, 405, 1, 8
2026-09-01T13:08:56.9819718+07:00,2026/09/01 13:08:57.013, NVIDIA GeForce RTX 5060, 591.86, P8, 29, 1, 1076, 8151, 8.62, 145.00, 255, 405, 1, 8
2026-09-01T13:09:02.0217135+07:00,2026/09/01 13:09:02.052, NVIDIA GeForce RTX 5060, 591.86, P8, 29, 0, 1076, 8151, 8.64, 145.00, 210, 405, 1, 8
2026-09-01T13:09:07.0985643+07:00,2026/09/01 13:09:07.129, NVIDIA GeForce RTX 5060, 591.86, P8, 29, 0, 1150, 8151, 10.43, 145.00, 375, 405, 1, 8
2026-09-01T13:09:12.2065923+07:00,2026/09/01 13:09:12.237, NVIDIA GeForce RTX 5060, 591.86, P3, 30, 0, 1092, 8151, 22.38, 145.00, 2520, 14201, 4, 8
2026-09-01T13:09:17.2515168+07:00,2026/09/01 13:09:17.282, NVIDIA GeForce RTX 5060, 591.86, P8, 29, 1, 1073, 8151, 8.83, 145.00, 307, 405, 1, 8
2026-09-01T13:09:22.3198855+07:00,2026/09/01 13:09:22.350, NVIDIA GeForce RTX 5060, 591.86, P8, 29, 0, 1073, 8151, 8.65, 145.00, 285, 405, 1, 8
2026-09-01T13:09:27.3680816+07:00,2026/09/01 13:09:27.414, NVIDIA GeForce RTX 5060, 591.86, P8, 29, 0, 1073, 8151, 8.51, 145.00, 232, 405, 1, 8
2026-09-01T13:09:32.4312584+07:00,2026/09/01 13:09:32.462, NVIDIA GeForce RTX 5060, 591.86, P8, 29, 1, 1074, 8151, 8.85, 145.00, 390, 405, 1, 8
2026-09-01T13:09:37.4794966+07:00,2026/09/01 13:09:37.510, NVIDIA GeForce RTX 5060, 591.86, P8, 29, 0, 1122, 8151, 8.51, 145.00, 255, 405, 1, 8
2026-09-01T13:09:42.6032439+07:00,2026/09/01 13:09:42.647, NVIDIA GeForce RTX 5060, 591.86, P8, 29, 0, 1077, 8151, 8.77, 145.00, 262, 405, 1, 8
2026-09-01T13:09:47.6615869+07:00,2026/09/01 13:09:47.692, NVIDIA GeForce RTX 5060, 591.86, P8, 29, 0, 1073, 8151, 8.91, 145.00, 322, 405, 1, 8
2026-09-01T13:09:52.7098483+07:00,2026/09/01 13:09:52.740, NVIDIA GeForce RTX 5060, 591.86, P8, 29, 0, 1074, 8151, 8.69, 145.00, 262, 405, 1, 8
2026-09-01T13:09:57.7582974+07:00,2026/09/01 13:09:57.789, NVIDIA GeForce RTX 5060, 591.86, P8, 29, 0, 1074, 8151, 9.12, 145.00, 300, 405, 1, 8
2026-09-01T13:10:02.8059133+07:00,2026/09/01 13:10:02.836, NVIDIA GeForce RTX 5060, 591.86, P8, 29, 0, 1071, 8151, 8.85, 145.00, 330, 405, 1, 8
2026-09-01T13:10:07.8496687+07:00,2026/09/01 13:10:07.880, NVIDIA GeForce RTX 5060, 591.86, P8, 29, 1, 1072, 8151, 8.97, 145.00, 330, 405, 1, 8
2026-09-01T13:10:12.9732740+07:00,2026/09/01 13:10:13.004, NVIDIA GeForce RTX 5060, 591.86, P8, 29, 0, 1072, 8151, 8.66, 145.00, 232, 405, 1, 8
2026-09-01T13:10:18.0214535+07:00,2026/09/01 13:10:18.052, NVIDIA GeForce RTX 5060, 591.86, P8, 29, 0, 1072, 8151, 9.02, 145.00, 255, 405, 1, 8
2026-09-01T13:10:23.0840812+07:00,2026/09/01 13:10:23.115, NVIDIA GeForce RTX 5060, 591.86, P8, 29, 0, 1071, 8151, 8.62, 145.00, 285, 405, 1, 8
2026-09-01T13:10:28.1405606+07:00,2026/09/01 13:10:28.202, NVIDIA GeForce RTX 5060, 591.86, P8, 29, 0, 1072, 8151, 8.78, 145.00, 262, 405, 1, 8
2026-09-01T13:10:33.2183801+07:00,2026/09/01 13:10:33.249, NVIDIA GeForce RTX 5060, 591.86, P8, 29, 0, 1073, 8151, 8.94, 145.00, 255, 405, 1, 8
2026-09-01T13:10:38.2796280+07:00,2026/09/01 13:10:38.310, NVIDIA GeForce RTX 5060, 591.86, P8, 29, 0, 1073, 8151, 8.96, 145.00, 285, 405, 1, 8
2026-09-01T13:10:43.3924218+07:00,2026/09/01 13:10:43.423, NVIDIA GeForce RTX 5060, 591.86, P8, 29, 0, 1072, 8151, 9.19, 145.00, 285, 405, 1, 8
2026-09-01T13:10:48.4529186+07:00,2026/09/01 13:10:48.498, NVIDIA GeForce RTX 5060, 591.86, P8, 29, 0, 1072, 8151, 8.72, 145.00, 262, 405, 1, 8
2026-09-01T13:10:53.5124506+07:00,2026/09/01 13:10:53.543, NVIDIA GeForce RTX 5060, 591.86, P8, 29, 0, 1073, 8151, 8.82, 145.00, 285, 405, 1, 8
2026-09-01T13:10:58.5609321+07:00,2026/09/01 13:10:58.591, NVIDIA GeForce RTX 5060, 591.86, P8, 29, 0, 1073, 8151, 9.01, 145.00, 285, 405, 1, 8
2026-09-01T13:11:03.6082303+07:00,2026/09/01 13:11:03.639, NVIDIA GeForce RTX 5060, 591.86, P8, 29, 0, 1073, 8151, 8.58, 145.00, 232, 405, 1, 8
2026-09-01T13:11:08.6674515+07:00,2026/09/01 13:11:08.698, NVIDIA GeForce RTX 5060, 591.86, P8, 29, 0, 1073, 8151, 8.93, 145.00, 307, 405, 1, 8
2026-09-01T13:11:13.7892103+07:00,2026/09/01 13:11:13.819, NVIDIA GeForce RTX 5060, 591.86, P8, 29, 0, 1073, 8151, 8.61, 145.00, 262, 405, 1, 8
2026-09-01T13:11:18.8368627+07:00,2026/09/01 13:11:18.867, NVIDIA GeForce RTX 5060, 591.86, P8, 29, 0, 1072, 8151, 8.79, 145.00, 277, 405, 1, 8
2026-09-01T13:11:23.8844336+07:00,2026/09/01 13:11:23.915, NVIDIA GeForce RTX 5060, 591.86, P8, 29, 0, 1072, 8151, 8.80, 145.00, 232, 405, 1, 8
2026-09-01T13:11:28.9473716+07:00,2026/09/01 13:11:28.978, NVIDIA GeForce RTX 5060, 591.86, P8, 29, 0, 1072, 8151, 8.72, 145.00, 255, 405, 1, 8
2026-09-01T13:11:33.9933000+07:00,2026/09/01 13:11:34.024, NVIDIA GeForce RTX 5060, 591.86, P8, 29, 0, 1072, 8151, 8.95, 145.00, 330, 405, 1, 8
2026-09-01T13:11:39.0415540+07:00,2026/09/01 13:11:39.072, NVIDIA GeForce RTX 5060, 591.86, P8, 29, 0, 1071, 8151, 8.93, 145.00, 315, 405, 1, 8
2026-09-01T13:11:44.1536923+07:00,2026/09/01 13:11:44.182, NVIDIA GeForce RTX 5060, 591.86, P8, 29, 0, 1072, 8151, 8.94, 145.00, 450, 405, 1, 8
2026-09-01T13:11:49.2140850+07:00,2026/09/01 13:11:49.245, NVIDIA GeForce RTX 5060, 591.86, P8, 29, 0, 1072, 8151, 8.66, 145.00, 232, 405, 1, 8
2026-09-01T13:11:54.2676191+07:00,2026/09/01 13:11:54.298, NVIDIA GeForce RTX 5060, 591.86, P8, 29, 0, 1072, 8151, 8.88, 145.00, 232, 405, 1, 8
2026-09-01T13:11:59.3275838+07:00,2026/09/01 13:11:59.358, NVIDIA GeForce RTX 5060, 591.86, P8, 29, 1, 1067, 8151, 8.99, 145.00, 210, 405, 1, 8
2026-09-01T13:12:04.3779771+07:00,2026/09/01 13:12:04.408, NVIDIA GeForce RTX 5060, 591.86, P8, 29, 1, 1072, 8151, 8.94, 145.00, 330, 405, 1, 8
2026-09-01T13:12:09.4288459+07:00,2026/09/01 13:12:09.459, NVIDIA GeForce RTX 5060, 591.86, P8, 28, 0, 1062, 8151, 8.88, 145.00, 210, 405, 1, 8
2026-09-01T13:12:14.5653901+07:00,2026/09/01 13:12:14.596, NVIDIA GeForce RTX 5060, 591.86, P8, 29, 0, 1068, 8151, 8.27, 145.00, 255, 405, 1, 8
2026-09-01T13:12:19.6160846+07:00,2026/09/01 13:12:19.647, NVIDIA GeForce RTX 5060, 591.86, P8, 28, 0, 1073, 8151, 8.49, 145.00, 210, 405, 1, 8
2026-09-01T13:12:24.6648231+07:00,2026/09/01 13:12:24.695, NVIDIA GeForce RTX 5060, 591.86, P8, 28, 0, 1064, 8151, 8.62, 145.00, 210, 405, 1, 8
2026-09-01T13:12:29.7135895+07:00,2026/09/01 13:12:29.744, NVIDIA GeForce RTX 5060, 591.86, P8, 28, 0, 1068, 8151, 8.25, 145.00, 210, 405, 1, 8
2026-09-01T13:12:34.7613067+07:00,2026/09/01 13:12:34.791, NVIDIA GeForce RTX 5060, 591.86, P8, 29, 1, 1073, 8151, 9.82, 145.00, 570, 405, 1, 8
2026-09-01T13:12:39.8197710+07:00,2026/09/01 13:12:39.850, NVIDIA GeForce RTX 5060, 591.86, P8, 28, 0, 1074, 8151, 8.50, 145.00, 210, 405, 1, 8
2026-09-01T13:12:44.9432300+07:00,2026/09/01 13:12:44.989, NVIDIA GeForce RTX 5060, 591.86, P8, 28, 0, 1062, 8151, 8.68, 145.00, 232, 405, 1, 8
2026-09-01T13:12:50.0064657+07:00,2026/09/01 13:12:50.037, NVIDIA GeForce RTX 5060, 591.86, P8, 28, 0, 1062, 8151, 8.52, 145.00, 210, 405, 1, 8
2026-09-01T13:12:55.0551497+07:00,2026/09/01 13:12:55.101, NVIDIA GeForce RTX 5060, 591.86, P8, 28, 0, 1062, 8151, 8.68, 145.00, 210, 405, 1, 8
2026-09-01T13:13:00.1308933+07:00,2026/09/01 13:13:00.161, NVIDIA GeForce RTX 5060, 591.86, P8, 28, 0, 1062, 8151, 8.47, 145.00, 232, 405, 1, 8
2026-09-01T13:13:05.1922230+07:00,2026/09/01 13:13:05.223, NVIDIA GeForce RTX 5060, 591.86, P8, 28, 0, 1062, 8151, 8.38, 145.00, 210, 405, 1, 8
2026-09-01T13:13:10.2403312+07:00,2026/09/01 13:13:10.271, NVIDIA GeForce RTX 5060, 591.86, P8, 28, 0, 1062, 8151, 8.52, 145.00, 232, 405, 1, 8
2026-09-01T13:13:15.3633413+07:00,2026/09/01 13:13:15.409, NVIDIA GeForce RTX 5060, 591.86, P8, 28, 0, 1062, 8151, 8.34, 145.00, 210, 405, 1, 8
2026-09-01T13:13:20.4335900+07:00,2026/09/01 13:13:20.464, NVIDIA GeForce RTX 5060, 591.86, P8, 28, 0, 1062, 8151, 8.45, 145.00, 232, 405, 1, 8
2026-09-01T13:13:25.4957257+07:00,2026/09/01 13:13:25.541, NVIDIA GeForce RTX 5060, 591.86, P8, 28, 0, 1062, 8151, 8.44, 145.00, 225, 405, 1, 8
2026-09-01T13:13:30.5720789+07:00,2026/09/01 13:13:30.603, NVIDIA GeForce RTX 5060, 591.86, P8, 28, 0, 1062, 8151, 8.41, 145.00, 210, 405, 1, 8
2026-09-01T13:13:35.6340720+07:00,2026/09/01 13:13:35.665, NVIDIA GeForce RTX 5060, 591.86, P8, 28, 0, 1062, 8151, 8.26, 145.00, 217, 405, 1, 8
2026-09-01T13:13:40.6887405+07:00,2026/09/01 13:13:40.719, NVIDIA GeForce RTX 5060, 591.86, P8, 28, 0, 1062, 8151, 8.60, 145.00, 210, 405, 1, 8
2026-09-01T13:13:45.7994371+07:00,2026/09/01 13:13:45.830, NVIDIA GeForce RTX 5060, 591.86, P8, 28, 0, 1062, 8151, 8.40, 145.00, 232, 405, 1, 8
2026-09-01T13:13:50.8611925+07:00,2026/09/01 13:13:50.892, NVIDIA GeForce RTX 5060, 591.86, P8, 28, 0, 1062, 8151, 8.63, 145.00, 210, 405, 1, 8
2026-09-01T13:13:55.9231518+07:00,2026/09/01 13:13:55.954, NVIDIA GeForce RTX 5060, 591.86, P8, 28, 0, 1062, 8151, 8.53, 145.00, 210, 405, 1, 8
2026-09-01T13:14:00.9808415+07:00,2026/09/01 13:14:01.011, NVIDIA GeForce RTX 5060, 591.86, P8, 28, 0, 1062, 8151, 8.58, 145.00, 240, 405, 1, 8
2026-09-01T13:14:06.0405254+07:00,2026/09/01 13:14:06.071, NVIDIA GeForce RTX 5060, 591.86, P8, 28, 0, 1062, 8151, 8.54, 145.00, 210, 405, 1, 8
2026-09-01T13:14:11.1011900+07:00,2026/09/01 13:14:11.132, NVIDIA GeForce RTX 5060, 591.86, P8, 28, 0, 1062, 8151, 8.52, 145.00, 232, 405, 1, 8
2026-09-01T13:14:16.2093203+07:00,2026/09/01 13:14:16.240, NVIDIA GeForce RTX 5060, 591.86, P8, 28, 0, 1062, 8151, 8.71, 145.00, 210, 405, 1, 8
2026-09-01T13:14:21.2557681+07:00,2026/09/01 13:14:21.301, NVIDIA GeForce RTX 5060, 591.86, P8, 28, 0, 1062, 8151, 8.50, 145.00, 240, 405, 1, 8
2026-09-01T13:14:26.3224001+07:00,2026/09/01 13:14:26.353, NVIDIA GeForce RTX 5060, 591.86, P8, 28, 0, 1062, 8151, 8.60, 145.00, 210, 405, 1, 8
2026-09-01T13:14:31.3827563+07:00,2026/09/01 13:14:31.413, NVIDIA GeForce RTX 5060, 591.86, P8, 28, 0, 1062, 8151, 8.69, 145.00, 210, 405, 1, 8
2026-09-01T13:14:36.4311129+07:00,2026/09/01 13:14:36.461, NVIDIA GeForce RTX 5060, 591.86, P8, 28, 0, 1062, 8151, 8.53, 145.00, 232, 405, 1, 8
2026-09-01T13:14:41.4782122+07:00,2026/09/01 13:14:41.509, NVIDIA GeForce RTX 5060, 591.86, P8, 28, 0, 1065, 8151, 8.75, 145.00, 210, 405, 1, 8
2026-09-01T13:14:46.6117420+07:00,2026/09/01 13:14:46.642, NVIDIA GeForce RTX 5060, 591.86, P8, 28, 0, 1065, 8151, 8.66, 145.00, 232, 405, 1, 8
2026-09-01T13:14:51.6569393+07:00,2026/09/01 13:14:51.687, NVIDIA GeForce RTX 5060, 591.86, P8, 28, 0, 1065, 8151, 8.70, 145.00, 210, 405, 1, 8
2026-09-01T13:14:56.7167423+07:00,2026/09/01 13:14:56.747, NVIDIA GeForce RTX 5060, 591.86, P8, 28, 0, 1065, 8151, 8.67, 145.00, 232, 405, 1, 8
2026-09-01T13:15:01.7644319+07:00,2026/09/01 13:15:01.810, NVIDIA GeForce RTX 5060, 591.86, P8, 28, 0, 1065, 8151, 8.76, 145.00, 210, 405, 1, 8
2026-09-01T13:15:06.8508387+07:00,2026/09/01 13:15:06.881, NVIDIA GeForce RTX 5060, 591.86, P8, 28, 0, 1074, 8151, 8.72, 145.00, 255, 405, 1, 8
2026-09-01T13:15:11.8971523+07:00,2026/09/01 13:15:11.943, NVIDIA GeForce RTX 5060, 591.86, P8, 28, 0, 1073, 8151, 9.06, 145.00, 307, 405, 1, 8
2026-09-01T13:15:17.0232702+07:00,2026/09/01 13:15:17.054, NVIDIA GeForce RTX 5060, 591.86, P8, 28, 0, 1073, 8151, 8.97, 145.00, 277, 405, 1, 8
2026-09-01T13:15:22.0849219+07:00,2026/09/01 13:15:22.116, NVIDIA GeForce RTX 5060, 591.86, P5, 29, 10, 1145, 8151, 11.43, 145.00, 907, 810, 1, 8
2026-09-01T13:15:27.1252446+07:00,2026/09/01 13:15:27.156, NVIDIA GeForce RTX 5060, 591.86, P8, 28, 1, 1201, 8151, 9.01, 145.00, 397, 405, 1, 8
2026-09-01T13:15:32.1763368+07:00,2026/09/01 13:15:32.207, NVIDIA GeForce RTX 5060, 591.86, P8, 28, 1, 1106, 8151, 9.51, 145.00, 300, 405, 1, 8
2026-09-01T13:15:37.2269728+07:00,2026/09/01 13:15:37.257, NVIDIA GeForce RTX 5060, 591.86, P8, 28, 2, 1181, 8151, 9.10, 145.00, 255, 405, 1, 8
2026-09-01T13:15:42.2746910+07:00,2026/09/01 13:15:42.305, NVIDIA GeForce RTX 5060, 591.86, P5, 29, 1, 1177, 8151, 13.54, 145.00, 622, 810, 2, 8
2026-09-01T13:15:47.3788301+07:00,2026/09/01 13:15:47.409, NVIDIA GeForce RTX 5060, 591.86, P0, 30, 0, 1195, 8151, 22.49, 145.00, 2542, 14201, 4, 8
2026-09-01T13:15:52.4241519+07:00,2026/09/01 13:15:52.455, NVIDIA GeForce RTX 5060, 591.86, P3, 30, 1, 1105, 8151, 22.28, 145.00, 2137, 7001, 4, 8
2026-09-01T13:15:57.4842086+07:00,2026/09/01 13:15:57.515, NVIDIA GeForce RTX 5060, 591.86, P8, 29, 0, 1093, 8151, 8.84, 145.00, 232, 405, 1, 8
2026-09-01T13:16:02.5421623+07:00,2026/09/01 13:16:02.573, NVIDIA GeForce RTX 5060, 591.86, P8, 29, 0, 1099, 8151, 8.76, 145.00, 262, 405, 1, 8
2026-09-01T13:16:07.6023218+07:00,2026/09/01 13:16:07.633, NVIDIA GeForce RTX 5060, 591.86, P8, 29, 0, 1099, 8151, 8.59, 145.00, 262, 405, 1, 8
2026-09-01T13:16:12.6500051+07:00,2026/09/01 13:16:12.680, NVIDIA GeForce RTX 5060, 591.86, P8, 29, 0, 1086, 8151, 8.65, 145.00, 255, 405, 1, 8
2026-09-01T13:16:17.7702161+07:00,2026/09/01 13:16:17.801, NVIDIA GeForce RTX 5060, 591.86, P8, 29, 0, 1086, 8151, 8.78, 145.00, 300, 405, 1, 8
2026-09-01T13:16:22.8279040+07:00,2026/09/01 13:16:22.858, NVIDIA GeForce RTX 5060, 591.86, P8, 29, 0, 1092, 8151, 8.72, 145.00, 255, 405, 1, 8
2026-09-01T13:16:27.8757021+07:00,2026/09/01 13:16:27.906, NVIDIA GeForce RTX 5060, 591.86, P8, 29, 0, 1091, 8151, 8.93, 145.00, 292, 405, 1, 8
2026-09-01T13:16:32.9172387+07:00,2026/09/01 13:16:32.948, NVIDIA GeForce RTX 5060, 591.86, P8, 29, 0, 1091, 8151, 8.70, 145.00, 300, 405, 1, 8
2026-09-01T13:16:37.9750410+07:00,2026/09/01 13:16:38.005, NVIDIA GeForce RTX 5060, 591.86, P8, 29, 0, 1092, 8151, 8.74, 145.00, 232, 405, 1, 8
2026-09-01T13:16:43.0208022+07:00,2026/09/01 13:16:43.051, NVIDIA GeForce RTX 5060, 591.86, P8, 29, 0, 1085, 8151, 8.64, 145.00, 262, 405, 1, 8
2026-09-01T13:16:48.1409262+07:00,2026/09/01 13:16:48.171, NVIDIA GeForce RTX 5060, 591.86, P8, 29, 0, 1085, 8151, 8.69, 145.00, 247, 405, 1, 8
2026-09-01T13:16:53.1908892+07:00,2026/09/01 13:16:53.221, NVIDIA GeForce RTX 5060, 591.86, P8, 29, 0, 1085, 8151, 8.75, 145.00, 285, 405, 1, 8
2026-09-01T13:16:58.2382101+07:00,2026/09/01 13:16:58.268, NVIDIA GeForce RTX 5060, 591.86, P8, 29, 0, 1085, 8151, 8.93, 145.00, 270, 405, 1, 8
2026-09-01T13:17:03.2854049+07:00,2026/09/01 13:17:03.331, NVIDIA GeForce RTX 5060, 591.86, P8, 29, 0, 1085, 8151, 8.90, 145.00, 262, 405, 1, 8
2026-09-01T13:17:08.3606594+07:00,2026/09/01 13:17:08.391, NVIDIA GeForce RTX 5060, 591.86, P8, 29, 0, 1085, 8151, 8.81, 145.00, 255, 405, 1, 8
2026-09-01T13:17:13.4079197+07:00,2026/09/01 13:17:13.438, NVIDIA GeForce RTX 5060, 591.86, P8, 29, 0, 1085, 8151, 8.78, 145.00, 255, 405, 1, 8
2026-09-01T13:17:18.5164524+07:00,2026/09/01 13:17:18.546, NVIDIA GeForce RTX 5060, 591.86, P8, 29, 0, 1085, 8151, 8.68, 145.00, 285, 405, 1, 8
2026-09-01T13:17:23.5641244+07:00,2026/09/01 13:17:23.595, NVIDIA GeForce RTX 5060, 591.86, P8, 29, 0, 1090, 8151, 8.90, 145.00, 255, 405, 1, 8
2026-09-01T13:17:28.6091975+07:00,2026/09/01 13:17:28.702, NVIDIA GeForce RTX 5060, 591.86, P8, 29, 0, 1091, 8151, 8.94, 145.00, 262, 405, 1, 8
2026-09-01T13:17:33.7202906+07:00,2026/09/01 13:17:33.782, NVIDIA GeForce RTX 5060, 591.86, P8, 29, 0, 1091, 8151, 8.77, 145.00, 240, 405, 1, 8
2026-09-01T13:17:38.7971657+07:00,2026/09/01 13:17:38.874, NVIDIA GeForce RTX 5060, 591.86, P8, 29, 0, 1085, 8151, 8.82, 145.00, 255, 405, 1, 8
2026-09-01T13:17:43.8925143+07:00,2026/09/01 13:17:43.954, NVIDIA GeForce RTX 5060, 591.86, P8, 29, 0, 1092, 8151, 8.88, 145.00, 330, 405, 1, 8
2026-09-01T13:17:49.0469515+07:00,2026/09/01 13:17:49.108, NVIDIA GeForce RTX 5060, 591.86, P8, 29, 0, 1092, 8151, 8.77, 145.00, 255, 405, 1, 8
2026-09-01T13:17:54.1264428+07:00,2026/09/01 13:17:54.188, NVIDIA GeForce RTX 5060, 591.86, P8, 29, 0, 1092, 8151, 8.76, 145.00, 285, 405, 1, 8
2026-09-01T13:17:59.2123148+07:00,2026/09/01 13:17:59.381, NVIDIA GeForce RTX 5060, 591.86, P8, 29, 0, 1086, 8151, 8.73, 145.00, 262, 405, 1, 8
2026-09-01T13:18:04.4704018+07:00,2026/09/01 13:18:05.226, NVIDIA GeForce RTX 5060, 591.86, P8, 29, 1, 1178, 8151, 9.74, 145.00, 645, 405, 1, 8
2026-09-01T13:18:10.3440858+07:00,2026/09/01 13:18:10.650, NVIDIA GeForce RTX 5060, 591.86, P8, 29, 1, 1235, 8151, 9.11, 145.00, 457, 405, 1, 8
2026-09-01T13:18:15.7376676+07:00,2026/09/01 13:18:15.861, NVIDIA GeForce RTX 5060, 591.86, P8, 29, 0, 1235, 8151, 9.31, 145.00, 352, 405, 1, 8
2026-09-01T13:18:20.9759365+07:00,2026/09/01 13:18:21.469, NVIDIA GeForce RTX 5060, 591.86, P8, 28, 0, 1235, 8151, 9.17, 145.00, 255, 405, 1, 8
2026-09-01T13:18:26.5237686+07:00,2026/09/01 13:18:26.817, NVIDIA GeForce RTX 5060, 591.86, P8, 28, 0, 1235, 8151, 8.99, 145.00, 255, 405, 1, 8
2026-09-01T13:18:31.8577002+07:00,2026/09/01 13:18:32.274, NVIDIA GeForce RTX 5060, 591.86, P8, 28, 0, 1242, 8151, 8.79, 145.00, 232, 405, 1, 8
2026-09-01T13:18:37.3108168+07:00,2026/09/01 13:18:37.619, NVIDIA GeForce RTX 5060, 591.86, P8, 28, 0, 1242, 8151, 9.17, 145.00, 307, 405, 1, 8
2026-09-01T13:18:42.7302421+07:00,2026/09/01 13:18:43.270, NVIDIA GeForce RTX 5060, 591.86, P8, 28, 0, 1242, 8151, 8.97, 145.00, 255, 405, 1, 8
2026-09-01T13:18:48.3545404+07:00,2026/09/01 13:18:48.615, NVIDIA GeForce RTX 5060, 591.86, P8, 28, 0, 1240, 8151, 8.97, 145.00, 285, 405, 1, 8
2026-09-01T13:18:53.7562211+07:00,2026/09/01 13:18:53.802, NVIDIA GeForce RTX 5060, 591.86, P8, 28, 0, 1236, 8151, 8.84, 145.00, 232, 405, 1, 8
2026-09-01T13:18:58.8187103+07:00,2026/09/01 13:18:59.065, NVIDIA GeForce RTX 5060, 591.86, P8, 28, 0, 1242, 8151, 8.92, 145.00, 210, 405, 1, 8
2026-09-01T13:19:04.1036377+07:00,2026/09/01 13:19:04.180, NVIDIA GeForce RTX 5060, 591.86, P8, 28, 0, 1242, 8151, 8.68, 145.00, 232, 405, 1, 8
2026-09-01T13:19:09.2014753+07:00,2026/09/01 13:19:09.263, NVIDIA GeForce RTX 5060, 591.86, P5, 29, 25, 1316, 8151, 11.17, 145.00, 937, 810, 2, 8
2026-09-01T13:19:14.2745334+07:00,2026/09/01 13:19:14.336, NVIDIA GeForce RTX 5060, 591.86, P0, 30, 1, 1262, 8151, 23.67, 145.00, 2550, 14201, 4, 8
2026-09-01T13:19:19.3588218+07:00,2026/09/01 13:19:19.420, NVIDIA GeForce RTX 5060, 591.86, P5, 29, 0, 1240, 8151, 12.90, 145.00, 352, 810, 2, 8
2026-09-01T13:19:24.5449387+07:00,2026/09/01 13:19:24.621, NVIDIA GeForce RTX 5060, 591.86, P8, 29, 0, 1244, 8151, 9.15, 145.00, 337, 405, 1, 8
2026-09-01T13:19:29.6402028+07:00,2026/09/01 13:19:29.702, NVIDIA GeForce RTX 5060, 591.86, P8, 29, 0, 1238, 8151, 8.77, 145.00, 262, 405, 1, 8
2026-09-01T13:19:34.7341021+07:00,2026/09/01 13:19:34.795, NVIDIA GeForce RTX 5060, 591.86, P8, 29, 0, 1239, 8151, 9.00, 145.00, 255, 405, 1, 8
2026-09-01T13:19:39.8132117+07:00,2026/09/01 13:19:39.873, NVIDIA GeForce RTX 5060, 591.86, P8, 28, 0, 1238, 8151, 8.85, 145.00, 232, 405, 1, 8
2026-09-01T13:19:44.8910923+07:00,2026/09/01 13:19:44.937, NVIDIA GeForce RTX 5060, 591.86, P8, 28, 0, 1228, 8151, 8.65, 145.00, 277, 405, 1, 8
2026-09-01T13:19:49.9552501+07:00,2026/09/01 13:19:50.001, NVIDIA GeForce RTX 5060, 591.86, P8, 28, 0, 1235, 8151, 9.13, 145.00, 330, 405, 1, 8
2026-09-01T13:19:55.0971064+07:00,2026/09/01 13:19:55.143, NVIDIA GeForce RTX 5060, 591.86, P8, 28, 0, 1237, 8151, 9.49, 145.00, 285, 405, 1, 8
2026-09-01T13:20:00.1627382+07:00,2026/09/01 13:20:00.209, NVIDIA GeForce RTX 5060, 591.86, P8, 28, 0, 1222, 8151, 8.81, 145.00, 277, 405, 1, 8
2026-09-01T13:20:05.2215151+07:00,2026/09/01 13:20:05.267, NVIDIA GeForce RTX 5060, 591.86, P8, 29, 1, 1221, 8151, 9.06, 145.00, 412, 405, 1, 8
2026-09-01T13:20:10.2813951+07:00,2026/09/01 13:20:10.327, NVIDIA GeForce RTX 5060, 591.86, P8, 28, 0, 1225, 8151, 8.56, 145.00, 232, 405, 1, 8
2026-09-01T13:20:15.3551976+07:00,2026/09/01 13:20:15.416, NVIDIA GeForce RTX 5060, 591.86, P8, 28, 0, 1215, 8151, 8.42, 145.00, 210, 405, 1, 8
2026-09-01T13:20:20.4286803+07:00,2026/09/01 13:20:20.459, NVIDIA GeForce RTX 5060, 591.86, P8, 28, 0, 1215, 8151, 8.73, 145.00, 232, 405, 1, 8
2026-09-01T13:20:25.5543296+07:00,2026/09/01 13:20:25.585, NVIDIA GeForce RTX 5060, 591.86, P8, 28, 0, 1225, 8151, 8.67, 145.00, 255, 405, 1, 8
2026-09-01T13:20:30.6164934+07:00,2026/09/01 13:20:30.693, NVIDIA GeForce RTX 5060, 591.86, P8, 28, 0, 1222, 8151, 8.67, 145.00, 255, 405, 1, 8
2026-09-01T13:20:35.7096031+07:00,2026/09/01 13:20:35.787, NVIDIA GeForce RTX 5060, 591.86, P8, 28, 1, 1225, 8151, 9.05, 145.00, 360, 405, 1, 8
2026-09-01T13:20:40.8078281+07:00,2026/09/01 13:20:40.869, NVIDIA GeForce RTX 5060, 591.86, P8, 28, 0, 1226, 8151, 8.98, 145.00, 210, 405, 1, 8
2026-09-01T13:20:45.8981202+07:00,2026/09/01 13:20:45.974, NVIDIA GeForce RTX 5060, 591.86, P8, 28, 0, 1289, 8151, 10.76, 145.00, 405, 405, 1, 8
2026-09-01T13:20:51.0050430+07:00,2026/09/01 13:20:51.051, NVIDIA GeForce RTX 5060, 591.86, P0, 30, 0, 1283, 8151, 16.87, 145.00, 2572, 14201, 4, 8
2026-09-01T13:20:56.1617183+07:00,2026/09/01 13:20:56.223, NVIDIA GeForce RTX 5060, 591.86, P8, 29, 1, 1363, 8151, 12.22, 145.00, 592, 405, 1, 8
2026-09-01T13:21:01.2516372+07:00,2026/09/01 13:21:01.282, NVIDIA GeForce RTX 5060, 591.86, P8, 28, 0, 1265, 8151, 8.81, 145.00, 210, 405, 1, 8
2026-09-01T13:21:06.3123652+07:00,2026/09/01 13:21:06.389, NVIDIA GeForce RTX 5060, 591.86, P0, 30, 1, 1256, 8151, 22.26, 145.00, 2565, 14201, 4, 8
2026-09-01T13:21:11.4190335+07:00,2026/09/01 13:21:11.496, NVIDIA GeForce RTX 5060, 591.86, P0, 30, 0, 1278, 8151, 21.01, 145.00, 2542, 14201, 4, 8
2026-09-01T13:21:16.5235641+07:00,2026/09/01 13:21:16.554, NVIDIA GeForce RTX 5060, 591.86, P5, 29, 0, 1274, 8151, 9.34, 145.00, 225, 810, 1, 8
2026-09-01T13:21:21.5712451+07:00,2026/09/01 13:21:21.602, NVIDIA GeForce RTX 5060, 591.86, P8, 29, 0, 1259, 8151, 8.82, 145.00, 247, 405, 1, 8
2026-09-01T13:21:26.6833041+07:00,2026/09/01 13:21:26.714, NVIDIA GeForce RTX 5060, 591.86, P8, 29, 0, 1258, 8151, 8.19, 145.00, 210, 405, 1, 8
2026-09-01T13:21:31.7318973+07:00,2026/09/01 13:21:31.762, NVIDIA GeForce RTX 5060, 591.86, P8, 29, 1, 1307, 8151, 8.53, 145.00, 210, 405, 1, 8
2026-09-01T13:21:36.7939702+07:00,2026/09/01 13:21:36.824, NVIDIA GeForce RTX 5060, 591.86, P8, 28, 0, 1271, 8151, 8.63, 145.00, 210, 405, 1, 8
2026-09-01T13:21:41.8563775+07:00,2026/09/01 13:21:41.902, NVIDIA GeForce RTX 5060, 591.86, P8, 28, 0, 1271, 8151, 8.18, 145.00, 210, 405, 1, 8
2026-09-01T13:21:46.9324141+07:00,2026/09/01 13:21:46.963, NVIDIA GeForce RTX 5060, 591.86, P8, 28, 0, 1263, 8151, 8.43, 145.00, 210, 405, 1, 8
2026-09-01T13:21:51.9797053+07:00,2026/09/01 13:21:52.026, NVIDIA GeForce RTX 5060, 591.86, P8, 28, 0, 1263, 8151, 8.14, 145.00, 210, 405, 1, 8
2026-09-01T13:21:57.1355342+07:00,2026/09/01 13:21:57.167, NVIDIA GeForce RTX 5060, 591.86, P8, 28, 0, 1263, 8151, 8.11, 145.00, 210, 405, 1, 8
2026-09-01T13:22:02.1985156+07:00,2026/09/01 13:22:02.229, NVIDIA GeForce RTX 5060, 591.86, P8, 28, 0, 1262, 8151, 8.38, 145.00, 210, 405, 1, 8
2026-09-01T13:22:07.2575226+07:00,2026/09/01 13:22:07.288, NVIDIA GeForce RTX 5060, 591.86, P8, 28, 0, 1265, 8151, 8.32, 145.00, 210, 405, 1, 8
2026-09-01T13:22:12.3029674+07:00,2026/09/01 13:22:12.349, NVIDIA GeForce RTX 5060, 591.86, P8, 28, 0, 1265, 8151, 7.94, 145.00, 210, 405, 1, 8
2026-09-01T13:22:17.3806192+07:00,2026/09/01 13:22:17.411, NVIDIA GeForce RTX 5060, 591.86, P8, 28, 0, 1264, 8151, 8.60, 145.00, 210, 405, 1, 8
2026-09-01T13:22:22.4416956+07:00,2026/09/01 13:22:22.472, NVIDIA GeForce RTX 5060, 591.86, P8, 28, 0, 1276, 8151, 9.57, 145.00, 210, 405, 1, 8
2026-09-01T13:22:27.5490551+07:00,2026/09/01 13:22:27.580, NVIDIA GeForce RTX 5060, 591.86, P8, 28, 0, 1275, 8151, 8.77, 145.00, 240, 405, 1, 8
2026-09-01T13:22:32.6114099+07:00,2026/09/01 13:22:32.642, NVIDIA GeForce RTX 5060, 591.86, P8, 28, 0, 1321, 8151, 9.27, 145.00, 232, 405, 1, 8
2026-09-01T13:22:37.6718230+07:00,2026/09/01 13:22:37.702, NVIDIA GeForce RTX 5060, 591.86, P8, 28, 0, 1255, 8151, 8.76, 145.00, 232, 405, 1, 8
2026-09-01T13:22:42.7206084+07:00,2026/09/01 13:22:42.751, NVIDIA GeForce RTX 5060, 591.86, P8, 28, 2, 1260, 8151, 10.48, 145.00, 570, 405, 1, 8
2026-09-01T13:22:47.7685281+07:00,2026/09/01 13:22:47.815, NVIDIA GeForce RTX 5060, 591.86, P8, 29, 9, 1277, 8151, 11.68, 145.00, 960, 405, 1, 8
2026-09-01T13:22:52.8329710+07:00,2026/09/01 13:22:52.910, NVIDIA GeForce RTX 5060, 591.86, P5, 29, 5, 1269, 8151, 12.19, 145.00, 765, 810, 2, 8
2026-09-01T13:22:58.0021415+07:00,2026/09/01 13:22:58.094, NVIDIA GeForce RTX 5060, 591.86, P5, 29, 4, 1274, 8151, 12.49, 145.00, 600, 810, 1, 8
2026-09-01T13:23:03.1255860+07:00,2026/09/01 13:23:03.265, NVIDIA GeForce RTX 5060, 591.86, P8, 28, 0, 1250, 8151, 8.84, 145.00, 232, 405, 1, 8
2026-09-01T13:23:08.3110863+07:00,2026/09/01 13:23:08.342, NVIDIA GeForce RTX 5060, 591.86, P8, 28, 0, 1249, 8151, 9.24, 145.00, 255, 405, 1, 8
2026-09-01T13:23:13.3720505+07:00,2026/09/01 13:23:13.403, NVIDIA GeForce RTX 5060, 591.86, P8, 28, 0, 1248, 8151, 8.73, 145.00, 262, 405, 1, 8
2026-09-01T13:23:18.4313968+07:00,2026/09/01 13:23:18.462, NVIDIA GeForce RTX 5060, 591.86, P8, 28, 0, 1241, 8151, 8.82, 145.00, 262, 405, 1, 8
2026-09-01T13:23:23.4940611+07:00,2026/09/01 13:23:23.525, NVIDIA GeForce RTX 5060, 591.86, P8, 28, 0, 1247, 8151, 8.70, 145.00, 255, 405, 1, 8
2026-09-01T13:23:28.6193225+07:00,2026/09/01 13:23:28.650, NVIDIA GeForce RTX 5060, 591.86, P8, 28, 0, 1248, 8151, 9.23, 145.00, 315, 405, 1, 8
2026-09-01T13:23:33.6677070+07:00,2026/09/01 13:23:33.698, NVIDIA GeForce RTX 5060, 591.86, P8, 28, 0, 1248, 8151, 9.27, 145.00, 337, 405, 1, 8
2026-09-01T13:23:38.7148700+07:00,2026/09/01 13:23:38.745, NVIDIA GeForce RTX 5060, 591.86, P8, 28, 0, 1248, 8151, 9.25, 145.00, 262, 405, 1, 8
2026-09-01T13:23:43.7623641+07:00,2026/09/01 13:23:43.793, NVIDIA GeForce RTX 5060, 591.86, P8, 28, 0, 1248, 8151, 8.86, 145.00, 337, 405, 1, 8
2026-09-01T13:23:48.8165673+07:00,2026/09/01 13:23:48.854, NVIDIA GeForce RTX 5060, 591.86, P8, 28, 0, 1249, 8151, 8.70, 145.00, 232, 405, 1, 8
2026-09-01T13:23:53.8708687+07:00,2026/09/01 13:23:53.901, NVIDIA GeForce RTX 5060, 591.86, P8, 28, 0, 1249, 8151, 9.10, 145.00, 307, 405, 1, 8
2026-09-01T13:23:58.9778904+07:00,2026/09/01 13:23:59.008, NVIDIA GeForce RTX 5060, 591.86, P8, 28, 0, 1248, 8151, 9.13, 145.00, 322, 405, 1, 8
2026-09-01T13:24:04.0258808+07:00,2026/09/01 13:24:04.056, NVIDIA GeForce RTX 5060, 591.86, P8, 28, 0, 1249, 8151, 9.02, 145.00, 262, 405, 1, 8
2026-09-01T13:24:09.0881599+07:00,2026/09/01 13:24:09.119, NVIDIA GeForce RTX 5060, 591.86, P8, 28, 0, 1248, 8151, 8.91, 145.00, 255, 405, 1, 8
2026-09-01T13:24:14.1362029+07:00,2026/09/01 13:24:14.182, NVIDIA GeForce RTX 5060, 591.86, P8, 28, 0, 1244, 8151, 8.90, 145.00, 262, 405, 1, 8
2026-09-01T13:24:19.1999701+07:00,2026/09/01 13:24:19.231, NVIDIA GeForce RTX 5060, 591.86, P8, 28, 0, 1248, 8151, 8.39, 145.00, 210, 405, 1, 8
2026-09-01T13:24:24.2743494+07:00,2026/09/01 13:24:24.305, NVIDIA GeForce RTX 5060, 591.86, P8, 28, 4, 1247, 8151, 8.65, 145.00, 510, 405, 1, 8
2026-09-01T13:24:29.3816956+07:00,2026/09/01 13:24:29.412, NVIDIA GeForce RTX 5060, 591.86, P8, 28, 0, 1247, 8151, 8.20, 145.00, 210, 405, 1, 8
2026-09-01T13:24:34.4301840+07:00,2026/09/01 13:24:34.461, NVIDIA GeForce RTX 5060, 591.86, P8, 28, 1, 1238, 8151, 9.05, 145.00, 232, 405, 1, 8
2026-09-01T13:24:39.4918079+07:00,2026/09/01 13:24:39.522, NVIDIA GeForce RTX 5060, 591.86, P8, 28, 0, 1243, 8151, 8.49, 145.00, 210, 405, 1, 8
2026-09-01T13:24:44.5515741+07:00,2026/09/01 13:24:44.582, NVIDIA GeForce RTX 5060, 591.86, P8, 28, 1, 1254, 8151, 9.07, 145.00, 232, 405, 1, 8
2026-09-01T13:24:49.6115943+07:00,2026/09/01 13:24:49.658, NVIDIA GeForce RTX 5060, 591.86, P8, 28, 0, 1248, 8151, 8.80, 145.00, 382, 405, 1, 8
2026-09-01T13:24:54.6866216+07:00,2026/09/01 13:24:54.717, NVIDIA GeForce RTX 5060, 591.86, P8, 28, 0, 1249, 8151, 8.47, 145.00, 232, 405, 1, 8
2026-09-01T13:24:59.8243911+07:00,2026/09/01 13:24:59.855, NVIDIA GeForce RTX 5060, 591.86, P8, 28, 1, 1248, 8151, 8.78, 145.00, 210, 405, 1, 8
2026-09-01T13:25:04.8708531+07:00,2026/09/01 13:25:04.901, NVIDIA GeForce RTX 5060, 591.86, P8, 28, 0, 1248, 8151, 8.55, 145.00, 232, 405, 1, 8
2026-09-01T13:25:09.9324607+07:00,2026/09/01 13:25:09.963, NVIDIA GeForce RTX 5060, 591.86, P8, 28, 0, 1248, 8151, 8.56, 145.00, 255, 405, 1, 8
2026-09-01T13:25:14.9947184+07:00,2026/09/01 13:25:15.025, NVIDIA GeForce RTX 5060, 591.86, P8, 28, 0, 1243, 8151, 8.57, 145.00, 262, 405, 1, 8
2026-09-01T13:25:20.0408479+07:00,2026/09/01 13:25:20.071, NVIDIA GeForce RTX 5060, 591.86, P8, 28, 0, 1243, 8151, 8.56, 145.00, 225, 405, 1, 8
2026-09-01T13:25:25.1023253+07:00,2026/09/01 13:25:25.133, NVIDIA GeForce RTX 5060, 591.86, P8, 28, 0, 1253, 8151, 8.89, 145.00, 285, 405, 1, 8
2026-09-01T13:25:30.2251716+07:00,2026/09/01 13:25:30.256, NVIDIA GeForce RTX 5060, 591.86, P8, 28, 0, 1253, 8151, 9.11, 145.00, 307, 405, 1, 8
2026-09-01T13:25:35.2732654+07:00,2026/09/01 13:25:35.304, NVIDIA GeForce RTX 5060, 591.86, P8, 28, 0, 1256, 8151, 8.99, 145.00, 300, 405, 1, 8
2026-09-01T13:25:40.3180971+07:00,2026/09/01 13:25:40.349, NVIDIA GeForce RTX 5060, 591.86, P8, 28, 0, 1259, 8151, 9.00, 145.00, 450, 405, 1, 8
2026-09-01T13:25:45.3756149+07:00,2026/09/01 13:25:45.406, NVIDIA GeForce RTX 5060, 591.86, P8, 28, 0, 1252, 8151, 9.34, 145.00, 322, 405, 1, 8
2026-09-01T13:25:50.4376322+07:00,2026/09/01 13:25:50.468, NVIDIA GeForce RTX 5060, 591.86, P8, 28, 0, 1254, 8151, 10.10, 145.00, 375, 405, 1, 8
2026-09-01T13:25:55.4874820+07:00,2026/09/01 13:25:55.518, NVIDIA GeForce RTX 5060, 591.86, P8, 28, 0, 1251, 8151, 8.83, 145.00, 262, 405, 1, 8
2026-09-01T13:26:00.6266914+07:00,2026/09/01 13:26:00.657, NVIDIA GeForce RTX 5060, 591.86, P8, 28, 0, 1250, 8151, 9.15, 145.00, 375, 405, 1, 8
2026-09-01T13:26:05.6766994+07:00,2026/09/01 13:26:05.707, NVIDIA GeForce RTX 5060, 591.86, P8, 28, 0, 1250, 8151, 8.85, 145.00, 232, 405, 1, 8
2026-09-01T13:26:10.7250827+07:00,2026/09/01 13:26:10.756, NVIDIA GeForce RTX 5060, 591.86, P8, 28, 0, 1250, 8151, 8.76, 145.00, 292, 405, 1, 8
2026-09-01T13:26:15.7749939+07:00,2026/09/01 13:26:15.805, NVIDIA GeForce RTX 5060, 591.86, P8, 28, 0, 1250, 8151, 8.85, 145.00, 232, 405, 1, 8
2026-09-01T13:26:20.8222642+07:00,2026/09/01 13:26:20.853, NVIDIA GeForce RTX 5060, 591.86, P8, 28, 0, 1250, 8151, 9.33, 145.00, 337, 405, 1, 8
2026-09-01T13:26:25.8703206+07:00,2026/09/01 13:26:25.901, NVIDIA GeForce RTX 5060, 591.86, P8, 28, 0, 1250, 8151, 9.19, 145.00, 315, 405, 1, 8
2026-09-01T13:26:30.9943403+07:00,2026/09/01 13:26:31.025, NVIDIA GeForce RTX 5060, 591.86, P8, 28, 0, 1250, 8151, 8.99, 145.00, 255, 405, 1, 8
2026-09-01T13:26:36.0564703+07:00,2026/09/01 13:26:36.087, NVIDIA GeForce RTX 5060, 591.86, P8, 28, 0, 1251, 8151, 9.05, 145.00, 337, 405, 1, 8
2026-09-01T13:26:41.1065236+07:00,2026/09/01 13:26:41.137, NVIDIA GeForce RTX 5060, 591.86, P8, 28, 0, 1251, 8151, 8.98, 145.00, 360, 405, 1, 8
2026-09-01T13:26:46.1536055+07:00,2026/09/01 13:26:46.184, NVIDIA GeForce RTX 5060, 591.86, P8, 28, 1, 1251, 8151, 9.24, 145.00, 337, 405, 1, 8
2026-09-01T13:26:51.2130756+07:00,2026/09/01 13:26:51.259, NVIDIA GeForce RTX 5060, 591.86, P8, 28, 1, 1251, 8151, 9.11, 145.00, 322, 405, 1, 8
2026-09-01T13:26:56.2838668+07:00,2026/09/01 13:26:56.314, NVIDIA GeForce RTX 5060, 591.86, P8, 28, 0, 1252, 8151, 8.81, 145.00, 232, 405, 1, 8
2026-09-01T13:27:01.3935764+07:00,2026/09/01 13:27:01.424, NVIDIA GeForce RTX 5060, 591.86, P8, 28, 0, 1251, 8151, 9.05, 145.00, 600, 405, 1, 8
2026-09-01T13:27:06.4404672+07:00,2026/09/01 13:27:06.471, NVIDIA GeForce RTX 5060, 591.86, P8, 28, 0, 1250, 8151, 8.74, 145.00, 270, 405, 1, 8
2026-09-01T13:27:11.4872722+07:00,2026/09/01 13:27:11.533, NVIDIA GeForce RTX 5060, 591.86, P8, 28, 0, 1246, 8151, 8.65, 145.00, 232, 405, 1, 8
2026-09-01T13:27:16.5616370+07:00,2026/09/01 13:27:16.606, NVIDIA GeForce RTX 5060, 591.86, P8, 28, 0, 1241, 8151, 8.89, 145.00, 210, 405, 1, 8
2026-09-01T13:27:21.6141784+07:00,2026/09/01 13:27:21.660, NVIDIA GeForce RTX 5060, 591.86, P8, 28, 0, 1250, 8151, 8.61, 145.00, 210, 405, 1, 8
2026-09-01T13:27:26.6908766+07:00,2026/09/01 13:27:26.721, NVIDIA GeForce RTX 5060, 591.86, P8, 28, 0, 1276, 8151, 8.94, 145.00, 247, 405, 1, 8
2026-09-01T13:27:31.8145669+07:00,2026/09/01 13:27:31.845, NVIDIA GeForce RTX 5060, 591.86, P8, 28, 0, 1314, 8151, 8.98, 145.00, 262, 405, 1, 8
2026-09-01T13:27:36.8588836+07:00,2026/09/01 13:27:36.889, NVIDIA GeForce RTX 5060, 591.86, P8, 28, 1, 1260, 8151, 9.11, 145.00, 337, 405, 1, 8
2026-09-01T13:27:41.9003400+07:00,2026/09/01 13:27:41.931, NVIDIA GeForce RTX 5060, 591.86, P8, 28, 0, 1260, 8151, 8.92, 145.00, 337, 405, 1, 8
2026-09-01T13:27:46.9618032+07:00,2026/09/01 13:27:46.992, NVIDIA GeForce RTX 5060, 591.86, P8, 28, 0, 1254, 8151, 8.90, 145.00, 337, 405, 1, 8
2026-09-01T13:27:52.0242030+07:00,2026/09/01 13:27:52.070, NVIDIA GeForce RTX 5060, 591.86, P8, 28, 0, 1261, 8151, 9.12, 145.00, 345, 405, 1, 8
2026-09-01T13:27:57.0886400+07:00,2026/09/01 13:27:57.119, NVIDIA GeForce RTX 5060, 591.86, P8, 28, 0, 1262, 8151, 8.92, 145.00, 352, 405, 1, 8
2026-09-01T13:28:02.2100953+07:00,2026/09/01 13:28:02.255, NVIDIA GeForce RTX 5060, 591.86, P8, 28, 0, 1262, 8151, 9.11, 145.00, 330, 405, 1, 8
2026-09-01T13:28:07.2719811+07:00,2026/09/01 13:28:07.302, NVIDIA GeForce RTX 5060, 591.86, P8, 28, 0, 1258, 8151, 8.39, 145.00, 225, 405, 1, 8
2026-09-01T13:28:12.3320658+07:00,2026/09/01 13:28:12.378, NVIDIA GeForce RTX 5060, 591.86, P8, 28, 0, 1258, 8151, 7.92, 145.00, 210, 405, 1, 8
2026-09-01T13:28:17.3953047+07:00,2026/09/01 13:28:17.426, NVIDIA GeForce RTX 5060, 591.86, P8, 28, 0, 1258, 8151, 8.14, 145.00, 210, 405, 1, 8
2026-09-01T13:28:22.4385429+07:00,2026/09/01 13:28:22.483, NVIDIA GeForce RTX 5060, 591.86, P8, 28, 0, 1258, 8151, 7.92, 145.00, 210, 405, 1, 8
2026-09-01T13:28:27.4975178+07:00,2026/09/01 13:28:27.528, NVIDIA GeForce RTX 5060, 591.86, P8, 28, 0, 1258, 8151, 7.87, 145.00, 210, 405, 1, 8
2026-09-01T13:28:32.6212914+07:00,2026/09/01 13:28:32.652, NVIDIA GeForce RTX 5060, 591.86, P8, 28, 0, 1258, 8151, 8.11, 145.00, 210, 405, 1, 8
2026-09-01T13:28:37.6682197+07:00,2026/09/01 13:28:37.699, NVIDIA GeForce RTX 5060, 591.86, P8, 28, 0, 1258, 8151, 8.39, 145.00, 210, 405, 1, 8
2026-09-01T13:28:42.7265513+07:00,2026/09/01 13:28:42.773, NVIDIA GeForce RTX 5060, 591.86, P8, 28, 0, 1258, 8151, 8.10, 145.00, 210, 405, 1, 8
2026-09-01T13:28:47.7904405+07:00,2026/09/01 13:28:47.821, NVIDIA GeForce RTX 5060, 591.86, P8, 28, 0, 1258, 8151, 8.08, 145.00, 210, 405, 1, 8
2026-09-01T13:28:52.8517343+07:00,2026/09/01 13:28:52.882, NVIDIA GeForce RTX 5060, 591.86, P8, 28, 0, 1258, 8151, 7.95, 145.00, 210, 405, 1, 8
2026-09-01T13:28:57.9128370+07:00,2026/09/01 13:28:57.943, NVIDIA GeForce RTX 5060, 591.86, P8, 28, 0, 1258, 8151, 7.77, 145.00, 210, 405, 1, 8
2026-09-01T13:29:03.0172687+07:00,2026/09/01 13:29:03.048, NVIDIA GeForce RTX 5060, 591.86, P8, 28, 0, 1257, 8151, 8.53, 145.00, 210, 405, 1, 8
2026-09-01T13:29:08.0664280+07:00,2026/09/01 13:29:08.097, NVIDIA GeForce RTX 5060, 591.86, P8, 28, 0, 1257, 8151, 7.86, 145.00, 210, 405, 1, 8
2026-09-01T13:29:13.1157172+07:00,2026/09/01 13:29:13.146, NVIDIA GeForce RTX 5060, 591.86, P8, 28, 0, 1257, 8151, 7.80, 145.00, 210, 405, 1, 8
2026-09-01T13:29:18.1770646+07:00,2026/09/01 13:29:18.208, NVIDIA GeForce RTX 5060, 591.86, P8, 28, 0, 1257, 8151, 8.18, 145.00, 210, 405, 1, 8
2026-09-01T13:29:23.2243820+07:00,2026/09/01 13:29:23.268, NVIDIA GeForce RTX 5060, 591.86, P8, 28, 0, 1257, 8151, 7.78, 145.00, 210, 405, 1, 8
2026-09-01T13:29:28.2901218+07:00,2026/09/01 13:29:28.321, NVIDIA GeForce RTX 5060, 591.86, P8, 28, 0, 1257, 8151, 7.97, 145.00, 210, 405, 1, 8
2026-09-01T13:29:33.4263703+07:00,2026/09/01 13:29:33.457, NVIDIA GeForce RTX 5060, 591.86, P8, 28, 0, 1257, 8151, 7.78, 145.00, 210, 405, 1, 8
2026-09-01T13:29:38.4894189+07:00,2026/09/01 13:29:38.520, NVIDIA GeForce RTX 5060, 591.86, P8, 28, 0, 1257, 8151, 7.85, 145.00, 210, 405, 1, 8
2026-09-01T13:29:43.5378972+07:00,2026/09/01 13:29:43.584, NVIDIA GeForce RTX 5060, 591.86, P8, 28, 0, 1257, 8151, 7.82, 145.00, 210, 405, 1, 8
2026-09-01T13:29:48.6280037+07:00,2026/09/01 13:29:48.659, NVIDIA GeForce RTX 5060, 591.86, P8, 28, 0, 1257, 8151, 7.98, 145.00, 210, 405, 1, 8
2026-09-01T13:29:53.6905856+07:00,2026/09/01 13:29:53.721, NVIDIA GeForce RTX 5060, 591.86, P8, 28, 0, 1257, 8151, 7.97, 145.00, 210, 405, 1, 8
2026-09-01T13:29:58.7516760+07:00,2026/09/01 13:29:58.782, NVIDIA GeForce RTX 5060, 591.86, P8, 28, 0, 1257, 8151, 7.99, 145.00, 210, 405, 1, 8
2026-09-01T13:30:03.8606991+07:00,2026/09/01 13:30:03.891, NVIDIA GeForce RTX 5060, 591.86, P8, 28, 0, 1257, 8151, 8.27, 145.00, 210, 405, 1, 8
2026-09-01T13:30:08.9176191+07:00,2026/09/01 13:30:08.963, NVIDIA GeForce RTX 5060, 591.86, P8, 28, 0, 1257, 8151, 7.97, 145.00, 210, 405, 1, 8
2026-09-01T13:30:13.9943060+07:00,2026/09/01 13:30:14.024, NVIDIA GeForce RTX 5060, 591.86, P8, 28, 0, 1257, 8151, 7.95, 145.00, 210, 405, 1, 8
2026-09-01T13:30:19.0551185+07:00,2026/09/01 13:30:19.086, NVIDIA GeForce RTX 5060, 591.86, P8, 28, 0, 1257, 8151, 8.43, 145.00, 210, 405, 1, 8
2026-09-01T13:30:24.1302130+07:00,2026/09/01 13:30:24.193, NVIDIA GeForce RTX 5060, 591.86, P8, 28, 0, 1261, 8151, 8.26, 145.00, 210, 405, 1, 8
2026-09-01T13:30:29.2178710+07:00,2026/09/01 13:30:29.264, NVIDIA GeForce RTX 5060, 591.86, P8, 28, 0, 1261, 8151, 7.99, 145.00, 210, 405, 1, 8
2026-09-01T13:30:34.3566127+07:00,2026/09/01 13:30:34.403, NVIDIA GeForce RTX 5060, 591.86, P8, 28, 0, 1261, 8151, 8.37, 145.00, 210, 405, 1, 8
2026-09-01T13:30:39.4339422+07:00,2026/09/01 13:30:39.465, NVIDIA GeForce RTX 5060, 591.86, P8, 28, 0, 1261, 8151, 8.02, 145.00, 210, 405, 1, 8
2026-09-01T13:30:44.4961163+07:00,2026/09/01 13:30:44.527, NVIDIA GeForce RTX 5060, 591.86, P8, 28, 0, 1261, 8151, 7.70, 145.00, 210, 405, 1, 8
2026-09-01T13:30:49.5509659+07:00,2026/09/01 13:30:49.582, NVIDIA GeForce RTX 5060, 591.86, P8, 28, 0, 1261, 8151, 7.86, 145.00, 210, 405, 1, 8
2026-09-01T13:30:54.5993124+07:00,2026/09/01 13:30:54.630, NVIDIA GeForce RTX 5060, 591.86, P8, 28, 0, 1261, 8151, 7.60, 145.00, 210, 405, 1, 8
2026-09-01T13:30:59.6464851+07:00,2026/09/01 13:30:59.677, NVIDIA GeForce RTX 5060, 591.86, P8, 28, 0, 1261, 8151, 7.70, 145.00, 202, 405, 1, 8
2026-09-01T13:31:04.7703589+07:00,2026/09/01 13:31:04.801, NVIDIA GeForce RTX 5060, 591.86, P8, 28, 0, 1261, 8151, 8.27, 145.00, 210, 405, 1, 8
2026-09-01T13:31:09.8223494+07:00,2026/09/01 13:31:09.853, NVIDIA GeForce RTX 5060, 591.86, P8, 28, 0, 1261, 8151, 7.76, 145.00, 210, 405, 1, 8
2026-09-01T13:31:14.8850020+07:00,2026/09/01 13:31:14.916, NVIDIA GeForce RTX 5060, 591.86, P8, 28, 0, 1261, 8151, 7.72, 145.00, 210, 405, 1, 8
2026-09-01T13:31:19.9344000+07:00,2026/09/01 13:31:19.965, NVIDIA GeForce RTX 5060, 591.86, P8, 28, 0, 1261, 8151, 7.86, 145.00, 210, 405, 1, 8
2026-09-01T13:31:24.9962750+07:00,2026/09/01 13:31:25.042, NVIDIA GeForce RTX 5060, 591.86, P8, 28, 0, 1261, 8151, 7.89, 145.00, 210, 405, 1, 8
2026-09-01T13:31:30.0701243+07:00,2026/09/01 13:31:30.115, NVIDIA GeForce RTX 5060, 591.86, P8, 28, 0, 1261, 8151, 7.70, 145.00, 202, 405, 1, 8
2026-09-01T13:31:35.1608558+07:00,2026/09/01 13:31:35.191, NVIDIA GeForce RTX 5060, 591.86, P8, 28, 0, 1261, 8151, 7.83, 145.00, 210, 405, 1, 8
2026-09-01T13:31:40.2217588+07:00,2026/09/01 13:31:40.252, NVIDIA GeForce RTX 5060, 591.86, P8, 28, 0, 1261, 8151, 7.69, 145.00, 210, 405, 1, 8
2026-09-01T13:31:45.2840425+07:00,2026/09/01 13:31:45.315, NVIDIA GeForce RTX 5060, 591.86, P8, 28, 0, 1261, 8151, 7.56, 145.00, 210, 405, 1, 8
2026-09-01T13:31:50.3426757+07:00,2026/09/01 13:31:50.373, NVIDIA GeForce RTX 5060, 591.86, P8, 28, 0, 1261, 8151, 7.87, 145.00, 210, 405, 1, 8
2026-09-01T13:31:55.4012503+07:00,2026/09/01 13:31:55.432, NVIDIA GeForce RTX 5060, 591.86, P8, 28, 0, 1263, 8151, 8.10, 145.00, 210, 405, 1, 8
2026-09-01T13:32:00.4611505+07:00,2026/09/01 13:32:00.492, NVIDIA GeForce RTX 5060, 591.86, P8, 28, 0, 1251, 8151, 7.80, 145.00, 210, 405, 1, 8
2026-09-01T13:32:05.5827084+07:00,2026/09/01 13:32:05.613, NVIDIA GeForce RTX 5060, 591.86, P8, 28, 0, 1251, 8151, 7.70, 145.00, 210, 405, 1, 8
2026-09-01T13:32:10.6413275+07:00,2026/09/01 13:32:10.672, NVIDIA GeForce RTX 5060, 591.86, P8, 28, 0, 1251, 8151, 7.99, 145.00, 210, 405, 1, 8
2026-09-01T13:32:15.6990824+07:00,2026/09/01 13:32:15.745, NVIDIA GeForce RTX 5060, 591.86, P8, 28, 0, 1251, 8151, 7.80, 145.00, 210, 405, 1, 8
2026-09-01T13:32:20.7619068+07:00,2026/09/01 13:32:20.808, NVIDIA GeForce RTX 5060, 591.86, P8, 28, 0, 1251, 8151, 7.77, 145.00, 210, 405, 1, 8
2026-09-01T13:32:25.8378986+07:00,2026/09/01 13:32:25.868, NVIDIA GeForce RTX 5060, 591.86, P8, 28, 0, 1244, 8151, 7.72, 145.00, 210, 405, 1, 8
2026-09-01T13:32:30.8940539+07:00,2026/09/01 13:32:30.925, NVIDIA GeForce RTX 5060, 591.86, P8, 28, 0, 1244, 8151, 7.87, 145.00, 210, 405, 1, 8
2026-09-01T13:32:36.0154048+07:00,2026/09/01 13:32:36.046, NVIDIA GeForce RTX 5060, 591.86, P8, 28, 0, 1244, 8151, 7.80, 145.00, 202, 405, 1, 8
2026-09-01T13:32:41.0625271+07:00,2026/09/01 13:32:41.108, NVIDIA GeForce RTX 5060, 591.86, P8, 28, 0, 1244, 8151, 7.87, 145.00, 210, 405, 1, 8
2026-09-01T13:32:46.1272612+07:00,2026/09/01 13:32:46.173, NVIDIA GeForce RTX 5060, 591.86, P8, 28, 0, 1244, 8151, 7.80, 145.00, 210, 405, 1, 8
2026-09-01T13:32:51.1997649+07:00,2026/09/01 13:32:51.230, NVIDIA GeForce RTX 5060, 591.86, P8, 28, 0, 1244, 8151, 7.80, 145.00, 210, 405, 1, 8
2026-09-01T13:32:56.2493354+07:00,2026/09/01 13:32:56.280, NVIDIA GeForce RTX 5060, 591.86, P8, 28, 0, 1244, 8151, 7.97, 145.00, 210, 405, 1, 8
2026-09-01T13:33:01.2993182+07:00,2026/09/01 13:33:01.330, NVIDIA GeForce RTX 5060, 591.86, P8, 28, 0, 1244, 8151, 7.90, 145.00, 210, 405, 1, 8
2026-09-01T13:33:06.4093004+07:00,2026/09/01 13:33:06.440, NVIDIA GeForce RTX 5060, 591.86, P8, 28, 0, 1244, 8151, 7.88, 145.00, 210, 405, 1, 8
2026-09-01T13:33:11.4540770+07:00,2026/09/01 13:33:11.484, NVIDIA GeForce RTX 5060, 591.86, P8, 28, 0, 1244, 8151, 7.95, 145.00, 210, 405, 1, 8
2026-09-01T13:33:16.5140066+07:00,2026/09/01 13:33:16.545, NVIDIA GeForce RTX 5060, 591.86, P8, 28, 0, 1244, 8151, 7.99, 145.00, 210, 405, 1, 8
2026-09-01T13:33:21.5750288+07:00,2026/09/01 13:33:21.606, NVIDIA GeForce RTX 5060, 591.86, P8, 28, 0, 1249, 8151, 8.91, 145.00, 240, 405, 1, 8
2026-09-01T13:33:26.6225850+07:00,2026/09/01 13:33:26.653, NVIDIA GeForce RTX 5060, 591.86, P8, 28, 26, 1298, 8151, 10.90, 145.00, 457, 405, 2, 8
2026-09-01T13:33:31.6757318+07:00,2026/09/01 13:33:31.722, NVIDIA GeForce RTX 5060, 591.86, P8, 28, 0, 1382, 8151, 8.88, 145.00, 247, 405, 1, 8
2026-09-01T13:33:36.8170382+07:00,2026/09/01 13:33:36.910, NVIDIA GeForce RTX 5060, 591.86, P8, 28, 7, 1403, 8151, 10.31, 145.00, 570, 405, 1, 8
2026-09-01T13:33:41.9276636+07:00,2026/09/01 13:33:41.958, NVIDIA GeForce RTX 5060, 591.86, P8, 28, 1, 1275, 8151, 8.23, 145.00, 210, 405, 1, 8
2026-09-01T13:33:46.9773174+07:00,2026/09/01 13:33:47.008, NVIDIA GeForce RTX 5060, 591.86, P8, 28, 0, 1275, 8151, 8.17, 145.00, 210, 405, 1, 8
2026-09-01T13:33:52.0401314+07:00,2026/09/01 13:33:52.085, NVIDIA GeForce RTX 5060, 591.86, P8, 28, 0, 1275, 8151, 7.73, 145.00, 210, 405, 1, 8
2026-09-01T13:33:57.0950250+07:00,2026/09/01 13:33:57.126, NVIDIA GeForce RTX 5060, 591.86, P8, 28, 0, 1275, 8151, 7.81, 145.00, 210, 405, 1, 8
2026-09-01T13:34:02.1576884+07:00,2026/09/01 13:34:02.249, NVIDIA GeForce RTX 5060, 591.86, P8, 28, 0, 1350, 8151, 9.91, 145.00, 285, 405, 1, 8
2026-09-01T13:34:07.3455545+07:00,2026/09/01 13:34:07.407, NVIDIA GeForce RTX 5060, 591.86, P8, 28, 0, 1267, 8151, 8.47, 145.00, 210, 405, 1, 8
2026-09-01T13:34:12.4377284+07:00,2026/09/01 13:34:12.515, NVIDIA GeForce RTX 5060, 591.86, P8, 28, 0, 1259, 8151, 8.17, 145.00, 210, 405, 1, 8
2026-09-01T13:34:17.5328274+07:00,2026/09/01 13:34:17.579, NVIDIA GeForce RTX 5060, 591.86, P8, 28, 0, 1259, 8151, 8.21, 145.00, 210, 405, 1, 8
2026-09-01T13:34:22.5962135+07:00,2026/09/01 13:34:22.658, NVIDIA GeForce RTX 5060, 591.86, P5, 28, 3, 1516, 8151, 9.98, 145.00, 412, 810, 1, 8
2026-09-01T13:34:27.6750073+07:00,2026/09/01 13:34:27.737, NVIDIA GeForce RTX 5060, 591.86, P8, 28, 6, 1377, 8151, 9.25, 145.00, 322, 405, 1, 8
2026-09-01T13:34:32.7500244+07:00,2026/09/01 13:34:32.827, NVIDIA GeForce RTX 5060, 591.86, P0, 29, 0, 1280, 8151, 22.19, 145.00, 2520, 14201, 4, 8
2026-09-01T13:34:37.9374271+07:00,2026/09/01 13:34:37.972, NVIDIA GeForce RTX 5060, 591.86, P8, 28, 0, 1275, 8151, 8.97, 145.00, 262, 405, 1, 8
2026-09-01T13:34:42.9842043+07:00,2026/09/01 13:34:43.015, NVIDIA GeForce RTX 5060, 591.86, P8, 28, 0, 1271, 8151, 8.78, 145.00, 442, 405, 1, 8
2026-09-01T13:34:48.0462086+07:00,2026/09/01 13:34:48.077, NVIDIA GeForce RTX 5060, 591.86, P0, 29, 0, 1330, 8151, 22.60, 145.00, 2542, 14201, 4, 8
2026-09-01T13:34:53.0932252+07:00,2026/09/01 13:34:53.124, NVIDIA GeForce RTX 5060, 591.86, P8, 28, 1, 1283, 8151, 10.81, 145.00, 592, 405, 1, 8
2026-09-01T13:34:58.1401527+07:00,2026/09/01 13:34:58.171, NVIDIA GeForce RTX 5060, 591.86, P8, 28, 0, 1333, 8151, 9.52, 145.00, 352, 405, 1, 8
2026-09-01T13:35:03.1858584+07:00,2026/09/01 13:35:03.216, NVIDIA GeForce RTX 5060, 591.86, P3, 29, 0, 1284, 8151, 15.31, 145.00, 562, 7001, 4, 8
2026-09-01T13:35:08.3560543+07:00,2026/09/01 13:35:08.387, NVIDIA GeForce RTX 5060, 591.86, P8, 28, 0, 1282, 8151, 8.58, 145.00, 210, 405, 1, 8
2026-09-01T13:35:13.4157244+07:00,2026/09/01 13:35:13.446, NVIDIA GeForce RTX 5060, 591.86, P8, 28, 0, 1273, 8151, 8.51, 145.00, 210, 405, 1, 8
2026-09-01T13:35:18.4760335+07:00,2026/09/01 13:35:18.507, NVIDIA GeForce RTX 5060, 591.86, P8, 28, 0, 1273, 8151, 8.72, 145.00, 232, 405, 1, 8
2026-09-01T13:35:23.5244783+07:00,2026/09/01 13:35:23.555, NVIDIA GeForce RTX 5060, 591.86, P8, 28, 0, 1273, 8151, 8.56, 145.00, 210, 405, 1, 8
2026-09-01T13:35:28.5847846+07:00,2026/09/01 13:35:28.615, NVIDIA GeForce RTX 5060, 591.86, P8, 28, 1, 1269, 8151, 8.80, 145.00, 232, 405, 1, 8
2026-09-01T13:35:33.6436062+07:00,2026/09/01 13:35:33.674, NVIDIA GeForce RTX 5060, 591.86, P8, 28, 0, 1269, 8151, 8.52, 145.00, 210, 405, 1, 8
2026-09-01T13:35:38.7652342+07:00,2026/09/01 13:35:38.796, NVIDIA GeForce RTX 5060, 591.86, P8, 28, 0, 1265, 8151, 8.63, 145.00, 232, 405, 1, 8
2026-09-01T13:35:43.8137940+07:00,2026/09/01 13:35:43.844, NVIDIA GeForce RTX 5060, 591.86, P8, 28, 0, 1265, 8151, 8.51, 145.00, 210, 405, 1, 8
2026-09-01T13:35:48.8600943+07:00,2026/09/01 13:35:48.891, NVIDIA GeForce RTX 5060, 591.86, P8, 28, 0, 1265, 8151, 8.51, 145.00, 210, 405, 1, 8
2026-09-01T13:35:53.9218341+07:00,2026/09/01 13:35:53.952, NVIDIA GeForce RTX 5060, 591.86, P8, 28, 0, 1265, 8151, 8.61, 145.00, 232, 405, 1, 8
2026-09-01T13:35:58.9780612+07:00,2026/09/01 13:35:59.009, NVIDIA GeForce RTX 5060, 591.86, P8, 28, 0, 1265, 8151, 8.61, 145.00, 210, 405, 1, 8
2026-09-01T13:36:04.0366570+07:00,2026/09/01 13:36:04.067, NVIDIA GeForce RTX 5060, 591.86, P8, 28, 0, 1265, 8151, 8.68, 145.00, 232, 405, 1, 8
2026-09-01T13:36:09.1452042+07:00,2026/09/01 13:36:09.176, NVIDIA GeForce RTX 5060, 591.86, P8, 28, 0, 1269, 8151, 8.68, 145.00, 210, 405, 1, 8
2026-09-01T13:36:14.2062899+07:00,2026/09/01 13:36:14.237, NVIDIA GeForce RTX 5060, 591.86, P8, 28, 0, 1259, 8151, 8.54, 145.00, 232, 405, 1, 8
2026-09-01T13:36:19.2563808+07:00,2026/09/01 13:36:19.287, NVIDIA GeForce RTX 5060, 591.86, P8, 28, 0, 1259, 8151, 8.71, 145.00, 210, 405, 1, 8
2026-09-01T13:36:24.3000078+07:00,2026/09/01 13:36:24.408, NVIDIA GeForce RTX 5060, 591.86, P8, 28, 0, 1259, 8151, 8.45, 145.00, 210, 405, 1, 8
2026-09-01T13:36:29.4406150+07:00,2026/09/01 13:36:29.471, NVIDIA GeForce RTX 5060, 591.86, P8, 28, 0, 1259, 8151, 8.50, 145.00, 232, 405, 1, 8
2026-09-01T13:36:34.4865076+07:00,2026/09/01 13:36:34.517, NVIDIA GeForce RTX 5060, 591.86, P8, 28, 0, 1259, 8151, 8.41, 145.00, 210, 405, 1, 8
2026-09-01T13:36:39.6235091+07:00,2026/09/01 13:36:39.654, NVIDIA GeForce RTX 5060, 591.86, P8, 28, 0, 1259, 8151, 8.46, 145.00, 232, 405, 1, 8
2026-09-01T13:36:44.6808592+07:00,2026/09/01 13:36:44.711, NVIDIA GeForce RTX 5060, 591.86, P8, 28, 0, 1259, 8151, 8.44, 145.00, 210, 405, 1, 8
2026-09-01T13:36:49.7291777+07:00,2026/09/01 13:36:49.790, NVIDIA GeForce RTX 5060, 591.86, P8, 28, 1, 1271, 8151, 9.57, 145.00, 307, 405, 1, 8
2026-09-01T13:36:54.8070931+07:00,2026/09/01 13:36:54.838, NVIDIA GeForce RTX 5060, 591.86, P8, 28, 0, 1262, 8151, 8.78, 145.00, 427, 405, 1, 8
2026-09-01T13:36:59.8673657+07:00,2026/09/01 13:36:59.898, NVIDIA GeForce RTX 5060, 591.86, P8, 28, 0, 1270, 8151, 8.67, 145.00, 232, 405, 1, 8
2026-09-01T13:37:04.9074999+07:00,2026/09/01 13:37:04.938, NVIDIA GeForce RTX 5060, 591.86, P8, 28, 0, 1187, 8151, 8.65, 145.00, 262, 405, 1, 8
2026-09-01T13:37:10.0293714+07:00,2026/09/01 13:37:10.060, NVIDIA GeForce RTX 5060, 591.86, P8, 28, 0, 1216, 8151, 8.61, 145.00, 232, 405, 1, 8
2026-09-01T13:37:15.0902270+07:00,2026/09/01 13:37:15.121, NVIDIA GeForce RTX 5060, 591.86, P8, 28, 0, 1216, 8151, 8.59, 145.00, 262, 405, 1, 8
2026-09-01T13:37:20.1371409+07:00,2026/09/01 13:37:20.168, NVIDIA GeForce RTX 5060, 591.86, P8, 28, 0, 1212, 8151, 8.45, 145.00, 232, 405, 1, 8
2026-09-01T13:37:25.1950131+07:00,2026/09/01 13:37:25.240, NVIDIA GeForce RTX 5060, 591.86, P8, 28, 1, 1218, 8151, 9.21, 145.00, 420, 405, 1, 8
2026-09-01T13:37:30.2705247+07:00,2026/09/01 13:37:30.301, NVIDIA GeForce RTX 5060, 591.86, P8, 28, 1, 1218, 8151, 9.07, 145.00, 405, 405, 1, 8
2026-09-01T13:37:35.3328251+07:00,2026/09/01 13:37:35.363, NVIDIA GeForce RTX 5060, 591.86, P8, 28, 1, 1219, 8151, 8.99, 145.00, 427, 405, 1, 8
2026-09-01T13:37:40.4447640+07:00,2026/09/01 13:37:40.475, NVIDIA GeForce RTX 5060, 591.86, P8, 28, 0, 1217, 8151, 9.06, 145.00, 412, 405, 1, 8
2026-09-01T13:37:45.4951589+07:00,2026/09/01 13:37:45.526, NVIDIA GeForce RTX 5060, 591.86, P8, 28, 1, 1217, 8151, 8.94, 145.00, 367, 405, 1, 8
2026-09-01T13:37:50.5444686+07:00,2026/09/01 13:37:50.590, NVIDIA GeForce RTX 5060, 591.86, P8, 28, 0, 1221, 8151, 9.21, 145.00, 337, 405, 1, 8
2026-09-01T13:37:55.6213672+07:00,2026/09/01 13:37:55.652, NVIDIA GeForce RTX 5060, 591.86, P8, 28, 0, 1221, 8151, 9.15, 145.00, 292, 405, 1, 8
2026-09-01T13:38:00.6691297+07:00,2026/09/01 13:38:00.700, NVIDIA GeForce RTX 5060, 591.86, P8, 28, 0, 1221, 8151, 9.09, 145.00, 315, 405, 1, 8
2026-09-01T13:38:05.7237848+07:00,2026/09/01 13:38:05.754, NVIDIA GeForce RTX 5060, 591.86, P8, 28, 0, 1221, 8151, 9.06, 145.00, 307, 405, 1, 8
2026-09-01T13:38:10.8325167+07:00,2026/09/01 13:38:10.879, NVIDIA GeForce RTX 5060, 591.86, P8, 28, 0, 1217, 8151, 9.01, 145.00, 322, 405, 1, 8
2026-09-01T13:38:15.9102390+07:00,2026/09/01 13:38:15.941, NVIDIA GeForce RTX 5060, 591.86, P8, 28, 0, 1216, 8151, 9.07, 145.00, 307, 405, 1, 8
2026-09-01T13:38:20.9584955+07:00,2026/09/01 13:38:20.989, NVIDIA GeForce RTX 5060, 591.86, P8, 28, 0, 1216, 8151, 8.47, 145.00, 232, 405, 1, 8
2026-09-01T13:38:25.9988297+07:00,2026/09/01 13:38:26.043, NVIDIA GeForce RTX 5060, 591.86, P8, 28, 0, 1207, 8151, 8.43, 145.00, 210, 405, 1, 8
2026-09-01T13:38:31.0593620+07:00,2026/09/01 13:38:31.090, NVIDIA GeForce RTX 5060, 591.86, P8, 28, 0, 1207, 8151, 8.51, 145.00, 210, 405, 1, 8
2026-09-01T13:38:36.1070616+07:00,2026/09/01 13:38:36.138, NVIDIA GeForce RTX 5060, 591.86, P8, 28, 1, 1215, 8151, 9.76, 145.00, 562, 405, 1, 8
2026-09-01T13:38:41.2167152+07:00,2026/09/01 13:38:41.247, NVIDIA GeForce RTX 5060, 591.86, P8, 28, 0, 1210, 8151, 8.46, 145.00, 210, 405, 1, 8
2026-09-01T13:38:46.7938021+07:00,2026/09/01 13:38:46.824, NVIDIA GeForce RTX 5060, 591.86, P8, 28, 0, 1206, 8151, 8.40, 145.00, 232, 405, 1, 8
2026-09-01T13:38:51.8387263+07:00,2026/09/01 13:38:51.869, NVIDIA GeForce RTX 5060, 591.86, P8, 28, 0, 1210, 8151, 8.71, 145.00, 210, 405, 1, 8
2026-09-01T13:38:56.9001542+07:00,2026/09/01 13:38:56.931, NVIDIA GeForce RTX 5060, 591.86, P8, 28, 0, 1210, 8151, 8.44, 145.00, 232, 405, 1, 8
2026-09-01T13:39:01.9611934+07:00,2026/09/01 13:39:01.992, NVIDIA GeForce RTX 5060, 591.86, P8, 28, 0, 1215, 8151, 8.56, 145.00, 210, 405, 1, 8
2026-09-01T13:39:07.0223768+07:00,2026/09/01 13:39:07.053, NVIDIA GeForce RTX 5060, 591.86, P8, 28, 0, 1219, 8151, 8.51, 145.00, 277, 405, 1, 8
2026-09-01T13:39:12.1440102+07:00,2026/09/01 13:39:12.174, NVIDIA GeForce RTX 5060, 591.86, P8, 28, 0, 1218, 8151, 8.40, 145.00, 232, 405, 1, 8
2026-09-01T13:39:17.2056701+07:00,2026/09/01 13:39:17.235, NVIDIA GeForce RTX 5060, 591.86, P8, 28, 0, 1222, 8151, 8.61, 145.00, 210, 405, 1, 8
2026-09-01T13:39:22.2495153+07:00,2026/09/01 13:39:22.280, NVIDIA GeForce RTX 5060, 591.86, P8, 28, 1, 1217, 8151, 9.79, 145.00, 480, 405, 1, 8
2026-09-01T13:39:27.2966336+07:00,2026/09/01 13:39:27.327, NVIDIA GeForce RTX 5060, 591.86, P8, 28, 1, 1213, 8151, 8.83, 145.00, 232, 405, 1, 8
2026-09-01T13:39:32.3406035+07:00,2026/09/01 13:39:32.387, NVIDIA GeForce RTX 5060, 591.86, P8, 28, 0, 1218, 8151, 8.61, 145.00, 270, 405, 1, 8
2026-09-01T13:39:37.4161627+07:00,2026/09/01 13:39:37.462, NVIDIA GeForce RTX 5060, 591.86, P8, 28, 0, 1218, 8151, 8.62, 145.00, 255, 405, 1, 8
2026-09-01T13:39:42.5544718+07:00,2026/09/01 13:39:42.585, NVIDIA GeForce RTX 5060, 591.86, P8, 28, 0, 1213, 8151, 8.62, 145.00, 255, 405, 1, 8
2026-09-01T13:39:47.6019379+07:00,2026/09/01 13:39:47.632, NVIDIA GeForce RTX 5060, 591.86, P8, 28, 1, 1218, 8151, 9.27, 145.00, 255, 405, 1, 8
2026-09-01T13:39:52.6474520+07:00,2026/09/01 13:39:52.678, NVIDIA GeForce RTX 5060, 591.86, P8, 28, 0, 1217, 8151, 8.98, 145.00, 285, 405, 1, 8
2026-09-01T13:39:57.7088069+07:00,2026/09/01 13:39:57.739, NVIDIA GeForce RTX 5060, 591.86, P8, 28, 0, 1216, 8151, 9.36, 145.00, 555, 405, 1, 8
2026-09-01T13:40:02.7560609+07:00,2026/09/01 13:40:02.787, NVIDIA GeForce RTX 5060, 591.86, P8, 28, 0, 1217, 8151, 8.53, 145.00, 232, 405, 1, 8
2026-09-01T13:40:07.8054808+07:00,2026/09/01 13:40:07.836, NVIDIA GeForce RTX 5060, 591.86, P8, 28, 0, 1217, 8151, 9.19, 145.00, 577, 405, 1, 8
2026-09-01T13:40:12.9148373+07:00,2026/09/01 13:40:12.946, NVIDIA GeForce RTX 5060, 591.86, P8, 28, 2, 1217, 8151, 9.47, 145.00, 232, 405, 1, 8
2026-09-01T13:40:17.9618830+07:00,2026/09/01 13:40:17.992, NVIDIA GeForce RTX 5060, 591.86, P8, 28, 0, 1217, 8151, 8.49, 145.00, 210, 405, 1, 8
2026-09-01T13:40:23.0090615+07:00,2026/09/01 13:40:23.039, NVIDIA GeForce RTX 5060, 591.86, P8, 28, 0, 1209, 8151, 8.65, 145.00, 210, 405, 1, 8
2026-09-01T13:40:28.0538908+07:00,2026/09/01 13:40:28.085, NVIDIA GeForce RTX 5060, 591.86, P8, 28, 0, 1210, 8151, 8.44, 145.00, 210, 405, 1, 8
2026-09-01T13:40:33.1019588+07:00,2026/09/01 13:40:33.132, NVIDIA GeForce RTX 5060, 591.86, P8, 28, 0, 1221, 8151, 8.71, 145.00, 232, 405, 1, 8
2026-09-01T13:40:38.1499017+07:00,2026/09/01 13:40:38.180, NVIDIA GeForce RTX 5060, 591.86, P8, 28, 0, 1220, 8151, 8.65, 145.00, 232, 405, 1, 8
2026-09-01T13:40:43.2619117+07:00,2026/09/01 13:40:43.292, NVIDIA GeForce RTX 5060, 591.86, P8, 28, 0, 1213, 8151, 8.82, 145.00, 232, 405, 1, 8
2026-09-01T13:40:48.3041365+07:00,2026/09/01 13:40:48.335, NVIDIA GeForce RTX 5060, 591.86, P8, 28, 0, 1219, 8151, 8.89, 145.00, 232, 405, 1, 8
2026-09-01T13:40:53.3631284+07:00,2026/09/01 13:40:53.394, NVIDIA GeForce RTX 5060, 591.86, P8, 28, 0, 1221, 8151, 8.87, 145.00, 255, 405, 1, 8
2026-09-01T13:40:58.4072231+07:00,2026/09/01 13:40:58.438, NVIDIA GeForce RTX 5060, 591.86, P8, 28, 0, 1221, 8151, 9.04, 145.00, 315, 405, 1, 8
2026-09-01T13:41:03.4705825+07:00,2026/09/01 13:41:03.501, NVIDIA GeForce RTX 5060, 591.86, P8, 28, 0, 1223, 8151, 8.74, 145.00, 255, 405, 1, 8
2026-09-01T13:41:08.5167884+07:00,2026/09/01 13:41:08.547, NVIDIA GeForce RTX 5060, 591.86, P8, 28, 0, 1217, 8151, 8.97, 145.00, 232, 405, 1, 8
2026-09-01T13:41:13.6280172+07:00,2026/09/01 13:41:13.659, NVIDIA GeForce RTX 5060, 591.86, P8, 28, 0, 1222, 8151, 8.35, 145.00, 210, 405, 1, 8
2026-09-01T13:41:18.6711290+07:00,2026/09/01 13:41:18.701, NVIDIA GeForce RTX 5060, 591.86, P8, 28, 0, 1222, 8151, 8.33, 145.00, 210, 405, 1, 8
2026-09-01T13:41:23.7185724+07:00,2026/09/01 13:41:23.749, NVIDIA GeForce RTX 5060, 591.86, P8, 28, 0, 1222, 8151, 7.98, 145.00, 210, 405, 1, 8
2026-09-01T13:41:28.7623496+07:00,2026/09/01 13:41:28.793, NVIDIA GeForce RTX 5060, 591.86, P8, 28, 0, 1222, 8151, 7.84, 145.00, 210, 405, 1, 8
2026-09-01T13:41:33.8120108+07:00,2026/09/01 13:41:33.843, NVIDIA GeForce RTX 5060, 591.86, P8, 28, 0, 1222, 8151, 7.97, 145.00, 210, 405, 1, 8
2026-09-01T13:41:38.8585196+07:00,2026/09/01 13:41:38.889, NVIDIA GeForce RTX 5060, 591.86, P8, 28, 0, 1222, 8151, 7.89, 145.00, 210, 405, 1, 8
2026-09-01T13:41:43.9735323+07:00,2026/09/01 13:41:44.004, NVIDIA GeForce RTX 5060, 591.86, P8, 28, 0, 1222, 8151, 8.04, 145.00, 202, 405, 1, 8
2026-09-01T13:41:49.0207129+07:00,2026/09/01 13:41:49.051, NVIDIA GeForce RTX 5060, 591.86, P8, 28, 1, 1232, 8151, 8.03, 145.00, 247, 405, 1, 8
2026-09-01T13:41:54.0684756+07:00,2026/09/01 13:41:54.115, NVIDIA GeForce RTX 5060, 591.86, P8, 28, 0, 1224, 8151, 7.82, 145.00, 210, 405, 1, 8
2026-09-01T13:41:59.1325356+07:00,2026/09/01 13:41:59.162, NVIDIA GeForce RTX 5060, 591.86, P8, 28, 0, 1224, 8151, 7.78, 145.00, 210, 405, 1, 8
2026-09-01T13:42:04.1826870+07:00,2026/09/01 13:42:04.213, NVIDIA GeForce RTX 5060, 591.86, P8, 28, 0, 1224, 8151, 8.34, 145.00, 210, 405, 1, 8
2026-09-01T13:42:09.2290140+07:00,2026/09/01 13:42:09.260, NVIDIA GeForce RTX 5060, 591.86, P8, 28, 0, 1224, 8151, 7.89, 145.00, 210, 405, 1, 8
2026-09-01T13:42:14.3328288+07:00,2026/09/01 13:42:14.363, NVIDIA GeForce RTX 5060, 591.86, P8, 28, 0, 1224, 8151, 8.02, 145.00, 210, 405, 1, 8
2026-09-01T13:42:19.3766723+07:00,2026/09/01 13:42:19.407, NVIDIA GeForce RTX 5060, 591.86, P8, 28, 0, 1224, 8151, 8.47, 145.00, 210, 405, 1, 8
2026-09-01T13:42:24.4343654+07:00,2026/09/01 13:42:24.465, NVIDIA GeForce RTX 5060, 591.86, P8, 28, 0, 1234, 8151, 8.18, 145.00, 210, 405, 1, 8
2026-09-01T13:42:29.4808551+07:00,2026/09/01 13:42:29.511, NVIDIA GeForce RTX 5060, 591.86, P8, 28, 0, 1234, 8151, 7.89, 145.00, 210, 405, 1, 8
2026-09-01T13:42:34.5426047+07:00,2026/09/01 13:42:34.574, NVIDIA GeForce RTX 5060, 591.86, P8, 28, 0, 1234, 8151, 8.23, 145.00, 210, 405, 1, 8
2026-09-01T13:42:39.5873494+07:00,2026/09/01 13:42:39.618, NVIDIA GeForce RTX 5060, 591.86, P8, 28, 0, 1234, 8151, 8.02, 145.00, 210, 405, 1, 8
2026-09-01T13:42:44.7123799+07:00,2026/09/01 13:42:44.743, NVIDIA GeForce RTX 5060, 591.86, P8, 28, 0, 1234, 8151, 8.01, 145.00, 210, 405, 1, 8
2026-09-01T13:42:49.7615684+07:00,2026/09/01 13:42:49.792, NVIDIA GeForce RTX 5060, 591.86, P8, 28, 0, 1223, 8151, 8.01, 145.00, 210, 405, 1, 8
2026-09-01T13:42:54.8053773+07:00,2026/09/01 13:42:54.835, NVIDIA GeForce RTX 5060, 591.86, P8, 28, 0, 1223, 8151, 8.14, 145.00, 210, 405, 1, 8
2026-09-01T13:42:59.8633099+07:00,2026/09/01 13:42:59.894, NVIDIA GeForce RTX 5060, 591.86, P8, 28, 0, 1223, 8151, 7.96, 145.00, 210, 405, 1, 8
2026-09-01T13:43:04.9108333+07:00,2026/09/01 13:43:04.941, NVIDIA GeForce RTX 5060, 591.86, P8, 28, 0, 1223, 8151, 8.36, 145.00, 210, 405, 1, 8
2026-09-01T13:43:09.9593679+07:00,2026/09/01 13:43:09.989, NVIDIA GeForce RTX 5060, 591.86, P8, 28, 0, 1223, 8151, 7.94, 145.00, 210, 405, 1, 8
2026-09-01T13:43:15.0786273+07:00,2026/09/01 13:43:15.109, NVIDIA GeForce RTX 5060, 591.86, P8, 28, 0, 1223, 8151, 8.07, 145.00, 210, 405, 1, 8
2026-09-01T13:43:20.1231498+07:00,2026/09/01 13:43:20.154, NVIDIA GeForce RTX 5060, 591.86, P8, 28, 0, 1223, 8151, 7.91, 145.00, 210, 405, 1, 8
2026-09-01T13:43:25.1681186+07:00,2026/09/01 13:43:25.198, NVIDIA GeForce RTX 5060, 591.86, P8, 28, 0, 1223, 8151, 7.89, 145.00, 210, 405, 1, 8
2026-09-01T13:43:30.2107538+07:00,2026/09/01 13:43:30.241, NVIDIA GeForce RTX 5060, 591.86, P8, 28, 0, 1223, 8151, 8.24, 145.00, 210, 405, 1, 8
2026-09-01T13:43:35.2526588+07:00,2026/09/01 13:43:35.283, NVIDIA GeForce RTX 5060, 591.86, P8, 28, 0, 1223, 8151, 8.11, 145.00, 210, 405, 1, 8
2026-09-01T13:43:40.3004621+07:00,2026/09/01 13:43:40.331, NVIDIA GeForce RTX 5060, 591.86, P8, 28, 0, 1223, 8151, 7.95, 145.00, 210, 405, 1, 8
2026-09-01T13:43:45.4232926+07:00,2026/09/01 13:43:45.454, NVIDIA GeForce RTX 5060, 591.86, P8, 28, 0, 1223, 8151, 7.96, 145.00, 210, 405, 1, 8
2026-09-01T13:43:50.4677261+07:00,2026/09/01 13:43:50.498, NVIDIA GeForce RTX 5060, 591.86, P8, 28, 0, 1223, 8151, 8.01, 145.00, 210, 405, 1, 8
2026-09-01T13:43:55.5136162+07:00,2026/09/01 13:43:55.544, NVIDIA GeForce RTX 5060, 591.86, P8, 28, 0, 1223, 8151, 7.99, 145.00, 210, 405, 1, 8
2026-09-01T13:44:00.5583478+07:00,2026/09/01 13:44:00.589, NVIDIA GeForce RTX 5060, 591.86, P8, 28, 0, 1223, 8151, 8.10, 145.00, 210, 405, 1, 8
2026-09-01T13:44:05.6020547+07:00,2026/09/01 13:44:05.633, NVIDIA GeForce RTX 5060, 591.86, P8, 28, 0, 1223, 8151, 8.44, 145.00, 210, 405, 1, 8
2026-09-01T13:44:10.6494919+07:00,2026/09/01 13:44:10.680, NVIDIA GeForce RTX 5060, 591.86, P8, 28, 0, 1223, 8151, 8.07, 145.00, 210, 405, 1, 8
2026-09-01T13:44:15.7737417+07:00,2026/09/01 13:44:15.804, NVIDIA GeForce RTX 5060, 591.86, P8, 28, 0, 1223, 8151, 7.95, 145.00, 210, 405, 1, 8
2026-09-01T13:44:20.8164039+07:00,2026/09/01 13:44:20.847, NVIDIA GeForce RTX 5060, 591.86, P8, 28, 0, 1223, 8151, 8.01, 145.00, 210, 405, 1, 8
2026-09-01T13:44:25.8589849+07:00,2026/09/01 13:44:25.889, NVIDIA GeForce RTX 5060, 591.86, P8, 28, 0, 1223, 8151, 7.94, 145.00, 210, 405, 1, 8
2026-09-01T13:44:30.9200170+07:00,2026/09/01 13:44:30.951, NVIDIA GeForce RTX 5060, 591.86, P8, 28, 0, 1223, 8151, 7.90, 145.00, 210, 405, 1, 8
2026-09-01T13:44:35.9778705+07:00,2026/09/01 13:44:36.008, NVIDIA GeForce RTX 5060, 591.86, P8, 28, 0, 1232, 8151, 7.83, 145.00, 210, 405, 1, 8
2026-09-01T13:44:41.0384825+07:00,2026/09/01 13:44:41.069, NVIDIA GeForce RTX 5060, 591.86, P0, 29, 0, 1445, 8151, 22.98, 145.00, 2542, 14201, 4, 8
2026-09-01T13:44:46.1953767+07:00,2026/09/01 13:44:46.304, NVIDIA GeForce RTX 5060, 591.86, P0, 29, 0, 1345, 8151, 16.87, 145.00, 2542, 14201, 4, 8
2026-09-01T13:44:51.3178541+07:00,2026/09/01 13:44:51.379, NVIDIA GeForce RTX 5060, 591.86, P5, 28, 0, 1214, 8151, 9.50, 145.00, 315, 810, 1, 8
2026-09-01T13:44:56.3943055+07:00,2026/09/01 13:44:56.425, NVIDIA GeForce RTX 5060, 591.86, P8, 28, 0, 1206, 8151, 8.72, 145.00, 232, 405, 1, 8
2026-09-01T13:45:01.4409996+07:00,2026/09/01 13:45:01.503, NVIDIA GeForce RTX 5060, 591.86, P8, 28, 0, 1182, 8151, 8.69, 145.00, 232, 405, 1, 8
2026-09-01T13:45:06.5314770+07:00,2026/09/01 13:45:06.593, NVIDIA GeForce RTX 5060, 591.86, P8, 28, 0, 1190, 8151, 8.71, 145.00, 262, 405, 1, 8
2026-09-01T13:45:11.6086779+07:00,2026/09/01 13:45:11.670, NVIDIA GeForce RTX 5060, 591.86, P8, 28, 1, 1187, 8151, 10.31, 145.00, 487, 405, 1, 8
2026-09-01T13:45:16.7932328+07:00,2026/09/01 13:45:16.855, NVIDIA GeForce RTX 5060, 591.86, P8, 28, 0, 1186, 8151, 9.05, 145.00, 285, 405, 1, 8
2026-09-01T13:45:21.8722940+07:00,2026/09/01 13:45:21.934, NVIDIA GeForce RTX 5060, 591.86, P8, 28, 0, 1191, 8151, 8.83, 145.00, 337, 405, 1, 8
2026-09-01T13:45:26.9658954+07:00,2026/09/01 13:45:27.027, NVIDIA GeForce RTX 5060, 591.86, P8, 28, 0, 1191, 8151, 8.78, 145.00, 270, 405, 1, 8
2026-09-01T13:45:32.0567297+07:00,2026/09/01 13:45:32.118, NVIDIA GeForce RTX 5060, 591.86, P8, 28, 0, 1189, 8151, 8.89, 145.00, 330, 405, 1, 8
2026-09-01T13:45:37.1492429+07:00,2026/09/01 13:45:37.195, NVIDIA GeForce RTX 5060, 591.86, P8, 28, 1, 1188, 8151, 9.29, 145.00, 442, 405, 1, 8
2026-09-01T13:45:42.2252665+07:00,2026/09/01 13:45:42.318, NVIDIA GeForce RTX 5060, 591.86, P8, 28, 0, 1242, 8151, 9.17, 145.00, 375, 405, 1, 8
2026-09-01T13:45:47.4287450+07:00,2026/09/01 13:45:47.475, NVIDIA GeForce RTX 5060, 591.86, P8, 28, 1, 1189, 8151, 9.33, 145.00, 450, 405, 1, 8
2026-09-01T13:45:52.5054946+07:00,2026/09/01 13:45:52.536, NVIDIA GeForce RTX 5060, 591.86, P8, 28, 1, 1188, 8151, 9.08, 145.00, 397, 405, 1, 8
2026-09-01T13:45:57.5666813+07:00,2026/09/01 13:45:57.597, NVIDIA GeForce RTX 5060, 591.86, P8, 28, 1, 1187, 8151, 9.02, 145.00, 345, 405, 1, 8
2026-09-01T13:46:02.6149245+07:00,2026/09/01 13:46:02.645, NVIDIA GeForce RTX 5060, 591.86, P8, 28, 0, 1187, 8151, 9.10, 145.00, 352, 405, 1, 8
2026-09-01T13:46:07.6753258+07:00,2026/09/01 13:46:07.706, NVIDIA GeForce RTX 5060, 591.86, P8, 28, 0, 1164, 8151, 9.28, 145.00, 337, 405, 1, 8
2026-09-01T13:46:12.7345290+07:00,2026/09/01 13:46:12.765, NVIDIA GeForce RTX 5060, 591.86, P8, 28, 2, 1161, 8151, 10.22, 145.00, 607, 405, 1, 8
2026-09-01T13:46:17.8577039+07:00,2026/09/01 13:46:17.888, NVIDIA GeForce RTX 5060, 591.86, P8, 28, 0, 1160, 8151, 8.53, 145.00, 210, 405, 1, 8
2026-09-01T13:46:22.9048474+07:00,2026/09/01 13:46:22.935, NVIDIA GeForce RTX 5060, 591.86, P8, 28, 0, 1161, 8151, 9.12, 145.00, 285, 405, 1, 8
2026-09-01T13:46:27.9546756+07:00,2026/09/01 13:46:27.985, NVIDIA GeForce RTX 5060, 591.86, P8, 28, 0, 1162, 8151, 8.35, 145.00, 210, 405, 1, 8
2026-09-01T13:46:33.0014928+07:00,2026/09/01 13:46:33.032, NVIDIA GeForce RTX 5060, 591.86, P8, 28, 2, 1161, 8151, 8.46, 145.00, 285, 405, 1, 8
2026-09-01T13:46:38.0497427+07:00,2026/09/01 13:46:38.080, NVIDIA GeForce RTX 5060, 591.86, P8, 28, 0, 1158, 8151, 8.41, 145.00, 210, 405, 1, 8
2026-09-01T13:46:43.0981032+07:00,2026/09/01 13:46:43.129, NVIDIA GeForce RTX 5060, 591.86, P8, 28, 0, 1215, 8151, 8.77, 145.00, 255, 405, 1, 8
2026-09-01T13:46:48.2104595+07:00,2026/09/01 13:46:48.287, NVIDIA GeForce RTX 5060, 591.86, P8, 28, 0, 1161, 8151, 8.42, 145.00, 210, 405, 1, 8
2026-09-01T13:46:53.3151003+07:00,2026/09/01 13:46:53.345, NVIDIA GeForce RTX 5060, 591.86, P8, 28, 0, 1162, 8151, 9.20, 145.00, 262, 405, 1, 8
2026-09-01T13:46:58.3644276+07:00,2026/09/01 13:46:58.395, NVIDIA GeForce RTX 5060, 591.86, P8, 28, 0, 1161, 8151, 9.00, 145.00, 457, 405, 1, 8
2026-09-01T13:47:03.4257192+07:00,2026/09/01 13:47:03.518, NVIDIA GeForce RTX 5060, 591.86, P8, 28, 0, 1152, 8151, 8.91, 145.00, 420, 405, 1, 8
2026-09-01T13:47:08.5503381+07:00,2026/09/01 13:47:08.596, NVIDIA GeForce RTX 5060, 591.86, P8, 28, 0, 1157, 8151, 8.57, 145.00, 210, 405, 1, 8
2026-09-01T13:47:13.6409292+07:00,2026/09/01 13:47:13.671, NVIDIA GeForce RTX 5060, 591.86, P8, 28, 0, 1153, 8151, 8.03, 145.00, 210, 405, 1, 8
2026-09-01T13:47:18.7630821+07:00,2026/09/01 13:47:18.794, NVIDIA GeForce RTX 5060, 591.86, P8, 28, 0, 1153, 8151, 7.97, 145.00, 210, 405, 1, 8
2026-09-01T13:47:23.8254693+07:00,2026/09/01 13:47:23.871, NVIDIA GeForce RTX 5060, 591.86, P8, 28, 0, 1153, 8151, 7.96, 145.00, 210, 405, 1, 8
2026-09-01T13:47:28.8863936+07:00,2026/09/01 13:47:28.916, NVIDIA GeForce RTX 5060, 591.86, P8, 28, 0, 1153, 8151, 7.90, 145.00, 210, 405, 1, 8
2026-09-01T13:47:33.9458762+07:00,2026/09/01 13:47:33.976, NVIDIA GeForce RTX 5060, 591.86, P8, 28, 0, 1153, 8151, 8.04, 145.00, 210, 405, 1, 8
2026-09-01T13:47:39.0082280+07:00,2026/09/01 13:47:39.039, NVIDIA GeForce RTX 5060, 591.86, P8, 28, 0, 1152, 8151, 8.27, 145.00, 210, 405, 1, 8
2026-09-01T13:47:44.0553747+07:00,2026/09/01 13:47:44.086, NVIDIA GeForce RTX 5060, 591.86, P8, 28, 0, 1153, 8151, 9.34, 145.00, 210, 405, 1, 8
2026-09-01T13:47:49.1951415+07:00,2026/09/01 13:47:49.225, NVIDIA GeForce RTX 5060, 591.86, P8, 28, 0, 1153, 8151, 8.57, 145.00, 232, 405, 1, 8
2026-09-01T13:47:54.2559298+07:00,2026/09/01 13:47:54.286, NVIDIA GeForce RTX 5060, 591.86, P8, 28, 0, 1152, 8151, 8.48, 145.00, 210, 405, 1, 8
2026-09-01T13:47:59.3012276+07:00,2026/09/01 13:47:59.332, NVIDIA GeForce RTX 5060, 591.86, P8, 28, 0, 1147, 8151, 8.70, 145.00, 285, 405, 1, 8
2026-09-01T13:48:04.3479406+07:00,2026/09/01 13:48:04.379, NVIDIA GeForce RTX 5060, 591.86, P8, 28, 0, 1153, 8151, 8.74, 145.00, 480, 405, 1, 8
2026-09-01T13:48:09.4098685+07:00,2026/09/01 13:48:09.440, NVIDIA GeForce RTX 5060, 591.86, P8, 28, 0, 1152, 8151, 8.36, 145.00, 232, 405, 1, 8
2026-09-01T13:48:14.4706375+07:00,2026/09/01 13:48:14.501, NVIDIA GeForce RTX 5060, 591.86, P8, 28, 0, 1152, 8151, 8.74, 145.00, 247, 405, 1, 8
2026-09-01T13:48:19.5949323+07:00,2026/09/01 13:48:19.640, NVIDIA GeForce RTX 5060, 591.86, P8, 28, 0, 1148, 8151, 8.56, 145.00, 225, 405, 1, 8
2026-09-01T13:48:24.6700004+07:00,2026/09/01 13:48:24.701, NVIDIA GeForce RTX 5060, 591.86, P8, 28, 0, 1147, 8151, 8.64, 145.00, 232, 405, 1, 8
2026-09-01T13:48:29.7180309+07:00,2026/09/01 13:48:29.748, NVIDIA GeForce RTX 5060, 591.86, P8, 28, 0, 1147, 8151, 8.55, 145.00, 232, 405, 1, 8
2026-09-01T13:48:34.7786572+07:00,2026/09/01 13:48:34.809, NVIDIA GeForce RTX 5060, 591.86, P8, 28, 0, 1147, 8151, 8.65, 145.00, 255, 405, 1, 8
2026-09-01T13:48:39.8584889+07:00,2026/09/01 13:48:39.889, NVIDIA GeForce RTX 5060, 591.86, P8, 28, 0, 1152, 8151, 8.65, 145.00, 255, 405, 1, 8
2026-09-01T13:48:44.9020046+07:00,2026/09/01 13:48:44.933, NVIDIA GeForce RTX 5060, 591.86, P8, 28, 0, 1152, 8151, 8.66, 145.00, 232, 405, 1, 8
2026-09-01T13:48:50.0279911+07:00,2026/09/01 13:48:50.058, NVIDIA GeForce RTX 5060, 591.86, P8, 28, 0, 1147, 8151, 8.74, 145.00, 255, 405, 1, 8
2026-09-01T13:48:55.0721867+07:00,2026/09/01 13:48:55.103, NVIDIA GeForce RTX 5060, 591.86, P8, 28, 0, 1152, 8151, 8.81, 145.00, 240, 405, 1, 8
2026-09-01T13:49:00.1191685+07:00,2026/09/01 13:49:00.150, NVIDIA GeForce RTX 5060, 591.86, P8, 28, 0, 1152, 8151, 8.63, 145.00, 232, 405, 1, 8
2026-09-01T13:49:05.1668723+07:00,2026/09/01 13:49:05.197, NVIDIA GeForce RTX 5060, 591.86, P8, 28, 0, 1147, 8151, 8.62, 145.00, 210, 405, 1, 8
2026-09-01T13:49:10.2291095+07:00,2026/09/01 13:49:10.260, NVIDIA GeForce RTX 5060, 591.86, P8, 28, 0, 1147, 8151, 8.60, 145.00, 210, 405, 1, 8
2026-09-01T13:49:15.2906307+07:00,2026/09/01 13:49:15.321, NVIDIA GeForce RTX 5060, 591.86, P8, 28, 0, 1152, 8151, 8.65, 145.00, 285, 405, 1, 8
2026-09-01T13:49:20.4151598+07:00,2026/09/01 13:49:20.446, NVIDIA GeForce RTX 5060, 591.86, P8, 28, 0, 1152, 8151, 8.91, 145.00, 322, 405, 1, 8
2026-09-01T13:49:25.4626265+07:00,2026/09/01 13:49:25.493, NVIDIA GeForce RTX 5060, 591.86, P8, 28, 0, 1152, 8151, 8.99, 145.00, 360, 405, 1, 8
2026-09-01T13:49:30.5131860+07:00,2026/09/01 13:49:30.544, NVIDIA GeForce RTX 5060, 591.86, P8, 28, 1, 1154, 8151, 8.77, 145.00, 232, 405, 1, 8
2026-09-01T13:49:35.5621969+07:00,2026/09/01 13:49:35.593, NVIDIA GeForce RTX 5060, 591.86, P8, 28, 0, 1153, 8151, 8.87, 145.00, 285, 405, 1, 8
2026-09-01T13:49:40.6109283+07:00,2026/09/01 13:49:40.641, NVIDIA GeForce RTX 5060, 591.86, P8, 28, 0, 1210, 8151, 9.24, 145.00, 315, 405, 1, 8
2026-09-01T13:49:45.6733789+07:00,2026/09/01 13:49:45.704, NVIDIA GeForce RTX 5060, 591.86, P8, 28, 0, 1156, 8151, 9.14, 145.00, 330, 405, 1, 8
2026-09-01T13:49:50.7977998+07:00,2026/09/01 13:49:50.828, NVIDIA GeForce RTX 5060, 591.86, P8, 28, 0, 1156, 8151, 8.78, 145.00, 285, 405, 1, 8
2026-09-01T13:49:55.8456661+07:00,2026/09/01 13:49:55.876, NVIDIA GeForce RTX 5060, 591.86, P8, 28, 0, 1156, 8151, 8.69, 145.00, 262, 405, 1, 8
2026-09-01T13:50:00.9073793+07:00,2026/09/01 13:50:00.938, NVIDIA GeForce RTX 5060, 591.86, P8, 28, 0, 1150, 8151, 8.73, 145.00, 285, 405, 1, 8
2026-09-01T13:50:05.9534704+07:00,2026/09/01 13:50:05.984, NVIDIA GeForce RTX 5060, 591.86, P8, 28, 1, 1150, 8151, 8.71, 145.00, 255, 405, 1, 8
2026-09-01T13:50:11.0035523+07:00,2026/09/01 13:50:11.034, NVIDIA GeForce RTX 5060, 591.86, P8, 28, 0, 1153, 8151, 8.73, 145.00, 210, 405, 1, 8
2026-09-01T13:50:16.0515531+07:00,2026/09/01 13:50:16.082, NVIDIA GeForce RTX 5060, 591.86, P8, 28, 0, 1154, 8151, 8.74, 145.00, 255, 405, 1, 8
2026-09-01T13:50:21.1623148+07:00,2026/09/01 13:50:21.193, NVIDIA GeForce RTX 5060, 591.86, P8, 28, 0, 1152, 8151, 8.41, 145.00, 262, 405, 1, 8
2026-09-01T13:50:26.2105815+07:00,2026/09/01 13:50:26.241, NVIDIA GeForce RTX 5060, 591.86, P8, 28, 0, 1161, 8151, 8.96, 145.00, 262, 405, 1, 8
2026-09-01T13:50:31.2677007+07:00,2026/09/01 13:50:31.298, NVIDIA GeForce RTX 5060, 591.86, P8, 28, 0, 1161, 8151, 8.44, 145.00, 210, 405, 1, 8
2026-09-01T13:50:36.3152229+07:00,2026/09/01 13:50:36.346, NVIDIA GeForce RTX 5060, 591.86, P8, 28, 0, 1160, 8151, 8.26, 145.00, 210, 405, 1, 8
2026-09-01T13:50:41.3609118+07:00,2026/09/01 13:50:41.391, NVIDIA GeForce RTX 5060, 591.86, P8, 28, 0, 1155, 8151, 8.29, 145.00, 210, 405, 1, 8
2026-09-01T13:50:46.4225953+07:00,2026/09/01 13:50:46.500, NVIDIA GeForce RTX 5060, 591.86, P8, 28, 1, 1156, 8151, 9.26, 145.00, 495, 405, 1, 8
2026-09-01T13:50:51.5921445+07:00,2026/09/01 13:50:51.623, NVIDIA GeForce RTX 5060, 591.86, P8, 28, 0, 1157, 8151, 8.87, 145.00, 255, 405, 1, 8
2026-09-01T13:50:56.6406716+07:00,2026/09/01 13:50:56.718, NVIDIA GeForce RTX 5060, 591.86, P8, 28, 0, 1157, 8151, 8.71, 145.00, 300, 405, 1, 8
2026-09-01T13:51:01.7534177+07:00,2026/09/01 13:51:01.815, NVIDIA GeForce RTX 5060, 591.86, P8, 28, 0, 1156, 8151, 8.63, 145.00, 262, 405, 1, 8
2026-09-01T13:51:06.8483319+07:00,2026/09/01 13:51:06.879, NVIDIA GeForce RTX 5060, 591.86, P8, 28, 0, 1155, 8151, 9.03, 145.00, 307, 405, 1, 8
2026-09-01T13:51:11.9114377+07:00,2026/09/01 13:51:11.942, NVIDIA GeForce RTX 5060, 591.86, P8, 28, 0, 1155, 8151, 8.82, 145.00, 285, 405, 1, 8
2026-09-01T13:51:16.9620546+07:00,2026/09/01 13:51:16.993, NVIDIA GeForce RTX 5060, 591.86, P8, 28, 0, 1159, 8151, 9.14, 145.00, 255, 405, 1, 8
2026-09-01T13:51:22.0862743+07:00,2026/09/01 13:51:22.116, NVIDIA GeForce RTX 5060, 591.86, P8, 28, 0, 1160, 8151, 8.56, 145.00, 232, 405, 1, 8
2026-09-01T13:51:27.1485967+07:00,2026/09/01 13:51:27.180, NVIDIA GeForce RTX 5060, 591.86, P8, 28, 0, 1163, 8151, 8.64, 145.00, 232, 405, 1, 8
2026-09-01T13:51:32.2113518+07:00,2026/09/01 13:51:32.335, NVIDIA GeForce RTX 5060, 591.86, P8, 28, 0, 1171, 8151, 8.62, 145.00, 255, 405, 1, 8
2026-09-01T13:51:37.3689009+07:00,2026/09/01 13:51:37.399, NVIDIA GeForce RTX 5060, 591.86, P8, 28, 0, 1159, 8151, 8.91, 145.00, 307, 405, 1, 8
2026-09-01T13:51:42.4156431+07:00,2026/09/01 13:51:42.446, NVIDIA GeForce RTX 5060, 591.86, P8, 28, 0, 1159, 8151, 8.75, 145.00, 360, 405, 1, 8
2026-09-01T13:51:47.4772545+07:00,2026/09/01 13:51:47.508, NVIDIA GeForce RTX 5060, 591.86, P8, 28, 1, 1158, 8151, 9.16, 145.00, 360, 405, 1, 8
2026-09-01T13:51:52.5871690+07:00,2026/09/01 13:51:52.617, NVIDIA GeForce RTX 5060, 591.86, P8, 28, 0, 1156, 8151, 8.60, 145.00, 262, 405, 1, 8
2026-09-01T13:51:57.6469894+07:00,2026/09/01 13:51:57.677, NVIDIA GeForce RTX 5060, 591.86, P8, 28, 0, 1166, 8151, 8.71, 145.00, 337, 405, 1, 8
2026-09-01T13:52:02.6966080+07:00,2026/09/01 13:52:02.727, NVIDIA GeForce RTX 5060, 591.86, P8, 28, 0, 1170, 8151, 8.75, 145.00, 232, 405, 1, 8
2026-09-01T13:52:07.7416680+07:00,2026/09/01 13:52:07.772, NVIDIA GeForce RTX 5060, 591.86, P8, 28, 0, 1154, 8151, 8.79, 145.00, 352, 405, 1, 8
2026-09-01T13:52:12.7909230+07:00,2026/09/01 13:52:12.821, NVIDIA GeForce RTX 5060, 591.86, P8, 28, 8, 1155, 8151, 10.58, 145.00, 450, 405, 1, 8
2026-09-01T13:52:17.8520847+07:00,2026/09/01 13:52:17.883, NVIDIA GeForce RTX 5060, 591.86, P8, 28, 0, 1155, 8151, 8.91, 145.00, 292, 405, 1, 8
2026-09-01T13:52:22.9756188+07:00,2026/09/01 13:52:23.006, NVIDIA GeForce RTX 5060, 591.86, P8, 28, 8, 1157, 8151, 10.14, 145.00, 472, 405, 1, 8
2026-09-01T13:52:28.0355942+07:00,2026/09/01 13:52:28.066, NVIDIA GeForce RTX 5060, 591.86, P8, 28, 1, 1156, 8151, 10.03, 145.00, 562, 405, 1, 8
2026-09-01T13:52:33.0949356+07:00,2026/09/01 13:52:33.140, NVIDIA GeForce RTX 5060, 591.86, P8, 28, 0, 1156, 8151, 7.99, 145.00, 210, 405, 1, 8
2026-09-01T13:52:38.1647286+07:00,2026/09/01 13:52:38.195, NVIDIA GeForce RTX 5060, 591.86, P8, 28, 0, 1151, 8151, 8.39, 145.00, 210, 405, 1, 8
2026-09-01T13:52:43.2223387+07:00,2026/09/01 13:52:43.253, NVIDIA GeForce RTX 5060, 591.86, P8, 28, 0, 1149, 8151, 8.95, 145.00, 300, 405, 1, 8
2026-09-01T13:52:48.2824008+07:00,2026/09/01 13:52:48.313, NVIDIA GeForce RTX 5060, 591.86, P8, 28, 0, 1146, 8151, 9.14, 145.00, 360, 405, 1, 8
2026-09-01T13:52:53.4188560+07:00,2026/09/01 13:52:53.449, NVIDIA GeForce RTX 5060, 591.86, P8, 28, 0, 1155, 8151, 8.44, 145.00, 210, 405, 1, 8
2026-09-01T13:52:58.4648249+07:00,2026/09/01 13:52:58.526, NVIDIA GeForce RTX 5060, 591.86, P8, 28, 0, 1155, 8151, 8.47, 145.00, 232, 405, 1, 8
2026-09-01T13:53:03.5726996+07:00,2026/09/01 13:53:03.649, NVIDIA GeForce RTX 5060, 591.86, P8, 28, 0, 1151, 8151, 8.50, 145.00, 210, 405, 1, 8
2026-09-01T13:53:08.6958696+07:00,2026/09/01 13:53:08.726, NVIDIA GeForce RTX 5060, 591.86, P8, 28, 0, 1151, 8151, 8.43, 145.00, 255, 405, 1, 8
2026-09-01T13:53:13.7543140+07:00,2026/09/01 13:53:13.800, NVIDIA GeForce RTX 5060, 591.86, P8, 28, 0, 1151, 8151, 8.65, 145.00, 262, 405, 1, 8
2026-09-01T13:53:18.8298184+07:00,2026/09/01 13:53:18.891, NVIDIA GeForce RTX 5060, 591.86, P8, 28, 0, 1156, 8151, 8.77, 145.00, 337, 405, 1, 8
2026-09-01T13:53:23.9955140+07:00,2026/09/01 13:53:24.057, NVIDIA GeForce RTX 5060, 591.86, P8, 28, 0, 1159, 8151, 8.99, 145.00, 315, 405, 1, 8
2026-09-01T13:53:29.0732789+07:00,2026/09/01 13:53:29.135, NVIDIA GeForce RTX 5060, 591.86, P8, 28, 0, 1161, 8151, 8.60, 145.00, 262, 405, 1, 8
2026-09-01T13:53:34.1802396+07:00,2026/09/01 13:53:34.241, NVIDIA GeForce RTX 5060, 591.86, P8, 28, 0, 1161, 8151, 8.72, 145.00, 307, 405, 1, 8
2026-09-01T13:53:39.2740890+07:00,2026/09/01 13:53:39.336, NVIDIA GeForce RTX 5060, 591.86, P8, 28, 2, 1180, 8151, 10.08, 145.00, 457, 405, 1, 8
2026-09-01T13:53:44.3556707+07:00,2026/09/01 13:53:44.447, NVIDIA GeForce RTX 5060, 591.86, P8, 28, 2, 1164, 8151, 9.92, 145.00, 465, 405, 1, 8
2026-09-01T13:53:49.4828129+07:00,2026/09/01 13:53:49.575, NVIDIA GeForce RTX 5060, 591.86, P8, 28, 7, 1229, 8151, 10.42, 145.00, 540, 405, 1, 8
2026-09-01T13:53:54.7473702+07:00,2026/09/01 13:53:54.855, NVIDIA GeForce RTX 5060, 591.86, P8, 28, 0, 1179, 8151, 8.52, 145.00, 277, 405, 1, 8
2026-09-01T13:53:59.8865568+07:00,2026/09/01 13:54:00.273, NVIDIA GeForce RTX 5060, 591.86, P8, 28, 0, 1169, 8151, 8.69, 145.00, 262, 405, 1, 8
2026-09-01T13:54:05.3119062+07:00,2026/09/01 13:54:05.342, NVIDIA GeForce RTX 5060, 591.86, P8, 28, 0, 1168, 8151, 8.97, 145.00, 322, 405, 1, 8
2026-09-01T13:54:10.3507643+07:00,2026/09/01 13:54:10.381, NVIDIA GeForce RTX 5060, 591.86, P8, 28, 0, 1168, 8151, 8.99, 145.00, 345, 405, 1, 8
2026-09-01T13:54:15.3955459+07:00,2026/09/01 13:54:15.457, NVIDIA GeForce RTX 5060, 591.86, P8, 28, 0, 1168, 8151, 9.02, 145.00, 330, 405, 1, 8
2026-09-01T13:54:20.4725555+07:00,2026/09/01 13:54:20.719, NVIDIA GeForce RTX 5060, 591.86, P8, 28, 0, 1164, 8151, 8.83, 145.00, 315, 405, 1, 8
2026-09-01T13:54:25.8427798+07:00,2026/09/01 13:54:26.258, NVIDIA GeForce RTX 5060, 591.86, P8, 28, 0, 1164, 8151, 8.95, 145.00, 247, 405, 1, 8
2026-09-01T13:54:31.3448269+07:00,2026/09/01 13:54:31.606, NVIDIA GeForce RTX 5060, 591.86, P8, 28, 0, 1162, 8151, 8.87, 145.00, 292, 405, 1, 8
2026-09-01T13:54:36.6616788+07:00,2026/09/01 13:54:37.077, NVIDIA GeForce RTX 5060, 591.86, P8, 28, 0, 1155, 8151, 9.05, 145.00, 292, 405, 1, 8
2026-09-01T13:54:42.1497019+07:00,2026/09/01 13:54:42.457, NVIDIA GeForce RTX 5060, 591.86, P8, 28, 0, 1148, 8151, 8.86, 145.00, 262, 405, 1, 8
2026-09-01T13:54:47.5238597+07:00,2026/09/01 13:54:47.970, NVIDIA GeForce RTX 5060, 591.86, P8, 28, 0, 1153, 8151, 8.89, 145.00, 285, 405, 1, 8
2026-09-01T13:54:53.0551714+07:00,2026/09/01 13:54:53.532, NVIDIA GeForce RTX 5060, 591.86, P8, 28, 0, 1153, 8151, 8.93, 145.00, 255, 405, 1, 8
2026-09-01T13:54:58.7074517+07:00,2026/09/01 13:54:59.168, NVIDIA GeForce RTX 5060, 591.86, P8, 28, 0, 1153, 8151, 8.89, 145.00, 255, 405, 1, 8
2026-09-01T13:55:04.1918898+07:00,2026/09/01 13:55:04.407, NVIDIA GeForce RTX 5060, 591.86, P8, 28, 0, 1149, 8151, 9.03, 145.00, 277, 405, 1, 8
2026-09-01T13:55:09.4267947+07:00,2026/09/01 13:55:09.826, NVIDIA GeForce RTX 5060, 591.86, P8, 28, 0, 1149, 8151, 8.97, 145.00, 255, 405, 1, 8
2026-09-01T13:55:14.9282989+07:00,2026/09/01 13:55:15.282, NVIDIA GeForce RTX 5060, 591.86, P8, 28, 0, 1158, 8151, 8.85, 145.00, 255, 405, 1, 8
2026-09-01T13:55:20.3623524+07:00,2026/09/01 13:55:20.794, NVIDIA GeForce RTX 5060, 591.86, P8, 28, 0, 1154, 8151, 8.97, 145.00, 255, 405, 1, 8
2026-09-01T13:55:25.8517087+07:00,2026/09/01 13:55:26.267, NVIDIA GeForce RTX 5060, 591.86, P8, 28, 0, 1154, 8151, 9.00, 145.00, 255, 405, 1, 8
2026-09-01T13:55:31.3799253+07:00,2026/09/01 13:55:31.780, NVIDIA GeForce RTX 5060, 591.86, P8, 28, 0, 1154, 8151, 8.97, 145.00, 487, 405, 1, 8
2026-09-01T13:55:36.8611202+07:00,2026/09/01 13:55:37.553, NVIDIA GeForce RTX 5060, 591.86, P8, 28, 0, 1154, 8151, 9.16, 145.00, 322, 405, 1, 8
2026-09-01T13:55:42.6049084+07:00,2026/09/01 13:55:43.051, NVIDIA GeForce RTX 5060, 591.86, P8, 28, 0, 1154, 8151, 9.09, 145.00, 322, 405, 1, 8
2026-09-01T13:55:48.2456363+07:00,2026/09/01 13:55:48.508, NVIDIA GeForce RTX 5060, 591.86, P8, 28, 1, 1158, 8151, 9.12, 145.00, 285, 405, 1, 8
2026-09-01T13:55:53.5789502+07:00,2026/09/01 13:55:53.763, NVIDIA GeForce RTX 5060, 591.86, P8, 28, 0, 1159, 8151, 9.08, 145.00, 255, 405, 1, 8
2026-09-01T13:55:58.7882933+07:00,2026/09/01 13:55:59.188, NVIDIA GeForce RTX 5060, 591.86, P8, 28, 0, 1160, 8151, 9.04, 145.00, 285, 405, 1, 8
2026-09-01T13:56:04.2901473+07:00,2026/09/01 13:56:04.336, NVIDIA GeForce RTX 5060, 591.86, P8, 28, 0, 1160, 8151, 8.93, 145.00, 285, 405, 1, 8
2026-09-01T13:56:09.3536276+07:00,2026/09/01 13:56:09.446, NVIDIA GeForce RTX 5060, 591.86, P8, 28, 0, 1160, 8151, 8.81, 145.00, 262, 405, 1, 8
2026-09-01T13:56:14.4636690+07:00,2026/09/01 13:56:14.509, NVIDIA GeForce RTX 5060, 591.86, P8, 28, 0, 1160, 8151, 8.81, 145.00, 262, 405, 1, 8
2026-09-01T13:56:19.5295487+07:00,2026/09/01 13:56:19.622, NVIDIA GeForce RTX 5060, 591.86, P8, 28, 0, 1150, 8151, 8.83, 145.00, 262, 405, 1, 8
2026-09-01T13:56:24.6373722+07:00,2026/09/01 13:56:24.699, NVIDIA GeForce RTX 5060, 591.86, P8, 28, 0, 1150, 8151, 8.84, 145.00, 285, 405, 1, 8
2026-09-01T13:56:29.7134343+07:00,2026/09/01 13:56:29.775, NVIDIA GeForce RTX 5060, 591.86, P8, 28, 0, 1150, 8151, 8.76, 145.00, 255, 405, 1, 8
2026-09-01T13:56:34.8670651+07:00,2026/09/01 13:56:34.929, NVIDIA GeForce RTX 5060, 591.86, P8, 28, 0, 1150, 8151, 8.74, 145.00, 277, 405, 1, 8
2026-09-01T13:56:39.9481118+07:00,2026/09/01 13:56:40.008, NVIDIA GeForce RTX 5060, 591.86, P8, 28, 0, 1150, 8151, 8.86, 145.00, 307, 405, 1, 8
2026-09-01T13:56:45.0281788+07:00,2026/09/01 13:56:45.089, NVIDIA GeForce RTX 5060, 591.86, P8, 28, 0, 1150, 8151, 8.84, 145.00, 262, 405, 1, 8
2026-09-01T13:56:50.1059181+07:00,2026/09/01 13:56:50.167, NVIDIA GeForce RTX 5060, 591.86, P8, 28, 0, 1150, 8151, 8.90, 145.00, 307, 405, 1, 8
2026-09-01T13:56:55.1817482+07:00,2026/09/01 13:56:55.243, NVIDIA GeForce RTX 5060, 591.86, P8, 28, 0, 1150, 8151, 8.82, 145.00, 255, 405, 1, 8
2026-09-01T13:57:00.2585526+07:00,2026/09/01 13:57:00.319, NVIDIA GeForce RTX 5060, 591.86, P8, 28, 2, 1163, 8151, 10.36, 145.00, 532, 405, 1, 8
2026-09-01T13:57:05.4134861+07:00,2026/09/01 13:57:05.444, NVIDIA GeForce RTX 5060, 591.86, P8, 28, 0, 1157, 8151, 9.75, 145.00, 435, 405, 1, 8
2026-09-01T13:57:10.4749457+07:00,2026/09/01 13:57:10.536, NVIDIA GeForce RTX 5060, 591.86, P8, 28, 2, 1157, 8151, 9.34, 145.00, 592, 405, 1, 8
2026-09-01T13:57:15.5504253+07:00,2026/09/01 13:57:15.581, NVIDIA GeForce RTX 5060, 591.86, P8, 28, 0, 1156, 8151, 9.40, 145.00, 345, 405, 1, 8
2026-09-01T13:57:20.5986714+07:00,2026/09/01 13:57:20.645, NVIDIA GeForce RTX 5060, 591.86, P8, 28, 0, 1157, 8151, 9.67, 145.00, 315, 405, 1, 8
2026-09-01T13:57:25.6773462+07:00,2026/09/01 13:57:25.708, NVIDIA GeForce RTX 5060, 591.86, P8, 28, 0, 1157, 8151, 9.42, 145.00, 322, 405, 1, 8
2026-09-01T13:57:30.7399773+07:00,2026/09/01 13:57:30.771, NVIDIA GeForce RTX 5060, 591.86, P8, 28, 0, 1153, 8151, 9.25, 145.00, 285, 405, 1, 8
2026-09-01T13:57:35.8629202+07:00,2026/09/01 13:57:35.893, NVIDIA GeForce RTX 5060, 591.86, P8, 28, 0, 1162, 8151, 8.79, 145.00, 262, 405, 1, 8
2026-09-01T13:57:40.9101158+07:00,2026/09/01 13:57:40.941, NVIDIA GeForce RTX 5060, 591.86, P8, 28, 0, 1151, 8151, 8.86, 145.00, 255, 405, 1, 8
2026-09-01T13:57:45.9578768+07:00,2026/09/01 13:57:45.988, NVIDIA GeForce RTX 5060, 591.86, P8, 28, 2, 1153, 8151, 9.78, 145.00, 645, 405, 1, 8
2026-09-01T13:57:51.0047191+07:00,2026/09/01 13:57:51.035, NVIDIA GeForce RTX 5060, 591.86, P8, 28, 0, 1158, 8151, 9.38, 145.00, 285, 405, 1, 8
2026-09-01T13:57:56.0532273+07:00,2026/09/01 13:57:56.083, NVIDIA GeForce RTX 5060, 591.86, P8, 28, 0, 1158, 8151, 9.11, 145.00, 285, 405, 1, 8
2026-09-01T13:58:01.1004529+07:00,2026/09/01 13:58:01.131, NVIDIA GeForce RTX 5060, 591.86, P8, 28, 0, 1150, 8151, 9.19, 145.00, 285, 405, 1, 8
2026-09-01T13:58:06.2238118+07:00,2026/09/01 13:58:06.254, NVIDIA GeForce RTX 5060, 591.86, P8, 28, 0, 1150, 8151, 9.05, 145.00, 262, 405, 1, 8
2026-09-01T13:58:11.2850929+07:00,2026/09/01 13:58:11.316, NVIDIA GeForce RTX 5060, 591.86, P8, 28, 0, 1149, 8151, 8.85, 145.00, 285, 405, 1, 8
2026-09-01T13:58:16.3325347+07:00,2026/09/01 13:58:16.363, NVIDIA GeForce RTX 5060, 591.86, P8, 28, 0, 1145, 8151, 8.90, 145.00, 255, 405, 1, 8
2026-09-01T13:58:21.3949829+07:00,2026/09/01 13:58:21.426, NVIDIA GeForce RTX 5060, 591.86, P8, 28, 0, 1145, 8151, 8.97, 145.00, 255, 405, 1, 8
2026-09-01T13:58:26.4584546+07:00,2026/09/01 13:58:26.489, NVIDIA GeForce RTX 5060, 591.86, P8, 28, 0, 1148, 8151, 8.93, 145.00, 285, 405, 1, 8
2026-09-01T13:58:31.5059034+07:00,2026/09/01 13:58:31.582, NVIDIA GeForce RTX 5060, 591.86, P8, 28, 0, 1148, 8151, 8.90, 145.00, 255, 405, 1, 8
2026-09-01T13:58:36.6902776+07:00,2026/09/01 13:58:36.720, NVIDIA GeForce RTX 5060, 591.86, P8, 28, 0, 1148, 8151, 8.89, 145.00, 270, 405, 1, 8
2026-09-01T13:58:41.7376084+07:00,2026/09/01 13:58:41.768, NVIDIA GeForce RTX 5060, 591.86, P8, 28, 0, 1148, 8151, 8.90, 145.00, 262, 405, 1, 8
2026-09-01T13:58:46.7861422+07:00,2026/09/01 13:58:46.816, NVIDIA GeForce RTX 5060, 591.86, P8, 28, 1, 1138, 8151, 9.12, 145.00, 352, 405, 1, 8
2026-09-01T13:58:51.8347838+07:00,2026/09/01 13:58:51.911, NVIDIA GeForce RTX 5060, 591.86, P8, 28, 0, 1138, 8151, 8.90, 145.00, 262, 405, 1, 8
2026-09-01T13:58:56.9270073+07:00,2026/09/01 13:58:57.004, NVIDIA GeForce RTX 5060, 591.86, P8, 28, 0, 1148, 8151, 8.77, 145.00, 277, 405, 1, 8
2026-09-01T13:59:02.0366272+07:00,2026/09/01 13:59:02.098, NVIDIA GeForce RTX 5060, 591.86, P8, 28, 0, 1158, 8151, 8.94, 145.00, 285, 405, 1, 8
2026-09-01T13:59:07.1914333+07:00,2026/09/01 13:59:07.222, NVIDIA GeForce RTX 5060, 591.86, P8, 28, 0, 1148, 8151, 8.85, 145.00, 262, 405, 1, 8
2026-09-01T13:59:12.2407925+07:00,2026/09/01 13:59:12.271, NVIDIA GeForce RTX 5060, 591.86, P8, 28, 0, 1148, 8151, 8.81, 145.00, 285, 405, 1, 8
2026-09-01T13:59:17.3030941+07:00,2026/09/01 13:59:17.334, NVIDIA GeForce RTX 5060, 591.86, P8, 28, 0, 1148, 8151, 8.97, 145.00, 262, 405, 1, 8
2026-09-01T13:59:22.3658885+07:00,2026/09/01 13:59:22.459, NVIDIA GeForce RTX 5060, 591.86, P8, 28, 0, 1148, 8151, 8.97, 145.00, 307, 405, 1, 8
2026-09-01T13:59:27.4740332+07:00,2026/09/01 13:59:27.504, NVIDIA GeForce RTX 5060, 591.86, P8, 28, 0, 1148, 8151, 9.07, 145.00, 315, 405, 1, 8
2026-09-01T13:59:32.5341651+07:00,2026/09/01 13:59:32.627, NVIDIA GeForce RTX 5060, 591.86, P8, 28, 0, 1148, 8151, 8.97, 145.00, 262, 405, 1, 8
2026-09-01T13:59:37.7352175+07:00,2026/09/01 13:59:37.796, NVIDIA GeForce RTX 5060, 591.86, P8, 28, 0, 1148, 8151, 8.92, 145.00, 285, 405, 1, 8
2026-09-01T13:59:42.8150658+07:00,2026/09/01 13:59:43.140, NVIDIA GeForce RTX 5060, 591.86, P8, 28, 0, 1148, 8151, 8.89, 145.00, 247, 405, 1, 8
2026-09-01T13:59:48.1874483+07:00,2026/09/01 13:59:48.249, NVIDIA GeForce RTX 5060, 591.86, P8, 28, 0, 1148, 8151, 8.88, 145.00, 277, 405, 1, 8
2026-09-01T13:59:53.2834279+07:00,2026/09/01 13:59:53.313, NVIDIA GeForce RTX 5060, 591.86, P8, 28, 0, 1148, 8151, 8.85, 145.00, 262, 405, 1, 8
2026-09-01T13:59:58.3293741+07:00,2026/09/01 13:59:58.375, NVIDIA GeForce RTX 5060, 591.86, P8, 28, 0, 1148, 8151, 8.96, 145.00, 285, 405, 1, 8
2026-09-01T14:00:03.4215019+07:00,2026/09/01 14:00:03.483, NVIDIA GeForce RTX 5060, 591.86, P8, 28, 0, 1148, 8151, 8.89, 145.00, 270, 405, 1, 8
2026-09-01T14:00:08.5776204+07:00,2026/09/01 14:00:08.639, NVIDIA GeForce RTX 5060, 591.86, P8, 28, 0, 1148, 8151, 8.91, 145.00, 285, 405, 1, 8
2026-09-01T14:00:13.6712952+07:00,2026/09/01 14:00:13.717, NVIDIA GeForce RTX 5060, 591.86, P8, 28, 0, 1148, 8151, 8.76, 145.00, 292, 405, 1, 8
2026-09-01T14:00:18.7347000+07:00,2026/09/01 14:00:18.811, NVIDIA GeForce RTX 5060, 591.86, P8, 28, 1, 1206, 8151, 9.02, 145.00, 307, 405, 1, 8
2026-09-01T14:00:23.8444198+07:00,2026/09/01 14:00:23.891, NVIDIA GeForce RTX 5060, 591.86, P8, 28, 0, 1152, 8151, 8.90, 145.00, 285, 405, 1, 8
2026-09-01T14:00:28.9075825+07:00,2026/09/01 14:00:28.953, NVIDIA GeForce RTX 5060, 591.86, P8, 28, 0, 1152, 8151, 8.86, 145.00, 285, 405, 1, 8
2026-09-01T14:00:33.9855766+07:00,2026/09/01 14:00:34.016, NVIDIA GeForce RTX 5060, 591.86, P8, 28, 0, 1152, 8151, 8.82, 145.00, 255, 405, 1, 8
2026-09-01T14:00:39.0964325+07:00,2026/09/01 14:00:39.127, NVIDIA GeForce RTX 5060, 591.86, P8, 28, 0, 1152, 8151, 8.96, 145.00, 285, 405, 1, 8
2026-09-01T14:00:44.1588486+07:00,2026/09/01 14:00:44.189, NVIDIA GeForce RTX 5060, 591.86, P8, 28, 0, 1209, 8151, 9.12, 145.00, 255, 405, 1, 8
2026-09-01T14:00:49.2181482+07:00,2026/09/01 14:00:49.253, NVIDIA GeForce RTX 5060, 591.86, P8, 28, 0, 1149, 8151, 8.95, 145.00, 285, 405, 1, 8
2026-09-01T14:00:54.2822333+07:00,2026/09/01 14:00:54.313, NVIDIA GeForce RTX 5060, 591.86, P8, 28, 0, 1149, 8151, 9.10, 145.00, 255, 405, 1, 8
2026-09-01T14:00:59.3411224+07:00,2026/09/01 14:00:59.372, NVIDIA GeForce RTX 5060, 591.86, P8, 28, 0, 1158, 8151, 8.91, 145.00, 262, 405, 1, 8
2026-09-01T14:01:04.3889587+07:00,2026/09/01 14:01:04.419, NVIDIA GeForce RTX 5060, 591.86, P8, 28, 0, 1158, 8151, 8.81, 145.00, 285, 405, 1, 8
2026-09-01T14:01:09.5126181+07:00,2026/09/01 14:01:09.543, NVIDIA GeForce RTX 5060, 591.86, P8, 28, 0, 1150, 8151, 8.85, 145.00, 255, 405, 1, 8
2026-09-01T14:01:14.5580304+07:00,2026/09/01 14:01:14.589, NVIDIA GeForce RTX 5060, 591.86, P8, 28, 0, 1150, 8151, 8.83, 145.00, 285, 405, 1, 8
2026-09-01T14:01:19.6047225+07:00,2026/09/01 14:01:19.651, NVIDIA GeForce RTX 5060, 591.86, P8, 28, 0, 1149, 8151, 8.91, 145.00, 285, 405, 1, 8
2026-09-01T14:01:24.6832297+07:00,2026/09/01 14:01:24.714, NVIDIA GeForce RTX 5060, 591.86, P8, 28, 0, 1149, 8151, 8.88, 145.00, 285, 405, 1, 8
2026-09-01T14:01:29.7497228+07:00,2026/09/01 14:01:29.775, NVIDIA GeForce RTX 5060, 591.86, P8, 28, 0, 1149, 8151, 8.85, 145.00, 262, 405, 1, 8
2026-09-01T14:01:34.7922818+07:00,2026/09/01 14:01:34.823, NVIDIA GeForce RTX 5060, 591.86, P8, 28, 0, 1149, 8151, 8.77, 145.00, 285, 405, 1, 8
2026-09-01T14:01:39.9026520+07:00,2026/09/01 14:01:39.933, NVIDIA GeForce RTX 5060, 591.86, P8, 28, 0, 1149, 8151, 8.77, 145.00, 285, 405, 1, 8
2026-09-01T14:01:44.9516407+07:00,2026/09/01 14:01:44.982, NVIDIA GeForce RTX 5060, 591.86, P8, 28, 0, 1149, 8151, 8.85, 145.00, 255, 405, 1, 8
2026-09-01T14:01:50.0031255+07:00,2026/09/01 14:01:50.065, NVIDIA GeForce RTX 5060, 591.86, P8, 28, 0, 1164, 8151, 8.95, 145.00, 262, 405, 1, 8
2026-09-01T14:01:55.0821112+07:00,2026/09/01 14:01:55.159, NVIDIA GeForce RTX 5060, 591.86, P8, 28, 0, 1150, 8151, 8.94, 145.00, 255, 405, 1, 8
2026-09-01T14:02:00.2056049+07:00,2026/09/01 14:02:00.236, NVIDIA GeForce RTX 5060, 591.86, P8, 28, 0, 1150, 8151, 8.89, 145.00, 285, 405, 1, 8
2026-09-01T14:02:05.2673726+07:00,2026/09/01 14:02:05.313, NVIDIA GeForce RTX 5060, 591.86, P8, 28, 0, 1150, 8151, 8.97, 145.00, 262, 405, 1, 8
2026-09-01T14:02:10.3935452+07:00,2026/09/01 14:02:10.440, NVIDIA GeForce RTX 5060, 591.86, P8, 28, 0, 1150, 8151, 9.03, 145.00, 262, 405, 1, 8
2026-09-01T14:02:15.4719335+07:00,2026/09/01 14:02:15.502, NVIDIA GeForce RTX 5060, 591.86, P8, 28, 0, 1150, 8151, 8.83, 145.00, 285, 405, 1, 8
2026-09-01T14:02:20.5172431+07:00,2026/09/01 14:02:20.548, NVIDIA GeForce RTX 5060, 591.86, P8, 28, 0, 1150, 8151, 8.76, 145.00, 247, 405, 1, 8
2026-09-01T14:02:25.5775110+07:00,2026/09/01 14:02:25.608, NVIDIA GeForce RTX 5060, 591.86, P8, 28, 0, 1150, 8151, 8.78, 145.00, 262, 405, 1, 8
2026-09-01T14:02:30.6254193+07:00,2026/09/01 14:02:30.656, NVIDIA GeForce RTX 5060, 591.86, P8, 28, 0, 1155, 8151, 8.88, 145.00, 255, 405, 1, 8
2026-09-01T14:02:35.6829030+07:00,2026/09/01 14:02:35.713, NVIDIA GeForce RTX 5060, 591.86, P8, 28, 0, 1150, 8151, 9.12, 145.00, 277, 405, 1, 8
2026-09-01T14:02:40.8078250+07:00,2026/09/01 14:02:40.838, NVIDIA GeForce RTX 5060, 591.86, P8, 28, 0, 1150, 8151, 9.14, 145.00, 262, 405, 1, 8
2026-09-01T14:02:45.8568858+07:00,2026/09/01 14:02:45.887, NVIDIA GeForce RTX 5060, 591.86, P8, 28, 0, 1150, 8151, 9.03, 145.00, 285, 405, 1, 8
2026-09-01T14:02:50.9019050+07:00,2026/09/01 14:02:50.932, NVIDIA GeForce RTX 5060, 591.86, P8, 28, 0, 1150, 8151, 8.83, 145.00, 285, 405, 1, 8
2026-09-01T14:02:55.9620118+07:00,2026/09/01 14:02:55.993, NVIDIA GeForce RTX 5060, 591.86, P8, 28, 0, 1150, 8151, 8.95, 145.00, 255, 405, 1, 8
2026-09-01T14:03:01.0067207+07:00,2026/09/01 14:03:01.037, NVIDIA GeForce RTX 5060, 591.86, P8, 28, 0, 1150, 8151, 9.17, 145.00, 285, 405, 1, 8
2026-09-01T14:03:06.0680188+07:00,2026/09/01 14:03:06.099, NVIDIA GeForce RTX 5060, 591.86, P8, 28, 0, 1150, 8151, 8.95, 145.00, 262, 405, 1, 8
2026-09-01T14:03:11.1925630+07:00,2026/09/01 14:03:11.223, NVIDIA GeForce RTX 5060, 591.86, P8, 28, 0, 1150, 8151, 8.93, 145.00, 292, 405, 1, 8
2026-09-01T14:03:16.2527063+07:00,2026/09/01 14:03:16.283, NVIDIA GeForce RTX 5060, 591.86, P8, 28, 0, 1150, 8151, 8.90, 145.00, 262, 405, 1, 8
2026-09-01T14:03:21.3143797+07:00,2026/09/01 14:03:21.360, NVIDIA GeForce RTX 5060, 591.86, P8, 28, 0, 1150, 8151, 8.88, 145.00, 255, 405, 1, 8
2026-09-01T14:03:26.3782821+07:00,2026/09/01 14:03:26.409, NVIDIA GeForce RTX 5060, 591.86, P8, 28, 0, 1150, 8151, 8.72, 145.00, 285, 405, 1, 8
2026-09-01T14:03:31.4243580+07:00,2026/09/01 14:03:31.471, NVIDIA GeForce RTX 5060, 591.86, P8, 28, 0, 1150, 8151, 8.92, 145.00, 262, 405, 1, 8
2026-09-01T14:03:36.5003517+07:00,2026/09/01 14:03:36.531, NVIDIA GeForce RTX 5060, 591.86, P8, 28, 0, 1150, 8151, 8.85, 145.00, 285, 405, 1, 8
2026-09-01T14:03:41.6214803+07:00,2026/09/01 14:03:41.652, NVIDIA GeForce RTX 5060, 591.86, P8, 28, 0, 1150, 8151, 8.85, 145.00, 255, 405, 1, 8
2026-09-01T14:03:46.6718549+07:00,2026/09/01 14:03:46.702, NVIDIA GeForce RTX 5060, 591.86, P8, 28, 0, 1150, 8151, 8.97, 145.00, 262, 405, 1, 8
2026-09-01T14:03:51.7317319+07:00,2026/09/01 14:03:51.762, NVIDIA GeForce RTX 5060, 591.86, P8, 28, 0, 1150, 8151, 8.98, 145.00, 262, 405, 1, 8
2026-09-01T14:03:56.8075876+07:00,2026/09/01 14:03:56.838, NVIDIA GeForce RTX 5060, 591.86, P8, 28, 0, 1150, 8151, 9.00, 145.00, 262, 405, 1, 8
2026-09-01T14:04:01.8526329+07:00,2026/09/01 14:04:01.883, NVIDIA GeForce RTX 5060, 591.86, P8, 28, 0, 1150, 8151, 8.85, 145.00, 285, 405, 1, 8
2026-09-01T14:04:06.9116116+07:00,2026/09/01 14:04:06.942, NVIDIA GeForce RTX 5060, 591.86, P8, 28, 0, 1150, 8151, 8.93, 145.00, 262, 405, 1, 8
2026-09-01T14:04:11.9973214+07:00,2026/09/01 14:04:12.028, NVIDIA GeForce RTX 5060, 591.86, P8, 28, 0, 1150, 8151, 8.89, 145.00, 285, 405, 1, 8
2026-09-01T14:04:17.0580241+07:00,2026/09/01 14:04:17.089, NVIDIA GeForce RTX 5060, 591.86, P8, 28, 0, 1150, 8151, 8.96, 145.00, 262, 405, 1, 8
2026-09-01T14:04:22.1193392+07:00,2026/09/01 14:04:22.150, NVIDIA GeForce RTX 5060, 591.86, P8, 28, 0, 1150, 8151, 8.81, 145.00, 270, 405, 1, 8
2026-09-01T14:04:27.1674853+07:00,2026/09/01 14:04:27.214, NVIDIA GeForce RTX 5060, 591.86, P8, 28, 0, 1150, 8151, 8.73, 145.00, 255, 405, 1, 8
2026-09-01T14:04:32.2323621+07:00,2026/09/01 14:04:32.263, NVIDIA GeForce RTX 5060, 591.86, P8, 28, 0, 1150, 8151, 8.78, 145.00, 285, 405, 1, 8
2026-09-01T14:04:37.2885935+07:00,2026/09/01 14:04:37.319, NVIDIA GeForce RTX 5060, 591.86, P8, 28, 0, 1150, 8151, 8.89, 145.00, 315, 405, 1, 8
2026-09-01T14:04:42.4398580+07:00,2026/09/01 14:04:42.470, NVIDIA GeForce RTX 5060, 591.86, P8, 28, 0, 1150, 8151, 8.84, 145.00, 262, 405, 1, 8
2026-09-01T14:04:47.4829072+07:00,2026/09/01 14:04:47.514, NVIDIA GeForce RTX 5060, 591.86, P8, 28, 0, 1150, 8151, 9.06, 145.00, 307, 405, 1, 8
2026-09-01T14:04:52.5240024+07:00,2026/09/01 14:04:52.555, NVIDIA GeForce RTX 5060, 591.86, P8, 28, 0, 1150, 8151, 8.91, 145.00, 285, 405, 1, 8
2026-09-01T14:04:57.5823194+07:00,2026/09/01 14:04:57.613, NVIDIA GeForce RTX 5060, 591.86, P8, 28, 0, 1150, 8151, 8.97, 145.00, 307, 405, 1, 8
2026-09-01T14:05:02.6383368+07:00,2026/09/01 14:05:02.669, NVIDIA GeForce RTX 5060, 591.86, P8, 28, 0, 1150, 8151, 8.93, 145.00, 285, 405, 1, 8
2026-09-01T14:05:07.6961334+07:00,2026/09/01 14:05:07.727, NVIDIA GeForce RTX 5060, 591.86, P8, 28, 0, 1150, 8151, 8.83, 145.00, 285, 405, 1, 8
2026-09-01T14:05:12.7993900+07:00,2026/09/01 14:05:12.830, NVIDIA GeForce RTX 5060, 591.86, P8, 28, 0, 1150, 8151, 8.84, 145.00, 315, 405, 1, 8
2026-09-01T14:05:17.8417274+07:00,2026/09/01 14:05:17.872, NVIDIA GeForce RTX 5060, 591.86, P8, 28, 0, 1150, 8151, 8.75, 145.00, 255, 405, 1, 8
2026-09-01T14:05:22.9016409+07:00,2026/09/01 14:05:22.932, NVIDIA GeForce RTX 5060, 591.86, P8, 28, 0, 1150, 8151, 8.72, 145.00, 307, 405, 1, 8
2026-09-01T14:05:27.9437700+07:00,2026/09/01 14:05:27.974, NVIDIA GeForce RTX 5060, 591.86, P8, 28, 0, 1150, 8151, 8.84, 145.00, 285, 405, 1, 8
2026-09-01T14:05:32.9863960+07:00,2026/09/01 14:05:33.017, NVIDIA GeForce RTX 5060, 591.86, P8, 28, 0, 1150, 8151, 8.80, 145.00, 315, 405, 1, 8
2026-09-01T14:05:38.0318790+07:00,2026/09/01 14:05:38.062, NVIDIA GeForce RTX 5060, 591.86, P8, 28, 0, 1150, 8151, 8.83, 145.00, 285, 405, 1, 8
2026-09-01T14:05:43.1402922+07:00,2026/09/01 14:05:43.233, NVIDIA GeForce RTX 5060, 591.86, P8, 28, 0, 1150, 8151, 8.85, 145.00, 262, 405, 1, 8
2026-09-01T14:05:48.2647216+07:00,2026/09/01 14:05:48.341, NVIDIA GeForce RTX 5060, 591.86, P8, 28, 0, 1150, 8151, 8.74, 145.00, 285, 405, 1, 8
2026-09-01T14:05:53.3594663+07:00,2026/09/01 14:05:53.467, NVIDIA GeForce RTX 5060, 591.86, P8, 28, 0, 1150, 8151, 8.81, 145.00, 285, 405, 1, 8
2026-09-01T14:05:58.5094823+07:00,2026/09/01 14:05:58.571, NVIDIA GeForce RTX 5060, 591.86, P8, 28, 0, 1150, 8151, 8.83, 145.00, 315, 405, 1, 8
2026-09-01T14:06:03.5872657+07:00,2026/09/01 14:06:03.649, NVIDIA GeForce RTX 5060, 591.86, P8, 28, 0, 1150, 8151, 8.81, 145.00, 285, 405, 1, 8
2026-09-01T14:06:08.6629257+07:00,2026/09/01 14:06:08.724, NVIDIA GeForce RTX 5060, 591.86, P8, 28, 0, 1150, 8151, 8.87, 145.00, 307, 405, 1, 8
2026-09-01T14:06:13.8167055+07:00,2026/09/01 14:06:13.863, NVIDIA GeForce RTX 5060, 591.86, P8, 28, 1, 1159, 8151, 8.91, 145.00, 292, 405, 1, 8
2026-09-01T14:06:18.8776897+07:00,2026/09/01 14:06:18.939, NVIDIA GeForce RTX 5060, 591.86, P8, 28, 1, 1233, 8151, 9.24, 145.00, 285, 405, 1, 8
2026-09-01T14:06:23.9547894+07:00,2026/09/01 14:06:24.015, NVIDIA GeForce RTX 5060, 591.86, P8, 28, 0, 1249, 8151, 8.88, 145.00, 270, 405, 1, 8
2026-09-01T14:06:29.0276333+07:00,2026/09/01 14:06:29.089, NVIDIA GeForce RTX 5060, 591.86, P8, 28, 1, 1045, 8151, 10.29, 145.00, 442, 405, 1, 8
2026-09-01T14:06:34.1017022+07:00,2026/09/01 14:06:34.178, NVIDIA GeForce RTX 5060, 591.86, P8, 28, 2, 1045, 8151, 9.94, 145.00, 510, 405, 1, 8
2026-09-01T14:06:39.2049760+07:00,2026/09/01 14:06:39.251, NVIDIA GeForce RTX 5060, 591.86, P8, 28, 0, 1037, 8151, 9.02, 145.00, 285, 405, 1, 8
2026-09-01T14:06:44.3573149+07:00,2026/09/01 14:06:44.419, NVIDIA GeForce RTX 5060, 591.86, P8, 28, 0, 1028, 8151, 8.84, 145.00, 285, 405, 1, 8
2026-09-01T14:06:49.4357920+07:00,2026/09/01 14:06:49.497, NVIDIA GeForce RTX 5060, 591.86, P8, 28, 0, 1028, 8151, 8.88, 145.00, 285, 405, 1, 8
2026-09-01T14:06:54.5106664+07:00,2026/09/01 14:06:54.572, NVIDIA GeForce RTX 5060, 591.86, P8, 28, 0, 1028, 8151, 8.88, 145.00, 285, 405, 1, 8
2026-09-01T14:06:59.5982881+07:00,2026/09/01 14:06:59.660, NVIDIA GeForce RTX 5060, 591.86, P8, 28, 0, 1028, 8151, 8.88, 145.00, 285, 405, 1, 8
2026-09-01T14:07:04.6767370+07:00,2026/09/01 14:07:04.723, NVIDIA GeForce RTX 5060, 591.86, P3, 29, 0, 1027, 8151, 21.87, 145.00, 2527, 7001, 4, 8
2026-09-01T14:07:09.7364694+07:00,2026/09/01 14:07:09.814, NVIDIA GeForce RTX 5060, 591.86, P8, 28, 0, 1027, 8151, 8.83, 145.00, 285, 405, 1, 8
2026-09-01T14:07:14.9059103+07:00,2026/09/01 14:07:14.967, NVIDIA GeForce RTX 5060, 591.86, P8, 28, 0, 1027, 8151, 8.80, 145.00, 285, 405, 1, 8
2026-09-01T14:07:19.9930581+07:00,2026/09/01 14:07:20.054, NVIDIA GeForce RTX 5060, 591.86, P8, 28, 0, 1027, 8151, 8.80, 145.00, 285, 405, 1, 8
2026-09-01T14:07:25.0677438+07:00,2026/09/01 14:07:25.129, NVIDIA GeForce RTX 5060, 591.86, P8, 28, 0, 1027, 8151, 8.95, 145.00, 285, 405, 1, 8
2026-09-01T14:07:30.1410011+07:00,2026/09/01 14:07:30.233, NVIDIA GeForce RTX 5060, 591.86, P8, 28, 0, 1027, 8151, 8.80, 145.00, 285, 405, 1, 8
2026-09-01T14:07:35.2472601+07:00,2026/09/01 14:07:35.648, NVIDIA GeForce RTX 5060, 591.86, P8, 28, 0, 1037, 8151, 8.88, 145.00, 285, 405, 1, 8
2026-09-01T14:07:40.6986661+07:00,2026/09/01 14:07:40.760, NVIDIA GeForce RTX 5060, 591.86, P8, 28, 0, 1037, 8151, 8.97, 145.00, 307, 405, 1, 8
2026-09-01T14:07:45.8530960+07:00,2026/09/01 14:07:45.914, NVIDIA GeForce RTX 5060, 591.86, P8, 28, 0, 1032, 8151, 8.95, 145.00, 307, 405, 1, 8
2026-09-01T14:07:50.9288161+07:00,2026/09/01 14:07:50.990, NVIDIA GeForce RTX 5060, 591.86, P8, 28, 0, 1032, 8151, 8.90, 145.00, 330, 405, 1, 8
2026-09-01T14:07:56.0057881+07:00,2026/09/01 14:07:56.082, NVIDIA GeForce RTX 5060, 591.86, P8, 28, 0, 1037, 8151, 9.10, 145.00, 315, 405, 1, 8
2026-09-01T14:08:01.0981115+07:00,2026/09/01 14:08:01.205, NVIDIA GeForce RTX 5060, 591.86, P8, 28, 0, 1037, 8151, 9.06, 145.00, 262, 405, 1, 8
2026-09-01T14:08:06.2211569+07:00,2026/09/01 14:08:06.283, NVIDIA GeForce RTX 5060, 591.86, P8, 28, 1, 1037, 8151, 9.37, 145.00, 345, 405, 1, 8
2026-09-01T14:08:11.2989199+07:00,2026/09/01 14:08:11.376, NVIDIA GeForce RTX 5060, 591.86, P8, 28, 0, 1038, 8151, 9.43, 145.00, 360, 405, 1, 8
2026-09-01T14:08:16.4828244+07:00,2026/09/01 14:08:16.545, NVIDIA GeForce RTX 5060, 591.86, P8, 28, 0, 1038, 8151, 9.07, 145.00, 285, 405, 1, 8
2026-09-01T14:08:21.5807644+07:00,2026/09/01 14:08:21.642, NVIDIA GeForce RTX 5060, 591.86, P8, 28, 0, 1037, 8151, 9.50, 145.00, 337, 405, 1, 8
2026-09-01T14:08:26.6597440+07:00,2026/09/01 14:08:26.722, NVIDIA GeForce RTX 5060, 591.86, P8, 28, 0, 1035, 8151, 9.66, 145.00, 360, 405, 1, 8
2026-09-01T14:08:31.7414297+07:00,2026/09/01 14:08:31.927, NVIDIA GeForce RTX 5060, 591.86, P8, 28, 1, 1036, 8151, 8.80, 145.00, 322, 405, 1, 8
2026-09-01T14:08:36.9453399+07:00,2026/09/01 14:08:37.114, NVIDIA GeForce RTX 5060, 591.86, P8, 28, 1, 1035, 8151, 11.41, 145.00, 502, 405, 1, 8
2026-09-01T14:08:42.1482531+07:00,2026/09/01 14:08:42.334, NVIDIA GeForce RTX 5060, 591.86, P8, 28, 0, 1035, 8151, 9.06, 145.00, 300, 405, 1, 8
2026-09-01T14:08:47.4458604+07:00,2026/09/01 14:08:47.694, NVIDIA GeForce RTX 5060, 591.86, P8, 28, 0, 1027, 8151, 9.09, 145.00, 307, 405, 1, 8
2026-09-01T14:08:52.7449549+07:00,2026/09/01 14:08:52.868, NVIDIA GeForce RTX 5060, 591.86, P8, 28, 0, 1027, 8151, 9.02, 145.00, 285, 405, 1, 8
2026-09-01T14:08:57.8876178+07:00,2026/09/01 14:08:58.056, NVIDIA GeForce RTX 5060, 591.86, P8, 28, 1, 1027, 8151, 9.16, 145.00, 345, 405, 1, 8
2026-09-01T14:09:03.0919056+07:00,2026/09/01 14:09:03.153, NVIDIA GeForce RTX 5060, 591.86, P8, 28, 0, 1027, 8151, 8.91, 145.00, 315, 405, 1, 8
2026-09-01T14:09:08.1716732+07:00,2026/09/01 14:09:08.279, NVIDIA GeForce RTX 5060, 591.86, P8, 28, 0, 1027, 8151, 8.90, 145.00, 322, 405, 1, 8
2026-09-01T14:09:13.3114133+07:00,2026/09/01 14:09:13.388, NVIDIA GeForce RTX 5060, 591.86, P8, 28, 0, 1026, 8151, 9.02, 145.00, 337, 405, 1, 8
2026-09-01T14:09:18.5140195+07:00,2026/09/01 14:09:18.637, NVIDIA GeForce RTX 5060, 591.86, P8, 28, 0, 1026, 8151, 9.02, 145.00, 277, 405, 1, 8
2026-09-01T14:09:23.6876965+07:00,2026/09/01 14:09:23.811, NVIDIA GeForce RTX 5060, 591.86, P8, 28, 0, 1026, 8151, 9.20, 145.00, 307, 405, 1, 8
2026-09-01T14:09:28.8594340+07:00,2026/09/01 14:09:29.014, NVIDIA GeForce RTX 5060, 591.86, P8, 28, 0, 1026, 8151, 9.03, 145.00, 285, 405, 1, 8
2026-09-01T14:09:34.0633649+07:00,2026/09/01 14:09:34.233, NVIDIA GeForce RTX 5060, 591.86, P8, 28, 0, 1026, 8151, 8.97, 145.00, 330, 405, 1, 8
2026-09-01T14:09:39.2542460+07:00,2026/09/01 14:09:39.285, NVIDIA GeForce RTX 5060, 591.86, P8, 28, 0, 1026, 8151, 9.02, 145.00, 315, 405, 1, 8
2026-09-01T14:09:44.3027197+07:00,2026/09/01 14:09:44.333, NVIDIA GeForce RTX 5060, 591.86, P8, 28, 0, 1026, 8151, 8.97, 145.00, 307, 405, 1, 8
2026-09-01T14:09:49.4126528+07:00,2026/09/01 14:09:49.443, NVIDIA GeForce RTX 5060, 591.86, P8, 28, 0, 1026, 8151, 9.04, 145.00, 337, 405, 1, 8
2026-09-01T14:09:54.4601617+07:00,2026/09/01 14:09:54.614, NVIDIA GeForce RTX 5060, 591.86, P8, 28, 1, 1026, 8151, 9.25, 145.00, 420, 405, 1, 8
2026-09-01T14:09:59.6636902+07:00,2026/09/01 14:09:59.725, NVIDIA GeForce RTX 5060, 591.86, P8, 28, 1, 1026, 8151, 9.24, 145.00, 442, 405, 1, 8
2026-09-01T14:10:04.7751197+07:00,2026/09/01 14:10:04.945, NVIDIA GeForce RTX 5060, 591.86, P8, 28, 0, 1026, 8151, 8.97, 145.00, 315, 405, 1, 8
2026-09-01T14:10:09.9921401+07:00,2026/09/01 14:10:10.193, NVIDIA GeForce RTX 5060, 591.86, P8, 28, 0, 1026, 8151, 9.16, 145.00, 315, 405, 1, 8
2026-09-01T14:10:15.2113200+07:00,2026/09/01 14:10:15.349, NVIDIA GeForce RTX 5060, 591.86, P8, 28, 0, 1026, 8151, 9.03, 145.00, 330, 405, 1, 8
2026-09-01T14:10:20.4451549+07:00,2026/09/01 14:10:20.631, NVIDIA GeForce RTX 5060, 591.86, P8, 28, 0, 1026, 8151, 9.20, 145.00, 322, 405, 1, 8
2026-09-01T14:10:25.6819798+07:00,2026/09/01 14:10:25.806, NVIDIA GeForce RTX 5060, 591.86, P8, 28, 2, 1034, 8151, 11.72, 145.00, 532, 405, 1, 8
2026-09-01T14:10:30.8560718+07:00,2026/09/01 14:10:30.948, NVIDIA GeForce RTX 5060, 591.86, P8, 28, 0, 1034, 8151, 9.18, 145.00, 285, 405, 1, 8
2026-09-01T14:10:35.9839013+07:00,2026/09/01 14:10:36.185, NVIDIA GeForce RTX 5060, 591.86, P8, 28, 1, 1033, 8151, 9.32, 145.00, 360, 405, 1, 8
2026-09-01T14:10:41.2469352+07:00,2026/09/01 14:10:41.386, NVIDIA GeForce RTX 5060, 591.86, P8, 28, 1, 1032, 8151, 9.06, 145.00, 382, 405, 1, 8
2026-09-01T14:10:46.4356059+07:00,2026/09/01 14:10:46.466, NVIDIA GeForce RTX 5060, 591.86, P8, 28, 0, 1032, 8151, 8.92, 145.00, 307, 405, 1, 8
2026-09-01T14:10:51.5459529+07:00,2026/09/01 14:10:51.576, NVIDIA GeForce RTX 5060, 591.86, P8, 28, 0, 1032, 8151, 9.03, 145.00, 300, 405, 1, 8
2026-09-01T14:10:56.5932736+07:00,2026/09/01 14:10:56.872, NVIDIA GeForce RTX 5060, 591.86, P8, 28, 1, 1030, 8151, 9.15, 145.00, 315, 405, 1, 8
2026-09-01T14:11:01.9227260+07:00,2026/09/01 14:11:02.124, NVIDIA GeForce RTX 5060, 591.86, P8, 28, 0, 1029, 8151, 9.31, 145.00, 367, 405, 1, 8
2026-09-01T14:11:07.1409777+07:00,2026/09/01 14:11:07.234, NVIDIA GeForce RTX 5060, 591.86, P8, 28, 0, 1030, 8151, 9.37, 145.00, 382, 405, 1, 8
2026-09-01T14:11:12.2537254+07:00,2026/09/01 14:11:12.408, NVIDIA GeForce RTX 5060, 591.86, P8, 28, 0, 1025, 8151, 9.03, 145.00, 300, 405, 1, 8
2026-09-01T14:11:17.4257744+07:00,2026/09/01 14:11:17.580, NVIDIA GeForce RTX 5060, 591.86, P8, 28, 0, 1031, 8151, 9.05, 145.00, 285, 405, 1, 8
2026-09-01T14:11:22.6621289+07:00,2026/09/01 14:11:22.895, NVIDIA GeForce RTX 5060, 591.86, P8, 28, 0, 1031, 8151, 9.16, 145.00, 345, 405, 1, 8
2026-09-01T14:11:27.9291154+07:00,2026/09/01 14:11:28.161, NVIDIA GeForce RTX 5060, 591.86, P8, 28, 0, 1042, 8151, 9.48, 145.00, 285, 405, 1, 8
2026-09-01T14:11:33.1971976+07:00,2026/09/01 14:11:33.413, NVIDIA GeForce RTX 5060, 591.86, P8, 28, 1, 1039, 8151, 9.59, 145.00, 420, 405, 1, 8
2026-09-01T14:11:38.4638845+07:00,2026/09/01 14:11:38.618, NVIDIA GeForce RTX 5060, 591.86, P8, 28, 0, 1029, 8151, 9.30, 145.00, 390, 405, 1, 8
2026-09-01T14:11:43.6988383+07:00,2026/09/01 14:11:43.791, NVIDIA GeForce RTX 5060, 591.86, P8, 28, 0, 1029, 8151, 9.20, 145.00, 322, 405, 1, 8
2026-09-01T14:11:48.8412008+07:00,2026/09/01 14:11:49.043, NVIDIA GeForce RTX 5060, 591.86, P8, 28, 0, 1025, 8151, 8.94, 145.00, 285, 405, 1, 8
2026-09-01T14:11:54.1686410+07:00,2026/09/01 14:11:54.370, NVIDIA GeForce RTX 5060, 591.86, P8, 28, 0, 1029, 8151, 9.13, 145.00, 285, 405, 1, 8
2026-09-01T14:11:59.4345837+07:00,2026/09/01 14:11:59.527, NVIDIA GeForce RTX 5060, 591.86, P8, 28, 0, 1030, 8151, 8.97, 145.00, 262, 405, 1, 8
2026-09-01T14:12:04.5926648+07:00,2026/09/01 14:12:04.747, NVIDIA GeForce RTX 5060, 591.86, P8, 28, 1, 1030, 8151, 9.82, 145.00, 427, 405, 1, 8
2026-09-01T14:12:09.7809064+07:00,2026/09/01 14:12:09.811, NVIDIA GeForce RTX 5060, 591.86, P8, 28, 1, 1026, 8151, 10.81, 145.00, 705, 405, 1, 8
2026-09-01T14:12:14.8278382+07:00,2026/09/01 14:12:15.245, NVIDIA GeForce RTX 5060, 591.86, P8, 28, 1, 1031, 8151, 9.48, 145.00, 360, 405, 1, 8
2026-09-01T14:12:20.2948400+07:00,2026/09/01 14:12:21.239, NVIDIA GeForce RTX 5060, 591.86, P8, 28, 0, 1031, 8151, 9.30, 145.00, 307, 405, 1, 8
2026-09-01T14:12:26.3511405+07:00,2026/09/01 14:12:26.382, NVIDIA GeForce RTX 5060, 591.86, P8, 28, 0, 1031, 8151, 9.46, 145.00, 315, 405, 1, 8
2026-09-01T14:12:31.4011927+07:00,2026/09/01 14:12:31.432, NVIDIA GeForce RTX 5060, 591.86, P8, 28, 0, 1024, 8151, 9.08, 145.00, 337, 405, 1, 8
2026-09-01T14:12:36.4516687+07:00,2026/09/01 14:12:36.482, NVIDIA GeForce RTX 5060, 591.86, P8, 28, 0, 1025, 8151, 9.51, 145.00, 390, 405, 1, 8
2026-09-01T14:12:41.4993417+07:00,2026/09/01 14:12:41.561, NVIDIA GeForce RTX 5060, 591.86, P8, 28, 0, 1025, 8151, 9.26, 145.00, 367, 405, 1, 8
2026-09-01T14:12:46.5810086+07:00,2026/09/01 14:12:46.612, NVIDIA GeForce RTX 5060, 591.86, P8, 28, 1, 1025, 8151, 9.39, 145.00, 375, 405, 1, 8
2026-09-01T14:12:51.6329820+07:00,2026/09/01 14:12:51.787, NVIDIA GeForce RTX 5060, 591.86, P8, 28, 0, 1083, 8151, 9.41, 145.00, 285, 405, 1, 8
2026-09-01T14:12:56.9348541+07:00,2026/09/01 14:12:57.198, NVIDIA GeForce RTX 5060, 591.86, P8, 28, 0, 1023, 8151, 9.14, 145.00, 315, 405, 1, 8
2026-09-01T14:13:02.2482916+07:00,2026/09/01 14:13:02.325, NVIDIA GeForce RTX 5060, 591.86, P8, 28, 0, 1023, 8151, 9.12, 145.00, 307, 405, 1, 8
2026-09-01T14:13:07.3449711+07:00,2026/09/01 14:13:07.375, NVIDIA GeForce RTX 5060, 591.86, P8, 28, 0, 1028, 8151, 9.31, 145.00, 337, 405, 1, 8
2026-09-01T14:13:12.3903248+07:00,2026/09/01 14:13:12.421, NVIDIA GeForce RTX 5060, 591.86, P8, 28, 0, 1027, 8151, 9.19, 145.00, 360, 405, 1, 8
2026-09-01T14:13:17.4363721+07:00,2026/09/01 14:13:17.514, NVIDIA GeForce RTX 5060, 591.86, P8, 28, 0, 1028, 8151, 8.98, 145.00, 307, 405, 1, 8
2026-09-01T14:13:22.5503804+07:00,2026/09/01 14:13:22.643, NVIDIA GeForce RTX 5060, 591.86, P8, 28, 0, 1025, 8151, 9.02, 145.00, 315, 405, 1, 8
2026-09-01T14:13:27.7371392+07:00,2026/09/01 14:13:27.799, NVIDIA GeForce RTX 5060, 591.86, P8, 28, 0, 1025, 8151, 9.11, 145.00, 285, 405, 1, 8
2026-09-01T14:13:32.8175332+07:00,2026/09/01 14:13:32.864, NVIDIA GeForce RTX 5060, 591.86, P8, 28, 0, 1025, 8151, 9.04, 145.00, 307, 405, 1, 8
2026-09-01T14:13:37.8830093+07:00,2026/09/01 14:13:37.913, NVIDIA GeForce RTX 5060, 591.86, P8, 28, 0, 1019, 8151, 9.04, 145.00, 307, 405, 1, 8
2026-09-01T14:13:42.9313285+07:00,2026/09/01 14:13:42.977, NVIDIA GeForce RTX 5060, 591.86, P8, 28, 0, 1019, 8151, 9.20, 145.00, 307, 405, 1, 8
2026-09-01T14:13:48.0083783+07:00,2026/09/01 14:13:48.070, NVIDIA GeForce RTX 5060, 591.86, P8, 28, 0, 1019, 8151, 9.07, 145.00, 337, 405, 1, 8
2026-09-01T14:13:53.1165139+07:00,2026/09/01 14:13:53.209, NVIDIA GeForce RTX 5060, 591.86, P8, 28, 0, 1019, 8151, 9.10, 145.00, 300, 405, 1, 8
2026-09-01T14:13:58.3032085+07:00,2026/09/01 14:13:58.365, NVIDIA GeForce RTX 5060, 591.86, P8, 28, 0, 1018, 8151, 8.98, 145.00, 322, 405, 1, 8
2026-09-01T14:14:03.3996280+07:00,2026/09/01 14:14:03.492, NVIDIA GeForce RTX 5060, 591.86, P8, 28, 0, 1023, 8151, 9.13, 145.00, 307, 405, 1, 8
2026-09-01T14:14:08.5096095+07:00,2026/09/01 14:14:08.587, NVIDIA GeForce RTX 5060, 591.86, P8, 28, 1, 1024, 8151, 9.35, 145.00, 390, 405, 1, 8
2026-09-01T14:14:13.6049962+07:00,2026/09/01 14:14:13.635, NVIDIA GeForce RTX 5060, 591.86, P8, 28, 0, 1024, 8151, 8.87, 145.00, 315, 405, 1, 8
2026-09-01T14:14:18.6544316+07:00,2026/09/01 14:14:18.747, NVIDIA GeForce RTX 5060, 591.86, P8, 28, 0, 1024, 8151, 8.92, 145.00, 285, 405, 1, 8
2026-09-01T14:14:23.7646043+07:00,2026/09/01 14:14:23.842, NVIDIA GeForce RTX 5060, 591.86, P8, 28, 1, 1025, 8151, 9.24, 145.00, 405, 405, 1, 8
2026-09-01T14:14:28.9386347+07:00,2026/09/01 14:14:29.031, NVIDIA GeForce RTX 5060, 591.86, P8, 28, 0, 1025, 8151, 8.97, 145.00, 315, 405, 1, 8
2026-09-01T14:14:34.0481303+07:00,2026/09/01 14:14:34.264, NVIDIA GeForce RTX 5060, 591.86, P8, 28, 1, 1089, 8151, 9.63, 145.00, 570, 405, 1, 8
2026-09-01T14:14:39.3291508+07:00,2026/09/01 14:14:39.390, NVIDIA GeForce RTX 5060, 591.86, P8, 28, 0, 1025, 8151, 9.52, 145.00, 472, 405, 1, 8
2026-09-01T14:14:44.4090721+07:00,2026/09/01 14:14:44.548, NVIDIA GeForce RTX 5060, 591.86, P8, 28, 0, 1022, 8151, 9.03, 145.00, 330, 405, 1, 8
2026-09-01T14:14:49.5811531+07:00,2026/09/01 14:14:49.751, NVIDIA GeForce RTX 5060, 591.86, P8, 28, 0, 1026, 8151, 8.81, 145.00, 285, 405, 1, 8
2026-09-01T14:14:54.7732928+07:00,2026/09/01 14:14:54.897, NVIDIA GeForce RTX 5060, 591.86, P8, 28, 0, 1016, 8151, 8.69, 145.00, 262, 405, 1, 8
2026-09-01T14:14:59.9733148+07:00,2026/09/01 14:15:00.174, NVIDIA GeForce RTX 5060, 591.86, P8, 28, 0, 1016, 8151, 8.80, 145.00, 285, 405, 1, 8
2026-09-01T14:15:05.2064370+07:00,2026/09/01 14:15:05.439, NVIDIA GeForce RTX 5060, 591.86, P8, 28, 0, 1013, 8151, 8.61, 145.00, 262, 405, 1, 8
2026-09-01T14:15:10.4906834+07:00,2026/09/01 14:15:10.521, NVIDIA GeForce RTX 5060, 591.86, P8, 28, 0, 1013, 8151, 8.61, 145.00, 285, 405, 1, 8
2026-09-01T14:15:15.5384663+07:00,2026/09/01 14:15:15.724, NVIDIA GeForce RTX 5060, 591.86, P8, 28, 0, 1013, 8151, 8.77, 145.00, 285, 405, 1, 8
2026-09-01T14:15:20.7783489+07:00,2026/09/01 14:15:20.994, NVIDIA GeForce RTX 5060, 591.86, P8, 28, 0, 1013, 8151, 8.72, 145.00, 255, 405, 1, 8
2026-09-01T14:15:26.0107079+07:00,2026/09/01 14:15:26.212, NVIDIA GeForce RTX 5060, 591.86, P8, 28, 0, 1013, 8151, 8.72, 145.00, 277, 405, 1, 8
2026-09-01T14:15:31.3070586+07:00,2026/09/01 14:15:31.369, NVIDIA GeForce RTX 5060, 591.86, P8, 28, 0, 1013, 8151, 8.70, 145.00, 255, 405, 1, 8
2026-09-01T14:15:36.4353484+07:00,2026/09/01 14:15:36.543, NVIDIA GeForce RTX 5060, 591.86, P8, 28, 0, 1013, 8151, 8.66, 145.00, 285, 405, 1, 8
2026-09-01T14:15:41.5940763+07:00,2026/09/01 14:15:41.717, NVIDIA GeForce RTX 5060, 591.86, P8, 28, 0, 1022, 8151, 8.74, 145.00, 255, 405, 1, 8
2026-09-01T14:15:46.7639931+07:00,2026/09/01 14:15:46.934, NVIDIA GeForce RTX 5060, 591.86, P8, 28, 0, 1018, 8151, 8.86, 145.00, 360, 405, 1, 8
2026-09-01T14:15:51.9972154+07:00,2026/09/01 14:15:52.136, NVIDIA GeForce RTX 5060, 591.86, P8, 28, 0, 1018, 8151, 8.82, 145.00, 285, 405, 1, 8
2026-09-01T14:15:57.1864385+07:00,2026/09/01 14:15:57.248, NVIDIA GeForce RTX 5060, 591.86, P8, 28, 0, 1018, 8151, 8.90, 145.00, 307, 405, 1, 8
2026-09-01T14:16:02.3254557+07:00,2026/09/01 14:16:02.495, NVIDIA GeForce RTX 5060, 591.86, P8, 28, 0, 1022, 8151, 9.03, 145.00, 292, 405, 1, 8
2026-09-01T14:16:07.5604959+07:00,2026/09/01 14:16:07.745, NVIDIA GeForce RTX 5060, 591.86, P8, 28, 0, 1023, 8151, 9.22, 145.00, 337, 405, 1, 8
2026-09-01T14:16:12.7665701+07:00,2026/09/01 14:16:12.952, NVIDIA GeForce RTX 5060, 591.86, P8, 28, 0, 1024, 8151, 9.41, 145.00, 352, 405, 1, 8
2026-09-01T14:16:18.0016931+07:00,2026/09/01 14:16:18.188, NVIDIA GeForce RTX 5060, 591.86, P8, 28, 1, 1023, 8151, 9.48, 145.00, 412, 405, 1, 8
2026-09-01T14:16:23.2704581+07:00,2026/09/01 14:16:23.441, NVIDIA GeForce RTX 5060, 591.86, P8, 28, 0, 1024, 8151, 9.11, 145.00, 307, 405, 1, 8
2026-09-01T14:16:28.4759772+07:00,2026/09/01 14:16:28.630, NVIDIA GeForce RTX 5060, 591.86, P8, 28, 0, 1024, 8151, 9.32, 145.00, 420, 405, 1, 8
2026-09-01T14:16:33.7281766+07:00,2026/09/01 14:16:33.914, NVIDIA GeForce RTX 5060, 591.86, P8, 28, 0, 1024, 8151, 9.04, 145.00, 337, 405, 1, 8
2026-09-01T14:16:38.9678711+07:00,2026/09/01 14:16:39.135, NVIDIA GeForce RTX 5060, 591.86, P8, 28, 0, 1024, 8151, 9.15, 145.00, 337, 405, 1, 8
2026-09-01T14:16:44.1860324+07:00,2026/09/01 14:16:44.218, NVIDIA GeForce RTX 5060, 591.86, P8, 28, 0, 1024, 8151, 9.28, 145.00, 367, 405, 1, 8
2026-09-01T14:16:49.2388992+07:00,2026/09/01 14:16:49.502, NVIDIA GeForce RTX 5060, 591.86, P8, 28, 0, 1024, 8151, 9.27, 145.00, 360, 405, 1, 8
2026-09-01T14:16:54.5663097+07:00,2026/09/01 14:16:54.783, NVIDIA GeForce RTX 5060, 591.86, P8, 28, 1, 1024, 8151, 9.31, 145.00, 367, 405, 1, 8
2026-09-01T14:16:59.8442398+07:00,2026/09/01 14:16:59.952, NVIDIA GeForce RTX 5060, 591.86, P8, 28, 1, 1024, 8151, 9.04, 145.00, 352, 405, 1, 8
2026-09-01T14:17:05.0619794+07:00,2026/09/01 14:17:05.185, NVIDIA GeForce RTX 5060, 591.86, P8, 28, 1, 1023, 8151, 9.22, 145.00, 337, 405, 1, 8
2026-09-01T14:17:10.2205716+07:00,2026/09/01 14:17:10.437, NVIDIA GeForce RTX 5060, 591.86, P8, 28, 1, 1028, 8151, 9.21, 145.00, 367, 405, 1, 8
2026-09-01T14:17:15.4713436+07:00,2026/09/01 14:17:15.625, NVIDIA GeForce RTX 5060, 591.86, P8, 28, 0, 1027, 8151, 9.15, 145.00, 390, 405, 1, 8
2026-09-01T14:17:20.6783486+07:00,2026/09/01 14:17:20.833, NVIDIA GeForce RTX 5060, 591.86, P8, 28, 0, 1031, 8151, 9.17, 145.00, 330, 405, 1, 8
2026-09-01T14:17:25.8814391+07:00,2026/09/01 14:17:26.036, NVIDIA GeForce RTX 5060, 591.86, P8, 28, 0, 1025, 8151, 9.24, 145.00, 390, 405, 1, 8
2026-09-01T14:17:31.1009031+07:00,2026/09/01 14:17:31.147, NVIDIA GeForce RTX 5060, 591.86, P8, 28, 0, 1025, 8151, 9.36, 145.00, 300, 405, 1, 8
2026-09-01T14:17:36.2431121+07:00,2026/09/01 14:17:36.274, NVIDIA GeForce RTX 5060, 591.86, P8, 28, 0, 1025, 8151, 8.90, 145.00, 307, 405, 1, 8
2026-09-01T14:17:41.2938013+07:00,2026/09/01 14:17:41.387, NVIDIA GeForce RTX 5060, 591.86, P8, 28, 1, 1032, 8151, 9.01, 145.00, 285, 405, 1, 8
2026-09-01T14:17:46.4201546+07:00,2026/09/01 14:17:46.605, NVIDIA GeForce RTX 5060, 591.86, P8, 28, 0, 1031, 8151, 8.98, 145.00, 315, 405, 1, 8
2026-09-01T14:17:51.6702392+07:00,2026/09/01 14:17:51.701, NVIDIA GeForce RTX 5060, 591.86, P8, 28, 0, 1034, 8151, 8.94, 145.00, 315, 405, 1, 8
2026-09-01T14:17:56.7196225+07:00,2026/09/01 14:17:56.953, NVIDIA GeForce RTX 5060, 591.86, P8, 28, 0, 1035, 8151, 9.02, 145.00, 337, 405, 1, 8
2026-09-01T14:18:02.0001788+07:00,2026/09/01 14:18:02.031, NVIDIA GeForce RTX 5060, 591.86, P8, 28, 1, 1034, 8151, 9.01, 145.00, 390, 405, 1, 8
2026-09-01T14:18:07.1255350+07:00,2026/09/01 14:18:07.233, NVIDIA GeForce RTX 5060, 591.86, P8, 28, 0, 1035, 8151, 9.04, 145.00, 292, 405, 1, 8
2026-09-01T14:18:12.2525086+07:00,2026/09/01 14:18:12.283, NVIDIA GeForce RTX 5060, 591.86, P8, 28, 0, 1030, 8151, 8.97, 145.00, 292, 405, 1, 8
2026-09-01T14:18:17.3019277+07:00,2026/09/01 14:18:17.426, NVIDIA GeForce RTX 5060, 591.86, P8, 28, 1, 1039, 8151, 9.25, 145.00, 330, 405, 1, 8
2026-09-01T14:18:22.4610272+07:00,2026/09/01 14:18:22.523, NVIDIA GeForce RTX 5060, 591.86, P8, 28, 0, 1032, 8151, 8.90, 145.00, 307, 405, 1, 8
2026-09-01T14:18:27.5580043+07:00,2026/09/01 14:18:27.635, NVIDIA GeForce RTX 5060, 591.86, P8, 28, 6, 1044, 8151, 10.21, 145.00, 457, 405, 1, 8
2026-09-01T14:18:32.6563459+07:00,2026/09/01 14:18:32.749, NVIDIA GeForce RTX 5060, 591.86, P8, 28, 0, 1046, 8151, 9.05, 145.00, 285, 405, 1, 8
2026-09-01T14:18:37.8447154+07:00,2026/09/01 14:18:37.875, NVIDIA GeForce RTX 5060, 591.86, P8, 28, 0, 1044, 8151, 9.03, 145.00, 337, 405, 1, 8
2026-09-01T14:18:42.8951980+07:00,2026/09/01 14:18:42.926, NVIDIA GeForce RTX 5060, 591.86, P8, 28, 1, 1047, 8151, 9.18, 145.00, 330, 405, 1, 8
2026-09-01T14:18:47.9445898+07:00,2026/09/01 14:18:47.975, NVIDIA GeForce RTX 5060, 591.86, P8, 28, 0, 1044, 8151, 8.89, 145.00, 330, 405, 1, 8
2026-09-01T14:18:52.9925014+07:00,2026/09/01 14:18:53.085, NVIDIA GeForce RTX 5060, 591.86, P8, 28, 1, 1039, 8151, 8.98, 145.00, 330, 405, 1, 8
2026-09-01T14:18:58.1042582+07:00,2026/09/01 14:18:58.491, NVIDIA GeForce RTX 5060, 591.86, P8, 28, 0, 1039, 8151, 9.10, 145.00, 307, 405, 1, 8
2026-09-01T14:19:03.5419680+07:00,2026/09/01 14:19:03.619, NVIDIA GeForce RTX 5060, 591.86, P8, 28, 0, 1044, 8151, 9.05, 145.00, 285, 405, 1, 8
2026-09-01T14:19:08.7431113+07:00,2026/09/01 14:19:08.774, NVIDIA GeForce RTX 5060, 591.86, P8, 28, 0, 1044, 8151, 9.29, 145.00, 360, 405, 1, 8
2026-09-01T14:19:13.8075350+07:00,2026/09/01 14:19:13.838, NVIDIA GeForce RTX 5060, 591.86, P8, 28, 0, 1043, 8151, 9.31, 145.00, 382, 405, 1, 8
2026-09-01T14:19:18.8582300+07:00,2026/09/01 14:19:18.889, NVIDIA GeForce RTX 5060, 591.86, P8, 28, 1, 1042, 8151, 9.23, 145.00, 360, 405, 1, 8
2026-09-01T14:19:23.9091866+07:00,2026/09/01 14:19:23.955, NVIDIA GeForce RTX 5060, 591.86, P8, 28, 0, 1047, 8151, 9.10, 145.00, 307, 405, 1, 8
2026-09-01T14:19:28.9733295+07:00,2026/09/01 14:19:29.004, NVIDIA GeForce RTX 5060, 591.86, P8, 28, 0, 1024, 8151, 8.96, 145.00, 322, 405, 1, 8
2026-09-01T14:19:34.0223296+07:00,2026/09/01 14:19:34.053, NVIDIA GeForce RTX 5060, 591.86, P8, 28, 0, 1030, 8151, 8.90, 145.00, 307, 405, 1, 8
2026-09-01T14:19:39.1481737+07:00,2026/09/01 14:19:39.179, NVIDIA GeForce RTX 5060, 591.86, P8, 28, 0, 1024, 8151, 9.04, 145.00, 307, 405, 1, 8
2026-09-01T14:19:44.1996793+07:00,2026/09/01 14:19:44.230, NVIDIA GeForce RTX 5060, 591.86, P8, 28, 0, 1029, 8151, 8.87, 145.00, 315, 405, 1, 8
2026-09-01T14:19:49.2438764+07:00,2026/09/01 14:19:49.321, NVIDIA GeForce RTX 5060, 591.86, P8, 28, 0, 1024, 8151, 8.97, 145.00, 337, 405, 1, 8
2026-09-01T14:19:54.4300113+07:00,2026/09/01 14:19:54.600, NVIDIA GeForce RTX 5060, 591.86, P8, 28, 0, 1024, 8151, 8.93, 145.00, 307, 405, 1, 8
2026-09-01T14:19:59.6581463+07:00,2026/09/01 14:19:59.890, NVIDIA GeForce RTX 5060, 591.86, P8, 28, 0, 1024, 8151, 8.92, 145.00, 307, 405, 1, 8
2026-09-01T14:20:04.9829660+07:00,2026/09/01 14:20:05.215, NVIDIA GeForce RTX 5060, 591.86, P8, 28, 1, 1030, 8151, 9.34, 145.00, 435, 405, 1, 8
2026-09-01T14:20:10.3258003+07:00,2026/09/01 14:20:10.403, NVIDIA GeForce RTX 5060, 591.86, P8, 28, 1, 1030, 8151, 9.27, 145.00, 427, 405, 1, 8
2026-09-01T14:20:15.4205961+07:00,2026/09/01 14:20:15.498, NVIDIA GeForce RTX 5060, 591.86, P8, 28, 1, 1030, 8151, 9.21, 145.00, 427, 405, 1, 8
2026-09-01T14:20:20.5159866+07:00,2026/09/01 14:20:20.578, NVIDIA GeForce RTX 5060, 591.86, P8, 28, 1, 1030, 8151, 9.21, 145.00, 457, 405, 1, 8
2026-09-01T14:20:25.5952381+07:00,2026/09/01 14:20:25.641, NVIDIA GeForce RTX 5060, 591.86, P8, 28, 1, 1030, 8151, 9.17, 145.00, 457, 405, 1, 8
2026-09-01T14:20:30.6636510+07:00,2026/09/01 14:20:30.694, NVIDIA GeForce RTX 5060, 591.86, P8, 28, 0, 1030, 8151, 9.04, 145.00, 390, 405, 1, 8
2026-09-01T14:20:35.7140382+07:00,2026/09/01 14:20:35.791, NVIDIA GeForce RTX 5060, 591.86, P8, 28, 1, 1030, 8151, 9.58, 145.00, 442, 405, 1, 8
2026-09-01T14:20:40.8877893+07:00,2026/09/01 14:20:40.934, NVIDIA GeForce RTX 5060, 591.86, P8, 28, 0, 1031, 8151, 9.28, 145.00, 390, 405, 1, 8
2026-09-01T14:20:45.9537888+07:00,2026/09/01 14:20:46.015, NVIDIA GeForce RTX 5060, 591.86, P8, 28, 0, 1031, 8151, 9.28, 145.00, 322, 405, 1, 8
2026-09-01T14:20:51.0309223+07:00,2026/09/01 14:20:51.293, NVIDIA GeForce RTX 5060, 591.86, P8, 28, 0, 1026, 8151, 9.22, 145.00, 285, 405, 1, 8
2026-09-01T14:20:56.3783811+07:00,2026/09/01 14:20:56.688, NVIDIA GeForce RTX 5060, 591.86, P8, 28, 1, 1031, 8151, 9.23, 145.00, 390, 405, 1, 8
2026-09-01T14:21:01.7212892+07:00,2026/09/01 14:21:02.000, NVIDIA GeForce RTX 5060, 591.86, P8, 28, 1, 1033, 8151, 9.32, 145.00, 480, 405, 1, 8
2026-09-01T14:21:07.0443865+07:00,2026/09/01 14:21:07.523, NVIDIA GeForce RTX 5060, 591.86, P8, 28, 2, 1035, 8151, 10.39, 145.00, 577, 405, 1, 8
2026-09-01T14:21:12.6654726+07:00,2026/09/01 14:21:12.835, NVIDIA GeForce RTX 5060, 591.86, P5, 28, 0, 1246, 8151, 12.92, 145.00, 742, 810, 2, 8
2026-09-01T14:21:17.8821997+07:00,2026/09/01 14:21:18.038, NVIDIA GeForce RTX 5060, 591.86, P8, 28, 2, 1049, 8151, 10.87, 145.00, 412, 405, 1, 8
2026-09-01T14:21:23.0624190+07:00,2026/09/01 14:21:23.325, NVIDIA GeForce RTX 5060, 591.86, P8, 28, 0, 1031, 8151, 8.95, 145.00, 262, 405, 1, 8
2026-09-01T14:21:28.3387786+07:00,2026/09/01 14:21:29.032, NVIDIA GeForce RTX 5060, 591.86, P8, 28, 0, 1006, 8151, 9.02, 145.00, 255, 405, 1, 8
2026-09-01T14:21:34.1458526+07:00,2026/09/01 14:21:34.578, NVIDIA GeForce RTX 5060, 591.86, P8, 28, 0, 1006, 8151, 8.95, 145.00, 247, 405, 1, 8
2026-09-01T14:21:39.6257188+07:00,2026/09/01 14:21:39.997, NVIDIA GeForce RTX 5060, 591.86, P8, 28, 0, 1006, 8151, 8.94, 145.00, 255, 405, 1, 8
2026-09-01T14:21:45.1980572+07:00,2026/09/01 14:21:45.600, NVIDIA GeForce RTX 5060, 591.86, P8, 28, 0, 1003, 8151, 8.77, 145.00, 262, 405, 1, 8
2026-09-01T14:21:50.6300985+07:00,2026/09/01 14:21:51.264, NVIDIA GeForce RTX 5060, 591.86, P8, 28, 0, 1003, 8151, 8.72, 145.00, 255, 405, 1, 8
2026-09-01T14:21:56.3428812+07:00,2026/09/01 14:21:56.884, NVIDIA GeForce RTX 5060, 591.86, P8, 28, 0, 1003, 8151, 8.82, 145.00, 262, 405, 1, 8
2026-09-01T14:22:01.9576862+07:00,2026/09/01 14:22:02.437, NVIDIA GeForce RTX 5060, 591.86, P8, 28, 2, 1016, 8151, 10.36, 145.00, 427, 405, 1, 8
2026-09-01T14:22:07.5464779+07:00,2026/09/01 14:22:08.087, NVIDIA GeForce RTX 5060, 591.86, P8, 28, 1, 1018, 8151, 8.98, 145.00, 307, 405, 1, 8
2026-09-01T14:22:13.1697160+07:00,2026/09/01 14:22:13.664, NVIDIA GeForce RTX 5060, 591.86, P8, 28, 1, 1016, 8151, 9.25, 145.00, 427, 405, 1, 8
2026-09-01T14:22:18.8848357+07:00,2026/09/01 14:22:19.331, NVIDIA GeForce RTX 5060, 591.86, P8, 28, 0, 1027, 8151, 8.88, 145.00, 255, 405, 1, 8
2026-09-01T14:22:24.4186729+07:00,2026/09/01 14:22:25.253, NVIDIA GeForce RTX 5060, 591.86, P8, 28, 0, 1016, 8151, 8.96, 145.00, 262, 405, 1, 8
2026-09-01T14:22:30.4276895+07:00,2026/09/01 14:22:31.229, NVIDIA GeForce RTX 5060, 591.86, P8, 28, 0, 1016, 8151, 8.96, 145.00, 255, 405, 1, 8
2026-09-01T14:22:36.2481559+07:00,2026/09/01 14:22:36.557, NVIDIA GeForce RTX 5060, 591.86, P8, 28, 0, 1016, 8151, 8.84, 145.00, 255, 405, 1, 8
2026-09-01T14:22:41.5924663+07:00,2026/09/01 14:22:42.163, NVIDIA GeForce RTX 5060, 591.86, P8, 28, 0, 1016, 8151, 8.82, 145.00, 255, 405, 1, 8
2026-09-01T14:22:47.2622686+07:00,2026/09/01 14:22:47.724, NVIDIA GeForce RTX 5060, 591.86, P8, 28, 0, 1016, 8151, 8.79, 145.00, 255, 405, 1, 8
2026-09-01T14:22:52.8191939+07:00,2026/09/01 14:22:53.219, NVIDIA GeForce RTX 5060, 591.86, P8, 28, 0, 1016, 8151, 8.91, 145.00, 292, 405, 1, 8
2026-09-01T14:22:58.2895043+07:00,2026/09/01 14:22:58.445, NVIDIA GeForce RTX 5060, 591.86, P8, 28, 0, 1016, 8151, 8.83, 145.00, 255, 405, 1, 8
2026-09-01T14:23:03.4757903+07:00,2026/09/01 14:23:03.646, NVIDIA GeForce RTX 5060, 591.86, P8, 28, 0, 1016, 8151, 8.76, 145.00, 262, 405, 1, 8
2026-09-01T14:23:08.6944607+07:00,2026/09/01 14:23:08.802, NVIDIA GeForce RTX 5060, 591.86, P8, 28, 0, 1016, 8151, 8.69, 145.00, 262, 405, 1, 8
2026-09-01T14:23:13.8341787+07:00,2026/09/01 14:23:14.144, NVIDIA GeForce RTX 5060, 591.86, P8, 28, 0, 1016, 8151, 8.68, 145.00, 255, 405, 1, 8
2026-09-01T14:23:19.2069114+07:00,2026/09/01 14:23:19.345, NVIDIA GeForce RTX 5060, 591.86, P8, 28, 0, 1016, 8151, 8.65, 145.00, 247, 405, 1, 8
2026-09-01T14:23:24.4252883+07:00,2026/09/01 14:23:24.580, NVIDIA GeForce RTX 5060, 591.86, P8, 28, 0, 1016, 8151, 8.72, 145.00, 255, 405, 1, 8
2026-09-01T14:23:29.5942748+07:00,2026/09/01 14:23:29.826, NVIDIA GeForce RTX 5060, 591.86, P8, 28, 0, 1016, 8151, 8.67, 145.00, 255, 405, 1, 8
2026-09-01T14:23:34.8574275+07:00,2026/09/01 14:23:35.027, NVIDIA GeForce RTX 5060, 591.86, P8, 28, 1, 1073, 8151, 9.03, 145.00, 352, 405, 1, 8
2026-09-01T14:23:40.0717104+07:00,2026/09/01 14:23:40.242, NVIDIA GeForce RTX 5060, 591.86, P8, 28, 0, 1019, 8151, 8.75, 145.00, 255, 405, 1, 8
2026-09-01T14:23:45.2859637+07:00,2026/09/01 14:23:45.440, NVIDIA GeForce RTX 5060, 591.86, P8, 28, 0, 1019, 8151, 8.76, 145.00, 255, 405, 1, 8
2026-09-01T14:23:50.4839083+07:00,2026/09/01 14:23:50.576, NVIDIA GeForce RTX 5060, 591.86, P8, 28, 0, 1019, 8151, 8.56, 145.00, 277, 405, 1, 8
2026-09-01T14:23:55.7025082+07:00,2026/09/01 14:23:55.779, NVIDIA GeForce RTX 5060, 591.86, P8, 28, 0, 1019, 8151, 8.73, 145.00, 285, 405, 1, 8
2026-09-01T14:24:00.8114201+07:00,2026/09/01 14:24:01.027, NVIDIA GeForce RTX 5060, 591.86, P8, 28, 0, 1019, 8151, 8.62, 145.00, 285, 405, 1, 8
2026-09-01T14:24:06.0715196+07:00,2026/09/01 14:24:06.210, NVIDIA GeForce RTX 5060, 591.86, P8, 28, 0, 1016, 8151, 8.69, 145.00, 255, 405, 1, 8
2026-09-01T14:24:11.2287697+07:00,2026/09/01 14:24:11.492, NVIDIA GeForce RTX 5060, 591.86, P8, 28, 0, 1016, 8151, 8.54, 145.00, 255, 405, 1, 8
2026-09-01T14:24:16.5097502+07:00,2026/09/01 14:24:16.634, NVIDIA GeForce RTX 5060, 591.86, P8, 28, 0, 1016, 8151, 8.58, 145.00, 255, 405, 1, 8
2026-09-01T14:24:21.6521065+07:00,2026/09/01 14:24:21.806, NVIDIA GeForce RTX 5060, 591.86, P8, 28, 0, 1016, 8151, 8.63, 145.00, 255, 405, 1, 8
2026-09-01T14:24:26.9186418+07:00,2026/09/01 14:24:26.949, NVIDIA GeForce RTX 5060, 591.86, P8, 28, 0, 1016, 8151, 8.83, 145.00, 277, 405, 1, 8
2026-09-01T14:24:31.9621719+07:00,2026/09/01 14:24:31.991, NVIDIA GeForce RTX 5060, 591.86, P8, 28, 0, 1016, 8151, 8.83, 145.00, 255, 405, 1, 8
2026-09-01T14:24:37.0099470+07:00,2026/09/01 14:24:37.040, NVIDIA GeForce RTX 5060, 591.86, P8, 28, 0, 1016, 8151, 8.64, 145.00, 255, 405, 1, 8
2026-09-01T14:24:42.0584813+07:00,2026/09/01 14:24:42.089, NVIDIA GeForce RTX 5060, 591.86, P8, 28, 0, 1016, 8151, 8.60, 145.00, 262, 405, 1, 8
2026-09-01T14:24:47.1059500+07:00,2026/09/01 14:24:47.136, NVIDIA GeForce RTX 5060, 591.86, P8, 28, 0, 1016, 8151, 8.61, 145.00, 255, 405, 1, 8
2026-09-01T14:24:52.1581724+07:00,2026/09/01 14:24:52.189, NVIDIA GeForce RTX 5060, 591.86, P8, 28, 0, 1016, 8151, 8.79, 145.00, 255, 405, 1, 8
2026-09-01T14:24:57.2807459+07:00,2026/09/01 14:24:57.466, NVIDIA GeForce RTX 5060, 591.86, P8, 28, 0, 1016, 8151, 8.78, 145.00, 262, 405, 1, 8
2026-09-01T14:25:02.5122350+07:00,2026/09/01 14:25:02.697, NVIDIA GeForce RTX 5060, 591.86, P8, 28, 0, 1016, 8151, 8.72, 145.00, 262, 405, 1, 8
2026-09-01T14:25:07.7457416+07:00,2026/09/01 14:25:07.776, NVIDIA GeForce RTX 5060, 591.86, P8, 28, 0, 1016, 8151, 8.57, 145.00, 285, 405, 1, 8
2026-09-01T14:25:12.7985440+07:00,2026/09/01 14:25:12.829, NVIDIA GeForce RTX 5060, 591.86, P8, 28, 0, 1016, 8151, 8.65, 145.00, 255, 405, 1, 8
2026-09-01T14:25:17.8483432+07:00,2026/09/01 14:25:17.987, NVIDIA GeForce RTX 5060, 591.86, P8, 28, 0, 1016, 8151, 8.86, 145.00, 285, 405, 1, 8
2026-09-01T14:25:23.0167051+07:00,2026/09/01 14:25:23.078, NVIDIA GeForce RTX 5060, 591.86, P8, 28, 0, 1016, 8151, 8.82, 145.00, 247, 405, 1, 8
2026-09-01T14:25:28.1737560+07:00,2026/09/01 14:25:28.204, NVIDIA GeForce RTX 5060, 591.86, P8, 28, 0, 1016, 8151, 8.75, 145.00, 255, 405, 1, 8
2026-09-01T14:25:33.2204087+07:00,2026/09/01 14:25:33.251, NVIDIA GeForce RTX 5060, 591.86, P8, 28, 0, 1016, 8151, 8.81, 145.00, 262, 405, 1, 8
2026-09-01T14:25:38.2648685+07:00,2026/09/01 14:25:38.295, NVIDIA GeForce RTX 5060, 591.86, P8, 28, 0, 1016, 8151, 8.82, 145.00, 262, 405, 1, 8
2026-09-01T14:25:43.3091704+07:00,2026/09/01 14:25:43.526, NVIDIA GeForce RTX 5060, 591.86, P8, 28, 0, 1016, 8151, 8.78, 145.00, 262, 405, 1, 8
2026-09-01T14:25:48.5783037+07:00,2026/09/01 14:25:48.687, NVIDIA GeForce RTX 5060, 591.86, P8, 28, 0, 1016, 8151, 8.59, 145.00, 285, 405, 1, 8
2026-09-01T14:25:53.7176289+07:00,2026/09/01 14:25:53.748, NVIDIA GeForce RTX 5060, 591.86, P8, 28, 0, 1016, 8151, 8.66, 145.00, 255, 405, 1, 8
2026-09-01T14:25:58.8402056+07:00,2026/09/01 14:25:58.978, NVIDIA GeForce RTX 5060, 591.86, P8, 28, 0, 1016, 8151, 8.62, 145.00, 262, 405, 1, 8
2026-09-01T14:26:04.0114547+07:00,2026/09/01 14:26:04.038, NVIDIA GeForce RTX 5060, 591.86, P8, 28, 0, 1016, 8151, 8.60, 145.00, 262, 405, 1, 8
2026-09-01T14:26:09.0503109+07:00,2026/09/01 14:26:09.096, NVIDIA GeForce RTX 5060, 591.86, P8, 28, 0, 1016, 8151, 8.56, 145.00, 262, 405, 1, 8
2026-09-01T14:26:14.1251277+07:00,2026/09/01 14:26:14.156, NVIDIA GeForce RTX 5060, 591.86, P8, 28, 0, 1016, 8151, 8.61, 145.00, 262, 405, 1, 8
2026-09-01T14:26:19.1734748+07:00,2026/09/01 14:26:19.235, NVIDIA GeForce RTX 5060, 591.86, P8, 28, 0, 1016, 8151, 8.67, 145.00, 262, 405, 1, 8
2026-09-01T14:26:24.2479490+07:00,2026/09/01 14:26:24.278, NVIDIA GeForce RTX 5060, 591.86, P8, 28, 0, 1016, 8151, 8.65, 145.00, 262, 405, 1, 8
2026-09-01T14:26:29.3665715+07:00,2026/09/01 14:26:29.412, NVIDIA GeForce RTX 5060, 591.86, P8, 28, 0, 1016, 8151, 8.68, 145.00, 270, 405, 1, 8
2026-09-01T14:26:34.4274413+07:00,2026/09/01 14:26:34.458, NVIDIA GeForce RTX 5060, 591.86, P8, 28, 0, 1016, 8151, 8.61, 145.00, 255, 405, 1, 8
2026-09-01T14:26:39.4870544+07:00,2026/09/01 14:26:39.518, NVIDIA GeForce RTX 5060, 591.86, P8, 28, 0, 1016, 8151, 8.65, 145.00, 262, 405, 1, 8
2026-09-01T14:26:44.5350478+07:00,2026/09/01 14:26:44.566, NVIDIA GeForce RTX 5060, 591.86, P8, 28, 0, 1016, 8151, 8.68, 145.00, 255, 405, 1, 8
2026-09-01T14:26:49.5965731+07:00,2026/09/01 14:26:49.627, NVIDIA GeForce RTX 5060, 591.86, P8, 28, 0, 1016, 8151, 8.63, 145.00, 262, 405, 1, 8
2026-09-01T14:26:54.6566616+07:00,2026/09/01 14:26:54.764, NVIDIA GeForce RTX 5060, 591.86, P8, 28, 0, 1016, 8151, 8.68, 145.00, 262, 405, 1, 8
2026-09-01T14:26:59.8758800+07:00,2026/09/01 14:26:59.922, NVIDIA GeForce RTX 5060, 591.86, P8, 28, 0, 1016, 8151, 8.51, 145.00, 262, 405, 1, 8
2026-09-01T14:27:04.9524587+07:00,2026/09/01 14:27:05.029, NVIDIA GeForce RTX 5060, 591.86, P8, 28, 0, 1016, 8151, 8.50, 145.00, 262, 405, 1, 8
2026-09-01T14:27:10.0632258+07:00,2026/09/01 14:27:10.109, NVIDIA GeForce RTX 5060, 591.86, P8, 28, 0, 1016, 8151, 8.72, 145.00, 262, 405, 1, 8
2026-09-01T14:27:15.1257487+07:00,2026/09/01 14:27:15.187, NVIDIA GeForce RTX 5060, 591.86, P8, 28, 0, 1016, 8151, 8.67, 145.00, 255, 405, 1, 8
2026-09-01T14:27:20.2132137+07:00,2026/09/01 14:27:20.244, NVIDIA GeForce RTX 5060, 591.86, P8, 28, 0, 1016, 8151, 8.59, 145.00, 255, 405, 1, 8
2026-09-01T14:27:25.2707729+07:00,2026/09/01 14:27:25.301, NVIDIA GeForce RTX 5060, 591.86, P8, 28, 0, 1016, 8151, 8.65, 145.00, 262, 405, 1, 8
2026-09-01T14:27:30.3916111+07:00,2026/09/01 14:27:30.423, NVIDIA GeForce RTX 5060, 591.86, P8, 28, 0, 1016, 8151, 8.72, 145.00, 262, 405, 1, 8
2026-09-01T14:27:35.4410913+07:00,2026/09/01 14:27:35.472, NVIDIA GeForce RTX 5060, 591.86, P8, 28, 0, 1016, 8151, 8.66, 145.00, 262, 405, 1, 8
2026-09-01T14:27:40.4891571+07:00,2026/09/01 14:27:40.567, NVIDIA GeForce RTX 5060, 591.86, P8, 28, 0, 1016, 8151, 8.73, 145.00, 255, 405, 1, 8
2026-09-01T14:27:45.6140158+07:00,2026/09/01 14:27:45.660, NVIDIA GeForce RTX 5060, 591.86, P8, 28, 0, 1016, 8151, 8.49, 145.00, 255, 405, 1, 8
2026-09-01T14:27:50.6886634+07:00,2026/09/01 14:27:50.750, NVIDIA GeForce RTX 5060, 591.86, P8, 28, 0, 1016, 8151, 8.53, 145.00, 262, 405, 1, 8
2026-09-01T14:27:55.7622396+07:00,2026/09/01 14:27:55.808, NVIDIA GeForce RTX 5060, 591.86, P8, 28, 0, 1016, 8151, 8.48, 145.00, 270, 405, 1, 8
2026-09-01T14:28:00.9160209+07:00,2026/09/01 14:28:00.977, NVIDIA GeForce RTX 5060, 591.86, P8, 28, 0, 1016, 8151, 8.64, 145.00, 262, 405, 1, 8
2026-09-01T14:28:06.0063883+07:00,2026/09/01 14:28:06.052, NVIDIA GeForce RTX 5060, 591.86, P8, 28, 0, 1016, 8151, 8.62, 145.00, 262, 405, 1, 8
2026-09-01T14:28:11.0807488+07:00,2026/09/01 14:28:11.142, NVIDIA GeForce RTX 5060, 591.86, P8, 28, 0, 1016, 8151, 8.75, 145.00, 255, 405, 1, 8
2026-09-01T14:28:16.1730006+07:00,2026/09/01 14:28:16.203, NVIDIA GeForce RTX 5060, 591.86, P8, 28, 0, 1016, 8151, 8.63, 145.00, 262, 405, 1, 8
2026-09-01T14:28:21.2204953+07:00,2026/09/01 14:28:21.283, NVIDIA GeForce RTX 5060, 591.86, P8, 28, 0, 1016, 8151, 8.56, 145.00, 262, 405, 1, 8
2026-09-01T14:28:26.3113149+07:00,2026/09/01 14:28:26.357, NVIDIA GeForce RTX 5060, 591.86, P8, 28, 0, 1016, 8151, 8.75, 145.00, 255, 405, 1, 8
2026-09-01T14:28:31.4519784+07:00,2026/09/01 14:28:31.513, NVIDIA GeForce RTX 5060, 591.86, P8, 28, 0, 1016, 8151, 8.73, 145.00, 262, 405, 1, 8
2026-09-01T14:28:36.5307040+07:00,2026/09/01 14:28:36.592, NVIDIA GeForce RTX 5060, 591.86, P8, 28, 0, 1016, 8151, 8.73, 145.00, 255, 405, 1, 8
2026-09-01T14:28:41.6207506+07:00,2026/09/01 14:28:41.651, NVIDIA GeForce RTX 5060, 591.86, P8, 28, 0, 1016, 8151, 8.62, 145.00, 262, 405, 1, 8
2026-09-01T14:28:46.6672198+07:00,2026/09/01 14:28:46.729, NVIDIA GeForce RTX 5060, 591.86, P8, 28, 0, 1016, 8151, 8.74, 145.00, 262, 405, 1, 8
2026-09-01T14:28:51.7752190+07:00,2026/09/01 14:28:51.806, NVIDIA GeForce RTX 5060, 591.86, P8, 28, 0, 1016, 8151, 8.83, 145.00, 255, 405, 1, 8
2026-09-01T14:28:56.8257743+07:00,2026/09/01 14:28:56.887, NVIDIA GeForce RTX 5060, 591.86, P8, 28, 0, 1016, 8151, 8.74, 145.00, 255, 405, 1, 8
2026-09-01T14:29:01.9837750+07:00,2026/09/01 14:29:02.029, NVIDIA GeForce RTX 5060, 591.86, P8, 28, 0, 1016, 8151, 8.71, 145.00, 255, 405, 1, 8
2026-09-01T14:29:07.0580957+07:00,2026/09/01 14:29:07.104, NVIDIA GeForce RTX 5060, 591.86, P8, 28, 0, 1016, 8151, 8.77, 145.00, 255, 405, 1, 8
2026-09-01T14:29:12.1306065+07:00,2026/09/01 14:29:12.223, NVIDIA GeForce RTX 5060, 591.86, P8, 28, 0, 1016, 8151, 8.70, 145.00, 255, 405, 1, 8
2026-09-01T14:29:17.2695030+07:00,2026/09/01 14:29:17.330, NVIDIA GeForce RTX 5060, 591.86, P8, 28, 0, 1016, 8151, 8.65, 145.00, 262, 405, 1, 8
2026-09-01T14:29:22.3639066+07:00,2026/09/01 14:29:22.487, NVIDIA GeForce RTX 5060, 591.86, P8, 28, 0, 1016, 8151, 8.56, 145.00, 255, 405, 1, 8
2026-09-01T14:29:27.5075560+07:00,2026/09/01 14:29:27.551, NVIDIA GeForce RTX 5060, 591.86, P8, 28, 0, 1016, 8151, 8.48, 145.00, 255, 405, 1, 8
2026-09-01T14:29:32.6323612+07:00,2026/09/01 14:29:32.663, NVIDIA GeForce RTX 5060, 591.86, P8, 28, 1, 1027, 8151, 9.06, 145.00, 427, 405, 1, 8
2026-09-01T14:29:37.6820550+07:00,2026/09/01 14:29:37.713, NVIDIA GeForce RTX 5060, 591.86, P8, 28, 0, 1016, 8151, 8.67, 145.00, 262, 405, 1, 8
2026-09-01T14:29:42.7264417+07:00,2026/09/01 14:29:42.773, NVIDIA GeForce RTX 5060, 591.86, P8, 28, 0, 1016, 8151, 8.89, 145.00, 255, 405, 1, 8
2026-09-01T14:29:47.7939990+07:00,2026/09/01 14:29:47.825, NVIDIA GeForce RTX 5060, 591.86, P8, 28, 0, 1016, 8151, 8.65, 145.00, 255, 405, 1, 8
2026-09-01T14:29:52.8452131+07:00,2026/09/01 14:29:52.876, NVIDIA GeForce RTX 5060, 591.86, P8, 28, 0, 1016, 8151, 8.70, 145.00, 255, 405, 1, 8
2026-09-01T14:29:57.8987266+07:00,2026/09/01 14:29:57.927, NVIDIA GeForce RTX 5060, 591.86, P8, 28, 0, 1016, 8151, 8.71, 145.00, 255, 405, 1, 8
2026-09-01T14:30:03.0228084+07:00,2026/09/01 14:30:03.053, NVIDIA GeForce RTX 5060, 591.86, P8, 28, 0, 1016, 8151, 8.69, 145.00, 262, 405, 1, 8
2026-09-01T14:30:08.0798402+07:00,2026/09/01 14:30:08.110, NVIDIA GeForce RTX 5060, 591.86, P8, 28, 0, 1016, 8151, 8.74, 145.00, 262, 405, 1, 8
2026-09-01T14:30:13.1282860+07:00,2026/09/01 14:30:13.159, NVIDIA GeForce RTX 5060, 591.86, P8, 28, 0, 1016, 8151, 8.80, 145.00, 262, 405, 1, 8
2026-09-01T14:30:18.1755990+07:00,2026/09/01 14:30:18.206, NVIDIA GeForce RTX 5060, 591.86, P8, 28, 0, 1016, 8151, 8.81, 145.00, 262, 405, 1, 8
2026-09-01T14:30:23.2223960+07:00,2026/09/01 14:30:23.253, NVIDIA GeForce RTX 5060, 591.86, P8, 28, 0, 1016, 8151, 8.66, 145.00, 255, 405, 1, 8
2026-09-01T14:30:28.2686552+07:00,2026/09/01 14:30:28.299, NVIDIA GeForce RTX 5060, 591.86, P8, 28, 0, 1016, 8151, 8.91, 145.00, 255, 405, 1, 8
2026-09-01T14:30:33.4393705+07:00,2026/09/01 14:30:33.485, NVIDIA GeForce RTX 5060, 591.86, P8, 28, 0, 1016, 8151, 8.80, 145.00, 262, 405, 1, 8
2026-09-01T14:30:38.5003086+07:00,2026/09/01 14:30:38.546, NVIDIA GeForce RTX 5060, 591.86, P8, 28, 0, 1016, 8151, 8.69, 145.00, 255, 405, 1, 8
2026-09-01T14:30:43.5633805+07:00,2026/09/01 14:30:43.609, NVIDIA GeForce RTX 5060, 591.86, P8, 28, 0, 1016, 8151, 8.75, 145.00, 255, 405, 1, 8
2026-09-01T14:30:48.6291240+07:00,2026/09/01 14:30:48.660, NVIDIA GeForce RTX 5060, 591.86, P8, 28, 0, 1016, 8151, 8.56, 145.00, 255, 405, 1, 8
2026-09-01T14:30:53.6770461+07:00,2026/09/01 14:30:53.707, NVIDIA GeForce RTX 5060, 591.86, P8, 28, 0, 1016, 8151, 8.65, 145.00, 262, 405, 1, 8
2026-09-01T14:30:58.7232626+07:00,2026/09/01 14:30:58.800, NVIDIA GeForce RTX 5060, 591.86, P8, 28, 0, 1016, 8151, 8.59, 145.00, 247, 405, 1, 8
2026-09-01T14:31:03.9080362+07:00,2026/09/01 14:31:04.031, NVIDIA GeForce RTX 5060, 591.86, P8, 28, 0, 1016, 8151, 8.91, 145.00, 255, 405, 1, 8
2026-09-01T14:31:09.0510089+07:00,2026/09/01 14:31:09.174, NVIDIA GeForce RTX 5060, 591.86, P8, 28, 0, 1016, 8151, 8.81, 145.00, 255, 405, 1, 8
2026-09-01T14:31:14.3017509+07:00,2026/09/01 14:31:14.518, NVIDIA GeForce RTX 5060, 591.86, P8, 28, 0, 1016, 8151, 8.81, 145.00, 255, 405, 1, 8
2026-09-01T14:31:19.5377784+07:00,2026/09/01 14:31:19.738, NVIDIA GeForce RTX 5060, 591.86, P8, 28, 0, 1016, 8151, 8.74, 145.00, 262, 405, 1, 8
2026-09-01T14:31:24.7571100+07:00,2026/09/01 14:31:24.881, NVIDIA GeForce RTX 5060, 591.86, P8, 28, 0, 1016, 8151, 8.73, 145.00, 262, 405, 1, 8
2026-09-01T14:31:29.9126131+07:00,2026/09/01 14:31:29.943, NVIDIA GeForce RTX 5060, 591.86, P8, 28, 0, 1016, 8151, 8.74, 145.00, 255, 405, 1, 8
2026-09-01T14:31:35.0355245+07:00,2026/09/01 14:31:35.066, NVIDIA GeForce RTX 5060, 591.86, P8, 28, 0, 1016, 8151, 8.64, 145.00, 262, 405, 1, 8
2026-09-01T14:31:40.0961438+07:00,2026/09/01 14:31:40.126, NVIDIA GeForce RTX 5060, 591.86, P8, 28, 0, 1016, 8151, 8.59, 145.00, 262, 405, 1, 8
2026-09-01T14:31:45.1386474+07:00,2026/09/01 14:31:45.169, NVIDIA GeForce RTX 5060, 591.86, P8, 28, 0, 1016, 8151, 8.75, 145.00, 262, 405, 1, 8
2026-09-01T14:31:50.1992833+07:00,2026/09/01 14:31:50.230, NVIDIA GeForce RTX 5060, 591.86, P8, 28, 0, 1016, 8151, 8.65, 145.00, 255, 405, 1, 8
2026-09-01T14:31:55.2566886+07:00,2026/09/01 14:31:55.326, NVIDIA GeForce RTX 5060, 591.86, P8, 28, 0, 1016, 8151, 8.64, 145.00, 262, 405, 1, 8
2026-09-01T14:32:00.3471619+07:00,2026/09/01 14:32:00.393, NVIDIA GeForce RTX 5060, 591.86, P8, 28, 0, 1016, 8151, 8.63, 145.00, 262, 405, 1, 8
2026-09-01T14:32:05.5122041+07:00,2026/09/01 14:32:05.589, NVIDIA GeForce RTX 5060, 591.86, P8, 28, 0, 1016, 8151, 8.74, 145.00, 262, 405, 1, 8
2026-09-01T14:32:10.6061840+07:00,2026/09/01 14:32:10.698, NVIDIA GeForce RTX 5060, 591.86, P8, 28, 0, 1016, 8151, 8.81, 145.00, 262, 405, 1, 8
2026-09-01T14:32:15.7291548+07:00,2026/09/01 14:32:15.805, NVIDIA GeForce RTX 5060, 591.86, P8, 28, 0, 1016, 8151, 8.80, 145.00, 255, 405, 1, 8
2026-09-01T14:32:20.8319844+07:00,2026/09/01 14:32:20.940, NVIDIA GeForce RTX 5060, 591.86, P8, 28, 0, 1016, 8151, 8.69, 145.00, 262, 405, 1, 8
2026-09-01T14:32:25.9848188+07:00,2026/09/01 14:32:26.062, NVIDIA GeForce RTX 5060, 591.86, P8, 28, 0, 1016, 8151, 8.64, 145.00, 262, 405, 1, 8
2026-09-01T14:32:31.0914662+07:00,2026/09/01 14:32:31.168, NVIDIA GeForce RTX 5060, 591.86, P8, 28, 0, 1016, 8151, 8.86, 145.00, 262, 405, 1, 8
2026-09-01T14:32:36.2897400+07:00,2026/09/01 14:32:36.320, NVIDIA GeForce RTX 5060, 591.86, P8, 28, 0, 1016, 8151, 8.73, 145.00, 262, 405, 1, 8
2026-09-01T14:32:41.3336197+07:00,2026/09/01 14:32:41.410, NVIDIA GeForce RTX 5060, 591.86, P8, 28, 0, 1016, 8151, 8.60, 145.00, 262, 405, 1, 8
2026-09-01T14:32:46.4364850+07:00,2026/09/01 14:32:46.466, NVIDIA GeForce RTX 5060, 591.86, P8, 28, 0, 1016, 8151, 8.55, 145.00, 262, 405, 1, 8
2026-09-01T14:32:51.4775746+07:00,2026/09/01 14:32:51.524, NVIDIA GeForce RTX 5060, 591.86, P8, 28, 0, 1016, 8151, 8.63, 145.00, 262, 405, 1, 8
2026-09-01T14:32:56.5531099+07:00,2026/09/01 14:32:56.630, NVIDIA GeForce RTX 5060, 591.86, P8, 28, 0, 1016, 8151, 8.63, 145.00, 262, 405, 1, 8
2026-09-01T14:33:01.6619038+07:00,2026/09/01 14:33:01.894, NVIDIA GeForce RTX 5060, 591.86, P8, 28, 0, 1016, 8151, 8.58, 145.00, 262, 405, 1, 8
2026-09-01T14:33:07.0045092+07:00,2026/09/01 14:33:07.251, NVIDIA GeForce RTX 5060, 591.86, P8, 28, 0, 1016, 8151, 8.64, 145.00, 262, 405, 1, 8
2026-09-01T14:33:12.2678838+07:00,2026/09/01 14:33:12.392, NVIDIA GeForce RTX 5060, 591.86, P8, 28, 0, 1016, 8151, 8.67, 145.00, 255, 405, 1, 8
2026-09-01T14:33:17.4214614+07:00,2026/09/01 14:33:17.483, NVIDIA GeForce RTX 5060, 591.86, P8, 28, 0, 1016, 8151, 8.76, 145.00, 255, 405, 1, 8
2026-09-01T14:33:22.4974630+07:00,2026/09/01 14:33:22.683, NVIDIA GeForce RTX 5060, 591.86, P8, 28, 0, 1016, 8151, 8.67, 145.00, 262, 405, 1, 8
2026-09-01T14:33:27.6980850+07:00,2026/09/01 14:33:27.729, NVIDIA GeForce RTX 5060, 591.86, P8, 28, 0, 1016, 8151, 8.69, 145.00, 262, 405, 1, 8
2026-09-01T14:33:32.7461880+07:00,2026/09/01 14:33:32.947, NVIDIA GeForce RTX 5060, 591.86, P8, 28, 0, 1016, 8151, 8.57, 145.00, 262, 405, 1, 8
2026-09-01T14:33:38.0535337+07:00,2026/09/01 14:33:38.084, NVIDIA GeForce RTX 5060, 591.86, P8, 28, 0, 1016, 8151, 8.71, 145.00, 262, 405, 1, 8
2026-09-01T14:33:43.1040093+07:00,2026/09/01 14:33:43.135, NVIDIA GeForce RTX 5060, 591.86, P8, 28, 0, 1016, 8151, 8.76, 145.00, 262, 405, 1, 8
2026-09-01T14:33:48.1530430+07:00,2026/09/01 14:33:48.184, NVIDIA GeForce RTX 5060, 591.86, P8, 28, 0, 1016, 8151, 8.71, 145.00, 255, 405, 1, 8
2026-09-01T14:33:53.2023768+07:00,2026/09/01 14:33:53.233, NVIDIA GeForce RTX 5060, 591.86, P8, 28, 0, 1016, 8151, 8.65, 145.00, 262, 405, 1, 8
2026-09-01T14:33:58.2503700+07:00,2026/09/01 14:33:58.296, NVIDIA GeForce RTX 5060, 591.86, P8, 28, 0, 1016, 8151, 8.77, 145.00, 262, 405, 1, 8
2026-09-01T14:34:03.3140879+07:00,2026/09/01 14:34:03.344, NVIDIA GeForce RTX 5060, 591.86, P8, 28, 0, 1016, 8151, 8.68, 145.00, 262, 405, 1, 8
2026-09-01T14:34:08.4668238+07:00,2026/09/01 14:34:08.513, NVIDIA GeForce RTX 5060, 591.86, P8, 28, 0, 1016, 8151, 8.73, 145.00, 262, 405, 1, 8
2026-09-01T14:34:13.5314402+07:00,2026/09/01 14:34:13.562, NVIDIA GeForce RTX 5060, 591.86, P8, 28, 0, 1016, 8151, 8.78, 145.00, 285, 405, 1, 8
2026-09-01T14:34:18.5744040+07:00,2026/09/01 14:34:18.605, NVIDIA GeForce RTX 5060, 591.86, P8, 28, 0, 1016, 8151, 8.83, 145.00, 262, 405, 1, 8
2026-09-01T14:34:23.6155591+07:00,2026/09/01 14:34:23.646, NVIDIA GeForce RTX 5060, 591.86, P8, 28, 0, 1016, 8151, 8.92, 145.00, 262, 405, 1, 8
2026-09-01T14:34:28.6558149+07:00,2026/09/01 14:34:28.686, NVIDIA GeForce RTX 5060, 591.86, P8, 28, 0, 1016, 8151, 8.90, 145.00, 255, 405, 1, 8
2026-09-01T14:34:33.7056052+07:00,2026/09/01 14:34:33.736, NVIDIA GeForce RTX 5060, 591.86, P8, 28, 0, 1016, 8151, 8.84, 145.00, 262, 405, 1, 8
2026-09-01T14:34:38.8080325+07:00,2026/09/01 14:34:38.838, NVIDIA GeForce RTX 5060, 591.86, P8, 28, 0, 1016, 8151, 8.87, 145.00, 285, 405, 1, 8
2026-09-01T14:34:43.8533190+07:00,2026/09/01 14:34:43.884, NVIDIA GeForce RTX 5060, 591.86, P8, 28, 0, 1016, 8151, 8.82, 145.00, 285, 405, 1, 8
2026-09-01T14:34:48.8984314+07:00,2026/09/01 14:34:48.929, NVIDIA GeForce RTX 5060, 591.86, P8, 28, 0, 1016, 8151, 8.78, 145.00, 285, 405, 1, 8
2026-09-01T14:34:53.9414121+07:00,2026/09/01 14:34:53.972, NVIDIA GeForce RTX 5060, 591.86, P8, 28, 0, 1016, 8151, 8.76, 145.00, 270, 405, 1, 8
2026-09-01T14:34:58.9886215+07:00,2026/09/01 14:34:59.019, NVIDIA GeForce RTX 5060, 591.86, P8, 28, 0, 1016, 8151, 8.78, 145.00, 285, 405, 1, 8
2026-09-01T14:35:04.0381958+07:00,2026/09/01 14:35:04.069, NVIDIA GeForce RTX 5060, 591.86, P8, 28, 0, 1016, 8151, 8.84, 145.00, 285, 405, 1, 8
2026-09-01T14:35:09.1607274+07:00,2026/09/01 14:35:09.191, NVIDIA GeForce RTX 5060, 591.86, P8, 28, 0, 1016, 8151, 8.75, 145.00, 285, 405, 1, 8
2026-09-01T14:35:14.2080912+07:00,2026/09/01 14:35:14.239, NVIDIA GeForce RTX 5060, 591.86, P8, 28, 0, 1016, 8151, 9.02, 145.00, 285, 405, 1, 8
2026-09-01T14:35:19.2550487+07:00,2026/09/01 14:35:19.285, NVIDIA GeForce RTX 5060, 591.86, P8, 28, 0, 1016, 8151, 8.93, 145.00, 270, 405, 1, 8
2026-09-01T14:35:24.3032470+07:00,2026/09/01 14:35:24.396, NVIDIA GeForce RTX 5060, 591.86, P8, 28, 0, 1016, 8151, 8.90, 145.00, 285, 405, 1, 8
2026-09-01T14:35:29.4143239+07:00,2026/09/01 14:35:29.445, NVIDIA GeForce RTX 5060, 591.86, P8, 28, 0, 1016, 8151, 8.98, 145.00, 285, 405, 1, 8
2026-09-01T14:35:34.4624895+07:00,2026/09/01 14:35:34.663, NVIDIA GeForce RTX 5060, 591.86, P8, 28, 0, 1016, 8151, 8.86, 145.00, 285, 405, 1, 8
2026-09-01T14:35:39.7611536+07:00,2026/09/01 14:35:39.853, NVIDIA GeForce RTX 5060, 591.86, P8, 28, 0, 1016, 8151, 8.98, 145.00, 285, 405, 1, 8
2026-09-01T14:35:44.9007354+07:00,2026/09/01 14:35:45.117, NVIDIA GeForce RTX 5060, 591.86, P8, 28, 0, 1016, 8151, 8.83, 145.00, 285, 405, 1, 8
2026-09-01T14:35:50.1349425+07:00,2026/09/01 14:35:50.320, NVIDIA GeForce RTX 5060, 591.86, P8, 28, 0, 1016, 8151, 8.78, 145.00, 285, 405, 1, 8
2026-09-01T14:35:55.3525720+07:00,2026/09/01 14:35:55.538, NVIDIA GeForce RTX 5060, 591.86, P8, 28, 0, 1016, 8151, 8.85, 145.00, 285, 405, 1, 8
2026-09-01T14:36:00.5552519+07:00,2026/09/01 14:36:00.756, NVIDIA GeForce RTX 5060, 591.86, P8, 28, 0, 1016, 8151, 8.88, 145.00, 285, 405, 1, 8
2026-09-01T14:36:05.7725112+07:00,2026/09/01 14:36:05.912, NVIDIA GeForce RTX 5060, 591.86, P8, 28, 0, 1016, 8151, 8.76, 145.00, 285, 405, 1, 8
2026-09-01T14:36:11.0038843+07:00,2026/09/01 14:36:11.206, NVIDIA GeForce RTX 5060, 591.86, P8, 28, 0, 1016, 8151, 8.85, 145.00, 285, 405, 1, 8
2026-09-01T14:36:16.2696842+07:00,2026/09/01 14:36:16.424, NVIDIA GeForce RTX 5060, 591.86, P8, 28, 0, 1016, 8151, 8.76, 145.00, 285, 405, 1, 8
2026-09-01T14:36:21.4414176+07:00,2026/09/01 14:36:21.550, NVIDIA GeForce RTX 5060, 591.86, P8, 28, 0, 1025, 8151, 8.85, 145.00, 285, 405, 1, 8
2026-09-01T14:36:26.5957445+07:00,2026/09/01 14:36:27.119, NVIDIA GeForce RTX 5060, 591.86, P8, 28, 0, 1025, 8151, 8.96, 145.00, 285, 405, 1, 8
2026-09-01T14:36:32.2323585+07:00,2026/09/01 14:36:32.511, NVIDIA GeForce RTX 5060, 591.86, P8, 28, 0, 1025, 8151, 8.84, 145.00, 255, 405, 1, 8
2026-09-01T14:36:37.5867348+07:00,2026/09/01 14:36:37.803, NVIDIA GeForce RTX 5060, 591.86, P8, 28, 0, 1025, 8151, 8.93, 145.00, 255, 405, 1, 8
2026-09-01T14:36:42.9335436+07:00,2026/09/01 14:36:43.474, NVIDIA GeForce RTX 5060, 591.86, P8, 28, 0, 1025, 8151, 8.92, 145.00, 255, 405, 1, 8
2026-09-01T14:36:48.6173728+07:00,2026/09/01 14:36:49.048, NVIDIA GeForce RTX 5060, 591.86, P8, 28, 0, 1025, 8151, 8.98, 145.00, 255, 405, 1, 8
2026-09-01T14:36:54.2185113+07:00,2026/09/01 14:36:54.711, NVIDIA GeForce RTX 5060, 591.86, P8, 28, 0, 1025, 8151, 9.04, 145.00, 262, 405, 1, 8
2026-09-01T14:36:59.7593370+07:00,2026/09/01 14:37:00.176, NVIDIA GeForce RTX 5060, 591.86, P8, 28, 0, 1025, 8151, 8.95, 145.00, 262, 405, 1, 8
2026-09-01T14:37:05.2392475+07:00,2026/09/01 14:37:05.640, NVIDIA GeForce RTX 5060, 591.86, P8, 28, 0, 1025, 8151, 9.06, 145.00, 255, 405, 1, 8
2026-09-01T14:37:10.7476974+07:00,2026/09/01 14:37:11.164, NVIDIA GeForce RTX 5060, 591.86, P8, 28, 0, 1025, 8151, 9.03, 145.00, 255, 405, 1, 8
2026-09-01T14:37:16.2956202+07:00,2026/09/01 14:37:16.558, NVIDIA GeForce RTX 5060, 591.86, P8, 28, 0, 1025, 8151, 8.99, 145.00, 285, 405, 1, 8
2026-09-01T14:37:21.5733011+07:00,2026/09/01 14:37:21.866, NVIDIA GeForce RTX 5060, 591.86, P8, 28, 0, 1025, 8151, 9.01, 145.00, 255, 405, 1, 8
2026-09-01T14:37:26.9437668+07:00,2026/09/01 14:37:27.470, NVIDIA GeForce RTX 5060, 591.86, P8, 28, 0, 1025, 8151, 8.98, 145.00, 255, 405, 1, 8
2026-09-01T14:37:32.5320094+07:00,2026/09/01 14:37:32.748, NVIDIA GeForce RTX 5060, 591.86, P8, 28, 0, 1025, 8151, 8.96, 145.00, 285, 405, 1, 8
2026-09-01T14:37:37.7715563+07:00,2026/09/01 14:37:38.509, NVIDIA GeForce RTX 5060, 591.86, P8, 28, 0, 1025, 8151, 9.03, 145.00, 262, 405, 1, 8
2026-09-01T14:37:43.7113103+07:00,2026/09/01 14:37:43.741, NVIDIA GeForce RTX 5060, 591.86, P8, 28, 0, 1025, 8151, 9.07, 145.00, 255, 405, 1, 8
2026-09-01T14:37:48.8225781+07:00,2026/09/01 14:37:48.853, NVIDIA GeForce RTX 5060, 591.86, P8, 28, 0, 1025, 8151, 9.14, 145.00, 255, 405, 1, 8
2026-09-01T14:37:53.8732916+07:00,2026/09/01 14:37:53.904, NVIDIA GeForce RTX 5060, 591.86, P8, 28, 0, 1025, 8151, 9.12, 145.00, 262, 405, 1, 8
2026-09-01T14:37:58.9201195+07:00,2026/09/01 14:37:58.951, NVIDIA GeForce RTX 5060, 591.86, P8, 28, 0, 1025, 8151, 8.94, 145.00, 262, 405, 1, 8
2026-09-01T14:38:03.9666005+07:00,2026/09/01 14:38:03.997, NVIDIA GeForce RTX 5060, 591.86, P8, 28, 0, 1025, 8151, 9.01, 145.00, 262, 405, 1, 8
2026-09-01T14:38:09.0149997+07:00,2026/09/01 14:38:09.045, NVIDIA GeForce RTX 5060, 591.86, P8, 28, 0, 1025, 8151, 8.96, 145.00, 255, 405, 1, 8
2026-09-01T14:38:14.0589763+07:00,2026/09/01 14:38:14.089, NVIDIA GeForce RTX 5060, 591.86, P8, 28, 0, 1025, 8151, 8.93, 145.00, 255, 405, 1, 8
2026-09-01T14:38:19.1854253+07:00,2026/09/01 14:38:19.216, NVIDIA GeForce RTX 5060, 591.86, P8, 28, 0, 1025, 8151, 8.79, 145.00, 255, 405, 1, 8
2026-09-01T14:38:24.2347161+07:00,2026/09/01 14:38:24.280, NVIDIA GeForce RTX 5060, 591.86, P8, 28, 0, 1025, 8151, 8.81, 145.00, 262, 405, 1, 8
2026-09-01T14:38:29.2976976+07:00,2026/09/01 14:38:29.329, NVIDIA GeForce RTX 5060, 591.86, P8, 28, 0, 1025, 8151, 8.92, 145.00, 262, 405, 1, 8
2026-09-01T14:38:34.3449486+07:00,2026/09/01 14:38:34.375, NVIDIA GeForce RTX 5060, 591.86, P8, 28, 0, 1025, 8151, 8.90, 145.00, 255, 405, 1, 8
2026-09-01T14:38:39.3910141+07:00,2026/09/01 14:38:39.421, NVIDIA GeForce RTX 5060, 591.86, P8, 28, 0, 1025, 8151, 8.80, 145.00, 262, 405, 1, 8
2026-09-01T14:38:44.4392837+07:00,2026/09/01 14:38:44.470, NVIDIA GeForce RTX 5060, 591.86, P8, 28, 0, 1025, 8151, 8.96, 145.00, 255, 405, 1, 8
2026-09-01T14:38:49.5496550+07:00,2026/09/01 14:38:49.580, NVIDIA GeForce RTX 5060, 591.86, P8, 28, 0, 1025, 8151, 8.69, 145.00, 262, 405, 1, 8
2026-09-01T14:38:54.5967541+07:00,2026/09/01 14:38:54.627, NVIDIA GeForce RTX 5060, 591.86, P8, 28, 0, 1025, 8151, 8.87, 145.00, 262, 405, 1, 8
2026-09-01T14:38:59.6425068+07:00,2026/09/01 14:38:59.673, NVIDIA GeForce RTX 5060, 591.86, P8, 28, 0, 1025, 8151, 9.00, 145.00, 255, 405, 1, 8
2026-09-01T14:39:04.6874670+07:00,2026/09/01 14:39:04.718, NVIDIA GeForce RTX 5060, 591.86, P8, 28, 0, 1025, 8151, 8.83, 145.00, 255, 405, 1, 8
2026-09-01T14:39:09.7372044+07:00,2026/09/01 14:39:09.768, NVIDIA GeForce RTX 5060, 591.86, P8, 28, 0, 1025, 8151, 8.89, 145.00, 255, 405, 1, 8
2026-09-01T14:39:14.7865673+07:00,2026/09/01 14:39:14.832, NVIDIA GeForce RTX 5060, 591.86, P8, 28, 0, 1025, 8151, 8.85, 145.00, 285, 405, 1, 8
2026-09-01T14:39:19.9409928+07:00,2026/09/01 14:39:19.972, NVIDIA GeForce RTX 5060, 591.86, P8, 28, 0, 1025, 8151, 8.97, 145.00, 262, 405, 1, 8
2026-09-01T14:39:24.9889985+07:00,2026/09/01 14:39:25.020, NVIDIA GeForce RTX 5060, 591.86, P8, 28, 0, 1025, 8151, 8.78, 145.00, 262, 405, 1, 8
2026-09-01T14:39:30.0372994+07:00,2026/09/01 14:39:30.067, NVIDIA GeForce RTX 5060, 591.86, P8, 28, 0, 1025, 8151, 8.83, 145.00, 255, 405, 1, 8
2026-09-01T14:39:35.0855814+07:00,2026/09/01 14:39:35.116, NVIDIA GeForce RTX 5060, 591.86, P8, 28, 0, 1025, 8151, 8.97, 145.00, 255, 405, 1, 8
2026-09-01T14:39:40.1336688+07:00,2026/09/01 14:39:40.164, NVIDIA GeForce RTX 5060, 591.86, P8, 28, 0, 1025, 8151, 8.78, 145.00, 262, 405, 1, 8
2026-09-01T14:39:45.1818272+07:00,2026/09/01 14:39:45.212, NVIDIA GeForce RTX 5060, 591.86, P8, 28, 0, 1025, 8151, 8.76, 145.00, 262, 405, 1, 8
2026-09-01T14:39:50.3054918+07:00,2026/09/01 14:39:50.336, NVIDIA GeForce RTX 5060, 591.86, P8, 28, 0, 1025, 8151, 8.60, 145.00, 255, 405, 1, 8
2026-09-01T14:39:55.3654574+07:00,2026/09/01 14:39:55.396, NVIDIA GeForce RTX 5060, 591.86, P8, 28, 0, 1025, 8151, 8.70, 145.00, 262, 405, 1, 8
2026-09-01T14:40:00.4282993+07:00,2026/09/01 14:40:00.459, NVIDIA GeForce RTX 5060, 591.86, P8, 28, 0, 1025, 8151, 8.70, 145.00, 292, 405, 1, 8
2026-09-01T14:40:05.4761111+07:00,2026/09/01 14:40:05.506, NVIDIA GeForce RTX 5060, 591.86, P8, 28, 0, 1025, 8151, 8.72, 145.00, 262, 405, 1, 8
2026-09-01T14:40:10.5234956+07:00,2026/09/01 14:40:10.554, NVIDIA GeForce RTX 5060, 591.86, P8, 28, 0, 1025, 8151, 8.70, 145.00, 262, 405, 1, 8
2026-09-01T14:40:15.5834471+07:00,2026/09/01 14:40:15.614, NVIDIA GeForce RTX 5060, 591.86, P8, 28, 0, 1025, 8151, 8.79, 145.00, 262, 405, 1, 8
2026-09-01T14:40:20.6953144+07:00,2026/09/01 14:40:20.725, NVIDIA GeForce RTX 5060, 591.86, P8, 28, 0, 1025, 8151, 8.74, 145.00, 262, 405, 1, 8
2026-09-01T14:40:25.7411963+07:00,2026/09/01 14:40:25.771, NVIDIA GeForce RTX 5060, 591.86, P8, 28, 0, 1025, 8151, 8.76, 145.00, 262, 405, 1, 8
2026-09-01T14:40:30.7889268+07:00,2026/09/01 14:40:30.819, NVIDIA GeForce RTX 5060, 591.86, P8, 28, 0, 1025, 8151, 8.84, 145.00, 277, 405, 1, 8
2026-09-01T14:40:35.8353890+07:00,2026/09/01 14:40:35.866, NVIDIA GeForce RTX 5060, 591.86, P8, 28, 0, 1025, 8151, 8.77, 145.00, 262, 405, 1, 8
2026-09-01T14:40:40.8856908+07:00,2026/09/01 14:40:40.916, NVIDIA GeForce RTX 5060, 591.86, P8, 28, 0, 1025, 8151, 8.94, 145.00, 262, 405, 1, 8
2026-09-01T14:40:45.9352670+07:00,2026/09/01 14:40:45.966, NVIDIA GeForce RTX 5060, 591.86, P8, 28, 0, 1025, 8151, 8.93, 145.00, 262, 405, 1, 8
2026-09-01T14:40:51.0446178+07:00,2026/09/01 14:40:51.075, NVIDIA GeForce RTX 5060, 591.86, P8, 28, 0, 1025, 8151, 8.90, 145.00, 262, 405, 1, 8
2026-09-01T14:40:56.0949033+07:00,2026/09/01 14:40:56.125, NVIDIA GeForce RTX 5060, 591.86, P8, 28, 0, 1025, 8151, 8.85, 145.00, 285, 405, 1, 8
2026-09-01T14:41:01.1422694+07:00,2026/09/01 14:41:01.173, NVIDIA GeForce RTX 5060, 591.86, P8, 28, 0, 1025, 8151, 8.86, 145.00, 262, 405, 1, 8
2026-09-01T14:41:06.1886846+07:00,2026/09/01 14:41:06.219, NVIDIA GeForce RTX 5060, 591.86, P8, 28, 0, 1025, 8151, 8.88, 145.00, 262, 405, 1, 8
2026-09-01T14:41:11.2354522+07:00,2026/09/01 14:41:11.266, NVIDIA GeForce RTX 5060, 591.86, P8, 28, 0, 1025, 8151, 9.00, 145.00, 262, 405, 1, 8
2026-09-01T14:41:16.2851959+07:00,2026/09/01 14:41:16.315, NVIDIA GeForce RTX 5060, 591.86, P8, 28, 0, 1025, 8151, 8.84, 145.00, 262, 405, 1, 8
2026-09-01T14:41:21.4108251+07:00,2026/09/01 14:41:21.441, NVIDIA GeForce RTX 5060, 591.86, P8, 28, 0, 1025, 8151, 8.82, 145.00, 262, 405, 1, 8
2026-09-01T14:41:26.4584138+07:00,2026/09/01 14:41:26.489, NVIDIA GeForce RTX 5060, 591.86, P8, 28, 0, 1025, 8151, 8.84, 145.00, 262, 405, 1, 8
2026-09-01T14:41:31.5081089+07:00,2026/09/01 14:41:31.539, NVIDIA GeForce RTX 5060, 591.86, P8, 28, 0, 1025, 8151, 8.87, 145.00, 270, 405, 1, 8
2026-09-01T14:41:36.5608575+07:00,2026/09/01 14:41:36.591, NVIDIA GeForce RTX 5060, 591.86, P8, 28, 0, 1025, 8151, 9.00, 145.00, 262, 405, 1, 8
2026-09-01T14:41:41.6113459+07:00,2026/09/01 14:41:41.642, NVIDIA GeForce RTX 5060, 591.86, P8, 28, 0, 1025, 8151, 8.83, 145.00, 262, 405, 1, 8
2026-09-01T14:41:46.6561761+07:00,2026/09/01 14:41:46.687, NVIDIA GeForce RTX 5060, 591.86, P8, 28, 0, 1025, 8151, 8.86, 145.00, 285, 405, 1, 8
2026-09-01T14:41:51.7625000+07:00,2026/09/01 14:41:51.793, NVIDIA GeForce RTX 5060, 591.86, P8, 28, 0, 1025, 8151, 8.95, 145.00, 285, 405, 1, 8
2026-09-01T14:41:56.8123542+07:00,2026/09/01 14:41:56.843, NVIDIA GeForce RTX 5060, 591.86, P8, 28, 0, 1025, 8151, 8.92, 145.00, 262, 405, 1, 8
2026-09-01T14:42:01.8596800+07:00,2026/09/01 14:42:01.890, NVIDIA GeForce RTX 5060, 591.86, P8, 28, 0, 1025, 8151, 8.91, 145.00, 262, 405, 1, 8
2026-09-01T14:42:06.9081326+07:00,2026/09/01 14:42:06.939, NVIDIA GeForce RTX 5060, 591.86, P8, 28, 0, 1025, 8151, 8.80, 145.00, 262, 405, 1, 8
2026-09-01T14:42:11.9572611+07:00,2026/09/01 14:42:11.987, NVIDIA GeForce RTX 5060, 591.86, P8, 28, 0, 1025, 8151, 8.68, 145.00, 262, 405, 1, 8
2026-09-01T14:42:17.0015649+07:00,2026/09/01 14:42:17.047, NVIDIA GeForce RTX 5060, 591.86, P8, 28, 0, 1025, 8151, 8.76, 145.00, 262, 405, 1, 8
2026-09-01T14:42:22.1601023+07:00,2026/09/01 14:42:22.206, NVIDIA GeForce RTX 5060, 591.86, P8, 28, 0, 1025, 8151, 8.74, 145.00, 262, 405, 1, 8
2026-09-01T14:42:27.2207990+07:00,2026/09/01 14:42:27.251, NVIDIA GeForce RTX 5060, 591.86, P8, 28, 0, 1025, 8151, 8.69, 145.00, 262, 405, 1, 8
2026-09-01T14:42:32.2723887+07:00,2026/09/01 14:42:32.301, NVIDIA GeForce RTX 5060, 591.86, P8, 28, 0, 1025, 8151, 8.79, 145.00, 262, 405, 1, 8
2026-09-01T14:42:37.3184352+07:00,2026/09/01 14:42:37.349, NVIDIA GeForce RTX 5060, 591.86, P8, 28, 0, 1025, 8151, 8.77, 145.00, 262, 405, 1, 8
2026-09-01T14:42:42.3659714+07:00,2026/09/01 14:42:42.396, NVIDIA GeForce RTX 5060, 591.86, P8, 28, 0, 1025, 8151, 8.82, 145.00, 262, 405, 1, 8
2026-09-01T14:42:47.4154808+07:00,2026/09/01 14:42:47.446, NVIDIA GeForce RTX 5060, 591.86, P8, 28, 0, 1025, 8151, 8.84, 145.00, 262, 405, 1, 8
2026-09-01T14:42:52.5422404+07:00,2026/09/01 14:42:52.573, NVIDIA GeForce RTX 5060, 591.86, P8, 28, 0, 1025, 8151, 8.71, 145.00, 262, 405, 1, 8
2026-09-01T14:42:57.5887881+07:00,2026/09/01 14:42:57.619, NVIDIA GeForce RTX 5060, 591.86, P8, 28, 0, 1025, 8151, 8.65, 145.00, 262, 405, 1, 8
2026-09-01T14:43:02.6378844+07:00,2026/09/01 14:43:02.668, NVIDIA GeForce RTX 5060, 591.86, P8, 28, 0, 1025, 8151, 8.72, 145.00, 262, 405, 1, 8
2026-09-01T14:43:07.6859261+07:00,2026/09/01 14:43:07.716, NVIDIA GeForce RTX 5060, 591.86, P8, 28, 0, 1025, 8151, 8.74, 145.00, 262, 405, 1, 8
2026-09-01T14:43:12.7333815+07:00,2026/09/01 14:43:12.764, NVIDIA GeForce RTX 5060, 591.86, P8, 28, 0, 1025, 8151, 8.72, 145.00, 262, 405, 1, 8
2026-09-01T14:43:17.7824895+07:00,2026/09/01 14:43:17.813, NVIDIA GeForce RTX 5060, 591.86, P8, 28, 0, 1025, 8151, 8.75, 145.00, 262, 405, 1, 8
2026-09-01T14:43:22.8920573+07:00,2026/09/01 14:43:22.923, NVIDIA GeForce RTX 5060, 591.86, P8, 28, 0, 1025, 8151, 8.73, 145.00, 262, 405, 1, 8
2026-09-01T14:43:27.9367645+07:00,2026/09/01 14:43:27.967, NVIDIA GeForce RTX 5060, 591.86, P8, 28, 0, 1025, 8151, 8.73, 145.00, 255, 405, 1, 8
2026-09-01T14:43:32.9829848+07:00,2026/09/01 14:43:33.013, NVIDIA GeForce RTX 5060, 591.86, P8, 28, 0, 1025, 8151, 8.73, 145.00, 262, 405, 1, 8
2026-09-01T14:43:38.0434164+07:00,2026/09/01 14:43:38.074, NVIDIA GeForce RTX 5060, 591.86, P8, 28, 0, 1025, 8151, 8.74, 145.00, 262, 405, 1, 8
2026-09-01T14:43:43.0959038+07:00,2026/09/01 14:43:43.127, NVIDIA GeForce RTX 5060, 591.86, P8, 28, 0, 1025, 8151, 8.84, 145.00, 262, 405, 1, 8
2026-09-01T14:43:48.1440423+07:00,2026/09/01 14:43:48.190, NVIDIA GeForce RTX 5060, 591.86, P8, 28, 0, 1025, 8151, 8.76, 145.00, 262, 405, 1, 8
2026-09-01T14:43:53.2860188+07:00,2026/09/01 14:43:53.316, NVIDIA GeForce RTX 5060, 591.86, P8, 28, 0, 1025, 8151, 8.69, 145.00, 262, 405, 1, 8
2026-09-01T14:43:58.3361347+07:00,2026/09/01 14:43:58.367, NVIDIA GeForce RTX 5060, 591.86, P8, 28, 0, 1025, 8151, 8.72, 145.00, 262, 405, 1, 8
2026-09-01T14:44:03.3832506+07:00,2026/09/01 14:44:03.569, NVIDIA GeForce RTX 5060, 591.86, P8, 28, 0, 1025, 8151, 8.69, 145.00, 262, 405, 1, 8
2026-09-01T14:44:08.6178384+07:00,2026/09/01 14:44:08.649, NVIDIA GeForce RTX 5060, 591.86, P8, 28, 0, 1025, 8151, 8.66, 145.00, 262, 405, 1, 8
2026-09-01T14:44:13.6681897+07:00,2026/09/01 14:44:13.853, NVIDIA GeForce RTX 5060, 591.86, P8, 28, 0, 1025, 8151, 8.75, 145.00, 262, 405, 1, 8
2026-09-01T14:44:18.8700800+07:00,2026/09/01 14:44:18.978, NVIDIA GeForce RTX 5060, 591.86, P8, 28, 0, 1025, 8151, 8.67, 145.00, 262, 405, 1, 8
2026-09-01T14:44:24.0728336+07:00,2026/09/01 14:44:24.102, NVIDIA GeForce RTX 5060, 591.86, P8, 28, 0, 1025, 8151, 8.60, 145.00, 262, 405, 1, 8
2026-09-01T14:44:29.1204297+07:00,2026/09/01 14:44:29.182, NVIDIA GeForce RTX 5060, 591.86, P8, 28, 0, 1025, 8151, 8.62, 145.00, 262, 405, 1, 8
2026-09-01T14:44:34.2284767+07:00,2026/09/01 14:44:34.259, NVIDIA GeForce RTX 5060, 591.86, P8, 28, 0, 1025, 8151, 8.64, 145.00, 262, 405, 1, 8
2026-09-01T14:44:39.2801210+07:00,2026/09/01 14:44:39.311, NVIDIA GeForce RTX 5060, 591.86, P8, 28, 0, 1025, 8151, 8.54, 145.00, 262, 405, 1, 8
2026-09-01T14:44:44.3267731+07:00,2026/09/01 14:44:44.497, NVIDIA GeForce RTX 5060, 591.86, P8, 28, 0, 1025, 8151, 8.64, 145.00, 262, 405, 1, 8
2026-09-01T14:44:49.5296939+07:00,2026/09/01 14:44:49.699, NVIDIA GeForce RTX 5060, 591.86, P8, 28, 0, 1025, 8151, 8.65, 145.00, 262, 405, 1, 8
2026-09-01T14:44:54.7939368+07:00,2026/09/01 14:44:54.886, NVIDIA GeForce RTX 5060, 591.86, P8, 28, 0, 1025, 8151, 8.70, 145.00, 262, 405, 1, 8
2026-09-01T14:44:59.9358165+07:00,2026/09/01 14:45:00.043, NVIDIA GeForce RTX 5060, 591.86, P8, 28, 0, 1025, 8151, 8.61, 145.00, 255, 405, 1, 8
2026-09-01T14:45:05.0655638+07:00,2026/09/01 14:45:05.189, NVIDIA GeForce RTX 5060, 591.86, P8, 28, 0, 1025, 8151, 8.64, 145.00, 262, 405, 1, 8
2026-09-01T14:45:10.2207901+07:00,2026/09/01 14:45:10.329, NVIDIA GeForce RTX 5060, 591.86, P8, 28, 0, 1025, 8151, 8.68, 145.00, 255, 405, 1, 8
2026-09-01T14:45:15.3794636+07:00,2026/09/01 14:45:15.472, NVIDIA GeForce RTX 5060, 591.86, P8, 28, 0, 1025, 8151, 8.88, 145.00, 262, 405, 1, 8
2026-09-01T14:45:20.4924335+07:00,2026/09/01 14:45:20.569, NVIDIA GeForce RTX 5060, 591.86, P8, 28, 0, 1025, 8151, 8.72, 145.00, 262, 405, 1, 8
2026-09-01T14:45:25.7235559+07:00,2026/09/01 14:45:25.754, NVIDIA GeForce RTX 5060, 591.86, P8, 28, 0, 1025, 8151, 8.77, 145.00, 262, 405, 1, 8
2026-09-01T14:45:30.7670980+07:00,2026/09/01 14:45:30.797, NVIDIA GeForce RTX 5060, 591.86, P8, 28, 0, 1025, 8151, 8.70, 145.00, 262, 405, 1, 8
2026-09-01T14:45:35.8092969+07:00,2026/09/01 14:45:35.839, NVIDIA GeForce RTX 5060, 591.86, P8, 28, 0, 1025, 8151, 8.69, 145.00, 262, 405, 1, 8
2026-09-01T14:45:40.8589978+07:00,2026/09/01 14:45:40.889, NVIDIA GeForce RTX 5060, 591.86, P8, 28, 0, 1025, 8151, 8.71, 145.00, 262, 405, 1, 8
2026-09-01T14:45:45.9048268+07:00,2026/09/01 14:45:45.951, NVIDIA GeForce RTX 5060, 591.86, P8, 28, 0, 1025, 8151, 8.62, 145.00, 262, 405, 1, 8
2026-09-01T14:45:50.9803745+07:00,2026/09/01 14:45:51.026, NVIDIA GeForce RTX 5060, 591.86, P8, 28, 0, 1025, 8151, 8.60, 145.00, 262, 405, 1, 8
2026-09-01T14:45:56.1208026+07:00,2026/09/01 14:45:56.167, NVIDIA GeForce RTX 5060, 591.86, P8, 28, 0, 1025, 8151, 8.58, 145.00, 262, 405, 1, 8
2026-09-01T14:46:01.1981491+07:00,2026/09/01 14:46:01.244, NVIDIA GeForce RTX 5060, 591.86, P8, 28, 0, 1025, 8151, 8.57, 145.00, 262, 405, 1, 8
2026-09-01T14:46:06.2729203+07:00,2026/09/01 14:46:06.303, NVIDIA GeForce RTX 5060, 591.86, P8, 28, 0, 1025, 8151, 8.57, 145.00, 262, 405, 1, 8
2026-09-01T14:46:11.3252942+07:00,2026/09/01 14:46:11.402, NVIDIA GeForce RTX 5060, 591.86, P8, 28, 0, 1025, 8151, 8.58, 145.00, 262, 405, 1, 8
2026-09-01T14:46:16.4315638+07:00,2026/09/01 14:46:16.493, NVIDIA GeForce RTX 5060, 591.86, P8, 28, 0, 1025, 8151, 8.66, 145.00, 262, 405, 1, 8
2026-09-01T14:46:21.5119027+07:00,2026/09/01 14:46:21.605, NVIDIA GeForce RTX 5060, 591.86, P8, 28, 0, 1025, 8151, 8.56, 145.00, 262, 405, 1, 8
2026-09-01T14:46:26.6978520+07:00,2026/09/01 14:46:26.775, NVIDIA GeForce RTX 5060, 591.86, P8, 28, 0, 1025, 8151, 8.64, 145.00, 262, 405, 1, 8
2026-09-01T14:46:31.8027338+07:00,2026/09/01 14:46:31.849, NVIDIA GeForce RTX 5060, 591.86, P8, 28, 0, 1025, 8151, 8.45, 145.00, 262, 405, 1, 8
2026-09-01T14:46:36.8645948+07:00,2026/09/01 14:46:37.003, NVIDIA GeForce RTX 5060, 591.86, P8, 28, 0, 1025, 8151, 8.61, 145.00, 255, 405, 1, 8
2026-09-01T14:46:42.0323235+07:00,2026/09/01 14:46:42.078, NVIDIA GeForce RTX 5060, 591.86, P8, 28, 0, 1025, 8151, 8.54, 145.00, 255, 405, 1, 8
2026-09-01T14:46:47.1079102+07:00,2026/09/01 14:46:47.154, NVIDIA GeForce RTX 5060, 591.86, P8, 28, 0, 1025, 8151, 8.60, 145.00, 262, 405, 1, 8
2026-09-01T14:46:52.1975523+07:00,2026/09/01 14:46:52.244, NVIDIA GeForce RTX 5060, 591.86, P8, 28, 0, 1025, 8151, 8.79, 145.00, 262, 405, 1, 8
2026-09-01T14:46:57.3872608+07:00,2026/09/01 14:46:57.433, NVIDIA GeForce RTX 5060, 591.86, P8, 28, 0, 1025, 8151, 8.66, 145.00, 262, 405, 1, 8
2026-09-01T14:47:02.4616080+07:00,2026/09/01 14:47:02.538, NVIDIA GeForce RTX 5060, 591.86, P8, 28, 0, 1025, 8151, 8.58, 145.00, 255, 405, 1, 8
2026-09-01T14:47:07.5694418+07:00,2026/09/01 14:47:07.600, NVIDIA GeForce RTX 5060, 591.86, P8, 28, 0, 1025, 8151, 8.54, 145.00, 262, 405, 1, 8
2026-09-01T14:47:12.6155741+07:00,2026/09/01 14:47:12.662, NVIDIA GeForce RTX 5060, 591.86, P8, 28, 0, 1025, 8151, 8.76, 145.00, 262, 405, 1, 8
2026-09-01T14:47:17.6910802+07:00,2026/09/01 14:47:17.768, NVIDIA GeForce RTX 5060, 591.86, P8, 28, 0, 1025, 8151, 8.78, 145.00, 262, 405, 1, 8
2026-09-01T14:47:22.7814539+07:00,2026/09/01 14:47:22.827, NVIDIA GeForce RTX 5060, 591.86, P8, 28, 0, 1025, 8151, 8.75, 145.00, 262, 405, 1, 8
2026-09-01T14:47:27.9205110+07:00,2026/09/01 14:47:28.011, NVIDIA GeForce RTX 5060, 591.86, P8, 28, 0, 1025, 8151, 8.68, 145.00, 285, 405, 1, 8
2026-09-01T14:47:33.0313581+07:00,2026/09/01 14:47:33.124, NVIDIA GeForce RTX 5060, 591.86, P8, 28, 0, 1025, 8151, 8.85, 145.00, 285, 405, 1, 8
2026-09-01T14:47:38.1420340+07:00,2026/09/01 14:47:38.173, NVIDIA GeForce RTX 5060, 591.86, P8, 28, 0, 1025, 8151, 8.81, 145.00, 285, 405, 1, 8
2026-09-01T14:47:43.1894233+07:00,2026/09/01 14:47:43.220, NVIDIA GeForce RTX 5060, 591.86, P8, 28, 0, 1025, 8151, 8.82, 145.00, 285, 405, 1, 8
2026-09-01T14:47:48.2342749+07:00,2026/09/01 14:47:48.265, NVIDIA GeForce RTX 5060, 591.86, P8, 28, 0, 1025, 8151, 8.77, 145.00, 285, 405, 1, 8
2026-09-01T14:47:53.2951866+07:00,2026/09/01 14:47:53.326, NVIDIA GeForce RTX 5060, 591.86, P8, 28, 0, 1025, 8151, 8.77, 145.00, 285, 405, 1, 8
2026-09-01T14:47:58.4138566+07:00,2026/09/01 14:47:58.475, NVIDIA GeForce RTX 5060, 591.86, P8, 28, 0, 1025, 8151, 8.83, 145.00, 285, 405, 1, 8
2026-09-01T14:48:03.5044214+07:00,2026/09/01 14:48:03.535, NVIDIA GeForce RTX 5060, 591.86, P8, 28, 0, 1025, 8151, 8.64, 145.00, 292, 405, 1, 8
2026-09-01T14:48:08.5667027+07:00,2026/09/01 14:48:08.597, NVIDIA GeForce RTX 5060, 591.86, P8, 28, 0, 1025, 8151, 8.81, 145.00, 285, 405, 1, 8
2026-09-01T14:48:13.6153685+07:00,2026/09/01 14:48:13.677, NVIDIA GeForce RTX 5060, 591.86, P8, 28, 0, 1025, 8151, 8.76, 145.00, 285, 405, 1, 8
2026-09-01T14:48:18.7076197+07:00,2026/09/01 14:48:18.753, NVIDIA GeForce RTX 5060, 591.86, P8, 28, 0, 1025, 8151, 8.75, 145.00, 292, 405, 1, 8
2026-09-01T14:48:23.7843939+07:00,2026/09/01 14:48:23.846, NVIDIA GeForce RTX 5060, 591.86, P8, 28, 0, 1025, 8151, 8.63, 145.00, 285, 405, 1, 8
2026-09-01T14:48:28.9396194+07:00,2026/09/01 14:48:28.970, NVIDIA GeForce RTX 5060, 591.86, P8, 28, 0, 1025, 8151, 8.67, 145.00, 285, 405, 1, 8
2026-09-01T14:48:33.9884868+07:00,2026/09/01 14:48:34.066, NVIDIA GeForce RTX 5060, 591.86, P8, 28, 0, 1025, 8151, 8.81, 145.00, 285, 405, 1, 8
2026-09-01T14:48:39.1081454+07:00,2026/09/01 14:48:39.139, NVIDIA GeForce RTX 5060, 591.86, P8, 28, 0, 1025, 8151, 8.77, 145.00, 285, 405, 1, 8
2026-09-01T14:48:44.1568912+07:00,2026/09/01 14:48:44.203, NVIDIA GeForce RTX 5060, 591.86, P8, 28, 0, 1025, 8151, 8.79, 145.00, 277, 405, 1, 8
2026-09-01T14:48:49.2219157+07:00,2026/09/01 14:48:49.252, NVIDIA GeForce RTX 5060, 591.86, P8, 28, 0, 1025, 8151, 8.89, 145.00, 285, 405, 1, 8
2026-09-01T14:48:54.2681174+07:00,2026/09/01 14:48:54.298, NVIDIA GeForce RTX 5060, 591.86, P8, 28, 0, 1025, 8151, 8.85, 145.00, 285, 405, 1, 8
2026-09-01T14:48:59.3934103+07:00,2026/09/01 14:48:59.455, NVIDIA GeForce RTX 5060, 591.86, P8, 28, 0, 1034, 8151, 8.89, 145.00, 292, 405, 1, 8
2026-09-01T14:49:04.4875212+07:00,2026/09/01 14:49:04.518, NVIDIA GeForce RTX 5060, 591.86, P8, 28, 0, 1034, 8151, 8.75, 145.00, 292, 405, 1, 8
2026-09-01T14:49:09.5326421+07:00,2026/09/01 14:49:09.563, NVIDIA GeForce RTX 5060, 591.86, P8, 28, 0, 1024, 8151, 8.68, 145.00, 285, 405, 1, 8
2026-09-01T14:49:14.5803461+07:00,2026/09/01 14:49:14.611, NVIDIA GeForce RTX 5060, 591.86, P8, 28, 0, 1024, 8151, 8.73, 145.00, 285, 405, 1, 8
2026-09-01T14:49:19.6422475+07:00,2026/09/01 14:49:19.673, NVIDIA GeForce RTX 5060, 591.86, P8, 28, 0, 1024, 8151, 8.91, 145.00, 277, 405, 1, 8
2026-09-01T14:49:24.7054533+07:00,2026/09/01 14:49:24.750, NVIDIA GeForce RTX 5060, 591.86, P8, 28, 0, 1024, 8151, 8.80, 145.00, 292, 405, 1, 8
2026-09-01T14:49:29.8057697+07:00,2026/09/01 14:49:29.836, NVIDIA GeForce RTX 5060, 591.86, P8, 28, 0, 1024, 8151, 8.94, 145.00, 277, 405, 1, 8
2026-09-01T14:49:34.8654780+07:00,2026/09/01 14:49:34.895, NVIDIA GeForce RTX 5060, 591.86, P8, 28, 0, 1024, 8151, 8.71, 145.00, 285, 405, 1, 8
2026-09-01T14:49:39.9264287+07:00,2026/09/01 14:49:39.957, NVIDIA GeForce RTX 5060, 591.86, P8, 28, 0, 1024, 8151, 8.69, 145.00, 285, 405, 1, 8
2026-09-01T14:49:44.9739021+07:00,2026/09/01 14:49:45.004, NVIDIA GeForce RTX 5060, 591.86, P8, 28, 0, 1024, 8151, 8.65, 145.00, 285, 405, 1, 8
2026-09-01T14:49:50.0322329+07:00,2026/09/01 14:49:50.063, NVIDIA GeForce RTX 5060, 591.86, P8, 28, 0, 1024, 8151, 8.73, 145.00, 277, 405, 1, 8
2026-09-01T14:49:55.0913478+07:00,2026/09/01 14:49:55.137, NVIDIA GeForce RTX 5060, 591.86, P8, 28, 0, 1024, 8151, 8.78, 145.00, 285, 405, 1, 8
2026-09-01T14:50:00.2426216+07:00,2026/09/01 14:50:00.273, NVIDIA GeForce RTX 5060, 591.86, P8, 28, 0, 1024, 8151, 8.81, 145.00, 285, 405, 1, 8
2026-09-01T14:50:05.3051022+07:00,2026/09/01 14:50:05.336, NVIDIA GeForce RTX 5060, 591.86, P8, 28, 0, 1024, 8151, 8.82, 145.00, 292, 405, 1, 8
2026-09-01T14:50:10.3473068+07:00,2026/09/01 14:50:10.378, NVIDIA GeForce RTX 5060, 591.86, P8, 28, 0, 1024, 8151, 8.72, 145.00, 285, 405, 1, 8
2026-09-01T14:50:15.3957867+07:00,2026/09/01 14:50:15.426, NVIDIA GeForce RTX 5060, 591.86, P8, 28, 0, 1024, 8151, 8.69, 145.00, 285, 405, 1, 8
2026-09-01T14:50:20.4558660+07:00,2026/09/01 14:50:20.486, NVIDIA GeForce RTX 5060, 591.86, P8, 28, 0, 1024, 8151, 8.79, 145.00, 285, 405, 1, 8
2026-09-01T14:50:25.5031698+07:00,2026/09/01 14:50:25.533, NVIDIA GeForce RTX 5060, 591.86, P8, 28, 0, 1024, 8151, 8.72, 145.00, 285, 405, 1, 8
2026-09-01T14:50:30.6224995+07:00,2026/09/01 14:50:30.730, NVIDIA GeForce RTX 5060, 591.86, P8, 28, 0, 1024, 8151, 8.73, 145.00, 277, 405, 1, 8
2026-09-01T14:50:35.7599429+07:00,2026/09/01 14:50:35.790, NVIDIA GeForce RTX 5060, 591.86, P8, 28, 0, 1024, 8151, 8.75, 145.00, 285, 405, 1, 8
2026-09-01T14:50:40.8213480+07:00,2026/09/01 14:50:40.852, NVIDIA GeForce RTX 5060, 591.86, P8, 28, 0, 1024, 8151, 8.81, 145.00, 277, 405, 1, 8
2026-09-01T14:50:45.8824502+07:00,2026/09/01 14:50:45.913, NVIDIA GeForce RTX 5060, 591.86, P8, 28, 0, 1024, 8151, 8.70, 145.00, 285, 405, 1, 8
2026-09-01T14:50:50.9551140+07:00,2026/09/01 14:50:50.985, NVIDIA GeForce RTX 5060, 591.86, P8, 28, 0, 1024, 8151, 8.81, 145.00, 285, 405, 1, 8
2026-09-01T14:50:56.0167232+07:00,2026/09/01 14:50:56.047, NVIDIA GeForce RTX 5060, 591.86, P8, 28, 0, 1024, 8151, 8.67, 145.00, 285, 405, 1, 8
2026-09-01T14:51:01.1266650+07:00,2026/09/01 14:51:01.157, NVIDIA GeForce RTX 5060, 591.86, P8, 28, 1, 1024, 8151, 8.78, 145.00, 300, 405, 1, 8
2026-09-01T14:51:06.1864522+07:00,2026/09/01 14:51:06.217, NVIDIA GeForce RTX 5060, 591.86, P8, 28, 0, 1024, 8151, 8.70, 145.00, 285, 405, 1, 8
2026-09-01T14:51:11.2377290+07:00,2026/09/01 14:51:11.268, NVIDIA GeForce RTX 5060, 591.86, P8, 28, 0, 1024, 8151, 8.82, 145.00, 285, 405, 1, 8
2026-09-01T14:51:16.3111839+07:00,2026/09/01 14:51:16.358, NVIDIA GeForce RTX 5060, 591.86, P8, 28, 0, 1024, 8151, 8.56, 145.00, 277, 405, 1, 8
2026-09-01T14:51:21.3860584+07:00,2026/09/01 14:51:21.417, NVIDIA GeForce RTX 5060, 591.86, P8, 28, 0, 1024, 8151, 8.61, 145.00, 262, 405, 1, 8
2026-09-01T14:51:26.4459784+07:00,2026/09/01 14:51:26.476, NVIDIA GeForce RTX 5060, 591.86, P8, 28, 0, 1024, 8151, 8.67, 145.00, 285, 405, 1, 8
2026-09-01T14:51:31.5610230+07:00,2026/09/01 14:51:31.592, NVIDIA GeForce RTX 5060, 591.86, P8, 28, 0, 1024, 8151, 8.73, 145.00, 277, 405, 1, 8
2026-09-01T14:51:36.6246413+07:00,2026/09/01 14:51:36.655, NVIDIA GeForce RTX 5060, 591.86, P8, 28, 0, 1024, 8151, 8.80, 145.00, 277, 405, 1, 8
2026-09-01T14:51:41.6868897+07:00,2026/09/01 14:51:41.717, NVIDIA GeForce RTX 5060, 591.86, P8, 28, 0, 1024, 8151, 8.63, 145.00, 285, 405, 1, 8
2026-09-01T14:51:46.7330334+07:00,2026/09/01 14:51:46.764, NVIDIA GeForce RTX 5060, 591.86, P8, 28, 0, 1024, 8151, 8.64, 145.00, 277, 405, 1, 8
2026-09-01T14:51:51.7862816+07:00,2026/09/01 14:51:51.817, NVIDIA GeForce RTX 5060, 591.86, P8, 28, 0, 1024, 8151, 8.77, 145.00, 285, 405, 1, 8
2026-09-01T14:51:56.8484707+07:00,2026/09/01 14:51:56.894, NVIDIA GeForce RTX 5060, 591.86, P8, 28, 0, 1024, 8151, 8.57, 145.00, 285, 405, 1, 8
2026-09-01T14:52:01.9867302+07:00,2026/09/01 14:52:02.017, NVIDIA GeForce RTX 5060, 591.86, P8, 28, 0, 1024, 8151, 8.66, 145.00, 285, 405, 1, 8
2026-09-01T14:52:07.0319954+07:00,2026/09/01 14:52:07.063, NVIDIA GeForce RTX 5060, 591.86, P8, 28, 0, 1024, 8151, 8.60, 145.00, 285, 405, 1, 8
2026-09-01T14:52:12.0949461+07:00,2026/09/01 14:52:12.139, NVIDIA GeForce RTX 5060, 591.86, P8, 28, 0, 1024, 8151, 8.66, 145.00, 300, 405, 1, 8
2026-09-01T14:52:17.1475039+07:00,2026/09/01 14:52:17.178, NVIDIA GeForce RTX 5060, 591.86, P8, 28, 0, 1024, 8151, 8.75, 145.00, 285, 405, 1, 8
2026-09-01T14:52:22.2087017+07:00,2026/09/01 14:52:22.239, NVIDIA GeForce RTX 5060, 591.86, P8, 28, 0, 1024, 8151, 8.78, 145.00, 285, 405, 1, 8
2026-09-01T14:52:27.2570913+07:00,2026/09/01 14:52:27.288, NVIDIA GeForce RTX 5060, 591.86, P8, 28, 0, 1024, 8151, 8.69, 145.00, 277, 405, 1, 8
2026-09-01T14:52:32.3810822+07:00,2026/09/01 14:52:32.412, NVIDIA GeForce RTX 5060, 591.86, P8, 28, 0, 1024, 8151, 8.73, 145.00, 285, 405, 1, 8
2026-09-01T14:52:37.4397512+07:00,2026/09/01 14:52:37.470, NVIDIA GeForce RTX 5060, 591.86, P8, 28, 0, 1024, 8151, 8.68, 145.00, 255, 405, 1, 8
2026-09-01T14:52:42.4982028+07:00,2026/09/01 14:52:42.529, NVIDIA GeForce RTX 5060, 591.86, P8, 28, 0, 1024, 8151, 8.70, 145.00, 292, 405, 1, 8
2026-09-01T14:52:47.5457754+07:00,2026/09/01 14:52:47.576, NVIDIA GeForce RTX 5060, 591.86, P8, 28, 0, 1024, 8151, 8.76, 145.00, 262, 405, 1, 8
2026-09-01T14:52:52.6062319+07:00,2026/09/01 14:52:52.636, NVIDIA GeForce RTX 5060, 591.86, P8, 28, 0, 1024, 8151, 8.79, 145.00, 262, 405, 1, 8
2026-09-01T14:52:57.6653967+07:00,2026/09/01 14:52:57.696, NVIDIA GeForce RTX 5060, 591.86, P8, 28, 0, 1024, 8151, 8.73, 145.00, 255, 405, 1, 8
2026-09-01T14:53:02.7871903+07:00,2026/09/01 14:53:02.818, NVIDIA GeForce RTX 5060, 591.86, P8, 28, 0, 1024, 8151, 8.68, 145.00, 255, 405, 1, 8
2026-09-01T14:53:07.8474110+07:00,2026/09/01 14:53:07.878, NVIDIA GeForce RTX 5060, 591.86, P8, 28, 0, 1024, 8151, 8.69, 145.00, 262, 405, 1, 8
2026-09-01T14:53:12.9093121+07:00,2026/09/01 14:53:12.940, NVIDIA GeForce RTX 5060, 591.86, P8, 28, 0, 1024, 8151, 8.61, 145.00, 262, 405, 1, 8
2026-09-01T14:53:17.9603079+07:00,2026/09/01 14:53:17.991, NVIDIA GeForce RTX 5060, 591.86, P8, 28, 0, 1024, 8151, 8.65, 145.00, 262, 405, 1, 8
2026-09-01T14:53:23.0184202+07:00,2026/09/01 14:53:23.049, NVIDIA GeForce RTX 5060, 591.86, P8, 28, 0, 1024, 8151, 8.73, 145.00, 255, 405, 1, 8
2026-09-01T14:53:28.0806279+07:00,2026/09/01 14:53:28.111, NVIDIA GeForce RTX 5060, 591.86, P8, 28, 0, 1024, 8151, 8.45, 145.00, 255, 405, 1, 8
2026-09-01T14:53:33.1883794+07:00,2026/09/01 14:53:33.219, NVIDIA GeForce RTX 5060, 591.86, P8, 28, 0, 1024, 8151, 8.56, 145.00, 262, 405, 1, 8
2026-09-01T14:53:38.2414480+07:00,2026/09/01 14:53:38.272, NVIDIA GeForce RTX 5060, 591.86, P8, 28, 0, 1024, 8151, 8.65, 145.00, 292, 405, 1, 8
2026-09-01T14:53:43.3031470+07:00,2026/09/01 14:53:43.334, NVIDIA GeForce RTX 5060, 591.86, P8, 28, 0, 1024, 8151, 8.43, 145.00, 285, 405, 1, 8
2026-09-01T14:53:48.3646558+07:00,2026/09/01 14:53:48.395, NVIDIA GeForce RTX 5060, 591.86, P8, 28, 0, 1024, 8151, 8.51, 145.00, 255, 405, 1, 8
2026-09-01T14:53:53.4136079+07:00,2026/09/01 14:53:53.444, NVIDIA GeForce RTX 5060, 591.86, P8, 28, 0, 1024, 8151, 8.45, 145.00, 255, 405, 1, 8
2026-09-01T14:53:58.4849618+07:00,2026/09/01 14:53:58.515, NVIDIA GeForce RTX 5060, 591.86, P8, 28, 0, 1024, 8151, 8.55, 145.00, 255, 405, 1, 8
2026-09-01T14:54:03.6068400+07:00,2026/09/01 14:54:03.637, NVIDIA GeForce RTX 5060, 591.86, P8, 28, 0, 1024, 8151, 8.52, 145.00, 255, 405, 1, 8
2026-09-01T14:54:08.6543595+07:00,2026/09/01 14:54:08.685, NVIDIA GeForce RTX 5060, 591.86, P8, 28, 0, 1024, 8151, 8.56, 145.00, 255, 405, 1, 8
2026-09-01T14:54:13.7007778+07:00,2026/09/01 14:54:13.731, NVIDIA GeForce RTX 5060, 591.86, P8, 28, 0, 1024, 8151, 8.53, 145.00, 285, 405, 1, 8
2026-09-01T14:54:18.7567441+07:00,2026/09/01 14:54:18.787, NVIDIA GeForce RTX 5060, 591.86, P8, 28, 0, 1024, 8151, 8.62, 145.00, 255, 405, 1, 8
2026-09-01T14:54:23.8040463+07:00,2026/09/01 14:54:23.835, NVIDIA GeForce RTX 5060, 591.86, P8, 28, 0, 1024, 8151, 8.57, 145.00, 255, 405, 1, 8
2026-09-01T14:54:28.8526160+07:00,2026/09/01 14:54:28.883, NVIDIA GeForce RTX 5060, 591.86, P8, 28, 0, 1024, 8151, 8.57, 145.00, 255, 405, 1, 8
2026-09-01T14:54:33.9592027+07:00,2026/09/01 14:54:33.990, NVIDIA GeForce RTX 5060, 591.86, P8, 28, 0, 1024, 8151, 8.53, 145.00, 255, 405, 1, 8
2026-09-01T14:54:39.0040206+07:00,2026/09/01 14:54:39.050, NVIDIA GeForce RTX 5060, 591.86, P8, 28, 0, 1024, 8151, 8.49, 145.00, 270, 405, 1, 8
2026-09-01T14:54:44.0714307+07:00,2026/09/01 14:54:44.102, NVIDIA GeForce RTX 5060, 591.86, P8, 28, 0, 1024, 8151, 8.47, 145.00, 255, 405, 1, 8
2026-09-01T14:54:49.1316167+07:00,2026/09/01 14:54:49.162, NVIDIA GeForce RTX 5060, 591.86, P8, 28, 0, 1024, 8151, 8.54, 145.00, 255, 405, 1, 8
2026-09-01T14:54:54.1936513+07:00,2026/09/01 14:54:54.224, NVIDIA GeForce RTX 5060, 591.86, P8, 28, 0, 1024, 8151, 8.44, 145.00, 277, 405, 1, 8
2026-09-01T14:54:59.2558613+07:00,2026/09/01 14:54:59.318, NVIDIA GeForce RTX 5060, 591.86, P8, 28, 0, 1024, 8151, 8.49, 145.00, 255, 405, 1, 8
2026-09-01T14:55:04.3881267+07:00,2026/09/01 14:55:04.419, NVIDIA GeForce RTX 5060, 591.86, P8, 28, 0, 1024, 8151, 8.55, 145.00, 255, 405, 1, 8
2026-09-01T14:55:09.4499909+07:00,2026/09/01 14:55:09.480, NVIDIA GeForce RTX 5060, 591.86, P8, 28, 0, 1024, 8151, 8.52, 145.00, 255, 405, 1, 8
2026-09-01T14:55:14.5105588+07:00,2026/09/01 14:55:14.541, NVIDIA GeForce RTX 5060, 591.86, P8, 28, 0, 1024, 8151, 8.49, 145.00, 262, 405, 1, 8
2026-09-01T14:55:19.5720689+07:00,2026/09/01 14:55:19.603, NVIDIA GeForce RTX 5060, 591.86, P8, 28, 0, 1024, 8151, 8.52, 145.00, 255, 405, 1, 8
2026-09-01T14:55:24.6326649+07:00,2026/09/01 14:55:24.663, NVIDIA GeForce RTX 5060, 591.86, P8, 28, 0, 1024, 8151, 8.60, 145.00, 255, 405, 1, 8
2026-09-01T14:55:29.6810414+07:00,2026/09/01 14:55:29.711, NVIDIA GeForce RTX 5060, 591.86, P8, 28, 0, 1024, 8151, 8.54, 145.00, 255, 405, 1, 8
2026-09-01T14:55:34.8020739+07:00,2026/09/01 14:55:34.833, NVIDIA GeForce RTX 5060, 591.86, P8, 28, 0, 1024, 8151, 8.72, 145.00, 255, 405, 1, 8
2026-09-01T14:55:39.8510097+07:00,2026/09/01 14:55:39.881, NVIDIA GeForce RTX 5060, 591.86, P8, 28, 0, 1024, 8151, 8.57, 145.00, 255, 405, 1, 8
2026-09-01T14:55:44.9051287+07:00,2026/09/01 14:55:44.936, NVIDIA GeForce RTX 5060, 591.86, P8, 28, 0, 1024, 8151, 8.61, 145.00, 255, 405, 1, 8
2026-09-01T14:55:49.9662523+07:00,2026/09/01 14:55:49.997, NVIDIA GeForce RTX 5060, 591.86, P8, 28, 0, 1024, 8151, 8.53, 145.00, 255, 405, 1, 8
2026-09-01T14:55:55.0284972+07:00,2026/09/01 14:55:55.074, NVIDIA GeForce RTX 5060, 591.86, P8, 28, 0, 1024, 8151, 8.47, 145.00, 255, 405, 1, 8
2026-09-01T14:56:00.0926284+07:00,2026/09/01 14:56:00.123, NVIDIA GeForce RTX 5060, 591.86, P8, 28, 0, 1024, 8151, 8.53, 145.00, 255, 405, 1, 8
2026-09-01T14:56:05.2081327+07:00,2026/09/01 14:56:05.238, NVIDIA GeForce RTX 5060, 591.86, P8, 28, 0, 1024, 8151, 8.54, 145.00, 255, 405, 1, 8
2026-09-01T14:56:10.2564776+07:00,2026/09/01 14:56:10.288, NVIDIA GeForce RTX 5060, 591.86, P8, 28, 0, 1024, 8151, 8.60, 145.00, 255, 405, 1, 8
2026-09-01T14:56:15.3005408+07:00,2026/09/01 14:56:15.331, NVIDIA GeForce RTX 5060, 591.86, P8, 28, 0, 1024, 8151, 8.55, 145.00, 262, 405, 1, 8
2026-09-01T14:56:20.3594185+07:00,2026/09/01 14:56:20.389, NVIDIA GeForce RTX 5060, 591.86, P8, 28, 0, 1024, 8151, 8.61, 145.00, 255, 405, 1, 8
2026-09-01T14:56:25.4129090+07:00,2026/09/01 14:56:25.443, NVIDIA GeForce RTX 5060, 591.86, P8, 28, 0, 1024, 8151, 8.46, 145.00, 270, 405, 1, 8
2026-09-01T14:56:30.4744450+07:00,2026/09/01 14:56:30.520, NVIDIA GeForce RTX 5060, 591.86, P8, 28, 0, 1024, 8151, 8.45, 145.00, 255, 405, 1, 8
2026-09-01T14:56:35.6139455+07:00,2026/09/01 14:56:35.644, NVIDIA GeForce RTX 5060, 591.86, P8, 27, 0, 1024, 8151, 8.48, 145.00, 255, 405, 1, 8
2026-09-01T14:56:40.6617991+07:00,2026/09/01 14:56:40.692, NVIDIA GeForce RTX 5060, 591.86, P8, 28, 0, 1024, 8151, 8.61, 145.00, 255, 405, 1, 8
2026-09-01T14:56:45.7132688+07:00,2026/09/01 14:56:45.744, NVIDIA GeForce RTX 5060, 591.86, P8, 28, 0, 1024, 8151, 8.59, 145.00, 262, 405, 1, 8
2026-09-01T14:56:50.7619711+07:00,2026/09/01 14:56:50.792, NVIDIA GeForce RTX 5060, 591.86, P8, 28, 0, 1024, 8151, 8.70, 145.00, 262, 405, 1, 8
2026-09-01T14:56:55.8237310+07:00,2026/09/01 14:56:55.854, NVIDIA GeForce RTX 5060, 591.86, P8, 28, 0, 1024, 8151, 8.70, 145.00, 255, 405, 1, 8
2026-09-01T14:57:00.8711646+07:00,2026/09/01 14:57:00.902, NVIDIA GeForce RTX 5060, 591.86, P8, 28, 1, 1024, 8151, 8.65, 145.00, 255, 405, 1, 8
2026-09-01T14:57:05.9835010+07:00,2026/09/01 14:57:06.014, NVIDIA GeForce RTX 5060, 591.86, P8, 28, 0, 1024, 8151, 8.53, 145.00, 262, 405, 1, 8
2026-09-01T14:57:11.0331600+07:00,2026/09/01 14:57:11.064, NVIDIA GeForce RTX 5060, 591.86, P8, 28, 0, 1024, 8151, 8.49, 145.00, 255, 405, 1, 8
2026-09-01T14:57:16.0935542+07:00,2026/09/01 14:57:16.124, NVIDIA GeForce RTX 5060, 591.86, P8, 28, 0, 1024, 8151, 8.57, 145.00, 255, 405, 1, 8
2026-09-01T14:57:21.1542965+07:00,2026/09/01 14:57:21.185, NVIDIA GeForce RTX 5060, 591.86, P8, 27, 0, 1024, 8151, 8.56, 145.00, 285, 405, 1, 8
2026-09-01T14:57:26.2147708+07:00,2026/09/01 14:57:26.276, NVIDIA GeForce RTX 5060, 591.86, P8, 28, 0, 1024, 8151, 8.56, 145.00, 255, 405, 1, 8
2026-09-01T14:57:31.2977783+07:00,2026/09/01 14:57:31.344, NVIDIA GeForce RTX 5060, 591.86, P8, 27, 0, 1024, 8151, 8.62, 145.00, 255, 405, 1, 8
2026-09-01T14:57:36.4322528+07:00,2026/09/01 14:57:36.467, NVIDIA GeForce RTX 5060, 591.86, P8, 27, 0, 1024, 8151, 8.48, 145.00, 255, 405, 1, 8
2026-09-01T14:57:41.4817872+07:00,2026/09/01 14:57:41.528, NVIDIA GeForce RTX 5060, 591.86, P8, 28, 0, 1024, 8151, 8.67, 145.00, 255, 405, 1, 8
2026-09-01T14:57:46.5584956+07:00,2026/09/01 14:57:46.589, NVIDIA GeForce RTX 5060, 591.86, P8, 28, 0, 1024, 8151, 8.62, 145.00, 255, 405, 1, 8
2026-09-01T14:57:51.6129914+07:00,2026/09/01 14:57:51.643, NVIDIA GeForce RTX 5060, 591.86, P8, 28, 0, 1024, 8151, 8.68, 145.00, 255, 405, 1, 8
2026-09-01T14:57:56.6733500+07:00,2026/09/01 14:57:56.735, NVIDIA GeForce RTX 5060, 591.86, P8, 28, 0, 1024, 8151, 8.72, 145.00, 255, 405, 1, 8
2026-09-01T14:58:01.7779430+07:00,2026/09/01 14:58:01.808, NVIDIA GeForce RTX 5060, 591.86, P8, 27, 0, 1024, 8151, 8.57, 145.00, 255, 405, 1, 8
2026-09-01T14:58:06.9166013+07:00,2026/09/01 14:58:06.947, NVIDIA GeForce RTX 5060, 591.86, P8, 27, 0, 1024, 8151, 8.59, 145.00, 255, 405, 1, 8
2026-09-01T14:58:11.9715005+07:00,2026/09/01 14:58:12.002, NVIDIA GeForce RTX 5060, 591.86, P8, 27, 0, 1024, 8151, 8.76, 145.00, 262, 405, 1, 8
2026-09-01T14:58:17.0325658+07:00,2026/09/01 14:58:17.063, NVIDIA GeForce RTX 5060, 591.86, P8, 28, 0, 1024, 8151, 8.76, 145.00, 255, 405, 1, 8
2026-09-01T14:58:22.0916205+07:00,2026/09/01 14:58:22.122, NVIDIA GeForce RTX 5060, 591.86, P8, 28, 0, 1024, 8151, 8.73, 145.00, 262, 405, 1, 8
2026-09-01T14:58:27.1535907+07:00,2026/09/01 14:58:27.184, NVIDIA GeForce RTX 5060, 591.86, P8, 28, 0, 1024, 8151, 8.86, 145.00, 262, 405, 1, 8
2026-09-01T14:58:32.2093869+07:00,2026/09/01 14:58:32.240, NVIDIA GeForce RTX 5060, 591.86, P8, 27, 0, 1024, 8151, 8.75, 145.00, 270, 405, 1, 8
2026-09-01T14:58:37.3477883+07:00,2026/09/01 14:58:37.378, NVIDIA GeForce RTX 5060, 591.86, P8, 27, 0, 1024, 8151, 8.74, 145.00, 255, 405, 1, 8
2026-09-01T14:58:42.4099364+07:00,2026/09/01 14:58:42.440, NVIDIA GeForce RTX 5060, 591.86, P8, 28, 0, 1024, 8151, 8.62, 145.00, 262, 405, 1, 8
2026-09-01T14:58:47.4724303+07:00,2026/09/01 14:58:47.518, NVIDIA GeForce RTX 5060, 591.86, P8, 27, 0, 1024, 8151, 8.80, 145.00, 255, 405, 1, 8
2026-09-01T14:58:52.5454905+07:00,2026/09/01 14:58:52.577, NVIDIA GeForce RTX 5060, 591.86, P8, 27, 0, 1024, 8151, 8.74, 145.00, 262, 405, 1, 8
2026-09-01T14:58:57.5939051+07:00,2026/09/01 14:58:57.624, NVIDIA GeForce RTX 5060, 591.86, P8, 27, 0, 1024, 8151, 8.77, 145.00, 262, 405, 1, 8
2026-09-01T14:59:02.6553707+07:00,2026/09/01 14:59:02.685, NVIDIA GeForce RTX 5060, 591.86, P8, 28, 0, 1024, 8151, 8.78, 145.00, 262, 405, 1, 8
2026-09-01T14:59:07.7624150+07:00,2026/09/01 14:59:07.793, NVIDIA GeForce RTX 5060, 591.86, P8, 27, 0, 1024, 8151, 8.79, 145.00, 255, 405, 1, 8
2026-09-01T14:59:12.8233183+07:00,2026/09/01 14:59:12.869, NVIDIA GeForce RTX 5060, 591.86, P8, 27, 0, 1024, 8151, 8.82, 145.00, 255, 405, 1, 8
2026-09-01T14:59:17.8854866+07:00,2026/09/01 14:59:17.916, NVIDIA GeForce RTX 5060, 591.86, P8, 27, 0, 1024, 8151, 8.81, 145.00, 255, 405, 1, 8
2026-09-01T14:59:22.9468957+07:00,2026/09/01 14:59:22.993, NVIDIA GeForce RTX 5060, 591.86, P8, 27, 0, 1024, 8151, 8.71, 145.00, 255, 405, 1, 8
2026-09-01T14:59:28.0232863+07:00,2026/09/01 14:59:28.069, NVIDIA GeForce RTX 5060, 591.86, P8, 27, 0, 1024, 8151, 8.79, 145.00, 262, 405, 1, 8
2026-09-01T14:59:33.0987284+07:00,2026/09/01 14:59:33.142, NVIDIA GeForce RTX 5060, 591.86, P8, 27, 0, 1024, 8151, 8.77, 145.00, 270, 405, 1, 8
2026-09-01T14:59:38.2211434+07:00,2026/09/01 14:59:38.252, NVIDIA GeForce RTX 5060, 591.86, P8, 27, 0, 1024, 8151, 8.91, 145.00, 255, 405, 1, 8
2026-09-01T14:59:43.2705829+07:00,2026/09/01 14:59:43.301, NVIDIA GeForce RTX 5060, 591.86, P8, 27, 0, 1024, 8151, 8.82, 145.00, 255, 405, 1, 8
2026-09-01T14:59:48.3187378+07:00,2026/09/01 14:59:48.349, NVIDIA GeForce RTX 5060, 591.86, P8, 27, 0, 1024, 8151, 8.79, 145.00, 255, 405, 1, 8
2026-09-01T14:59:53.3660034+07:00,2026/09/01 14:59:53.397, NVIDIA GeForce RTX 5060, 591.86, P8, 27, 0, 1024, 8151, 8.92, 145.00, 262, 405, 1, 8
2026-09-01T14:59:58.4230507+07:00,2026/09/01 14:59:58.454, NVIDIA GeForce RTX 5060, 591.86, P8, 27, 0, 1024, 8151, 8.84, 145.00, 255, 405, 1, 8
2026-09-01T15:00:03.4822245+07:00,2026/09/01 15:00:03.513, NVIDIA GeForce RTX 5060, 591.86, P8, 27, 0, 1024, 8151, 8.83, 145.00, 255, 405, 1, 8
2026-09-01T15:00:08.6042476+07:00,2026/09/01 15:00:08.650, NVIDIA GeForce RTX 5060, 591.86, P8, 28, 0, 1024, 8151, 8.78, 145.00, 255, 405, 1, 8
2026-09-01T15:00:13.6805070+07:00,2026/09/01 15:00:13.711, NVIDIA GeForce RTX 5060, 591.86, P8, 27, 0, 1024, 8151, 8.89, 145.00, 255, 405, 1, 8
2026-09-01T15:00:18.7180289+07:00,2026/09/01 15:00:18.749, NVIDIA GeForce RTX 5060, 591.86, P8, 27, 0, 1024, 8151, 8.93, 145.00, 277, 405, 1, 8
2026-09-01T15:00:23.7784083+07:00,2026/09/01 15:00:23.809, NVIDIA GeForce RTX 5060, 591.86, P8, 27, 0, 1024, 8151, 8.72, 145.00, 262, 405, 1, 8
2026-09-01T15:00:28.8376321+07:00,2026/09/01 15:00:28.868, NVIDIA GeForce RTX 5060, 591.86, P8, 27, 0, 1024, 8151, 8.83, 145.00, 277, 405, 1, 8
2026-09-01T15:00:33.8845823+07:00,2026/09/01 15:00:33.915, NVIDIA GeForce RTX 5060, 591.86, P8, 27, 0, 1024, 8151, 8.70, 145.00, 277, 405, 1, 8
2026-09-01T15:00:39.0017727+07:00,2026/09/01 15:00:39.032, NVIDIA GeForce RTX 5060, 591.86, P8, 27, 0, 1024, 8151, 8.84, 145.00, 285, 405, 1, 8
2026-09-01T15:00:44.0493836+07:00,2026/09/01 15:00:44.080, NVIDIA GeForce RTX 5060, 591.86, P8, 27, 0, 1024, 8151, 8.76, 145.00, 285, 405, 1, 8
2026-09-01T15:00:49.1103167+07:00,2026/09/01 15:00:49.141, NVIDIA GeForce RTX 5060, 591.86, P8, 27, 0, 1024, 8151, 8.84, 145.00, 285, 405, 1, 8
2026-09-01T15:00:54.1566789+07:00,2026/09/01 15:00:54.187, NVIDIA GeForce RTX 5060, 591.86, P8, 27, 0, 1024, 8151, 8.67, 145.00, 285, 405, 1, 8
2026-09-01T15:00:59.2123222+07:00,2026/09/01 15:00:59.243, NVIDIA GeForce RTX 5060, 591.86, P8, 27, 0, 1024, 8151, 8.90, 145.00, 292, 405, 1, 8
2026-09-01T15:01:04.2716943+07:00,2026/09/01 15:01:04.302, NVIDIA GeForce RTX 5060, 591.86, P8, 27, 0, 1024, 8151, 8.90, 145.00, 285, 405, 1, 8
2026-09-01T15:01:09.3926416+07:00,2026/09/01 15:01:09.423, NVIDIA GeForce RTX 5060, 591.86, P8, 27, 0, 1024, 8151, 8.84, 145.00, 285, 405, 1, 8
2026-09-01T15:01:14.4538840+07:00,2026/09/01 15:01:14.484, NVIDIA GeForce RTX 5060, 591.86, P8, 27, 0, 1024, 8151, 8.78, 145.00, 285, 405, 1, 8
2026-09-01T15:01:19.5114036+07:00,2026/09/01 15:01:19.557, NVIDIA GeForce RTX 5060, 591.86, P8, 27, 0, 1024, 8151, 8.73, 145.00, 285, 405, 1, 8
2026-09-01T15:01:24.5719825+07:00,2026/09/01 15:01:24.602, NVIDIA GeForce RTX 5060, 591.86, P8, 27, 0, 1024, 8151, 8.87, 145.00, 285, 405, 1, 8
2026-09-01T15:01:29.6197080+07:00,2026/09/01 15:01:29.650, NVIDIA GeForce RTX 5060, 591.86, P8, 27, 0, 1024, 8151, 8.80, 145.00, 277, 405, 1, 8
2026-09-01T15:01:34.6823616+07:00,2026/09/01 15:01:34.713, NVIDIA GeForce RTX 5060, 591.86, P8, 27, 0, 1024, 8151, 8.74, 145.00, 277, 405, 1, 8
2026-09-01T15:01:39.8020708+07:00,2026/09/01 15:01:39.847, NVIDIA GeForce RTX 5060, 591.86, P8, 27, 0, 1024, 8151, 8.78, 145.00, 285, 405, 1, 8
2026-09-01T15:01:44.8658186+07:00,2026/09/01 15:01:44.896, NVIDIA GeForce RTX 5060, 591.86, P8, 28, 0, 1024, 8151, 8.89, 145.00, 285, 405, 1, 8
2026-09-01T15:01:49.9080467+07:00,2026/09/01 15:01:49.939, NVIDIA GeForce RTX 5060, 591.86, P8, 27, 0, 1024, 8151, 8.82, 145.00, 285, 405, 1, 8
2026-09-01T15:01:54.9554343+07:00,2026/09/01 15:01:54.986, NVIDIA GeForce RTX 5060, 591.86, P8, 27, 0, 1024, 8151, 8.76, 145.00, 285, 405, 1, 8
2026-09-01T15:02:00.0126573+07:00,2026/09/01 15:02:00.136, NVIDIA GeForce RTX 5060, 591.86, P8, 27, 0, 1024, 8151, 8.71, 145.00, 285, 405, 1, 8
2026-09-01T15:02:05.1791828+07:00,2026/09/01 15:02:05.225, NVIDIA GeForce RTX 5060, 591.86, P8, 27, 0, 1024, 8151, 8.88, 145.00, 285, 405, 1, 8
2026-09-01T15:02:10.2808690+07:00,2026/09/01 15:02:10.311, NVIDIA GeForce RTX 5060, 591.86, P8, 27, 0, 1024, 8151, 8.90, 145.00, 285, 405, 1, 8
2026-09-01T15:02:15.3412386+07:00,2026/09/01 15:02:15.372, NVIDIA GeForce RTX 5060, 591.86, P8, 27, 0, 1024, 8151, 8.75, 145.00, 285, 405, 1, 8
2026-09-01T15:02:20.3894822+07:00,2026/09/01 15:02:20.420, NVIDIA GeForce RTX 5060, 591.86, P8, 27, 0, 1024, 8151, 8.81, 145.00, 285, 405, 1, 8
2026-09-01T15:02:25.4519826+07:00,2026/09/01 15:02:25.483, NVIDIA GeForce RTX 5060, 591.86, P8, 27, 0, 1024, 8151, 8.82, 145.00, 285, 405, 1, 8
2026-09-01T15:02:30.5062531+07:00,2026/09/01 15:02:30.537, NVIDIA GeForce RTX 5060, 591.86, P8, 27, 0, 1024, 8151, 8.65, 145.00, 285, 405, 1, 8
2026-09-01T15:02:35.5682459+07:00,2026/09/01 15:02:35.599, NVIDIA GeForce RTX 5060, 591.86, P8, 27, 0, 1024, 8151, 8.68, 145.00, 285, 405, 1, 8
2026-09-01T15:02:40.7053987+07:00,2026/09/01 15:02:40.736, NVIDIA GeForce RTX 5060, 591.86, P8, 27, 0, 1024, 8151, 8.80, 145.00, 285, 405, 1, 8
2026-09-01T15:02:45.7532651+07:00,2026/09/01 15:02:45.784, NVIDIA GeForce RTX 5060, 591.86, P8, 27, 0, 1024, 8151, 8.71, 145.00, 285, 405, 1, 8
2026-09-01T15:02:50.7950774+07:00,2026/09/01 15:02:50.826, NVIDIA GeForce RTX 5060, 591.86, P8, 27, 0, 1024, 8151, 8.72, 145.00, 285, 405, 1, 8
2026-09-01T15:02:55.8579488+07:00,2026/09/01 15:02:55.888, NVIDIA GeForce RTX 5060, 591.86, P8, 27, 0, 1024, 8151, 8.71, 145.00, 285, 405, 1, 8
2026-09-01T15:03:00.9040992+07:00,2026/09/01 15:03:00.935, NVIDIA GeForce RTX 5060, 591.86, P8, 27, 1, 1024, 8151, 8.77, 145.00, 307, 405, 1, 8
2026-09-01T15:03:05.9645124+07:00,2026/09/01 15:03:05.995, NVIDIA GeForce RTX 5060, 591.86, P8, 27, 0, 1024, 8151, 8.67, 145.00, 270, 405, 1, 8
2026-09-01T15:03:11.0973419+07:00,2026/09/01 15:03:11.128, NVIDIA GeForce RTX 5060, 591.86, P8, 27, 0, 1024, 8151, 8.70, 145.00, 285, 405, 1, 8
2026-09-01T15:03:16.1596366+07:00,2026/09/01 15:03:16.190, NVIDIA GeForce RTX 5060, 591.86, P8, 27, 0, 1024, 8151, 8.76, 145.00, 285, 405, 1, 8
2026-09-01T15:03:21.2199645+07:00,2026/09/01 15:03:21.266, NVIDIA GeForce RTX 5060, 591.86, P8, 27, 0, 1024, 8151, 8.72, 145.00, 285, 405, 1, 8
2026-09-01T15:03:26.2948630+07:00,2026/09/01 15:03:26.341, NVIDIA GeForce RTX 5060, 591.86, P8, 27, 0, 1024, 8151, 8.68, 145.00, 285, 405, 1, 8
2026-09-01T15:03:31.3481951+07:00,2026/09/01 15:03:31.379, NVIDIA GeForce RTX 5060, 591.86, P8, 27, 0, 1024, 8151, 8.70, 145.00, 285, 405, 1, 8
2026-09-01T15:03:36.4089758+07:00,2026/09/01 15:03:36.440, NVIDIA GeForce RTX 5060, 591.86, P8, 27, 0, 1024, 8151, 8.60, 145.00, 262, 405, 1, 8
2026-09-01T15:03:41.5165135+07:00,2026/09/01 15:03:41.547, NVIDIA GeForce RTX 5060, 591.86, P8, 27, 0, 1024, 8151, 8.60, 145.00, 285, 405, 1, 8
2026-09-01T15:03:46.5774887+07:00,2026/09/01 15:03:46.608, NVIDIA GeForce RTX 5060, 591.86, P8, 27, 0, 1024, 8151, 8.74, 145.00, 285, 405, 1, 8
2026-09-01T15:03:51.6361633+07:00,2026/09/01 15:03:51.682, NVIDIA GeForce RTX 5060, 591.86, P8, 27, 0, 1024, 8151, 8.73, 145.00, 292, 405, 1, 8
2026-09-01T15:03:56.7032890+07:00,2026/09/01 15:03:56.734, NVIDIA GeForce RTX 5060, 591.86, P8, 27, 0, 1024, 8151, 8.83, 145.00, 285, 405, 1, 8
2026-09-01T15:04:01.7635929+07:00,2026/09/01 15:04:01.794, NVIDIA GeForce RTX 5060, 591.86, P8, 27, 0, 1024, 8151, 8.84, 145.00, 285, 405, 1, 8
2026-09-01T15:04:06.8100351+07:00,2026/09/01 15:04:06.857, NVIDIA GeForce RTX 5060, 591.86, P8, 27, 0, 1024, 8151, 8.79, 145.00, 285, 405, 1, 8
2026-09-01T15:04:11.9652291+07:00,2026/09/01 15:04:12.011, NVIDIA GeForce RTX 5060, 591.86, P8, 27, 0, 1024, 8151, 8.81, 145.00, 285, 405, 1, 8
2026-09-01T15:04:17.0506497+07:00,2026/09/01 15:04:17.081, NVIDIA GeForce RTX 5060, 591.86, P8, 27, 0, 1024, 8151, 8.80, 145.00, 285, 405, 1, 8
2026-09-01T15:04:22.1113712+07:00,2026/09/01 15:04:22.142, NVIDIA GeForce RTX 5060, 591.86, P8, 27, 0, 1024, 8151, 8.85, 145.00, 285, 405, 1, 8
2026-09-01T15:04:27.1732445+07:00,2026/09/01 15:04:27.204, NVIDIA GeForce RTX 5060, 591.86, P8, 27, 0, 1024, 8151, 8.73, 145.00, 285, 405, 1, 8
2026-09-01T15:04:32.2354498+07:00,2026/09/01 15:04:32.266, NVIDIA GeForce RTX 5060, 591.86, P8, 27, 0, 1024, 8151, 8.72, 145.00, 285, 405, 1, 8
2026-09-01T15:04:37.2936574+07:00,2026/09/01 15:04:37.340, NVIDIA GeForce RTX 5060, 591.86, P8, 27, 0, 1024, 8151, 8.69, 145.00, 285, 405, 1, 8
2026-09-01T15:04:42.4200309+07:00,2026/09/01 15:04:42.451, NVIDIA GeForce RTX 5060, 591.86, P8, 27, 0, 1024, 8151, 8.56, 145.00, 285, 405, 1, 8
2026-09-01T15:04:47.4679614+07:00,2026/09/01 15:04:47.498, NVIDIA GeForce RTX 5060, 591.86, P8, 27, 0, 1024, 8151, 8.66, 145.00, 285, 405, 1, 8
2026-09-01T15:04:52.5306565+07:00,2026/09/01 15:04:52.561, NVIDIA GeForce RTX 5060, 591.86, P8, 27, 0, 1024, 8151, 8.69, 145.00, 285, 405, 1, 8
2026-09-01T15:04:57.5852932+07:00,2026/09/01 15:04:57.647, NVIDIA GeForce RTX 5060, 591.86, P8, 27, 0, 1024, 8151, 8.67, 145.00, 285, 405, 1, 8
2026-09-01T15:05:02.6615930+07:00,2026/09/01 15:05:02.707, NVIDIA GeForce RTX 5060, 591.86, P8, 27, 0, 1024, 8151, 8.64, 145.00, 285, 405, 1, 8
2026-09-01T15:05:07.7392828+07:00,2026/09/01 15:05:07.785, NVIDIA GeForce RTX 5060, 591.86, P8, 27, 0, 1024, 8151, 8.65, 145.00, 285, 405, 1, 8
2026-09-01T15:05:12.8638206+07:00,2026/09/01 15:05:12.894, NVIDIA GeForce RTX 5060, 591.86, P8, 27, 0, 1024, 8151, 8.65, 145.00, 285, 405, 1, 8
2026-09-01T15:05:17.9141372+07:00,2026/09/01 15:05:17.945, NVIDIA GeForce RTX 5060, 591.86, P8, 27, 0, 1024, 8151, 8.60, 145.00, 285, 405, 1, 8
2026-09-01T15:05:22.9757939+07:00,2026/09/01 15:05:23.022, NVIDIA GeForce RTX 5060, 591.86, P8, 27, 0, 1024, 8151, 8.60, 145.00, 285, 405, 1, 8
2026-09-01T15:05:28.0690389+07:00,2026/09/01 15:05:28.115, NVIDIA GeForce RTX 5060, 591.86, P8, 27, 0, 1024, 8151, 8.72, 145.00, 285, 405, 1, 8
2026-09-01T15:05:33.1456779+07:00,2026/09/01 15:05:33.176, NVIDIA GeForce RTX 5060, 591.86, P8, 27, 0, 1024, 8151, 8.67, 145.00, 285, 405, 1, 8
2026-09-01T15:05:38.2023933+07:00,2026/09/01 15:05:38.233, NVIDIA GeForce RTX 5060, 591.86, P8, 27, 0, 1024, 8151, 8.90, 145.00, 285, 405, 1, 8
2026-09-01T15:05:43.3326845+07:00,2026/09/01 15:05:43.358, NVIDIA GeForce RTX 5060, 591.86, P8, 27, 0, 1024, 8151, 8.90, 145.00, 285, 405, 1, 8
2026-09-01T15:05:48.3891193+07:00,2026/09/01 15:05:48.420, NVIDIA GeForce RTX 5060, 591.86, P8, 27, 0, 1024, 8151, 8.65, 145.00, 285, 405, 1, 8
2026-09-01T15:05:53.4506045+07:00,2026/09/01 15:05:53.481, NVIDIA GeForce RTX 5060, 591.86, P8, 27, 0, 1024, 8151, 8.70, 145.00, 285, 405, 1, 8
2026-09-01T15:05:58.5087724+07:00,2026/09/01 15:05:58.539, NVIDIA GeForce RTX 5060, 591.86, P8, 27, 0, 1024, 8151, 8.71, 145.00, 285, 405, 1, 8
2026-09-01T15:06:03.5606286+07:00,2026/09/01 15:06:03.607, NVIDIA GeForce RTX 5060, 591.86, P8, 27, 0, 1024, 8151, 8.59, 145.00, 285, 405, 1, 8
2026-09-01T15:06:08.6394500+07:00,2026/09/01 15:06:08.685, NVIDIA GeForce RTX 5060, 591.86, P8, 27, 0, 1024, 8151, 8.66, 145.00, 285, 405, 1, 8
2026-09-01T15:06:13.7932134+07:00,2026/09/01 15:06:13.824, NVIDIA GeForce RTX 5060, 591.86, P8, 27, 0, 1024, 8151, 8.74, 145.00, 277, 405, 1, 8
2026-09-01T15:06:18.8545125+07:00,2026/09/01 15:06:19.194, NVIDIA GeForce RTX 5060, 591.86, P8, 27, 0, 1024, 8151, 8.74, 145.00, 285, 405, 1, 8
2026-09-01T15:06:24.3581865+07:00,2026/09/01 15:06:24.389, NVIDIA GeForce RTX 5060, 591.86, P8, 27, 0, 1024, 8151, 8.70, 145.00, 285, 405, 1, 8
2026-09-01T15:06:29.4021128+07:00,2026/09/01 15:06:29.495, NVIDIA GeForce RTX 5060, 591.86, P8, 27, 0, 1099, 8151, 9.01, 145.00, 285, 405, 1, 8
2026-09-01T15:06:34.5107304+07:00,2026/09/01 15:06:34.541, NVIDIA GeForce RTX 5060, 591.86, P8, 27, 0, 1099, 8151, 8.73, 145.00, 285, 405, 1, 8
2026-09-01T15:06:39.5706986+07:00,2026/09/01 15:06:39.601, NVIDIA GeForce RTX 5060, 591.86, P8, 27, 0, 1102, 8151, 8.82, 145.00, 322, 405, 1, 8
2026-09-01T15:06:44.6863831+07:00,2026/09/01 15:06:44.748, NVIDIA GeForce RTX 5060, 591.86, P8, 27, 0, 1102, 8151, 8.77, 145.00, 292, 405, 1, 8
2026-09-01T15:06:49.7916509+07:00,2026/09/01 15:06:49.838, NVIDIA GeForce RTX 5060, 591.86, P8, 27, 0, 1102, 8151, 8.95, 145.00, 292, 405, 1, 8
2026-09-01T15:06:54.8690561+07:00,2026/09/01 15:06:54.946, NVIDIA GeForce RTX 5060, 591.86, P8, 27, 0, 1102, 8151, 8.87, 145.00, 285, 405, 1, 8
2026-09-01T15:06:59.9783767+07:00,2026/09/01 15:07:00.055, NVIDIA GeForce RTX 5060, 591.86, P8, 27, 0, 1102, 8151, 8.80, 145.00, 277, 405, 1, 8
2026-09-01T15:07:05.0882212+07:00,2026/09/01 15:07:05.133, NVIDIA GeForce RTX 5060, 591.86, P8, 27, 0, 1102, 8151, 8.69, 145.00, 300, 405, 1, 8
2026-09-01T15:07:10.1537475+07:00,2026/09/01 15:07:10.198, NVIDIA GeForce RTX 5060, 591.86, P8, 27, 0, 1102, 8151, 8.86, 145.00, 307, 405, 1, 8
2026-09-01T15:07:15.2674255+07:00,2026/09/01 15:07:15.298, NVIDIA GeForce RTX 5060, 591.86, P8, 27, 0, 1102, 8151, 8.86, 145.00, 322, 405, 1, 8
2026-09-01T15:07:20.3201068+07:00,2026/09/01 15:07:20.365, NVIDIA GeForce RTX 5060, 591.86, P8, 27, 0, 1102, 8151, 8.79, 145.00, 300, 405, 1, 8
2026-09-01T15:07:25.3735318+07:00,2026/09/01 15:07:25.420, NVIDIA GeForce RTX 5060, 591.86, P8, 27, 0, 1102, 8151, 8.74, 145.00, 285, 405, 1, 8
2026-09-01T15:07:30.4489559+07:00,2026/09/01 15:07:30.479, NVIDIA GeForce RTX 5060, 591.86, P8, 27, 0, 1102, 8151, 8.72, 145.00, 285, 405, 1, 8
2026-09-01T15:07:35.5097520+07:00,2026/09/01 15:07:35.556, NVIDIA GeForce RTX 5060, 591.86, P8, 27, 0, 1102, 8151, 8.76, 145.00, 277, 405, 1, 8
2026-09-01T15:07:40.5856974+07:00,2026/09/01 15:07:40.616, NVIDIA GeForce RTX 5060, 591.86, P8, 27, 0, 1102, 8151, 8.84, 145.00, 285, 405, 1, 8
2026-09-01T15:07:45.6964593+07:00,2026/09/01 15:07:45.727, NVIDIA GeForce RTX 5060, 591.86, P8, 27, 0, 1102, 8151, 8.77, 145.00, 285, 405, 1, 8
2026-09-01T15:07:50.7436323+07:00,2026/09/01 15:07:50.774, NVIDIA GeForce RTX 5060, 591.86, P8, 27, 0, 1102, 8151, 8.73, 145.00, 285, 405, 1, 8
2026-09-01T15:07:55.7914306+07:00,2026/09/01 15:07:55.822, NVIDIA GeForce RTX 5060, 591.86, P8, 27, 0, 1102, 8151, 8.80, 145.00, 285, 405, 1, 8
2026-09-01T15:08:00.8392304+07:00,2026/09/01 15:08:00.870, NVIDIA GeForce RTX 5060, 591.86, P8, 27, 0, 1102, 8151, 8.82, 145.00, 285, 405, 1, 8
2026-09-01T15:08:05.8976159+07:00,2026/09/01 15:08:05.928, NVIDIA GeForce RTX 5060, 591.86, P8, 27, 0, 1102, 8151, 8.80, 145.00, 292, 405, 1, 8
2026-09-01T15:08:10.9484602+07:00,2026/09/01 15:08:10.979, NVIDIA GeForce RTX 5060, 591.86, P8, 27, 0, 1102, 8151, 8.94, 145.00, 285, 405, 1, 8
2026-09-01T15:08:16.0699141+07:00,2026/09/01 15:08:16.100, NVIDIA GeForce RTX 5060, 591.86, P8, 27, 0, 1102, 8151, 8.84, 145.00, 285, 405, 1, 8
2026-09-01T15:08:21.1293059+07:00,2026/09/01 15:08:21.160, NVIDIA GeForce RTX 5060, 591.86, P8, 27, 0, 1102, 8151, 8.82, 145.00, 285, 405, 1, 8
2026-09-01T15:08:26.1918011+07:00,2026/09/01 15:08:26.222, NVIDIA GeForce RTX 5060, 591.86, P8, 27, 0, 1102, 8151, 8.73, 145.00, 285, 405, 1, 8
2026-09-01T15:08:31.2471605+07:00,2026/09/01 15:08:31.277, NVIDIA GeForce RTX 5060, 591.86, P8, 27, 0, 1102, 8151, 8.81, 145.00, 285, 405, 1, 8
2026-09-01T15:08:36.5701333+07:00,2026/09/01 15:08:36.601, NVIDIA GeForce RTX 5060, 591.86, P8, 27, 0, 1102, 8151, 8.77, 145.00, 285, 405, 1, 8
2026-09-01T15:08:41.6166421+07:00,2026/09/01 15:08:41.647, NVIDIA GeForce RTX 5060, 591.86, P8, 27, 0, 1102, 8151, 8.86, 145.00, 285, 405, 1, 8
2026-09-01T15:08:46.7387053+07:00,2026/09/01 15:08:46.785, NVIDIA GeForce RTX 5060, 591.86, P8, 27, 0, 1102, 8151, 8.86, 145.00, 262, 405, 1, 8
2026-09-01T15:08:51.8090211+07:00,2026/09/01 15:08:51.840, NVIDIA GeForce RTX 5060, 591.86, P8, 27, 0, 1102, 8151, 8.85, 145.00, 255, 405, 1, 8
2026-09-01T15:08:56.8527990+07:00,2026/09/01 15:08:56.883, NVIDIA GeForce RTX 5060, 591.86, P8, 27, 0, 1102, 8151, 8.78, 145.00, 262, 405, 1, 8
2026-09-01T15:09:01.9141395+07:00,2026/09/01 15:09:01.944, NVIDIA GeForce RTX 5060, 591.86, P8, 27, 0, 1102, 8151, 8.84, 145.00, 255, 405, 1, 8
2026-09-01T15:09:06.9757222+07:00,2026/09/01 15:09:07.006, NVIDIA GeForce RTX 5060, 591.86, P8, 27, 0, 1102, 8151, 8.70, 145.00, 255, 405, 1, 8
2026-09-01T15:09:12.0290606+07:00,2026/09/01 15:09:12.060, NVIDIA GeForce RTX 5060, 591.86, P8, 27, 0, 1102, 8151, 8.75, 145.00, 262, 405, 1, 8
2026-09-01T15:09:17.1384972+07:00,2026/09/01 15:09:17.168, NVIDIA GeForce RTX 5060, 591.86, P8, 27, 0, 1102, 8151, 8.70, 145.00, 262, 405, 1, 8
2026-09-01T15:09:22.1843480+07:00,2026/09/01 15:09:22.215, NVIDIA GeForce RTX 5060, 591.86, P8, 27, 0, 1102, 8151, 8.78, 145.00, 255, 405, 1, 8
2026-09-01T15:09:27.2331115+07:00,2026/09/01 15:09:27.263, NVIDIA GeForce RTX 5060, 591.86, P8, 27, 0, 1102, 8151, 8.58, 145.00, 262, 405, 1, 8
2026-09-01T15:09:32.2870444+07:00,2026/09/01 15:09:32.318, NVIDIA GeForce RTX 5060, 591.86, P8, 27, 0, 1102, 8151, 8.73, 145.00, 255, 405, 1, 8
2026-09-01T15:09:37.3329198+07:00,2026/09/01 15:09:37.363, NVIDIA GeForce RTX 5060, 591.86, P8, 27, 0, 1102, 8151, 8.65, 145.00, 285, 405, 1, 8
2026-09-01T15:09:42.3803480+07:00,2026/09/01 15:09:42.411, NVIDIA GeForce RTX 5060, 591.86, P8, 27, 0, 1102, 8151, 8.74, 145.00, 255, 405, 1, 8
2026-09-01T15:09:47.4898272+07:00,2026/09/01 15:09:47.520, NVIDIA GeForce RTX 5060, 591.86, P8, 27, 0, 1102, 8151, 8.73, 145.00, 262, 405, 1, 8
2026-09-01T15:09:52.5450399+07:00,2026/09/01 15:09:52.576, NVIDIA GeForce RTX 5060, 591.86, P8, 27, 0, 1102, 8151, 8.77, 145.00, 262, 405, 1, 8
2026-09-01T15:09:57.6052878+07:00,2026/09/01 15:09:57.636, NVIDIA GeForce RTX 5060, 591.86, P8, 27, 0, 1102, 8151, 8.67, 145.00, 277, 405, 1, 8
2026-09-01T15:10:02.6506791+07:00,2026/09/01 15:10:02.681, NVIDIA GeForce RTX 5060, 591.86, P8, 27, 0, 1102, 8151, 8.76, 145.00, 277, 405, 1, 8
2026-09-01T15:10:07.7100859+07:00,2026/09/01 15:10:07.741, NVIDIA GeForce RTX 5060, 591.86, P8, 27, 0, 1102, 8151, 8.82, 145.00, 262, 405, 1, 8
2026-09-01T15:10:12.7651277+07:00,2026/09/01 15:10:12.796, NVIDIA GeForce RTX 5060, 591.86, P8, 27, 0, 1102, 8151, 8.72, 145.00, 262, 405, 1, 8
2026-09-01T15:10:17.8726814+07:00,2026/09/01 15:10:17.903, NVIDIA GeForce RTX 5060, 591.86, P8, 27, 0, 1102, 8151, 8.68, 145.00, 255, 405, 1, 8
2026-09-01T15:10:22.9328071+07:00,2026/09/01 15:10:22.963, NVIDIA GeForce RTX 5060, 591.86, P8, 27, 0, 1102, 8151, 8.68, 145.00, 255, 405, 1, 8
2026-09-01T15:10:27.9942098+07:00,2026/09/01 15:10:28.040, NVIDIA GeForce RTX 5060, 591.86, P8, 27, 0, 1102, 8151, 8.78, 145.00, 285, 405, 1, 8
2026-09-01T15:10:33.0646582+07:00,2026/09/01 15:10:33.110, NVIDIA GeForce RTX 5060, 591.86, P8, 27, 0, 1102, 8151, 8.90, 145.00, 262, 405, 1, 8
2026-09-01T15:10:38.1252583+07:00,2026/09/01 15:10:38.156, NVIDIA GeForce RTX 5060, 591.86, P8, 27, 0, 1102, 8151, 8.64, 145.00, 247, 405, 1, 8
2026-09-01T15:10:43.1838961+07:00,2026/09/01 15:10:43.230, NVIDIA GeForce RTX 5060, 591.86, P8, 27, 0, 1102, 8151, 8.67, 145.00, 255, 405, 1, 8
2026-09-01T15:10:48.3210213+07:00,2026/09/01 15:10:48.351, NVIDIA GeForce RTX 5060, 591.86, P8, 27, 0, 1102, 8151, 8.63, 145.00, 262, 405, 1, 8
2026-09-01T15:10:53.3762121+07:00,2026/09/01 15:10:53.421, NVIDIA GeForce RTX 5060, 591.86, P8, 27, 0, 1102, 8151, 8.57, 145.00, 262, 405, 1, 8
2026-09-01T15:10:58.4373827+07:00,2026/09/01 15:10:58.468, NVIDIA GeForce RTX 5060, 591.86, P8, 27, 0, 1102, 8151, 8.73, 145.00, 262, 405, 1, 8
2026-09-01T15:11:03.4818208+07:00,2026/09/01 15:11:03.512, NVIDIA GeForce RTX 5060, 591.86, P8, 27, 0, 1102, 8151, 8.64, 145.00, 255, 405, 1, 8
2026-09-01T15:11:08.5424610+07:00,2026/09/01 15:11:08.573, NVIDIA GeForce RTX 5060, 591.86, P8, 27, 0, 1102, 8151, 8.56, 145.00, 255, 405, 1, 8
2026-09-01T15:11:13.6048293+07:00,2026/09/01 15:11:13.635, NVIDIA GeForce RTX 5060, 591.86, P8, 27, 0, 1102, 8151, 8.68, 145.00, 262, 405, 1, 8
2026-09-01T15:11:18.7213756+07:00,2026/09/01 15:11:18.752, NVIDIA GeForce RTX 5060, 591.86, P8, 27, 0, 1102, 8151, 8.61, 145.00, 255, 405, 1, 8
2026-09-01T15:11:23.7698679+07:00,2026/09/01 15:11:23.800, NVIDIA GeForce RTX 5060, 591.86, P8, 27, 0, 1102, 8151, 8.76, 145.00, 262, 405, 1, 8
2026-09-01T15:11:28.8311363+07:00,2026/09/01 15:11:28.861, NVIDIA GeForce RTX 5060, 591.86, P8, 27, 0, 1102, 8151, 8.65, 145.00, 270, 405, 1, 8
2026-09-01T15:11:33.8911961+07:00,2026/09/01 15:11:33.922, NVIDIA GeForce RTX 5060, 591.86, P8, 27, 0, 1102, 8151, 8.73, 145.00, 285, 405, 1, 8
2026-09-01T15:11:38.9458688+07:00,2026/09/01 15:11:38.976, NVIDIA GeForce RTX 5060, 591.86, P8, 27, 0, 1102, 8151, 8.82, 145.00, 285, 405, 1, 8
2026-09-01T15:11:44.0233082+07:00,2026/09/01 15:11:44.053, NVIDIA GeForce RTX 5060, 591.86, P8, 27, 0, 1102, 8151, 8.65, 145.00, 285, 405, 1, 8
2026-09-01T15:11:49.1451844+07:00,2026/09/01 15:11:49.175, NVIDIA GeForce RTX 5060, 591.86, P8, 27, 0, 1102, 8151, 8.72, 145.00, 285, 405, 1, 8
2026-09-01T15:11:54.2071832+07:00,2026/09/01 15:11:54.238, NVIDIA GeForce RTX 5060, 591.86, P8, 27, 0, 1102, 8151, 8.74, 145.00, 285, 405, 1, 8
2026-09-01T15:11:59.2628675+07:00,2026/09/01 15:11:59.293, NVIDIA GeForce RTX 5060, 591.86, P8, 27, 0, 1102, 8151, 8.78, 145.00, 285, 405, 1, 8
2026-09-01T15:12:04.3079116+07:00,2026/09/01 15:12:04.354, NVIDIA GeForce RTX 5060, 591.86, P8, 27, 1, 1115, 8151, 9.17, 145.00, 457, 405, 1, 8
2026-09-01T15:12:09.3838833+07:00,2026/09/01 15:12:09.414, NVIDIA GeForce RTX 5060, 591.86, P8, 27, 0, 1105, 8151, 8.76, 145.00, 255, 405, 1, 8
2026-09-01T15:12:14.4331743+07:00,2026/09/01 15:12:14.464, NVIDIA GeForce RTX 5060, 591.86, P8, 27, 0, 1105, 8151, 8.68, 145.00, 285, 405, 1, 8
2026-09-01T15:12:19.5382095+07:00,2026/09/01 15:12:19.569, NVIDIA GeForce RTX 5060, 591.86, P8, 27, 0, 1105, 8151, 8.68, 145.00, 285, 405, 1, 8
2026-09-01T15:12:24.5839186+07:00,2026/09/01 15:12:24.614, NVIDIA GeForce RTX 5060, 591.86, P8, 27, 0, 1105, 8151, 8.77, 145.00, 277, 405, 1, 8
2026-09-01T15:12:29.6281732+07:00,2026/09/01 15:12:29.659, NVIDIA GeForce RTX 5060, 591.86, P8, 27, 0, 1105, 8151, 8.76, 145.00, 262, 405, 1, 8
2026-09-01T15:12:34.6906042+07:00,2026/09/01 15:12:34.721, NVIDIA GeForce RTX 5060, 591.86, P8, 27, 0, 1102, 8151, 8.69, 145.00, 262, 405, 1, 8
2026-09-01T15:12:39.7318730+07:00,2026/09/01 15:12:39.777, NVIDIA GeForce RTX 5060, 591.86, P8, 27, 0, 1102, 8151, 8.82, 145.00, 292, 405, 1, 8
2026-09-01T15:12:44.7950429+07:00,2026/09/01 15:12:44.825, NVIDIA GeForce RTX 5060, 591.86, P8, 27, 0, 1102, 8151, 8.78, 145.00, 255, 405, 1, 8
2026-09-01T15:12:49.9178041+07:00,2026/09/01 15:12:49.948, NVIDIA GeForce RTX 5060, 591.86, P8, 27, 0, 1102, 8151, 8.79, 145.00, 285, 405, 1, 8
2026-09-01T15:12:54.9654998+07:00,2026/09/01 15:12:54.996, NVIDIA GeForce RTX 5060, 591.86, P8, 27, 0, 1102, 8151, 8.72, 145.00, 285, 405, 1, 8
2026-09-01T15:13:00.0245426+07:00,2026/09/01 15:13:00.054, NVIDIA GeForce RTX 5060, 591.86, P8, 27, 0, 1102, 8151, 8.88, 145.00, 285, 405, 1, 8
2026-09-01T15:13:05.0674873+07:00,2026/09/01 15:13:05.098, NVIDIA GeForce RTX 5060, 591.86, P8, 27, 0, 1102, 8151, 8.67, 145.00, 285, 405, 1, 8
2026-09-01T15:13:10.1141444+07:00,2026/09/01 15:13:10.144, NVIDIA GeForce RTX 5060, 591.86, P8, 27, 0, 1102, 8151, 8.72, 145.00, 285, 405, 1, 8
2026-09-01T15:13:15.1747876+07:00,2026/09/01 15:13:15.205, NVIDIA GeForce RTX 5060, 591.86, P8, 27, 0, 1102, 8151, 8.81, 145.00, 270, 405, 1, 8
2026-09-01T15:13:20.2881747+07:00,2026/09/01 15:13:20.318, NVIDIA GeForce RTX 5060, 591.86, P8, 27, 0, 1102, 8151, 8.67, 145.00, 292, 405, 1, 8
2026-09-01T15:13:25.3260481+07:00,2026/09/01 15:13:25.357, NVIDIA GeForce RTX 5060, 591.86, P8, 27, 0, 1102, 8151, 8.78, 145.00, 285, 405, 1, 8
2026-09-01T15:13:30.3847692+07:00,2026/09/01 15:13:30.415, NVIDIA GeForce RTX 5060, 591.86, P8, 27, 0, 1102, 8151, 8.65, 145.00, 285, 405, 1, 8
2026-09-01T15:13:35.4437135+07:00,2026/09/01 15:13:35.474, NVIDIA GeForce RTX 5060, 591.86, P8, 27, 0, 1102, 8151, 8.66, 145.00, 285, 405, 1, 8
2026-09-01T15:13:40.5064697+07:00,2026/09/01 15:13:40.537, NVIDIA GeForce RTX 5060, 591.86, P8, 27, 0, 1102, 8151, 8.70, 145.00, 285, 405, 1, 8
2026-09-01T15:13:45.5627817+07:00,2026/09/01 15:13:45.608, NVIDIA GeForce RTX 5060, 591.86, P8, 27, 0, 1102, 8151, 8.80, 145.00, 292, 405, 1, 8
2026-09-01T15:13:50.6714311+07:00,2026/09/01 15:13:50.702, NVIDIA GeForce RTX 5060, 591.86, P8, 27, 0, 1102, 8151, 8.69, 145.00, 285, 405, 1, 8
2026-09-01T15:13:55.7167823+07:00,2026/09/01 15:13:55.747, NVIDIA GeForce RTX 5060, 591.86, P8, 27, 0, 1102, 8151, 8.54, 145.00, 285, 405, 1, 8
2026-09-01T15:14:00.7779489+07:00,2026/09/01 15:14:00.824, NVIDIA GeForce RTX 5060, 591.86, P8, 27, 0, 1102, 8151, 8.65, 145.00, 285, 405, 1, 8
2026-09-01T15:14:05.8484820+07:00,2026/09/01 15:14:05.893, NVIDIA GeForce RTX 5060, 591.86, P8, 27, 0, 1102, 8151, 8.59, 145.00, 285, 405, 1, 8
2026-09-01T15:14:10.9093488+07:00,2026/09/01 15:14:10.955, NVIDIA GeForce RTX 5060, 591.86, P8, 27, 0, 1102, 8151, 8.69, 145.00, 285, 405, 1, 8
2026-09-01T15:14:15.9858330+07:00,2026/09/01 15:14:16.016, NVIDIA GeForce RTX 5060, 591.86, P8, 27, 0, 1102, 8151, 8.56, 145.00, 285, 405, 1, 8
2026-09-01T15:14:21.1073370+07:00,2026/09/01 15:14:21.138, NVIDIA GeForce RTX 5060, 591.86, P8, 27, 0, 1102, 8151, 8.61, 145.00, 285, 405, 1, 8
2026-09-01T15:14:26.1688060+07:00,2026/09/01 15:14:26.214, NVIDIA GeForce RTX 5060, 591.86, P8, 27, 0, 1102, 8151, 8.81, 145.00, 285, 405, 1, 8
2026-09-01T15:14:31.2259256+07:00,2026/09/01 15:14:31.272, NVIDIA GeForce RTX 5060, 591.86, P8, 27, 0, 1102, 8151, 8.85, 145.00, 285, 405, 1, 8
2026-09-01T15:14:36.3022770+07:00,2026/09/01 15:14:36.333, NVIDIA GeForce RTX 5060, 591.86, P8, 27, 0, 1102, 8151, 8.86, 145.00, 285, 405, 1, 8
2026-09-01T15:14:41.3626353+07:00,2026/09/01 15:14:41.393, NVIDIA GeForce RTX 5060, 591.86, P8, 27, 0, 1102, 8151, 8.75, 145.00, 285, 405, 1, 8
2026-09-01T15:14:46.4222075+07:00,2026/09/01 15:14:46.452, NVIDIA GeForce RTX 5060, 591.86, P8, 27, 0, 1102, 8151, 8.82, 145.00, 285, 405, 1, 8
2026-09-01T15:14:51.5847013+07:00,2026/09/01 15:14:51.615, NVIDIA GeForce RTX 5060, 591.86, P8, 27, 0, 1102, 8151, 8.67, 145.00, 285, 405, 1, 8
2026-09-01T15:14:56.6453304+07:00,2026/09/01 15:14:56.676, NVIDIA GeForce RTX 5060, 591.86, P8, 27, 0, 1102, 8151, 8.86, 145.00, 285, 405, 1, 8
2026-09-01T15:15:01.6941209+07:00,2026/09/01 15:15:01.724, NVIDIA GeForce RTX 5060, 591.86, P8, 27, 0, 1102, 8151, 8.75, 145.00, 285, 405, 1, 8
2026-09-01T15:15:06.7405335+07:00,2026/09/01 15:15:06.771, NVIDIA GeForce RTX 5060, 591.86, P8, 27, 0, 1102, 8151, 8.71, 145.00, 277, 405, 1, 8
2026-09-01T15:15:11.7987240+07:00,2026/09/01 15:15:11.829, NVIDIA GeForce RTX 5060, 591.86, P8, 27, 0, 1102, 8151, 8.82, 145.00, 285, 405, 1, 8
2026-09-01T15:15:16.8464291+07:00,2026/09/01 15:15:16.877, NVIDIA GeForce RTX 5060, 591.86, P8, 27, 0, 1102, 8151, 8.66, 145.00, 285, 405, 1, 8
2026-09-01T15:15:21.9691709+07:00,2026/09/01 15:15:22.000, NVIDIA GeForce RTX 5060, 591.86, P8, 27, 0, 1102, 8151, 8.79, 145.00, 285, 405, 1, 8
2026-09-01T15:15:27.0321256+07:00,2026/09/01 15:15:27.063, NVIDIA GeForce RTX 5060, 591.86, P8, 27, 0, 1102, 8151, 8.79, 145.00, 285, 405, 1, 8
2026-09-01T15:15:32.0889283+07:00,2026/09/01 15:15:32.119, NVIDIA GeForce RTX 5060, 591.86, P8, 27, 0, 1102, 8151, 8.79, 145.00, 285, 405, 1, 8
2026-09-01T15:15:37.1514557+07:00,2026/09/01 15:15:37.182, NVIDIA GeForce RTX 5060, 591.86, P8, 27, 0, 1102, 8151, 8.85, 145.00, 292, 405, 1, 8
2026-09-01T15:15:42.2100827+07:00,2026/09/01 15:15:42.240, NVIDIA GeForce RTX 5060, 591.86, P8, 27, 0, 1102, 8151, 8.78, 145.00, 285, 405, 1, 8
2026-09-01T15:15:47.2695995+07:00,2026/09/01 15:15:47.300, NVIDIA GeForce RTX 5060, 591.86, P8, 27, 0, 1102, 8151, 8.81, 145.00, 285, 405, 1, 8
2026-09-01T15:15:52.4002927+07:00,2026/09/01 15:15:52.445, NVIDIA GeForce RTX 5060, 591.86, P8, 27, 0, 1102, 8151, 8.89, 145.00, 285, 405, 1, 8
2026-09-01T15:15:57.4643950+07:00,2026/09/01 15:15:57.495, NVIDIA GeForce RTX 5060, 591.86, P8, 27, 0, 1102, 8151, 8.70, 145.00, 285, 405, 1, 8
2026-09-01T15:16:02.5082051+07:00,2026/09/01 15:16:02.539, NVIDIA GeForce RTX 5060, 591.86, P8, 27, 0, 1102, 8151, 8.88, 145.00, 285, 405, 1, 8
2026-09-01T15:16:07.5691061+07:00,2026/09/01 15:16:07.600, NVIDIA GeForce RTX 5060, 591.86, P8, 27, 0, 1102, 8151, 8.66, 145.00, 285, 405, 1, 8
2026-09-01T15:16:12.6311790+07:00,2026/09/01 15:16:12.662, NVIDIA GeForce RTX 5060, 591.86, P8, 27, 0, 1102, 8151, 8.66, 145.00, 277, 405, 1, 8
2026-09-01T15:16:17.6886527+07:00,2026/09/01 15:16:17.735, NVIDIA GeForce RTX 5060, 591.86, P8, 27, 0, 1102, 8151, 8.81, 145.00, 285, 405, 1, 8
2026-09-01T15:16:22.8283312+07:00,2026/09/01 15:16:22.859, NVIDIA GeForce RTX 5060, 591.86, P8, 27, 0, 1102, 8151, 8.73, 145.00, 285, 405, 1, 8
2026-09-01T15:16:27.8762026+07:00,2026/09/01 15:16:27.907, NVIDIA GeForce RTX 5060, 591.86, P8, 27, 0, 1102, 8151, 8.79, 145.00, 285, 405, 1, 8
2026-09-01T15:16:32.9212370+07:00,2026/09/01 15:16:32.952, NVIDIA GeForce RTX 5060, 591.86, P8, 27, 0, 1102, 8151, 8.70, 145.00, 285, 405, 1, 8
2026-09-01T15:16:37.9663835+07:00,2026/09/01 15:16:37.997, NVIDIA GeForce RTX 5060, 591.86, P8, 27, 0, 1102, 8151, 8.78, 145.00, 292, 405, 1, 8
2026-09-01T15:16:43.0144066+07:00,2026/09/01 15:16:43.045, NVIDIA GeForce RTX 5060, 591.86, P8, 27, 0, 1102, 8151, 8.81, 145.00, 285, 405, 1, 8
2026-09-01T15:16:48.0630187+07:00,2026/09/01 15:16:48.093, NVIDIA GeForce RTX 5060, 591.86, P8, 27, 0, 1102, 8151, 8.73, 145.00, 285, 405, 1, 8
2026-09-01T15:16:53.1708407+07:00,2026/09/01 15:16:53.201, NVIDIA GeForce RTX 5060, 591.86, P8, 27, 0, 1102, 8151, 8.63, 145.00, 285, 405, 1, 8
2026-09-01T15:16:58.2268674+07:00,2026/09/01 15:16:58.257, NVIDIA GeForce RTX 5060, 591.86, P8, 27, 0, 1102, 8151, 8.65, 145.00, 285, 405, 1, 8
2026-09-01T15:17:03.2885953+07:00,2026/09/01 15:17:03.319, NVIDIA GeForce RTX 5060, 591.86, P8, 27, 0, 1102, 8151, 8.67, 145.00, 285, 405, 1, 8
2026-09-01T15:17:08.3641414+07:00,2026/09/01 15:17:08.395, NVIDIA GeForce RTX 5060, 591.86, P8, 27, 0, 1102, 8151, 8.70, 145.00, 285, 405, 1, 8
2026-09-01T15:17:13.4230825+07:00,2026/09/01 15:17:13.454, NVIDIA GeForce RTX 5060, 591.86, P8, 27, 0, 1102, 8151, 8.67, 145.00, 285, 405, 1, 8
2026-09-01T15:17:18.4786254+07:00,2026/09/01 15:17:18.509, NVIDIA GeForce RTX 5060, 591.86, P8, 27, 0, 1102, 8151, 8.68, 145.00, 285, 405, 1, 8
2026-09-01T15:17:23.6003599+07:00,2026/09/01 15:17:23.631, NVIDIA GeForce RTX 5060, 591.86, P8, 27, 0, 1102, 8151, 8.60, 145.00, 285, 405, 1, 8
2026-09-01T15:17:28.6598571+07:00,2026/09/01 15:17:28.690, NVIDIA GeForce RTX 5060, 591.86, P8, 27, 0, 1102, 8151, 8.78, 145.00, 285, 405, 1, 8
2026-09-01T15:17:33.7199082+07:00,2026/09/01 15:17:33.750, NVIDIA GeForce RTX 5060, 591.86, P8, 27, 0, 1102, 8151, 8.66, 145.00, 285, 405, 1, 8
2026-09-01T15:17:38.7767391+07:00,2026/09/01 15:17:38.807, NVIDIA GeForce RTX 5060, 591.86, P8, 27, 0, 1102, 8151, 8.84, 145.00, 285, 405, 1, 8
2026-09-01T15:17:43.8247331+07:00,2026/09/01 15:17:43.855, NVIDIA GeForce RTX 5060, 591.86, P8, 27, 0, 1102, 8151, 8.72, 145.00, 285, 405, 1, 8
2026-09-01T15:17:48.8848007+07:00,2026/09/01 15:17:48.915, NVIDIA GeForce RTX 5060, 591.86, P8, 27, 0, 1102, 8151, 8.86, 145.00, 285, 405, 1, 8
2026-09-01T15:17:54.0094167+07:00,2026/09/01 15:17:54.040, NVIDIA GeForce RTX 5060, 591.86, P8, 27, 0, 1102, 8151, 8.68, 145.00, 285, 405, 1, 8
2026-09-01T15:17:59.0673423+07:00,2026/09/01 15:17:59.098, NVIDIA GeForce RTX 5060, 591.86, P8, 27, 0, 1102, 8151, 8.97, 145.00, 285, 405, 1, 8
2026-09-01T15:18:04.1159034+07:00,2026/09/01 15:18:04.146, NVIDIA GeForce RTX 5060, 591.86, P8, 27, 0, 1102, 8151, 8.70, 145.00, 285, 405, 1, 8
2026-09-01T15:18:09.1619197+07:00,2026/09/01 15:18:09.192, NVIDIA GeForce RTX 5060, 591.86, P8, 27, 0, 1102, 8151, 8.67, 145.00, 285, 405, 1, 8
2026-09-01T15:18:14.2248671+07:00,2026/09/01 15:18:14.271, NVIDIA GeForce RTX 5060, 591.86, P8, 27, 0, 1102, 8151, 8.60, 145.00, 285, 405, 1, 8
2026-09-01T15:18:19.2962836+07:00,2026/09/01 15:18:19.341, NVIDIA GeForce RTX 5060, 591.86, P8, 27, 0, 1102, 8151, 8.76, 145.00, 285, 405, 1, 8
2026-09-01T15:18:24.4019107+07:00,2026/09/01 15:18:24.432, NVIDIA GeForce RTX 5060, 591.86, P8, 27, 0, 1102, 8151, 8.72, 145.00, 300, 405, 1, 8
2026-09-01T15:18:29.4642181+07:00,2026/09/01 15:18:29.495, NVIDIA GeForce RTX 5060, 591.86, P8, 27, 0, 1102, 8151, 8.67, 145.00, 285, 405, 1, 8
2026-09-01T15:18:34.5234672+07:00,2026/09/01 15:18:34.553, NVIDIA GeForce RTX 5060, 591.86, P8, 27, 0, 1102, 8151, 8.53, 145.00, 285, 405, 1, 8
2026-09-01T15:18:39.5857602+07:00,2026/09/01 15:18:39.631, NVIDIA GeForce RTX 5060, 591.86, P8, 27, 0, 1102, 8151, 8.55, 145.00, 285, 405, 1, 8
2026-09-01T15:18:44.6598067+07:00,2026/09/01 15:18:44.689, NVIDIA GeForce RTX 5060, 591.86, P8, 27, 0, 1102, 8151, 8.61, 145.00, 285, 405, 1, 8
2026-09-01T15:18:49.7061139+07:00,2026/09/01 15:18:49.737, NVIDIA GeForce RTX 5060, 591.86, P8, 27, 0, 1102, 8151, 8.86, 145.00, 285, 405, 1, 8
2026-09-01T15:18:54.8294017+07:00,2026/09/01 15:18:54.875, NVIDIA GeForce RTX 5060, 591.86, P8, 27, 0, 1102, 8151, 8.66, 145.00, 285, 405, 1, 8
2026-09-01T15:18:59.9036910+07:00,2026/09/01 15:18:59.950, NVIDIA GeForce RTX 5060, 591.86, P8, 27, 0, 1102, 8151, 8.83, 145.00, 285, 405, 1, 8
2026-09-01T15:19:04.9928450+07:00,2026/09/01 15:19:05.022, NVIDIA GeForce RTX 5060, 591.86, P8, 27, 0, 1102, 8151, 8.82, 145.00, 285, 405, 1, 8
2026-09-01T15:19:10.0356955+07:00,2026/09/01 15:19:10.067, NVIDIA GeForce RTX 5060, 591.86, P8, 27, 0, 1102, 8151, 8.69, 145.00, 285, 405, 1, 8
2026-09-01T15:19:15.0984892+07:00,2026/09/01 15:19:15.129, NVIDIA GeForce RTX 5060, 591.86, P8, 27, 0, 1102, 8151, 8.73, 145.00, 285, 405, 1, 8
2026-09-01T15:19:20.1592715+07:00,2026/09/01 15:19:20.205, NVIDIA GeForce RTX 5060, 591.86, P8, 27, 0, 1102, 8151, 8.51, 145.00, 285, 405, 1, 8
2026-09-01T15:19:25.3067682+07:00,2026/09/01 15:19:25.337, NVIDIA GeForce RTX 5060, 591.86, P8, 27, 0, 1102, 8151, 8.65, 145.00, 285, 405, 1, 8
2026-09-01T15:19:30.3615683+07:00,2026/09/01 15:19:30.392, NVIDIA GeForce RTX 5060, 591.86, P8, 27, 0, 1102, 8151, 8.60, 145.00, 285, 405, 1, 8
2026-09-01T15:19:35.4224630+07:00,2026/09/01 15:19:35.453, NVIDIA GeForce RTX 5060, 591.86, P8, 27, 0, 1102, 8151, 8.73, 145.00, 277, 405, 1, 8
2026-09-01T15:19:40.4678307+07:00,2026/09/01 15:19:40.576, NVIDIA GeForce RTX 5060, 591.86, P8, 27, 0, 1102, 8151, 8.84, 145.00, 285, 405, 1, 8
2026-09-01T15:19:45.6085849+07:00,2026/09/01 15:19:45.747, NVIDIA GeForce RTX 5060, 591.86, P8, 27, 0, 1102, 8151, 8.76, 145.00, 285, 405, 1, 8
2026-09-01T15:19:50.7715764+07:00,2026/09/01 15:19:50.864, NVIDIA GeForce RTX 5060, 591.86, P8, 27, 0, 1102, 8151, 8.81, 145.00, 285, 405, 1, 8
2026-09-01T15:19:55.9545654+07:00,2026/09/01 15:19:56.063, NVIDIA GeForce RTX 5060, 591.86, P8, 27, 0, 1102, 8151, 8.92, 145.00, 285, 405, 1, 8
2026-09-01T15:20:01.0892738+07:00,2026/09/01 15:20:01.197, NVIDIA GeForce RTX 5060, 591.86, P8, 27, 0, 1102, 8151, 9.09, 145.00, 322, 405, 1, 8
2026-09-01T15:20:06.2118093+07:00,2026/09/01 15:20:06.242, NVIDIA GeForce RTX 5060, 591.86, P8, 27, 0, 1106, 8151, 8.89, 145.00, 307, 405, 1, 8
2026-09-01T15:20:11.2537307+07:00,2026/09/01 15:20:11.284, NVIDIA GeForce RTX 5060, 591.86, P8, 27, 0, 1105, 8151, 8.85, 145.00, 285, 405, 1, 8
2026-09-01T15:20:16.3035428+07:00,2026/09/01 15:20:16.365, NVIDIA GeForce RTX 5060, 591.86, P8, 27, 0, 1105, 8151, 8.84, 145.00, 285, 405, 1, 8
2026-09-01T15:20:21.3824707+07:00,2026/09/01 15:20:21.428, NVIDIA GeForce RTX 5060, 591.86, P8, 27, 0, 1105, 8151, 8.59, 145.00, 292, 405, 1, 8
2026-09-01T15:20:26.4989047+07:00,2026/09/01 15:20:26.529, NVIDIA GeForce RTX 5060, 591.86, P8, 27, 0, 1105, 8151, 8.59, 145.00, 277, 405, 1, 8
2026-09-01T15:20:31.5429725+07:00,2026/09/01 15:20:31.573, NVIDIA GeForce RTX 5060, 591.86, P8, 27, 0, 1105, 8151, 8.72, 145.00, 277, 405, 1, 8
2026-09-01T15:20:36.5887853+07:00,2026/09/01 15:20:36.650, NVIDIA GeForce RTX 5060, 591.86, P8, 27, 0, 1113, 8151, 8.78, 145.00, 285, 405, 1, 8
2026-09-01T15:20:41.6654599+07:00,2026/09/01 15:20:41.711, NVIDIA GeForce RTX 5060, 591.86, P8, 27, 0, 1102, 8151, 8.60, 145.00, 277, 405, 1, 8
2026-09-01T15:20:46.7361018+07:00,2026/09/01 15:20:46.766, NVIDIA GeForce RTX 5060, 591.86, P8, 27, 0, 1102, 8151, 8.76, 145.00, 285, 405, 1, 8
2026-09-01T15:20:51.7955044+07:00,2026/09/01 15:20:51.826, NVIDIA GeForce RTX 5060, 591.86, P8, 27, 0, 1102, 8151, 8.64, 145.00, 277, 405, 1, 8
2026-09-01T15:20:56.9169718+07:00,2026/09/01 15:20:56.963, NVIDIA GeForce RTX 5060, 591.86, P8, 27, 0, 1102, 8151, 8.71, 145.00, 285, 405, 1, 8
2026-09-01T15:21:01.9922235+07:00,2026/09/01 15:21:02.038, NVIDIA GeForce RTX 5060, 591.86, P8, 27, 0, 1102, 8151, 8.90, 145.00, 285, 405, 1, 8
2026-09-01T15:21:07.0557920+07:00,2026/09/01 15:21:07.086, NVIDIA GeForce RTX 5060, 591.86, P8, 27, 0, 1102, 8151, 8.80, 145.00, 285, 405, 1, 8
2026-09-01T15:21:12.1175704+07:00,2026/09/01 15:21:12.148, NVIDIA GeForce RTX 5060, 591.86, P8, 27, 0, 1102, 8151, 8.84, 145.00, 285, 405, 1, 8
2026-09-01T15:21:17.1653369+07:00,2026/09/01 15:21:17.196, NVIDIA GeForce RTX 5060, 591.86, P8, 27, 0, 1102, 8151, 8.77, 145.00, 285, 405, 1, 8
2026-09-01T15:21:22.2144733+07:00,2026/09/01 15:21:22.245, NVIDIA GeForce RTX 5060, 591.86, P8, 27, 0, 1102, 8151, 8.81, 145.00, 277, 405, 1, 8
2026-09-01T15:21:27.3396717+07:00,2026/09/01 15:21:27.370, NVIDIA GeForce RTX 5060, 591.86, P8, 27, 0, 1102, 8151, 8.85, 145.00, 285, 405, 1, 8
2026-09-01T15:21:32.4032786+07:00,2026/09/01 15:21:32.556, NVIDIA GeForce RTX 5060, 591.86, P8, 27, 0, 1102, 8151, 8.85, 145.00, 285, 405, 1, 8
2026-09-01T15:21:38.2791029+07:00,2026/09/01 15:21:38.359, NVIDIA GeForce RTX 5060, 591.86, P8, 27, 0, 1102, 8151, 8.77, 145.00, 285, 405, 1, 8
2026-09-01T15:21:43.4180762+07:00,2026/09/01 15:21:43.448, NVIDIA GeForce RTX 5060, 591.86, P8, 27, 0, 1102, 8151, 8.76, 145.00, 285, 405, 1, 8
2026-09-01T15:21:48.4776736+07:00,2026/09/01 15:21:48.508, NVIDIA GeForce RTX 5060, 591.86, P8, 27, 0, 1102, 8151, 8.70, 145.00, 285, 405, 1, 8
2026-09-01T15:21:53.5253881+07:00,2026/09/01 15:21:53.556, NVIDIA GeForce RTX 5060, 591.86, P8, 27, 0, 1102, 8151, 8.87, 145.00, 262, 405, 1, 8
2026-09-01T15:21:58.6341271+07:00,2026/09/01 15:21:58.663, NVIDIA GeForce RTX 5060, 591.86, P8, 27, 0, 1102, 8151, 8.81, 145.00, 285, 405, 1, 8
2026-09-01T15:22:03.6707860+07:00,2026/09/01 15:22:03.701, NVIDIA GeForce RTX 5060, 591.86, P8, 27, 0, 1102, 8151, 8.79, 145.00, 277, 405, 1, 8
2026-09-01T15:22:08.7303142+07:00,2026/09/01 15:22:08.760, NVIDIA GeForce RTX 5060, 591.86, P8, 27, 0, 1102, 8151, 8.73, 145.00, 277, 405, 1, 8
2026-09-01T15:22:13.7922214+07:00,2026/09/01 15:22:13.823, NVIDIA GeForce RTX 5060, 591.86, P8, 27, 0, 1102, 8151, 8.93, 145.00, 285, 405, 1, 8
2026-09-01T15:22:18.8537805+07:00,2026/09/01 15:22:18.900, NVIDIA GeForce RTX 5060, 591.86, P8, 27, 0, 1102, 8151, 8.91, 145.00, 277, 405, 1, 8
2026-09-01T15:22:23.9259302+07:00,2026/09/01 15:22:23.956, NVIDIA GeForce RTX 5060, 591.86, P8, 27, 0, 1102, 8151, 8.72, 145.00, 285, 405, 1, 8
2026-09-01T15:22:29.0523957+07:00,2026/09/01 15:22:29.083, NVIDIA GeForce RTX 5060, 591.86, P8, 27, 0, 1102, 8151, 8.70, 145.00, 285, 405, 1, 8
2026-09-01T15:22:34.0987334+07:00,2026/09/01 15:22:34.145, NVIDIA GeForce RTX 5060, 591.86, P8, 27, 0, 1102, 8151, 8.60, 145.00, 292, 405, 1, 8
2026-09-01T15:22:39.1588624+07:00,2026/09/01 15:22:39.189, NVIDIA GeForce RTX 5060, 591.86, P8, 27, 0, 1102, 8151, 8.80, 145.00, 285, 405, 1, 8
2026-09-01T15:22:44.2037392+07:00,2026/09/01 15:22:44.250, NVIDIA GeForce RTX 5060, 591.86, P0, 29, 0, 1102, 8151, 21.98, 145.00, 2527, 14201, 4, 8
2026-09-01T15:22:49.2783665+07:00,2026/09/01 15:22:49.324, NVIDIA GeForce RTX 5060, 591.86, P8, 27, 0, 1102, 8151, 8.96, 145.00, 285, 405, 1, 8
2026-09-01T15:22:54.3524653+07:00,2026/09/01 15:22:54.383, NVIDIA GeForce RTX 5060, 591.86, P8, 27, 0, 1102, 8151, 8.79, 145.00, 285, 405, 1, 8
2026-09-01T15:22:59.4747884+07:00,2026/09/01 15:22:59.505, NVIDIA GeForce RTX 5060, 591.86, P8, 27, 0, 1102, 8151, 8.76, 145.00, 285, 405, 1, 8
2026-09-01T15:23:04.5172009+07:00,2026/09/01 15:23:04.548, NVIDIA GeForce RTX 5060, 591.86, P8, 27, 0, 1102, 8151, 8.70, 145.00, 285, 405, 1, 8
2026-09-01T15:23:09.5654403+07:00,2026/09/01 15:23:09.596, NVIDIA GeForce RTX 5060, 591.86, P8, 27, 0, 1102, 8151, 8.63, 145.00, 285, 405, 1, 8
2026-09-01T15:23:14.6142354+07:00,2026/09/01 15:23:14.645, NVIDIA GeForce RTX 5060, 591.86, P8, 27, 0, 1102, 8151, 8.66, 145.00, 285, 405, 1, 8
2026-09-01T15:23:19.6766572+07:00,2026/09/01 15:23:19.723, NVIDIA GeForce RTX 5060, 591.86, P8, 27, 0, 1102, 8151, 8.65, 145.00, 285, 405, 1, 8
2026-09-01T15:23:24.7468516+07:00,2026/09/01 15:23:24.777, NVIDIA GeForce RTX 5060, 591.86, P8, 27, 0, 1102, 8151, 8.57, 145.00, 277, 405, 1, 8
2026-09-01T15:23:29.8694320+07:00,2026/09/01 15:23:29.900, NVIDIA GeForce RTX 5060, 591.86, P8, 27, 0, 1102, 8151, 8.66, 145.00, 285, 405, 1, 8
2026-09-01T15:23:34.9185743+07:00,2026/09/01 15:23:34.949, NVIDIA GeForce RTX 5060, 591.86, P8, 27, 0, 1102, 8151, 8.85, 145.00, 270, 405, 1, 8
2026-09-01T15:23:39.9678818+07:00,2026/09/01 15:23:39.998, NVIDIA GeForce RTX 5060, 591.86, P8, 27, 0, 1102, 8151, 8.62, 145.00, 255, 405, 1, 8
2026-09-01T15:23:45.0263617+07:00,2026/09/01 15:23:45.057, NVIDIA GeForce RTX 5060, 591.86, P8, 27, 0, 1102, 8151, 8.73, 145.00, 262, 405, 1, 8
2026-09-01T15:23:50.0789213+07:00,2026/09/01 15:23:50.109, NVIDIA GeForce RTX 5060, 591.86, P8, 27, 0, 1102, 8151, 8.71, 145.00, 262, 405, 1, 8
2026-09-01T15:23:55.1400920+07:00,2026/09/01 15:23:55.171, NVIDIA GeForce RTX 5060, 591.86, P8, 27, 0, 1102, 8151, 8.58, 145.00, 255, 405, 1, 8
2026-09-01T15:24:00.2625630+07:00,2026/09/01 15:24:00.293, NVIDIA GeForce RTX 5060, 591.86, P8, 27, 0, 1102, 8151, 8.66, 145.00, 255, 405, 1, 8
2026-09-01T15:24:05.3218242+07:00,2026/09/01 15:24:05.352, NVIDIA GeForce RTX 5060, 591.86, P8, 27, 0, 1102, 8151, 8.69, 145.00, 262, 405, 1, 8
2026-09-01T15:24:10.3743231+07:00,2026/09/01 15:24:10.436, NVIDIA GeForce RTX 5060, 591.86, P8, 27, 0, 1102, 8151, 8.73, 145.00, 255, 405, 1, 8
2026-09-01T15:24:15.4526661+07:00,2026/09/01 15:24:15.483, NVIDIA GeForce RTX 5060, 591.86, P8, 27, 0, 1102, 8151, 8.78, 145.00, 255, 405, 1, 8
2026-09-01T15:24:20.5137310+07:00,2026/09/01 15:24:20.544, NVIDIA GeForce RTX 5060, 591.86, P8, 27, 0, 1102, 8151, 8.84, 145.00, 255, 405, 1, 8
2026-09-01T15:24:25.5766519+07:00,2026/09/01 15:24:25.607, NVIDIA GeForce RTX 5060, 591.86, P8, 27, 0, 1102, 8151, 8.72, 145.00, 255, 405, 1, 8
2026-09-01T15:24:30.6922300+07:00,2026/09/01 15:24:30.723, NVIDIA GeForce RTX 5060, 591.86, P8, 27, 0, 1102, 8151, 8.81, 145.00, 262, 405, 1, 8
2026-09-01T15:24:35.7397241+07:00,2026/09/01 15:24:35.786, NVIDIA GeForce RTX 5060, 591.86, P8, 27, 0, 1102, 8151, 8.75, 145.00, 240, 405, 1, 8
2026-09-01T15:24:40.8047617+07:00,2026/09/01 15:24:40.835, NVIDIA GeForce RTX 5060, 591.86, P8, 27, 0, 1102, 8151, 8.69, 145.00, 255, 405, 1, 8
2026-09-01T15:24:45.8644499+07:00,2026/09/01 15:24:45.895, NVIDIA GeForce RTX 5060, 591.86, P8, 27, 0, 1102, 8151, 8.66, 145.00, 255, 405, 1, 8
2026-09-01T15:24:50.9205408+07:00,2026/09/01 15:24:50.951, NVIDIA GeForce RTX 5060, 591.86, P8, 27, 0, 1102, 8151, 8.73, 145.00, 255, 405, 1, 8
2026-09-01T15:24:55.9813075+07:00,2026/09/01 15:24:56.011, NVIDIA GeForce RTX 5060, 591.86, P8, 27, 0, 1102, 8151, 8.78, 145.00, 285, 405, 1, 8
2026-09-01T15:25:01.0908419+07:00,2026/09/01 15:25:01.137, NVIDIA GeForce RTX 5060, 591.86, P8, 27, 0, 1102, 8151, 8.68, 145.00, 277, 405, 1, 8
2026-09-01T15:25:06.1682091+07:00,2026/09/01 15:25:06.199, NVIDIA GeForce RTX 5060, 591.86, P8, 27, 0, 1102, 8151, 8.72, 145.00, 285, 405, 1, 8
2026-09-01T15:25:11.2234359+07:00,2026/09/01 15:25:11.254, NVIDIA GeForce RTX 5060, 591.86, P8, 27, 0, 1102, 8151, 8.81, 145.00, 255, 405, 1, 8
2026-09-01T15:25:16.2846009+07:00,2026/09/01 15:25:16.315, NVIDIA GeForce RTX 5060, 591.86, P8, 27, 0, 1102, 8151, 8.70, 145.00, 285, 405, 1, 8
2026-09-01T15:25:21.3453889+07:00,2026/09/01 15:25:21.376, NVIDIA GeForce RTX 5060, 591.86, P8, 27, 0, 1102, 8151, 8.70, 145.00, 285, 405, 1, 8
2026-09-01T15:25:26.4052151+07:00,2026/09/01 15:25:26.435, NVIDIA GeForce RTX 5060, 591.86, P8, 27, 0, 1102, 8151, 8.65, 145.00, 285, 405, 1, 8
2026-09-01T15:25:31.5382587+07:00,2026/09/01 15:25:31.568, NVIDIA GeForce RTX 5060, 591.86, P8, 27, 0, 1102, 8151, 8.83, 145.00, 255, 405, 1, 8
2026-09-01T15:25:36.5851010+07:00,2026/09/01 15:25:36.631, NVIDIA GeForce RTX 5060, 591.86, P8, 27, 0, 1102, 8151, 8.80, 145.00, 285, 405, 1, 8
2026-09-01T15:25:41.6613783+07:00,2026/09/01 15:25:41.692, NVIDIA GeForce RTX 5060, 591.86, P8, 27, 0, 1102, 8151, 8.65, 145.00, 285, 405, 1, 8
2026-09-01T15:25:46.7058782+07:00,2026/09/01 15:25:46.890, NVIDIA GeForce RTX 5060, 591.86, P8, 27, 1, 1160, 8151, 9.35, 145.00, 517, 405, 1, 8
2026-09-01T15:25:51.9484815+07:00,2026/09/01 15:25:52.026, NVIDIA GeForce RTX 5060, 591.86, P8, 27, 2, 1214, 8151, 9.92, 145.00, 517, 405, 1, 8
2026-09-01T15:25:57.0437201+07:00,2026/09/01 15:25:57.182, NVIDIA GeForce RTX 5060, 591.86, P0, 29, 0, 1231, 8151, 17.96, 145.00, 2527, 14201, 4, 8
2026-09-01T15:26:02.3058498+07:00,2026/09/01 15:26:02.367, NVIDIA GeForce RTX 5060, 591.86, P3, 28, 1, 1225, 8151, 19.98, 145.00, 660, 7001, 4, 8
2026-09-01T15:26:07.3967157+07:00,2026/09/01 15:26:07.427, NVIDIA GeForce RTX 5060, 591.86, P8, 28, 0, 1235, 8151, 9.35, 145.00, 322, 405, 1, 8
2026-09-01T15:26:12.4505305+07:00,2026/09/01 15:26:12.526, NVIDIA GeForce RTX 5060, 591.86, P8, 28, 1, 1192, 8151, 10.11, 145.00, 427, 405, 1, 8
2026-09-01T15:26:17.5393465+07:00,2026/09/01 15:26:17.850, NVIDIA GeForce RTX 5060, 591.86, P8, 28, 1, 1181, 8151, 9.95, 145.00, 442, 405, 1, 8
2026-09-01T15:26:22.8697315+07:00,2026/09/01 15:26:22.946, NVIDIA GeForce RTX 5060, 591.86, P8, 28, 2, 1177, 8151, 10.56, 145.00, 622, 405, 1, 8
2026-09-01T15:26:27.9913092+07:00,2026/09/01 15:26:28.021, NVIDIA GeForce RTX 5060, 591.86, P8, 28, 0, 1194, 8151, 9.82, 145.00, 255, 405, 1, 8
2026-09-01T15:26:33.1220806+07:00,2026/09/01 15:26:33.152, NVIDIA GeForce RTX 5060, 591.86, P8, 28, 0, 1189, 8151, 9.00, 145.00, 285, 405, 1, 8
2026-09-01T15:26:38.1730292+07:00,2026/09/01 15:26:38.204, NVIDIA GeForce RTX 5060, 591.86, P8, 28, 0, 1195, 8151, 9.45, 145.00, 277, 405, 1, 8
2026-09-01T15:26:43.2256902+07:00,2026/09/01 15:26:43.256, NVIDIA GeForce RTX 5060, 591.86, P8, 28, 0, 1202, 8151, 9.33, 145.00, 277, 405, 1, 8
2026-09-01T15:26:48.2705342+07:00,2026/09/01 15:26:48.301, NVIDIA GeForce RTX 5060, 591.86, P8, 28, 0, 1196, 8151, 9.07, 145.00, 277, 405, 1, 8
2026-09-01T15:26:53.3307284+07:00,2026/09/01 15:26:53.361, NVIDIA GeForce RTX 5060, 591.86, P8, 28, 0, 1183, 8151, 8.83, 145.00, 277, 405, 1, 8
2026-09-01T15:26:58.3852572+07:00,2026/09/01 15:26:58.416, NVIDIA GeForce RTX 5060, 591.86, P8, 28, 2, 1198, 8151, 9.39, 145.00, 540, 405, 1, 8
2026-09-01T15:27:03.4933380+07:00,2026/09/01 15:27:03.539, NVIDIA GeForce RTX 5060, 591.86, P8, 28, 0, 1211, 8151, 10.57, 145.00, 262, 405, 1, 8
2026-09-01T15:27:08.5542132+07:00,2026/09/01 15:27:08.585, NVIDIA GeForce RTX 5060, 591.86, P8, 28, 0, 1204, 8151, 8.93, 145.00, 240, 405, 1, 8
2026-09-01T15:27:13.6017320+07:00,2026/09/01 15:27:13.849, NVIDIA GeForce RTX 5060, 591.86, P0, 29, 0, 1397, 8151, 22.60, 145.00, 2527, 14201, 4, 8
2026-09-01T15:27:18.9229314+07:00,2026/09/01 15:27:18.999, NVIDIA GeForce RTX 5060, 591.86, P5, 28, 4, 1256, 8151, 11.68, 145.00, 510, 810, 2, 8
2026-09-01T15:27:24.0161024+07:00,2026/09/01 15:27:24.047, NVIDIA GeForce RTX 5060, 591.86, P8, 28, 1, 1405, 8151, 10.43, 145.00, 420, 405, 1, 8
2026-09-01T15:27:29.0765269+07:00,2026/09/01 15:27:29.154, NVIDIA GeForce RTX 5060, 591.86, P8, 28, 0, 1214, 8151, 8.95, 145.00, 255, 405, 1, 8
2026-09-01T15:27:34.2415121+07:00,2026/09/01 15:27:34.288, NVIDIA GeForce RTX 5060, 591.86, P8, 28, 0, 1210, 8151, 8.80, 145.00, 255, 405, 1, 8
2026-09-01T15:27:39.2966773+07:00,2026/09/01 15:27:39.327, NVIDIA GeForce RTX 5060, 591.86, P8, 28, 0, 1210, 8151, 8.79, 145.00, 285, 405, 1, 8
2026-09-01T15:27:44.3448000+07:00,2026/09/01 15:27:44.375, NVIDIA GeForce RTX 5060, 591.86, P8, 28, 0, 1200, 8151, 8.62, 145.00, 285, 405, 1, 8
2026-09-01T15:27:49.4055461+07:00,2026/09/01 15:27:49.436, NVIDIA GeForce RTX 5060, 591.86, P8, 28, 0, 1200, 8151, 8.75, 145.00, 285, 405, 1, 8
2026-09-01T15:27:54.4520573+07:00,2026/09/01 15:27:54.482, NVIDIA GeForce RTX 5060, 591.86, P8, 28, 0, 1200, 8151, 8.75, 145.00, 277, 405, 1, 8
2026-09-01T15:27:59.5038973+07:00,2026/09/01 15:27:59.534, NVIDIA GeForce RTX 5060, 591.86, P8, 28, 0, 1200, 8151, 8.77, 145.00, 292, 405, 1, 8
2026-09-01T15:28:04.6131440+07:00,2026/09/01 15:28:04.644, NVIDIA GeForce RTX 5060, 591.86, P8, 28, 0, 1200, 8151, 8.67, 145.00, 285, 405, 1, 8
2026-09-01T15:28:09.6736646+07:00,2026/09/01 15:28:09.704, NVIDIA GeForce RTX 5060, 591.86, P8, 28, 0, 1199, 8151, 8.58, 145.00, 285, 405, 1, 8
2026-09-01T15:28:14.7353833+07:00,2026/09/01 15:28:14.766, NVIDIA GeForce RTX 5060, 591.86, P8, 28, 0, 1198, 8151, 8.60, 145.00, 285, 405, 1, 8
2026-09-01T15:28:19.7961472+07:00,2026/09/01 15:28:19.835, NVIDIA GeForce RTX 5060, 591.86, P8, 28, 0, 1198, 8151, 8.54, 145.00, 285, 405, 1, 8
2026-09-01T15:28:24.8413216+07:00,2026/09/01 15:28:24.872, NVIDIA GeForce RTX 5060, 591.86, P8, 28, 0, 1198, 8151, 8.69, 145.00, 277, 405, 1, 8
2026-09-01T15:28:29.9029958+07:00,2026/09/01 15:28:29.933, NVIDIA GeForce RTX 5060, 591.86, P8, 28, 0, 1198, 8151, 8.73, 145.00, 277, 405, 1, 8
2026-09-01T15:28:35.0222291+07:00,2026/09/01 15:28:35.053, NVIDIA GeForce RTX 5060, 591.86, P8, 28, 0, 1198, 8151, 8.64, 145.00, 285, 405, 1, 8
2026-09-01T15:28:40.0818901+07:00,2026/09/01 15:28:40.112, NVIDIA GeForce RTX 5060, 591.86, P8, 28, 0, 1198, 8151, 8.69, 145.00, 285, 405, 1, 8
2026-09-01T15:28:45.1406416+07:00,2026/09/01 15:28:45.186, NVIDIA GeForce RTX 5060, 591.86, P8, 28, 0, 1198, 8151, 8.62, 145.00, 277, 405, 1, 8
2026-09-01T15:28:50.1976323+07:00,2026/09/01 15:28:50.228, NVIDIA GeForce RTX 5060, 591.86, P8, 28, 0, 1198, 8151, 8.62, 145.00, 277, 405, 1, 8
2026-09-01T15:28:55.2583410+07:00,2026/09/01 15:28:55.289, NVIDIA GeForce RTX 5060, 591.86, P8, 28, 0, 1198, 8151, 8.71, 145.00, 277, 405, 1, 8
2026-09-01T15:29:00.3049304+07:00,2026/09/01 15:29:00.335, NVIDIA GeForce RTX 5060, 591.86, P8, 28, 0, 1198, 8151, 8.78, 145.00, 277, 405, 1, 8
2026-09-01T15:29:05.4422431+07:00,2026/09/01 15:29:05.473, NVIDIA GeForce RTX 5060, 591.86, P8, 28, 2, 1198, 8151, 9.23, 145.00, 420, 405, 1, 8
2026-09-01T15:29:10.4975121+07:00,2026/09/01 15:29:10.528, NVIDIA GeForce RTX 5060, 591.86, P8, 28, 0, 1198, 8151, 8.62, 145.00, 270, 405, 1, 8
2026-09-01T15:29:15.5594827+07:00,2026/09/01 15:29:15.590, NVIDIA GeForce RTX 5060, 591.86, P8, 28, 3, 1198, 8151, 8.97, 145.00, 285, 405, 1, 8
2026-09-01T15:29:20.6086858+07:00,2026/09/01 15:29:20.639, NVIDIA GeForce RTX 5060, 591.86, P8, 28, 0, 1198, 8151, 9.55, 145.00, 375, 405, 1, 8
2026-09-01T15:29:25.6705667+07:00,2026/09/01 15:29:25.701, NVIDIA GeForce RTX 5060, 591.86, P8, 28, 0, 1198, 8151, 9.60, 145.00, 472, 405, 1, 8
2026-09-01T15:29:30.7219068+07:00,2026/09/01 15:29:30.752, NVIDIA GeForce RTX 5060, 591.86, P8, 28, 2, 1198, 8151, 10.49, 145.00, 510, 405, 1, 8
2026-09-01T15:29:35.8435614+07:00,2026/09/01 15:29:35.883, NVIDIA GeForce RTX 5060, 591.86, P8, 28, 9, 1198, 8151, 10.88, 145.00, 667, 405, 1, 8
2026-09-01T15:29:40.8974210+07:00,2026/09/01 15:29:41.021, NVIDIA GeForce RTX 5060, 591.86, P5, 28, 1, 1205, 8151, 12.07, 145.00, 502, 810, 2, 8
2026-09-01T15:29:52.8366718+07:00,2026/09/01 15:29:56.607, NVIDIA GeForce RTX 5060, 591.86, P8, 28, 1, 1231, 8151, 9.22, 145.00, 405, 405, 1, 8
2026-09-01T15:30:07.1336217+07:00,2026/09/01 15:30:07.241, NVIDIA GeForce RTX 5060, 591.86, P8, 28, 1, 1255, 8151, 10.90, 145.00, 480, 405, 1, 8
2026-09-01T15:30:12.3473655+07:00,2026/09/01 15:30:12.378, NVIDIA GeForce RTX 5060, 591.86, P8, 28, 1, 1222, 8151, 9.13, 145.00, 367, 405, 1, 8
2026-09-01T15:30:17.3998329+07:00,2026/09/01 15:30:17.430, NVIDIA GeForce RTX 5060, 591.86, P5, 29, 14, 1310, 8151, 12.22, 145.00, 802, 810, 2, 8
2026-09-01T15:30:22.4495427+07:00,2026/09/01 15:30:22.480, NVIDIA GeForce RTX 5060, 591.86, P8, 28, 0, 1225, 8151, 8.65, 145.00, 277, 405, 1, 8
2026-09-01T15:30:27.4947653+07:00,2026/09/01 15:30:27.525, NVIDIA GeForce RTX 5060, 591.86, P5, 28, 1, 1303, 8151, 10.86, 145.00, 652, 810, 2, 8
2026-09-01T15:30:32.5348082+07:00,2026/09/01 15:30:32.565, NVIDIA GeForce RTX 5060, 591.86, P8, 28, 0, 1233, 8151, 8.59, 145.00, 300, 405, 1, 8
2026-09-01T15:30:37.5882873+07:00,2026/09/01 15:30:37.618, NVIDIA GeForce RTX 5060, 591.86, P8, 28, 2, 1236, 8151, 8.61, 145.00, 255, 405, 1, 8
2026-09-01T15:30:42.6961914+07:00,2026/09/01 15:30:42.726, NVIDIA GeForce RTX 5060, 591.86, P8, 28, 0, 1221, 8151, 9.02, 145.00, 285, 405, 1, 8
2026-09-01T15:30:47.7432645+07:00,2026/09/01 15:30:47.774, NVIDIA GeForce RTX 5060, 591.86, P8, 28, 2, 1225, 8151, 9.94, 145.00, 577, 405, 1, 8
2026-09-01T15:30:52.7941378+07:00,2026/09/01 15:30:52.825, NVIDIA GeForce RTX 5060, 591.86, P8, 28, 0, 1226, 8151, 8.59, 145.00, 210, 405, 1, 8
2026-09-01T15:30:57.8392379+07:00,2026/09/01 15:30:57.869, NVIDIA GeForce RTX 5060, 591.86, P3, 29, 0, 1242, 8151, 18.67, 145.00, 622, 7001, 2, 8
2026-09-01T15:31:02.8830711+07:00,2026/09/01 15:31:02.929, NVIDIA GeForce RTX 5060, 591.86, P8, 28, 0, 1228, 8151, 8.34, 145.00, 210, 405, 1, 8
2026-09-01T15:31:07.9464804+07:00,2026/09/01 15:31:07.993, NVIDIA GeForce RTX 5060, 591.86, P8, 28, 1, 1217, 8151, 10.61, 145.00, 592, 405, 1, 8
2026-09-01T15:31:13.0715209+07:00,2026/09/01 15:31:13.102, NVIDIA GeForce RTX 5060, 591.86, P8, 28, 2, 1234, 8151, 12.00, 145.00, 630, 405, 1, 8
2026-09-01T15:31:18.1288775+07:00,2026/09/01 15:31:18.159, NVIDIA GeForce RTX 5060, 591.86, P8, 29, 9, 1234, 8151, 11.66, 145.00, 750, 405, 1, 8
2026-09-01T15:31:23.1756683+07:00,2026/09/01 15:31:23.206, NVIDIA GeForce RTX 5060, 591.86, P8, 28, 1, 1213, 8151, 9.97, 145.00, 442, 405, 1, 8
2026-09-01T15:31:28.2363646+07:00,2026/09/01 15:31:28.267, NVIDIA GeForce RTX 5060, 591.86, P8, 28, 1, 1213, 8151, 9.77, 145.00, 450, 405, 1, 8
2026-09-01T15:31:33.2936645+07:00,2026/09/01 15:31:33.324, NVIDIA GeForce RTX 5060, 591.86, P8, 28, 1, 1213, 8151, 9.65, 145.00, 442, 405, 1, 8
2026-09-01T15:31:38.3528310+07:00,2026/09/01 15:31:38.399, NVIDIA GeForce RTX 5060, 591.86, P8, 28, 1, 1207, 8151, 9.33, 145.00, 457, 405, 1, 8
2026-09-01T15:31:43.4777785+07:00,2026/09/01 15:31:43.508, NVIDIA GeForce RTX 5060, 591.86, P8, 28, 1, 1209, 8151, 9.68, 145.00, 502, 405, 1, 8
2026-09-01T15:31:48.5307587+07:00,2026/09/01 15:31:48.577, NVIDIA GeForce RTX 5060, 591.86, P3, 29, 1, 1212, 8151, 20.49, 145.00, 907, 7001, 2, 8
2026-09-01T15:31:53.5939868+07:00,2026/09/01 15:31:53.887, NVIDIA GeForce RTX 5060, 591.86, P5, 29, 0, 1194, 8151, 12.03, 145.00, 487, 810, 2, 8
2026-09-01T15:31:58.9558394+07:00,2026/09/01 15:31:59.170, NVIDIA GeForce RTX 5060, 591.86, P8, 28, 1, 1180, 8151, 9.47, 145.00, 397, 405, 1, 8
2026-09-01T15:32:04.1879365+07:00,2026/09/01 15:32:04.342, NVIDIA GeForce RTX 5060, 591.86, P8, 28, 1, 1173, 8151, 9.16, 145.00, 360, 405, 1, 8
2026-09-01T15:32:09.3713063+07:00,2026/09/01 15:32:09.448, NVIDIA GeForce RTX 5060, 591.86, P8, 28, 0, 1172, 8151, 8.70, 145.00, 307, 405, 1, 8
2026-09-01T15:32:14.5251598+07:00,2026/09/01 15:32:14.587, NVIDIA GeForce RTX 5060, 591.86, P8, 28, 0, 1264, 8151, 10.88, 145.00, 577, 405, 1, 8
2026-09-01T15:32:19.6136190+07:00,2026/09/01 15:32:19.722, NVIDIA GeForce RTX 5060, 591.86, P8, 28, 0, 1281, 8151, 8.59, 145.00, 210, 405, 1, 8
2026-09-01T15:32:24.7355720+07:00,2026/09/01 15:32:24.797, NVIDIA GeForce RTX 5060, 591.86, P8, 28, 0, 1301, 8151, 8.88, 145.00, 270, 405, 1, 8
2026-09-01T15:32:29.8221636+07:00,2026/09/01 15:32:29.899, NVIDIA GeForce RTX 5060, 591.86, P1, 29, 0, 1298, 8151, 14.28, 145.00, 210, 14001, 4, 8
2026-09-01T15:32:34.9290516+07:00,2026/09/01 15:32:34.991, NVIDIA GeForce RTX 5060, 591.86, P8, 28, 0, 1301, 8151, 8.88, 145.00, 210, 405, 1, 8
2026-09-01T15:32:40.0062630+07:00,2026/09/01 15:32:40.328, NVIDIA GeForce RTX 5060, 591.86, P8, 28, 0, 1289, 8151, 8.98, 145.00, 210, 405, 1, 8
2026-09-01T15:32:45.5180933+07:00,2026/09/01 15:32:45.979, NVIDIA GeForce RTX 5060, 591.86, P8, 28, 0, 1295, 8151, 8.54, 145.00, 240, 405, 1, 8
2026-09-01T15:32:51.0499034+07:00,2026/09/01 15:32:51.127, NVIDIA GeForce RTX 5060, 591.86, P8, 29, 4, 1285, 8151, 11.73, 145.00, 780, 405, 1, 8
2026-09-01T15:32:56.1432041+07:00,2026/09/01 15:32:56.236, NVIDIA GeForce RTX 5060, 591.86, P8, 28, 0, 1264, 8151, 8.48, 145.00, 210, 405, 1, 8
2026-09-01T15:33:01.2539645+07:00,2026/09/01 15:33:01.315, NVIDIA GeForce RTX 5060, 591.86, P8, 28, 0, 1274, 8151, 9.79, 145.00, 367, 405, 1, 8
2026-09-01T15:33:06.3341219+07:00,2026/09/01 15:33:06.411, NVIDIA GeForce RTX 5060, 591.86, P8, 28, 0, 1230, 8151, 8.21, 145.00, 210, 405, 1, 8
2026-09-01T15:33:11.4417617+07:00,2026/09/01 15:33:11.503, NVIDIA GeForce RTX 5060, 591.86, P8, 28, 3, 1246, 8151, 8.92, 145.00, 322, 405, 1, 8
2026-09-01T15:33:16.5808790+07:00,2026/09/01 15:33:16.873, NVIDIA GeForce RTX 5060, 591.86, P8, 28, 0, 1259, 8151, 8.55, 145.00, 210, 405, 1, 8
2026-09-01T15:33:21.9006364+07:00,2026/09/01 15:33:22.162, NVIDIA GeForce RTX 5060, 591.86, P8, 28, 0, 1206, 8151, 9.27, 145.00, 405, 405, 1, 8
2026-09-01T15:33:27.2065306+07:00,2026/09/01 15:33:27.544, NVIDIA GeForce RTX 5060, 591.86, P8, 28, 0, 1210, 8151, 8.63, 145.00, 240, 405, 1, 8
2026-09-01T15:33:32.6435751+07:00,2026/09/01 15:33:32.920, NVIDIA GeForce RTX 5060, 591.86, P8, 28, 5, 1218, 8151, 9.15, 145.00, 210, 405, 1, 8
2026-09-01T15:33:37.9410207+07:00,2026/09/01 15:33:38.386, NVIDIA GeForce RTX 5060, 591.86, P8, 28, 2, 1217, 8151, 9.46, 145.00, 337, 405, 1, 8
2026-09-01T15:33:43.4954224+07:00,2026/09/01 15:33:43.880, NVIDIA GeForce RTX 5060, 591.86, P8, 28, 0, 1204, 8151, 8.76, 145.00, 210, 405, 1, 8
2026-09-01T15:33:49.0389228+07:00,2026/09/01 15:33:49.377, NVIDIA GeForce RTX 5060, 591.86, P8, 28, 0, 1215, 8151, 9.16, 145.00, 210, 405, 1, 8
2026-09-01T15:33:54.4404036+07:00,2026/09/01 15:33:54.979, NVIDIA GeForce RTX 5060, 591.86, P8, 28, 1, 1245, 8151, 9.25, 145.00, 210, 405, 1, 8
2026-09-01T15:34:00.1379287+07:00,2026/09/01 15:34:00.599, NVIDIA GeForce RTX 5060, 591.86, P8, 29, 11, 1243, 8151, 11.41, 145.00, 532, 405, 1, 8
2026-09-01T15:34:05.6949707+07:00,2026/09/01 15:34:06.157, NVIDIA GeForce RTX 5060, 591.86, P8, 28, 2, 1262, 8151, 11.15, 145.00, 585, 405, 1, 8
2026-09-01T15:34:11.1739665+07:00,2026/09/01 15:34:11.589, NVIDIA GeForce RTX 5060, 591.86, P8, 28, 0, 1281, 8151, 9.52, 145.00, 307, 405, 1, 8
2026-09-01T15:34:16.7014679+07:00,2026/09/01 15:34:17.162, NVIDIA GeForce RTX 5060, 591.86, P8, 28, 0, 1279, 8151, 8.62, 145.00, 210, 405, 1, 8
2026-09-01T15:34:22.3978917+07:00,2026/09/01 15:34:23.014, NVIDIA GeForce RTX 5060, 591.86, P8, 28, 0, 1279, 8151, 8.09, 145.00, 210, 405, 1, 8
2026-09-01T15:34:28.1255832+07:00,2026/09/01 15:34:28.725, NVIDIA GeForce RTX 5060, 591.86, P8, 28, 0, 1295, 8151, 8.48, 145.00, 210, 405, 1, 8
2026-09-01T15:34:33.8549943+07:00,2026/09/01 15:34:34.330, NVIDIA GeForce RTX 5060, 591.86, P8, 28, 0, 1294, 8151, 7.97, 145.00, 210, 405, 1, 8
2026-09-01T15:34:39.4030897+07:00,2026/09/01 15:34:39.803, NVIDIA GeForce RTX 5060, 591.86, P8, 28, 0, 1294, 8151, 8.10, 145.00, 210, 405, 1, 8
2026-09-01T15:34:44.8579879+07:00,2026/09/01 15:34:45.475, NVIDIA GeForce RTX 5060, 591.86, P8, 28, 0, 1294, 8151, 8.11, 145.00, 210, 405, 1, 8
2026-09-01T15:34:50.6151275+07:00,2026/09/01 15:34:51.000, NVIDIA GeForce RTX 5060, 591.86, P8, 28, 0, 1294, 8151, 8.04, 145.00, 210, 405, 1, 8
2026-09-01T15:34:56.1048667+07:00,2026/09/01 15:34:56.351, NVIDIA GeForce RTX 5060, 591.86, P8, 28, 0, 1294, 8151, 8.01, 145.00, 210, 405, 1, 8
2026-09-01T15:35:01.3894984+07:00,2026/09/01 15:35:01.681, NVIDIA GeForce RTX 5060, 591.86, P8, 28, 0, 1294, 8151, 8.26, 145.00, 255, 405, 1, 8
2026-09-01T15:35:06.7332638+07:00,2026/09/01 15:35:06.995, NVIDIA GeForce RTX 5060, 591.86, P8, 28, 0, 1294, 8151, 8.07, 145.00, 210, 405, 1, 8
2026-09-01T15:35:12.0554997+07:00,2026/09/01 15:35:12.148, NVIDIA GeForce RTX 5060, 591.86, P8, 28, 0, 1294, 8151, 7.94, 145.00, 210, 405, 1, 8
2026-09-01T15:35:17.1657880+07:00,2026/09/01 15:35:17.258, NVIDIA GeForce RTX 5060, 591.86, P8, 28, 0, 1294, 8151, 7.96, 145.00, 210, 405, 1, 8
2026-09-01T15:35:22.2752446+07:00,2026/09/01 15:35:22.352, NVIDIA GeForce RTX 5060, 591.86, P8, 28, 0, 1294, 8151, 7.76, 145.00, 210, 405, 1, 8
2026-09-01T15:35:27.4613298+07:00,2026/09/01 15:35:27.523, NVIDIA GeForce RTX 5060, 591.86, P8, 28, 0, 1294, 8151, 7.82, 145.00, 210, 405, 1, 8
2026-09-01T15:35:32.6023151+07:00,2026/09/01 15:35:32.725, NVIDIA GeForce RTX 5060, 591.86, P8, 28, 0, 1294, 8151, 7.78, 145.00, 210, 405, 1, 8
2026-09-01T15:35:37.7405901+07:00,2026/09/01 15:35:37.802, NVIDIA GeForce RTX 5060, 591.86, P8, 28, 0, 1294, 8151, 7.79, 145.00, 210, 405, 1, 8
2026-09-01T15:35:42.8192828+07:00,2026/09/01 15:35:42.880, NVIDIA GeForce RTX 5060, 591.86, P8, 28, 0, 1294, 8151, 7.86, 145.00, 210, 405, 1, 8
2026-09-01T15:35:47.8954129+07:00,2026/09/01 15:35:47.957, NVIDIA GeForce RTX 5060, 591.86, P8, 28, 0, 1294, 8151, 7.99, 145.00, 210, 405, 1, 8
2026-09-01T15:35:52.9745273+07:00,2026/09/01 15:35:53.036, NVIDIA GeForce RTX 5060, 591.86, P8, 28, 0, 1294, 8151, 7.87, 145.00, 210, 405, 1, 8
2026-09-01T15:35:58.1589409+07:00,2026/09/01 15:35:58.220, NVIDIA GeForce RTX 5060, 591.86, P8, 28, 0, 1294, 8151, 7.82, 145.00, 210, 405, 1, 8
2026-09-01T15:36:03.2349591+07:00,2026/09/01 15:36:03.297, NVIDIA GeForce RTX 5060, 591.86, P8, 28, 0, 1294, 8151, 8.34, 145.00, 210, 405, 1, 8
2026-09-01T15:36:08.3124311+07:00,2026/09/01 15:36:08.358, NVIDIA GeForce RTX 5060, 591.86, P8, 28, 0, 1294, 8151, 7.73, 145.00, 210, 405, 1, 8
2026-09-01T15:36:13.3761585+07:00,2026/09/01 15:36:13.407, NVIDIA GeForce RTX 5060, 591.86, P8, 28, 0, 1294, 8151, 7.78, 145.00, 210, 405, 1, 8
2026-09-01T15:36:18.4212575+07:00,2026/09/01 15:36:18.513, NVIDIA GeForce RTX 5060, 591.86, P8, 28, 0, 1294, 8151, 8.19, 145.00, 210, 405, 1, 8
2026-09-01T15:36:23.5474487+07:00,2026/09/01 15:36:23.609, NVIDIA GeForce RTX 5060, 591.86, P8, 28, 0, 1294, 8151, 7.82, 145.00, 210, 405, 1, 8
2026-09-01T15:36:28.7024073+07:00,2026/09/01 15:36:28.810, NVIDIA GeForce RTX 5060, 591.86, P8, 28, 0, 1294, 8151, 7.70, 145.00, 210, 405, 1, 8
2026-09-01T15:36:33.8581092+07:00,2026/09/01 15:36:33.889, NVIDIA GeForce RTX 5060, 591.86, P8, 28, 0, 1294, 8151, 8.10, 145.00, 210, 405, 1, 8
2026-09-01T15:36:38.9209081+07:00,2026/09/01 15:36:38.951, NVIDIA GeForce RTX 5060, 591.86, P8, 28, 0, 1294, 8151, 7.78, 145.00, 210, 405, 1, 8
2026-09-01T15:36:43.9681218+07:00,2026/09/01 15:36:43.998, NVIDIA GeForce RTX 5060, 591.86, P8, 28, 0, 1294, 8151, 7.72, 145.00, 210, 405, 1, 8
2026-09-01T15:36:49.0165199+07:00,2026/09/01 15:36:49.062, NVIDIA GeForce RTX 5060, 591.86, P8, 28, 0, 1294, 8151, 7.78, 145.00, 210, 405, 1, 8
2026-09-01T15:36:54.0811046+07:00,2026/09/01 15:36:54.204, NVIDIA GeForce RTX 5060, 591.86, P8, 28, 0, 1288, 8151, 7.78, 145.00, 210, 405, 1, 8
2026-09-01T15:36:59.3138765+07:00,2026/09/01 15:36:59.344, NVIDIA GeForce RTX 5060, 591.86, P8, 28, 0, 1281, 8151, 7.94, 145.00, 210, 405, 1, 8
2026-09-01T15:37:04.3796931+07:00,2026/09/01 15:37:04.410, NVIDIA GeForce RTX 5060, 591.86, P8, 28, 0, 1281, 8151, 8.27, 145.00, 210, 405, 1, 8
2026-09-01T15:37:09.4284910+07:00,2026/09/01 15:37:09.521, NVIDIA GeForce RTX 5060, 591.86, P8, 28, 0, 1281, 8151, 7.87, 145.00, 210, 405, 1, 8
2026-09-01T15:37:14.5539904+07:00,2026/09/01 15:37:14.615, NVIDIA GeForce RTX 5060, 591.86, P8, 28, 0, 1281, 8151, 7.75, 145.00, 202, 405, 1, 8
2026-09-01T15:37:19.6448383+07:00,2026/09/01 15:37:19.722, NVIDIA GeForce RTX 5060, 591.86, P8, 28, 0, 1288, 8151, 8.35, 145.00, 210, 405, 1, 8
2026-09-01T15:37:24.7375039+07:00,2026/09/01 15:37:24.768, NVIDIA GeForce RTX 5060, 591.86, P8, 28, 0, 1286, 8151, 8.21, 145.00, 210, 405, 1, 8
2026-09-01T15:37:29.8786473+07:00,2026/09/01 15:37:29.925, NVIDIA GeForce RTX 5060, 591.86, P8, 28, 1, 1289, 8151, 8.25, 145.00, 210, 405, 1, 8
2026-09-01T15:37:34.9595200+07:00,2026/09/01 15:37:34.990, NVIDIA GeForce RTX 5060, 591.86, P8, 28, 0, 1288, 8151, 8.27, 145.00, 210, 405, 1, 8
2026-09-01T15:37:40.0210502+07:00,2026/09/01 15:37:40.067, NVIDIA GeForce RTX 5060, 591.86, P8, 28, 0, 1288, 8151, 7.95, 145.00, 210, 405, 1, 8
2026-09-01T15:37:45.1012177+07:00,2026/09/01 15:37:45.147, NVIDIA GeForce RTX 5060, 591.86, P8, 28, 0, 1288, 8151, 7.97, 145.00, 210, 405, 1, 8
2026-09-01T15:37:50.1658713+07:00,2026/09/01 15:37:50.196, NVIDIA GeForce RTX 5060, 591.86, P8, 28, 0, 1287, 8151, 7.77, 145.00, 210, 405, 1, 8
2026-09-01T15:37:55.2133004+07:00,2026/09/01 15:37:55.244, NVIDIA GeForce RTX 5060, 591.86, P8, 28, 0, 1287, 8151, 7.82, 145.00, 210, 405, 1, 8
2026-09-01T15:38:00.3370554+07:00,2026/09/01 15:38:00.368, NVIDIA GeForce RTX 5060, 591.86, P8, 27, 0, 1287, 8151, 7.63, 145.00, 210, 405, 1, 8
2026-09-01T15:38:05.3847534+07:00,2026/09/01 15:38:05.415, NVIDIA GeForce RTX 5060, 591.86, P8, 28, 0, 1287, 8151, 8.18, 145.00, 210, 405, 1, 8
2026-09-01T15:38:10.4479023+07:00,2026/09/01 15:38:10.478, NVIDIA GeForce RTX 5060, 591.86, P8, 27, 0, 1287, 8151, 7.86, 145.00, 210, 405, 1, 8
2026-09-01T15:38:15.4944816+07:00,2026/09/01 15:38:15.525, NVIDIA GeForce RTX 5060, 591.86, P8, 28, 0, 1287, 8151, 7.85, 145.00, 210, 405, 1, 8
2026-09-01T15:38:20.5529232+07:00,2026/09/01 15:38:20.583, NVIDIA GeForce RTX 5060, 591.86, P8, 28, 0, 1286, 8151, 7.93, 145.00, 210, 405, 1, 8
2026-09-01T15:38:25.6005268+07:00,2026/09/01 15:38:25.631, NVIDIA GeForce RTX 5060, 591.86, P8, 27, 0, 1286, 8151, 7.84, 145.00, 210, 405, 1, 8
2026-09-01T15:38:30.9119568+07:00,2026/09/01 15:38:30.973, NVIDIA GeForce RTX 5060, 591.86, P8, 27, 0, 1286, 8151, 7.84, 145.00, 210, 405, 1, 8
2026-09-01T15:38:35.9913310+07:00,2026/09/01 15:38:36.099, NVIDIA GeForce RTX 5060, 591.86, P8, 27, 0, 1286, 8151, 7.74, 145.00, 210, 405, 1, 8
2026-09-01T15:38:41.1167433+07:00,2026/09/01 15:38:41.147, NVIDIA GeForce RTX 5060, 591.86, P8, 27, 0, 1286, 8151, 8.05, 145.00, 210, 405, 1, 8
2026-09-01T15:38:46.1663322+07:00,2026/09/01 15:38:46.228, NVIDIA GeForce RTX 5060, 591.86, P8, 28, 0, 1291, 8151, 8.32, 145.00, 210, 405, 1, 8
2026-09-01T15:38:51.2588694+07:00,2026/09/01 15:38:51.289, NVIDIA GeForce RTX 5060, 591.86, P8, 27, 0, 1291, 8151, 7.95, 145.00, 210, 405, 1, 8
2026-09-01T15:38:56.3068203+07:00,2026/09/01 15:38:56.337, NVIDIA GeForce RTX 5060, 591.86, P8, 27, 0, 1291, 8151, 7.96, 145.00, 210, 405, 1, 8
2026-09-01T15:39:01.4320724+07:00,2026/09/01 15:39:01.462, NVIDIA GeForce RTX 5060, 591.86, P8, 27, 0, 1291, 8151, 7.93, 145.00, 210, 405, 1, 8
2026-09-01T15:39:06.4807708+07:00,2026/09/01 15:39:06.511, NVIDIA GeForce RTX 5060, 591.86, P8, 27, 0, 1291, 8151, 7.74, 145.00, 210, 405, 1, 8
2026-09-01T15:39:11.5294985+07:00,2026/09/01 15:39:11.560, NVIDIA GeForce RTX 5060, 591.86, P8, 27, 0, 1291, 8151, 7.90, 145.00, 210, 405, 1, 8
2026-09-01T15:39:16.5903959+07:00,2026/09/01 15:39:16.621, NVIDIA GeForce RTX 5060, 591.86, P8, 27, 0, 1291, 8151, 7.84, 145.00, 210, 405, 1, 8
2026-09-01T15:39:21.6386983+07:00,2026/09/01 15:39:21.669, NVIDIA GeForce RTX 5060, 591.86, P8, 27, 0, 1291, 8151, 7.89, 145.00, 210, 405, 1, 8
2026-09-01T15:39:26.7014210+07:00,2026/09/01 15:39:26.732, NVIDIA GeForce RTX 5060, 591.86, P8, 27, 0, 1291, 8151, 7.97, 145.00, 210, 405, 1, 8
2026-09-01T15:39:31.8268828+07:00,2026/09/01 15:39:31.857, NVIDIA GeForce RTX 5060, 591.86, P8, 27, 0, 1291, 8151, 7.93, 145.00, 210, 405, 1, 8
2026-09-01T15:39:36.8895292+07:00,2026/09/01 15:39:36.920, NVIDIA GeForce RTX 5060, 591.86, P8, 27, 0, 1291, 8151, 7.80, 145.00, 210, 405, 1, 8
2026-09-01T15:39:41.9371563+07:00,2026/09/01 15:39:41.968, NVIDIA GeForce RTX 5060, 591.86, P8, 27, 0, 1291, 8151, 7.71, 145.00, 210, 405, 1, 8
2026-09-01T15:39:46.9838446+07:00,2026/09/01 15:39:47.014, NVIDIA GeForce RTX 5060, 591.86, P8, 28, 0, 1299, 8151, 8.23, 145.00, 210, 405, 1, 8
2026-09-01T15:39:52.0455689+07:00,2026/09/01 15:39:52.076, NVIDIA GeForce RTX 5060, 591.86, P8, 27, 0, 1299, 8151, 7.98, 145.00, 210, 405, 1, 8
2026-09-01T15:39:57.1070447+07:00,2026/09/01 15:39:57.138, NVIDIA GeForce RTX 5060, 591.86, P8, 27, 0, 1299, 8151, 7.76, 145.00, 210, 405, 1, 8
2026-09-01T15:40:02.2336770+07:00,2026/09/01 15:40:02.264, NVIDIA GeForce RTX 5060, 591.86, P8, 28, 0, 1299, 8151, 8.18, 145.00, 210, 405, 1, 8
2026-09-01T15:40:07.2817004+07:00,2026/09/01 15:40:07.312, NVIDIA GeForce RTX 5060, 591.86, P8, 27, 0, 1299, 8151, 7.80, 145.00, 210, 405, 1, 8
2026-09-01T15:40:12.3305740+07:00,2026/09/01 15:40:12.361, NVIDIA GeForce RTX 5060, 591.86, P8, 27, 0, 1299, 8151, 7.81, 145.00, 210, 405, 1, 8
2026-09-01T15:40:17.3803977+07:00,2026/09/01 15:40:17.411, NVIDIA GeForce RTX 5060, 591.86, P8, 27, 0, 1294, 8151, 7.99, 145.00, 210, 405, 1, 8
2026-09-01T15:40:22.4273054+07:00,2026/09/01 15:40:22.457, NVIDIA GeForce RTX 5060, 591.86, P8, 27, 0, 1294, 8151, 7.72, 145.00, 210, 405, 1, 8
2026-09-01T15:40:27.4720567+07:00,2026/09/01 15:40:27.503, NVIDIA GeForce RTX 5060, 591.86, P8, 27, 0, 1294, 8151, 7.80, 145.00, 210, 405, 1, 8
2026-09-01T15:40:32.5828289+07:00,2026/09/01 15:40:32.613, NVIDIA GeForce RTX 5060, 591.86, P8, 27, 0, 1294, 8151, 7.81, 145.00, 210, 405, 1, 8
2026-09-01T15:40:37.6307945+07:00,2026/09/01 15:40:37.661, NVIDIA GeForce RTX 5060, 591.86, P8, 28, 0, 1294, 8151, 7.82, 145.00, 210, 405, 1, 8
2026-09-01T15:40:42.6809636+07:00,2026/09/01 15:40:42.711, NVIDIA GeForce RTX 5060, 591.86, P8, 28, 0, 1294, 8151, 7.75, 145.00, 210, 405, 1, 8
2026-09-01T15:40:47.7292166+07:00,2026/09/01 15:40:47.760, NVIDIA GeForce RTX 5060, 591.86, P8, 28, 0, 1294, 8151, 8.05, 145.00, 210, 405, 1, 8
2026-09-01T15:40:52.7755635+07:00,2026/09/01 15:40:52.806, NVIDIA GeForce RTX 5060, 591.86, P8, 28, 0, 1294, 8151, 7.96, 145.00, 210, 405, 1, 8
2026-09-01T15:40:57.8249335+07:00,2026/09/01 15:40:57.855, NVIDIA GeForce RTX 5060, 591.86, P8, 28, 0, 1289, 8151, 8.55, 145.00, 210, 405, 1, 8
2026-09-01T15:41:02.9366894+07:00,2026/09/01 15:41:02.967, NVIDIA GeForce RTX 5060, 591.86, P8, 28, 0, 1289, 8151, 8.24, 145.00, 210, 405, 1, 8
2026-09-01T15:41:07.9847477+07:00,2026/09/01 15:41:08.015, NVIDIA GeForce RTX 5060, 591.86, P8, 28, 0, 1289, 8151, 7.80, 145.00, 210, 405, 1, 8
2026-09-01T15:41:13.0334529+07:00,2026/09/01 15:41:13.064, NVIDIA GeForce RTX 5060, 591.86, P8, 28, 0, 1234, 8151, 10.55, 145.00, 495, 405, 1, 8
2026-09-01T15:41:18.0830444+07:00,2026/09/01 15:41:18.129, NVIDIA GeForce RTX 5060, 591.86, P8, 28, 1, 1228, 8151, 10.15, 145.00, 487, 405, 1, 8
2026-09-01T15:41:23.1610476+07:00,2026/09/01 15:41:23.191, NVIDIA GeForce RTX 5060, 591.86, P8, 28, 1, 1220, 8151, 10.03, 145.00, 435, 405, 1, 8
2026-09-01T15:41:28.2167602+07:00,2026/09/01 15:41:28.618, NVIDIA GeForce RTX 5060, 591.86, P8, 28, 1, 1220, 8151, 9.69, 145.00, 495, 405, 1, 8
2026-09-01T15:41:33.8369009+07:00,2026/09/01 15:41:34.007, NVIDIA GeForce RTX 5060, 591.86, P8, 28, 1, 1185, 8151, 9.96, 145.00, 442, 405, 1, 8
2026-09-01T15:41:39.0563997+07:00,2026/09/01 15:41:39.272, NVIDIA GeForce RTX 5060, 591.86, P8, 28, 1, 1185, 8151, 9.31, 145.00, 300, 405, 1, 8
2026-09-01T15:41:44.3180358+07:00,2026/09/01 15:41:44.349, NVIDIA GeForce RTX 5060, 591.86, P8, 28, 0, 1185, 8151, 8.45, 145.00, 210, 405, 1, 8
2026-09-01T15:41:49.3637859+07:00,2026/09/01 15:41:49.394, NVIDIA GeForce RTX 5060, 591.86, P8, 28, 0, 1185, 8151, 8.50, 145.00, 210, 405, 1, 8
2026-09-01T15:41:54.4236837+07:00,2026/09/01 15:41:54.454, NVIDIA GeForce RTX 5060, 591.86, P1, 28, 0, 1185, 8151, 10.12, 145.00, 210, 14001, 4, 8
2026-09-01T15:41:59.4846053+07:00,2026/09/01 15:41:59.515, NVIDIA GeForce RTX 5060, 591.86, P1, 28, 0, 1185, 8151, 10.47, 145.00, 210, 14001, 4, 8
2026-09-01T15:42:04.5902226+07:00,2026/09/01 15:42:04.620, NVIDIA GeForce RTX 5060, 591.86, P8, 28, 0, 1182, 8151, 8.04, 145.00, 210, 405, 1, 8
2026-09-01T15:42:09.6516741+07:00,2026/09/01 15:42:09.682, NVIDIA GeForce RTX 5060, 591.86, P8, 28, 0, 1182, 8151, 8.09, 145.00, 210, 405, 1, 8
2026-09-01T15:42:14.7004368+07:00,2026/09/01 15:42:14.731, NVIDIA GeForce RTX 5060, 591.86, P8, 28, 0, 1182, 8151, 8.07, 145.00, 210, 405, 1, 8
2026-09-01T15:42:19.7632056+07:00,2026/09/01 15:42:19.794, NVIDIA GeForce RTX 5060, 591.86, P8, 28, 0, 1182, 8151, 8.03, 145.00, 210, 405, 1, 8
2026-09-01T15:42:24.8263661+07:00,2026/09/01 15:42:24.857, NVIDIA GeForce RTX 5060, 591.86, P1, 28, 0, 1192, 8151, 8.58, 145.00, 210, 14001, 4, 8
2026-09-01T15:42:29.8882172+07:00,2026/09/01 15:42:29.919, NVIDIA GeForce RTX 5060, 591.86, P8, 28, 0, 1192, 8151, 8.02, 145.00, 210, 405, 1, 8
2026-09-01T15:42:35.0270884+07:00,2026/09/01 15:42:35.058, NVIDIA GeForce RTX 5060, 591.86, P8, 28, 0, 1192, 8151, 8.08, 145.00, 210, 405, 1, 8
2026-09-01T15:42:40.0885606+07:00,2026/09/01 15:42:40.119, NVIDIA GeForce RTX 5060, 591.86, P8, 28, 0, 1192, 8151, 8.06, 145.00, 210, 405, 1, 8
2026-09-01T15:42:45.1475726+07:00,2026/09/01 15:42:45.194, NVIDIA GeForce RTX 5060, 591.86, P8, 28, 0, 1192, 8151, 7.79, 145.00, 210, 405, 1, 8
2026-09-01T15:42:50.2163546+07:00,2026/09/01 15:42:50.247, NVIDIA GeForce RTX 5060, 591.86, P8, 28, 0, 1192, 8151, 8.07, 145.00, 210, 405, 1, 8
2026-09-01T15:42:55.2739751+07:00,2026/09/01 15:42:55.335, NVIDIA GeForce RTX 5060, 591.86, P8, 28, 0, 1190, 8151, 8.39, 145.00, 210, 405, 1, 8
2026-09-01T15:43:00.3623751+07:00,2026/09/01 15:43:00.393, NVIDIA GeForce RTX 5060, 591.86, P8, 28, 4, 1190, 8151, 8.94, 145.00, 405, 405, 1, 8
2026-09-01T15:43:05.4976187+07:00,2026/09/01 15:43:05.528, NVIDIA GeForce RTX 5060, 591.86, P8, 28, 0, 1190, 8151, 7.86, 145.00, 210, 405, 1, 8
2026-09-01T15:43:10.5473565+07:00,2026/09/01 15:43:10.592, NVIDIA GeForce RTX 5060, 591.86, P8, 28, 0, 1190, 8151, 7.78, 145.00, 210, 405, 1, 8
2026-09-01T15:43:15.6113774+07:00,2026/09/01 15:43:15.642, NVIDIA GeForce RTX 5060, 591.86, P8, 28, 0, 1190, 8151, 7.91, 145.00, 210, 405, 1, 8
2026-09-01T15:43:20.6637845+07:00,2026/09/01 15:43:20.694, NVIDIA GeForce RTX 5060, 591.86, P8, 28, 0, 1190, 8151, 7.99, 145.00, 210, 405, 1, 8
2026-09-01T15:43:25.7212560+07:00,2026/09/01 15:43:25.752, NVIDIA GeForce RTX 5060, 591.86, P8, 28, 0, 1198, 8151, 8.47, 145.00, 210, 405, 1, 8
2026-09-01T15:43:30.7802573+07:00,2026/09/01 15:43:30.826, NVIDIA GeForce RTX 5060, 591.86, P8, 28, 0, 1195, 8151, 7.95, 145.00, 210, 405, 1, 8
2026-09-01T15:43:35.9155663+07:00,2026/09/01 15:43:35.946, NVIDIA GeForce RTX 5060, 591.86, P8, 28, 0, 1195, 8151, 7.95, 145.00, 210, 405, 1, 8
2026-09-01T15:43:40.9568671+07:00,2026/09/01 15:43:40.987, NVIDIA GeForce RTX 5060, 591.86, P8, 28, 0, 1195, 8151, 8.23, 145.00, 240, 405, 1, 8
2026-09-01T15:43:46.0045164+07:00,2026/09/01 15:43:46.051, NVIDIA GeForce RTX 5060, 591.86, P8, 28, 1, 1216, 8151, 8.40, 145.00, 240, 405, 1, 8
2026-09-01T15:43:51.0788318+07:00,2026/09/01 15:43:51.109, NVIDIA GeForce RTX 5060, 591.86, P8, 28, 0, 1223, 8151, 9.38, 145.00, 277, 405, 1, 8
2026-09-01T15:43:56.1362539+07:00,2026/09/01 15:43:56.183, NVIDIA GeForce RTX 5060, 591.86, P8, 28, 0, 1203, 8151, 8.54, 145.00, 232, 405, 1, 8
2026-09-01T15:44:01.2078706+07:00,2026/09/01 15:44:01.238, NVIDIA GeForce RTX 5060, 591.86, P8, 28, 0, 1203, 8151, 8.52, 145.00, 210, 405, 1, 8
2026-09-01T15:44:06.3313707+07:00,2026/09/01 15:44:06.362, NVIDIA GeForce RTX 5060, 591.86, P8, 28, 0, 1203, 8151, 8.50, 145.00, 232, 405, 1, 8
2026-09-01T15:44:11.3938663+07:00,2026/09/01 15:44:11.424, NVIDIA GeForce RTX 5060, 591.86, P8, 28, 0, 1203, 8151, 8.60, 145.00, 210, 405, 1, 8
2026-09-01T15:44:16.4366908+07:00,2026/09/01 15:44:16.467, NVIDIA GeForce RTX 5060, 591.86, P8, 28, 0, 1203, 8151, 8.38, 145.00, 217, 405, 1, 8
2026-09-01T15:44:21.4854154+07:00,2026/09/01 15:44:21.516, NVIDIA GeForce RTX 5060, 591.86, P8, 28, 0, 1203, 8151, 8.58, 145.00, 210, 405, 1, 8
2026-09-01T15:44:26.5449526+07:00,2026/09/01 15:44:26.591, NVIDIA GeForce RTX 5060, 591.86, P8, 28, 0, 1203, 8151, 8.51, 145.00, 232, 405, 1, 8
2026-09-01T15:44:31.6221516+07:00,2026/09/01 15:44:31.653, NVIDIA GeForce RTX 5060, 591.86, P8, 28, 0, 1212, 8151, 8.69, 145.00, 240, 405, 1, 8
2026-09-01T15:44:36.7433022+07:00,2026/09/01 15:44:36.774, NVIDIA GeForce RTX 5060, 591.86, P8, 28, 0, 1201, 8151, 8.78, 145.00, 210, 405, 1, 8
2026-09-01T15:44:41.7999476+07:00,2026/09/01 15:44:41.846, NVIDIA GeForce RTX 5060, 591.86, P8, 28, 0, 1201, 8151, 8.55, 145.00, 232, 405, 1, 8
2026-09-01T15:44:46.8629106+07:00,2026/09/01 15:44:46.893, NVIDIA GeForce RTX 5060, 591.86, P8, 28, 0, 1201, 8151, 8.49, 145.00, 210, 405, 1, 8
2026-09-01T15:44:51.9213113+07:00,2026/09/01 15:44:51.952, NVIDIA GeForce RTX 5060, 591.86, P8, 28, 0, 1201, 8151, 8.54, 145.00, 232, 405, 1, 8
2026-09-01T15:44:56.9827882+07:00,2026/09/01 15:44:57.013, NVIDIA GeForce RTX 5060, 591.86, P8, 28, 0, 1201, 8151, 8.58, 145.00, 210, 405, 1, 8
2026-09-01T15:45:02.0420338+07:00,2026/09/01 15:45:02.072, NVIDIA GeForce RTX 5060, 591.86, P8, 28, 0, 1199, 8151, 8.74, 145.00, 232, 405, 1, 8
2026-09-01T15:45:07.1651765+07:00,2026/09/01 15:45:07.195, NVIDIA GeForce RTX 5060, 591.86, P8, 28, 0, 1199, 8151, 8.63, 145.00, 232, 405, 1, 8
2026-09-01T15:45:12.2263729+07:00,2026/09/01 15:45:12.257, NVIDIA GeForce RTX 5060, 591.86, P8, 28, 0, 1199, 8151, 8.65, 145.00, 210, 405, 1, 8
2026-09-01T15:45:17.2867785+07:00,2026/09/01 15:45:17.317, NVIDIA GeForce RTX 5060, 591.86, P8, 28, 0, 1199, 8151, 8.56, 145.00, 232, 405, 1, 8
2026-09-01T15:45:22.3354131+07:00,2026/09/01 15:45:22.380, NVIDIA GeForce RTX 5060, 591.86, P8, 28, 0, 1199, 8151, 8.48, 145.00, 210, 405, 1, 8
2026-09-01T15:45:27.3968595+07:00,2026/09/01 15:45:27.427, NVIDIA GeForce RTX 5060, 591.86, P8, 28, 0, 1199, 8151, 8.61, 145.00, 232, 405, 1, 8
2026-09-01T15:45:32.4562982+07:00,2026/09/01 15:45:32.502, NVIDIA GeForce RTX 5060, 591.86, P8, 28, 0, 1199, 8151, 8.60, 145.00, 210, 405, 1, 8
2026-09-01T15:45:37.5942632+07:00,2026/09/01 15:45:37.625, NVIDIA GeForce RTX 5060, 591.86, P8, 28, 0, 1203, 8151, 8.56, 145.00, 232, 405, 1, 8
2026-09-01T15:45:42.6562276+07:00,2026/09/01 15:45:42.687, NVIDIA GeForce RTX 5060, 591.86, P8, 28, 0, 1201, 8151, 8.65, 145.00, 232, 405, 1, 8
2026-09-01T15:45:47.7085051+07:00,2026/09/01 15:45:47.739, NVIDIA GeForce RTX 5060, 591.86, P8, 28, 0, 1201, 8151, 8.68, 145.00, 210, 405, 1, 8
2026-09-01T15:45:52.7562774+07:00,2026/09/01 15:45:52.787, NVIDIA GeForce RTX 5060, 591.86, P8, 28, 0, 1201, 8151, 8.56, 145.00, 232, 405, 1, 8
2026-09-01T15:45:57.8178396+07:00,2026/09/01 15:45:57.864, NVIDIA GeForce RTX 5060, 591.86, P8, 28, 0, 1213, 8151, 8.60, 145.00, 210, 405, 1, 8
2026-09-01T15:46:02.8945155+07:00,2026/09/01 15:46:02.925, NVIDIA GeForce RTX 5060, 591.86, P8, 28, 0, 1213, 8151, 8.55, 145.00, 232, 405, 1, 8
2026-09-01T15:46:08.0071448+07:00,2026/09/01 15:46:08.052, NVIDIA GeForce RTX 5060, 591.86, P8, 28, 0, 1213, 8151, 8.54, 145.00, 202, 405, 1, 8
2026-09-01T15:46:13.0654784+07:00,2026/09/01 15:46:13.096, NVIDIA GeForce RTX 5060, 591.86, P8, 28, 0, 1202, 8151, 8.61, 145.00, 210, 405, 1, 8
2026-09-01T15:46:18.1245352+07:00,2026/09/01 15:46:18.171, NVIDIA GeForce RTX 5060, 591.86, P8, 28, 0, 1202, 8151, 8.81, 145.00, 232, 405, 1, 8
2026-09-01T15:46:23.2011596+07:00,2026/09/01 15:46:23.232, NVIDIA GeForce RTX 5060, 591.86, P8, 28, 0, 1202, 8151, 8.73, 145.00, 210, 405, 1, 8
2026-09-01T15:46:28.2478659+07:00,2026/09/01 15:46:28.279, NVIDIA GeForce RTX 5060, 591.86, P8, 28, 0, 1276, 8151, 9.07, 145.00, 315, 405, 1, 8
2026-09-01T15:46:33.3094859+07:00,2026/09/01 15:46:33.340, NVIDIA GeForce RTX 5060, 591.86, P8, 28, 0, 1055, 8151, 8.67, 145.00, 217, 405, 1, 8
2026-09-01T15:46:38.4341507+07:00,2026/09/01 15:46:38.465, NVIDIA GeForce RTX 5060, 591.86, P8, 28, 0, 1044, 8151, 8.66, 145.00, 262, 405, 1, 8
2026-09-01T15:46:43.4942817+07:00,2026/09/01 15:46:43.524, NVIDIA GeForce RTX 5060, 591.86, P8, 28, 0, 1044, 8151, 8.42, 145.00, 210, 405, 1, 8
2026-09-01T15:46:48.5550571+07:00,2026/09/01 15:46:48.586, NVIDIA GeForce RTX 5060, 591.86, P8, 28, 0, 1050, 8151, 8.50, 145.00, 210, 405, 1, 8
2026-09-01T15:46:53.6132702+07:00,2026/09/01 15:46:53.644, NVIDIA GeForce RTX 5060, 591.86, P8, 28, 0, 1050, 8151, 8.58, 145.00, 232, 405, 1, 8
2026-09-01T15:46:58.6770259+07:00,2026/09/01 15:46:58.703, NVIDIA GeForce RTX 5060, 591.86, P8, 28, 0, 1050, 8151, 8.61, 145.00, 210, 405, 1, 8
2026-09-01T15:47:03.7332268+07:00,2026/09/01 15:47:03.764, NVIDIA GeForce RTX 5060, 591.86, P8, 28, 0, 1050, 8151, 8.57, 145.00, 232, 405, 1, 8
2026-09-01T15:47:08.8412023+07:00,2026/09/01 15:47:08.872, NVIDIA GeForce RTX 5060, 591.86, P8, 28, 0, 1050, 8151, 8.56, 145.00, 210, 405, 1, 8
2026-09-01T15:47:13.8990274+07:00,2026/09/01 15:47:13.930, NVIDIA GeForce RTX 5060, 591.86, P8, 28, 0, 1050, 8151, 8.52, 145.00, 262, 405, 1, 8
2026-09-01T15:47:18.9595800+07:00,2026/09/01 15:47:18.990, NVIDIA GeForce RTX 5060, 591.86, P8, 28, 0, 1044, 8151, 8.47, 145.00, 232, 405, 1, 8
2026-09-01T15:47:24.0215131+07:00,2026/09/01 15:47:24.052, NVIDIA GeForce RTX 5060, 591.86, P8, 28, 0, 1044, 8151, 8.50, 145.00, 210, 405, 1, 8
2026-09-01T15:47:29.0677523+07:00,2026/09/01 15:47:29.098, NVIDIA GeForce RTX 5060, 591.86, P8, 28, 0, 1044, 8151, 8.54, 145.00, 232, 405, 1, 8
2026-09-01T15:47:34.1182441+07:00,2026/09/01 15:47:34.149, NVIDIA GeForce RTX 5060, 591.86, P8, 28, 0, 1044, 8151, 8.63, 145.00, 210, 405, 1, 8
2026-09-01T15:47:39.2171104+07:00,2026/09/01 15:47:39.248, NVIDIA GeForce RTX 5060, 591.86, P8, 28, 0, 1044, 8151, 8.67, 145.00, 232, 405, 1, 8
2026-09-01T15:47:44.2763848+07:00,2026/09/01 15:47:44.322, NVIDIA GeForce RTX 5060, 591.86, P8, 28, 0, 1044, 8151, 8.68, 145.00, 210, 405, 1, 8
2026-09-01T15:47:49.3518729+07:00,2026/09/01 15:47:49.382, NVIDIA GeForce RTX 5060, 591.86, P8, 28, 0, 1044, 8151, 8.78, 145.00, 232, 405, 1, 8
2026-09-01T15:47:54.4105972+07:00,2026/09/01 15:47:54.441, NVIDIA GeForce RTX 5060, 591.86, P8, 28, 0, 1044, 8151, 8.62, 145.00, 232, 405, 1, 8
2026-09-01T15:47:59.4513200+07:00,2026/09/01 15:47:59.482, NVIDIA GeForce RTX 5060, 591.86, P8, 28, 0, 1044, 8151, 8.64, 145.00, 210, 405, 1, 8
2026-09-01T15:48:04.5118278+07:00,2026/09/01 15:48:04.542, NVIDIA GeForce RTX 5060, 591.86, P8, 28, 0, 1044, 8151, 8.88, 145.00, 232, 405, 1, 8
2026-09-01T15:48:09.6329713+07:00,2026/09/01 15:48:09.663, NVIDIA GeForce RTX 5060, 591.86, P8, 28, 0, 1044, 8151, 8.65, 145.00, 210, 405, 1, 8
2026-09-01T15:48:14.6944928+07:00,2026/09/01 15:48:14.725, NVIDIA GeForce RTX 5060, 591.86, P8, 28, 0, 1044, 8151, 8.69, 145.00, 232, 405, 1, 8
2026-09-01T15:48:19.7472796+07:00,2026/09/01 15:48:19.778, NVIDIA GeForce RTX 5060, 591.86, P8, 28, 0, 1044, 8151, 8.70, 145.00, 210, 405, 1, 8
2026-09-01T15:48:24.8053876+07:00,2026/09/01 15:48:24.836, NVIDIA GeForce RTX 5060, 591.86, P8, 28, 0, 1044, 8151, 8.74, 145.00, 232, 405, 1, 8
2026-09-01T15:48:29.8809236+07:00,2026/09/01 15:48:29.911, NVIDIA GeForce RTX 5060, 591.86, P8, 28, 0, 1044, 8151, 8.69, 145.00, 232, 405, 1, 8
2026-09-01T15:48:34.9409190+07:00,2026/09/01 15:48:34.971, NVIDIA GeForce RTX 5060, 591.86, P8, 28, 0, 1044, 8151, 8.79, 145.00, 210, 405, 1, 8
2026-09-01T15:48:40.0637878+07:00,2026/09/01 15:48:40.094, NVIDIA GeForce RTX 5060, 591.86, P8, 28, 0, 1044, 8151, 8.82, 145.00, 232, 405, 1, 8
2026-09-01T15:48:45.1242352+07:00,2026/09/01 15:48:45.155, NVIDIA GeForce RTX 5060, 591.86, P8, 28, 0, 1044, 8151, 8.69, 145.00, 262, 405, 1, 8
2026-09-01T15:48:50.1847448+07:00,2026/09/01 15:48:50.215, NVIDIA GeForce RTX 5060, 591.86, P8, 28, 0, 1044, 8151, 8.73, 145.00, 232, 405, 1, 8
2026-09-01T15:48:55.2462914+07:00,2026/09/01 15:48:55.276, NVIDIA GeForce RTX 5060, 591.86, P8, 28, 0, 1044, 8151, 8.67, 145.00, 262, 405, 1, 8
2026-09-01T15:49:00.3023092+07:00,2026/09/01 15:49:00.333, NVIDIA GeForce RTX 5060, 591.86, P8, 28, 1, 1044, 8151, 8.69, 145.00, 292, 405, 1, 8
2026-09-01T15:49:05.3612508+07:00,2026/09/01 15:49:05.391, NVIDIA GeForce RTX 5060, 591.86, P8, 28, 0, 1044, 8151, 8.54, 145.00, 232, 405, 1, 8
2026-09-01T15:49:10.4808392+07:00,2026/09/01 15:49:10.511, NVIDIA GeForce RTX 5060, 591.86, P8, 28, 0, 1044, 8151, 8.49, 145.00, 247, 405, 1, 8
2026-09-01T15:49:15.5405878+07:00,2026/09/01 15:49:15.571, NVIDIA GeForce RTX 5060, 591.86, P8, 28, 0, 1054, 8151, 8.66, 145.00, 232, 405, 1, 8
2026-09-01T15:49:20.5940519+07:00,2026/09/01 15:49:20.625, NVIDIA GeForce RTX 5060, 591.86, P8, 28, 0, 1034, 8151, 8.68, 145.00, 262, 405, 1, 8
2026-09-01T15:49:25.6556246+07:00,2026/09/01 15:49:25.686, NVIDIA GeForce RTX 5060, 591.86, P8, 28, 0, 1034, 8151, 8.57, 145.00, 232, 405, 1, 8
2026-09-01T15:49:30.7181535+07:00,2026/09/01 15:49:30.749, NVIDIA GeForce RTX 5060, 591.86, P8, 28, 0, 1034, 8151, 8.52, 145.00, 210, 405, 1, 8
2026-09-01T15:49:35.7773253+07:00,2026/09/01 15:49:35.808, NVIDIA GeForce RTX 5060, 591.86, P8, 28, 0, 1034, 8151, 8.60, 145.00, 255, 405, 1, 8
2026-09-01T15:49:40.8958072+07:00,2026/09/01 15:49:40.942, NVIDIA GeForce RTX 5060, 591.86, P8, 28, 0, 1034, 8151, 8.66, 145.00, 232, 405, 1, 8
2026-09-01T15:49:45.9720051+07:00,2026/09/01 15:49:46.003, NVIDIA GeForce RTX 5060, 591.86, P8, 28, 0, 1034, 8151, 8.64, 145.00, 255, 405, 1, 8
2026-09-01T15:49:51.0324570+07:00,2026/09/01 15:49:51.063, NVIDIA GeForce RTX 5060, 591.86, P8, 28, 0, 1034, 8151, 8.56, 145.00, 232, 405, 1, 8
2026-09-01T15:49:56.0779041+07:00,2026/09/01 15:49:56.108, NVIDIA GeForce RTX 5060, 591.86, P8, 28, 0, 1034, 8151, 8.44, 145.00, 262, 405, 1, 8
2026-09-01T15:50:01.1333386+07:00,2026/09/01 15:50:01.164, NVIDIA GeForce RTX 5060, 591.86, P8, 28, 0, 1034, 8151, 8.70, 145.00, 217, 405, 1, 8
2026-09-01T15:50:06.1940127+07:00,2026/09/01 15:50:06.225, NVIDIA GeForce RTX 5060, 591.86, P8, 28, 0, 1034, 8151, 8.63, 145.00, 232, 405, 1, 8
2026-09-01T15:50:11.3166936+07:00,2026/09/01 15:50:11.347, NVIDIA GeForce RTX 5060, 591.86, P8, 28, 0, 1034, 8151, 8.50, 145.00, 262, 405, 1, 8
2026-09-01T15:50:16.3764442+07:00,2026/09/01 15:50:16.407, NVIDIA GeForce RTX 5060, 591.86, P8, 28, 0, 1034, 8151, 8.65, 145.00, 210, 405, 1, 8
2026-09-01T15:50:21.4264543+07:00,2026/09/01 15:50:21.471, NVIDIA GeForce RTX 5060, 591.86, P8, 28, 0, 1034, 8151, 8.64, 145.00, 247, 405, 1, 8
2026-09-01T15:50:26.4845413+07:00,2026/09/01 15:50:26.515, NVIDIA GeForce RTX 5060, 591.86, P8, 28, 0, 1034, 8151, 8.70, 145.00, 232, 405, 1, 8
2026-09-01T15:50:31.5453181+07:00,2026/09/01 15:50:31.591, NVIDIA GeForce RTX 5060, 591.86, P8, 28, 0, 1044, 8151, 8.67, 145.00, 262, 405, 1, 8
2026-09-01T15:50:36.6211886+07:00,2026/09/01 15:50:36.652, NVIDIA GeForce RTX 5060, 591.86, P8, 28, 0, 1034, 8151, 8.60, 145.00, 210, 405, 1, 8
2026-09-01T15:50:41.7440727+07:00,2026/09/01 15:50:41.775, NVIDIA GeForce RTX 5060, 591.86, P8, 28, 0, 1034, 8151, 8.58, 145.00, 210, 405, 1, 8
2026-09-01T15:50:46.8003978+07:00,2026/09/01 15:50:46.831, NVIDIA GeForce RTX 5060, 591.86, P8, 28, 0, 1034, 8151, 8.72, 145.00, 255, 405, 1, 8
2026-09-01T15:50:51.8604121+07:00,2026/09/01 15:50:51.891, NVIDIA GeForce RTX 5060, 591.86, P8, 28, 0, 1055, 8151, 8.41, 145.00, 217, 405, 1, 8
2026-09-01T15:50:56.9215316+07:00,2026/09/01 15:50:56.952, NVIDIA GeForce RTX 5060, 591.86, P8, 28, 0, 1055, 8151, 8.17, 145.00, 210, 405, 1, 8
2026-09-01T15:51:01.9813968+07:00,2026/09/01 15:51:02.012, NVIDIA GeForce RTX 5060, 591.86, P8, 28, 0, 1055, 8151, 8.32, 145.00, 210, 405, 1, 8
2026-09-01T15:51:07.0352413+07:00,2026/09/01 15:51:07.066, NVIDIA GeForce RTX 5060, 591.86, P8, 28, 0, 1055, 8151, 8.31, 145.00, 210, 405, 1, 8
2026-09-01T15:51:12.1588253+07:00,2026/09/01 15:51:12.189, NVIDIA GeForce RTX 5060, 591.86, P8, 28, 0, 1055, 8151, 7.88, 145.00, 210, 405, 1, 8
2026-09-01T15:51:17.2066009+07:00,2026/09/01 15:51:17.237, NVIDIA GeForce RTX 5060, 591.86, P8, 28, 0, 1055, 8151, 7.77, 145.00, 210, 405, 1, 8
2026-09-01T15:51:22.2670052+07:00,2026/09/01 15:51:22.298, NVIDIA GeForce RTX 5060, 591.86, P8, 28, 0, 1055, 8151, 8.03, 145.00, 210, 405, 1, 8
2026-09-01T15:51:27.3177367+07:00,2026/09/01 15:51:27.348, NVIDIA GeForce RTX 5060, 591.86, P8, 28, 0, 1055, 8151, 7.80, 145.00, 210, 405, 1, 8
2026-09-01T15:51:32.3608823+07:00,2026/09/01 15:51:32.391, NVIDIA GeForce RTX 5060, 591.86, P8, 28, 0, 1055, 8151, 7.90, 145.00, 210, 405, 1, 8
2026-09-01T15:51:37.4228580+07:00,2026/09/01 15:51:37.469, NVIDIA GeForce RTX 5060, 591.86, P8, 28, 0, 1055, 8151, 7.76, 145.00, 210, 405, 1, 8
2026-09-01T15:51:42.5568231+07:00,2026/09/01 15:51:42.587, NVIDIA GeForce RTX 5060, 591.86, P8, 28, 0, 1055, 8151, 7.95, 145.00, 210, 405, 1, 8
2026-09-01T15:51:47.6078567+07:00,2026/09/01 15:51:47.638, NVIDIA GeForce RTX 5060, 591.86, P8, 28, 0, 1055, 8151, 7.93, 145.00, 210, 405, 1, 8
2026-09-01T15:51:52.6677482+07:00,2026/09/01 15:51:52.698, NVIDIA GeForce RTX 5060, 591.86, P8, 28, 0, 1055, 8151, 7.81, 145.00, 210, 405, 1, 8
2026-09-01T15:51:57.7287025+07:00,2026/09/01 15:51:57.759, NVIDIA GeForce RTX 5060, 591.86, P8, 28, 0, 1055, 8151, 7.78, 145.00, 210, 405, 1, 8
2026-09-01T15:52:02.7861574+07:00,2026/09/01 15:52:02.817, NVIDIA GeForce RTX 5060, 591.86, P8, 28, 0, 1055, 8151, 8.10, 145.00, 210, 405, 1, 8
2026-09-01T15:52:07.8270876+07:00,2026/09/01 15:52:07.872, NVIDIA GeForce RTX 5060, 591.86, P8, 28, 0, 1055, 8151, 7.83, 145.00, 210, 405, 1, 8
2026-09-01T15:52:12.9468348+07:00,2026/09/01 15:52:12.977, NVIDIA GeForce RTX 5060, 591.86, P8, 28, 0, 1055, 8151, 7.77, 145.00, 210, 405, 1, 8
2026-09-01T15:52:17.9923018+07:00,2026/09/01 15:52:18.023, NVIDIA GeForce RTX 5060, 591.86, P8, 28, 0, 1055, 8151, 8.24, 145.00, 210, 405, 1, 8
2026-09-01T15:52:23.0521395+07:00,2026/09/01 15:52:23.083, NVIDIA GeForce RTX 5060, 591.86, P8, 28, 0, 1055, 8151, 7.80, 145.00, 210, 405, 1, 8
2026-09-01T15:52:28.1109506+07:00,2026/09/01 15:52:28.141, NVIDIA GeForce RTX 5060, 591.86, P8, 28, 0, 1056, 8151, 7.94, 145.00, 210, 405, 1, 8
2026-09-01T15:52:33.1621139+07:00,2026/09/01 15:52:33.193, NVIDIA GeForce RTX 5060, 591.86, P8, 28, 0, 1056, 8151, 7.95, 145.00, 210, 405, 1, 8
2026-09-01T15:52:38.2229537+07:00,2026/09/01 15:52:38.253, NVIDIA GeForce RTX 5060, 591.86, P8, 28, 0, 1056, 8151, 7.81, 145.00, 210, 405, 1, 8
2026-09-01T15:52:43.3439863+07:00,2026/09/01 15:52:43.374, NVIDIA GeForce RTX 5060, 591.86, P8, 28, 0, 1056, 8151, 8.33, 145.00, 210, 405, 1, 8
2026-09-01T15:52:48.4042476+07:00,2026/09/01 15:52:48.435, NVIDIA GeForce RTX 5060, 591.86, P8, 28, 0, 1056, 8151, 7.70, 145.00, 210, 405, 1, 8
2026-09-01T15:52:53.4595438+07:00,2026/09/01 15:52:53.490, NVIDIA GeForce RTX 5060, 591.86, P8, 28, 0, 1056, 8151, 7.86, 145.00, 210, 405, 1, 8
2026-09-01T15:52:58.5072805+07:00,2026/09/01 15:52:58.538, NVIDIA GeForce RTX 5060, 591.86, P8, 28, 0, 1056, 8151, 7.79, 145.00, 210, 405, 1, 8
2026-09-01T15:53:03.5679686+07:00,2026/09/01 15:53:03.599, NVIDIA GeForce RTX 5060, 591.86, P8, 28, 0, 1056, 8151, 8.22, 145.00, 210, 405, 1, 8
2026-09-01T15:53:08.6283382+07:00,2026/09/01 15:53:08.659, NVIDIA GeForce RTX 5060, 591.86, P8, 28, 0, 1056, 8151, 11.06, 145.00, 210, 810, 1, 8
2026-09-01T15:53:13.7515068+07:00,2026/09/01 15:53:13.782, NVIDIA GeForce RTX 5060, 591.86, P8, 28, 0, 1056, 8151, 7.58, 145.00, 210, 405, 1, 8
2026-09-01T15:53:18.8031868+07:00,2026/09/01 15:53:18.834, NVIDIA GeForce RTX 5060, 591.86, P8, 28, 0, 1056, 8151, 7.85, 145.00, 210, 405, 1, 8
2026-09-01T15:53:23.8627101+07:00,2026/09/01 15:53:23.893, NVIDIA GeForce RTX 5060, 591.86, P8, 28, 0, 1066, 8151, 8.09, 145.00, 232, 405, 1, 8
2026-09-01T15:53:28.9226504+07:00,2026/09/01 15:53:28.953, NVIDIA GeForce RTX 5060, 591.86, P8, 28, 0, 1056, 8151, 7.85, 145.00, 210, 405, 1, 8
2026-09-01T15:53:33.9837053+07:00,2026/09/01 15:53:34.030, NVIDIA GeForce RTX 5060, 591.86, P8, 28, 0, 1056, 8151, 7.73, 145.00, 210, 405, 1, 8
2026-09-01T15:53:39.0549586+07:00,2026/09/01 15:53:39.085, NVIDIA GeForce RTX 5060, 591.86, P8, 28, 0, 1056, 8151, 7.88, 145.00, 210, 405, 1, 8
2026-09-01T15:53:44.1634349+07:00,2026/09/01 15:53:44.194, NVIDIA GeForce RTX 5060, 591.86, P8, 28, 0, 1056, 8151, 7.72, 145.00, 210, 405, 1, 8
2026-09-01T15:53:49.2215450+07:00,2026/09/01 15:53:49.252, NVIDIA GeForce RTX 5060, 591.86, P8, 28, 0, 1056, 8151, 7.75, 145.00, 210, 405, 1, 8
2026-09-01T15:53:54.2843423+07:00,2026/09/01 15:53:54.315, NVIDIA GeForce RTX 5060, 591.86, P8, 28, 0, 1056, 8151, 7.79, 145.00, 210, 405, 1, 8
2026-09-01T15:53:59.3407851+07:00,2026/09/01 15:53:59.387, NVIDIA GeForce RTX 5060, 591.86, P8, 28, 0, 1056, 8151, 7.67, 145.00, 210, 405, 1, 8
2026-09-01T15:54:04.4175878+07:00,2026/09/01 15:54:04.448, NVIDIA GeForce RTX 5060, 591.86, P8, 28, 0, 1056, 8151, 8.07, 145.00, 202, 405, 1, 8
2026-09-01T15:54:09.4638191+07:00,2026/09/01 15:54:09.494, NVIDIA GeForce RTX 5060, 591.86, P8, 28, 0, 1056, 8151, 7.67, 145.00, 210, 405, 1, 8
2026-09-01T15:54:14.6342019+07:00,2026/09/01 15:54:14.665, NVIDIA GeForce RTX 5060, 591.86, P8, 28, 0, 1056, 8151, 7.66, 145.00, 210, 405, 1, 8
2026-09-01T15:54:19.6889986+07:00,2026/09/01 15:54:19.734, NVIDIA GeForce RTX 5060, 591.86, P8, 28, 0, 1056, 8151, 7.65, 145.00, 210, 405, 1, 8
2026-09-01T15:54:24.7635659+07:00,2026/09/01 15:54:24.794, NVIDIA GeForce RTX 5060, 591.86, P8, 28, 0, 1056, 8151, 7.62, 145.00, 210, 405, 1, 8
2026-09-01T15:54:29.8243728+07:00,2026/09/01 15:54:29.855, NVIDIA GeForce RTX 5060, 591.86, P8, 28, 0, 1056, 8151, 7.52, 145.00, 210, 405, 1, 8
2026-09-01T15:54:34.8724426+07:00,2026/09/01 15:54:34.903, NVIDIA GeForce RTX 5060, 591.86, P8, 28, 0, 1056, 8151, 8.06, 145.00, 210, 405, 1, 8
2026-09-01T15:54:39.9250245+07:00,2026/09/01 15:54:39.956, NVIDIA GeForce RTX 5060, 591.86, P8, 28, 0, 1056, 8151, 7.99, 145.00, 210, 405, 1, 8
2026-09-01T15:54:45.0475851+07:00,2026/09/01 15:54:45.078, NVIDIA GeForce RTX 5060, 591.86, P8, 28, 0, 1056, 8151, 7.87, 145.00, 210, 405, 1, 8
2026-09-01T15:54:50.1065530+07:00,2026/09/01 15:54:50.137, NVIDIA GeForce RTX 5060, 591.86, P8, 28, 0, 1056, 8151, 8.01, 145.00, 210, 405, 1, 8
2026-09-01T15:54:55.1662898+07:00,2026/09/01 15:54:55.197, NVIDIA GeForce RTX 5060, 591.86, P8, 28, 0, 1056, 8151, 7.99, 145.00, 210, 405, 1, 8
2026-09-01T15:55:00.2246031+07:00,2026/09/01 15:55:00.269, NVIDIA GeForce RTX 5060, 591.86, P8, 28, 0, 1056, 8151, 7.97, 145.00, 210, 405, 1, 8
2026-09-01T15:55:05.2902760+07:00,2026/09/01 15:55:05.320, NVIDIA GeForce RTX 5060, 591.86, P8, 28, 0, 1056, 8151, 7.98, 145.00, 210, 405, 1, 8
2026-09-01T15:55:10.3386784+07:00,2026/09/01 15:55:10.384, NVIDIA GeForce RTX 5060, 591.86, P8, 28, 0, 1056, 8151, 8.04, 145.00, 210, 405, 1, 8
2026-09-01T15:55:15.4642707+07:00,2026/09/01 15:55:15.495, NVIDIA GeForce RTX 5060, 591.86, P8, 28, 0, 1056, 8151, 8.31, 145.00, 210, 405, 1, 8
2026-09-01T15:55:20.5154822+07:00,2026/09/01 15:55:20.545, NVIDIA GeForce RTX 5060, 591.86, P8, 28, 0, 1056, 8151, 7.91, 145.00, 210, 405, 1, 8
2026-09-01T15:55:25.5684826+07:00,2026/09/01 15:55:25.599, NVIDIA GeForce RTX 5060, 591.86, P8, 28, 0, 1056, 8151, 7.86, 145.00, 210, 405, 1, 8
2026-09-01T15:55:30.6301554+07:00,2026/09/01 15:55:30.661, NVIDIA GeForce RTX 5060, 591.86, P8, 28, 0, 1056, 8151, 7.92, 145.00, 210, 405, 1, 8
2026-09-01T15:55:35.6904828+07:00,2026/09/01 15:55:35.736, NVIDIA GeForce RTX 5060, 591.86, P8, 28, 0, 1056, 8151, 7.99, 145.00, 210, 405, 1, 8
2026-09-01T15:55:40.7696333+07:00,2026/09/01 15:55:40.800, NVIDIA GeForce RTX 5060, 591.86, P8, 28, 0, 1056, 8151, 7.84, 145.00, 210, 405, 1, 8
2026-09-01T15:55:45.8880008+07:00,2026/09/01 15:55:45.919, NVIDIA GeForce RTX 5060, 591.86, P8, 28, 0, 1056, 8151, 8.08, 145.00, 210, 405, 1, 8
2026-09-01T15:55:50.9487328+07:00,2026/09/01 15:55:50.979, NVIDIA GeForce RTX 5060, 591.86, P8, 28, 0, 1056, 8151, 7.98, 145.00, 210, 405, 1, 8
2026-09-01T15:55:55.9926206+07:00,2026/09/01 15:55:56.023, NVIDIA GeForce RTX 5060, 591.86, P8, 28, 0, 1056, 8151, 7.89, 145.00, 210, 405, 1, 8
2026-09-01T15:56:01.0540186+07:00,2026/09/01 15:56:01.085, NVIDIA GeForce RTX 5060, 591.86, P8, 28, 0, 1056, 8151, 8.03, 145.00, 210, 405, 1, 8
2026-09-01T15:56:06.1069726+07:00,2026/09/01 15:56:06.153, NVIDIA GeForce RTX 5060, 591.86, P8, 28, 0, 1056, 8151, 8.05, 145.00, 210, 405, 1, 8
2026-09-01T15:56:11.1839505+07:00,2026/09/01 15:56:11.214, NVIDIA GeForce RTX 5060, 591.86, P8, 28, 0, 1056, 8151, 7.62, 145.00, 210, 405, 1, 8
2026-09-01T15:56:16.3083927+07:00,2026/09/01 15:56:16.339, NVIDIA GeForce RTX 5060, 591.86, P8, 28, 0, 1058, 8151, 8.29, 145.00, 210, 405, 1, 8
2026-09-01T15:56:21.3651944+07:00,2026/09/01 15:56:21.396, NVIDIA GeForce RTX 5060, 591.86, P8, 28, 0, 1066, 8151, 8.48, 145.00, 247, 405, 1, 8
2026-09-01T15:56:26.4168274+07:00,2026/09/01 15:56:26.447, NVIDIA GeForce RTX 5060, 591.86, P8, 28, 0, 1055, 8151, 8.12, 145.00, 210, 405, 1, 8
2026-09-01T15:56:31.4772359+07:00,2026/09/01 15:56:31.508, NVIDIA GeForce RTX 5060, 591.86, P8, 28, 0, 1055, 8151, 7.82, 145.00, 210, 405, 1, 8
2026-09-01T15:56:36.5384141+07:00,2026/09/01 15:56:36.569, NVIDIA GeForce RTX 5060, 591.86, P8, 28, 0, 1055, 8151, 7.78, 145.00, 210, 405, 1, 8
2026-09-01T15:56:41.5996623+07:00,2026/09/01 15:56:41.630, NVIDIA GeForce RTX 5060, 591.86, P8, 28, 0, 1055, 8151, 7.85, 145.00, 210, 405, 1, 8
2026-09-01T15:56:46.7095756+07:00,2026/09/01 15:56:46.740, NVIDIA GeForce RTX 5060, 591.86, P8, 28, 0, 1055, 8151, 7.77, 145.00, 210, 405, 1, 8
2026-09-01T15:56:51.7577027+07:00,2026/09/01 15:56:51.788, NVIDIA GeForce RTX 5060, 591.86, P8, 28, 0, 1055, 8151, 7.85, 145.00, 210, 405, 1, 8
2026-09-01T15:56:56.8175986+07:00,2026/09/01 15:56:56.864, NVIDIA GeForce RTX 5060, 591.86, P8, 28, 0, 1055, 8151, 7.87, 145.00, 210, 405, 1, 8
2026-09-01T15:57:01.8950199+07:00,2026/09/01 15:57:01.926, NVIDIA GeForce RTX 5060, 591.86, P8, 28, 0, 1055, 8151, 8.35, 145.00, 210, 405, 1, 8
2026-09-01T15:57:06.9492695+07:00,2026/09/01 15:57:06.980, NVIDIA GeForce RTX 5060, 591.86, P8, 28, 0, 1055, 8151, 7.97, 145.00, 210, 405, 1, 8
2026-09-01T15:57:12.0095171+07:00,2026/09/01 15:57:12.040, NVIDIA GeForce RTX 5060, 591.86, P8, 28, 0, 1055, 8151, 8.00, 145.00, 210, 405, 1, 8
2026-09-01T15:57:17.1318353+07:00,2026/09/01 15:57:17.162, NVIDIA GeForce RTX 5060, 591.86, P8, 28, 0, 1065, 8151, 8.07, 145.00, 210, 405, 1, 8
2026-09-01T15:57:22.1903142+07:00,2026/09/01 15:57:22.236, NVIDIA GeForce RTX 5060, 591.86, P8, 28, 0, 1055, 8151, 8.35, 145.00, 210, 405, 1, 8
2026-09-01T15:57:27.2616008+07:00,2026/09/01 15:57:27.306, NVIDIA GeForce RTX 5060, 591.86, P8, 28, 0, 1055, 8151, 7.78, 145.00, 210, 405, 1, 8
2026-09-01T15:57:32.3274047+07:00,2026/09/01 15:57:32.358, NVIDIA GeForce RTX 5060, 591.86, P8, 28, 0, 1055, 8151, 7.79, 145.00, 210, 405, 1, 8
2026-09-01T15:57:37.3869796+07:00,2026/09/01 15:57:37.417, NVIDIA GeForce RTX 5060, 591.86, P8, 28, 0, 1055, 8151, 7.68, 145.00, 210, 405, 1, 8
2026-09-01T15:57:42.4482982+07:00,2026/09/01 15:57:42.479, NVIDIA GeForce RTX 5060, 591.86, P8, 28, 0, 1055, 8151, 8.07, 145.00, 210, 405, 1, 8
2026-09-01T15:57:47.5720380+07:00,2026/09/01 15:57:47.603, NVIDIA GeForce RTX 5060, 591.86, P8, 28, 0, 1055, 8151, 7.78, 145.00, 210, 405, 1, 8
2026-09-01T15:57:52.6286635+07:00,2026/09/01 15:57:52.675, NVIDIA GeForce RTX 5060, 591.86, P8, 28, 0, 1055, 8151, 7.93, 145.00, 210, 405, 1, 8
2026-09-01T15:57:57.7058833+07:00,2026/09/01 15:57:57.736, NVIDIA GeForce RTX 5060, 591.86, P8, 28, 0, 1055, 8151, 7.72, 145.00, 210, 405, 1, 8
2026-09-01T15:58:02.7652391+07:00,2026/09/01 15:58:02.796, NVIDIA GeForce RTX 5060, 591.86, P8, 28, 0, 1055, 8151, 8.35, 145.00, 210, 405, 1, 8
2026-09-01T15:58:07.8245981+07:00,2026/09/01 15:58:07.855, NVIDIA GeForce RTX 5060, 591.86, P8, 28, 0, 1055, 8151, 7.91, 145.00, 210, 405, 1, 8
2026-09-01T15:58:12.8781478+07:00,2026/09/01 15:58:12.909, NVIDIA GeForce RTX 5060, 591.86, P8, 28, 0, 1055, 8151, 8.03, 145.00, 210, 405, 1, 8
2026-09-01T15:58:17.9873729+07:00,2026/09/01 15:58:18.033, NVIDIA GeForce RTX 5060, 591.86, P8, 28, 0, 1055, 8151, 8.40, 145.00, 210, 405, 1, 8
2026-09-01T15:58:23.0639560+07:00,2026/09/01 15:58:23.094, NVIDIA GeForce RTX 5060, 591.86, P8, 28, 0, 1055, 8151, 7.90, 145.00, 210, 405, 1, 8
2026-09-01T15:58:28.1223301+07:00,2026/09/01 15:58:28.153, NVIDIA GeForce RTX 5060, 591.86, P8, 28, 0, 1055, 8151, 7.80, 145.00, 210, 405, 1, 8
2026-09-01T15:58:33.1762641+07:00,2026/09/01 15:58:33.222, NVIDIA GeForce RTX 5060, 591.86, P8, 28, 0, 1055, 8151, 8.50, 145.00, 225, 405, 1, 8
2026-09-01T15:58:38.2498996+07:00,2026/09/01 15:58:38.296, NVIDIA GeForce RTX 5060, 591.86, P8, 28, 0, 1055, 8151, 7.89, 145.00, 210, 405, 1, 8
2026-09-01T15:58:43.3267103+07:00,2026/09/01 15:58:43.373, NVIDIA GeForce RTX 5060, 591.86, P8, 28, 0, 1055, 8151, 7.93, 145.00, 210, 405, 1, 8
2026-09-01T15:58:48.4651415+07:00,2026/09/01 15:58:48.495, NVIDIA GeForce RTX 5060, 591.86, P8, 28, 0, 1055, 8151, 7.90, 145.00, 210, 405, 1, 8
2026-09-01T15:58:53.5243338+07:00,2026/09/01 15:58:53.555, NVIDIA GeForce RTX 5060, 591.86, P8, 28, 0, 1055, 8151, 7.80, 145.00, 210, 405, 1, 8
2026-09-01T15:58:58.5714068+07:00,2026/09/01 15:58:58.617, NVIDIA GeForce RTX 5060, 591.86, P8, 28, 0, 1055, 8151, 7.90, 145.00, 210, 405, 1, 8
2026-09-01T15:59:03.6491107+07:00,2026/09/01 15:59:03.679, NVIDIA GeForce RTX 5060, 591.86, P8, 28, 0, 1055, 8151, 8.43, 145.00, 210, 405, 1, 8
2026-09-01T15:59:08.7073513+07:00,2026/09/01 15:59:08.738, NVIDIA GeForce RTX 5060, 591.86, P8, 28, 0, 1055, 8151, 8.34, 145.00, 210, 405, 1, 8
2026-09-01T15:59:13.7668619+07:00,2026/09/01 15:59:13.812, NVIDIA GeForce RTX 5060, 591.86, P8, 28, 0, 1055, 8151, 7.88, 145.00, 210, 405, 1, 8
2026-09-01T15:59:18.8858768+07:00,2026/09/01 15:59:18.916, NVIDIA GeForce RTX 5060, 591.86, P8, 28, 0, 1055, 8151, 8.45, 145.00, 210, 405, 1, 8
2026-09-01T15:59:23.9454140+07:00,2026/09/01 15:59:23.976, NVIDIA GeForce RTX 5060, 591.86, P8, 28, 0, 1053, 8151, 7.98, 145.00, 202, 405, 1, 8
2026-09-01T15:59:29.0055710+07:00,2026/09/01 15:59:29.036, NVIDIA GeForce RTX 5060, 591.86, P8, 28, 0, 1053, 8151, 7.90, 145.00, 210, 405, 1, 8
2026-09-01T15:59:34.0659342+07:00,2026/09/01 15:59:34.096, NVIDIA GeForce RTX 5060, 591.86, P8, 28, 0, 1053, 8151, 7.86, 145.00, 210, 405, 1, 8
2026-09-01T15:59:39.1223588+07:00,2026/09/01 15:59:39.153, NVIDIA GeForce RTX 5060, 591.86, P8, 28, 0, 1052, 8151, 8.13, 145.00, 210, 405, 1, 8
2026-09-01T15:59:44.1676808+07:00,2026/09/01 15:59:44.198, NVIDIA GeForce RTX 5060, 591.86, P8, 27, 0, 1052, 8151, 7.86, 145.00, 210, 405, 1, 8
2026-09-01T15:59:49.3051488+07:00,2026/09/01 15:59:49.336, NVIDIA GeForce RTX 5060, 591.86, P8, 27, 0, 1052, 8151, 7.75, 145.00, 210, 405, 1, 8
2026-09-01T15:59:54.3594624+07:00,2026/09/01 15:59:54.405, NVIDIA GeForce RTX 5060, 591.86, P8, 27, 0, 1052, 8151, 7.87, 145.00, 202, 405, 1, 8
2026-09-01T15:59:59.4264893+07:00,2026/09/01 15:59:59.457, NVIDIA GeForce RTX 5060, 591.86, P8, 27, 0, 1052, 8151, 7.95, 145.00, 202, 405, 1, 8
2026-09-01T16:00:04.4882340+07:00,2026/09/01 16:00:04.534, NVIDIA GeForce RTX 5060, 591.86, P8, 28, 0, 1052, 8151, 8.19, 145.00, 210, 405, 1, 8
2026-09-01T16:00:09.5610858+07:00,2026/09/01 16:00:09.591, NVIDIA GeForce RTX 5060, 591.86, P8, 28, 0, 1052, 8151, 8.28, 145.00, 210, 405, 1, 8
2026-09-01T16:00:14.6223078+07:00,2026/09/01 16:00:14.653, NVIDIA GeForce RTX 5060, 591.86, P8, 27, 0, 1052, 8151, 7.71, 145.00, 210, 405, 1, 8
2026-09-01T16:00:19.7395768+07:00,2026/09/01 16:00:19.769, NVIDIA GeForce RTX 5060, 591.86, P8, 27, 0, 1052, 8151, 7.79, 145.00, 210, 405, 1, 8
2026-09-01T16:00:24.7840671+07:00,2026/09/01 16:00:24.815, NVIDIA GeForce RTX 5060, 591.86, P8, 27, 0, 1062, 8151, 8.35, 145.00, 210, 405, 1, 8
2026-09-01T16:00:29.8463336+07:00,2026/09/01 16:00:29.877, NVIDIA GeForce RTX 5060, 591.86, P8, 27, 0, 1052, 8151, 7.67, 145.00, 210, 405, 1, 8
2026-09-01T16:00:34.9048033+07:00,2026/09/01 16:00:34.935, NVIDIA GeForce RTX 5060, 591.86, P8, 27, 0, 1052, 8151, 8.16, 145.00, 210, 405, 1, 8
2026-09-01T16:00:39.9603916+07:00,2026/09/01 16:00:39.990, NVIDIA GeForce RTX 5060, 591.86, P8, 27, 0, 1052, 8151, 7.91, 145.00, 210, 405, 1, 8
2026-09-01T16:00:45.0030276+07:00,2026/09/01 16:00:45.034, NVIDIA GeForce RTX 5060, 591.86, P8, 28, 0, 1047, 8151, 8.44, 145.00, 210, 405, 1, 8
2026-09-01T16:00:50.1255699+07:00,2026/09/01 16:00:50.171, NVIDIA GeForce RTX 5060, 591.86, P8, 28, 0, 1047, 8151, 8.36, 145.00, 225, 405, 1, 8
2026-09-01T16:00:55.1883412+07:00,2026/09/01 16:00:55.234, NVIDIA GeForce RTX 5060, 591.86, P8, 28, 0, 1023, 8151, 8.48, 145.00, 232, 405, 1, 8
2026-09-01T16:01:00.2517300+07:00,2026/09/01 16:01:00.283, NVIDIA GeForce RTX 5060, 591.86, P8, 28, 0, 1023, 8151, 8.45, 145.00, 210, 405, 1, 8
2026-09-01T16:01:05.3106256+07:00,2026/09/01 16:01:05.341, NVIDIA GeForce RTX 5060, 591.86, P8, 28, 0, 1023, 8151, 8.32, 145.00, 232, 405, 1, 8
2026-09-01T16:01:10.3734403+07:00,2026/09/01 16:01:10.403, NVIDIA GeForce RTX 5060, 591.86, P8, 28, 0, 1033, 8151, 8.40, 145.00, 210, 405, 1, 8
2026-09-01T16:01:15.4497675+07:00,2026/09/01 16:01:15.480, NVIDIA GeForce RTX 5060, 591.86, P8, 28, 0, 1023, 8151, 8.46, 145.00, 210, 405, 1, 8
2026-09-01T16:01:20.5724272+07:00,2026/09/01 16:01:20.603, NVIDIA GeForce RTX 5060, 591.86, P8, 28, 0, 1023, 8151, 8.50, 145.00, 262, 405, 1, 8
2026-09-01T16:01:25.6215229+07:00,2026/09/01 16:01:25.652, NVIDIA GeForce RTX 5060, 591.86, P8, 28, 0, 1023, 8151, 8.40, 145.00, 210, 405, 1, 8
2026-09-01T16:01:30.6835134+07:00,2026/09/01 16:01:30.714, NVIDIA GeForce RTX 5060, 591.86, P8, 28, 0, 1023, 8151, 8.56, 145.00, 232, 405, 1, 8
2026-09-01T16:01:35.7322750+07:00,2026/09/01 16:01:35.763, NVIDIA GeForce RTX 5060, 591.86, P8, 28, 0, 1023, 8151, 8.46, 145.00, 210, 405, 1, 8
2026-09-01T16:01:40.7810086+07:00,2026/09/01 16:01:40.812, NVIDIA GeForce RTX 5060, 591.86, P8, 28, 0, 1023, 8151, 8.49, 145.00, 247, 405, 1, 8
2026-09-01T16:01:45.8385575+07:00,2026/09/01 16:01:45.869, NVIDIA GeForce RTX 5060, 591.86, P8, 28, 0, 1023, 8151, 8.49, 145.00, 210, 405, 1, 8
2026-09-01T16:01:50.9483847+07:00,2026/09/01 16:01:50.979, NVIDIA GeForce RTX 5060, 591.86, P8, 28, 0, 1023, 8151, 8.46, 145.00, 232, 405, 1, 8
2026-09-01T16:01:56.0103551+07:00,2026/09/01 16:01:56.041, NVIDIA GeForce RTX 5060, 591.86, P8, 28, 0, 1023, 8151, 8.45, 145.00, 255, 405, 1, 8
2026-09-01T16:02:01.0701119+07:00,2026/09/01 16:02:01.101, NVIDIA GeForce RTX 5060, 591.86, P8, 28, 0, 1119, 8151, 8.48, 145.00, 240, 405, 1, 8
2026-09-01T16:02:06.1234832+07:00,2026/09/01 16:02:06.169, NVIDIA GeForce RTX 5060, 591.86, P8, 28, 0, 1189, 8151, 8.52, 145.00, 240, 405, 1, 8
2026-09-01T16:02:11.2144703+07:00,2026/09/01 16:02:11.245, NVIDIA GeForce RTX 5060, 591.86, P8, 28, 0, 1186, 8151, 8.56, 145.00, 240, 405, 1, 8
2026-09-01T16:02:16.2720652+07:00,2026/09/01 16:02:16.303, NVIDIA GeForce RTX 5060, 591.86, P8, 28, 0, 1196, 8151, 8.52, 145.00, 240, 405, 1, 8
2026-09-01T16:02:21.3954183+07:00,2026/09/01 16:02:21.426, NVIDIA GeForce RTX 5060, 591.86, P8, 28, 0, 1186, 8151, 8.42, 145.00, 210, 405, 1, 8
2026-09-01T16:02:26.4461202+07:00,2026/09/01 16:02:26.475, NVIDIA GeForce RTX 5060, 591.86, P8, 28, 0, 1186, 8151, 8.46, 145.00, 210, 405, 1, 8
2026-09-01T16:02:31.4934688+07:00,2026/09/01 16:02:31.538, NVIDIA GeForce RTX 5060, 591.86, P8, 28, 0, 1186, 8151, 8.38, 145.00, 232, 405, 1, 8
2026-09-01T16:02:36.5518485+07:00,2026/09/01 16:02:36.582, NVIDIA GeForce RTX 5060, 591.86, P8, 28, 0, 1186, 8151, 8.38, 145.00, 210, 405, 1, 8
2026-09-01T16:02:41.6147866+07:00,2026/09/01 16:02:41.645, NVIDIA GeForce RTX 5060, 591.86, P8, 28, 0, 1197, 8151, 8.48, 145.00, 232, 405, 1, 8
2026-09-01T16:02:46.6915420+07:00,2026/09/01 16:02:46.722, NVIDIA GeForce RTX 5060, 591.86, P8, 28, 0, 1186, 8151, 8.33, 145.00, 210, 405, 1, 8
2026-09-01T16:02:51.8090837+07:00,2026/09/01 16:02:51.840, NVIDIA GeForce RTX 5060, 591.86, P8, 28, 0, 1186, 8151, 8.39, 145.00, 232, 405, 1, 8
2026-09-01T16:02:56.8638761+07:00,2026/09/01 16:02:56.910, NVIDIA GeForce RTX 5060, 591.86, P8, 28, 0, 1186, 8151, 8.41, 145.00, 210, 405, 1, 8
2026-09-01T16:03:01.9405644+07:00,2026/09/01 16:03:01.971, NVIDIA GeForce RTX 5060, 591.86, P8, 28, 0, 1186, 8151, 8.36, 145.00, 210, 405, 1, 8
2026-09-01T16:03:07.0017393+07:00,2026/09/01 16:03:07.032, NVIDIA GeForce RTX 5060, 591.86, P8, 28, 0, 1186, 8151, 8.34, 145.00, 232, 405, 1, 8
2026-09-01T16:03:12.0498932+07:00,2026/09/01 16:03:12.080, NVIDIA GeForce RTX 5060, 591.86, P8, 28, 0, 1186, 8151, 8.44, 145.00, 210, 405, 1, 8
2026-09-01T16:03:17.1087879+07:00,2026/09/01 16:03:17.139, NVIDIA GeForce RTX 5060, 591.86, P8, 28, 0, 1186, 8151, 8.37, 145.00, 232, 405, 1, 8
2026-09-01T16:03:22.2311194+07:00,2026/09/01 16:03:22.262, NVIDIA GeForce RTX 5060, 591.86, P8, 28, 0, 1186, 8151, 8.53, 145.00, 210, 405, 1, 8
2026-09-01T16:03:27.2945938+07:00,2026/09/01 16:03:27.325, NVIDIA GeForce RTX 5060, 591.86, P8, 28, 0, 1186, 8151, 8.38, 145.00, 232, 405, 1, 8
2026-09-01T16:03:32.3528848+07:00,2026/09/01 16:03:32.383, NVIDIA GeForce RTX 5060, 591.86, P8, 28, 0, 1186, 8151, 8.30, 145.00, 210, 405, 1, 8
2026-09-01T16:03:37.4069225+07:00,2026/09/01 16:03:37.437, NVIDIA GeForce RTX 5060, 591.86, P8, 28, 0, 1186, 8151, 8.37, 145.00, 210, 405, 1, 8
2026-09-01T16:03:42.4679093+07:00,2026/09/01 16:03:42.498, NVIDIA GeForce RTX 5060, 591.86, P8, 28, 0, 1201, 8151, 8.50, 145.00, 232, 405, 1, 8
2026-09-01T16:03:47.5104468+07:00,2026/09/01 16:03:47.541, NVIDIA GeForce RTX 5060, 591.86, P8, 28, 0, 1198, 8151, 8.87, 145.00, 210, 405, 1, 8
2026-09-01T16:03:52.6151193+07:00,2026/09/01 16:03:52.646, NVIDIA GeForce RTX 5060, 591.86, P8, 28, 0, 1199, 8151, 8.59, 145.00, 210, 405, 1, 8
2026-09-01T16:03:57.6644258+07:00,2026/09/01 16:03:57.695, NVIDIA GeForce RTX 5060, 591.86, P8, 28, 0, 1199, 8151, 8.71, 145.00, 255, 405, 1, 8
2026-09-01T16:04:02.7030199+07:00,2026/09/01 16:04:02.734, NVIDIA GeForce RTX 5060, 591.86, P8, 28, 0, 1199, 8151, 8.84, 145.00, 262, 405, 1, 8
2026-09-01T16:04:07.7561473+07:00,2026/09/01 16:04:07.786, NVIDIA GeForce RTX 5060, 591.86, P8, 28, 0, 1199, 8151, 8.95, 145.00, 277, 405, 1, 8
2026-09-01T16:04:12.8026605+07:00,2026/09/01 16:04:12.833, NVIDIA GeForce RTX 5060, 591.86, P8, 28, 0, 1198, 8151, 8.98, 145.00, 255, 405, 1, 8
2026-09-01T16:04:17.8608157+07:00,2026/09/01 16:04:17.891, NVIDIA GeForce RTX 5060, 591.86, P8, 28, 0, 1198, 8151, 8.68, 145.00, 277, 405, 1, 8
2026-09-01T16:04:22.9686409+07:00,2026/09/01 16:04:22.999, NVIDIA GeForce RTX 5060, 591.86, P8, 28, 1, 1198, 8151, 8.78, 145.00, 255, 405, 1, 8
2026-09-01T16:04:28.0150871+07:00,2026/09/01 16:04:28.046, NVIDIA GeForce RTX 5060, 591.86, P8, 28, 0, 1191, 8151, 8.84, 145.00, 322, 405, 1, 8
2026-09-01T16:04:33.0575926+07:00,2026/09/01 16:04:33.088, NVIDIA GeForce RTX 5060, 591.86, P8, 28, 3, 1201, 8151, 9.00, 145.00, 345, 405, 1, 8
2026-09-01T16:04:38.1184670+07:00,2026/09/01 16:04:38.149, NVIDIA GeForce RTX 5060, 591.86, P8, 28, 0, 1191, 8151, 8.74, 145.00, 277, 405, 1, 8
2026-09-01T16:04:43.1772143+07:00,2026/09/01 16:04:43.208, NVIDIA GeForce RTX 5060, 591.86, P8, 28, 0, 1192, 8151, 8.87, 145.00, 240, 405, 1, 8
2026-09-01T16:04:48.2150968+07:00,2026/09/01 16:04:48.246, NVIDIA GeForce RTX 5060, 591.86, P8, 28, 0, 1186, 8151, 8.78, 145.00, 232, 405, 1, 8
2026-09-01T16:04:53.3166647+07:00,2026/09/01 16:04:53.347, NVIDIA GeForce RTX 5060, 591.86, P8, 28, 0, 1186, 8151, 8.56, 145.00, 255, 405, 1, 8
2026-09-01T16:04:58.3677972+07:00,2026/09/01 16:04:58.398, NVIDIA GeForce RTX 5060, 591.86, P8, 28, 0, 1186, 8151, 8.60, 145.00, 240, 405, 1, 8
2026-09-01T16:05:03.4174129+07:00,2026/09/01 16:05:03.448, NVIDIA GeForce RTX 5060, 591.86, P8, 28, 0, 1186, 8151, 8.61, 145.00, 255, 405, 1, 8
2026-09-01T16:05:08.4685308+07:00,2026/09/01 16:05:08.499, NVIDIA GeForce RTX 5060, 591.86, P8, 28, 0, 1186, 8151, 8.67, 145.00, 232, 405, 1, 8
2026-09-01T16:05:13.5207756+07:00,2026/09/01 16:05:13.551, NVIDIA GeForce RTX 5060, 591.86, P8, 28, 0, 1186, 8151, 8.78, 145.00, 277, 405, 1, 8
2026-09-01T16:05:18.5663554+07:00,2026/09/01 16:05:18.597, NVIDIA GeForce RTX 5060, 591.86, P8, 28, 0, 1186, 8151, 8.89, 145.00, 277, 405, 1, 8
2026-09-01T16:05:23.7177950+07:00,2026/09/01 16:05:23.748, NVIDIA GeForce RTX 5060, 591.86, P8, 28, 0, 1186, 8151, 8.84, 145.00, 255, 405, 1, 8
2026-09-01T16:05:28.7626130+07:00,2026/09/01 16:05:28.793, NVIDIA GeForce RTX 5060, 591.86, P8, 28, 0, 1186, 8151, 8.97, 145.00, 307, 405, 1, 8
2026-09-01T16:05:33.8024213+07:00,2026/09/01 16:05:33.833, NVIDIA GeForce RTX 5060, 591.86, P8, 28, 0, 1186, 8151, 8.96, 145.00, 255, 405, 1, 8
2026-09-01T16:05:38.8449850+07:00,2026/09/01 16:05:38.875, NVIDIA GeForce RTX 5060, 591.86, P8, 28, 0, 1186, 8151, 8.81, 145.00, 277, 405, 1, 8
2026-09-01T16:05:43.8870642+07:00,2026/09/01 16:05:43.933, NVIDIA GeForce RTX 5060, 591.86, P8, 28, 0, 1196, 8151, 9.05, 145.00, 277, 405, 1, 8
2026-09-01T16:05:48.9420415+07:00,2026/09/01 16:05:48.972, NVIDIA GeForce RTX 5060, 591.86, P8, 28, 0, 1186, 8151, 8.66, 145.00, 255, 405, 1, 8
2026-09-01T16:05:54.0757564+07:00,2026/09/01 16:05:54.106, NVIDIA GeForce RTX 5060, 591.86, P8, 28, 0, 1186, 8151, 8.61, 145.00, 277, 405, 1, 8
2026-09-01T16:05:59.1181370+07:00,2026/09/01 16:05:59.148, NVIDIA GeForce RTX 5060, 591.86, P8, 28, 0, 1186, 8151, 8.75, 145.00, 255, 405, 1, 8
2026-09-01T16:06:04.1594838+07:00,2026/09/01 16:06:04.190, NVIDIA GeForce RTX 5060, 591.86, P8, 28, 0, 1189, 8151, 8.70, 145.00, 277, 405, 1, 8
2026-09-01T16:06:09.1981005+07:00,2026/09/01 16:06:09.229, NVIDIA GeForce RTX 5060, 591.86, P8, 28, 0, 1189, 8151, 8.83, 145.00, 255, 405, 1, 8
2026-09-01T16:06:14.2370084+07:00,2026/09/01 16:06:14.701, NVIDIA GeForce RTX 5060, 591.86, P8, 28, 0, 1189, 8151, 8.79, 145.00, 255, 405, 1, 8
2026-09-01T16:06:19.7414990+07:00,2026/09/01 16:06:20.097, NVIDIA GeForce RTX 5060, 591.86, P8, 28, 0, 1189, 8151, 8.69, 145.00, 255, 405, 1, 8
2026-09-01T16:06:25.3381187+07:00,2026/09/01 16:06:25.878, NVIDIA GeForce RTX 5060, 591.86, P8, 28, 0, 1215, 8151, 9.77, 145.00, 352, 405, 1, 8
2026-09-01T16:06:30.9655267+07:00,2026/09/01 16:06:31.275, NVIDIA GeForce RTX 5060, 591.86, P8, 28, 5, 1215, 8151, 10.58, 145.00, 525, 405, 1, 8
2026-09-01T16:06:36.3216792+07:00,2026/09/01 16:06:36.615, NVIDIA GeForce RTX 5060, 591.86, P8, 28, 1, 1197, 8151, 9.26, 145.00, 375, 405, 1, 8
2026-09-01T16:06:41.6586374+07:00,2026/09/01 16:06:42.123, NVIDIA GeForce RTX 5060, 591.86, P8, 28, 0, 1194, 8151, 9.38, 145.00, 382, 405, 1, 8
2026-09-01T16:06:47.1972461+07:00,2026/09/01 16:06:47.228, NVIDIA GeForce RTX 5060, 591.86, P8, 28, 1, 1189, 8151, 9.43, 145.00, 390, 405, 1, 8
2026-09-01T16:06:52.2361573+07:00,2026/09/01 16:06:52.593, NVIDIA GeForce RTX 5060, 591.86, P8, 28, 0, 1194, 8151, 9.09, 145.00, 307, 405, 1, 8
2026-09-01T16:06:57.7450988+07:00,2026/09/01 16:06:58.086, NVIDIA GeForce RTX 5060, 591.86, P8, 28, 0, 1193, 8151, 9.28, 145.00, 322, 405, 1, 8
2026-09-01T16:07:03.1802747+07:00,2026/09/01 16:07:03.659, NVIDIA GeForce RTX 5060, 591.86, P8, 28, 0, 1194, 8151, 9.38, 145.00, 352, 405, 1, 8
2026-09-01T16:07:08.6737123+07:00,2026/09/01 16:07:09.075, NVIDIA GeForce RTX 5060, 591.86, P8, 28, 0, 1193, 8151, 9.33, 145.00, 345, 405, 1, 8
2026-09-01T16:07:14.1195348+07:00,2026/09/01 16:07:14.212, NVIDIA GeForce RTX 5060, 591.86, P8, 28, 0, 1193, 8151, 9.25, 145.00, 330, 405, 1, 8
2026-09-01T16:07:19.2322188+07:00,2026/09/01 16:07:19.479, NVIDIA GeForce RTX 5060, 591.86, P8, 28, 0, 1193, 8151, 9.11, 145.00, 322, 405, 1, 8
2026-09-01T16:07:24.5083124+07:00,2026/09/01 16:07:24.601, NVIDIA GeForce RTX 5060, 591.86, P8, 28, 0, 1192, 8151, 9.15, 145.00, 315, 405, 1, 8
2026-09-01T16:07:29.6955911+07:00,2026/09/01 16:07:29.788, NVIDIA GeForce RTX 5060, 591.86, P8, 28, 0, 1194, 8151, 9.09, 145.00, 330, 405, 1, 8
2026-09-01T16:07:34.8026417+07:00,2026/09/01 16:07:34.895, NVIDIA GeForce RTX 5060, 591.86, P8, 28, 0, 1194, 8151, 9.26, 145.00, 375, 405, 1, 8
2026-09-01T16:07:39.9119952+07:00,2026/09/01 16:07:40.005, NVIDIA GeForce RTX 5060, 591.86, P8, 28, 0, 1194, 8151, 9.12, 145.00, 322, 405, 1, 8
2026-09-01T16:07:45.0241253+07:00,2026/09/01 16:07:45.101, NVIDIA GeForce RTX 5060, 591.86, P8, 28, 0, 1194, 8151, 9.04, 145.00, 315, 405, 1, 8
2026-09-01T16:07:50.1192969+07:00,2026/09/01 16:07:50.274, NVIDIA GeForce RTX 5060, 591.86, P8, 28, 0, 1189, 8151, 8.93, 145.00, 307, 405, 1, 8
2026-09-01T16:07:55.3237552+07:00,2026/09/01 16:07:55.463, NVIDIA GeForce RTX 5060, 591.86, P8, 28, 0, 1194, 8151, 8.95, 145.00, 322, 405, 1, 8
2026-09-01T16:08:00.5724156+07:00,2026/09/01 16:08:00.665, NVIDIA GeForce RTX 5060, 591.86, P8, 28, 0, 1188, 8151, 9.13, 145.00, 337, 405, 1, 8
2026-09-01T16:08:05.6861626+07:00,2026/09/01 16:08:05.779, NVIDIA GeForce RTX 5060, 591.86, P8, 28, 0, 1194, 8151, 9.10, 145.00, 345, 405, 1, 8
2026-09-01T16:08:10.7963353+07:00,2026/09/01 16:08:10.873, NVIDIA GeForce RTX 5060, 591.86, P8, 28, 0, 1194, 8151, 9.04, 145.00, 337, 405, 1, 8
2026-09-01T16:08:15.9063513+07:00,2026/09/01 16:08:15.983, NVIDIA GeForce RTX 5060, 591.86, P8, 28, 0, 1204, 8151, 9.22, 145.00, 345, 405, 1, 8
2026-09-01T16:08:20.9998111+07:00,2026/09/01 16:08:21.061, NVIDIA GeForce RTX 5060, 591.86, P8, 28, 1, 1194, 8151, 8.98, 145.00, 352, 405, 1, 8
2026-09-01T16:08:26.0929580+07:00,2026/09/01 16:08:26.248, NVIDIA GeForce RTX 5060, 591.86, P8, 28, 0, 1188, 8151, 9.02, 145.00, 300, 405, 1, 8
2026-09-01T16:08:31.4220818+07:00,2026/09/01 16:08:31.499, NVIDIA GeForce RTX 5060, 591.86, P8, 28, 0, 1188, 8151, 9.09, 145.00, 315, 405, 1, 8
2026-09-01T16:08:36.5174415+07:00,2026/09/01 16:08:36.641, NVIDIA GeForce RTX 5060, 591.86, P8, 28, 1, 1194, 8151, 9.15, 145.00, 345, 405, 1, 8
2026-09-01T16:08:41.6613942+07:00,2026/09/01 16:08:41.801, NVIDIA GeForce RTX 5060, 591.86, P8, 28, 1, 1189, 8151, 9.14, 145.00, 345, 405, 1, 8
2026-09-01T16:08:46.8227598+07:00,2026/09/01 16:08:46.900, NVIDIA GeForce RTX 5060, 591.86, P8, 28, 1, 1193, 8151, 9.16, 145.00, 352, 405, 1, 8
2026-09-01T16:08:51.9158088+07:00,2026/09/01 16:08:51.977, NVIDIA GeForce RTX 5060, 591.86, P8, 28, 0, 1195, 8151, 9.29, 145.00, 375, 405, 1, 8
2026-09-01T16:08:56.9960772+07:00,2026/09/01 16:08:57.057, NVIDIA GeForce RTX 5060, 591.86, P8, 28, 0, 1194, 8151, 9.25, 145.00, 367, 405, 1, 8
2026-09-01T16:09:02.1519526+07:00,2026/09/01 16:09:02.229, NVIDIA GeForce RTX 5060, 591.86, P8, 28, 0, 1194, 8151, 9.03, 145.00, 322, 405, 1, 8
2026-09-01T16:09:07.2605369+07:00,2026/09/01 16:09:07.337, NVIDIA GeForce RTX 5060, 591.86, P8, 28, 0, 1194, 8151, 9.18, 145.00, 360, 405, 1, 8
2026-09-01T16:09:12.3677211+07:00,2026/09/01 16:09:12.460, NVIDIA GeForce RTX 5060, 591.86, P8, 28, 0, 1194, 8151, 9.30, 145.00, 375, 405, 1, 8
2026-09-01T16:09:17.4749928+07:00,2026/09/01 16:09:17.521, NVIDIA GeForce RTX 5060, 591.86, P8, 28, 4, 1197, 8151, 9.58, 145.00, 435, 405, 1, 8
2026-09-01T16:09:22.5355555+07:00,2026/09/01 16:09:22.612, NVIDIA GeForce RTX 5060, 591.86, P8, 28, 0, 1204, 8151, 8.58, 145.00, 247, 405, 1, 8
2026-09-01T16:09:27.6389675+07:00,2026/09/01 16:09:27.685, NVIDIA GeForce RTX 5060, 591.86, P8, 28, 0, 1191, 8151, 8.30, 145.00, 210, 405, 1, 8
2026-09-01T16:09:32.7775760+07:00,2026/09/01 16:09:32.808, NVIDIA GeForce RTX 5060, 591.86, P8, 28, 0, 1183, 8151, 8.30, 145.00, 210, 405, 1, 8
2026-09-01T16:09:37.8395762+07:00,2026/09/01 16:09:37.870, NVIDIA GeForce RTX 5060, 591.86, P8, 28, 0, 1183, 8151, 8.25, 145.00, 232, 405, 1, 8
2026-09-01T16:09:42.8817715+07:00,2026/09/01 16:09:42.912, NVIDIA GeForce RTX 5060, 591.86, P8, 28, 0, 1183, 8151, 8.36, 145.00, 210, 405, 1, 8
2026-09-01T16:09:47.9427693+07:00,2026/09/01 16:09:47.973, NVIDIA GeForce RTX 5060, 591.86, P8, 28, 0, 1183, 8151, 8.26, 145.00, 232, 405, 1, 8
2026-09-01T16:09:53.0045181+07:00,2026/09/01 16:09:53.035, NVIDIA GeForce RTX 5060, 591.86, P8, 28, 0, 1192, 8151, 8.39, 145.00, 232, 405, 1, 8
2026-09-01T16:09:58.0655606+07:00,2026/09/01 16:09:58.096, NVIDIA GeForce RTX 5060, 591.86, P8, 28, 0, 1203, 8151, 8.77, 145.00, 367, 405, 1, 8
2026-09-01T16:10:03.1790950+07:00,2026/09/01 16:10:03.209, NVIDIA GeForce RTX 5060, 591.86, P8, 28, 0, 1194, 8151, 8.55, 145.00, 255, 405, 1, 8
2026-09-01T16:10:08.2415660+07:00,2026/09/01 16:10:08.272, NVIDIA GeForce RTX 5060, 591.86, P8, 28, 0, 1194, 8151, 8.58, 145.00, 285, 405, 1, 8
2026-09-01T16:10:13.2910972+07:00,2026/09/01 16:10:13.322, NVIDIA GeForce RTX 5060, 591.86, P8, 28, 0, 1195, 8151, 8.60, 145.00, 232, 405, 1, 8
2026-09-01T16:10:18.3520183+07:00,2026/09/01 16:10:18.383, NVIDIA GeForce RTX 5060, 591.86, P8, 28, 0, 1188, 8151, 8.63, 145.00, 255, 405, 1, 8
2026-09-01T16:10:23.4013005+07:00,2026/09/01 16:10:23.432, NVIDIA GeForce RTX 5060, 591.86, P8, 28, 0, 1188, 8151, 8.70, 145.00, 232, 405, 1, 8
2026-09-01T16:10:28.4637003+07:00,2026/09/01 16:10:28.494, NVIDIA GeForce RTX 5060, 591.86, P8, 28, 0, 1193, 8151, 8.73, 145.00, 255, 405, 1, 8
2026-09-01T16:10:33.5873952+07:00,2026/09/01 16:10:33.618, NVIDIA GeForce RTX 5060, 591.86, P8, 28, 0, 1195, 8151, 8.80, 145.00, 337, 405, 1, 8
2026-09-01T16:10:38.6351702+07:00,2026/09/01 16:10:38.681, NVIDIA GeForce RTX 5060, 591.86, P0, 29, 0, 1202, 8151, 20.72, 145.00, 2527, 14201, 4, 8
2026-09-01T16:10:43.6955525+07:00,2026/09/01 16:10:43.742, NVIDIA GeForce RTX 5060, 591.86, P8, 28, 1, 1244, 8151, 9.53, 145.00, 525, 405, 1, 8
2026-09-01T16:10:48.7697900+07:00,2026/09/01 16:10:48.846, NVIDIA GeForce RTX 5060, 591.86, P8, 28, 11, 1178, 8151, 9.83, 145.00, 487, 405, 1, 8
2026-09-01T16:10:53.8650775+07:00,2026/09/01 16:10:53.895, NVIDIA GeForce RTX 5060, 591.86, P8, 29, 22, 1202, 8151, 11.22, 145.00, 517, 405, 2, 8
2026-09-01T16:10:58.9139719+07:00,2026/09/01 16:10:58.945, NVIDIA GeForce RTX 5060, 591.86, P8, 28, 0, 1201, 8151, 8.69, 145.00, 247, 405, 1, 8
2026-09-01T16:11:04.1306361+07:00,2026/09/01 16:11:04.161, NVIDIA GeForce RTX 5060, 591.86, P8, 28, 0, 1168, 8151, 9.02, 145.00, 345, 405, 1, 8
2026-09-01T16:11:09.1892666+07:00,2026/09/01 16:11:09.220, NVIDIA GeForce RTX 5060, 591.86, P8, 28, 0, 1177, 8151, 10.61, 145.00, 765, 405, 1, 8
2026-09-01T16:11:14.2364197+07:00,2026/09/01 16:11:14.267, NVIDIA GeForce RTX 5060, 591.86, P8, 28, 0, 1181, 8151, 9.78, 145.00, 472, 405, 1, 8
2026-09-01T16:11:19.2812275+07:00,2026/09/01 16:11:19.312, NVIDIA GeForce RTX 5060, 591.86, P5, 28, 0, 1188, 8151, 15.04, 145.00, 555, 810, 2, 8
2026-09-01T16:11:24.3433902+07:00,2026/09/01 16:11:24.374, NVIDIA GeForce RTX 5060, 591.86, P8, 28, 1, 1182, 8151, 9.13, 145.00, 360, 405, 1, 8
2026-09-01T16:11:29.4059964+07:00,2026/09/01 16:11:29.437, NVIDIA GeForce RTX 5060, 591.86, P8, 28, 1, 1182, 8151, 9.10, 145.00, 382, 405, 1, 8
2026-09-01T16:11:34.5152291+07:00,2026/09/01 16:11:34.546, NVIDIA GeForce RTX 5060, 591.86, P8, 28, 1, 1161, 8151, 10.01, 145.00, 457, 405, 1, 8
2026-09-01T16:11:39.5628455+07:00,2026/09/01 16:11:39.593, NVIDIA GeForce RTX 5060, 591.86, P8, 28, 0, 1159, 8151, 9.07, 145.00, 360, 405, 1, 8
2026-09-01T16:11:44.6130230+07:00,2026/09/01 16:11:44.644, NVIDIA GeForce RTX 5060, 591.86, P8, 28, 0, 1160, 8151, 8.68, 145.00, 247, 405, 1, 8
2026-09-01T16:11:49.6602924+07:00,2026/09/01 16:11:49.707, NVIDIA GeForce RTX 5060, 591.86, P8, 28, 0, 1160, 8151, 9.07, 145.00, 307, 405, 1, 8
2026-09-01T16:11:54.7260156+07:00,2026/09/01 16:11:54.757, NVIDIA GeForce RTX 5060, 591.86, P8, 28, 0, 1160, 8151, 9.03, 145.00, 375, 405, 1, 8
2026-09-01T16:11:59.7751048+07:00,2026/09/01 16:11:59.806, NVIDIA GeForce RTX 5060, 591.86, P8, 28, 0, 1160, 8151, 8.59, 145.00, 232, 405, 1, 8
2026-09-01T16:12:04.8857740+07:00,2026/09/01 16:12:04.978, NVIDIA GeForce RTX 5060, 591.86, P8, 28, 0, 1161, 8151, 8.61, 145.00, 285, 405, 1, 8
2026-09-01T16:12:09.9966552+07:00,2026/09/01 16:12:10.120, NVIDIA GeForce RTX 5060, 591.86, P8, 28, 0, 1159, 8151, 8.52, 145.00, 255, 405, 1, 8
2026-09-01T16:12:15.1517279+07:00,2026/09/01 16:12:15.197, NVIDIA GeForce RTX 5060, 591.86, P8, 28, 0, 1157, 8151, 8.59, 145.00, 255, 405, 1, 8
2026-09-01T16:12:20.2256760+07:00,2026/09/01 16:12:20.287, NVIDIA GeForce RTX 5060, 591.86, P8, 28, 1, 1158, 8151, 8.90, 145.00, 255, 405, 1, 8
2026-09-01T16:12:25.3165458+07:00,2026/09/01 16:12:25.347, NVIDIA GeForce RTX 5060, 591.86, P8, 28, 0, 1176, 8151, 8.78, 145.00, 277, 405, 1, 8
2026-09-01T16:12:30.3787752+07:00,2026/09/01 16:12:30.409, NVIDIA GeForce RTX 5060, 591.86, P8, 28, 0, 1176, 8151, 8.75, 145.00, 277, 405, 1, 8
2026-09-01T16:12:35.5054394+07:00,2026/09/01 16:12:35.536, NVIDIA GeForce RTX 5060, 591.86, P8, 28, 1, 1165, 8151, 9.16, 145.00, 345, 405, 1, 8
2026-09-01T16:12:40.5529763+07:00,2026/09/01 16:12:40.583, NVIDIA GeForce RTX 5060, 591.86, P8, 28, 0, 1147, 8151, 8.34, 145.00, 210, 405, 1, 8
2026-09-01T16:12:45.6015947+07:00,2026/09/01 16:12:45.648, NVIDIA GeForce RTX 5060, 591.86, P8, 28, 0, 1147, 8151, 8.38, 145.00, 225, 405, 1, 8
2026-09-01T16:12:50.6785402+07:00,2026/09/01 16:12:50.709, NVIDIA GeForce RTX 5060, 591.86, P8, 28, 0, 1147, 8151, 8.43, 145.00, 232, 405, 1, 8
2026-09-01T16:12:55.7398287+07:00,2026/09/01 16:12:55.770, NVIDIA GeForce RTX 5060, 591.86, P8, 28, 0, 1147, 8151, 8.44, 145.00, 210, 405, 1, 8
2026-09-01T16:13:00.8009333+07:00,2026/09/01 16:13:00.847, NVIDIA GeForce RTX 5060, 591.86, P8, 28, 0, 1147, 8151, 8.44, 145.00, 232, 405, 1, 8
2026-09-01T16:13:05.9401198+07:00,2026/09/01 16:13:05.970, NVIDIA GeForce RTX 5060, 591.86, P8, 28, 0, 1147, 8151, 8.52, 145.00, 210, 405, 1, 8
2026-09-01T16:13:11.0013133+07:00,2026/09/01 16:13:11.032, NVIDIA GeForce RTX 5060, 591.86, P8, 28, 0, 1147, 8151, 8.52, 145.00, 232, 405, 1, 8
2026-09-01T16:13:16.0623720+07:00,2026/09/01 16:13:16.093, NVIDIA GeForce RTX 5060, 591.86, P8, 28, 0, 1147, 8151, 8.33, 145.00, 210, 405, 1, 8
2026-09-01T16:13:21.1217334+07:00,2026/09/01 16:13:21.167, NVIDIA GeForce RTX 5060, 591.86, P8, 28, 0, 1147, 8151, 8.39, 145.00, 210, 405, 1, 8
2026-09-01T16:13:26.1991937+07:00,2026/09/01 16:13:26.230, NVIDIA GeForce RTX 5060, 591.86, P8, 28, 4, 1165, 8151, 8.40, 145.00, 270, 405, 1, 8
2026-09-01T16:13:31.2469726+07:00,2026/09/01 16:13:31.278, NVIDIA GeForce RTX 5060, 591.86, P8, 28, 0, 1165, 8151, 8.45, 145.00, 210, 405, 1, 8
2026-09-01T16:13:36.3722893+07:00,2026/09/01 16:13:36.403, NVIDIA GeForce RTX 5060, 591.86, P8, 28, 0, 1165, 8151, 8.40, 145.00, 232, 405, 1, 8
2026-09-01T16:13:41.4339796+07:00,2026/09/01 16:13:41.464, NVIDIA GeForce RTX 5060, 591.86, P8, 28, 0, 1165, 8151, 8.44, 145.00, 210, 405, 1, 8
2026-09-01T16:13:46.4960057+07:00,2026/09/01 16:13:46.527, NVIDIA GeForce RTX 5060, 591.86, P8, 28, 0, 1165, 8151, 8.43, 145.00, 232, 405, 1, 8
2026-09-01T16:13:51.5578063+07:00,2026/09/01 16:13:51.588, NVIDIA GeForce RTX 5060, 591.86, P8, 28, 0, 1165, 8151, 8.51, 145.00, 210, 405, 1, 8
2026-09-01T16:13:56.6197158+07:00,2026/09/01 16:13:56.650, NVIDIA GeForce RTX 5060, 591.86, P8, 28, 0, 1165, 8151, 8.49, 145.00, 210, 405, 1, 8
2026-09-01T16:14:01.6659733+07:00,2026/09/01 16:14:01.712, NVIDIA GeForce RTX 5060, 591.86, P8, 28, 0, 1165, 8151, 8.33, 145.00, 232, 405, 1, 8
2026-09-01T16:14:06.8215252+07:00,2026/09/01 16:14:06.868, NVIDIA GeForce RTX 5060, 591.86, P8, 28, 0, 1165, 8151, 8.36, 145.00, 210, 405, 1, 8
2026-09-01T16:14:11.8945882+07:00,2026/09/01 16:14:11.940, NVIDIA GeForce RTX 5060, 591.86, P8, 28, 0, 1165, 8151, 8.53, 145.00, 232, 405, 1, 8
2026-09-01T16:14:16.9713356+07:00,2026/09/01 16:14:17.002, NVIDIA GeForce RTX 5060, 591.86, P8, 28, 0, 1165, 8151, 8.59, 145.00, 210, 405, 1, 8
2026-09-01T16:14:22.0194111+07:00,2026/09/01 16:14:22.050, NVIDIA GeForce RTX 5060, 591.86, P8, 28, 0, 1165, 8151, 8.52, 145.00, 232, 405, 1, 8
2026-09-01T16:14:27.0641869+07:00,2026/09/01 16:14:27.095, NVIDIA GeForce RTX 5060, 591.86, P8, 28, 0, 1165, 8151, 8.52, 145.00, 210, 405, 1, 8
2026-09-01T16:14:32.1120758+07:00,2026/09/01 16:14:32.142, NVIDIA GeForce RTX 5060, 591.86, P8, 28, 0, 1165, 8151, 8.51, 145.00, 210, 405, 1, 8
2026-09-01T16:14:37.2368783+07:00,2026/09/01 16:14:37.267, NVIDIA GeForce RTX 5060, 591.86, P8, 28, 0, 1165, 8151, 8.46, 145.00, 232, 405, 1, 8
2026-09-01T16:14:42.2824775+07:00,2026/09/01 16:14:42.313, NVIDIA GeForce RTX 5060, 591.86, P8, 28, 0, 1165, 8151, 8.34, 145.00, 202, 405, 1, 8
2026-09-01T16:14:47.3442218+07:00,2026/09/01 16:14:47.375, NVIDIA GeForce RTX 5060, 591.86, P8, 28, 0, 1165, 8151, 8.53, 145.00, 232, 405, 1, 8
2026-09-01T16:14:52.4053755+07:00,2026/09/01 16:14:52.436, NVIDIA GeForce RTX 5060, 591.86, P8, 28, 0, 1165, 8151, 8.34, 145.00, 210, 405, 1, 8
2026-09-01T16:14:57.4533847+07:00,2026/09/01 16:14:57.484, NVIDIA GeForce RTX 5060, 591.86, P8, 28, 0, 1165, 8151, 8.38, 145.00, 232, 405, 1, 8
2026-09-01T16:15:02.5148204+07:00,2026/09/01 16:15:02.545, NVIDIA GeForce RTX 5060, 591.86, P8, 28, 2, 1175, 8151, 8.44, 145.00, 232, 405, 1, 8
2026-09-01T16:15:07.6406577+07:00,2026/09/01 16:15:07.671, NVIDIA GeForce RTX 5060, 591.86, P8, 28, 0, 1175, 8151, 8.52, 145.00, 210, 405, 1, 8
2026-09-01T16:15:12.6884607+07:00,2026/09/01 16:15:12.719, NVIDIA GeForce RTX 5060, 591.86, P8, 28, 0, 1175, 8151, 8.34, 145.00, 232, 405, 1, 8
2026-09-01T16:15:17.7351391+07:00,2026/09/01 16:15:17.765, NVIDIA GeForce RTX 5060, 591.86, P8, 28, 0, 1175, 8151, 8.45, 145.00, 210, 405, 1, 8
2026-09-01T16:15:22.7829077+07:00,2026/09/01 16:15:22.813, NVIDIA GeForce RTX 5060, 591.86, P8, 28, 0, 1175, 8151, 8.26, 145.00, 232, 405, 1, 8
2026-09-01T16:15:27.8311276+07:00,2026/09/01 16:15:27.877, NVIDIA GeForce RTX 5060, 591.86, P8, 28, 0, 1175, 8151, 8.52, 145.00, 210, 405, 1, 8
2026-09-01T16:15:32.8890084+07:00,2026/09/01 16:15:32.916, NVIDIA GeForce RTX 5060, 591.86, P8, 28, 0, 1175, 8151, 8.33, 145.00, 232, 405, 1, 8
2026-09-01T16:15:38.0239466+07:00,2026/09/01 16:15:38.054, NVIDIA GeForce RTX 5060, 591.86, P8, 28, 0, 1175, 8151, 8.35, 145.00, 232, 405, 1, 8
2026-09-01T16:15:43.0847181+07:00,2026/09/01 16:15:43.115, NVIDIA GeForce RTX 5060, 591.86, P8, 28, 0, 1175, 8151, 8.29, 145.00, 210, 405, 1, 8
2026-09-01T16:15:48.1450941+07:00,2026/09/01 16:15:48.175, NVIDIA GeForce RTX 5060, 591.86, P8, 28, 0, 1175, 8151, 8.39, 145.00, 232, 405, 1, 8
2026-09-01T16:15:53.1886417+07:00,2026/09/01 16:15:53.234, NVIDIA GeForce RTX 5060, 591.86, P8, 28, 0, 1175, 8151, 8.37, 145.00, 210, 405, 1, 8
2026-09-01T16:15:58.2574808+07:00,2026/09/01 16:15:58.288, NVIDIA GeForce RTX 5060, 591.86, P8, 28, 0, 1175, 8151, 8.44, 145.00, 232, 405, 1, 8
2026-09-01T16:16:03.3012945+07:00,2026/09/01 16:16:03.332, NVIDIA GeForce RTX 5060, 591.86, P8, 28, 0, 1175, 8151, 8.46, 145.00, 210, 405, 1, 8
2026-09-01T16:16:08.4241763+07:00,2026/09/01 16:16:08.454, NVIDIA GeForce RTX 5060, 591.86, P8, 28, 0, 1185, 8151, 8.46, 145.00, 232, 405, 1, 8
2026-09-01T16:16:13.4685651+07:00,2026/09/01 16:16:13.499, NVIDIA GeForce RTX 5060, 591.86, P8, 28, 0, 1185, 8151, 8.34, 145.00, 232, 405, 1, 8
2026-09-01T16:16:18.5315354+07:00,2026/09/01 16:16:18.562, NVIDIA GeForce RTX 5060, 591.86, P8, 28, 0, 1185, 8151, 8.62, 145.00, 210, 405, 1, 8
2026-09-01T16:16:23.5882872+07:00,2026/09/01 16:16:23.619, NVIDIA GeForce RTX 5060, 591.86, P8, 28, 0, 1185, 8151, 8.53, 145.00, 232, 405, 1, 8
2026-09-01T16:16:28.6487009+07:00,2026/09/01 16:16:28.695, NVIDIA GeForce RTX 5060, 591.86, P8, 28, 0, 1185, 8151, 8.49, 145.00, 210, 405, 1, 8
2026-09-01T16:16:33.7241935+07:00,2026/09/01 16:16:33.801, NVIDIA GeForce RTX 5060, 591.86, P8, 28, 0, 1185, 8151, 8.48, 145.00, 232, 405, 1, 8
2026-09-01T16:16:38.8929622+07:00,2026/09/01 16:16:38.970, NVIDIA GeForce RTX 5060, 591.86, P8, 28, 0, 1185, 8151, 8.65, 145.00, 210, 405, 1, 8
2026-09-01T16:16:44.0119049+07:00,2026/09/01 16:16:44.120, NVIDIA GeForce RTX 5060, 591.86, P8, 28, 0, 1185, 8151, 8.42, 145.00, 210, 405, 1, 8
2026-09-01T16:16:49.1461750+07:00,2026/09/01 16:16:49.270, NVIDIA GeForce RTX 5060, 591.86, P8, 28, 0, 1185, 8151, 8.52, 145.00, 232, 405, 1, 8
2026-09-01T16:16:54.2826368+07:00,2026/09/01 16:16:54.375, NVIDIA GeForce RTX 5060, 591.86, P8, 28, 0, 1185, 8151, 8.52, 145.00, 210, 405, 1, 8
2026-09-01T16:16:59.4072407+07:00,2026/09/01 16:16:59.561, NVIDIA GeForce RTX 5060, 591.86, P8, 28, 0, 1185, 8151, 8.37, 145.00, 232, 405, 1, 8
2026-09-01T16:17:04.5928012+07:00,2026/09/01 16:17:04.670, NVIDIA GeForce RTX 5060, 591.86, P8, 28, 0, 1185, 8151, 8.54, 145.00, 210, 405, 1, 8
2026-09-01T16:17:09.7648988+07:00,2026/09/01 16:17:09.857, NVIDIA GeForce RTX 5060, 591.86, P8, 28, 0, 1185, 8151, 8.43, 145.00, 232, 405, 1, 8
2026-09-01T16:17:14.8739120+07:00,2026/09/01 16:17:14.966, NVIDIA GeForce RTX 5060, 591.86, P8, 28, 0, 1185, 8151, 8.39, 145.00, 210, 405, 1, 8
2026-09-01T16:17:20.0011146+07:00,2026/09/01 16:17:20.062, NVIDIA GeForce RTX 5060, 591.86, P8, 28, 0, 1185, 8151, 8.62, 145.00, 210, 405, 1, 8
2026-09-01T16:17:25.0761833+07:00,2026/09/01 16:17:25.246, NVIDIA GeForce RTX 5060, 591.86, P0, 29, 0, 1209, 8151, 22.30, 145.00, 2520, 14201, 4, 8
2026-09-01T16:17:30.2689908+07:00,2026/09/01 16:17:30.577, NVIDIA GeForce RTX 5060, 591.86, P0, 29, 0, 1310, 8151, 14.23, 145.00, 2437, 14201, 4, 8
2026-09-01T16:17:35.6439018+07:00,2026/09/01 16:17:35.906, NVIDIA GeForce RTX 5060, 591.86, P5, 28, 0, 1219, 8151, 9.89, 145.00, 232, 810, 1, 8
2026-09-01T16:17:41.0483054+07:00,2026/09/01 16:17:41.417, NVIDIA GeForce RTX 5060, 591.86, P8, 28, 0, 1189, 8151, 8.69, 145.00, 210, 405, 1, 8
2026-09-01T16:17:46.4560414+07:00,2026/09/01 16:17:46.749, NVIDIA GeForce RTX 5060, 591.86, P8, 28, 0, 1173, 8151, 8.60, 145.00, 210, 405, 1, 8
2026-09-01T16:17:51.8321541+07:00,2026/09/01 16:17:52.294, NVIDIA GeForce RTX 5060, 591.86, P8, 28, 0, 1163, 8151, 8.59, 145.00, 232, 405, 1, 8
2026-09-01T16:17:57.3705981+07:00,2026/09/01 16:17:57.710, NVIDIA GeForce RTX 5060, 591.86, P8, 28, 0, 1163, 8151, 8.64, 145.00, 210, 405, 1, 8
2026-09-01T16:18:02.7598636+07:00,2026/09/01 16:18:03.251, NVIDIA GeForce RTX 5060, 591.86, P8, 28, 0, 1159, 8151, 8.58, 145.00, 232, 405, 1, 8
2026-09-01T16:18:08.3188672+07:00,2026/09/01 16:18:08.720, NVIDIA GeForce RTX 5060, 591.86, P8, 28, 0, 1159, 8151, 8.60, 145.00, 210, 405, 1, 8
2026-09-01T16:18:13.8376082+07:00,2026/09/01 16:18:14.330, NVIDIA GeForce RTX 5060, 591.86, P8, 28, 0, 1159, 8151, 8.54, 145.00, 210, 405, 1, 8
2026-09-01T16:18:19.4319083+07:00,2026/09/01 16:18:19.509, NVIDIA GeForce RTX 5060, 591.86, P8, 28, 0, 1159, 8151, 8.51, 145.00, 232, 405, 1, 8
2026-09-01T16:18:24.5339736+07:00,2026/09/01 16:18:24.920, NVIDIA GeForce RTX 5060, 591.86, P8, 28, 0, 1158, 8151, 8.54, 145.00, 210, 405, 1, 8
2026-09-01T16:18:30.0039553+07:00,2026/09/01 16:18:30.219, NVIDIA GeForce RTX 5060, 591.86, P8, 28, 0, 1158, 8151, 8.46, 145.00, 232, 405, 1, 8
2026-09-01T16:18:35.3015434+07:00,2026/09/01 16:18:35.609, NVIDIA GeForce RTX 5060, 591.86, P8, 28, 0, 1177, 8151, 8.55, 145.00, 247, 405, 1, 8
2026-09-01T16:18:40.6891360+07:00,2026/09/01 16:18:41.059, NVIDIA GeForce RTX 5060, 591.86, P8, 28, 0, 1177, 8151, 8.45, 145.00, 210, 405, 1, 8
2026-09-01T16:18:46.2524486+07:00,2026/09/01 16:18:46.774, NVIDIA GeForce RTX 5060, 591.86, P8, 28, 0, 1177, 8151, 8.59, 145.00, 232, 405, 1, 8
2026-09-01T16:18:51.8222593+07:00,2026/09/01 16:18:52.314, NVIDIA GeForce RTX 5060, 591.86, P8, 28, 0, 1177, 8151, 8.45, 145.00, 210, 405, 1, 8
2026-09-01T16:18:57.4532387+07:00,2026/09/01 16:18:57.514, NVIDIA GeForce RTX 5060, 591.86, P8, 28, 0, 1177, 8151, 8.39, 145.00, 217, 405, 1, 8
2026-09-01T16:19:02.5276864+07:00,2026/09/01 16:19:03.035, NVIDIA GeForce RTX 5060, 591.86, P8, 28, 0, 1177, 8151, 8.57, 145.00, 232, 405, 1, 8
2026-09-01T16:19:08.2433496+07:00,2026/09/01 16:19:08.642, NVIDIA GeForce RTX 5060, 591.86, P8, 28, 0, 1177, 8151, 8.51, 145.00, 210, 405, 1, 8
2026-09-01T16:19:13.7675433+07:00,2026/09/01 16:19:13.920, NVIDIA GeForce RTX 5060, 591.86, P8, 28, 0, 1177, 8151, 8.40, 145.00, 232, 405, 1, 8
2026-09-01T16:19:19.0444208+07:00,2026/09/01 16:19:19.106, NVIDIA GeForce RTX 5060, 591.86, P8, 28, 0, 1177, 8151, 8.31, 145.00, 210, 405, 1, 8
2026-09-01T16:19:24.1386014+07:00,2026/09/01 16:19:24.246, NVIDIA GeForce RTX 5060, 591.86, P8, 28, 0, 1177, 8151, 8.47, 145.00, 210, 405, 1, 8
2026-09-01T16:19:29.2772057+07:00,2026/09/01 16:19:29.385, NVIDIA GeForce RTX 5060, 591.86, P8, 28, 0, 1177, 8151, 8.38, 145.00, 232, 405, 1, 8
2026-09-01T16:19:34.4145978+07:00,2026/09/01 16:19:34.507, NVIDIA GeForce RTX 5060, 591.86, P8, 28, 0, 1177, 8151, 8.45, 145.00, 210, 405, 1, 8
2026-09-01T16:19:39.5244668+07:00,2026/09/01 16:19:39.586, NVIDIA GeForce RTX 5060, 591.86, P8, 28, 0, 1187, 8151, 8.53, 145.00, 232, 405, 1, 8
2026-09-01T16:19:44.6052221+07:00,2026/09/01 16:19:44.667, NVIDIA GeForce RTX 5060, 591.86, P8, 28, 0, 1187, 8151, 8.43, 145.00, 210, 405, 1, 8
2026-09-01T16:19:49.7743273+07:00,2026/09/01 16:19:49.804, NVIDIA GeForce RTX 5060, 591.86, P8, 28, 0, 1187, 8151, 8.46, 145.00, 232, 405, 1, 8
2026-09-01T16:19:54.8191156+07:00,2026/09/01 16:19:54.850, NVIDIA GeForce RTX 5060, 591.86, P8, 28, 0, 1187, 8151, 8.37, 145.00, 210, 405, 1, 8
2026-09-01T16:19:59.8670099+07:00,2026/09/01 16:19:59.913, NVIDIA GeForce RTX 5060, 591.86, P8, 28, 0, 1187, 8151, 8.48, 145.00, 210, 405, 1, 8
2026-09-01T16:20:04.9305466+07:00,2026/09/01 16:20:05.039, NVIDIA GeForce RTX 5060, 591.86, P8, 28, 0, 1187, 8151, 8.40, 145.00, 232, 405, 1, 8
2026-09-01T16:20:10.0531832+07:00,2026/09/01 16:20:10.145, NVIDIA GeForce RTX 5060, 591.86, P8, 28, 0, 1187, 8151, 8.37, 145.00, 210, 405, 1, 8
2026-09-01T16:20:15.1759941+07:00,2026/09/01 16:20:15.222, NVIDIA GeForce RTX 5060, 591.86, P8, 28, 0, 1187, 8151, 8.41, 145.00, 232, 405, 1, 8
2026-09-01T16:20:20.3163142+07:00,2026/09/01 16:20:20.394, NVIDIA GeForce RTX 5060, 591.86, P8, 28, 0, 1187, 8151, 8.43, 145.00, 210, 405, 1, 8
2026-09-01T16:20:25.4252054+07:00,2026/09/01 16:20:25.502, NVIDIA GeForce RTX 5060, 591.86, P8, 28, 0, 1187, 8151, 8.35, 145.00, 232, 405, 1, 8
2026-09-01T16:20:30.5337972+07:00,2026/09/01 16:20:30.564, NVIDIA GeForce RTX 5060, 591.86, P8, 28, 0, 1187, 8151, 8.50, 145.00, 232, 405, 1, 8
2026-09-01T16:20:35.5952698+07:00,2026/09/01 16:20:35.626, NVIDIA GeForce RTX 5060, 591.86, P8, 28, 0, 1187, 8151, 8.42, 145.00, 210, 405, 1, 8
2026-09-01T16:20:40.6554667+07:00,2026/09/01 16:20:40.701, NVIDIA GeForce RTX 5060, 591.86, P8, 28, 0, 1187, 8151, 8.34, 145.00, 232, 405, 1, 8
2026-09-01T16:20:45.7319605+07:00,2026/09/01 16:20:45.793, NVIDIA GeForce RTX 5060, 591.86, P8, 28, 1, 1187, 8151, 8.46, 145.00, 210, 405, 1, 8
2026-09-01T16:20:50.8846189+07:00,2026/09/01 16:20:50.915, NVIDIA GeForce RTX 5060, 591.86, P8, 28, 0, 1194, 8151, 8.52, 145.00, 232, 405, 1, 8
2026-09-01T16:20:55.9452530+07:00,2026/09/01 16:20:55.975, NVIDIA GeForce RTX 5060, 591.86, P8, 28, 0, 1194, 8151, 8.54, 145.00, 210, 405, 1, 8
2026-09-01T16:21:00.9936992+07:00,2026/09/01 16:21:01.024, NVIDIA GeForce RTX 5060, 591.86, P8, 28, 0, 1194, 8151, 8.53, 145.00, 225, 405, 1, 8
2026-09-01T16:21:06.0557957+07:00,2026/09/01 16:21:06.148, NVIDIA GeForce RTX 5060, 591.86, P8, 28, 0, 1194, 8151, 8.48, 145.00, 232, 405, 1, 8
2026-09-01T16:21:11.1674165+07:00,2026/09/01 16:21:11.198, NVIDIA GeForce RTX 5060, 591.86, P8, 28, 0, 1194, 8151, 8.48, 145.00, 210, 405, 1, 8
2026-09-01T16:21:16.2159921+07:00,2026/09/01 16:21:16.309, NVIDIA GeForce RTX 5060, 591.86, P8, 28, 0, 1194, 8151, 8.29, 145.00, 232, 405, 1, 8
2026-09-01T16:21:21.4045171+07:00,2026/09/01 16:21:21.466, NVIDIA GeForce RTX 5060, 591.86, P8, 28, 0, 1188, 8151, 8.37, 145.00, 210, 405, 1, 8
2026-09-01T16:21:26.4840301+07:00,2026/09/01 16:21:26.514, NVIDIA GeForce RTX 5060, 591.86, P8, 28, 0, 1188, 8151, 8.48, 145.00, 232, 405, 1, 8
2026-09-01T16:21:31.5315138+07:00,2026/09/01 16:21:31.577, NVIDIA GeForce RTX 5060, 591.86, P8, 28, 0, 1188, 8151, 8.43, 145.00, 210, 405, 1, 8
2026-09-01T16:21:36.5951447+07:00,2026/09/01 16:21:36.626, NVIDIA GeForce RTX 5060, 591.86, P8, 28, 0, 1186, 8151, 8.39, 145.00, 210, 405, 1, 8
2026-09-01T16:21:41.6429003+07:00,2026/09/01 16:21:41.673, NVIDIA GeForce RTX 5060, 591.86, P8, 28, 0, 1186, 8151, 8.52, 145.00, 232, 405, 1, 8
2026-09-01T16:21:46.6908644+07:00,2026/09/01 16:21:46.721, NVIDIA GeForce RTX 5060, 591.86, P8, 28, 0, 1186, 8151, 8.41, 145.00, 210, 405, 1, 8
2026-09-01T16:21:51.8162406+07:00,2026/09/01 16:21:51.847, NVIDIA GeForce RTX 5060, 591.86, P8, 28, 0, 1186, 8151, 8.31, 145.00, 232, 405, 1, 8
2026-09-01T16:21:56.8780366+07:00,2026/09/01 16:21:57.002, NVIDIA GeForce RTX 5060, 591.86, P8, 28, 0, 1186, 8151, 8.48, 145.00, 210, 405, 1, 8
2026-09-01T16:22:02.0328826+07:00,2026/09/01 16:22:02.094, NVIDIA GeForce RTX 5060, 591.86, P8, 28, 0, 1186, 8151, 8.45, 145.00, 232, 405, 1, 8
2026-09-01T16:22:07.1259160+07:00,2026/09/01 16:22:07.156, NVIDIA GeForce RTX 5060, 591.86, P8, 28, 0, 1186, 8151, 8.53, 145.00, 210, 405, 1, 8
2026-09-01T16:22:12.1752656+07:00,2026/09/01 16:22:12.206, NVIDIA GeForce RTX 5060, 591.86, P8, 28, 0, 1186, 8151, 8.53, 145.00, 210, 405, 1, 8
2026-09-01T16:22:17.2370000+07:00,2026/09/01 16:22:17.268, NVIDIA GeForce RTX 5060, 591.86, P8, 28, 0, 1186, 8151, 8.55, 145.00, 232, 405, 1, 8
2026-09-01T16:22:22.3478873+07:00,2026/09/01 16:22:22.378, NVIDIA GeForce RTX 5060, 591.86, P8, 28, 0, 1186, 8151, 8.49, 145.00, 210, 405, 1, 8
2026-09-01T16:22:27.4093634+07:00,2026/09/01 16:22:27.440, NVIDIA GeForce RTX 5060, 591.86, P8, 28, 0, 1186, 8151, 8.38, 145.00, 232, 405, 1, 8
2026-09-01T16:22:32.4530739+07:00,2026/09/01 16:22:32.483, NVIDIA GeForce RTX 5060, 591.86, P8, 28, 0, 1186, 8151, 8.37, 145.00, 210, 405, 1, 8
2026-09-01T16:22:37.5132088+07:00,2026/09/01 16:22:37.544, NVIDIA GeForce RTX 5060, 591.86, P8, 28, 0, 1186, 8151, 8.41, 145.00, 232, 405, 1, 8
2026-09-01T16:22:42.5759529+07:00,2026/09/01 16:22:42.606, NVIDIA GeForce RTX 5060, 591.86, P8, 28, 0, 1186, 8151, 8.45, 145.00, 210, 405, 1, 8
2026-09-01T16:22:47.6257309+07:00,2026/09/01 16:22:47.656, NVIDIA GeForce RTX 5060, 591.86, P8, 28, 0, 1186, 8151, 8.55, 145.00, 210, 405, 1, 8
2026-09-01T16:22:52.7499298+07:00,2026/09/01 16:22:52.780, NVIDIA GeForce RTX 5060, 591.86, P8, 28, 0, 1186, 8151, 8.47, 145.00, 232, 405, 1, 8
2026-09-01T16:22:57.7996793+07:00,2026/09/01 16:22:57.846, NVIDIA GeForce RTX 5060, 591.86, P8, 28, 0, 1186, 8151, 8.53, 145.00, 210, 405, 1, 8
2026-09-01T16:23:02.8928117+07:00,2026/09/01 16:23:02.923, NVIDIA GeForce RTX 5060, 591.86, P8, 28, 0, 1186, 8151, 8.41, 145.00, 232, 405, 1, 8
2026-09-01T16:23:07.9431018+07:00,2026/09/01 16:23:07.974, NVIDIA GeForce RTX 5060, 591.86, P8, 28, 0, 1186, 8151, 8.35, 145.00, 210, 405, 1, 8
2026-09-01T16:23:12.9913611+07:00,2026/09/01 16:23:13.022, NVIDIA GeForce RTX 5060, 591.86, P8, 28, 0, 1186, 8151, 8.36, 145.00, 232, 405, 1, 8
2026-09-01T16:23:18.0533426+07:00,2026/09/01 16:23:18.083, NVIDIA GeForce RTX 5060, 591.86, P8, 28, 0, 1186, 8151, 8.26, 145.00, 210, 405, 1, 8
2026-09-01T16:23:23.1782696+07:00,2026/09/01 16:23:23.209, NVIDIA GeForce RTX 5060, 591.86, P8, 28, 0, 1186, 8151, 8.45, 145.00, 210, 405, 1, 8
2026-09-01T16:23:28.2268125+07:00,2026/09/01 16:23:28.257, NVIDIA GeForce RTX 5060, 591.86, P8, 28, 0, 1186, 8151, 8.48, 145.00, 232, 405, 1, 8
2026-09-01T16:23:33.2881987+07:00,2026/09/01 16:23:33.318, NVIDIA GeForce RTX 5060, 591.86, P8, 28, 0, 1186, 8151, 8.48, 145.00, 210, 405, 1, 8
2026-09-01T16:23:38.3483954+07:00,2026/09/01 16:23:38.379, NVIDIA GeForce RTX 5060, 591.86, P8, 28, 0, 1186, 8151, 8.33, 145.00, 232, 405, 1, 8
2026-09-01T16:23:43.4107310+07:00,2026/09/01 16:23:43.441, NVIDIA GeForce RTX 5060, 591.86, P8, 28, 0, 1186, 8151, 8.41, 145.00, 210, 405, 1, 8
2026-09-01T16:23:48.4569570+07:00,2026/09/01 16:23:48.487, NVIDIA GeForce RTX 5060, 591.86, P8, 28, 0, 1186, 8151, 8.39, 145.00, 232, 405, 1, 8
2026-09-01T16:23:53.5673871+07:00,2026/09/01 16:23:53.613, NVIDIA GeForce RTX 5060, 591.86, P8, 28, 0, 1186, 8151, 8.29, 145.00, 232, 405, 1, 8
2026-09-01T16:23:58.6433970+07:00,2026/09/01 16:23:58.674, NVIDIA GeForce RTX 5060, 591.86, P8, 28, 0, 1186, 8151, 8.44, 145.00, 202, 405, 1, 8
2026-09-01T16:24:03.7039937+07:00,2026/09/01 16:24:03.734, NVIDIA GeForce RTX 5060, 591.86, P8, 28, 0, 1186, 8151, 8.52, 145.00, 210, 405, 1, 8
2026-09-01T16:24:08.7696919+07:00,2026/09/01 16:24:08.801, NVIDIA GeForce RTX 5060, 591.86, P8, 28, 0, 1186, 8151, 8.44, 145.00, 232, 405, 1, 8
2026-09-01T16:24:13.8312469+07:00,2026/09/01 16:24:13.861, NVIDIA GeForce RTX 5060, 591.86, P8, 28, 0, 1186, 8151, 8.53, 145.00, 210, 405, 1, 8
2026-09-01T16:24:18.8939882+07:00,2026/09/01 16:24:18.924, NVIDIA GeForce RTX 5060, 591.86, P8, 28, 0, 1186, 8151, 8.49, 145.00, 232, 405, 1, 8
2026-09-01T16:24:24.0186348+07:00,2026/09/01 16:24:24.049, NVIDIA GeForce RTX 5060, 591.86, P8, 28, 0, 1186, 8151, 8.41, 145.00, 210, 405, 1, 8
2026-09-01T16:24:29.0671032+07:00,2026/09/01 16:24:29.098, NVIDIA GeForce RTX 5060, 591.86, P8, 28, 0, 1186, 8151, 8.32, 145.00, 210, 405, 1, 8
2026-09-01T16:24:34.1290447+07:00,2026/09/01 16:24:34.159, NVIDIA GeForce RTX 5060, 591.86, P8, 28, 0, 1186, 8151, 8.40, 145.00, 232, 405, 1, 8
2026-09-01T16:24:39.1898154+07:00,2026/09/01 16:24:39.220, NVIDIA GeForce RTX 5060, 591.86, P8, 28, 0, 1186, 8151, 8.41, 145.00, 210, 405, 1, 8
2026-09-01T16:24:44.2522353+07:00,2026/09/01 16:24:44.283, NVIDIA GeForce RTX 5060, 591.86, P8, 28, 0, 1186, 8151, 8.55, 145.00, 232, 405, 1, 8
2026-09-01T16:24:49.2992024+07:00,2026/09/01 16:24:49.330, NVIDIA GeForce RTX 5060, 591.86, P8, 28, 0, 1186, 8151, 8.51, 145.00, 210, 405, 1, 8
2026-09-01T16:24:54.4366567+07:00,2026/09/01 16:24:54.746, NVIDIA GeForce RTX 5060, 591.86, P8, 28, 0, 1265, 8151, 8.62, 145.00, 255, 405, 1, 8
2026-09-01T16:24:59.7596430+07:00,2026/09/01 16:24:59.868, NVIDIA GeForce RTX 5060, 591.86, P8, 28, 2, 1283, 8151, 9.94, 145.00, 540, 405, 1, 8
2026-09-01T16:25:04.8963522+07:00,2026/09/01 16:25:04.927, NVIDIA GeForce RTX 5060, 591.86, P8, 28, 0, 1016, 8151, 8.60, 145.00, 210, 405, 1, 8
2026-09-01T16:25:09.9398761+07:00,2026/09/01 16:25:09.986, NVIDIA GeForce RTX 5060, 591.86, P8, 28, 0, 1009, 8151, 8.47, 145.00, 232, 405, 1, 8
2026-09-01T16:25:15.0323760+07:00,2026/09/01 16:25:15.063, NVIDIA GeForce RTX 5060, 591.86, P8, 28, 0, 1001, 8151, 8.54, 145.00, 210, 405, 1, 8
2026-09-01T16:25:20.0925970+07:00,2026/09/01 16:25:20.123, NVIDIA GeForce RTX 5060, 591.86, P8, 28, 0, 1001, 8151, 8.69, 145.00, 232, 405, 1, 8
2026-09-01T16:25:25.2292366+07:00,2026/09/01 16:25:25.260, NVIDIA GeForce RTX 5060, 591.86, P8, 28, 0, 1001, 8151, 8.60, 145.00, 210, 405, 1, 8
2026-09-01T16:25:30.2775400+07:00,2026/09/01 16:25:30.308, NVIDIA GeForce RTX 5060, 591.86, P8, 28, 0, 1001, 8151, 8.66, 145.00, 217, 405, 1, 8
2026-09-01T16:25:35.3222582+07:00,2026/09/01 16:25:35.353, NVIDIA GeForce RTX 5060, 591.86, P8, 28, 0, 1001, 8151, 8.55, 145.00, 232, 405, 1, 8
2026-09-01T16:25:40.3713786+07:00,2026/09/01 16:25:40.402, NVIDIA GeForce RTX 5060, 591.86, P8, 28, 0, 1001, 8151, 8.47, 145.00, 210, 405, 1, 8
2026-09-01T16:25:45.4201142+07:00,2026/09/01 16:25:45.451, NVIDIA GeForce RTX 5060, 591.86, P8, 28, 0, 1001, 8151, 8.63, 145.00, 232, 405, 1, 8
2026-09-01T16:25:50.4711609+07:00,2026/09/01 16:25:50.502, NVIDIA GeForce RTX 5060, 591.86, P8, 28, 0, 1001, 8151, 8.34, 145.00, 210, 405, 1, 8
2026-09-01T16:25:55.5959449+07:00,2026/09/01 16:25:55.626, NVIDIA GeForce RTX 5060, 591.86, P8, 28, 0, 1001, 8151, 8.56, 145.00, 232, 405, 1, 8
2026-09-01T16:26:00.6436703+07:00,2026/09/01 16:26:00.689, NVIDIA GeForce RTX 5060, 591.86, P8, 28, 0, 1011, 8151, 8.58, 145.00, 210, 405, 1, 8
2026-09-01T16:26:05.7120762+07:00,2026/09/01 16:26:05.743, NVIDIA GeForce RTX 5060, 591.86, P8, 28, 0, 1011, 8151, 8.52, 145.00, 210, 405, 1, 8
2026-09-01T16:26:10.7731920+07:00,2026/09/01 16:26:10.804, NVIDIA GeForce RTX 5060, 591.86, P8, 28, 0, 1011, 8151, 8.59, 145.00, 232, 405, 1, 8
2026-09-01T16:26:15.8208271+07:00,2026/09/01 16:26:15.851, NVIDIA GeForce RTX 5060, 591.86, P8, 28, 0, 1011, 8151, 8.47, 145.00, 210, 405, 1, 8
2026-09-01T16:26:20.8689520+07:00,2026/09/01 16:26:20.899, NVIDIA GeForce RTX 5060, 591.86, P8, 28, 0, 1011, 8151, 8.42, 145.00, 232, 405, 1, 8
2026-09-01T16:26:25.9950643+07:00,2026/09/01 16:26:26.026, NVIDIA GeForce RTX 5060, 591.86, P8, 28, 0, 1011, 8151, 8.44, 145.00, 210, 405, 1, 8
2026-09-01T16:26:31.0442470+07:00,2026/09/01 16:26:31.075, NVIDIA GeForce RTX 5060, 591.86, P8, 28, 0, 1011, 8151, 8.68, 145.00, 232, 405, 1, 8
2026-09-01T16:26:36.1043134+07:00,2026/09/01 16:26:36.135, NVIDIA GeForce RTX 5060, 591.86, P8, 28, 0, 1011, 8151, 8.49, 145.00, 210, 405, 1, 8
2026-09-01T16:26:41.1515247+07:00,2026/09/01 16:26:41.182, NVIDIA GeForce RTX 5060, 591.86, P8, 28, 0, 1011, 8151, 8.49, 145.00, 210, 405, 1, 8
2026-09-01T16:26:46.2123182+07:00,2026/09/01 16:26:46.243, NVIDIA GeForce RTX 5060, 591.86, P8, 28, 0, 1011, 8151, 8.37, 145.00, 232, 405, 1, 8
2026-09-01T16:26:51.2725571+07:00,2026/09/01 16:26:51.318, NVIDIA GeForce RTX 5060, 591.86, P8, 28, 0, 1011, 8151, 8.46, 145.00, 210, 405, 1, 8
2026-09-01T16:26:56.3882220+07:00,2026/09/01 16:26:56.419, NVIDIA GeForce RTX 5060, 591.86, P8, 28, 0, 1011, 8151, 8.45, 145.00, 232, 405, 1, 8
2026-09-01T16:27:01.4304913+07:00,2026/09/01 16:27:01.461, NVIDIA GeForce RTX 5060, 591.86, P8, 28, 0, 1011, 8151, 8.43, 145.00, 210, 405, 1, 8
2026-09-01T16:27:06.4791703+07:00,2026/09/01 16:27:06.510, NVIDIA GeForce RTX 5060, 591.86, P8, 28, 0, 1011, 8151, 8.52, 145.00, 232, 405, 1, 8
2026-09-01T16:27:11.5281562+07:00,2026/09/01 16:27:11.575, NVIDIA GeForce RTX 5060, 591.86, P8, 28, 0, 1011, 8151, 8.54, 145.00, 210, 405, 1, 8
2026-09-01T16:27:16.5968248+07:00,2026/09/01 16:27:16.642, NVIDIA GeForce RTX 5060, 591.86, P8, 28, 0, 1011, 8151, 8.28, 145.00, 210, 405, 1, 8
2026-09-01T16:27:21.6673212+07:00,2026/09/01 16:27:21.712, NVIDIA GeForce RTX 5060, 591.86, P8, 28, 0, 1011, 8151, 8.30, 145.00, 232, 405, 1, 8
2026-09-01T16:27:26.7691516+07:00,2026/09/01 16:27:26.830, NVIDIA GeForce RTX 5060, 591.86, P8, 28, 0, 1011, 8151, 8.40, 145.00, 210, 405, 1, 8
2026-09-01T16:27:31.8514210+07:00,2026/09/01 16:27:31.927, NVIDIA GeForce RTX 5060, 591.86, P8, 28, 0, 1013, 8151, 8.34, 145.00, 232, 405, 1, 8
2026-09-01T16:27:36.9487883+07:00,2026/09/01 16:27:36.995, NVIDIA GeForce RTX 5060, 591.86, P8, 28, 0, 1061, 8151, 8.69, 145.00, 210, 405, 1, 8
2026-09-01T16:27:42.0316286+07:00,2026/09/01 16:27:42.077, NVIDIA GeForce RTX 5060, 591.86, P8, 28, 0, 1013, 8151, 8.56, 145.00, 247, 405, 1, 8
2026-09-01T16:27:47.0980396+07:00,2026/09/01 16:27:47.128, NVIDIA GeForce RTX 5060, 591.86, P8, 28, 0, 1013, 8151, 8.36, 145.00, 240, 405, 1, 8
2026-09-01T16:27:52.1502682+07:00,2026/09/01 16:27:52.195, NVIDIA GeForce RTX 5060, 591.86, P8, 28, 0, 1013, 8151, 8.40, 145.00, 210, 405, 1, 8
2026-09-01T16:27:57.2888341+07:00,2026/09/01 16:27:57.333, NVIDIA GeForce RTX 5060, 591.86, P8, 28, 0, 1013, 8151, 8.47, 145.00, 232, 405, 1, 8
2026-09-01T16:28:02.3521963+07:00,2026/09/01 16:28:02.382, NVIDIA GeForce RTX 5060, 591.86, P8, 28, 0, 1013, 8151, 8.27, 145.00, 210, 405, 1, 8
2026-09-01T16:28:07.4027147+07:00,2026/09/01 16:28:07.448, NVIDIA GeForce RTX 5060, 591.86, P8, 28, 0, 1013, 8151, 8.45, 145.00, 232, 405, 1, 8
2026-09-01T16:28:12.4703290+07:00,2026/09/01 16:28:12.515, NVIDIA GeForce RTX 5060, 591.86, P8, 28, 0, 1013, 8151, 8.30, 145.00, 210, 405, 1, 8
2026-09-01T16:28:17.5341479+07:00,2026/09/01 16:28:17.579, NVIDIA GeForce RTX 5060, 591.86, P8, 28, 0, 1013, 8151, 8.26, 145.00, 232, 405, 1, 8
2026-09-01T16:28:22.6000767+07:00,2026/09/01 16:28:22.645, NVIDIA GeForce RTX 5060, 591.86, P8, 28, 0, 1013, 8151, 8.21, 145.00, 240, 405, 1, 8
2026-09-01T16:28:27.7290335+07:00,2026/09/01 16:28:27.759, NVIDIA GeForce RTX 5060, 591.86, P8, 28, 0, 1013, 8151, 8.20, 145.00, 210, 405, 1, 8
2026-09-01T16:28:32.7775448+07:00,2026/09/01 16:28:32.822, NVIDIA GeForce RTX 5060, 591.86, P8, 28, 0, 1013, 8151, 8.34, 145.00, 240, 405, 1, 8
2026-09-01T16:28:37.8350849+07:00,2026/09/01 16:28:37.879, NVIDIA GeForce RTX 5060, 591.86, P8, 28, 0, 1013, 8151, 8.34, 145.00, 210, 405, 1, 8
2026-09-01T16:28:42.8880386+07:00,2026/09/01 16:28:42.932, NVIDIA GeForce RTX 5060, 591.86, P8, 28, 0, 1013, 8151, 8.22, 145.00, 232, 405, 1, 8
2026-09-01T16:28:47.9518342+07:00,2026/09/01 16:28:47.981, NVIDIA GeForce RTX 5060, 591.86, P8, 28, 0, 1013, 8151, 8.28, 145.00, 210, 405, 1, 8
2026-09-01T16:28:53.0035020+07:00,2026/09/01 16:28:53.048, NVIDIA GeForce RTX 5060, 591.86, P8, 28, 0, 1013, 8151, 8.31, 145.00, 210, 405, 1, 8
2026-09-01T16:28:58.1182870+07:00,2026/09/01 16:28:58.149, NVIDIA GeForce RTX 5060, 591.86, P8, 28, 0, 1013, 8151, 8.31, 145.00, 240, 405, 1, 8
2026-09-01T16:29:03.1710112+07:00,2026/09/01 16:29:03.215, NVIDIA GeForce RTX 5060, 591.86, P8, 28, 0, 1013, 8151, 8.37, 145.00, 210, 405, 1, 8
2026-09-01T16:29:08.2335021+07:00,2026/09/01 16:29:08.279, NVIDIA GeForce RTX 5060, 591.86, P8, 28, 0, 1013, 8151, 8.42, 145.00, 232, 405, 1, 8
2026-09-01T16:29:13.3012591+07:00,2026/09/01 16:29:13.331, NVIDIA GeForce RTX 5060, 591.86, P8, 28, 0, 1013, 8151, 8.48, 145.00, 210, 405, 1, 8
2026-09-01T16:29:18.3396014+07:00,2026/09/01 16:29:18.369, NVIDIA GeForce RTX 5060, 591.86, P8, 28, 0, 1013, 8151, 8.53, 145.00, 240, 405, 1, 8
2026-09-01T16:29:23.3909040+07:00,2026/09/01 16:29:23.436, NVIDIA GeForce RTX 5060, 591.86, P8, 28, 0, 1013, 8151, 8.41, 145.00, 202, 405, 1, 8
2026-09-01T16:29:28.5201503+07:00,2026/09/01 16:29:28.565, NVIDIA GeForce RTX 5060, 591.86, P8, 28, 0, 1013, 8151, 8.36, 145.00, 210, 405, 1, 8
2026-09-01T16:29:33.5889742+07:00,2026/09/01 16:29:33.634, NVIDIA GeForce RTX 5060, 591.86, P8, 28, 0, 1013, 8151, 8.46, 145.00, 240, 405, 1, 8
2026-09-01T16:29:38.6501220+07:00,2026/09/01 16:29:38.695, NVIDIA GeForce RTX 5060, 591.86, P8, 28, 0, 1013, 8151, 8.31, 145.00, 210, 405, 1, 8
2026-09-01T16:29:43.7066523+07:00,2026/09/01 16:29:43.752, NVIDIA GeForce RTX 5060, 591.86, P8, 28, 0, 1013, 8151, 8.27, 145.00, 240, 405, 1, 8
2026-09-01T16:29:48.7719918+07:00,2026/09/01 16:29:48.816, NVIDIA GeForce RTX 5060, 591.86, P8, 28, 0, 1013, 8151, 8.31, 145.00, 210, 405, 1, 8
2026-09-01T16:29:53.8338334+07:00,2026/09/01 16:29:53.878, NVIDIA GeForce RTX 5060, 591.86, P8, 28, 0, 1013, 8151, 8.28, 145.00, 240, 405, 1, 8
2026-09-01T16:29:58.9611339+07:00,2026/09/01 16:29:59.006, NVIDIA GeForce RTX 5060, 591.86, P8, 28, 0, 1013, 8151, 8.30, 145.00, 210, 405, 1, 8
2026-09-01T16:30:04.0150224+07:00,2026/09/01 16:30:04.060, NVIDIA GeForce RTX 5060, 591.86, P8, 28, 0, 1013, 8151, 8.25, 145.00, 210, 405, 1, 8
2026-09-01T16:30:09.0682711+07:00,2026/09/01 16:30:09.098, NVIDIA GeForce RTX 5060, 591.86, P8, 28, 0, 1013, 8151, 8.26, 145.00, 247, 405, 1, 8
2026-09-01T16:30:14.1075162+07:00,2026/09/01 16:30:14.153, NVIDIA GeForce RTX 5060, 591.86, P8, 28, 0, 1013, 8151, 8.28, 145.00, 202, 405, 1, 8
2026-09-01T16:30:19.1773003+07:00,2026/09/01 16:30:19.207, NVIDIA GeForce RTX 5060, 591.86, P8, 28, 0, 1013, 8151, 8.30, 145.00, 240, 405, 1, 8
2026-09-01T16:30:24.2164096+07:00,2026/09/01 16:30:24.246, NVIDIA GeForce RTX 5060, 591.86, P8, 28, 0, 1013, 8151, 8.24, 145.00, 210, 405, 1, 8
2026-09-01T16:30:29.3188054+07:00,2026/09/01 16:30:29.363, NVIDIA GeForce RTX 5060, 591.86, P8, 28, 0, 1013, 8151, 8.49, 145.00, 240, 405, 1, 8
2026-09-01T16:30:34.3744925+07:00,2026/09/01 16:30:34.419, NVIDIA GeForce RTX 5060, 591.86, P8, 28, 0, 1013, 8151, 8.39, 145.00, 210, 405, 1, 8
2026-09-01T16:30:39.4410048+07:00,2026/09/01 16:30:39.485, NVIDIA GeForce RTX 5060, 591.86, P8, 28, 0, 1013, 8151, 8.48, 145.00, 210, 405, 1, 8
2026-09-01T16:30:44.5100557+07:00,2026/09/01 16:30:44.555, NVIDIA GeForce RTX 5060, 591.86, P8, 28, 1, 1014, 8151, 8.91, 145.00, 270, 405, 1, 8
2026-09-01T16:30:49.5680295+07:00,2026/09/01 16:30:49.612, NVIDIA GeForce RTX 5060, 591.86, P8, 28, 0, 1025, 8151, 8.47, 145.00, 210, 405, 1, 8
2026-09-01T16:30:54.6328961+07:00,2026/09/01 16:30:54.678, NVIDIA GeForce RTX 5060, 591.86, P8, 28, 0, 1016, 8151, 8.51, 145.00, 240, 405, 1, 8
2026-09-01T16:30:59.7519745+07:00,2026/09/01 16:30:59.797, NVIDIA GeForce RTX 5060, 591.86, P8, 28, 0, 1016, 8151, 8.54, 145.00, 210, 405, 1, 8
2026-09-01T16:31:04.8066782+07:00,2026/09/01 16:31:04.851, NVIDIA GeForce RTX 5060, 591.86, P8, 28, 0, 1014, 8151, 8.58, 145.00, 232, 405, 1, 8
2026-09-01T16:31:09.8706448+07:00,2026/09/01 16:31:09.915, NVIDIA GeForce RTX 5060, 591.86, P8, 28, 0, 1014, 8151, 8.47, 145.00, 210, 405, 1, 8
2026-09-01T16:31:14.9375761+07:00,2026/09/01 16:31:14.983, NVIDIA GeForce RTX 5060, 591.86, P8, 28, 0, 1014, 8151, 8.49, 145.00, 240, 405, 1, 8
2026-09-01T16:31:20.0080918+07:00,2026/09/01 16:31:20.053, NVIDIA GeForce RTX 5060, 591.86, P8, 28, 0, 1014, 8151, 8.32, 145.00, 210, 405, 1, 8
2026-09-01T16:31:25.0648073+07:00,2026/09/01 16:31:25.109, NVIDIA GeForce RTX 5060, 591.86, P8, 28, 0, 1014, 8151, 8.45, 145.00, 240, 405, 1, 8
2026-09-01T16:31:30.1784805+07:00,2026/09/01 16:31:30.223, NVIDIA GeForce RTX 5060, 591.86, P8, 28, 0, 1014, 8151, 8.43, 145.00, 210, 405, 1, 8
2026-09-01T16:31:35.2443066+07:00,2026/09/01 16:31:35.290, NVIDIA GeForce RTX 5060, 591.86, P8, 28, 0, 1014, 8151, 8.48, 145.00, 232, 405, 1, 8
2026-09-01T16:31:40.3135057+07:00,2026/09/01 16:31:40.358, NVIDIA GeForce RTX 5060, 591.86, P8, 28, 0, 1014, 8151, 8.42, 145.00, 210, 405, 1, 8
2026-09-01T16:31:45.3696029+07:00,2026/09/01 16:31:45.400, NVIDIA GeForce RTX 5060, 591.86, P8, 28, 0, 1014, 8151, 8.54, 145.00, 210, 405, 1, 8
2026-09-01T16:31:50.4215807+07:00,2026/09/01 16:31:50.466, NVIDIA GeForce RTX 5060, 591.86, P8, 28, 0, 1014, 8151, 8.47, 145.00, 240, 405, 1, 8
2026-09-01T16:31:55.4918024+07:00,2026/09/01 16:31:55.536, NVIDIA GeForce RTX 5060, 591.86, P8, 28, 0, 1014, 8151, 8.54, 145.00, 210, 405, 1, 8
2026-09-01T16:32:00.6168188+07:00,2026/09/01 16:32:00.661, NVIDIA GeForce RTX 5060, 591.86, P8, 28, 0, 1014, 8151, 8.47, 145.00, 255, 405, 1, 8
2026-09-01T16:32:05.6797052+07:00,2026/09/01 16:32:05.725, NVIDIA GeForce RTX 5060, 591.86, P8, 28, 0, 1014, 8151, 8.32, 145.00, 210, 405, 1, 8
2026-09-01T16:32:10.7382712+07:00,2026/09/01 16:32:10.784, NVIDIA GeForce RTX 5060, 591.86, P8, 28, 0, 1014, 8151, 8.38, 145.00, 240, 405, 1, 8
2026-09-01T16:32:15.8019565+07:00,2026/09/01 16:32:15.832, NVIDIA GeForce RTX 5060, 591.86, P8, 28, 0, 1035, 8151, 8.34, 145.00, 210, 405, 1, 8
2026-09-01T16:32:20.8476468+07:00,2026/09/01 16:32:20.878, NVIDIA GeForce RTX 5060, 591.86, P8, 28, 0, 1027, 8151, 8.52, 145.00, 210, 405, 1, 8
2026-09-01T16:32:25.9028350+07:00,2026/09/01 16:32:25.933, NVIDIA GeForce RTX 5060, 591.86, P8, 28, 0, 1012, 8151, 8.39, 145.00, 217, 405, 1, 8
2026-09-01T16:32:31.0210130+07:00,2026/09/01 16:32:31.051, NVIDIA GeForce RTX 5060, 591.86, P8, 28, 0, 1012, 8151, 8.47, 145.00, 210, 405, 1, 8
2026-09-01T16:32:36.0794040+07:00,2026/09/01 16:32:36.110, NVIDIA GeForce RTX 5060, 591.86, P8, 28, 0, 1059, 8151, 8.54, 145.00, 225, 405, 1, 8
2026-09-01T16:32:41.1276596+07:00,2026/09/01 16:32:41.158, NVIDIA GeForce RTX 5060, 591.86, P8, 28, 0, 1012, 8151, 8.46, 145.00, 210, 405, 1, 8
2026-09-01T16:32:46.1825882+07:00,2026/09/01 16:32:46.213, NVIDIA GeForce RTX 5060, 591.86, P8, 28, 0, 1012, 8151, 8.41, 145.00, 217, 405, 1, 8
2026-09-01T16:32:51.2420807+07:00,2026/09/01 16:32:51.272, NVIDIA GeForce RTX 5060, 591.86, P8, 28, 0, 1012, 8151, 8.47, 145.00, 210, 405, 1, 8
2026-09-01T16:32:56.3035363+07:00,2026/09/01 16:32:56.334, NVIDIA GeForce RTX 5060, 591.86, P8, 28, 0, 1012, 8151, 8.52, 145.00, 210, 405, 1, 8
2026-09-01T16:33:01.4253272+07:00,2026/09/01 16:33:01.455, NVIDIA GeForce RTX 5060, 591.86, P8, 28, 0, 1012, 8151, 8.60, 145.00, 225, 405, 1, 8
2026-09-01T16:33:06.4837695+07:00,2026/09/01 16:33:06.514, NVIDIA GeForce RTX 5060, 591.86, P8, 28, 0, 1009, 8151, 8.65, 145.00, 210, 405, 1, 8
2026-09-01T16:33:11.5402685+07:00,2026/09/01 16:33:11.570, NVIDIA GeForce RTX 5060, 591.86, P8, 28, 0, 1009, 8151, 8.62, 145.00, 217, 405, 1, 8
2026-09-01T16:33:16.5965290+07:00,2026/09/01 16:33:16.642, NVIDIA GeForce RTX 5060, 591.86, P8, 28, 0, 1009, 8151, 8.48, 145.00, 210, 405, 1, 8
2026-09-01T16:33:21.6596038+07:00,2026/09/01 16:33:21.721, NVIDIA GeForce RTX 5060, 591.86, P8, 28, 0, 1009, 8151, 8.75, 145.00, 217, 405, 1, 8
2026-09-01T16:33:26.7539422+07:00,2026/09/01 16:33:26.815, NVIDIA GeForce RTX 5060, 591.86, P8, 28, 0, 1009, 8151, 8.66, 145.00, 210, 405, 1, 8
2026-09-01T16:33:31.9083404+07:00,2026/09/01 16:33:31.985, NVIDIA GeForce RTX 5060, 591.86, P8, 28, 0, 1009, 8151, 8.53, 145.00, 210, 405, 1, 8
2026-09-01T16:33:37.0014449+07:00,2026/09/01 16:33:37.047, NVIDIA GeForce RTX 5060, 591.86, P8, 28, 0, 1009, 8151, 8.62, 145.00, 217, 405, 1, 8
2026-09-01T16:33:42.0942691+07:00,2026/09/01 16:33:42.278, NVIDIA GeForce RTX 5060, 591.86, P8, 28, 0, 1009, 8151, 8.61, 145.00, 210, 405, 1, 8
2026-09-01T16:33:47.3189683+07:00,2026/09/01 16:33:47.380, NVIDIA GeForce RTX 5060, 591.86, P8, 28, 0, 1009, 8151, 8.68, 145.00, 217, 405, 1, 8
2026-09-01T16:33:52.4229319+07:00,2026/09/01 16:33:52.748, NVIDIA GeForce RTX 5060, 591.86, P8, 28, 0, 1009, 8151, 8.80, 145.00, 210, 405, 1, 8
2026-09-01T16:33:57.7693465+07:00,2026/09/01 16:33:58.077, NVIDIA GeForce RTX 5060, 591.86, P8, 28, 0, 1009, 8151, 8.78, 145.00, 210, 405, 1, 8
2026-09-01T16:34:03.2130392+07:00,2026/09/01 16:34:03.719, NVIDIA GeForce RTX 5060, 591.86, P8, 28, 0, 1009, 8151, 8.75, 145.00, 217, 405, 1, 8
2026-09-01T16:34:08.8223337+07:00,2026/09/01 16:34:09.053, NVIDIA GeForce RTX 5060, 591.86, P8, 28, 0, 1009, 8151, 8.67, 145.00, 210, 405, 1, 8
2026-09-01T16:34:14.0757369+07:00,2026/09/01 16:34:14.352, NVIDIA GeForce RTX 5060, 591.86, P8, 28, 0, 1009, 8151, 8.92, 145.00, 217, 405, 1, 8
2026-09-01T16:34:19.4143853+07:00,2026/09/01 16:34:19.861, NVIDIA GeForce RTX 5060, 591.86, P8, 28, 0, 1009, 8151, 8.82, 145.00, 210, 405, 1, 8
2026-09-01T16:34:24.9266115+07:00,2026/09/01 16:34:25.280, NVIDIA GeForce RTX 5060, 591.86, P8, 28, 0, 1009, 8151, 8.84, 145.00, 210, 405, 1, 8
2026-09-01T16:34:30.3478259+07:00,2026/09/01 16:34:30.778, NVIDIA GeForce RTX 5060, 591.86, P8, 28, 0, 1009, 8151, 8.82, 145.00, 217, 405, 1, 8
2026-09-01T16:34:35.9685642+07:00,2026/09/01 16:34:36.276, NVIDIA GeForce RTX 5060, 591.86, P8, 28, 0, 1009, 8151, 8.72, 145.00, 210, 405, 1, 8
2026-09-01T16:34:41.3309745+07:00,2026/09/01 16:34:41.516, NVIDIA GeForce RTX 5060, 591.86, P8, 28, 0, 1009, 8151, 8.66, 145.00, 217, 405, 1, 8
2026-09-01T16:34:46.5746840+07:00,2026/09/01 16:34:46.958, NVIDIA GeForce RTX 5060, 591.86, P8, 28, 0, 1009, 8151, 8.68, 145.00, 217, 405, 1, 8
2026-09-01T16:34:52.0531397+07:00,2026/09/01 16:34:52.421, NVIDIA GeForce RTX 5060, 591.86, P8, 28, 0, 1009, 8151, 8.52, 145.00, 210, 405, 1, 8
2026-09-01T16:34:57.5479698+07:00,2026/09/01 16:34:57.980, NVIDIA GeForce RTX 5060, 591.86, P8, 28, 0, 1009, 8151, 8.73, 145.00, 217, 405, 1, 8
2026-09-01T16:35:03.0943798+07:00,2026/09/01 16:35:03.310, NVIDIA GeForce RTX 5060, 591.86, P8, 28, 0, 1009, 8151, 8.59, 145.00, 210, 405, 1, 8
2026-09-01T16:35:08.4298697+07:00,2026/09/01 16:35:08.661, NVIDIA GeForce RTX 5060, 591.86, P8, 28, 0, 1009, 8151, 8.67, 145.00, 210, 405, 1, 8
2026-09-01T16:35:13.7603415+07:00,2026/09/01 16:35:14.237, NVIDIA GeForce RTX 5060, 591.86, P8, 28, 0, 1009, 8151, 8.68, 145.00, 217, 405, 1, 8
2026-09-01T16:35:19.3762815+07:00,2026/09/01 16:35:19.698, NVIDIA GeForce RTX 5060, 591.86, P8, 28, 0, 1009, 8151, 8.73, 145.00, 210, 405, 1, 8
2026-09-01T16:35:24.7461551+07:00,2026/09/01 16:35:24.838, NVIDIA GeForce RTX 5060, 591.86, P8, 28, 0, 1009, 8151, 8.70, 145.00, 217, 405, 1, 8
2026-09-01T16:35:29.8768136+07:00,2026/09/01 16:35:29.953, NVIDIA GeForce RTX 5060, 591.86, P8, 28, 0, 1009, 8151, 8.62, 145.00, 210, 405, 1, 8
2026-09-01T16:35:34.9756016+07:00,2026/09/01 16:35:35.020, NVIDIA GeForce RTX 5060, 591.86, P8, 28, 0, 1009, 8151, 8.70, 145.00, 210, 405, 1, 8
2026-09-01T16:35:40.1116629+07:00,2026/09/01 16:35:40.158, NVIDIA GeForce RTX 5060, 591.86, P8, 28, 0, 1009, 8151, 8.68, 145.00, 217, 405, 1, 8
2026-09-01T16:35:45.2356225+07:00,2026/09/01 16:35:45.297, NVIDIA GeForce RTX 5060, 591.86, P8, 28, 0, 1009, 8151, 8.57, 145.00, 210, 405, 1, 8
2026-09-01T16:35:50.3300721+07:00,2026/09/01 16:35:50.392, NVIDIA GeForce RTX 5060, 591.86, P8, 28, 0, 1009, 8151, 8.62, 145.00, 217, 405, 1, 8
2026-09-01T16:35:55.4071899+07:00,2026/09/01 16:35:55.499, NVIDIA GeForce RTX 5060, 591.86, P8, 28, 0, 1009, 8151, 8.55, 145.00, 210, 405, 1, 8
2026-09-01T16:36:00.5281346+07:00,2026/09/01 16:36:00.590, NVIDIA GeForce RTX 5060, 591.86, P8, 28, 0, 1009, 8151, 8.68, 145.00, 217, 405, 1, 8
2026-09-01T16:36:05.6063180+07:00,2026/09/01 16:36:05.667, NVIDIA GeForce RTX 5060, 591.86, P8, 28, 0, 1009, 8151, 8.62, 145.00, 210, 405, 1, 8
2026-09-01T16:36:10.7753633+07:00,2026/09/01 16:36:10.837, NVIDIA GeForce RTX 5060, 591.86, P8, 28, 0, 1009, 8151, 8.54, 145.00, 210, 405, 1, 8
2026-09-01T16:36:15.8515383+07:00,2026/09/01 16:36:15.928, NVIDIA GeForce RTX 5060, 591.86, P8, 28, 0, 1009, 8151, 8.65, 145.00, 217, 405, 1, 8
2026-09-01T16:36:20.9440788+07:00,2026/09/01 16:36:21.004, NVIDIA GeForce RTX 5060, 591.86, P8, 28, 0, 1009, 8151, 8.55, 145.00, 210, 405, 1, 8
2026-09-01T16:36:26.0206945+07:00,2026/09/01 16:36:26.082, NVIDIA GeForce RTX 5060, 591.86, P8, 28, 0, 1009, 8151, 8.53, 145.00, 217, 405, 1, 8
2026-09-01T16:36:31.0988380+07:00,2026/09/01 16:36:31.191, NVIDIA GeForce RTX 5060, 591.86, P8, 28, 0, 1009, 8151, 8.60, 145.00, 210, 405, 1, 8
2026-09-01T16:36:36.2078700+07:00,2026/09/01 16:36:36.253, NVIDIA GeForce RTX 5060, 591.86, P8, 28, 0, 1009, 8151, 8.45, 145.00, 217, 405, 1, 8
2026-09-01T16:36:41.3615257+07:00,2026/09/01 16:36:41.392, NVIDIA GeForce RTX 5060, 591.86, P8, 28, 0, 1009, 8151, 8.41, 145.00, 217, 405, 1, 8
2026-09-01T16:36:46.4073131+07:00,2026/09/01 16:36:46.437, NVIDIA GeForce RTX 5060, 591.86, P8, 28, 0, 1009, 8151, 8.56, 145.00, 210, 405, 1, 8
2026-09-01T16:36:51.4511873+07:00,2026/09/01 16:36:51.481, NVIDIA GeForce RTX 5060, 591.86, P8, 28, 0, 1009, 8151, 8.52, 145.00, 240, 405, 1, 8
2026-09-01T16:36:56.4979811+07:00,2026/09/01 16:36:56.575, NVIDIA GeForce RTX 5060, 591.86, P8, 28, 0, 1009, 8151, 8.51, 145.00, 210, 405, 1, 8
2026-09-01T16:37:01.6070759+07:00,2026/09/01 16:37:01.637, NVIDIA GeForce RTX 5060, 591.86, P8, 28, 0, 1009, 8151, 8.61, 145.00, 232, 405, 1, 8
2026-09-01T16:37:06.6687388+07:00,2026/09/01 16:37:06.699, NVIDIA GeForce RTX 5060, 591.86, P8, 28, 0, 1009, 8151, 8.63, 145.00, 210, 405, 1, 8
2026-09-01T16:37:11.7900477+07:00,2026/09/01 16:37:11.820, NVIDIA GeForce RTX 5060, 591.86, P8, 28, 0, 1009, 8151, 8.35, 145.00, 210, 405, 1, 8
2026-09-01T16:37:16.8640268+07:00,2026/09/01 16:37:16.895, NVIDIA GeForce RTX 5060, 591.86, P8, 28, 0, 1009, 8151, 8.40, 145.00, 217, 405, 1, 8
2026-09-01T16:37:21.9233443+07:00,2026/09/01 16:37:21.954, NVIDIA GeForce RTX 5060, 591.86, P8, 28, 0, 1009, 8151, 8.44, 145.00, 210, 405, 1, 8
2026-09-01T16:37:26.9831555+07:00,2026/09/01 16:37:27.014, NVIDIA GeForce RTX 5060, 591.86, P8, 28, 0, 1009, 8151, 8.31, 145.00, 217, 405, 1, 8
2026-09-01T16:37:32.0438718+07:00,2026/09/01 16:37:32.074, NVIDIA GeForce RTX 5060, 591.86, P8, 28, 0, 1009, 8151, 8.28, 145.00, 210, 405, 1, 8
2026-09-01T16:37:37.1038151+07:00,2026/09/01 16:37:37.134, NVIDIA GeForce RTX 5060, 591.86, P8, 28, 0, 1009, 8151, 8.40, 145.00, 217, 405, 1, 8
2026-09-01T16:37:42.2249946+07:00,2026/09/01 16:37:42.255, NVIDIA GeForce RTX 5060, 591.86, P8, 28, 0, 1009, 8151, 8.59, 145.00, 210, 405, 1, 8
2026-09-01T16:37:47.2760382+07:00,2026/09/01 16:37:47.306, NVIDIA GeForce RTX 5060, 591.86, P8, 28, 0, 1009, 8151, 8.48, 145.00, 210, 405, 1, 8
2026-09-01T16:37:52.3361447+07:00,2026/09/01 16:37:52.367, NVIDIA GeForce RTX 5060, 591.86, P8, 28, 0, 1009, 8151, 8.47, 145.00, 217, 405, 1, 8
2026-09-01T16:37:57.3834460+07:00,2026/09/01 16:37:57.414, NVIDIA GeForce RTX 5060, 591.86, P8, 28, 0, 1011, 8151, 8.43, 145.00, 210, 405, 1, 8
2026-09-01T16:38:02.4322017+07:00,2026/09/01 16:38:02.463, NVIDIA GeForce RTX 5060, 591.86, P8, 28, 0, 1011, 8151, 8.38, 145.00, 217, 405, 1, 8
2026-09-01T16:38:07.4925176+07:00,2026/09/01 16:38:07.538, NVIDIA GeForce RTX 5060, 591.86, P8, 28, 0, 1011, 8151, 8.46, 145.00, 210, 405, 1, 8
2026-09-01T16:38:12.6215248+07:00,2026/09/01 16:38:12.652, NVIDIA GeForce RTX 5060, 591.86, P8, 28, 1, 969, 8151, 9.34, 145.00, 412, 405, 1, 8
2026-09-01T16:38:17.6701397+07:00,2026/09/01 16:38:17.700, NVIDIA GeForce RTX 5060, 591.86, P8, 28, 0, 967, 8151, 8.51, 145.00, 210, 405, 1, 8
2026-09-01T16:38:22.7143042+07:00,2026/09/01 16:38:22.745, NVIDIA GeForce RTX 5060, 591.86, P8, 28, 0, 967, 8151, 8.47, 145.00, 210, 405, 1, 8
2026-09-01T16:38:28.0275369+07:00,2026/09/01 16:38:28.058, NVIDIA GeForce RTX 5060, 591.86, P8, 28, 0, 967, 8151, 8.53, 145.00, 217, 405, 1, 8
2026-09-01T16:38:33.0756981+07:00,2026/09/01 16:38:33.106, NVIDIA GeForce RTX 5060, 591.86, P8, 28, 0, 966, 8151, 8.49, 145.00, 210, 405, 1, 8
2026-09-01T16:38:38.1236752+07:00,2026/09/01 16:38:38.185, NVIDIA GeForce RTX 5060, 591.86, P8, 28, 0, 966, 8151, 8.35, 145.00, 217, 405, 1, 8
2026-09-01T16:38:43.2760897+07:00,2026/09/01 16:38:43.307, NVIDIA GeForce RTX 5060, 591.86, P8, 28, 0, 964, 8151, 8.44, 145.00, 210, 405, 1, 8
2026-09-01T16:38:48.3392509+07:00,2026/09/01 16:38:48.369, NVIDIA GeForce RTX 5060, 591.86, P8, 28, 0, 964, 8151, 8.50, 145.00, 217, 405, 1, 8
2026-09-01T16:38:53.4001792+07:00,2026/09/01 16:38:53.431, NVIDIA GeForce RTX 5060, 591.86, P8, 27, 0, 964, 8151, 8.49, 145.00, 210, 405, 1, 8
2026-09-01T16:38:58.4480349+07:00,2026/09/01 16:38:58.479, NVIDIA GeForce RTX 5060, 591.86, P8, 28, 0, 964, 8151, 8.50, 145.00, 210, 405, 1, 8
2026-09-01T16:39:03.5093325+07:00,2026/09/01 16:39:03.540, NVIDIA GeForce RTX 5060, 591.86, P8, 28, 0, 963, 8151, 8.64, 145.00, 217, 405, 1, 8
2026-09-01T16:39:08.5568627+07:00,2026/09/01 16:39:08.603, NVIDIA GeForce RTX 5060, 591.86, P8, 28, 0, 963, 8151, 8.64, 145.00, 210, 405, 1, 8
2026-09-01T16:39:13.6823219+07:00,2026/09/01 16:39:13.713, NVIDIA GeForce RTX 5060, 591.86, P8, 28, 0, 963, 8151, 8.55, 145.00, 217, 405, 1, 8
2026-09-01T16:39:18.7429928+07:00,2026/09/01 16:39:18.773, NVIDIA GeForce RTX 5060, 591.86, P8, 28, 0, 963, 8151, 8.54, 145.00, 210, 405, 1, 8
2026-09-01T16:39:23.8032541+07:00,2026/09/01 16:39:23.834, NVIDIA GeForce RTX 5060, 591.86, P8, 28, 0, 963, 8151, 8.49, 145.00, 217, 405, 1, 8
2026-09-01T16:39:28.8642176+07:00,2026/09/01 16:39:28.895, NVIDIA GeForce RTX 5060, 591.86, P8, 28, 0, 963, 8151, 8.54, 145.00, 217, 405, 1, 8
2026-09-01T16:39:33.9144507+07:00,2026/09/01 16:39:33.945, NVIDIA GeForce RTX 5060, 591.86, P8, 28, 0, 963, 8151, 8.57, 145.00, 210, 405, 1, 8
2026-09-01T16:39:38.9583313+07:00,2026/09/01 16:39:38.989, NVIDIA GeForce RTX 5060, 591.86, P8, 28, 0, 982, 8151, 8.68, 145.00, 217, 405, 1, 8
2026-09-01T16:39:44.0687831+07:00,2026/09/01 16:39:44.099, NVIDIA GeForce RTX 5060, 591.86, P8, 28, 0, 982, 8151, 8.55, 145.00, 210, 405, 1, 8
2026-09-01T16:39:49.1165393+07:00,2026/09/01 16:39:49.147, NVIDIA GeForce RTX 5060, 591.86, P8, 28, 0, 982, 8151, 8.56, 145.00, 217, 405, 1, 8
2026-09-01T16:39:54.1772485+07:00,2026/09/01 16:39:54.207, NVIDIA GeForce RTX 5060, 591.86, P8, 28, 0, 982, 8151, 8.63, 145.00, 210, 405, 1, 8
2026-09-01T16:39:59.2377814+07:00,2026/09/01 16:39:59.268, NVIDIA GeForce RTX 5060, 591.86, P8, 28, 0, 982, 8151, 8.66, 145.00, 217, 405, 1, 8
2026-09-01T16:40:04.2996398+07:00,2026/09/01 16:40:04.330, NVIDIA GeForce RTX 5060, 591.86, P8, 28, 0, 982, 8151, 8.59, 145.00, 217, 405, 1, 8
2026-09-01T16:40:09.3480314+07:00,2026/09/01 16:40:09.379, NVIDIA GeForce RTX 5060, 591.86, P8, 28, 0, 982, 8151, 8.75, 145.00, 210, 405, 1, 8
2026-09-01T16:40:14.4717161+07:00,2026/09/01 16:40:14.502, NVIDIA GeForce RTX 5060, 591.86, P8, 28, 0, 982, 8151, 8.68, 145.00, 217, 405, 1, 8
2026-09-01T16:40:19.5187366+07:00,2026/09/01 16:40:19.549, NVIDIA GeForce RTX 5060, 591.86, P8, 28, 0, 982, 8151, 8.55, 145.00, 210, 405, 1, 8
2026-09-01T16:40:24.5807715+07:00,2026/09/01 16:40:24.611, NVIDIA GeForce RTX 5060, 591.86, P8, 28, 0, 982, 8151, 8.57, 145.00, 225, 405, 1, 8
2026-09-01T16:40:29.6264293+07:00,2026/09/01 16:40:29.657, NVIDIA GeForce RTX 5060, 591.86, P8, 28, 0, 982, 8151, 8.49, 145.00, 210, 405, 1, 8
2026-09-01T16:40:34.6891608+07:00,2026/09/01 16:40:34.719, NVIDIA GeForce RTX 5060, 591.86, P8, 28, 0, 982, 8151, 8.51, 145.00, 217, 405, 1, 8
2026-09-01T16:40:39.7488716+07:00,2026/09/01 16:40:39.779, NVIDIA GeForce RTX 5060, 591.86, P8, 28, 0, 982, 8151, 8.54, 145.00, 217, 405, 1, 8
2026-09-01T16:40:44.8721397+07:00,2026/09/01 16:40:44.903, NVIDIA GeForce RTX 5060, 591.86, P8, 28, 0, 982, 8151, 8.61, 145.00, 210, 405, 1, 8
2026-09-01T16:40:49.9375260+07:00,2026/09/01 16:40:49.968, NVIDIA GeForce RTX 5060, 591.86, P8, 28, 0, 992, 8151, 8.49, 145.00, 217, 405, 1, 8
2026-09-01T16:40:55.0004135+07:00,2026/09/01 16:40:55.030, NVIDIA GeForce RTX 5060, 591.86, P8, 28, 0, 992, 8151, 8.68, 145.00, 210, 405, 1, 8
2026-09-01T16:41:00.0484739+07:00,2026/09/01 16:41:00.079, NVIDIA GeForce RTX 5060, 591.86, P8, 27, 0, 992, 8151, 8.40, 145.00, 217, 405, 1, 8
2026-09-01T16:41:05.0944915+07:00,2026/09/01 16:41:05.125, NVIDIA GeForce RTX 5060, 591.86, P8, 27, 0, 992, 8151, 8.63, 145.00, 210, 405, 1, 8
2026-09-01T16:41:10.1433432+07:00,2026/09/01 16:41:10.174, NVIDIA GeForce RTX 5060, 591.86, P8, 27, 0, 992, 8151, 8.43, 145.00, 217, 405, 1, 8
2026-09-01T16:41:15.2826857+07:00,2026/09/01 16:41:15.313, NVIDIA GeForce RTX 5060, 591.86, P8, 27, 0, 992, 8151, 8.74, 145.00, 217, 405, 1, 8
2026-09-01T16:41:20.3441769+07:00,2026/09/01 16:41:20.374, NVIDIA GeForce RTX 5060, 591.86, P8, 27, 0, 992, 8151, 8.30, 145.00, 217, 405, 1, 8
2026-09-01T16:41:25.4052617+07:00,2026/09/01 16:41:25.436, NVIDIA GeForce RTX 5060, 591.86, P8, 27, 0, 992, 8151, 8.36, 145.00, 210, 405, 1, 8
2026-09-01T16:41:30.4536120+07:00,2026/09/01 16:41:30.484, NVIDIA GeForce RTX 5060, 591.86, P8, 28, 0, 992, 8151, 8.42, 145.00, 217, 405, 1, 8
2026-09-01T16:41:35.5025502+07:00,2026/09/01 16:41:35.533, NVIDIA GeForce RTX 5060, 591.86, P8, 27, 0, 992, 8151, 8.47, 145.00, 210, 405, 1, 8
2026-09-01T16:41:40.5616060+07:00,2026/09/01 16:41:40.592, NVIDIA GeForce RTX 5060, 591.86, P8, 27, 0, 992, 8151, 8.56, 145.00, 217, 405, 1, 8
2026-09-01T16:41:45.6876840+07:00,2026/09/01 16:41:45.718, NVIDIA GeForce RTX 5060, 591.86, P8, 28, 0, 992, 8151, 8.48, 145.00, 210, 405, 1, 8
2026-09-01T16:41:50.7496137+07:00,2026/09/01 16:41:50.780, NVIDIA GeForce RTX 5060, 591.86, P5, 28, 4, 1105, 8151, 13.82, 145.00, 885, 810, 2, 8
2026-09-01T16:41:55.7971948+07:00,2026/09/01 16:41:55.828, NVIDIA GeForce RTX 5060, 591.86, P8, 27, 0, 1179, 8151, 8.67, 145.00, 232, 405, 1, 8
2026-09-01T16:42:00.8438122+07:00,2026/09/01 16:42:00.874, NVIDIA GeForce RTX 5060, 591.86, P8, 28, 1, 1177, 8151, 9.26, 145.00, 525, 405, 1, 8
2026-09-01T16:42:05.8889410+07:00,2026/09/01 16:42:05.920, NVIDIA GeForce RTX 5060, 591.86, P8, 28, 0, 1166, 8151, 8.56, 145.00, 210, 405, 1, 8
2026-09-01T16:42:10.9489272+07:00,2026/09/01 16:42:10.979, NVIDIA GeForce RTX 5060, 591.86, P8, 28, 0, 1153, 8151, 8.46, 145.00, 217, 405, 1, 8
2026-09-01T16:42:16.0584559+07:00,2026/09/01 16:42:16.089, NVIDIA GeForce RTX 5060, 591.86, P8, 28, 0, 1153, 8151, 8.44, 145.00, 210, 405, 1, 8
2026-09-01T16:42:21.1071736+07:00,2026/09/01 16:42:21.137, NVIDIA GeForce RTX 5060, 591.86, P8, 28, 0, 1153, 8151, 8.40, 145.00, 217, 405, 1, 8
2026-09-01T16:42:26.1692125+07:00,2026/09/01 16:42:26.200, NVIDIA GeForce RTX 5060, 591.86, P8, 27, 0, 1153, 8151, 8.44, 145.00, 210, 405, 1, 8
2026-09-01T16:42:31.2316664+07:00,2026/09/01 16:42:31.278, NVIDIA GeForce RTX 5060, 591.86, P8, 27, 0, 1153, 8151, 8.55, 145.00, 210, 405, 1, 8
2026-09-01T16:42:36.2960840+07:00,2026/09/01 16:42:36.340, NVIDIA GeForce RTX 5060, 591.86, P8, 27, 0, 1153, 8151, 8.50, 145.00, 217, 405, 1, 8
2026-09-01T16:42:41.3596325+07:00,2026/09/01 16:42:41.390, NVIDIA GeForce RTX 5060, 591.86, P8, 28, 0, 1162, 8151, 8.51, 145.00, 240, 405, 1, 8
2026-09-01T16:42:46.4838763+07:00,2026/09/01 16:42:46.514, NVIDIA GeForce RTX 5060, 591.86, P8, 27, 0, 1162, 8151, 8.44, 145.00, 210, 405, 1, 8
2026-09-01T16:42:51.5463564+07:00,2026/09/01 16:42:51.577, NVIDIA GeForce RTX 5060, 591.86, P8, 27, 0, 1157, 8151, 8.53, 145.00, 217, 405, 1, 8
2026-09-01T16:42:56.6056335+07:00,2026/09/01 16:42:56.636, NVIDIA GeForce RTX 5060, 591.86, P8, 27, 0, 1157, 8151, 8.53, 145.00, 232, 405, 1, 8
2026-09-01T16:43:01.6540268+07:00,2026/09/01 16:43:01.685, NVIDIA GeForce RTX 5060, 591.86, P8, 27, 0, 1161, 8151, 8.56, 145.00, 217, 405, 1, 8
2026-09-01T16:43:06.7157850+07:00,2026/09/01 16:43:06.746, NVIDIA GeForce RTX 5060, 591.86, P8, 28, 0, 1161, 8151, 8.55, 145.00, 210, 405, 1, 8
2026-09-01T16:43:11.7776105+07:00,2026/09/01 16:43:11.808, NVIDIA GeForce RTX 5060, 591.86, P8, 28, 0, 1157, 8151, 8.49, 145.00, 232, 405, 1, 8
2026-09-01T16:43:16.8889618+07:00,2026/09/01 16:43:16.919, NVIDIA GeForce RTX 5060, 591.86, P8, 28, 0, 1164, 8151, 8.59, 145.00, 300, 405, 1, 8
2026-09-01T16:43:21.9459903+07:00,2026/09/01 16:43:21.976, NVIDIA GeForce RTX 5060, 591.86, P8, 28, 0, 1163, 8151, 8.63, 145.00, 262, 405, 1, 8
2026-09-01T16:43:26.9934836+07:00,2026/09/01 16:43:27.039, NVIDIA GeForce RTX 5060, 591.86, P8, 27, 0, 1164, 8151, 8.58, 145.00, 247, 405, 1, 8
2026-09-01T16:43:32.0562555+07:00,2026/09/01 16:43:32.102, NVIDIA GeForce RTX 5060, 591.86, P8, 28, 0, 1164, 8151, 8.74, 145.00, 262, 405, 1, 8
2026-09-01T16:43:37.1333941+07:00,2026/09/01 16:43:37.164, NVIDIA GeForce RTX 5060, 591.86, P8, 28, 0, 1164, 8151, 8.61, 145.00, 247, 405, 1, 8
2026-09-01T16:43:42.1831405+07:00,2026/09/01 16:43:42.213, NVIDIA GeForce RTX 5060, 591.86, P8, 28, 0, 1164, 8151, 8.79, 145.00, 285, 405, 1, 8
2026-09-01T16:43:47.2734307+07:00,2026/09/01 16:43:47.304, NVIDIA GeForce RTX 5060, 591.86, P8, 28, 0, 1164, 8151, 8.84, 145.00, 232, 405, 1, 8
2026-09-01T16:43:52.3324987+07:00,2026/09/01 16:43:52.378, NVIDIA GeForce RTX 5060, 591.86, P8, 28, 0, 1164, 8151, 8.83, 145.00, 262, 405, 1, 8
2026-09-01T16:43:57.4085020+07:00,2026/09/01 16:43:57.439, NVIDIA GeForce RTX 5060, 591.86, P8, 28, 0, 1165, 8151, 8.57, 145.00, 217, 405, 1, 8
2026-09-01T16:44:02.4562785+07:00,2026/09/01 16:44:02.487, NVIDIA GeForce RTX 5060, 591.86, P8, 28, 0, 1163, 8151, 8.81, 145.00, 262, 405, 1, 8
2026-09-01T16:44:07.5158143+07:00,2026/09/01 16:44:07.546, NVIDIA GeForce RTX 5060, 591.86, P8, 28, 0, 1163, 8151, 8.78, 145.00, 225, 405, 1, 8
2026-09-01T16:44:12.5640490+07:00,2026/09/01 16:44:12.595, NVIDIA GeForce RTX 5060, 591.86, P8, 28, 0, 1163, 8151, 8.82, 145.00, 277, 405, 1, 8
2026-09-01T16:44:17.6752620+07:00,2026/09/01 16:44:17.706, NVIDIA GeForce RTX 5060, 591.86, P8, 28, 0, 1162, 8151, 8.71, 145.00, 247, 405, 1, 8
2026-09-01T16:44:22.7223324+07:00,2026/09/01 16:44:22.753, NVIDIA GeForce RTX 5060, 591.86, P8, 28, 0, 1172, 8151, 8.87, 145.00, 255, 405, 1, 8
2026-09-01T16:44:27.7829033+07:00,2026/09/01 16:44:27.814, NVIDIA GeForce RTX 5060, 591.86, P8, 28, 0, 1173, 8151, 8.75, 145.00, 247, 405, 1, 8
2026-09-01T16:44:32.8385723+07:00,2026/09/01 16:44:32.870, NVIDIA GeForce RTX 5060, 591.86, P8, 28, 0, 1186, 8151, 8.94, 145.00, 232, 405, 1, 8
2026-09-01T16:44:37.8969946+07:00,2026/09/01 16:44:37.927, NVIDIA GeForce RTX 5060, 591.86, P8, 28, 0, 1185, 8151, 8.88, 145.00, 277, 405, 1, 8
2026-09-01T16:44:42.9585584+07:00,2026/09/01 16:44:43.020, NVIDIA GeForce RTX 5060, 591.86, P8, 28, 0, 1186, 8151, 8.72, 145.00, 232, 405, 1, 8
2026-09-01T16:44:48.1006378+07:00,2026/09/01 16:44:48.131, NVIDIA GeForce RTX 5060, 591.86, P8, 28, 0, 1176, 8151, 8.80, 145.00, 277, 405, 1, 8
2026-09-01T16:44:53.1482564+07:00,2026/09/01 16:44:53.179, NVIDIA GeForce RTX 5060, 591.86, P8, 28, 0, 1176, 8151, 8.57, 145.00, 247, 405, 1, 8
2026-09-01T16:44:58.1977835+07:00,2026/09/01 16:44:58.228, NVIDIA GeForce RTX 5060, 591.86, P8, 28, 0, 1176, 8151, 8.74, 145.00, 247, 405, 1, 8
2026-09-01T16:45:03.2601051+07:00,2026/09/01 16:45:03.290, NVIDIA GeForce RTX 5060, 591.86, P8, 28, 0, 1176, 8151, 8.60, 145.00, 262, 405, 1, 8
2026-09-01T16:45:08.3037065+07:00,2026/09/01 16:45:08.334, NVIDIA GeForce RTX 5060, 591.86, P8, 28, 0, 1176, 8151, 8.68, 145.00, 277, 405, 1, 8
2026-09-01T16:45:13.3484612+07:00,2026/09/01 16:45:13.379, NVIDIA GeForce RTX 5060, 591.86, P8, 28, 0, 1177, 8151, 8.73, 145.00, 247, 405, 1, 8
2026-09-01T16:45:18.4742793+07:00,2026/09/01 16:45:18.505, NVIDIA GeForce RTX 5060, 591.86, P8, 28, 0, 1177, 8151, 8.64, 145.00, 232, 405, 1, 8
2026-09-01T16:45:23.5200455+07:00,2026/09/01 16:45:23.551, NVIDIA GeForce RTX 5060, 591.86, P8, 28, 0, 1169, 8151, 8.81, 145.00, 232, 405, 1, 8
2026-09-01T16:45:28.5693013+07:00,2026/09/01 16:45:28.599, NVIDIA GeForce RTX 5060, 591.86, P8, 28, 0, 1179, 8151, 8.74, 145.00, 232, 405, 1, 8
2026-09-01T16:45:33.6282201+07:00,2026/09/01 16:45:33.659, NVIDIA GeForce RTX 5060, 591.86, P8, 28, 0, 1182, 8151, 8.76, 145.00, 232, 405, 1, 8
2026-09-01T16:45:38.6727041+07:00,2026/09/01 16:45:38.703, NVIDIA GeForce RTX 5060, 591.86, P8, 28, 0, 1182, 8151, 8.55, 145.00, 247, 405, 1, 8
2026-09-01T16:45:43.7204519+07:00,2026/09/01 16:45:43.751, NVIDIA GeForce RTX 5060, 591.86, P8, 28, 0, 1183, 8151, 8.71, 145.00, 232, 405, 1, 8
2026-09-01T16:45:48.8427144+07:00,2026/09/01 16:45:48.873, NVIDIA GeForce RTX 5060, 591.86, P8, 28, 0, 1182, 8151, 8.68, 145.00, 232, 405, 1, 8
2026-09-01T16:45:53.8936179+07:00,2026/09/01 16:45:53.924, NVIDIA GeForce RTX 5060, 591.86, P8, 28, 0, 1182, 8151, 8.69, 145.00, 217, 405, 1, 8
2026-09-01T16:45:58.9408620+07:00,2026/09/01 16:45:58.971, NVIDIA GeForce RTX 5060, 591.86, P8, 28, 0, 1185, 8151, 8.69, 145.00, 232, 405, 1, 8
2026-09-01T16:46:03.9871625+07:00,2026/09/01 16:46:04.018, NVIDIA GeForce RTX 5060, 591.86, P8, 28, 0, 1182, 8151, 8.69, 145.00, 247, 405, 1, 8
2026-09-01T16:46:09.0330112+07:00,2026/09/01 16:46:09.064, NVIDIA GeForce RTX 5060, 591.86, P8, 28, 0, 1183, 8151, 8.67, 145.00, 247, 405, 1, 8
2026-09-01T16:46:14.0856043+07:00,2026/09/01 16:46:14.116, NVIDIA GeForce RTX 5060, 591.86, P8, 28, 0, 1183, 8151, 8.63, 145.00, 262, 405, 1, 8
2026-09-01T16:46:19.2109502+07:00,2026/09/01 16:46:19.241, NVIDIA GeForce RTX 5060, 591.86, P8, 28, 0, 1177, 8151, 8.59, 145.00, 232, 405, 1, 8
2026-09-01T16:46:24.2616203+07:00,2026/09/01 16:46:24.305, NVIDIA GeForce RTX 5060, 591.86, P8, 28, 0, 1177, 8151, 8.67, 145.00, 247, 405, 1, 8
2026-09-01T16:46:29.3252025+07:00,2026/09/01 16:46:29.370, NVIDIA GeForce RTX 5060, 591.86, P8, 28, 0, 1182, 8151, 8.71, 145.00, 232, 405, 1, 8
2026-09-01T16:46:34.3876725+07:00,2026/09/01 16:46:34.418, NVIDIA GeForce RTX 5060, 591.86, P8, 28, 0, 1184, 8151, 8.56, 145.00, 217, 405, 1, 8
2026-09-01T16:46:39.4337474+07:00,2026/09/01 16:46:39.464, NVIDIA GeForce RTX 5060, 591.86, P8, 28, 0, 1184, 8151, 8.51, 145.00, 232, 405, 1, 8
2026-09-01T16:46:44.4817696+07:00,2026/09/01 16:46:44.512, NVIDIA GeForce RTX 5060, 591.86, P8, 28, 0, 1178, 8151, 8.48, 145.00, 225, 405, 1, 8
2026-09-01T16:46:49.6058878+07:00,2026/09/01 16:46:49.636, NVIDIA GeForce RTX 5060, 591.86, P8, 28, 0, 1183, 8151, 8.69, 145.00, 232, 405, 1, 8
2026-09-01T16:46:54.6516952+07:00,2026/09/01 16:46:54.682, NVIDIA GeForce RTX 5060, 591.86, P8, 28, 0, 1178, 8151, 8.59, 145.00, 217, 405, 1, 8
2026-09-01T16:46:59.6989843+07:00,2026/09/01 16:46:59.730, NVIDIA GeForce RTX 5060, 591.86, P8, 28, 0, 1178, 8151, 8.56, 145.00, 232, 405, 1, 8
2026-09-01T16:47:04.7427199+07:00,2026/09/01 16:47:04.773, NVIDIA GeForce RTX 5060, 591.86, P8, 28, 0, 1178, 8151, 8.59, 145.00, 232, 405, 1, 8
2026-09-01T16:47:09.7889811+07:00,2026/09/01 16:47:09.835, NVIDIA GeForce RTX 5060, 591.86, P8, 28, 0, 1178, 8151, 8.64, 145.00, 232, 405, 1, 8
2026-09-01T16:47:14.8489629+07:00,2026/09/01 16:47:14.910, NVIDIA GeForce RTX 5060, 591.86, P8, 28, 0, 1178, 8151, 8.66, 145.00, 247, 405, 1, 8
2026-09-01T16:47:20.0024729+07:00,2026/09/01 16:47:20.079, NVIDIA GeForce RTX 5060, 591.86, P8, 28, 0, 1178, 8151, 8.65, 145.00, 247, 405, 1, 8
2026-09-01T16:47:25.0970382+07:00,2026/09/01 16:47:25.159, NVIDIA GeForce RTX 5060, 591.86, P8, 28, 0, 1178, 8151, 8.57, 145.00, 247, 405, 1, 8
2026-09-01T16:47:30.1755968+07:00,2026/09/01 16:47:30.252, NVIDIA GeForce RTX 5060, 591.86, P8, 28, 1, 1184, 8151, 8.66, 145.00, 232, 405, 1, 8
2026-09-01T16:47:35.2819842+07:00,2026/09/01 16:47:35.343, NVIDIA GeForce RTX 5060, 591.86, P8, 28, 0, 1185, 8151, 8.70, 145.00, 255, 405, 1, 8
2026-09-01T16:47:40.3733006+07:00,2026/09/01 16:47:40.435, NVIDIA GeForce RTX 5060, 591.86, P8, 28, 0, 1185, 8151, 8.60, 145.00, 285, 405, 1, 8
2026-09-01T16:47:45.4521952+07:00,2026/09/01 16:47:45.514, NVIDIA GeForce RTX 5060, 591.86, P8, 28, 0, 1185, 8151, 8.61, 145.00, 292, 405, 1, 8
2026-09-01T16:47:50.6080205+07:00,2026/09/01 16:47:50.701, NVIDIA GeForce RTX 5060, 591.86, P8, 28, 0, 1186, 8151, 8.65, 145.00, 315, 405, 1, 8
2026-09-01T16:47:55.7644670+07:00,2026/09/01 16:47:55.842, NVIDIA GeForce RTX 5060, 591.86, P8, 28, 0, 1186, 8151, 8.62, 145.00, 277, 405, 1, 8
2026-09-01T16:48:00.8733186+07:00,2026/09/01 16:48:00.935, NVIDIA GeForce RTX 5060, 591.86, P8, 28, 0, 1180, 8151, 8.70, 145.00, 307, 405, 1, 8
2026-09-01T16:48:05.9490880+07:00,2026/09/01 16:48:05.995, NVIDIA GeForce RTX 5060, 591.86, P8, 28, 0, 1180, 8151, 8.77, 145.00, 277, 405, 1, 8
2026-09-01T16:48:11.0104539+07:00,2026/09/01 16:48:11.056, NVIDIA GeForce RTX 5060, 591.86, P8, 28, 0, 1180, 8151, 8.71, 145.00, 262, 405, 1, 8
2026-09-01T16:48:16.0709330+07:00,2026/09/01 16:48:16.179, NVIDIA GeForce RTX 5060, 591.86, P8, 28, 0, 1180, 8151, 8.51, 145.00, 277, 405, 1, 8
2026-09-01T16:48:21.2703131+07:00,2026/09/01 16:48:21.332, NVIDIA GeForce RTX 5060, 591.86, P8, 28, 0, 1180, 8151, 8.72, 145.00, 277, 405, 1, 8
2026-09-01T16:48:26.3592303+07:00,2026/09/01 16:48:26.451, NVIDIA GeForce RTX 5060, 591.86, P8, 28, 0, 1180, 8151, 8.65, 145.00, 232, 405, 1, 8
2026-09-01T16:48:31.4817337+07:00,2026/09/01 16:48:31.512, NVIDIA GeForce RTX 5060, 591.86, P8, 28, 0, 1180, 8151, 8.80, 145.00, 232, 405, 1, 8
2026-09-01T16:48:36.5438931+07:00,2026/09/01 16:48:36.574, NVIDIA GeForce RTX 5060, 591.86, P8, 28, 0, 1180, 8151, 8.69, 145.00, 247, 405, 1, 8
2026-09-01T16:48:41.6039874+07:00,2026/09/01 16:48:41.635, NVIDIA GeForce RTX 5060, 591.86, P8, 28, 0, 1180, 8151, 8.62, 145.00, 232, 405, 1, 8
2026-09-01T16:48:46.6807714+07:00,2026/09/01 16:48:46.711, NVIDIA GeForce RTX 5060, 591.86, P8, 28, 0, 1180, 8151, 8.65, 145.00, 232, 405, 1, 8
2026-09-01T16:48:51.8038760+07:00,2026/09/01 16:48:51.834, NVIDIA GeForce RTX 5060, 591.86, P8, 28, 0, 1180, 8151, 8.50, 145.00, 247, 405, 1, 8
2026-09-01T16:48:56.8675798+07:00,2026/09/01 16:48:56.898, NVIDIA GeForce RTX 5060, 591.86, P8, 28, 0, 1198, 8151, 8.76, 145.00, 247, 405, 1, 8
2026-09-01T16:49:01.9166933+07:00,2026/09/01 16:49:01.946, NVIDIA GeForce RTX 5060, 591.86, P8, 28, 0, 1188, 8151, 8.70, 145.00, 277, 405, 1, 8
2026-09-01T16:49:06.9647753+07:00,2026/09/01 16:49:07.026, NVIDIA GeForce RTX 5060, 591.86, P8, 28, 0, 1198, 8151, 8.67, 145.00, 217, 405, 1, 8
2026-09-01T16:49:12.0585574+07:00,2026/09/01 16:49:12.151, NVIDIA GeForce RTX 5060, 591.86, P8, 28, 0, 1189, 8151, 8.67, 145.00, 232, 405, 1, 8
2026-09-01T16:49:17.1815156+07:00,2026/09/01 16:49:17.212, NVIDIA GeForce RTX 5060, 591.86, P8, 28, 0, 1189, 8151, 8.69, 145.00, 262, 405, 1, 8
2026-09-01T16:49:22.2903904+07:00,2026/09/01 16:49:22.321, NVIDIA GeForce RTX 5060, 591.86, P8, 28, 0, 1188, 8151, 8.89, 145.00, 232, 405, 1, 8
2026-09-01T16:49:27.3577738+07:00,2026/09/01 16:49:27.388, NVIDIA GeForce RTX 5060, 591.86, P8, 28, 0, 1186, 8151, 8.53, 145.00, 262, 405, 1, 8
2026-09-01T16:49:32.4059477+07:00,2026/09/01 16:49:32.437, NVIDIA GeForce RTX 5060, 591.86, P8, 28, 0, 1181, 8151, 8.81, 145.00, 232, 405, 1, 8
2026-09-01T16:49:37.4567616+07:00,2026/09/01 16:49:37.487, NVIDIA GeForce RTX 5060, 591.86, P8, 28, 0, 1185, 8151, 8.87, 145.00, 255, 405, 1, 8
2026-09-01T16:49:42.5025427+07:00,2026/09/01 16:49:42.533, NVIDIA GeForce RTX 5060, 591.86, P8, 28, 0, 1178, 8151, 8.65, 145.00, 232, 405, 1, 8
2026-09-01T16:49:47.5504107+07:00,2026/09/01 16:49:47.581, NVIDIA GeForce RTX 5060, 591.86, P8, 28, 0, 1191, 8151, 8.57, 145.00, 210, 405, 1, 8
2026-09-01T16:49:52.6570806+07:00,2026/09/01 16:49:52.688, NVIDIA GeForce RTX 5060, 591.86, P8, 28, 0, 1183, 8151, 8.45, 145.00, 210, 405, 1, 8
2026-09-01T16:49:57.7179573+07:00,2026/09/01 16:49:57.748, NVIDIA GeForce RTX 5060, 591.86, P8, 28, 0, 1183, 8151, 8.69, 145.00, 210, 405, 1, 8
2026-09-01T16:50:02.7780872+07:00,2026/09/01 16:50:02.808, NVIDIA GeForce RTX 5060, 591.86, P8, 28, 0, 1191, 8151, 8.91, 145.00, 217, 405, 1, 8
2026-09-01T16:50:07.8262095+07:00,2026/09/01 16:50:07.857, NVIDIA GeForce RTX 5060, 591.86, P8, 28, 0, 1187, 8151, 8.54, 145.00, 210, 405, 1, 8
2026-09-01T16:50:12.8740185+07:00,2026/09/01 16:50:12.904, NVIDIA GeForce RTX 5060, 591.86, P8, 28, 0, 1183, 8151, 8.54, 145.00, 217, 405, 1, 8
2026-09-01T16:50:17.9217198+07:00,2026/09/01 16:50:17.952, NVIDIA GeForce RTX 5060, 591.86, P8, 28, 0, 1183, 8151, 8.51, 145.00, 210, 405, 1, 8
2026-09-01T16:50:23.0315426+07:00,2026/09/01 16:50:23.062, NVIDIA GeForce RTX 5060, 591.86, P8, 28, 0, 1183, 8151, 8.39, 145.00, 217, 405, 1, 8
2026-09-01T16:50:28.0930793+07:00,2026/09/01 16:50:28.124, NVIDIA GeForce RTX 5060, 591.86, P8, 28, 0, 1191, 8151, 8.72, 145.00, 225, 405, 1, 8
2026-09-01T16:50:33.1420231+07:00,2026/09/01 16:50:33.173, NVIDIA GeForce RTX 5060, 591.86, P8, 28, 0, 1191, 8151, 8.51, 145.00, 217, 405, 1, 8
2026-09-01T16:50:38.1912512+07:00,2026/09/01 16:50:38.222, NVIDIA GeForce RTX 5060, 591.86, P8, 28, 0, 1187, 8151, 8.41, 145.00, 217, 405, 1, 8
2026-09-01T16:50:43.2397471+07:00,2026/09/01 16:50:43.270, NVIDIA GeForce RTX 5060, 591.86, P8, 28, 0, 1187, 8151, 8.60, 145.00, 232, 405, 1, 8
2026-09-01T16:50:48.3021046+07:00,2026/09/01 16:50:48.348, NVIDIA GeForce RTX 5060, 591.86, P8, 28, 0, 1187, 8151, 8.58, 145.00, 217, 405, 1, 8
2026-09-01T16:50:53.4276826+07:00,2026/09/01 16:50:53.458, NVIDIA GeForce RTX 5060, 591.86, P8, 28, 0, 1187, 8151, 8.69, 145.00, 232, 405, 1, 8
2026-09-01T16:50:58.4754734+07:00,2026/09/01 16:50:58.506, NVIDIA GeForce RTX 5060, 591.86, P8, 28, 0, 1187, 8151, 8.44, 145.00, 217, 405, 1, 8
2026-09-01T16:51:03.5355939+07:00,2026/09/01 16:51:03.566, NVIDIA GeForce RTX 5060, 591.86, P8, 28, 0, 1183, 8151, 8.53, 145.00, 210, 405, 1, 8
2026-09-01T16:51:08.5828903+07:00,2026/09/01 16:51:08.613, NVIDIA GeForce RTX 5060, 591.86, P8, 28, 0, 1191, 8151, 8.39, 145.00, 210, 405, 1, 8
2026-09-01T16:51:13.6438919+07:00,2026/09/01 16:51:13.674, NVIDIA GeForce RTX 5060, 591.86, P8, 28, 0, 1182, 8151, 8.52, 145.00, 217, 405, 1, 8
2026-09-01T16:51:18.7048834+07:00,2026/09/01 16:51:18.735, NVIDIA GeForce RTX 5060, 591.86, P8, 27, 0, 1182, 8151, 8.53, 145.00, 210, 405, 1, 8
2026-09-01T16:51:23.8271379+07:00,2026/09/01 16:51:23.858, NVIDIA GeForce RTX 5060, 591.86, P8, 28, 0, 1182, 8151, 8.42, 145.00, 217, 405, 1, 8
2026-09-01T16:51:28.8892612+07:00,2026/09/01 16:51:28.920, NVIDIA GeForce RTX 5060, 591.86, P8, 28, 0, 1191, 8151, 8.41, 145.00, 217, 405, 1, 8
2026-09-01T16:51:33.9341485+07:00,2026/09/01 16:51:33.980, NVIDIA GeForce RTX 5060, 591.86, P8, 28, 0, 1191, 8151, 8.44, 145.00, 217, 405, 1, 8
2026-09-01T16:51:39.0105553+07:00,2026/09/01 16:51:39.040, NVIDIA GeForce RTX 5060, 591.86, P8, 27, 0, 1187, 8151, 8.36, 145.00, 217, 405, 1, 8
2026-09-01T16:51:44.0724862+07:00,2026/09/01 16:51:44.103, NVIDIA GeForce RTX 5060, 591.86, P8, 27, 0, 1186, 8151, 8.38, 145.00, 210, 405, 1, 8
2026-09-01T16:51:49.1337327+07:00,2026/09/01 16:51:49.164, NVIDIA GeForce RTX 5060, 591.86, P8, 27, 0, 1191, 8151, 8.43, 145.00, 232, 405, 1, 8
2026-09-01T16:51:54.2565832+07:00,2026/09/01 16:51:54.287, NVIDIA GeForce RTX 5060, 591.86, P8, 28, 0, 1191, 8151, 8.54, 145.00, 232, 405, 1, 8
2026-09-01T16:51:59.3006041+07:00,2026/09/01 16:51:59.331, NVIDIA GeForce RTX 5060, 591.86, P8, 27, 0, 1186, 8151, 8.38, 145.00, 217, 405, 1, 8
2026-09-01T16:52:04.3604201+07:00,2026/09/01 16:52:04.391, NVIDIA GeForce RTX 5060, 591.86, P8, 27, 0, 1186, 8151, 8.44, 145.00, 217, 405, 1, 8
2026-09-01T16:52:09.4225607+07:00,2026/09/01 16:52:09.453, NVIDIA GeForce RTX 5060, 591.86, P8, 27, 0, 1192, 8151, 8.62, 145.00, 232, 405, 1, 8
2026-09-01T16:52:14.4846056+07:00,2026/09/01 16:52:14.531, NVIDIA GeForce RTX 5060, 591.86, P8, 28, 0, 1193, 8151, 8.96, 145.00, 262, 405, 1, 8
2026-09-01T16:52:19.5626424+07:00,2026/09/01 16:52:19.593, NVIDIA GeForce RTX 5060, 591.86, P8, 27, 0, 1193, 8151, 8.73, 145.00, 255, 405, 1, 8
2026-09-01T16:52:24.6863210+07:00,2026/09/01 16:52:24.717, NVIDIA GeForce RTX 5060, 591.86, P8, 28, 0, 1193, 8151, 8.92, 145.00, 277, 405, 1, 8
2026-09-01T16:52:29.7340036+07:00,2026/09/01 16:52:29.764, NVIDIA GeForce RTX 5060, 591.86, P8, 28, 0, 1192, 8151, 8.77, 145.00, 232, 405, 1, 8
2026-09-01T16:52:34.7815857+07:00,2026/09/01 16:52:34.812, NVIDIA GeForce RTX 5060, 591.86, P8, 28, 0, 1192, 8151, 8.56, 145.00, 232, 405, 1, 8
2026-09-01T16:52:39.8310666+07:00,2026/09/01 16:52:39.862, NVIDIA GeForce RTX 5060, 591.86, P8, 28, 0, 1189, 8151, 8.61, 145.00, 217, 405, 1, 8
2026-09-01T16:52:44.8758746+07:00,2026/09/01 16:52:44.906, NVIDIA GeForce RTX 5060, 591.86, P8, 28, 0, 1199, 8151, 9.00, 145.00, 270, 405, 1, 8
2026-09-01T16:52:49.9237875+07:00,2026/09/01 16:52:49.954, NVIDIA GeForce RTX 5060, 591.86, P8, 28, 0, 1194, 8151, 8.89, 145.00, 247, 405, 1, 8
2026-09-01T16:52:55.0439926+07:00,2026/09/01 16:52:55.075, NVIDIA GeForce RTX 5060, 591.86, P8, 27, 0, 1193, 8151, 8.52, 145.00, 247, 405, 1, 8
2026-09-01T16:53:00.1061654+07:00,2026/09/01 16:53:00.137, NVIDIA GeForce RTX 5060, 591.86, P8, 28, 0, 1191, 8151, 8.78, 145.00, 262, 405, 1, 8
2026-09-01T16:53:05.1648636+07:00,2026/09/01 16:53:05.195, NVIDIA GeForce RTX 5060, 591.86, P8, 28, 0, 1189, 8151, 8.76, 145.00, 255, 405, 1, 8
2026-09-01T16:53:10.2126242+07:00,2026/09/01 16:53:10.243, NVIDIA GeForce RTX 5060, 591.86, P8, 28, 0, 1188, 8151, 8.83, 145.00, 285, 405, 1, 8
2026-09-01T16:53:15.2616623+07:00,2026/09/01 16:53:15.292, NVIDIA GeForce RTX 5060, 591.86, P8, 28, 1, 1189, 8151, 8.81, 145.00, 232, 405, 1, 8
2026-09-01T16:53:20.3265133+07:00,2026/09/01 16:53:20.356, NVIDIA GeForce RTX 5060, 591.86, P8, 28, 0, 1189, 8151, 8.60, 145.00, 217, 405, 1, 8
2026-09-01T16:53:25.4470874+07:00,2026/09/01 16:53:25.478, NVIDIA GeForce RTX 5060, 591.86, P8, 28, 0, 1188, 8151, 8.73, 145.00, 277, 405, 1, 8
2026-09-01T16:53:30.5095606+07:00,2026/09/01 16:53:30.540, NVIDIA GeForce RTX 5060, 591.86, P8, 28, 0, 1189, 8151, 8.70, 145.00, 262, 405, 1, 8
2026-09-01T16:53:35.5714738+07:00,2026/09/01 16:53:35.602, NVIDIA GeForce RTX 5060, 591.86, P8, 28, 0, 1189, 8151, 8.72, 145.00, 232, 405, 1, 8
2026-09-01T16:53:40.6334857+07:00,2026/09/01 16:53:40.664, NVIDIA GeForce RTX 5060, 591.86, P8, 28, 0, 1186, 8151, 8.65, 145.00, 232, 405, 1, 8
2026-09-01T16:53:45.6953812+07:00,2026/09/01 16:53:45.772, NVIDIA GeForce RTX 5060, 591.86, P8, 28, 0, 1192, 8151, 8.70, 145.00, 247, 405, 1, 8
2026-09-01T16:53:50.8179961+07:00,2026/09/01 16:53:50.864, NVIDIA GeForce RTX 5060, 591.86, P8, 28, 0, 1189, 8151, 8.69, 145.00, 232, 405, 1, 8
2026-09-01T16:53:55.9738101+07:00,2026/09/01 16:53:56.035, NVIDIA GeForce RTX 5060, 591.86, P8, 28, 0, 1185, 8151, 8.68, 145.00, 232, 405, 1, 8
2026-09-01T16:54:01.0821230+07:00,2026/09/01 16:54:01.128, NVIDIA GeForce RTX 5060, 591.86, P8, 28, 0, 1195, 8151, 8.86, 145.00, 240, 405, 1, 8
2026-09-01T16:54:06.1615046+07:00,2026/09/01 16:54:06.192, NVIDIA GeForce RTX 5060, 591.86, P8, 28, 0, 1194, 8151, 8.52, 145.00, 217, 405, 1, 8
2026-09-01T16:54:11.2099610+07:00,2026/09/01 16:54:11.287, NVIDIA GeForce RTX 5060, 591.86, P8, 28, 0, 1197, 8151, 8.74, 145.00, 232, 405, 1, 8
2026-09-01T16:54:16.3201024+07:00,2026/09/01 16:54:16.350, NVIDIA GeForce RTX 5060, 591.86, P8, 28, 0, 1197, 8151, 8.82, 145.00, 217, 405, 1, 8
2026-09-01T16:54:21.3707235+07:00,2026/09/01 16:54:21.447, NVIDIA GeForce RTX 5060, 591.86, P8, 27, 0, 1200, 8151, 8.60, 145.00, 247, 405, 1, 8
2026-09-01T16:54:26.5583273+07:00,2026/09/01 16:54:26.604, NVIDIA GeForce RTX 5060, 591.86, P8, 28, 0, 1205, 8151, 8.82, 145.00, 322, 405, 1, 8
2026-09-01T16:54:31.6374552+07:00,2026/09/01 16:54:31.745, NVIDIA GeForce RTX 5060, 591.86, P8, 28, 0, 1207, 8151, 8.58, 145.00, 247, 405, 1, 8
2026-09-01T16:54:36.7774640+07:00,2026/09/01 16:54:36.808, NVIDIA GeForce RTX 5060, 591.86, P8, 28, 0, 1202, 8151, 8.52, 145.00, 232, 405, 1, 8
2026-09-01T16:54:41.8380957+07:00,2026/09/01 16:54:41.869, NVIDIA GeForce RTX 5060, 591.86, P8, 28, 0, 1200, 8151, 8.66, 145.00, 262, 405, 1, 8
2026-09-01T16:54:46.8997200+07:00,2026/09/01 16:54:46.930, NVIDIA GeForce RTX 5060, 591.86, P8, 28, 0, 1196, 8151, 8.56, 145.00, 232, 405, 1, 8
2026-09-01T16:54:51.9615765+07:00,2026/09/01 16:54:51.992, NVIDIA GeForce RTX 5060, 591.86, P8, 28, 0, 1205, 8151, 8.79, 145.00, 262, 405, 1, 8
2026-09-01T16:54:57.0868407+07:00,2026/09/01 16:54:57.133, NVIDIA GeForce RTX 5060, 591.86, P8, 28, 0, 1207, 8151, 8.71, 145.00, 232, 405, 1, 8
2026-09-01T16:55:02.1510581+07:00,2026/09/01 16:55:02.197, NVIDIA GeForce RTX 5060, 591.86, P8, 28, 0, 1207, 8151, 8.72, 145.00, 232, 405, 1, 8
2026-09-01T16:55:07.2431089+07:00,2026/09/01 16:55:07.273, NVIDIA GeForce RTX 5060, 591.86, P8, 28, 0, 1206, 8151, 8.57, 145.00, 217, 405, 1, 8
2026-09-01T16:55:12.2986648+07:00,2026/09/01 16:55:12.360, NVIDIA GeForce RTX 5060, 591.86, P8, 28, 0, 1210, 8151, 8.60, 145.00, 217, 405, 1, 8
2026-09-01T16:55:17.3912659+07:00,2026/09/01 16:55:17.468, NVIDIA GeForce RTX 5060, 591.86, P8, 27, 0, 1208, 8151, 8.56, 145.00, 232, 405, 1, 8
2026-09-01T16:55:22.4839607+07:00,2026/09/01 16:55:22.545, NVIDIA GeForce RTX 5060, 591.86, P8, 28, 0, 1208, 8151, 8.47, 145.00, 247, 405, 1, 8
2026-09-01T16:55:27.6525622+07:00,2026/09/01 16:55:27.697, NVIDIA GeForce RTX 5060, 591.86, P8, 28, 0, 1208, 8151, 8.48, 145.00, 247, 405, 1, 8
2026-09-01T16:55:32.7112410+07:00,2026/09/01 16:55:32.742, NVIDIA GeForce RTX 5060, 591.86, P8, 28, 0, 1208, 8151, 8.59, 145.00, 262, 405, 1, 8
2026-09-01T16:55:37.7603407+07:00,2026/09/01 16:55:37.791, NVIDIA GeForce RTX 5060, 591.86, P8, 28, 0, 1208, 8151, 8.62, 145.00, 247, 405, 1, 8
2026-09-01T16:55:42.8075683+07:00,2026/09/01 16:55:42.838, NVIDIA GeForce RTX 5060, 591.86, P8, 28, 0, 1205, 8151, 8.61, 145.00, 247, 405, 1, 8
2026-09-01T16:55:47.8575179+07:00,2026/09/01 16:55:47.934, NVIDIA GeForce RTX 5060, 591.86, P8, 28, 0, 1209, 8151, 8.67, 145.00, 232, 405, 1, 8
2026-09-01T16:55:52.9796435+07:00,2026/09/01 16:55:53.010, NVIDIA GeForce RTX 5060, 591.86, P8, 28, 0, 1204, 8151, 8.48, 145.00, 232, 405, 1, 8
2026-09-01T16:55:58.0833482+07:00,2026/09/01 16:55:58.114, NVIDIA GeForce RTX 5060, 591.86, P8, 28, 0, 1202, 8151, 8.50, 145.00, 217, 405, 1, 8
2026-09-01T16:56:03.1442161+07:00,2026/09/01 16:56:03.191, NVIDIA GeForce RTX 5060, 591.86, P8, 28, 0, 1255, 8151, 9.30, 145.00, 322, 405, 1, 8
2026-09-01T16:56:08.2148449+07:00,2026/09/01 16:56:08.246, NVIDIA GeForce RTX 5060, 591.86, P8, 28, 0, 1215, 8151, 8.70, 145.00, 232, 405, 1, 8
2026-09-01T16:56:13.2612763+07:00,2026/09/01 16:56:13.292, NVIDIA GeForce RTX 5060, 591.86, P8, 28, 0, 1202, 8151, 8.56, 145.00, 247, 405, 1, 8
2026-09-01T16:56:18.3080282+07:00,2026/09/01 16:56:18.338, NVIDIA GeForce RTX 5060, 591.86, P8, 28, 0, 1204, 8151, 8.55, 145.00, 247, 405, 1, 8
2026-09-01T16:56:23.3525365+07:00,2026/09/01 16:56:23.383, NVIDIA GeForce RTX 5060, 591.86, P8, 28, 0, 1199, 8151, 8.53, 145.00, 232, 405, 1, 8
2026-09-01T16:56:28.4768031+07:00,2026/09/01 16:56:28.507, NVIDIA GeForce RTX 5060, 591.86, P8, 28, 0, 1195, 8151, 8.30, 145.00, 217, 405, 1, 8
2026-09-01T16:56:33.5193215+07:00,2026/09/01 16:56:33.550, NVIDIA GeForce RTX 5060, 591.86, P8, 28, 0, 1187, 8151, 8.42, 145.00, 210, 405, 1, 8
2026-09-01T16:56:38.5683656+07:00,2026/09/01 16:56:38.676, NVIDIA GeForce RTX 5060, 591.86, P8, 27, 0, 1197, 8151, 8.47, 145.00, 217, 405, 1, 8
2026-09-01T16:56:43.7346981+07:00,2026/09/01 16:56:43.796, NVIDIA GeForce RTX 5060, 591.86, P8, 28, 0, 1197, 8151, 8.55, 145.00, 232, 405, 1, 8
2026-09-01T16:56:48.8090137+07:00,2026/09/01 16:56:48.901, NVIDIA GeForce RTX 5060, 591.86, P8, 28, 0, 1198, 8151, 8.73, 145.00, 300, 405, 1, 8
2026-09-01T16:56:53.9327958+07:00,2026/09/01 16:56:54.009, NVIDIA GeForce RTX 5060, 591.86, P8, 28, 0, 1198, 8151, 8.43, 145.00, 217, 405, 1, 8
2026-09-01T16:56:59.1050939+07:00,2026/09/01 16:56:59.182, NVIDIA GeForce RTX 5060, 591.86, P8, 28, 0, 1195, 8151, 8.62, 145.00, 232, 405, 1, 8
2026-09-01T16:57:04.2157415+07:00,2026/09/01 16:57:04.277, NVIDIA GeForce RTX 5060, 591.86, P8, 28, 0, 1190, 8151, 8.43, 145.00, 232, 405, 1, 8
2026-09-01T16:57:09.3117539+07:00,2026/09/01 16:57:09.404, NVIDIA GeForce RTX 5060, 591.86, P8, 28, 0, 1197, 8151, 8.65, 145.00, 262, 405, 1, 8
2026-09-01T16:57:14.4394530+07:00,2026/09/01 16:57:14.902, NVIDIA GeForce RTX 5060, 591.86, P8, 28, 0, 1197, 8151, 8.78, 145.00, 232, 405, 1, 8
2026-09-01T16:57:19.9927263+07:00,2026/09/01 16:57:20.193, NVIDIA GeForce RTX 5060, 591.86, P8, 28, 0, 1248, 8151, 8.71, 145.00, 285, 405, 1, 8
2026-09-01T16:57:25.2148094+07:00,2026/09/01 16:57:25.385, NVIDIA GeForce RTX 5060, 591.86, P8, 28, 1, 1249, 8151, 9.73, 145.00, 255, 405, 1, 8
2026-09-01T16:57:30.5039401+07:00,2026/09/01 16:57:31.029, NVIDIA GeForce RTX 5060, 591.86, P8, 28, 2, 1210, 8151, 9.04, 145.00, 555, 405, 1, 8
2026-09-01T16:57:36.0698032+07:00,2026/09/01 16:57:36.517, NVIDIA GeForce RTX 5060, 591.86, P8, 28, 0, 1200, 8151, 8.90, 145.00, 307, 405, 1, 8
2026-09-01T16:57:41.6504531+07:00,2026/09/01 16:57:42.112, NVIDIA GeForce RTX 5060, 591.86, P8, 28, 0, 1200, 8151, 8.89, 145.00, 277, 405, 1, 8
2026-09-01T16:57:47.1473649+07:00,2026/09/01 16:57:47.686, NVIDIA GeForce RTX 5060, 591.86, P8, 28, 1, 1201, 8151, 9.56, 145.00, 420, 405, 1, 8
2026-09-01T16:57:52.7688512+07:00,2026/09/01 16:57:53.030, NVIDIA GeForce RTX 5060, 591.86, P8, 28, 2, 1211, 8151, 11.01, 145.00, 487, 405, 1, 8
2026-09-01T16:57:58.1610364+07:00,2026/09/01 16:57:58.576, NVIDIA GeForce RTX 5060, 591.86, P8, 28, 0, 1214, 8151, 9.12, 145.00, 337, 405, 1, 8
2026-09-01T16:58:03.7320568+07:00,2026/09/01 16:58:04.149, NVIDIA GeForce RTX 5060, 591.86, P8, 28, 0, 1214, 8151, 9.58, 145.00, 232, 405, 1, 8
2026-09-01T16:58:09.2340371+07:00,2026/09/01 16:58:09.680, NVIDIA GeForce RTX 5060, 591.86, P8, 28, 0, 1185, 8151, 9.70, 145.00, 502, 405, 1, 8
2026-09-01T16:58:14.7847586+07:00,2026/09/01 16:58:15.108, NVIDIA GeForce RTX 5060, 591.86, P8, 28, 0, 1185, 8151, 9.31, 145.00, 300, 405, 1, 8
2026-09-01T16:58:20.2211260+07:00,2026/09/01 16:58:20.712, NVIDIA GeForce RTX 5060, 591.86, P8, 28, 1, 1188, 8151, 9.91, 145.00, 525, 405, 1, 8
2026-09-01T16:58:25.8409521+07:00,2026/09/01 16:58:26.317, NVIDIA GeForce RTX 5060, 591.86, P8, 28, 1, 1191, 8151, 9.11, 145.00, 277, 405, 1, 8
2026-09-01T16:58:31.4270334+07:00,2026/09/01 16:58:31.890, NVIDIA GeForce RTX 5060, 591.86, P8, 28, 0, 1192, 8151, 8.65, 145.00, 225, 405, 1, 8
2026-09-01T16:58:37.0478267+07:00,2026/09/01 16:58:37.710, NVIDIA GeForce RTX 5060, 591.86, P8, 28, 0, 1192, 8151, 9.24, 145.00, 210, 405, 1, 8
2026-09-01T16:58:42.8543867+07:00,2026/09/01 16:58:43.269, NVIDIA GeForce RTX 5060, 591.86, P8, 28, 0, 1192, 8151, 8.41, 145.00, 210, 405, 1, 8
2026-09-01T16:58:48.3834873+07:00,2026/09/01 16:58:48.875, NVIDIA GeForce RTX 5060, 591.86, P8, 28, 0, 1190, 8151, 9.36, 145.00, 210, 405, 1, 8
2026-09-01T16:58:53.9876201+07:00,2026/09/01 16:58:54.264, NVIDIA GeForce RTX 5060, 591.86, P8, 28, 0, 1188, 8151, 9.16, 145.00, 210, 405, 1, 8
2026-09-01T16:58:59.3327349+07:00,2026/09/01 16:58:59.795, NVIDIA GeForce RTX 5060, 591.86, P8, 28, 1, 1189, 8151, 8.72, 145.00, 232, 405, 1, 8
2026-09-01T16:59:04.9248019+07:00,2026/09/01 16:59:05.309, NVIDIA GeForce RTX 5060, 591.86, P8, 28, 0, 1189, 8151, 8.28, 145.00, 210, 405, 1, 8
2026-09-01T16:59:10.4745169+07:00,2026/09/01 16:59:10.581, NVIDIA GeForce RTX 5060, 591.86, P8, 28, 0, 1190, 8151, 8.27, 145.00, 210, 405, 1, 8
2026-09-01T16:59:15.6341840+07:00,2026/09/01 16:59:15.696, NVIDIA GeForce RTX 5060, 591.86, P8, 28, 0, 1190, 8151, 8.02, 145.00, 210, 405, 1, 8
2026-09-01T16:59:20.7302478+07:00,2026/09/01 16:59:20.792, NVIDIA GeForce RTX 5060, 591.86, P8, 28, 0, 1190, 8151, 8.19, 145.00, 210, 405, 1, 8
2026-09-01T16:59:25.8095256+07:00,2026/09/01 16:59:25.887, NVIDIA GeForce RTX 5060, 591.86, P8, 28, 0, 1190, 8151, 8.14, 145.00, 210, 405, 1, 8
2026-09-01T16:59:30.9177055+07:00,2026/09/01 16:59:31.041, NVIDIA GeForce RTX 5060, 591.86, P8, 28, 0, 1190, 8151, 8.20, 145.00, 210, 405, 1, 8
2026-09-01T16:59:36.0683392+07:00,2026/09/01 16:59:36.129, NVIDIA GeForce RTX 5060, 591.86, P8, 28, 0, 1190, 8151, 8.17, 145.00, 210, 405, 1, 8
2026-09-01T16:59:41.2259320+07:00,2026/09/01 16:59:41.271, NVIDIA GeForce RTX 5060, 591.86, P8, 28, 0, 1190, 8151, 8.10, 145.00, 210, 405, 1, 8
2026-09-01T16:59:46.2989217+07:00,2026/09/01 16:59:46.376, NVIDIA GeForce RTX 5060, 591.86, P8, 28, 0, 1190, 8151, 8.09, 145.00, 210, 405, 1, 8
2026-09-01T16:59:51.3933574+07:00,2026/09/01 16:59:51.470, NVIDIA GeForce RTX 5060, 591.86, P8, 28, 0, 1190, 8151, 8.49, 145.00, 210, 405, 1, 8
2026-09-01T16:59:56.4898168+07:00,2026/09/01 16:59:56.551, NVIDIA GeForce RTX 5060, 591.86, P8, 28, 1, 1190, 8151, 9.18, 145.00, 360, 405, 1, 8
2026-09-01T17:00:01.5705287+07:00,2026/09/01 17:00:01.663, NVIDIA GeForce RTX 5060, 591.86, P8, 28, 0, 1187, 8151, 8.44, 145.00, 202, 405, 1, 8
2026-09-01T17:00:06.6792676+07:00,2026/09/01 17:00:06.787, NVIDIA GeForce RTX 5060, 591.86, P8, 28, 0, 1187, 8151, 8.62, 145.00, 210, 405, 1, 8
2026-09-01T17:00:11.8673044+07:00,2026/09/01 17:00:11.913, NVIDIA GeForce RTX 5060, 591.86, P8, 28, 1, 1187, 8151, 8.18, 145.00, 210, 405, 1, 8
2026-09-01T17:00:16.9452319+07:00,2026/09/01 17:00:17.038, NVIDIA GeForce RTX 5060, 591.86, P8, 28, 0, 1188, 8151, 8.62, 145.00, 210, 405, 1, 8
2026-09-01T17:00:22.0687884+07:00,2026/09/01 17:00:22.130, NVIDIA GeForce RTX 5060, 591.86, P8, 28, 1, 1187, 8151, 9.17, 145.00, 262, 405, 1, 8
2026-09-01T17:00:27.1539198+07:00,2026/09/01 17:00:27.231, NVIDIA GeForce RTX 5060, 591.86, P8, 28, 1, 1204, 8151, 8.83, 145.00, 375, 405, 1, 8
2026-09-01T17:00:32.2455992+07:00,2026/09/01 17:00:32.276, NVIDIA GeForce RTX 5060, 591.86, P5, 28, 0, 1205, 8151, 18.84, 145.00, 502, 810, 2, 8
2026-09-01T17:00:37.3038820+07:00,2026/09/01 17:00:37.381, NVIDIA GeForce RTX 5060, 591.86, P5, 29, 12, 1218, 8151, 13.74, 145.00, 832, 810, 2, 8
2026-09-01T17:02:13.2273571+07:00,2026/09/01 17:02:13.305, NVIDIA GeForce RTX 5060, 591.86, P0, 30, 0, 236, 8151, 22.13, 145.00, 2520, 14201, 4, 8
2026-09-01T17:02:19.2586053+07:00,2026/09/01 17:02:19.289, NVIDIA GeForce RTX 5060, 591.86, P5, 29, 0, 241, 8151, 9.88, 145.00, 435, 810, 2, 8
2026-09-01T17:02:24.3039229+07:00,2026/09/01 17:02:24.334, NVIDIA GeForce RTX 5060, 591.86, P0, 30, 0, 262, 8151, 22.67, 145.00, 2520, 14201, 4, 8
2026-09-01T17:02:29.3414223+07:00,2026/09/01 17:02:29.372, NVIDIA GeForce RTX 5060, 591.86, P5, 29, 0, 265, 8151, 9.80, 145.00, 352, 810, 2, 8
2026-09-01T17:02:34.3891397+07:00,2026/09/01 17:02:34.420, NVIDIA GeForce RTX 5060, 591.86, P8, 29, 0, 265, 8151, 8.56, 145.00, 210, 405, 1, 8
2026-09-01T17:02:39.4346800+07:00,2026/09/01 17:02:39.480, NVIDIA GeForce RTX 5060, 591.86, P8, 28, 0, 265, 8151, 8.80, 145.00, 210, 405, 1, 8
2026-09-01T17:02:44.5155521+07:00,2026/09/01 17:02:44.546, NVIDIA GeForce RTX 5060, 591.86, P8, 28, 0, 265, 8151, 7.99, 145.00, 210, 405, 1, 8
2026-09-01T17:02:49.5971110+07:00,2026/09/01 17:02:49.628, NVIDIA GeForce RTX 5060, 591.86, P8, 29, 0, 276, 8151, 11.33, 145.00, 1132, 405, 1, 8
2026-09-01T17:02:54.6466753+07:00,2026/09/01 17:02:54.677, NVIDIA GeForce RTX 5060, 591.86, P5, 29, 0, 329, 8151, 15.61, 145.00, 705, 810, 2, 8
2026-09-01T17:02:59.6976300+07:00,2026/09/01 17:02:59.728, NVIDIA GeForce RTX 5060, 591.86, P8, 29, 0, 328, 8151, 9.01, 145.00, 352, 405, 1, 8
2026-09-01T17:03:04.7511293+07:00,2026/09/01 17:03:04.781, NVIDIA GeForce RTX 5060, 591.86, P5, 29, 1, 456, 8151, 16.43, 145.00, 652, 810, 2, 8
2026-09-01T17:03:09.8195471+07:00,2026/09/01 17:03:09.850, NVIDIA GeForce RTX 5060, 591.86, P0, 30, 0, 409, 8151, 14.44, 145.00, 2347, 14201, 4, 8
2026-09-01T17:03:14.8685126+07:00,2026/09/01 17:03:14.899, NVIDIA GeForce RTX 5060, 591.86, P8, 29, 3, 533, 8151, 11.13, 145.00, 615, 405, 1, 8
2026-09-01T17:03:19.9815226+07:00,2026/09/01 17:03:20.028, NVIDIA GeForce RTX 5060, 591.86, P5, 29, 0, 559, 8151, 11.08, 145.00, 330, 810, 2, 8
2026-09-01T17:03:25.0366951+07:00,2026/09/01 17:03:25.067, NVIDIA GeForce RTX 5060, 591.86, P8, 29, 1, 544, 8151, 9.08, 145.00, 262, 405, 1, 8
2026-09-01T17:03:30.0765099+07:00,2026/09/01 17:03:30.107, NVIDIA GeForce RTX 5060, 591.86, P8, 29, 0, 547, 8151, 9.18, 145.00, 337, 405, 1, 8
2026-09-01T17:03:35.1162304+07:00,2026/09/01 17:03:35.146, NVIDIA GeForce RTX 5060, 591.86, P8, 29, 0, 544, 8151, 8.62, 145.00, 232, 405, 1, 8
2026-09-01T17:03:40.1646353+07:00,2026/09/01 17:03:40.195, NVIDIA GeForce RTX 5060, 591.86, P8, 29, 0, 544, 8151, 8.79, 145.00, 247, 405, 1, 8
2026-09-01T17:03:45.2015745+07:00,2026/09/01 17:03:45.247, NVIDIA GeForce RTX 5060, 591.86, P8, 29, 0, 541, 8151, 8.69, 145.00, 240, 405, 1, 8
2026-09-01T17:03:50.3324539+07:00,2026/09/01 17:03:50.363, NVIDIA GeForce RTX 5060, 591.86, P8, 29, 0, 539, 8151, 8.82, 145.00, 232, 405, 1, 8
2026-09-01T17:03:55.3802060+07:00,2026/09/01 17:03:55.411, NVIDIA GeForce RTX 5060, 591.86, P8, 29, 0, 541, 8151, 9.18, 145.00, 300, 405, 1, 8
2026-09-01T17:04:00.4286306+07:00,2026/09/01 17:04:00.459, NVIDIA GeForce RTX 5060, 591.86, P8, 28, 0, 542, 8151, 8.44, 145.00, 210, 405, 1, 8
2026-09-01T17:04:05.4797762+07:00,2026/09/01 17:04:05.509, NVIDIA GeForce RTX 5060, 591.86, P0, 30, 0, 558, 8151, 22.22, 145.00, 2527, 14201, 4, 8
2026-09-01T17:04:10.5273473+07:00,2026/09/01 17:04:10.589, NVIDIA GeForce RTX 5060, 591.86, P0, 30, 0, 555, 8151, 22.19, 145.00, 2527, 14201, 4, 8
2026-09-01T17:04:15.6084202+07:00,2026/09/01 17:04:15.654, NVIDIA GeForce RTX 5060, 591.86, P8, 29, 0, 556, 8151, 8.73, 145.00, 240, 405, 1, 8
2026-09-01T17:04:20.7651042+07:00,2026/09/01 17:04:20.796, NVIDIA GeForce RTX 5060, 591.86, P0, 30, 0, 555, 8151, 12.22, 145.00, 2527, 14201, 4, 8
2026-09-01T17:04:25.8171918+07:00,2026/09/01 17:04:25.848, NVIDIA GeForce RTX 5060, 591.86, P5, 29, 0, 556, 8151, 14.66, 145.00, 412, 810, 2, 8
2026-09-01T17:04:30.8648334+07:00,2026/09/01 17:04:30.895, NVIDIA GeForce RTX 5060, 591.86, P8, 29, 0, 554, 8151, 8.80, 145.00, 247, 405, 1, 8
2026-09-01T17:04:35.9162655+07:00,2026/09/01 17:04:35.947, NVIDIA GeForce RTX 5060, 591.86, P8, 29, 0, 554, 8151, 8.78, 145.00, 210, 405, 1, 8
2026-09-01T17:04:40.9665153+07:00,2026/09/01 17:04:40.997, NVIDIA GeForce RTX 5060, 591.86, P8, 29, 1, 550, 8151, 9.08, 145.00, 270, 405, 1, 8
2026-09-01T17:04:46.0125426+07:00,2026/09/01 17:04:46.074, NVIDIA GeForce RTX 5060, 591.86, P8, 29, 0, 549, 8151, 8.76, 145.00, 210, 405, 1, 8
2026-09-01T17:04:51.2171330+07:00,2026/09/01 17:04:51.248, NVIDIA GeForce RTX 5060, 591.86, P8, 29, 0, 550, 8151, 8.76, 145.00, 240, 405, 1, 8
2026-09-01T17:04:56.2631995+07:00,2026/09/01 17:04:56.309, NVIDIA GeForce RTX 5060, 591.86, P8, 28, 0, 550, 8151, 8.77, 145.00, 210, 405, 1, 8
2026-09-01T17:05:01.3260848+07:00,2026/09/01 17:05:01.356, NVIDIA GeForce RTX 5060, 591.86, P0, 29, 12, 549, 8151, 9.27, 145.00, 1335, 14201, 4, 8
2026-09-01T17:05:06.3733122+07:00,2026/09/01 17:05:06.404, NVIDIA GeForce RTX 5060, 591.86, P8, 29, 0, 549, 8151, 9.11, 145.00, 240, 405, 1, 8
2026-09-01T17:05:11.4208728+07:00,2026/09/01 17:05:11.451, NVIDIA GeForce RTX 5060, 591.86, P8, 28, 0, 549, 8151, 8.63, 145.00, 210, 405, 1, 8
2026-09-01T17:05:16.4825717+07:00,2026/09/01 17:05:16.513, NVIDIA GeForce RTX 5060, 591.86, P8, 29, 1, 549, 8151, 8.63, 145.00, 232, 405, 1, 8
2026-09-01T17:05:21.6062521+07:00,2026/09/01 17:05:21.637, NVIDIA GeForce RTX 5060, 591.86, P8, 28, 0, 558, 8151, 8.78, 145.00, 277, 405, 1, 8
2026-09-01T17:05:26.6547638+07:00,2026/09/01 17:05:26.685, NVIDIA GeForce RTX 5060, 591.86, P8, 28, 0, 559, 8151, 8.64, 145.00, 240, 405, 1, 8
2026-09-01T17:05:31.7030822+07:00,2026/09/01 17:05:31.749, NVIDIA GeForce RTX 5060, 591.86, P8, 28, 0, 546, 8151, 8.68, 145.00, 240, 405, 1, 8
2026-09-01T17:05:36.7679256+07:00,2026/09/01 17:05:36.799, NVIDIA GeForce RTX 5060, 591.86, P8, 28, 0, 546, 8151, 8.63, 145.00, 210, 405, 1, 8
2026-09-01T17:05:41.8170586+07:00,2026/09/01 17:05:41.848, NVIDIA GeForce RTX 5060, 591.86, P8, 28, 0, 546, 8151, 8.69, 145.00, 240, 405, 1, 8
2026-09-01T17:05:46.8658297+07:00,2026/09/01 17:05:46.911, NVIDIA GeForce RTX 5060, 591.86, P8, 28, 0, 546, 8151, 8.73, 145.00, 240, 405, 1, 8
2026-09-01T17:05:52.0039696+07:00,2026/09/01 17:05:52.050, NVIDIA GeForce RTX 5060, 591.86, P8, 28, 0, 546, 8151, 8.73, 145.00, 232, 405, 1, 8
2026-09-01T17:05:57.0821944+07:00,2026/09/01 17:05:57.128, NVIDIA GeForce RTX 5060, 591.86, P8, 28, 0, 546, 8151, 8.55, 145.00, 210, 405, 1, 8
2026-09-01T17:06:02.1447257+07:00,2026/09/01 17:06:02.175, NVIDIA GeForce RTX 5060, 591.86, P8, 28, 1, 551, 8151, 8.82, 145.00, 210, 405, 1, 8
2026-09-01T17:06:07.1905553+07:00,2026/09/01 17:06:07.221, NVIDIA GeForce RTX 5060, 591.86, P8, 28, 1, 551, 8151, 8.66, 145.00, 240, 405, 1, 8
2026-09-01T17:06:12.2374902+07:00,2026/09/01 17:06:12.268, NVIDIA GeForce RTX 5060, 591.86, P8, 28, 1, 554, 8151, 9.22, 145.00, 352, 405, 1, 8
2026-09-01T17:06:17.2862406+07:00,2026/09/01 17:06:17.317, NVIDIA GeForce RTX 5060, 591.86, P8, 28, 0, 554, 8151, 9.07, 145.00, 300, 405, 1, 8
2026-09-01T17:06:22.4440371+07:00,2026/09/01 17:06:22.490, NVIDIA GeForce RTX 5060, 591.86, P0, 30, 0, 552, 8151, 21.82, 145.00, 2520, 14201, 4, 8
2026-09-01T17:06:27.5100363+07:00,2026/09/01 17:06:27.541, NVIDIA GeForce RTX 5060, 591.86, P8, 28, 0, 552, 8151, 8.79, 145.00, 277, 405, 1, 8
2026-09-01T17:06:32.5575270+07:00,2026/09/01 17:06:32.604, NVIDIA GeForce RTX 5060, 591.86, P8, 28, 0, 552, 8151, 8.87, 145.00, 255, 405, 1, 8
2026-09-01T17:06:37.6351586+07:00,2026/09/01 17:06:37.666, NVIDIA GeForce RTX 5060, 591.86, P8, 28, 0, 552, 8151, 8.99, 145.00, 277, 405, 1, 8
2026-09-01T17:06:42.6831422+07:00,2026/09/01 17:06:42.714, NVIDIA GeForce RTX 5060, 591.86, P8, 28, 0, 553, 8151, 8.83, 145.00, 262, 405, 1, 8
2026-09-01T17:06:47.7457125+07:00,2026/09/01 17:06:47.776, NVIDIA GeForce RTX 5060, 591.86, P8, 28, 1, 553, 8151, 9.03, 145.00, 292, 405, 1, 8
2026-09-01T17:06:52.8706116+07:00,2026/09/01 17:06:52.901, NVIDIA GeForce RTX 5060, 591.86, P8, 28, 1, 552, 8151, 8.92, 145.00, 307, 405, 1, 8
2026-09-01T17:06:57.9204024+07:00,2026/09/01 17:06:57.951, NVIDIA GeForce RTX 5060, 591.86, P8, 28, 2, 552, 8151, 8.85, 145.00, 300, 405, 1, 8
2026-09-01T17:07:02.9746658+07:00,2026/09/01 17:07:03.005, NVIDIA GeForce RTX 5060, 591.86, P8, 28, 0, 553, 8151, 9.01, 145.00, 292, 405, 1, 8
2026-09-01T17:07:08.0210539+07:00,2026/09/01 17:07:08.051, NVIDIA GeForce RTX 5060, 591.86, P8, 28, 0, 552, 8151, 9.10, 145.00, 300, 405, 1, 8
2026-09-01T17:07:13.0827265+07:00,2026/09/01 17:07:13.113, NVIDIA GeForce RTX 5060, 591.86, P8, 28, 0, 551, 8151, 9.03, 145.00, 300, 405, 1, 8
2026-09-01T17:07:18.1310785+07:00,2026/09/01 17:07:18.162, NVIDIA GeForce RTX 5060, 591.86, P8, 28, 0, 551, 8151, 8.80, 145.00, 232, 405, 1, 8
2026-09-01T17:07:23.2544668+07:00,2026/09/01 17:07:23.285, NVIDIA GeForce RTX 5060, 591.86, P8, 28, 1, 553, 8151, 8.75, 145.00, 300, 405, 1, 8
2026-09-01T17:07:28.3046503+07:00,2026/09/01 17:07:28.335, NVIDIA GeForce RTX 5060, 591.86, P8, 28, 1, 553, 8151, 8.99, 145.00, 300, 405, 1, 8
2026-09-01T17:07:33.3535537+07:00,2026/09/01 17:07:33.384, NVIDIA GeForce RTX 5060, 591.86, P8, 28, 2, 553, 8151, 8.87, 145.00, 322, 405, 1, 8
2026-09-01T17:07:38.4035275+07:00,2026/09/01 17:07:38.434, NVIDIA GeForce RTX 5060, 591.86, P8, 28, 1, 553, 8151, 9.95, 145.00, 450, 405, 1, 8
2026-09-01T17:07:43.4522421+07:00,2026/09/01 17:07:43.483, NVIDIA GeForce RTX 5060, 591.86, P8, 28, 0, 553, 8151, 8.56, 145.00, 210, 405, 1, 8
2026-09-01T17:07:48.5146148+07:00,2026/09/01 17:07:48.561, NVIDIA GeForce RTX 5060, 591.86, P8, 28, 0, 554, 8151, 9.00, 145.00, 307, 405, 1, 8
2026-09-01T17:07:53.6697477+07:00,2026/09/01 17:07:53.715, NVIDIA GeForce RTX 5060, 591.86, P8, 28, 0, 552, 8151, 9.14, 145.00, 322, 405, 1, 8
2026-09-01T17:07:58.7331746+07:00,2026/09/01 17:07:58.764, NVIDIA GeForce RTX 5060, 591.86, P8, 28, 1, 551, 8151, 8.86, 145.00, 292, 405, 1, 8
2026-09-01T17:08:03.7954134+07:00,2026/09/01 17:08:03.826, NVIDIA GeForce RTX 5060, 591.86, P8, 28, 2, 551, 8151, 8.80, 145.00, 322, 405, 1, 8
2026-09-01T17:08:08.8550651+07:00,2026/09/01 17:08:08.901, NVIDIA GeForce RTX 5060, 591.86, P8, 28, 2, 552, 8151, 8.82, 145.00, 270, 405, 1, 8
2026-09-01T17:08:13.9199418+07:00,2026/09/01 17:08:13.950, NVIDIA GeForce RTX 5060, 591.86, P8, 28, 0, 552, 8151, 8.58, 145.00, 315, 405, 1, 8
2026-09-01T17:08:18.9826735+07:00,2026/09/01 17:08:19.013, NVIDIA GeForce RTX 5060, 591.86, P8, 28, 0, 551, 8151, 8.66, 145.00, 262, 405, 1, 8
2026-09-01T17:08:24.1088625+07:00,2026/09/01 17:08:24.155, NVIDIA GeForce RTX 5060, 591.86, P8, 28, 0, 552, 8151, 8.70, 145.00, 307, 405, 1, 8
2026-09-01T17:08:29.1722479+07:00,2026/09/01 17:08:29.203, NVIDIA GeForce RTX 5060, 591.86, P8, 28, 1, 552, 8151, 8.78, 145.00, 285, 405, 1, 8
2026-09-01T17:08:34.2203404+07:00,2026/09/01 17:08:34.282, NVIDIA GeForce RTX 5060, 591.86, P8, 28, 2, 553, 8151, 8.82, 145.00, 322, 405, 1, 8
2026-09-01T17:08:39.3111960+07:00,2026/09/01 17:08:39.342, NVIDIA GeForce RTX 5060, 591.86, P8, 28, 1, 552, 8151, 8.62, 145.00, 307, 405, 1, 8
2026-09-01T17:08:44.3742460+07:00,2026/09/01 17:08:44.420, NVIDIA GeForce RTX 5060, 591.86, P8, 28, 0, 552, 8151, 8.72, 145.00, 330, 405, 1, 8
2026-09-01T17:08:49.4389726+07:00,2026/09/01 17:08:49.482, NVIDIA GeForce RTX 5060, 591.86, P8, 28, 2, 552, 8151, 8.58, 145.00, 337, 405, 1, 8
2026-09-01T17:08:54.5759570+07:00,2026/09/01 17:08:54.606, NVIDIA GeForce RTX 5060, 591.86, P8, 28, 0, 552, 8151, 8.73, 145.00, 270, 405, 1, 8
2026-09-01T17:08:59.6240922+07:00,2026/09/01 17:08:59.655, NVIDIA GeForce RTX 5060, 591.86, P8, 28, 0, 552, 8151, 8.76, 145.00, 322, 405, 1, 8
2026-09-01T17:09:04.6724309+07:00,2026/09/01 17:09:04.703, NVIDIA GeForce RTX 5060, 591.86, P8, 28, 1, 553, 8151, 9.07, 145.00, 345, 405, 1, 8
2026-09-01T17:09:09.7199722+07:00,2026/09/01 17:09:09.750, NVIDIA GeForce RTX 5060, 591.86, P8, 28, 2, 553, 8151, 8.78, 145.00, 292, 405, 1, 8
2026-09-01T17:09:14.7682961+07:00,2026/09/01 17:09:14.799, NVIDIA GeForce RTX 5060, 591.86, P8, 28, 0, 553, 8151, 8.71, 145.00, 330, 405, 1, 8
2026-09-01T17:09:19.8156278+07:00,2026/09/01 17:09:19.846, NVIDIA GeForce RTX 5060, 591.86, P8, 28, 1, 553, 8151, 8.60, 145.00, 337, 405, 1, 8
2026-09-01T17:09:24.9227434+07:00,2026/09/01 17:09:24.969, NVIDIA GeForce RTX 5060, 591.86, P8, 28, 2, 553, 8151, 8.61, 145.00, 315, 405, 1, 8
2026-09-01T17:09:29.9875646+07:00,2026/09/01 17:09:30.018, NVIDIA GeForce RTX 5060, 591.86, P8, 28, 1, 553, 8151, 8.93, 145.00, 412, 405, 1, 8
2026-09-01T17:09:35.0497996+07:00,2026/09/01 17:09:35.080, NVIDIA GeForce RTX 5060, 591.86, P8, 28, 1, 553, 8151, 8.87, 145.00, 420, 405, 1, 8
2026-09-01T17:09:40.0978422+07:00,2026/09/01 17:09:40.144, NVIDIA GeForce RTX 5060, 591.86, P8, 28, 2, 553, 8151, 8.82, 145.00, 405, 405, 1, 8
2026-09-01T17:09:45.1644096+07:00,2026/09/01 17:09:45.195, NVIDIA GeForce RTX 5060, 591.86, P8, 28, 1, 554, 8151, 9.06, 145.00, 472, 405, 1, 8
2026-09-01T17:09:50.2132958+07:00,2026/09/01 17:09:50.244, NVIDIA GeForce RTX 5060, 591.86, P8, 28, 1, 554, 8151, 8.75, 145.00, 442, 405, 1, 8
2026-09-01T17:09:55.3393777+07:00,2026/09/01 17:09:55.370, NVIDIA GeForce RTX 5060, 591.86, P8, 28, 2, 552, 8151, 8.98, 145.00, 420, 405, 1, 8
2026-09-01T17:10:00.3886441+07:00,2026/09/01 17:10:00.419, NVIDIA GeForce RTX 5060, 591.86, P8, 28, 2, 551, 8151, 8.77, 145.00, 397, 405, 1, 8
2026-09-01T17:10:05.4379049+07:00,2026/09/01 17:10:05.468, NVIDIA GeForce RTX 5060, 591.86, P8, 28, 1, 553, 8151, 9.10, 145.00, 397, 405, 1, 8
2026-09-01T17:10:10.4881484+07:00,2026/09/01 17:10:10.519, NVIDIA GeForce RTX 5060, 591.86, P8, 28, 1, 552, 8151, 9.25, 145.00, 450, 405, 1, 8
2026-09-01T17:10:15.5368057+07:00,2026/09/01 17:10:15.567, NVIDIA GeForce RTX 5060, 591.86, P8, 28, 0, 553, 8151, 9.09, 145.00, 382, 405, 1, 8
2026-09-01T17:10:20.5883384+07:00,2026/09/01 17:10:20.619, NVIDIA GeForce RTX 5060, 591.86, P8, 28, 2, 552, 8151, 8.66, 145.00, 277, 405, 1, 8
2026-09-01T17:10:25.6984316+07:00,2026/09/01 17:10:25.729, NVIDIA GeForce RTX 5060, 591.86, P8, 28, 0, 545, 8151, 8.61, 145.00, 277, 405, 1, 8
2026-09-01T17:10:30.7614191+07:00,2026/09/01 17:10:30.792, NVIDIA GeForce RTX 5060, 591.86, P8, 28, 1, 545, 8151, 8.55, 145.00, 247, 405, 1, 8
2026-09-01T17:10:35.8222619+07:00,2026/09/01 17:10:35.853, NVIDIA GeForce RTX 5060, 591.86, P8, 28, 0, 545, 8151, 8.33, 145.00, 232, 405, 1, 8
2026-09-01T17:10:40.8759026+07:00,2026/09/01 17:10:40.906, NVIDIA GeForce RTX 5060, 591.86, P8, 28, 0, 545, 8151, 8.32, 145.00, 210, 405, 1, 8
2026-09-01T17:10:45.9359469+07:00,2026/09/01 17:10:45.966, NVIDIA GeForce RTX 5060, 591.86, P8, 28, 0, 545, 8151, 8.30, 145.00, 232, 405, 1, 8
2026-09-01T17:10:50.9845562+07:00,2026/09/01 17:10:51.031, NVIDIA GeForce RTX 5060, 591.86, P8, 28, 1, 545, 8151, 8.58, 145.00, 277, 405, 1, 8
2026-09-01T17:10:56.1245117+07:00,2026/09/01 17:10:56.171, NVIDIA GeForce RTX 5060, 591.86, P8, 28, 0, 545, 8151, 8.49, 145.00, 285, 405, 1, 8
2026-09-01T17:11:01.1989024+07:00,2026/09/01 17:11:01.229, NVIDIA GeForce RTX 5060, 591.86, P8, 28, 2, 545, 8151, 8.50, 145.00, 270, 405, 1, 8
2026-09-01T17:11:06.2596767+07:00,2026/09/01 17:11:06.290, NVIDIA GeForce RTX 5060, 591.86, P8, 28, 3, 545, 8151, 8.52, 145.00, 210, 405, 1, 8
2026-09-01T17:11:11.3073614+07:00,2026/09/01 17:11:11.338, NVIDIA GeForce RTX 5060, 591.86, P8, 28, 1, 545, 8151, 8.43, 145.00, 225, 405, 1, 8
2026-09-01T17:11:16.3634033+07:00,2026/09/01 17:11:16.387, NVIDIA GeForce RTX 5060, 591.86, P8, 28, 0, 545, 8151, 8.22, 145.00, 210, 405, 1, 8
2026-09-01T17:11:21.4078162+07:00,2026/09/01 17:11:21.438, NVIDIA GeForce RTX 5060, 591.86, P8, 28, 0, 545, 8151, 8.19, 145.00, 225, 405, 1, 8
2026-09-01T17:11:26.5168788+07:00,2026/09/01 17:11:26.547, NVIDIA GeForce RTX 5060, 591.86, P8, 28, 2, 550, 8151, 8.83, 145.00, 322, 405, 1, 8
2026-09-01T17:11:31.5777735+07:00,2026/09/01 17:11:31.608, NVIDIA GeForce RTX 5060, 591.86, P8, 28, 2, 550, 8151, 8.30, 145.00, 240, 405, 1, 8
2026-09-01T17:11:36.6243939+07:00,2026/09/01 17:11:36.670, NVIDIA GeForce RTX 5060, 591.86, P8, 28, 1, 550, 8151, 8.41, 145.00, 232, 405, 1, 8
2026-09-01T17:11:41.7018094+07:00,2026/09/01 17:11:41.732, NVIDIA GeForce RTX 5060, 591.86, P8, 28, 2, 550, 8151, 8.37, 145.00, 210, 405, 1, 8
2026-09-01T17:11:46.7481003+07:00,2026/09/01 17:11:46.779, NVIDIA GeForce RTX 5060, 591.86, P8, 28, 0, 550, 8151, 8.32, 145.00, 232, 405, 1, 8
2026-09-01T17:11:51.7959283+07:00,2026/09/01 17:11:51.826, NVIDIA GeForce RTX 5060, 591.86, P8, 28, 0, 550, 8151, 8.24, 145.00, 210, 405, 1, 8
2026-09-01T17:11:56.9217584+07:00,2026/09/01 17:11:56.952, NVIDIA GeForce RTX 5060, 591.86, P8, 28, 0, 550, 8151, 8.38, 145.00, 225, 405, 1, 8
2026-09-01T17:12:01.9805755+07:00,2026/09/01 17:12:02.011, NVIDIA GeForce RTX 5060, 591.86, P8, 28, 0, 550, 8151, 8.35, 145.00, 210, 405, 1, 8
2026-09-01T17:12:07.0240745+07:00,2026/09/01 17:12:07.054, NVIDIA GeForce RTX 5060, 591.86, P8, 28, 2, 550, 8151, 8.40, 145.00, 210, 405, 1, 8
2026-09-01T17:12:12.0654108+07:00,2026/09/01 17:12:12.095, NVIDIA GeForce RTX 5060, 591.86, P8, 28, 1, 551, 8151, 8.56, 145.00, 232, 405, 1, 8
2026-09-01T17:12:17.1219801+07:00,2026/09/01 17:12:17.152, NVIDIA GeForce RTX 5060, 591.86, P8, 28, 0, 550, 8151, 8.71, 145.00, 210, 405, 1, 8
2026-09-01T17:12:22.1631331+07:00,2026/09/01 17:12:22.194, NVIDIA GeForce RTX 5060, 591.86, P8, 28, 0, 550, 8151, 8.37, 145.00, 232, 405, 1, 8
2026-09-01T17:12:27.3001374+07:00,2026/09/01 17:12:27.331, NVIDIA GeForce RTX 5060, 591.86, P8, 28, 0, 550, 8151, 8.42, 145.00, 210, 405, 1, 8
2026-09-01T17:12:32.3483940+07:00,2026/09/01 17:12:32.656, NVIDIA GeForce RTX 5060, 591.86, P8, 28, 1, 550, 8151, 8.46, 145.00, 277, 405, 1, 8
2026-09-01T17:12:37.7536404+07:00,2026/09/01 17:12:38.045, NVIDIA GeForce RTX 5060, 591.86, P8, 28, 0, 550, 8151, 8.61, 145.00, 277, 405, 1, 8
2026-09-01T17:12:43.0694239+07:00,2026/09/01 17:12:43.378, NVIDIA GeForce RTX 5060, 591.86, P8, 28, 1, 550, 8151, 8.71, 145.00, 247, 405, 1, 8
2026-09-01T17:12:48.4712295+07:00,2026/09/01 17:12:48.858, NVIDIA GeForce RTX 5060, 591.86, P8, 28, 0, 550, 8151, 8.71, 145.00, 240, 405, 1, 8
2026-09-01T17:12:53.9864015+07:00,2026/09/01 17:12:54.295, NVIDIA GeForce RTX 5060, 591.86, P8, 28, 0, 550, 8151, 8.60, 145.00, 210, 405, 1, 8
2026-09-01T17:12:59.5364497+07:00,2026/09/01 17:12:59.567, NVIDIA GeForce RTX 5060, 591.86, P8, 28, 0, 551, 8151, 8.57, 145.00, 210, 405, 1, 8
2026-09-01T17:13:04.5860674+07:00,2026/09/01 17:13:04.617, NVIDIA GeForce RTX 5060, 591.86, P8, 28, 0, 550, 8151, 8.56, 145.00, 232, 405, 1, 8
2026-09-01T17:13:09.6385619+07:00,2026/09/01 17:13:09.669, NVIDIA GeForce RTX 5060, 591.86, P8, 28, 1, 550, 8151, 8.61, 145.00, 210, 405, 1, 8
2026-09-01T17:13:14.6778526+07:00,2026/09/01 17:13:14.708, NVIDIA GeForce RTX 5060, 591.86, P8, 28, 0, 550, 8151, 8.55, 145.00, 232, 405, 1, 8
2026-09-01T17:13:19.7157334+07:00,2026/09/01 17:13:19.746, NVIDIA GeForce RTX 5060, 591.86, P8, 28, 0, 551, 8151, 8.63, 145.00, 210, 405, 1, 8
2026-09-01T17:13:24.7624674+07:00,2026/09/01 17:13:24.793, NVIDIA GeForce RTX 5060, 591.86, P8, 28, 0, 551, 8151, 8.74, 145.00, 232, 405, 1, 8
2026-09-01T17:13:29.9101606+07:00,2026/09/01 17:13:29.941, NVIDIA GeForce RTX 5060, 591.86, P8, 28, 0, 551, 8151, 8.82, 145.00, 210, 405, 1, 8
2026-09-01T17:13:34.9595724+07:00,2026/09/01 17:13:34.990, NVIDIA GeForce RTX 5060, 591.86, P8, 28, 0, 551, 8151, 8.63, 145.00, 210, 405, 1, 8
2026-09-01T17:13:39.9978957+07:00,2026/09/01 17:13:40.028, NVIDIA GeForce RTX 5060, 591.86, P8, 28, 0, 551, 8151, 8.66, 145.00, 240, 405, 1, 8
2026-09-01T17:13:45.0390341+07:00,2026/09/01 17:13:45.070, NVIDIA GeForce RTX 5060, 591.86, P8, 28, 1, 550, 8151, 8.60, 145.00, 210, 405, 1, 8
2026-09-01T17:13:50.0900239+07:00,2026/09/01 17:13:50.121, NVIDIA GeForce RTX 5060, 591.86, P8, 28, 0, 550, 8151, 8.53, 145.00, 232, 405, 1, 8
2026-09-01T17:13:55.1306545+07:00,2026/09/01 17:13:55.160, NVIDIA GeForce RTX 5060, 591.86, P8, 28, 0, 550, 8151, 8.56, 145.00, 210, 405, 1, 8
2026-09-01T17:14:00.2349406+07:00,2026/09/01 17:14:00.358, NVIDIA GeForce RTX 5060, 591.86, P8, 28, 1, 561, 8151, 9.68, 145.00, 465, 405, 1, 8
2026-09-01T17:14:05.3776377+07:00,2026/09/01 17:14:05.470, NVIDIA GeForce RTX 5060, 591.86, P8, 28, 0, 561, 8151, 8.62, 145.00, 210, 405, 1, 8
2026-09-01T17:14:10.4870246+07:00,2026/09/01 17:14:10.533, NVIDIA GeForce RTX 5060, 591.86, P8, 28, 0, 549, 8151, 8.56, 145.00, 210, 405, 1, 8
2026-09-01T17:14:15.5500086+07:00,2026/09/01 17:14:15.612, NVIDIA GeForce RTX 5060, 591.86, P8, 28, 0, 549, 8151, 8.48, 145.00, 232, 405, 1, 8
2026-09-01T17:14:20.6270963+07:00,2026/09/01 17:14:20.688, NVIDIA GeForce RTX 5060, 591.86, P8, 28, 1, 549, 8151, 8.58, 145.00, 210, 405, 1, 8
2026-09-01T17:14:25.7049556+07:00,2026/09/01 17:14:25.735, NVIDIA GeForce RTX 5060, 591.86, P8, 28, 0, 549, 8151, 8.47, 145.00, 232, 405, 1, 8
2026-09-01T17:14:30.8334874+07:00,2026/09/01 17:14:30.863, NVIDIA GeForce RTX 5060, 591.86, P8, 28, 0, 557, 8151, 8.61, 145.00, 210, 405, 1, 8
2026-09-01T17:14:35.8802276+07:00,2026/09/01 17:14:35.911, NVIDIA GeForce RTX 5060, 591.86, P8, 28, 0, 549, 8151, 8.79, 145.00, 240, 405, 1, 8
2026-09-01T17:14:40.9450960+07:00,2026/09/01 17:14:40.975, NVIDIA GeForce RTX 5060, 591.86, P8, 28, 0, 548, 8151, 8.71, 145.00, 210, 405, 1, 8
2026-09-01T17:14:45.9915261+07:00,2026/09/01 17:14:46.022, NVIDIA GeForce RTX 5060, 591.86, P8, 28, 0, 548, 8151, 8.65, 145.00, 210, 405, 1, 8
2026-09-01T17:14:51.0401299+07:00,2026/09/01 17:14:51.086, NVIDIA GeForce RTX 5060, 591.86, P8, 28, 0, 555, 8151, 8.75, 145.00, 210, 405, 1, 8
2026-09-01T17:14:56.1032252+07:00,2026/09/01 17:14:56.149, NVIDIA GeForce RTX 5060, 591.86, P8, 28, 1, 559, 8151, 9.19, 145.00, 315, 405, 1, 8
2026-09-01T17:15:01.2740117+07:00,2026/09/01 17:15:01.351, NVIDIA GeForce RTX 5060, 591.86, P8, 28, 1, 561, 8151, 8.64, 145.00, 262, 405, 1, 8
2026-09-01T17:15:06.3813089+07:00,2026/09/01 17:15:06.474, NVIDIA GeForce RTX 5060, 591.86, P8, 28, 0, 559, 8151, 8.69, 145.00, 210, 405, 1, 8
2026-09-01T17:15:11.5057225+07:00,2026/09/01 17:15:11.582, NVIDIA GeForce RTX 5060, 591.86, P8, 28, 0, 557, 8151, 8.56, 145.00, 255, 405, 1, 8
2026-09-01T17:15:16.6271571+07:00,2026/09/01 17:15:16.704, NVIDIA GeForce RTX 5060, 591.86, P8, 28, 0, 557, 8151, 8.54, 145.00, 232, 405, 1, 8
2026-09-01T17:15:21.7222524+07:00,2026/09/01 17:15:21.815, NVIDIA GeForce RTX 5060, 591.86, P8, 28, 0, 557, 8151, 8.53, 145.00, 232, 405, 1, 8
2026-09-01T17:15:26.8299477+07:00,2026/09/01 17:15:26.891, NVIDIA GeForce RTX 5060, 591.86, P8, 28, 0, 557, 8151, 8.54, 145.00, 232, 405, 1, 8
2026-09-01T17:15:32.0003015+07:00,2026/09/01 17:15:32.062, NVIDIA GeForce RTX 5060, 591.86, P8, 28, 0, 558, 8151, 8.72, 145.00, 255, 405, 1, 8
2026-09-01T17:15:37.0778656+07:00,2026/09/01 17:15:37.139, NVIDIA GeForce RTX 5060, 591.86, P8, 28, 1, 560, 8151, 9.05, 145.00, 300, 405, 1, 8
2026-09-01T17:15:42.1582345+07:00,2026/09/01 17:15:42.189, NVIDIA GeForce RTX 5060, 591.86, P8, 28, 0, 559, 8151, 8.90, 145.00, 390, 405, 1, 8
2026-09-01T17:15:47.2337435+07:00,2026/09/01 17:15:47.311, NVIDIA GeForce RTX 5060, 591.86, P8, 28, 0, 560, 8151, 8.64, 145.00, 255, 405, 1, 8
2026-09-01T17:15:52.3264411+07:00,2026/09/01 17:15:52.356, NVIDIA GeForce RTX 5060, 591.86, P8, 28, 0, 561, 8151, 8.74, 145.00, 277, 405, 1, 8
2026-09-01T17:15:57.3754508+07:00,2026/09/01 17:15:57.406, NVIDIA GeForce RTX 5060, 591.86, P8, 28, 0, 561, 8151, 8.76, 145.00, 255, 405, 1, 8
2026-09-01T17:16:02.4864622+07:00,2026/09/01 17:16:02.517, NVIDIA GeForce RTX 5060, 591.86, P8, 28, 0, 560, 8151, 8.84, 145.00, 292, 405, 1, 8
2026-09-01T17:16:07.5338841+07:00,2026/09/01 17:16:07.595, NVIDIA GeForce RTX 5060, 591.86, P8, 28, 0, 561, 8151, 8.94, 145.00, 367, 405, 1, 8
2026-09-01T17:16:12.6246184+07:00,2026/09/01 17:16:12.655, NVIDIA GeForce RTX 5060, 591.86, P8, 28, 1, 559, 8151, 8.92, 145.00, 397, 405, 1, 8
2026-09-01T17:16:17.6874506+07:00,2026/09/01 17:16:17.733, NVIDIA GeForce RTX 5060, 591.86, P8, 28, 0, 559, 8151, 8.88, 145.00, 367, 405, 1, 8
2026-09-01T17:16:22.7531113+07:00,2026/09/01 17:16:22.784, NVIDIA GeForce RTX 5060, 591.86, P8, 28, 0, 560, 8151, 8.97, 145.00, 367, 405, 1, 8
2026-09-01T17:16:27.8036475+07:00,2026/09/01 17:16:27.834, NVIDIA GeForce RTX 5060, 591.86, P8, 28, 1, 560, 8151, 9.22, 145.00, 390, 405, 1, 8
2026-09-01T17:16:32.9292891+07:00,2026/09/01 17:16:32.960, NVIDIA GeForce RTX 5060, 591.86, P8, 28, 1, 560, 8151, 9.08, 145.00, 390, 405, 1, 8
2026-09-01T17:16:37.9803300+07:00,2026/09/01 17:16:38.010, NVIDIA GeForce RTX 5060, 591.86, P8, 28, 1, 560, 8151, 9.17, 145.00, 390, 405, 1, 8
2026-09-01T17:16:43.0300592+07:00,2026/09/01 17:16:43.061, NVIDIA GeForce RTX 5060, 591.86, P8, 28, 1, 560, 8151, 9.29, 145.00, 390, 405, 1, 8
2026-09-01T17:16:48.0783722+07:00,2026/09/01 17:16:48.109, NVIDIA GeForce RTX 5060, 591.86, P8, 28, 0, 561, 8151, 9.06, 145.00, 345, 405, 1, 8
2026-09-01T17:16:53.1269098+07:00,2026/09/01 17:16:53.173, NVIDIA GeForce RTX 5060, 591.86, P8, 28, 0, 561, 8151, 8.91, 145.00, 315, 405, 1, 8
2026-09-01T17:16:58.2059206+07:00,2026/09/01 17:16:58.267, NVIDIA GeForce RTX 5060, 591.86, P8, 28, 0, 559, 8151, 9.03, 145.00, 322, 405, 1, 8
2026-09-01T17:17:03.3762889+07:00,2026/09/01 17:17:03.407, NVIDIA GeForce RTX 5060, 591.86, P8, 28, 0, 564, 8151, 8.37, 145.00, 210, 405, 1, 8
2026-09-01T17:17:08.4265001+07:00,2026/09/01 17:17:08.534, NVIDIA GeForce RTX 5060, 591.86, P8, 28, 0, 559, 8151, 8.52, 145.00, 202, 405, 1, 8
2026-09-01T17:17:13.5673750+07:00,2026/09/01 17:17:13.598, NVIDIA GeForce RTX 5060, 591.86, P8, 28, 0, 556, 8151, 8.40, 145.00, 210, 405, 1, 8
2026-09-01T17:17:18.6441490+07:00,2026/09/01 17:17:18.674, NVIDIA GeForce RTX 5060, 591.86, P8, 28, 1, 555, 8151, 8.39, 145.00, 210, 405, 1, 8
2026-09-01T17:17:23.7078613+07:00,2026/09/01 17:17:23.769, NVIDIA GeForce RTX 5060, 591.86, P8, 28, 0, 557, 8151, 8.72, 145.00, 307, 405, 1, 8
2026-09-01T17:17:28.8143854+07:00,2026/09/01 17:17:28.860, NVIDIA GeForce RTX 5060, 591.86, P8, 28, 0, 561, 8151, 8.85, 145.00, 210, 405, 1, 8
2026-09-01T17:17:33.9557675+07:00,2026/09/01 17:17:34.017, NVIDIA GeForce RTX 5060, 591.86, P8, 28, 0, 560, 8151, 8.38, 145.00, 210, 405, 1, 8
2026-09-01T17:17:39.0501523+07:00,2026/09/01 17:17:39.127, NVIDIA GeForce RTX 5060, 591.86, P8, 28, 0, 559, 8151, 8.24, 145.00, 210, 405, 1, 8
2026-09-01T17:17:44.1748752+07:00,2026/09/01 17:17:44.236, NVIDIA GeForce RTX 5060, 591.86, P8, 28, 0, 559, 8151, 8.29, 145.00, 210, 405, 1, 8
2026-09-01T17:17:49.2819592+07:00,2026/09/01 17:17:49.343, NVIDIA GeForce RTX 5060, 591.86, P8, 28, 1, 559, 8151, 8.29, 145.00, 210, 405, 1, 8
2026-09-01T17:17:54.3886453+07:00,2026/09/01 17:17:54.450, NVIDIA GeForce RTX 5060, 591.86, P8, 28, 0, 559, 8151, 8.35, 145.00, 210, 405, 1, 8
2026-09-01T17:17:59.4666904+07:00,2026/09/01 17:17:59.513, NVIDIA GeForce RTX 5060, 591.86, P8, 28, 0, 561, 8151, 8.87, 145.00, 382, 405, 1, 8
2026-09-01T17:18:04.6073057+07:00,2026/09/01 17:18:04.638, NVIDIA GeForce RTX 5060, 591.86, P8, 28, 0, 560, 8151, 8.37, 145.00, 210, 405, 1, 8
2026-09-01T17:18:09.6683806+07:00,2026/09/01 17:18:09.729, NVIDIA GeForce RTX 5060, 591.86, P8, 28, 0, 562, 8151, 8.50, 145.00, 210, 405, 1, 8
2026-09-01T17:18:14.7624753+07:00,2026/09/01 17:18:14.839, NVIDIA GeForce RTX 5060, 591.86, P8, 28, 0, 560, 8151, 8.47, 145.00, 210, 405, 1, 8
2026-09-01T17:18:19.8718767+07:00,2026/09/01 17:18:19.933, NVIDIA GeForce RTX 5060, 591.86, P8, 28, 0, 560, 8151, 8.37, 145.00, 210, 405, 1, 8
2026-09-01T17:18:24.9660804+07:00,2026/09/01 17:18:25.012, NVIDIA GeForce RTX 5060, 591.86, P8, 28, 0, 556, 8151, 8.65, 145.00, 210, 405, 1, 8
2026-09-01T17:18:30.0414057+07:00,2026/09/01 17:18:30.087, NVIDIA GeForce RTX 5060, 591.86, P8, 28, 0, 556, 8151, 9.07, 145.00, 210, 405, 1, 8
2026-09-01T17:18:35.1954354+07:00,2026/09/01 17:18:35.256, NVIDIA GeForce RTX 5060, 591.86, P8, 28, 0, 555, 8151, 8.58, 145.00, 210, 405, 1, 8
2026-09-01T17:18:40.2867259+07:00,2026/09/01 17:18:40.379, NVIDIA GeForce RTX 5060, 591.86, P8, 28, 0, 564, 8151, 8.05, 145.00, 225, 405, 1, 8
2026-09-01T17:18:45.4270533+07:00,2026/09/01 17:18:45.457, NVIDIA GeForce RTX 5060, 591.86, P8, 28, 0, 560, 8151, 8.43, 145.00, 210, 405, 1, 8
2026-09-01T17:18:50.4725266+07:00,2026/09/01 17:18:50.503, NVIDIA GeForce RTX 5060, 591.86, P8, 28, 0, 558, 8151, 8.16, 145.00, 210, 405, 1, 8
2026-09-01T17:18:55.5166282+07:00,2026/09/01 17:18:55.547, NVIDIA GeForce RTX 5060, 591.86, P8, 28, 0, 557, 8151, 8.38, 145.00, 210, 405, 1, 8
2026-09-01T17:19:00.5609844+07:00,2026/09/01 17:19:00.591, NVIDIA GeForce RTX 5060, 591.86, P8, 28, 1, 557, 8151, 8.38, 145.00, 255, 405, 1, 8
2026-09-01T17:19:05.6672049+07:00,2026/09/01 17:19:05.698, NVIDIA GeForce RTX 5060, 591.86, P8, 28, 0, 557, 8151, 8.19, 145.00, 210, 405, 1, 8
2026-09-01T17:19:10.7137661+07:00,2026/09/01 17:19:10.744, NVIDIA GeForce RTX 5060, 591.86, P8, 28, 0, 565, 8151, 8.45, 145.00, 412, 405, 1, 8
2026-09-01T17:19:15.7609564+07:00,2026/09/01 17:19:15.807, NVIDIA GeForce RTX 5060, 591.86, P8, 28, 0, 563, 8151, 8.80, 145.00, 322, 405, 1, 8
2026-09-01T17:19:20.8252250+07:00,2026/09/01 17:19:20.856, NVIDIA GeForce RTX 5060, 591.86, P8, 28, 1, 562, 8151, 9.00, 145.00, 382, 405, 1, 8
2026-09-01T17:19:25.8882745+07:00,2026/09/01 17:19:25.919, NVIDIA GeForce RTX 5060, 591.86, P8, 28, 1, 562, 8151, 9.02, 145.00, 375, 405, 1, 8
2026-09-01T17:19:30.9369649+07:00,2026/09/01 17:19:30.968, NVIDIA GeForce RTX 5060, 591.86, P8, 28, 0, 561, 8151, 8.81, 145.00, 337, 405, 1, 8
2026-09-01T17:19:36.0607885+07:00,2026/09/01 17:19:36.091, NVIDIA GeForce RTX 5060, 591.86, P8, 28, 0, 562, 8151, 8.98, 145.00, 360, 405, 1, 8
2026-09-01T17:19:41.1111953+07:00,2026/09/01 17:19:41.142, NVIDIA GeForce RTX 5060, 591.86, P8, 28, 0, 561, 8151, 9.01, 145.00, 330, 405, 1, 8
2026-09-01T17:19:46.1592543+07:00,2026/09/01 17:19:46.190, NVIDIA GeForce RTX 5060, 591.86, P8, 28, 1, 562, 8151, 8.84, 145.00, 397, 405, 1, 8
2026-09-01T17:19:51.2072872+07:00,2026/09/01 17:19:51.253, NVIDIA GeForce RTX 5060, 591.86, P8, 28, 0, 562, 8151, 9.08, 145.00, 337, 405, 1, 8
2026-09-01T17:19:56.2853206+07:00,2026/09/01 17:19:56.316, NVIDIA GeForce RTX 5060, 591.86, P8, 28, 1, 560, 8151, 9.02, 145.00, 360, 405, 1, 8
2026-09-01T17:20:01.3290011+07:00,2026/09/01 17:20:01.360, NVIDIA GeForce RTX 5060, 591.86, P8, 28, 1, 560, 8151, 9.03, 145.00, 360, 405, 1, 8
2026-09-01T17:20:06.4533318+07:00,2026/09/01 17:20:06.484, NVIDIA GeForce RTX 5060, 591.86, P8, 28, 1, 559, 8151, 8.90, 145.00, 360, 405, 1, 8
2026-09-01T17:20:11.5016843+07:00,2026/09/01 17:20:11.532, NVIDIA GeForce RTX 5060, 591.86, P8, 28, 0, 563, 8151, 9.11, 145.00, 360, 405, 1, 8
2026-09-01T17:20:16.5625902+07:00,2026/09/01 17:20:16.608, NVIDIA GeForce RTX 5060, 591.86, P8, 28, 1, 562, 8151, 9.15, 145.00, 337, 405, 1, 8
2026-09-01T17:20:21.6268436+07:00,2026/09/01 17:20:21.657, NVIDIA GeForce RTX 5060, 591.86, P8, 28, 2, 561, 8151, 9.28, 145.00, 367, 405, 1, 8
2026-09-01T17:20:26.6757523+07:00,2026/09/01 17:20:26.706, NVIDIA GeForce RTX 5060, 591.86, P8, 28, 0, 561, 8151, 9.32, 145.00, 315, 405, 1, 8
2026-09-01T17:20:31.7253596+07:00,2026/09/01 17:20:31.756, NVIDIA GeForce RTX 5060, 591.86, P8, 28, 0, 560, 8151, 9.24, 145.00, 337, 405, 1, 8
2026-09-01T17:20:36.8360135+07:00,2026/09/01 17:20:36.866, NVIDIA GeForce RTX 5060, 591.86, P8, 28, 0, 560, 8151, 8.79, 145.00, 247, 405, 1, 8
2026-09-01T17:20:41.8867746+07:00,2026/09/01 17:20:41.917, NVIDIA GeForce RTX 5060, 591.86, P8, 28, 0, 560, 8151, 9.57, 145.00, 247, 405, 1, 8
2026-09-01T17:20:46.9346061+07:00,2026/09/01 17:20:46.965, NVIDIA GeForce RTX 5060, 591.86, P8, 28, 5, 573, 8151, 9.68, 145.00, 675, 405, 1, 8
2026-09-01T17:20:51.9844972+07:00,2026/09/01 17:20:52.015, NVIDIA GeForce RTX 5060, 591.86, P8, 28, 1, 573, 8151, 9.19, 145.00, 307, 405, 1, 8
2026-09-01T17:20:57.0351521+07:00,2026/09/01 17:20:57.066, NVIDIA GeForce RTX 5060, 591.86, P8, 28, 2, 573, 8151, 10.22, 145.00, 585, 405, 1, 8
2026-09-01T17:21:02.0856745+07:00,2026/09/01 17:21:02.116, NVIDIA GeForce RTX 5060, 591.86, P8, 28, 0, 563, 8151, 9.35, 145.00, 322, 405, 1, 8
2026-09-01T17:21:07.1947472+07:00,2026/09/01 17:21:07.225, NVIDIA GeForce RTX 5060, 591.86, P8, 28, 0, 564, 8151, 9.22, 145.00, 277, 405, 1, 8
2026-09-01T17:21:12.2498586+07:00,2026/09/01 17:21:12.280, NVIDIA GeForce RTX 5060, 591.86, P8, 28, 0, 565, 8151, 9.06, 145.00, 300, 405, 1, 8
2026-09-01T17:21:17.2958185+07:00,2026/09/01 17:21:17.326, NVIDIA GeForce RTX 5060, 591.86, P8, 28, 0, 564, 8151, 9.13, 145.00, 322, 405, 1, 8
2026-09-01T17:21:22.3432282+07:00,2026/09/01 17:21:22.389, NVIDIA GeForce RTX 5060, 591.86, P8, 28, 0, 564, 8151, 9.00, 145.00, 300, 405, 1, 8
2026-09-01T17:21:27.4071958+07:00,2026/09/01 17:21:27.453, NVIDIA GeForce RTX 5060, 591.86, P8, 28, 2, 565, 8151, 10.16, 145.00, 555, 405, 1, 8
2026-09-01T17:21:32.4717935+07:00,2026/09/01 17:21:32.533, NVIDIA GeForce RTX 5060, 591.86, P8, 28, 1, 564, 8151, 9.13, 145.00, 300, 405, 1, 8
2026-09-01T17:21:37.6580843+07:00,2026/09/01 17:21:37.720, NVIDIA GeForce RTX 5060, 591.86, P8, 28, 0, 564, 8151, 9.12, 145.00, 322, 405, 1, 8
2026-09-01T17:21:42.7659630+07:00,2026/09/01 17:21:42.812, NVIDIA GeForce RTX 5060, 591.86, P8, 28, 0, 562, 8151, 8.95, 145.00, 285, 405, 1, 8
2026-09-01T17:21:47.8436434+07:00,2026/09/01 17:21:47.905, NVIDIA GeForce RTX 5060, 591.86, P8, 28, 0, 563, 8151, 9.14, 145.00, 285, 405, 1, 8
2026-09-01T17:21:52.9232353+07:00,2026/09/01 17:21:52.999, NVIDIA GeForce RTX 5060, 591.86, P8, 28, 1, 566, 8151, 9.17, 145.00, 300, 405, 1, 8
2026-09-01T17:21:58.0275945+07:00,2026/09/01 17:21:58.074, NVIDIA GeForce RTX 5060, 591.86, P8, 28, 1, 563, 8151, 9.37, 145.00, 345, 405, 1, 8
2026-09-01T17:22:03.1197543+07:00,2026/09/01 17:22:03.166, NVIDIA GeForce RTX 5060, 591.86, P8, 28, 0, 564, 8151, 9.17, 145.00, 262, 405, 1, 8
2026-09-01T17:22:08.2454034+07:00,2026/09/01 17:22:08.322, NVIDIA GeForce RTX 5060, 591.86, P8, 28, 0, 563, 8151, 9.05, 145.00, 337, 405, 1, 8
2026-09-01T17:22:13.3414379+07:00,2026/09/01 17:22:13.403, NVIDIA GeForce RTX 5060, 591.86, P8, 28, 0, 563, 8151, 9.08, 145.00, 292, 405, 1, 8
2026-09-01T17:22:18.4358912+07:00,2026/09/01 17:22:18.528, NVIDIA GeForce RTX 5060, 591.86, P8, 28, 1, 565, 8151, 9.18, 145.00, 307, 405, 1, 8
2026-09-01T17:22:23.5469366+07:00,2026/09/01 17:22:23.609, NVIDIA GeForce RTX 5060, 591.86, P8, 28, 1, 563, 8151, 9.15, 145.00, 315, 405, 1, 8
2026-09-01T17:22:28.6289030+07:00,2026/09/01 17:22:28.675, NVIDIA GeForce RTX 5060, 591.86, P8, 28, 0, 563, 8151, 8.98, 145.00, 240, 405, 1, 8
2026-09-01T17:22:33.6923855+07:00,2026/09/01 17:22:33.722, NVIDIA GeForce RTX 5060, 591.86, P8, 28, 0, 562, 8151, 8.72, 145.00, 262, 405, 1, 8
2026-09-01T17:22:38.8333823+07:00,2026/09/01 17:22:38.879, NVIDIA GeForce RTX 5060, 591.86, P8, 28, 0, 560, 8151, 8.73, 145.00, 225, 405, 1, 8
2026-09-01T17:22:43.8932359+07:00,2026/09/01 17:22:43.939, NVIDIA GeForce RTX 5060, 591.86, P8, 28, 0, 561, 8151, 8.75, 145.00, 262, 405, 1, 8
2026-09-01T17:22:48.9579839+07:00,2026/09/01 17:22:49.005, NVIDIA GeForce RTX 5060, 591.86, P8, 28, 0, 561, 8151, 8.73, 145.00, 262, 405, 1, 8
2026-09-01T17:22:54.0213692+07:00,2026/09/01 17:22:54.067, NVIDIA GeForce RTX 5060, 591.86, P8, 28, 0, 561, 8151, 8.77, 145.00, 232, 405, 1, 8
2026-09-01T17:22:59.0854418+07:00,2026/09/01 17:22:59.147, NVIDIA GeForce RTX 5060, 591.86, P8, 28, 0, 561, 8151, 8.87, 145.00, 270, 405, 1, 8
2026-09-01T17:23:04.1633742+07:00,2026/09/01 17:23:04.209, NVIDIA GeForce RTX 5060, 591.86, P8, 28, 0, 560, 8151, 8.71, 145.00, 232, 405, 1, 8
2026-09-01T17:23:09.3026108+07:00,2026/09/01 17:23:09.379, NVIDIA GeForce RTX 5060, 591.86, P8, 28, 0, 561, 8151, 8.57, 145.00, 262, 405, 1, 8
2026-09-01T17:23:14.3964110+07:00,2026/09/01 17:23:14.442, NVIDIA GeForce RTX 5060, 591.86, P8, 28, 0, 561, 8151, 8.56, 145.00, 232, 405, 1, 8
2026-09-01T17:23:19.4605690+07:00,2026/09/01 17:23:19.507, NVIDIA GeForce RTX 5060, 591.86, P8, 28, 0, 561, 8151, 8.72, 145.00, 232, 405, 1, 8
2026-09-01T17:23:24.5237730+07:00,2026/09/01 17:23:24.570, NVIDIA GeForce RTX 5060, 591.86, P8, 28, 0, 561, 8151, 8.72, 145.00, 262, 405, 1, 8
2026-09-01T17:23:29.5866472+07:00,2026/09/01 17:23:29.633, NVIDIA GeForce RTX 5060, 591.86, P8, 28, 1, 561, 8151, 8.84, 145.00, 240, 405, 1, 8
2026-09-01T17:23:34.6472134+07:00,2026/09/01 17:23:34.694, NVIDIA GeForce RTX 5060, 591.86, P8, 28, 0, 561, 8151, 8.91, 145.00, 270, 405, 1, 8
2026-09-01T17:23:39.7870751+07:00,2026/09/01 17:23:39.834, NVIDIA GeForce RTX 5060, 591.86, P8, 28, 0, 561, 8151, 8.56, 145.00, 232, 405, 1, 8
2026-09-01T17:23:44.8520094+07:00,2026/09/01 17:23:44.928, NVIDIA GeForce RTX 5060, 591.86, P8, 28, 0, 561, 8151, 8.51, 145.00, 262, 405, 1, 8
2026-09-01T17:23:49.9450967+07:00,2026/09/01 17:23:49.991, NVIDIA GeForce RTX 5060, 591.86, P8, 28, 0, 561, 8151, 8.91, 145.00, 232, 405, 1, 8
2026-09-01T17:23:55.0096740+07:00,2026/09/01 17:23:55.041, NVIDIA GeForce RTX 5060, 591.86, P8, 28, 1, 561, 8151, 8.75, 145.00, 240, 405, 1, 8
2026-09-01T17:24:00.0587810+07:00,2026/09/01 17:24:00.089, NVIDIA GeForce RTX 5060, 591.86, P8, 28, 0, 561, 8151, 8.74, 145.00, 262, 405, 1, 8
2026-09-01T17:24:05.1079030+07:00,2026/09/01 17:24:05.138, NVIDIA GeForce RTX 5060, 591.86, P8, 28, 1, 561, 8151, 8.84, 145.00, 240, 405, 1, 8
2026-09-01T17:24:10.2309891+07:00,2026/09/01 17:24:10.260, NVIDIA GeForce RTX 5060, 591.86, P8, 28, 0, 561, 8151, 8.70, 145.00, 255, 405, 1, 8
2026-09-01T17:24:15.2774538+07:00,2026/09/01 17:24:15.308, NVIDIA GeForce RTX 5060, 591.86, P8, 28, 0, 561, 8151, 8.73, 145.00, 240, 405, 1, 8
2026-09-01T17:24:20.3246090+07:00,2026/09/01 17:24:20.355, NVIDIA GeForce RTX 5060, 591.86, P8, 28, 0, 561, 8151, 8.63, 145.00, 262, 405, 1, 8
2026-09-01T17:24:25.3713421+07:00,2026/09/01 17:24:25.402, NVIDIA GeForce RTX 5060, 591.86, P8, 28, 0, 561, 8151, 8.81, 145.00, 247, 405, 1, 8
2026-09-01T17:24:30.4195334+07:00,2026/09/01 17:24:30.450, NVIDIA GeForce RTX 5060, 591.86, P8, 28, 1, 561, 8151, 8.76, 145.00, 240, 405, 1, 8
2026-09-01T17:24:35.4667902+07:00,2026/09/01 17:24:35.513, NVIDIA GeForce RTX 5060, 591.86, P8, 28, 0, 561, 8151, 8.81, 145.00, 270, 405, 1, 8
2026-09-01T17:24:40.6078266+07:00,2026/09/01 17:24:40.638, NVIDIA GeForce RTX 5060, 591.86, P8, 28, 0, 561, 8151, 8.71, 145.00, 240, 405, 1, 8
2026-09-01T17:24:45.6525340+07:00,2026/09/01 17:24:45.730, NVIDIA GeForce RTX 5060, 591.86, P8, 28, 0, 561, 8151, 8.54, 145.00, 262, 405, 1, 8
2026-09-01T17:24:50.7637571+07:00,2026/09/01 17:24:50.826, NVIDIA GeForce RTX 5060, 591.86, P8, 28, 0, 561, 8151, 8.82, 145.00, 240, 405, 1, 8
2026-09-01T17:24:55.8442211+07:00,2026/09/01 17:24:55.921, NVIDIA GeForce RTX 5060, 591.86, P8, 28, 0, 561, 8151, 8.68, 145.00, 262, 405, 1, 8
2026-09-01T17:25:00.9525302+07:00,2026/09/01 17:25:00.999, NVIDIA GeForce RTX 5060, 591.86, P8, 28, 0, 561, 8151, 9.00, 145.00, 232, 405, 1, 8
2026-09-01T17:25:06.0164539+07:00,2026/09/01 17:25:06.063, NVIDIA GeForce RTX 5060, 591.86, P8, 28, 0, 561, 8151, 8.78, 145.00, 240, 405, 1, 8
2026-09-01T17:25:11.1747856+07:00,2026/09/01 17:25:11.221, NVIDIA GeForce RTX 5060, 591.86, P8, 28, 0, 561, 8151, 8.76, 145.00, 270, 405, 1, 8
2026-09-01T17:25:16.2395970+07:00,2026/09/01 17:25:16.286, NVIDIA GeForce RTX 5060, 591.86, P8, 28, 0, 561, 8151, 8.72, 145.00, 232, 405, 1, 8
2026-09-01T17:25:21.3034840+07:00,2026/09/01 17:25:21.350, NVIDIA GeForce RTX 5060, 591.86, P8, 28, 0, 561, 8151, 8.77, 145.00, 255, 405, 1, 8
2026-09-01T17:25:26.3662641+07:00,2026/09/01 17:25:26.413, NVIDIA GeForce RTX 5060, 591.86, P8, 28, 0, 561, 8151, 8.71, 145.00, 232, 405, 1, 8
2026-09-01T17:25:31.4301844+07:00,2026/09/01 17:25:31.476, NVIDIA GeForce RTX 5060, 591.86, P8, 28, 0, 561, 8151, 8.74, 145.00, 262, 405, 1, 8
2026-09-01T17:25:36.4962080+07:00,2026/09/01 17:25:36.558, NVIDIA GeForce RTX 5060, 591.86, P8, 28, 0, 560, 8151, 8.82, 145.00, 240, 405, 1, 8
2026-09-01T17:25:41.6675834+07:00,2026/09/01 17:25:41.729, NVIDIA GeForce RTX 5060, 591.86, P8, 28, 1, 561, 8151, 8.89, 145.00, 240, 405, 1, 8
2026-09-01T17:25:46.7466192+07:00,2026/09/01 17:25:46.839, NVIDIA GeForce RTX 5060, 591.86, P8, 28, 0, 561, 8151, 8.69, 145.00, 262, 405, 1, 8
2026-09-01T17:25:51.8859979+07:00,2026/09/01 17:25:51.963, NVIDIA GeForce RTX 5060, 591.86, P8, 28, 0, 561, 8151, 8.80, 145.00, 232, 405, 1, 8
2026-09-01T17:25:56.9939734+07:00,2026/09/01 17:25:57.040, NVIDIA GeForce RTX 5060, 591.86, P8, 28, 0, 561, 8151, 8.62, 145.00, 262, 405, 1, 8
2026-09-01T17:26:02.0705004+07:00,2026/09/01 17:26:02.132, NVIDIA GeForce RTX 5060, 591.86, P8, 28, 0, 561, 8151, 8.79, 145.00, 240, 405, 1, 8
2026-09-01T17:26:07.1510607+07:00,2026/09/01 17:26:07.182, NVIDIA GeForce RTX 5060, 591.86, P8, 28, 1, 561, 8151, 8.71, 145.00, 270, 405, 1, 8
2026-09-01T17:26:12.2892464+07:00,2026/09/01 17:26:12.320, NVIDIA GeForce RTX 5060, 591.86, P8, 28, 0, 561, 8151, 8.65, 145.00, 255, 405, 1, 8
2026-09-01T17:26:17.3516944+07:00,2026/09/01 17:26:17.382, NVIDIA GeForce RTX 5060, 591.86, P8, 28, 0, 561, 8151, 8.78, 145.00, 240, 405, 1, 8
2026-09-01T17:26:22.3998289+07:00,2026/09/01 17:26:22.430, NVIDIA GeForce RTX 5060, 591.86, P8, 28, 0, 561, 8151, 8.65, 145.00, 270, 405, 1, 8
2026-09-01T17:26:27.4468281+07:00,2026/09/01 17:26:27.492, NVIDIA GeForce RTX 5060, 591.86, P8, 28, 0, 561, 8151, 8.64, 145.00, 232, 405, 1, 8
2026-09-01T17:26:32.5386450+07:00,2026/09/01 17:26:32.569, NVIDIA GeForce RTX 5060, 591.86, P8, 28, 0, 560, 8151, 8.72, 145.00, 270, 405, 1, 8
2026-09-01T17:26:37.6003744+07:00,2026/09/01 17:26:37.631, NVIDIA GeForce RTX 5060, 591.86, P8, 28, 0, 561, 8151, 8.79, 145.00, 240, 405, 1, 8
2026-09-01T17:26:42.7237763+07:00,2026/09/01 17:26:42.754, NVIDIA GeForce RTX 5060, 591.86, P8, 28, 1, 561, 8151, 8.71, 145.00, 270, 405, 1, 8
2026-09-01T17:26:47.8012674+07:00,2026/09/01 17:26:47.832, NVIDIA GeForce RTX 5060, 591.86, P8, 28, 0, 561, 8151, 8.65, 145.00, 255, 405, 1, 8
2026-09-01T17:26:52.8633523+07:00,2026/09/01 17:26:52.894, NVIDIA GeForce RTX 5060, 591.86, P8, 28, 0, 561, 8151, 8.83, 145.00, 232, 405, 1, 8
2026-09-01T17:26:57.9114988+07:00,2026/09/01 17:26:57.942, NVIDIA GeForce RTX 5060, 591.86, P8, 28, 0, 569, 8151, 8.77, 145.00, 232, 405, 1, 8
2026-09-01T17:27:02.9594481+07:00,2026/09/01 17:27:02.990, NVIDIA GeForce RTX 5060, 591.86, P8, 28, 0, 555, 8151, 8.84, 145.00, 210, 405, 1, 8
2026-09-01T17:27:08.0240916+07:00,2026/09/01 17:27:08.055, NVIDIA GeForce RTX 5060, 591.86, P8, 28, 0, 555, 8151, 8.78, 145.00, 240, 405, 1, 8
2026-09-01T17:27:13.1357387+07:00,2026/09/01 17:27:13.181, NVIDIA GeForce RTX 5060, 591.86, P8, 28, 0, 561, 8151, 8.85, 145.00, 255, 405, 1, 8
2026-09-01T17:27:18.2008779+07:00,2026/09/01 17:27:18.231, NVIDIA GeForce RTX 5060, 591.86, P8, 28, 1, 564, 8151, 8.94, 145.00, 225, 405, 1, 8
2026-09-01T17:27:23.2497181+07:00,2026/09/01 17:27:23.280, NVIDIA GeForce RTX 5060, 591.86, P8, 28, 0, 567, 8151, 10.22, 145.00, 487, 405, 1, 8
2026-09-01T17:27:28.2988582+07:00,2026/09/01 17:27:28.329, NVIDIA GeForce RTX 5060, 591.86, P8, 28, 0, 563, 8151, 8.42, 145.00, 210, 405, 1, 8
2026-09-01T17:27:33.3464199+07:00,2026/09/01 17:27:33.377, NVIDIA GeForce RTX 5060, 591.86, P8, 28, 0, 557, 8151, 8.62, 145.00, 210, 405, 1, 8
2026-09-01T17:27:38.3949104+07:00,2026/09/01 17:27:38.425, NVIDIA GeForce RTX 5060, 591.86, P8, 28, 0, 557, 8151, 8.60, 145.00, 202, 405, 1, 8
2026-09-01T17:27:43.5213127+07:00,2026/09/01 17:27:43.552, NVIDIA GeForce RTX 5060, 591.86, P8, 28, 0, 561, 8151, 8.71, 145.00, 210, 405, 1, 8
2026-09-01T17:27:48.5694149+07:00,2026/09/01 17:27:48.600, NVIDIA GeForce RTX 5060, 591.86, P8, 28, 0, 561, 8151, 8.51, 145.00, 210, 405, 1, 8
2026-09-01T17:27:53.6180413+07:00,2026/09/01 17:27:53.650, NVIDIA GeForce RTX 5060, 591.86, P8, 28, 0, 560, 8151, 8.73, 145.00, 240, 405, 1, 8
2026-09-01T17:27:58.6809213+07:00,2026/09/01 17:27:58.711, NVIDIA GeForce RTX 5060, 591.86, P8, 28, 0, 560, 8151, 8.21, 145.00, 255, 405, 1, 8
2026-09-01T17:28:03.7428474+07:00,2026/09/01 17:28:03.773, NVIDIA GeForce RTX 5060, 591.86, P8, 28, 0, 557, 8151, 8.36, 145.00, 240, 405, 1, 8
2026-09-01T17:28:08.7913345+07:00,2026/09/01 17:28:08.822, NVIDIA GeForce RTX 5060, 591.86, P8, 28, 0, 561, 8151, 8.56, 145.00, 240, 405, 1, 8
2026-09-01T17:28:13.9039230+07:00,2026/09/01 17:28:13.950, NVIDIA GeForce RTX 5060, 591.86, P8, 28, 0, 566, 8151, 8.71, 145.00, 240, 405, 1, 8
2026-09-01T17:28:18.9686114+07:00,2026/09/01 17:28:18.999, NVIDIA GeForce RTX 5060, 591.86, P8, 28, 0, 565, 8151, 8.23, 145.00, 202, 405, 1, 8
2026-09-01T17:28:24.0172905+07:00,2026/09/01 17:28:24.048, NVIDIA GeForce RTX 5060, 591.86, P8, 28, 0, 564, 8151, 8.47, 145.00, 210, 405, 1, 8
2026-09-01T17:28:29.0686378+07:00,2026/09/01 17:28:29.099, NVIDIA GeForce RTX 5060, 591.86, P8, 28, 0, 561, 8151, 8.52, 145.00, 240, 405, 1, 8
2026-09-01T17:28:34.1178342+07:00,2026/09/01 17:28:34.148, NVIDIA GeForce RTX 5060, 591.86, P8, 28, 0, 560, 8151, 8.33, 145.00, 240, 405, 1, 8
2026-09-01T17:28:39.1793140+07:00,2026/09/01 17:28:39.209, NVIDIA GeForce RTX 5060, 591.86, P8, 28, 2, 567, 8151, 9.61, 145.00, 247, 405, 1, 8
2026-09-01T17:28:44.3227370+07:00,2026/09/01 17:28:44.353, NVIDIA GeForce RTX 5060, 591.86, P8, 28, 0, 568, 8151, 8.66, 145.00, 210, 405, 1, 8
2026-09-01T17:28:49.3686366+07:00,2026/09/01 17:28:49.399, NVIDIA GeForce RTX 5060, 591.86, P8, 28, 2, 566, 8151, 8.56, 145.00, 210, 405, 1, 8
2026-09-01T17:28:54.4113490+07:00,2026/09/01 17:28:54.442, NVIDIA GeForce RTX 5060, 591.86, P8, 28, 0, 562, 8151, 8.48, 145.00, 210, 405, 1, 8
2026-09-01T17:28:59.4569388+07:00,2026/09/01 17:28:59.487, NVIDIA GeForce RTX 5060, 591.86, P8, 28, 0, 562, 8151, 8.65, 145.00, 247, 405, 1, 8
2026-09-01T17:29:04.5186693+07:00,2026/09/01 17:29:04.549, NVIDIA GeForce RTX 5060, 591.86, P8, 28, 0, 563, 8151, 8.54, 145.00, 247, 405, 1, 8
2026-09-01T17:29:09.5790720+07:00,2026/09/01 17:29:09.609, NVIDIA GeForce RTX 5060, 591.86, P8, 28, 0, 563, 8151, 8.14, 145.00, 255, 405, 1, 8
2026-09-01T17:29:14.7056466+07:00,2026/09/01 17:29:14.752, NVIDIA GeForce RTX 5060, 591.86, P8, 28, 0, 558, 8151, 8.19, 145.00, 255, 405, 1, 8
2026-09-01T17:29:19.7690984+07:00,2026/09/01 17:29:19.800, NVIDIA GeForce RTX 5060, 591.86, P8, 28, 0, 559, 8151, 8.23, 145.00, 262, 405, 1, 8
2026-09-01T17:29:24.8168413+07:00,2026/09/01 17:29:24.847, NVIDIA GeForce RTX 5060, 591.86, P8, 28, 0, 559, 8151, 8.22, 145.00, 210, 405, 1, 8
2026-09-01T17:29:29.8666332+07:00,2026/09/01 17:29:29.897, NVIDIA GeForce RTX 5060, 591.86, P8, 28, 0, 559, 8151, 8.17, 145.00, 210, 405, 1, 8
2026-09-01T17:29:34.9264247+07:00,2026/09/01 17:29:34.957, NVIDIA GeForce RTX 5060, 591.86, P8, 28, 0, 559, 8151, 8.19, 145.00, 247, 405, 1, 8
2026-09-01T17:29:39.9861501+07:00,2026/09/01 17:29:40.032, NVIDIA GeForce RTX 5060, 591.86, P8, 28, 0, 558, 8151, 8.12, 145.00, 247, 405, 1, 8
2026-09-01T17:29:45.1400910+07:00,2026/09/01 17:29:45.171, NVIDIA GeForce RTX 5060, 591.86, P8, 28, 0, 558, 8151, 9.66, 145.00, 532, 405, 1, 8
2026-09-01T17:29:50.2013801+07:00,2026/09/01 17:29:50.232, NVIDIA GeForce RTX 5060, 591.86, P8, 28, 2, 563, 8151, 9.05, 145.00, 277, 405, 1, 8
2026-09-01T17:29:55.2635628+07:00,2026/09/01 17:29:55.294, NVIDIA GeForce RTX 5060, 591.86, P8, 28, 3, 574, 8151, 9.14, 145.00, 382, 405, 1, 8
2026-09-01T17:30:00.3251295+07:00,2026/09/01 17:30:00.356, NVIDIA GeForce RTX 5060, 591.86, P8, 28, 0, 571, 8151, 9.21, 145.00, 315, 405, 1, 8
2026-09-01T17:30:05.3713993+07:00,2026/09/01 17:30:05.402, NVIDIA GeForce RTX 5060, 591.86, P8, 28, 1, 571, 8151, 8.95, 145.00, 337, 405, 1, 8
2026-09-01T17:30:10.4367901+07:00,2026/09/01 17:30:10.467, NVIDIA GeForce RTX 5060, 591.86, P8, 28, 1, 572, 8151, 9.08, 145.00, 330, 405, 1, 8
2026-09-01T17:30:15.5604876+07:00,2026/09/01 17:30:15.591, NVIDIA GeForce RTX 5060, 591.86, P8, 28, 0, 569, 8151, 8.79, 145.00, 247, 405, 1, 8
2026-09-01T17:30:20.6089446+07:00,2026/09/01 17:30:20.639, NVIDIA GeForce RTX 5060, 591.86, P8, 28, 8, 569, 8151, 9.75, 145.00, 255, 405, 1, 8
2026-09-01T17:30:25.6567400+07:00,2026/09/01 17:30:25.687, NVIDIA GeForce RTX 5060, 591.86, P8, 28, 2, 564, 8151, 8.61, 145.00, 277, 405, 1, 8
2026-09-01T17:30:30.7187288+07:00,2026/09/01 17:30:30.764, NVIDIA GeForce RTX 5060, 591.86, P8, 28, 2, 564, 8151, 8.62, 145.00, 292, 405, 1, 8
2026-09-01T17:30:35.7964976+07:00,2026/09/01 17:30:35.822, NVIDIA GeForce RTX 5060, 591.86, P8, 28, 0, 570, 8151, 8.58, 145.00, 262, 405, 1, 8
2026-09-01T17:30:40.8404549+07:00,2026/09/01 17:30:40.902, NVIDIA GeForce RTX 5060, 591.86, P0, 29, 0, 671, 8151, 14.35, 145.00, 2512, 14201, 4, 8
2026-09-01T17:30:45.9943644+07:00,2026/09/01 17:30:46.040, NVIDIA GeForce RTX 5060, 591.86, P8, 28, 0, 726, 8151, 8.97, 145.00, 247, 405, 1, 8
2026-09-01T17:30:51.0711730+07:00,2026/09/01 17:30:51.148, NVIDIA GeForce RTX 5060, 591.86, P8, 28, 0, 728, 8151, 8.60, 145.00, 247, 405, 1, 8
2026-09-01T17:30:56.1943436+07:00,2026/09/01 17:30:56.225, NVIDIA GeForce RTX 5060, 591.86, P8, 28, 2, 728, 8151, 8.49, 145.00, 262, 405, 1, 8
2026-09-01T17:31:01.2419089+07:00,2026/09/01 17:31:01.288, NVIDIA GeForce RTX 5060, 591.86, P8, 28, 0, 724, 8151, 8.31, 145.00, 247, 405, 1, 8
2026-09-01T17:31:06.3480184+07:00,2026/09/01 17:31:06.379, NVIDIA GeForce RTX 5060, 591.86, P8, 28, 0, 723, 8151, 8.33, 145.00, 210, 405, 1, 8
2026-09-01T17:31:11.4108811+07:00,2026/09/01 17:31:11.441, NVIDIA GeForce RTX 5060, 591.86, P8, 28, 0, 727, 8151, 8.64, 145.00, 210, 405, 1, 8
2026-09-01T17:31:16.5489964+07:00,2026/09/01 17:31:16.672, NVIDIA GeForce RTX 5060, 591.86, P8, 28, 0, 723, 8151, 8.70, 145.00, 247, 405, 1, 8
2026-09-01T17:31:21.7181469+07:00,2026/09/01 17:31:21.749, NVIDIA GeForce RTX 5060, 591.86, P8, 28, 0, 723, 8151, 8.67, 145.00, 255, 405, 1, 8
2026-09-01T17:31:26.7675221+07:00,2026/09/01 17:31:26.814, NVIDIA GeForce RTX 5060, 591.86, P8, 28, 1, 723, 8151, 8.61, 145.00, 255, 405, 1, 8
2026-09-01T17:31:31.8451395+07:00,2026/09/01 17:31:31.876, NVIDIA GeForce RTX 5060, 591.86, P8, 28, 2, 723, 8151, 8.73, 145.00, 247, 405, 1, 8
2026-09-01T17:31:36.9062321+07:00,2026/09/01 17:31:36.937, NVIDIA GeForce RTX 5060, 591.86, P8, 28, 0, 723, 8151, 8.70, 145.00, 210, 405, 1, 8
2026-09-01T17:31:41.9633271+07:00,2026/09/01 17:31:41.994, NVIDIA GeForce RTX 5060, 591.86, P8, 28, 2, 723, 8151, 8.85, 145.00, 247, 405, 1, 8
2026-09-01T17:31:47.0709899+07:00,2026/09/01 17:31:47.101, NVIDIA GeForce RTX 5060, 591.86, P8, 28, 0, 723, 8151, 8.71, 145.00, 210, 405, 1, 8
2026-09-01T17:31:52.1182564+07:00,2026/09/01 17:31:52.149, NVIDIA GeForce RTX 5060, 591.86, P8, 28, 0, 729, 8151, 8.86, 145.00, 292, 405, 1, 8
2026-09-01T17:31:57.1771132+07:00,2026/09/01 17:31:57.223, NVIDIA GeForce RTX 5060, 591.86, P8, 28, 2, 729, 8151, 8.80, 145.00, 307, 405, 1, 8
2026-09-01T17:32:02.2376387+07:00,2026/09/01 17:32:02.268, NVIDIA GeForce RTX 5060, 591.86, P8, 28, 3, 729, 8151, 8.74, 145.00, 255, 405, 1, 8
2026-09-01T17:32:07.2988466+07:00,2026/09/01 17:32:07.329, NVIDIA GeForce RTX 5060, 591.86, P8, 28, 4, 730, 8151, 8.78, 145.00, 262, 405, 1, 8
2026-09-01T17:32:12.3561618+07:00,2026/09/01 17:32:12.387, NVIDIA GeForce RTX 5060, 591.86, P8, 28, 1, 729, 8151, 8.73, 145.00, 240, 405, 1, 8
2026-09-01T17:32:17.4960141+07:00,2026/09/01 17:32:17.527, NVIDIA GeForce RTX 5060, 591.86, P8, 28, 0, 728, 8151, 8.94, 145.00, 240, 405, 1, 8
2026-09-01T17:32:22.5573496+07:00,2026/09/01 17:32:22.588, NVIDIA GeForce RTX 5060, 591.86, P8, 28, 1, 728, 8151, 8.96, 145.00, 285, 405, 1, 8
2026-09-01T17:32:27.6020240+07:00,2026/09/01 17:32:27.648, NVIDIA GeForce RTX 5060, 591.86, P8, 28, 0, 731, 8151, 9.31, 145.00, 247, 405, 1, 8
2026-09-01T17:32:32.6792759+07:00,2026/09/01 17:32:32.740, NVIDIA GeForce RTX 5060, 591.86, P8, 28, 0, 728, 8151, 8.74, 145.00, 315, 405, 1, 8
2026-09-01T17:32:37.8028529+07:00,2026/09/01 17:32:37.895, NVIDIA GeForce RTX 5060, 591.86, P8, 28, 0, 728, 8151, 8.97, 145.00, 300, 405, 1, 8
2026-09-01T17:32:42.9263339+07:00,2026/09/01 17:32:42.988, NVIDIA GeForce RTX 5060, 591.86, P8, 28, 0, 730, 8151, 9.06, 145.00, 255, 405, 1, 8
2026-09-01T17:32:48.0953265+07:00,2026/09/01 17:32:48.188, NVIDIA GeForce RTX 5060, 591.86, P8, 28, 0, 730, 8151, 9.16, 145.00, 360, 405, 1, 8
2026-09-01T17:32:53.2023778+07:00,2026/09/01 17:32:53.264, NVIDIA GeForce RTX 5060, 591.86, P8, 28, 0, 729, 8151, 9.39, 145.00, 307, 405, 1, 8
2026-09-01T17:32:58.2918431+07:00,2026/09/01 17:32:58.353, NVIDIA GeForce RTX 5060, 591.86, P8, 28, 1, 730, 8151, 9.18, 145.00, 382, 405, 1, 8
2026-09-01T17:33:03.3892886+07:00,2026/09/01 17:33:03.466, NVIDIA GeForce RTX 5060, 591.86, P8, 28, 0, 731, 8151, 9.26, 145.00, 315, 405, 1, 8
2026-09-01T17:33:08.5163969+07:00,2026/09/01 17:33:08.593, NVIDIA GeForce RTX 5060, 591.86, P8, 28, 0, 729, 8151, 9.31, 145.00, 225, 405, 1, 8
2026-09-01T17:33:13.6269072+07:00,2026/09/01 17:33:13.687, NVIDIA GeForce RTX 5060, 591.86, P8, 28, 0, 730, 8151, 9.12, 145.00, 285, 405, 1, 8
2026-09-01T17:33:18.7666945+07:00,2026/09/01 17:33:18.828, NVIDIA GeForce RTX 5060, 591.86, P8, 28, 0, 730, 8151, 9.44, 145.00, 330, 405, 1, 8
2026-09-01T17:33:23.8464124+07:00,2026/09/01 17:33:23.908, NVIDIA GeForce RTX 5060, 591.86, P8, 28, 0, 730, 8151, 9.14, 145.00, 247, 405, 1, 8
2026-09-01T17:33:28.9262823+07:00,2026/09/01 17:33:28.988, NVIDIA GeForce RTX 5060, 591.86, P8, 28, 1, 725, 8151, 9.15, 145.00, 277, 405, 1, 8
2026-09-01T17:33:34.0060205+07:00,2026/09/01 17:33:34.068, NVIDIA GeForce RTX 5060, 591.86, P8, 28, 2, 724, 8151, 9.22, 145.00, 292, 405, 1, 8
2026-09-01T17:33:39.0881158+07:00,2026/09/01 17:33:39.212, NVIDIA GeForce RTX 5060, 591.86, P8, 28, 1, 723, 8151, 9.15, 145.00, 322, 405, 1, 8
2026-09-01T17:33:44.2305095+07:00,2026/09/01 17:33:44.276, NVIDIA GeForce RTX 5060, 591.86, P8, 28, 0, 724, 8151, 9.22, 145.00, 307, 405, 1, 8
2026-09-01T17:33:49.3729662+07:00,2026/09/01 17:33:49.418, NVIDIA GeForce RTX 5060, 591.86, P8, 28, 0, 722, 8151, 8.75, 145.00, 240, 405, 1, 8
2026-09-01T17:33:54.4368254+07:00,2026/09/01 17:33:54.483, NVIDIA GeForce RTX 5060, 591.86, P8, 28, 0, 717, 8151, 8.89, 145.00, 210, 405, 1, 8
2026-09-01T17:33:59.4978230+07:00,2026/09/01 17:33:59.575, NVIDIA GeForce RTX 5060, 591.86, P8, 28, 1, 717, 8151, 8.80, 145.00, 240, 405, 1, 8
2026-09-01T17:34:04.5949531+07:00,2026/09/01 17:34:04.641, NVIDIA GeForce RTX 5060, 591.86, P8, 28, 0, 717, 8151, 8.88, 145.00, 210, 405, 1, 8
2026-09-01T17:34:09.6583970+07:00,2026/09/01 17:34:09.704, NVIDIA GeForce RTX 5060, 591.86, P8, 28, 0, 717, 8151, 8.80, 145.00, 210, 405, 1, 8
2026-09-01T17:34:14.7251735+07:00,2026/09/01 17:34:14.771, NVIDIA GeForce RTX 5060, 591.86, P8, 28, 0, 717, 8151, 8.88, 145.00, 247, 405, 1, 8
2026-09-01T17:34:19.8693935+07:00,2026/09/01 17:34:19.915, NVIDIA GeForce RTX 5060, 591.86, P8, 28, 0, 717, 8151, 8.69, 145.00, 210, 405, 1, 8
2026-09-01T17:34:24.9316966+07:00,2026/09/01 17:34:24.978, NVIDIA GeForce RTX 5060, 591.86, P8, 28, 0, 717, 8151, 8.62, 145.00, 240, 405, 1, 8
2026-09-01T17:34:29.9928795+07:00,2026/09/01 17:34:30.054, NVIDIA GeForce RTX 5060, 591.86, P8, 28, 0, 717, 8151, 8.81, 145.00, 210, 405, 1, 8
2026-09-01T17:34:35.0705942+07:00,2026/09/01 17:34:35.117, NVIDIA GeForce RTX 5060, 591.86, P8, 28, 2, 717, 8151, 8.78, 145.00, 240, 405, 1, 8
2026-09-01T17:34:40.1337008+07:00,2026/09/01 17:34:40.195, NVIDIA GeForce RTX 5060, 591.86, P8, 28, 0, 717, 8151, 8.65, 145.00, 210, 405, 1, 8
2026-09-01T17:34:45.2143094+07:00,2026/09/01 17:34:45.260, NVIDIA GeForce RTX 5060, 591.86, P8, 28, 0, 717, 8151, 8.74, 145.00, 210, 405, 1, 8
2026-09-01T17:34:50.3407146+07:00,2026/09/01 17:34:50.386, NVIDIA GeForce RTX 5060, 591.86, P8, 28, 0, 717, 8151, 8.77, 145.00, 247, 405, 1, 8
2026-09-01T17:34:55.4037784+07:00,2026/09/01 17:34:55.542, NVIDIA GeForce RTX 5060, 591.86, P8, 28, 0, 717, 8151, 8.73, 145.00, 210, 405, 1, 8
2026-09-01T17:35:00.5562878+07:00,2026/09/01 17:35:00.618, NVIDIA GeForce RTX 5060, 591.86, P8, 28, 0, 717, 8151, 8.82, 145.00, 270, 405, 1, 8
2026-09-01T17:35:05.6354403+07:00,2026/09/01 17:35:05.697, NVIDIA GeForce RTX 5060, 591.86, P8, 28, 0, 717, 8151, 8.83, 145.00, 210, 405, 1, 8
2026-09-01T17:35:10.7144709+07:00,2026/09/01 17:35:10.776, NVIDIA GeForce RTX 5060, 591.86, P8, 28, 2, 717, 8151, 8.73, 145.00, 247, 405, 1, 8
2026-09-01T17:35:15.7958657+07:00,2026/09/01 17:35:15.857, NVIDIA GeForce RTX 5060, 591.86, P8, 28, 0, 717, 8151, 8.81, 145.00, 247, 405, 1, 8
2026-09-01T17:35:20.9790109+07:00,2026/09/01 17:35:21.025, NVIDIA GeForce RTX 5060, 591.86, P8, 28, 0, 717, 8151, 8.64, 145.00, 210, 405, 1, 8
2026-09-01T17:35:26.0410365+07:00,2026/09/01 17:35:26.087, NVIDIA GeForce RTX 5060, 591.86, P8, 28, 0, 717, 8151, 8.68, 145.00, 240, 405, 1, 8
2026-09-01T17:35:31.1202019+07:00,2026/09/01 17:35:31.166, NVIDIA GeForce RTX 5060, 591.86, P8, 28, 0, 717, 8151, 8.75, 145.00, 210, 405, 1, 8
2026-09-01T17:35:36.1798857+07:00,2026/09/01 17:35:36.272, NVIDIA GeForce RTX 5060, 591.86, P8, 28, 0, 717, 8151, 8.75, 145.00, 247, 405, 1, 8
2026-09-01T17:35:41.3193111+07:00,2026/09/01 17:35:41.381, NVIDIA GeForce RTX 5060, 591.86, P8, 28, 0, 717, 8151, 8.74, 145.00, 210, 405, 1, 8
2026-09-01T17:35:46.3991197+07:00,2026/09/01 17:35:46.476, NVIDIA GeForce RTX 5060, 591.86, P8, 28, 0, 717, 8151, 8.65, 145.00, 210, 405, 1, 8
2026-09-01T17:35:51.5673992+07:00,2026/09/01 17:35:51.613, NVIDIA GeForce RTX 5060, 591.86, P8, 28, 0, 717, 8151, 8.69, 145.00, 240, 405, 1, 8
2026-09-01T17:35:56.6314387+07:00,2026/09/01 17:35:56.677, NVIDIA GeForce RTX 5060, 591.86, P8, 28, 0, 717, 8151, 8.76, 145.00, 210, 405, 1, 8
2026-09-01T17:36:01.6940775+07:00,2026/09/01 17:36:01.740, NVIDIA GeForce RTX 5060, 591.86, P8, 28, 0, 717, 8151, 8.76, 145.00, 232, 405, 1, 8
2026-09-01T17:36:06.7927004+07:00,2026/09/01 17:36:06.835, NVIDIA GeForce RTX 5060, 591.86, P8, 28, 0, 717, 8151, 8.69, 145.00, 210, 405, 1, 8
2026-09-01T17:36:11.8531278+07:00,2026/09/01 17:36:11.899, NVIDIA GeForce RTX 5060, 591.86, P8, 28, 2, 717, 8151, 8.78, 145.00, 247, 405, 1, 8
2026-09-01T17:36:16.9204947+07:00,2026/09/01 17:36:16.962, NVIDIA GeForce RTX 5060, 591.86, P8, 28, 0, 717, 8151, 8.68, 145.00, 225, 405, 1, 8
2026-09-01T17:36:22.0740149+07:00,2026/09/01 17:36:22.120, NVIDIA GeForce RTX 5060, 591.86, P8, 28, 0, 717, 8151, 8.56, 145.00, 210, 405, 1, 8
2026-09-01T17:36:27.1364478+07:00,2026/09/01 17:36:27.197, NVIDIA GeForce RTX 5060, 591.86, P8, 28, 0, 717, 8151, 8.52, 145.00, 247, 405, 1, 8
2026-09-01T17:36:32.2290980+07:00,2026/09/01 17:36:32.306, NVIDIA GeForce RTX 5060, 591.86, P8, 28, 0, 717, 8151, 8.72, 145.00, 210, 405, 1, 8
2026-09-01T17:36:37.3256987+07:00,2026/09/01 17:36:37.403, NVIDIA GeForce RTX 5060, 591.86, P8, 28, 0, 717, 8151, 8.74, 145.00, 247, 405, 1, 8
2026-09-01T17:36:42.4216432+07:00,2026/09/01 17:36:42.514, NVIDIA GeForce RTX 5060, 591.86, P0, 29, 0, 717, 8151, 21.79, 145.00, 2512, 14201, 4, 8
2026-09-01T17:36:47.5453371+07:00,2026/09/01 17:36:47.576, NVIDIA GeForce RTX 5060, 591.86, P0, 29, 0, 717, 8151, 22.18, 145.00, 2520, 14201, 4, 8
2026-09-01T17:36:52.6844750+07:00,2026/09/01 17:36:52.808, NVIDIA GeForce RTX 5060, 591.86, P5, 28, 0, 717, 8151, 9.12, 145.00, 240, 810, 1, 8
2026-09-01T17:36:57.8397456+07:00,2026/09/01 17:36:57.870, NVIDIA GeForce RTX 5060, 591.86, P8, 28, 1, 717, 8151, 8.74, 145.00, 210, 405, 1, 8
2026-09-01T17:37:02.8865566+07:00,2026/09/01 17:37:02.979, NVIDIA GeForce RTX 5060, 591.86, P8, 28, 0, 717, 8151, 8.69, 145.00, 240, 405, 1, 8
2026-09-01T17:37:07.9963296+07:00,2026/09/01 17:37:08.026, NVIDIA GeForce RTX 5060, 591.86, P8, 28, 0, 717, 8151, 8.70, 145.00, 255, 405, 1, 8
2026-09-01T17:37:13.0436134+07:00,2026/09/01 17:37:13.090, NVIDIA GeForce RTX 5060, 591.86, P8, 28, 1, 718, 8151, 8.44, 145.00, 210, 405, 1, 8
2026-09-01T17:37:18.1349663+07:00,2026/09/01 17:37:18.165, NVIDIA GeForce RTX 5060, 591.86, P8, 28, 0, 718, 8151, 8.55, 145.00, 210, 405, 1, 8
2026-09-01T17:37:23.2561576+07:00,2026/09/01 17:37:23.286, NVIDIA GeForce RTX 5060, 591.86, P8, 28, 0, 723, 8151, 8.84, 145.00, 262, 405, 1, 8
2026-09-01T17:37:28.3158787+07:00,2026/09/01 17:37:28.346, NVIDIA GeForce RTX 5060, 591.86, P8, 28, 0, 724, 8151, 9.03, 145.00, 255, 405, 1, 8
2026-09-01T17:37:33.3770425+07:00,2026/09/01 17:37:33.408, NVIDIA GeForce RTX 5060, 591.86, P8, 28, 4, 726, 8151, 9.39, 145.00, 277, 405, 1, 8
2026-09-01T17:37:38.4384294+07:00,2026/09/01 17:37:38.469, NVIDIA GeForce RTX 5060, 591.86, P8, 28, 0, 725, 8151, 8.72, 145.00, 285, 405, 1, 8
2026-09-01T17:37:43.4992845+07:00,2026/09/01 17:37:43.530, NVIDIA GeForce RTX 5060, 591.86, P8, 28, 1, 720, 8151, 8.91, 145.00, 210, 405, 1, 8
2026-09-01T17:37:48.5490020+07:00,2026/09/01 17:37:48.579, NVIDIA GeForce RTX 5060, 591.86, P8, 28, 0, 717, 8151, 9.03, 145.00, 262, 405, 1, 8
2026-09-01T17:37:53.6620043+07:00,2026/09/01 17:37:53.708, NVIDIA GeForce RTX 5060, 591.86, P8, 28, 6, 723, 8151, 10.77, 145.00, 420, 405, 1, 8
2026-09-01T17:37:58.7248699+07:00,2026/09/01 17:37:58.786, NVIDIA GeForce RTX 5060, 591.86, P8, 28, 2, 730, 8151, 8.75, 145.00, 225, 405, 1, 8
2026-09-01T17:38:03.8027973+07:00,2026/09/01 17:38:03.833, NVIDIA GeForce RTX 5060, 591.86, P8, 28, 0, 722, 8151, 8.70, 145.00, 210, 405, 1, 8
2026-09-01T17:38:08.8513831+07:00,2026/09/01 17:38:08.882, NVIDIA GeForce RTX 5060, 591.86, P8, 28, 0, 717, 8151, 8.68, 145.00, 232, 405, 1, 8
2026-09-01T17:38:13.9000988+07:00,2026/09/01 17:38:13.930, NVIDIA GeForce RTX 5060, 591.86, P8, 28, 0, 717, 8151, 8.73, 145.00, 240, 405, 1, 8
2026-09-01T17:38:18.9511480+07:00,2026/09/01 17:38:18.978, NVIDIA GeForce RTX 5060, 591.86, P8, 28, 0, 717, 8151, 8.48, 145.00, 210, 405, 1, 8
2026-09-01T17:38:24.0734513+07:00,2026/09/01 17:38:24.104, NVIDIA GeForce RTX 5060, 591.86, P8, 28, 0, 717, 8151, 8.58, 145.00, 262, 405, 1, 8
2026-09-01T17:38:29.1227826+07:00,2026/09/01 17:38:29.153, NVIDIA GeForce RTX 5060, 591.86, P8, 28, 0, 717, 8151, 8.60, 145.00, 210, 405, 1, 8
2026-09-01T17:38:34.1739743+07:00,2026/09/01 17:38:34.220, NVIDIA GeForce RTX 5060, 591.86, P8, 28, 0, 717, 8151, 8.64, 145.00, 262, 405, 1, 8
2026-09-01T17:38:39.2358282+07:00,2026/09/01 17:38:39.266, NVIDIA GeForce RTX 5060, 591.86, P8, 28, 0, 717, 8151, 8.66, 145.00, 210, 405, 1, 8
2026-09-01T17:38:44.2975664+07:00,2026/09/01 17:38:44.328, NVIDIA GeForce RTX 5060, 591.86, P8, 28, 0, 723, 8151, 8.69, 145.00, 232, 405, 1, 8
2026-09-01T17:38:49.3468960+07:00,2026/09/01 17:38:49.377, NVIDIA GeForce RTX 5060, 591.86, P8, 28, 0, 717, 8151, 8.68, 145.00, 232, 405, 1, 8
2026-09-01T17:38:54.4715804+07:00,2026/09/01 17:38:54.502, NVIDIA GeForce RTX 5060, 591.86, P8, 28, 0, 717, 8151, 8.67, 145.00, 210, 405, 1, 8
2026-09-01T17:38:59.5200485+07:00,2026/09/01 17:38:59.550, NVIDIA GeForce RTX 5060, 591.86, P8, 28, 0, 717, 8151, 8.55, 145.00, 225, 405, 1, 8
2026-09-01T17:39:04.5809550+07:00,2026/09/01 17:39:04.627, NVIDIA GeForce RTX 5060, 591.86, P8, 28, 0, 717, 8151, 8.44, 145.00, 210, 405, 1, 8
2026-09-01T17:39:09.6571111+07:00,2026/09/01 17:39:09.688, NVIDIA GeForce RTX 5060, 591.86, P8, 28, 0, 717, 8151, 8.51, 145.00, 225, 405, 1, 8
2026-09-01T17:39:14.7047754+07:00,2026/09/01 17:39:14.735, NVIDIA GeForce RTX 5060, 591.86, P8, 28, 0, 717, 8151, 8.63, 145.00, 210, 405, 1, 8
2026-09-01T17:39:19.7544410+07:00,2026/09/01 17:39:19.784, NVIDIA GeForce RTX 5060, 591.86, P8, 28, 0, 717, 8151, 8.56, 145.00, 232, 405, 1, 8
2026-09-01T17:39:24.8798961+07:00,2026/09/01 17:39:24.910, NVIDIA GeForce RTX 5060, 591.86, P8, 28, 0, 718, 8151, 8.53, 145.00, 225, 405, 1, 8
2026-09-01T17:39:29.9281239+07:00,2026/09/01 17:39:29.959, NVIDIA GeForce RTX 5060, 591.86, P8, 28, 0, 717, 8151, 8.51, 145.00, 210, 405, 1, 8
2026-09-01T17:39:34.9909807+07:00,2026/09/01 17:39:35.022, NVIDIA GeForce RTX 5060, 591.86, P8, 28, 0, 716, 8151, 8.60, 145.00, 255, 405, 1, 8
2026-09-01T17:39:40.0388275+07:00,2026/09/01 17:39:40.069, NVIDIA GeForce RTX 5060, 591.86, P8, 28, 0, 716, 8151, 8.47, 145.00, 240, 405, 1, 8
2026-09-01T17:39:45.0867876+07:00,2026/09/01 17:39:45.117, NVIDIA GeForce RTX 5060, 591.86, P8, 28, 0, 717, 8151, 8.52, 145.00, 225, 405, 1, 8
2026-09-01T17:39:50.1470845+07:00,2026/09/01 17:39:50.178, NVIDIA GeForce RTX 5060, 591.86, P8, 28, 0, 718, 8151, 8.47, 145.00, 210, 405, 1, 8
2026-09-01T17:39:55.2690774+07:00,2026/09/01 17:39:55.300, NVIDIA GeForce RTX 5060, 591.86, P8, 28, 0, 718, 8151, 8.48, 145.00, 210, 405, 1, 8
2026-09-01T17:40:00.3142214+07:00,2026/09/01 17:40:00.344, NVIDIA GeForce RTX 5060, 591.86, P8, 28, 0, 717, 8151, 8.44, 145.00, 232, 405, 1, 8
2026-09-01T17:40:05.3752998+07:00,2026/09/01 17:40:05.421, NVIDIA GeForce RTX 5060, 591.86, P8, 28, 0, 717, 8151, 8.45, 145.00, 210, 405, 1, 8
2026-09-01T17:40:10.4384884+07:00,2026/09/01 17:40:10.469, NVIDIA GeForce RTX 5060, 591.86, P8, 28, 0, 718, 8151, 8.37, 145.00, 232, 405, 1, 8
2026-09-01T17:40:15.4994514+07:00,2026/09/01 17:40:15.530, NVIDIA GeForce RTX 5060, 591.86, P8, 28, 0, 718, 8151, 8.30, 145.00, 210, 405, 1, 8
2026-09-01T17:40:20.5591910+07:00,2026/09/01 17:40:20.605, NVIDIA GeForce RTX 5060, 591.86, P8, 28, 0, 717, 8151, 8.40, 145.00, 225, 405, 1, 8
2026-09-01T17:40:25.6968208+07:00,2026/09/01 17:40:25.727, NVIDIA GeForce RTX 5060, 591.86, P8, 28, 0, 717, 8151, 8.31, 145.00, 210, 405, 1, 8
2026-09-01T17:40:30.7452729+07:00,2026/09/01 17:40:30.776, NVIDIA GeForce RTX 5060, 591.86, P8, 28, 0, 717, 8151, 8.46, 145.00, 210, 405, 1, 8
2026-09-01T17:40:35.7930143+07:00,2026/09/01 17:40:35.824, NVIDIA GeForce RTX 5060, 591.86, P8, 28, 0, 717, 8151, 8.42, 145.00, 232, 405, 1, 8
2026-09-01T17:40:40.8540829+07:00,2026/09/01 17:40:40.885, NVIDIA GeForce RTX 5060, 591.86, P8, 28, 0, 717, 8151, 8.32, 145.00, 210, 405, 1, 8
2026-09-01T17:40:45.9157226+07:00,2026/09/01 17:40:45.946, NVIDIA GeForce RTX 5060, 591.86, P8, 28, 0, 717, 8151, 8.40, 145.00, 232, 405, 1, 8
2026-09-01T17:40:50.9634362+07:00,2026/09/01 17:40:51.009, NVIDIA GeForce RTX 5060, 591.86, P8, 28, 0, 717, 8151, 8.31, 145.00, 210, 405, 1, 8
2026-09-01T17:40:56.1037945+07:00,2026/09/01 17:40:56.134, NVIDIA GeForce RTX 5060, 591.86, P8, 28, 0, 718, 8151, 8.49, 145.00, 232, 405, 1, 8
2026-09-01T17:41:01.1644690+07:00,2026/09/01 17:41:01.195, NVIDIA GeForce RTX 5060, 591.86, P8, 28, 0, 717, 8151, 8.69, 145.00, 210, 405, 1, 8
2026-09-01T17:41:06.2130612+07:00,2026/09/01 17:41:06.244, NVIDIA GeForce RTX 5060, 591.86, P8, 28, 0, 717, 8151, 8.58, 145.00, 210, 405, 1, 8
2026-09-01T17:41:11.2736941+07:00,2026/09/01 17:41:11.304, NVIDIA GeForce RTX 5060, 591.86, P8, 28, 0, 717, 8151, 8.57, 145.00, 232, 405, 1, 8
2026-09-01T17:41:16.3206698+07:00,2026/09/01 17:41:16.351, NVIDIA GeForce RTX 5060, 591.86, P8, 28, 0, 718, 8151, 8.52, 145.00, 210, 405, 1, 8
2026-09-01T17:41:21.3832371+07:00,2026/09/01 17:41:21.413, NVIDIA GeForce RTX 5060, 591.86, P8, 28, 0, 717, 8151, 8.42, 145.00, 225, 405, 1, 8
2026-09-01T17:41:26.5211210+07:00,2026/09/01 17:41:26.552, NVIDIA GeForce RTX 5060, 591.86, P8, 28, 0, 717, 8151, 8.48, 145.00, 210, 405, 1, 8
2026-09-01T17:41:31.5691772+07:00,2026/09/01 17:41:31.615, NVIDIA GeForce RTX 5060, 591.86, P8, 28, 0, 718, 8151, 8.48, 145.00, 225, 405, 1, 8
2026-09-01T17:41:36.6318387+07:00,2026/09/01 17:41:36.662, NVIDIA GeForce RTX 5060, 591.86, P8, 28, 0, 718, 8151, 8.54, 145.00, 210, 405, 1, 8
2026-09-01T17:41:41.6940785+07:00,2026/09/01 17:41:41.725, NVIDIA GeForce RTX 5060, 591.86, P8, 28, 0, 717, 8151, 8.65, 145.00, 210, 405, 1, 8
2026-09-01T17:41:46.7552422+07:00,2026/09/01 17:41:46.832, NVIDIA GeForce RTX 5060, 591.86, P8, 28, 0, 717, 8151, 8.72, 145.00, 232, 405, 1, 8
2026-09-01T17:41:51.8496450+07:00,2026/09/01 17:41:51.880, NVIDIA GeForce RTX 5060, 591.86, P8, 28, 0, 717, 8151, 8.60, 145.00, 210, 405, 1, 8
2026-09-01T17:41:56.9768450+07:00,2026/09/01 17:41:57.007, NVIDIA GeForce RTX 5060, 591.86, P8, 28, 0, 717, 8151, 8.67, 145.00, 232, 405, 1, 8
2026-09-01T17:42:02.0245731+07:00,2026/09/01 17:42:02.071, NVIDIA GeForce RTX 5060, 591.86, P8, 28, 0, 717, 8151, 8.61, 145.00, 210, 405, 1, 8
2026-09-01T17:42:07.1010631+07:00,2026/09/01 17:42:07.132, NVIDIA GeForce RTX 5060, 591.86, P8, 28, 0, 717, 8151, 8.59, 145.00, 232, 405, 1, 8
2026-09-01T17:42:12.1638427+07:00,2026/09/01 17:42:12.194, NVIDIA GeForce RTX 5060, 591.86, P8, 28, 0, 717, 8151, 8.57, 145.00, 217, 405, 1, 8
2026-09-01T17:42:17.2255363+07:00,2026/09/01 17:42:17.256, NVIDIA GeForce RTX 5060, 591.86, P8, 28, 0, 717, 8151, 8.38, 145.00, 210, 405, 1, 8
2026-09-01T17:42:22.2871721+07:00,2026/09/01 17:42:22.318, NVIDIA GeForce RTX 5060, 591.86, P8, 28, 0, 717, 8151, 8.56, 145.00, 232, 405, 1, 8
2026-09-01T17:42:27.4228043+07:00,2026/09/01 17:42:27.452, NVIDIA GeForce RTX 5060, 591.86, P8, 28, 0, 717, 8151, 8.50, 145.00, 210, 405, 1, 8
2026-09-01T17:42:32.4633492+07:00,2026/09/01 17:42:32.509, NVIDIA GeForce RTX 5060, 591.86, P8, 28, 0, 717, 8151, 8.44, 145.00, 232, 405, 1, 8
2026-09-01T17:42:37.5396841+07:00,2026/09/01 17:42:37.586, NVIDIA GeForce RTX 5060, 591.86, P8, 28, 0, 717, 8151, 8.61, 145.00, 210, 405, 1, 8
2026-09-01T17:42:42.6138833+07:00,2026/09/01 17:42:42.645, NVIDIA GeForce RTX 5060, 591.86, P8, 28, 0, 717, 8151, 8.43, 145.00, 232, 405, 1, 8
2026-09-01T17:42:47.6648705+07:00,2026/09/01 17:42:47.710, NVIDIA GeForce RTX 5060, 591.86, P8, 28, 0, 717, 8151, 8.38, 145.00, 240, 405, 1, 8
2026-09-01T17:42:52.7236749+07:00,2026/09/01 17:42:52.754, NVIDIA GeForce RTX 5060, 591.86, P8, 28, 0, 712, 8151, 8.35, 145.00, 232, 405, 1, 8
2026-09-01T17:42:57.8368271+07:00,2026/09/01 17:42:57.882, NVIDIA GeForce RTX 5060, 591.86, P8, 28, 0, 712, 8151, 8.52, 145.00, 210, 405, 1, 8
2026-09-01T17:43:02.8965790+07:00,2026/09/01 17:43:02.957, NVIDIA GeForce RTX 5060, 591.86, P8, 28, 0, 712, 8151, 8.51, 145.00, 240, 405, 1, 8
2026-09-01T17:43:07.9709746+07:00,2026/09/01 17:43:08.017, NVIDIA GeForce RTX 5060, 591.86, P8, 28, 0, 712, 8151, 8.42, 145.00, 210, 405, 1, 8
2026-09-01T17:43:13.0328866+07:00,2026/09/01 17:43:13.062, NVIDIA GeForce RTX 5060, 591.86, P8, 28, 0, 712, 8151, 8.52, 145.00, 225, 405, 1, 8
2026-09-01T17:43:18.0742096+07:00,2026/09/01 17:43:18.119, NVIDIA GeForce RTX 5060, 591.86, P8, 28, 0, 712, 8151, 8.38, 145.00, 225, 405, 1, 8
2026-09-01T17:43:23.1355486+07:00,2026/09/01 17:43:23.180, NVIDIA GeForce RTX 5060, 591.86, P8, 28, 0, 712, 8151, 8.55, 145.00, 210, 405, 1, 8
2026-09-01T17:43:28.2439504+07:00,2026/09/01 17:43:28.274, NVIDIA GeForce RTX 5060, 591.86, P8, 28, 0, 712, 8151, 8.52, 145.00, 240, 405, 1, 8
2026-09-01T17:43:33.2906852+07:00,2026/09/01 17:43:33.321, NVIDIA GeForce RTX 5060, 591.86, P8, 28, 0, 712, 8151, 8.40, 145.00, 210, 405, 1, 8
2026-09-01T17:43:38.3345847+07:00,2026/09/01 17:43:38.365, NVIDIA GeForce RTX 5060, 591.86, P8, 28, 0, 712, 8151, 8.48, 145.00, 232, 405, 1, 8
2026-09-01T17:43:43.3793006+07:00,2026/09/01 17:43:43.423, NVIDIA GeForce RTX 5060, 591.86, P8, 28, 0, 712, 8151, 8.44, 145.00, 210, 405, 1, 8
2026-09-01T17:43:48.4439172+07:00,2026/09/01 17:43:48.474, NVIDIA GeForce RTX 5060, 591.86, P8, 28, 0, 712, 8151, 8.70, 145.00, 232, 405, 1, 8
2026-09-01T17:43:53.4858355+07:00,2026/09/01 17:43:53.530, NVIDIA GeForce RTX 5060, 591.86, P8, 28, 0, 712, 8151, 8.51, 145.00, 210, 405, 1, 8
2026-09-01T17:43:58.6070457+07:00,2026/09/01 17:43:58.636, NVIDIA GeForce RTX 5060, 591.86, P8, 28, 0, 712, 8151, 8.46, 145.00, 210, 405, 1, 8
2026-09-01T17:44:03.6452075+07:00,2026/09/01 17:44:03.674, NVIDIA GeForce RTX 5060, 591.86, P8, 28, 0, 712, 8151, 8.42, 145.00, 232, 405, 1, 8
2026-09-01T17:44:08.6930525+07:00,2026/09/01 17:44:08.722, NVIDIA GeForce RTX 5060, 591.86, P8, 28, 0, 712, 8151, 8.40, 145.00, 210, 405, 1, 8
2026-09-01T17:44:13.7400031+07:00,2026/09/01 17:44:13.770, NVIDIA GeForce RTX 5060, 591.86, P8, 28, 0, 712, 8151, 8.41, 145.00, 232, 405, 1, 8
2026-09-01T17:44:18.7832178+07:00,2026/09/01 17:44:18.828, NVIDIA GeForce RTX 5060, 591.86, P8, 28, 0, 712, 8151, 8.26, 145.00, 210, 405, 1, 8
2026-09-01T17:44:23.8418533+07:00,2026/09/01 17:44:23.872, NVIDIA GeForce RTX 5060, 591.86, P8, 28, 0, 712, 8151, 8.49, 145.00, 232, 405, 1, 8
2026-09-01T17:44:28.9488771+07:00,2026/09/01 17:44:28.979, NVIDIA GeForce RTX 5060, 591.86, P8, 28, 0, 712, 8151, 8.46, 145.00, 225, 405, 1, 8
2026-09-01T17:44:33.9928781+07:00,2026/09/01 17:44:34.038, NVIDIA GeForce RTX 5060, 591.86, P8, 28, 0, 712, 8151, 8.56, 145.00, 210, 405, 1, 8
2026-09-01T17:44:39.0481440+07:00,2026/09/01 17:44:39.094, NVIDIA GeForce RTX 5060, 591.86, P8, 28, 0, 712, 8151, 8.53, 145.00, 225, 405, 1, 8
2026-09-01T17:44:44.1020911+07:00,2026/09/01 17:44:44.132, NVIDIA GeForce RTX 5060, 591.86, P8, 28, 0, 712, 8151, 8.46, 145.00, 202, 405, 1, 8
2026-09-01T17:44:49.1430234+07:00,2026/09/01 17:44:49.174, NVIDIA GeForce RTX 5060, 591.86, P8, 28, 0, 712, 8151, 8.45, 145.00, 232, 405, 1, 8
2026-09-01T17:44:54.1873903+07:00,2026/09/01 17:44:54.217, NVIDIA GeForce RTX 5060, 591.86, P8, 28, 0, 712, 8151, 8.37, 145.00, 210, 405, 1, 8
2026-09-01T17:44:59.2784815+07:00,2026/09/01 17:44:59.323, NVIDIA GeForce RTX 5060, 591.86, P8, 28, 0, 712, 8151, 8.47, 145.00, 225, 405, 1, 8
2026-09-01T17:45:04.3445676+07:00,2026/09/01 17:45:04.389, NVIDIA GeForce RTX 5060, 591.86, P8, 28, 0, 718, 8151, 8.52, 145.00, 240, 405, 1, 8
2026-09-01T17:45:09.4136708+07:00,2026/09/01 17:45:09.444, NVIDIA GeForce RTX 5060, 591.86, P8, 28, 1, 717, 8151, 8.47, 145.00, 210, 405, 1, 8
2026-09-01T17:45:14.4521548+07:00,2026/09/01 17:45:14.498, NVIDIA GeForce RTX 5060, 591.86, P8, 28, 0, 717, 8151, 8.44, 145.00, 247, 405, 1, 8
2026-09-01T17:45:19.5411865+07:00,2026/09/01 17:45:19.571, NVIDIA GeForce RTX 5060, 591.86, P8, 28, 0, 717, 8151, 8.61, 145.00, 210, 405, 1, 8
2026-09-01T17:45:24.6001675+07:00,2026/09/01 17:45:24.631, NVIDIA GeForce RTX 5060, 591.86, P8, 28, 0, 717, 8151, 8.42, 145.00, 240, 405, 1, 8
2026-09-01T17:45:29.7235439+07:00,2026/09/01 17:45:29.785, NVIDIA GeForce RTX 5060, 591.86, P8, 28, 0, 717, 8151, 8.46, 145.00, 210, 405, 1, 8
2026-09-01T17:45:34.8121004+07:00,2026/09/01 17:45:34.874, NVIDIA GeForce RTX 5060, 591.86, P8, 28, 1, 718, 8151, 8.60, 145.00, 225, 405, 1, 8
2026-09-01T17:45:39.9007790+07:00,2026/09/01 17:45:39.962, NVIDIA GeForce RTX 5060, 591.86, P8, 28, 0, 717, 8151, 8.52, 145.00, 247, 405, 1, 8
2026-09-01T17:45:44.9939676+07:00,2026/09/01 17:45:45.055, NVIDIA GeForce RTX 5060, 591.86, P8, 28, 1, 717, 8151, 8.62, 145.00, 210, 405, 1, 8
2026-09-01T17:45:50.0991318+07:00,2026/09/01 17:45:50.145, NVIDIA GeForce RTX 5060, 591.86, P8, 28, 0, 717, 8151, 8.32, 145.00, 240, 405, 1, 8
2026-09-01T17:45:55.1581183+07:00,2026/09/01 17:45:55.250, NVIDIA GeForce RTX 5060, 591.86, P8, 28, 0, 717, 8151, 8.43, 145.00, 210, 405, 1, 8
2026-09-01T17:46:00.3415015+07:00,2026/09/01 17:46:00.403, NVIDIA GeForce RTX 5060, 591.86, P8, 28, 0, 717, 8151, 8.49, 145.00, 247, 405, 1, 8
2026-09-01T17:46:05.4450332+07:00,2026/09/01 17:46:05.507, NVIDIA GeForce RTX 5060, 591.86, P8, 28, 0, 717, 8151, 8.55, 145.00, 210, 405, 1, 8
2026-09-01T17:46:10.5499404+07:00,2026/09/01 17:46:10.611, NVIDIA GeForce RTX 5060, 591.86, P8, 28, 1, 717, 8151, 8.62, 145.00, 210, 405, 1, 8
2026-09-01T17:46:15.6464977+07:00,2026/09/01 17:46:15.692, NVIDIA GeForce RTX 5060, 591.86, P8, 28, 0, 717, 8151, 8.46, 145.00, 240, 405, 1, 8
2026-09-01T17:46:20.7249844+07:00,2026/09/01 17:46:20.833, NVIDIA GeForce RTX 5060, 591.86, P8, 28, 0, 717, 8151, 8.34, 145.00, 210, 405, 1, 8
2026-09-01T17:46:25.8667124+07:00,2026/09/01 17:46:25.959, NVIDIA GeForce RTX 5060, 591.86, P8, 28, 0, 717, 8151, 8.49, 145.00, 240, 405, 1, 8
2026-09-01T17:46:31.0852647+07:00,2026/09/01 17:46:31.147, NVIDIA GeForce RTX 5060, 591.86, P8, 28, 0, 717, 8151, 8.38, 145.00, 210, 405, 1, 8
2026-09-01T17:46:36.1627980+07:00,2026/09/01 17:46:36.209, NVIDIA GeForce RTX 5060, 591.86, P8, 28, 0, 717, 8151, 8.37, 145.00, 232, 405, 1, 8
2026-09-01T17:46:41.2239606+07:00,2026/09/01 17:46:41.270, NVIDIA GeForce RTX 5060, 591.86, P0, 29, 0, 717, 8151, 10.21, 145.00, 742, 14201, 4, 8
2026-09-01T17:46:46.2835246+07:00,2026/09/01 17:46:46.344, NVIDIA GeForce RTX 5060, 591.86, P0, 29, 0, 717, 8151, 21.62, 145.00, 2512, 14201, 4, 8
2026-09-01T17:46:51.3594640+07:00,2026/09/01 17:46:51.421, NVIDIA GeForce RTX 5060, 591.86, P8, 28, 0, 717, 8151, 8.59, 145.00, 240, 405, 1, 8
2026-09-01T17:46:56.4383164+07:00,2026/09/01 17:46:56.484, NVIDIA GeForce RTX 5060, 591.86, P8, 28, 0, 717, 8151, 8.67, 145.00, 210, 405, 1, 8
2026-09-01T17:47:01.5777596+07:00,2026/09/01 17:47:01.624, NVIDIA GeForce RTX 5060, 591.86, P8, 28, 0, 717, 8151, 8.71, 145.00, 240, 405, 1, 8
2026-09-01T17:47:06.6385470+07:00,2026/09/01 17:47:06.685, NVIDIA GeForce RTX 5060, 591.86, P8, 28, 0, 717, 8151, 8.58, 145.00, 210, 405, 1, 8
2026-09-01T17:47:11.7014629+07:00,2026/09/01 17:47:11.747, NVIDIA GeForce RTX 5060, 591.86, P8, 28, 1, 717, 8151, 8.56, 145.00, 232, 405, 1, 8
2026-09-01T17:47:16.7641907+07:00,2026/09/01 17:47:16.810, NVIDIA GeForce RTX 5060, 591.86, P8, 28, 0, 718, 8151, 8.73, 145.00, 247, 405, 1, 8
2026-09-01T17:47:21.8261487+07:00,2026/09/01 17:47:21.872, NVIDIA GeForce RTX 5060, 591.86, P8, 28, 1, 717, 8151, 8.77, 145.00, 210, 405, 1, 8
2026-09-01T17:47:26.8908202+07:00,2026/09/01 17:47:26.951, NVIDIA GeForce RTX 5060, 591.86, P8, 28, 0, 717, 8151, 8.67, 145.00, 240, 405, 1, 8
2026-09-01T17:47:32.0450130+07:00,2026/09/01 17:47:32.091, NVIDIA GeForce RTX 5060, 591.86, P8, 28, 0, 718, 8151, 8.69, 145.00, 210, 405, 1, 8
2026-09-01T17:47:37.1065135+07:00,2026/09/01 17:47:37.152, NVIDIA GeForce RTX 5060, 591.86, P8, 28, 0, 717, 8151, 8.68, 145.00, 240, 405, 1, 8
2026-09-01T17:47:42.1697631+07:00,2026/09/01 17:47:42.216, NVIDIA GeForce RTX 5060, 591.86, P8, 28, 0, 718, 8151, 8.79, 145.00, 210, 405, 1, 8
2026-09-01T17:47:47.2461573+07:00,2026/09/01 17:47:47.293, NVIDIA GeForce RTX 5060, 591.86, P8, 28, 1, 717, 8151, 8.56, 145.00, 210, 405, 1, 8
2026-09-01T17:47:52.3084691+07:00,2026/09/01 17:47:52.370, NVIDIA GeForce RTX 5060, 591.86, P8, 28, 0, 717, 8151, 8.60, 145.00, 240, 405, 1, 8
2026-09-01T17:47:57.3880307+07:00,2026/09/01 17:47:57.434, NVIDIA GeForce RTX 5060, 591.86, P8, 28, 0, 717, 8151, 8.67, 145.00, 210, 405, 1, 8
2026-09-01T17:48:02.5421623+07:00,2026/09/01 17:48:02.588, NVIDIA GeForce RTX 5060, 591.86, P8, 28, 0, 718, 8151, 8.49, 145.00, 240, 405, 1, 8
2026-09-01T17:48:07.6056805+07:00,2026/09/01 17:48:07.652, NVIDIA GeForce RTX 5060, 591.86, P8, 28, 0, 717, 8151, 8.66, 145.00, 210, 405, 1, 8
2026-09-01T17:48:12.6669587+07:00,2026/09/01 17:48:12.697, NVIDIA GeForce RTX 5060, 591.86, P8, 28, 0, 717, 8151, 8.52, 145.00, 232, 405, 1, 8
2026-09-01T17:48:17.7114408+07:00,2026/09/01 17:48:17.758, NVIDIA GeForce RTX 5060, 591.86, P8, 28, 0, 717, 8151, 8.51, 145.00, 210, 405, 1, 8
2026-09-01T17:48:22.7722087+07:00,2026/09/01 17:48:22.819, NVIDIA GeForce RTX 5060, 591.86, P8, 28, 1, 717, 8151, 8.65, 145.00, 210, 405, 1, 8
2026-09-01T17:48:27.8325874+07:00,2026/09/01 17:48:27.914, NVIDIA GeForce RTX 5060, 591.86, P8, 28, 0, 717, 8151, 8.56, 145.00, 240, 405, 1, 8
2026-09-01T17:48:32.9871017+07:00,2026/09/01 17:48:33.033, NVIDIA GeForce RTX 5060, 591.86, P8, 28, 0, 718, 8151, 8.61, 145.00, 210, 405, 1, 8
2026-09-01T17:48:38.0625539+07:00,2026/09/01 17:48:38.108, NVIDIA GeForce RTX 5060, 591.86, P8, 28, 0, 717, 8151, 8.65, 145.00, 255, 405, 1, 8
2026-09-01T17:48:43.1257957+07:00,2026/09/01 17:48:43.172, NVIDIA GeForce RTX 5060, 591.86, P8, 28, 0, 717, 8151, 8.65, 145.00, 210, 405, 1, 8
2026-09-01T17:48:48.1982394+07:00,2026/09/01 17:48:48.260, NVIDIA GeForce RTX 5060, 591.86, P8, 28, 0, 717, 8151, 8.60, 145.00, 247, 405, 1, 8
2026-09-01T17:48:53.3364515+07:00,2026/09/01 17:48:53.414, NVIDIA GeForce RTX 5060, 591.86, P8, 28, 0, 717, 8151, 8.64, 145.00, 210, 405, 1, 8
2026-09-01T17:48:58.4589876+07:00,2026/09/01 17:48:58.520, NVIDIA GeForce RTX 5060, 591.86, P8, 28, 1, 717, 8151, 8.74, 145.00, 210, 405, 1, 8
2026-09-01T17:49:03.6108186+07:00,2026/09/01 17:49:03.703, NVIDIA GeForce RTX 5060, 591.86, P8, 28, 0, 717, 8151, 8.46, 145.00, 240, 405, 1, 8
2026-09-01T17:49:08.7338720+07:00,2026/09/01 17:49:08.826, NVIDIA GeForce RTX 5060, 591.86, P8, 28, 0, 717, 8151, 8.51, 145.00, 210, 405, 1, 8
2026-09-01T17:49:13.8468406+07:00,2026/09/01 17:49:13.893, NVIDIA GeForce RTX 5060, 591.86, P8, 28, 0, 717, 8151, 8.49, 145.00, 240, 405, 1, 8
2026-09-01T17:49:18.9105373+07:00,2026/09/01 17:49:18.957, NVIDIA GeForce RTX 5060, 591.86, P8, 28, 0, 717, 8151, 8.62, 145.00, 210, 405, 1, 8
2026-09-01T17:49:23.9714228+07:00,2026/09/01 17:49:24.003, NVIDIA GeForce RTX 5060, 591.86, P8, 28, 0, 717, 8151, 8.70, 145.00, 240, 405, 1, 8
2026-09-01T17:49:29.0172697+07:00,2026/09/01 17:49:29.063, NVIDIA GeForce RTX 5060, 591.86, P8, 28, 0, 717, 8151, 8.60, 145.00, 210, 405, 1, 8
2026-09-01T17:49:34.1722039+07:00,2026/09/01 17:49:34.217, NVIDIA GeForce RTX 5060, 591.86, P8, 28, 1, 717, 8151, 8.50, 145.00, 210, 405, 1, 8
2026-09-01T17:49:39.2326261+07:00,2026/09/01 17:49:39.279, NVIDIA GeForce RTX 5060, 591.86, P8, 28, 0, 717, 8151, 8.57, 145.00, 240, 405, 1, 8
2026-09-01T17:49:44.2936995+07:00,2026/09/01 17:49:44.356, NVIDIA GeForce RTX 5060, 591.86, P8, 28, 0, 717, 8151, 8.57, 145.00, 210, 405, 1, 8
2026-09-01T17:49:49.3861121+07:00,2026/09/01 17:49:49.447, NVIDIA GeForce RTX 5060, 591.86, P8, 28, 0, 718, 8151, 8.56, 145.00, 240, 405, 1, 8
2026-09-01T17:49:54.4763111+07:00,2026/09/01 17:49:54.569, NVIDIA GeForce RTX 5060, 591.86, P8, 28, 0, 717, 8151, 8.58, 145.00, 210, 405, 1, 8
2026-09-01T17:49:59.5861142+07:00,2026/09/01 17:49:59.663, NVIDIA GeForce RTX 5060, 591.86, P8, 28, 0, 717, 8151, 8.66, 145.00, 240, 405, 1, 8
2026-09-01T17:50:04.7535505+07:00,2026/09/01 17:50:04.846, NVIDIA GeForce RTX 5060, 591.86, P8, 28, 0, 717, 8151, 8.66, 145.00, 240, 405, 1, 8
2026-09-01T17:50:09.8901158+07:00,2026/09/01 17:50:09.921, NVIDIA GeForce RTX 5060, 591.86, P8, 28, 0, 717, 8151, 8.53, 145.00, 210, 405, 1, 8
2026-09-01T17:50:14.9516398+07:00,2026/09/01 17:50:14.998, NVIDIA GeForce RTX 5060, 591.86, P8, 28, 0, 717, 8151, 8.74, 145.00, 232, 405, 1, 8
2026-09-01T17:50:20.0283334+07:00,2026/09/01 17:50:20.074, NVIDIA GeForce RTX 5060, 591.86, P8, 28, 1, 717, 8151, 8.54, 145.00, 210, 405, 1, 8
2026-09-01T17:50:25.1073422+07:00,2026/09/01 17:50:25.138, NVIDIA GeForce RTX 5060, 591.86, P8, 28, 0, 717, 8151, 8.71, 145.00, 240, 405, 1, 8
2026-09-01T17:50:30.1696133+07:00,2026/09/01 17:50:30.200, NVIDIA GeForce RTX 5060, 591.86, P8, 28, 0, 717, 8151, 8.68, 145.00, 210, 405, 1, 8
2026-09-01T17:50:35.2943021+07:00,2026/09/01 17:50:35.355, NVIDIA GeForce RTX 5060, 591.86, P8, 28, 0, 717, 8151, 8.59, 145.00, 210, 405, 1, 8
2026-09-01T17:50:40.3870570+07:00,2026/09/01 17:50:40.449, NVIDIA GeForce RTX 5060, 591.86, P8, 28, 0, 717, 8151, 8.62, 145.00, 240, 405, 1, 8
2026-09-01T17:50:45.4953008+07:00,2026/09/01 17:50:45.588, NVIDIA GeForce RTX 5060, 591.86, P8, 28, 1, 717, 8151, 8.61, 145.00, 210, 405, 1, 8
2026-09-01T17:50:50.6151725+07:00,2026/09/01 17:50:50.646, NVIDIA GeForce RTX 5060, 591.86, P8, 28, 0, 717, 8151, 8.69, 145.00, 240, 405, 1, 8
2026-09-01T17:50:55.6754266+07:00,2026/09/01 17:50:55.706, NVIDIA GeForce RTX 5060, 591.86, P8, 28, 1, 717, 8151, 8.81, 145.00, 210, 405, 1, 8
2026-09-01T17:51:00.7339332+07:00,2026/09/01 17:51:00.764, NVIDIA GeForce RTX 5060, 591.86, P8, 28, 0, 717, 8151, 8.57, 145.00, 232, 405, 1, 8
2026-09-01T17:51:05.8696045+07:00,2026/09/01 17:51:05.900, NVIDIA GeForce RTX 5060, 591.86, P8, 28, 0, 717, 8151, 8.73, 145.00, 210, 405, 1, 8
2026-09-01T17:51:10.9288103+07:00,2026/09/01 17:51:10.990, NVIDIA GeForce RTX 5060, 591.86, P8, 28, 0, 717, 8151, 8.65, 145.00, 210, 405, 1, 8
2026-09-01T17:51:16.0193644+07:00,2026/09/01 17:51:16.065, NVIDIA GeForce RTX 5060, 591.86, P8, 28, 0, 718, 8151, 8.60, 145.00, 240, 405, 1, 8
2026-09-01T17:51:21.0956480+07:00,2026/09/01 17:51:21.126, NVIDIA GeForce RTX 5060, 591.86, P8, 28, 1, 717, 8151, 8.57, 145.00, 210, 405, 1, 8
2026-09-01T17:51:26.1566292+07:00,2026/09/01 17:51:26.187, NVIDIA GeForce RTX 5060, 591.86, P8, 28, 0, 717, 8151, 8.56, 145.00, 240, 405, 1, 8
2026-09-01T17:51:31.2187605+07:00,2026/09/01 17:51:31.249, NVIDIA GeForce RTX 5060, 591.86, P8, 28, 0, 717, 8151, 8.61, 145.00, 210, 405, 1, 8
2026-09-01T17:51:36.3566380+07:00,2026/09/01 17:51:36.387, NVIDIA GeForce RTX 5060, 591.86, P8, 28, 0, 717, 8151, 8.36, 145.00, 232, 405, 1, 8
2026-09-01T17:51:41.4069034+07:00,2026/09/01 17:51:41.453, NVIDIA GeForce RTX 5060, 591.86, P8, 28, 0, 717, 8151, 8.72, 145.00, 210, 405, 1, 8
2026-09-01T17:51:46.4852195+07:00,2026/09/01 17:51:46.516, NVIDIA GeForce RTX 5060, 591.86, P8, 28, 0, 717, 8151, 8.67, 145.00, 210, 405, 1, 8
2026-09-01T17:51:51.5473045+07:00,2026/09/01 17:51:51.593, NVIDIA GeForce RTX 5060, 591.86, P8, 28, 0, 717, 8151, 8.50, 145.00, 240, 405, 1, 8
2026-09-01T17:51:56.6126999+07:00,2026/09/01 17:51:56.643, NVIDIA GeForce RTX 5060, 591.86, P8, 28, 1, 717, 8151, 8.57, 145.00, 202, 405, 1, 8
2026-09-01T17:52:01.6723801+07:00,2026/09/01 17:52:01.703, NVIDIA GeForce RTX 5060, 591.86, P8, 28, 0, 718, 8151, 8.70, 145.00, 240, 405, 1, 8
2026-09-01T17:52:06.8093627+07:00,2026/09/01 17:52:06.855, NVIDIA GeForce RTX 5060, 591.86, P8, 28, 0, 717, 8151, 8.56, 145.00, 210, 405, 1, 8
2026-09-01T17:52:11.8862987+07:00,2026/09/01 17:52:11.917, NVIDIA GeForce RTX 5060, 591.86, P8, 28, 0, 718, 8151, 8.63, 145.00, 232, 405, 1, 8
2026-09-01T17:52:16.9468055+07:00,2026/09/01 17:52:16.977, NVIDIA GeForce RTX 5060, 591.86, P8, 28, 0, 717, 8151, 8.50, 145.00, 232, 405, 1, 8
2026-09-01T17:52:22.0088697+07:00,2026/09/01 17:52:22.039, NVIDIA GeForce RTX 5060, 591.86, P8, 28, 0, 717, 8151, 8.62, 145.00, 210, 405, 1, 8
2026-09-01T17:52:27.0700832+07:00,2026/09/01 17:52:27.101, NVIDIA GeForce RTX 5060, 591.86, P8, 28, 0, 718, 8151, 8.60, 145.00, 240, 405, 1, 8
2026-09-01T17:52:32.1286866+07:00,2026/09/01 17:52:32.159, NVIDIA GeForce RTX 5060, 591.86, P8, 28, 1, 717, 8151, 8.67, 145.00, 210, 405, 1, 8
2026-09-01T17:52:37.2661677+07:00,2026/09/01 17:52:37.296, NVIDIA GeForce RTX 5060, 591.86, P8, 28, 0, 717, 8151, 8.62, 145.00, 232, 405, 1, 8
2026-09-01T17:52:42.3145615+07:00,2026/09/01 17:52:42.345, NVIDIA GeForce RTX 5060, 591.86, P8, 28, 0, 717, 8151, 8.47, 145.00, 210, 405, 1, 8
2026-09-01T17:52:47.3762184+07:00,2026/09/01 17:52:47.407, NVIDIA GeForce RTX 5060, 591.86, P8, 28, 0, 717, 8151, 8.44, 145.00, 240, 405, 1, 8
2026-09-01T17:52:52.4247420+07:00,2026/09/01 17:52:52.471, NVIDIA GeForce RTX 5060, 591.86, P8, 28, 0, 717, 8151, 8.44, 145.00, 240, 405, 1, 8
2026-09-01T17:52:57.4998125+07:00,2026/09/01 17:52:57.530, NVIDIA GeForce RTX 5060, 591.86, P8, 28, 0, 717, 8151, 8.67, 145.00, 210, 405, 1, 8
2026-09-01T17:53:02.5609368+07:00,2026/09/01 17:53:02.591, NVIDIA GeForce RTX 5060, 591.86, P8, 28, 0, 717, 8151, 8.60, 145.00, 247, 405, 1, 8
2026-09-01T17:53:07.6994221+07:00,2026/09/01 17:53:07.730, NVIDIA GeForce RTX 5060, 591.86, P8, 28, 1, 717, 8151, 8.76, 145.00, 210, 405, 1, 8
2026-09-01T17:53:12.7613881+07:00,2026/09/01 17:53:12.792, NVIDIA GeForce RTX 5060, 591.86, P8, 28, 0, 717, 8151, 8.51, 145.00, 210, 405, 1, 8
2026-09-01T17:53:17.8200832+07:00,2026/09/01 17:53:17.866, NVIDIA GeForce RTX 5060, 591.86, P8, 28, 0, 717, 8151, 8.50, 145.00, 225, 405, 1, 8
2026-09-01T17:53:22.8956802+07:00,2026/09/01 17:53:22.926, NVIDIA GeForce RTX 5060, 591.86, P8, 28, 0, 718, 8151, 8.62, 145.00, 240, 405, 1, 8
2026-09-01T17:53:27.9571467+07:00,2026/09/01 17:53:28.003, NVIDIA GeForce RTX 5060, 591.86, P8, 28, 0, 717, 8151, 8.48, 145.00, 210, 405, 1, 8
2026-09-01T17:53:33.0233773+07:00,2026/09/01 17:53:33.054, NVIDIA GeForce RTX 5060, 591.86, P8, 28, 0, 717, 8151, 8.71, 145.00, 240, 405, 1, 8
2026-09-01T17:53:38.1474814+07:00,2026/09/01 17:53:38.178, NVIDIA GeForce RTX 5060, 591.86, P8, 28, 0, 717, 8151, 8.65, 145.00, 210, 405, 1, 8
2026-09-01T17:53:43.2088710+07:00,2026/09/01 17:53:43.239, NVIDIA GeForce RTX 5060, 591.86, P8, 28, 1, 717, 8151, 8.77, 145.00, 247, 405, 1, 8
2026-09-01T17:53:48.2685719+07:00,2026/09/01 17:53:48.330, NVIDIA GeForce RTX 5060, 591.86, P8, 28, 0, 717, 8151, 8.44, 145.00, 210, 405, 1, 8
2026-09-01T17:53:53.3765803+07:00,2026/09/01 17:53:53.423, NVIDIA GeForce RTX 5060, 591.86, P8, 28, 0, 718, 8151, 8.49, 145.00, 232, 405, 1, 8
2026-09-01T17:53:58.4525314+07:00,2026/09/01 17:53:58.483, NVIDIA GeForce RTX 5060, 591.86, P8, 28, 0, 717, 8151, 8.68, 145.00, 240, 405, 1, 8
2026-09-01T17:54:03.5287348+07:00,2026/09/01 17:54:03.559, NVIDIA GeForce RTX 5060, 591.86, P8, 28, 0, 717, 8151, 8.63, 145.00, 210, 405, 1, 8
2026-09-01T17:54:08.6666888+07:00,2026/09/01 17:54:08.697, NVIDIA GeForce RTX 5060, 591.86, P8, 28, 1, 717, 8151, 8.70, 145.00, 240, 405, 1, 8
2026-09-01T17:54:13.7154153+07:00,2026/09/01 17:54:13.746, NVIDIA GeForce RTX 5060, 591.86, P8, 28, 0, 717, 8151, 8.61, 145.00, 210, 405, 1, 8
2026-09-01T17:54:18.7631431+07:00,2026/09/01 17:54:18.794, NVIDIA GeForce RTX 5060, 591.86, P8, 28, 0, 717, 8151, 8.46, 145.00, 232, 405, 1, 8
2026-09-01T17:54:23.8260537+07:00,2026/09/01 17:54:23.872, NVIDIA GeForce RTX 5060, 591.86, P8, 28, 0, 717, 8151, 8.48, 145.00, 210, 405, 1, 8
2026-09-01T17:54:28.8996536+07:00,2026/09/01 17:54:28.930, NVIDIA GeForce RTX 5060, 591.86, P8, 28, 1, 717, 8151, 8.56, 145.00, 210, 405, 1, 8
2026-09-01T17:54:33.9597191+07:00,2026/09/01 17:54:33.990, NVIDIA GeForce RTX 5060, 591.86, P8, 28, 0, 717, 8151, 8.65, 145.00, 240, 405, 1, 8
2026-09-01T17:54:39.0811666+07:00,2026/09/01 17:54:39.112, NVIDIA GeForce RTX 5060, 591.86, P8, 28, 0, 718, 8151, 8.55, 145.00, 210, 405, 1, 8
2026-09-01T17:54:44.1406096+07:00,2026/09/01 17:54:44.171, NVIDIA GeForce RTX 5060, 591.86, P8, 28, 0, 717, 8151, 8.71, 145.00, 240, 405, 1, 8
2026-09-01T17:54:49.2001426+07:00,2026/09/01 17:54:49.230, NVIDIA GeForce RTX 5060, 591.86, P8, 28, 0, 717, 8151, 8.71, 145.00, 210, 405, 1, 8
2026-09-01T17:54:54.2620521+07:00,2026/09/01 17:54:54.293, NVIDIA GeForce RTX 5060, 591.86, P8, 28, 0, 718, 8151, 8.60, 145.00, 240, 405, 1, 8
2026-09-01T17:54:59.3223048+07:00,2026/09/01 17:54:59.352, NVIDIA GeForce RTX 5060, 591.86, P8, 28, 0, 717, 8151, 8.52, 145.00, 210, 405, 1, 8
2026-09-01T17:55:04.3828237+07:00,2026/09/01 17:55:04.413, NVIDIA GeForce RTX 5060, 591.86, P8, 28, 1, 717, 8151, 8.60, 145.00, 210, 405, 1, 8
2026-09-01T17:55:09.5075685+07:00,2026/09/01 17:55:09.538, NVIDIA GeForce RTX 5060, 591.86, P8, 28, 0, 717, 8151, 8.35, 145.00, 240, 405, 1, 8
2026-09-01T17:55:14.5684118+07:00,2026/09/01 17:55:14.599, NVIDIA GeForce RTX 5060, 591.86, P8, 28, 0, 717, 8151, 8.60, 145.00, 210, 405, 1, 8
2026-09-01T17:55:19.6290973+07:00,2026/09/01 17:55:19.659, NVIDIA GeForce RTX 5060, 591.86, P8, 28, 0, 718, 8151, 8.73, 145.00, 240, 405, 1, 8
2026-09-01T17:55:24.6766280+07:00,2026/09/01 17:55:24.707, NVIDIA GeForce RTX 5060, 591.86, P8, 28, 0, 718, 8151, 8.70, 145.00, 210, 405, 1, 8
2026-09-01T17:55:29.7359427+07:00,2026/09/01 17:55:29.766, NVIDIA GeForce RTX 5060, 591.86, P8, 28, 1, 717, 8151, 8.66, 145.00, 240, 405, 1, 8
2026-09-01T17:55:34.7839005+07:00,2026/09/01 17:55:34.814, NVIDIA GeForce RTX 5060, 591.86, P8, 28, 0, 717, 8151, 8.48, 145.00, 210, 405, 1, 8
2026-09-01T17:55:39.9995157+07:00,2026/09/01 17:55:40.046, NVIDIA GeForce RTX 5060, 591.86, P8, 28, 1, 717, 8151, 8.60, 145.00, 210, 405, 1, 8
2026-09-01T17:55:45.0753181+07:00,2026/09/01 17:55:45.106, NVIDIA GeForce RTX 5060, 591.86, P8, 28, 0, 717, 8151, 8.56, 145.00, 240, 405, 1, 8
2026-09-01T17:55:50.1357872+07:00,2026/09/01 17:55:50.181, NVIDIA GeForce RTX 5060, 591.86, P8, 28, 0, 717, 8151, 8.44, 145.00, 210, 405, 1, 8
2026-09-01T17:55:55.1897206+07:00,2026/09/01 17:55:55.235, NVIDIA GeForce RTX 5060, 591.86, P8, 28, 0, 717, 8151, 8.59, 145.00, 247, 405, 1, 8
2026-09-01T17:56:00.2596414+07:00,2026/09/01 17:56:00.304, NVIDIA GeForce RTX 5060, 591.86, P8, 28, 0, 717, 8151, 8.73, 145.00, 210, 405, 1, 8
2026-09-01T17:56:05.3220921+07:00,2026/09/01 17:56:05.353, NVIDIA GeForce RTX 5060, 591.86, P8, 28, 1, 717, 8151, 8.44, 145.00, 232, 405, 1, 8
2026-09-01T17:56:10.4456918+07:00,2026/09/01 17:56:10.476, NVIDIA GeForce RTX 5060, 591.86, P8, 28, 0, 717, 8151, 8.38, 145.00, 210, 405, 1, 8
2026-09-01T17:56:15.4932344+07:00,2026/09/01 17:56:15.524, NVIDIA GeForce RTX 5060, 591.86, P8, 28, 0, 717, 8151, 8.61, 145.00, 210, 405, 1, 8
2026-09-01T17:56:20.5547523+07:00,2026/09/01 17:56:20.585, NVIDIA GeForce RTX 5060, 591.86, P8, 28, 0, 717, 8151, 8.63, 145.00, 240, 405, 1, 8
2026-09-01T17:56:25.6082520+07:00,2026/09/01 17:56:25.639, NVIDIA GeForce RTX 5060, 591.86, P8, 28, 0, 718, 8151, 8.66, 145.00, 210, 405, 1, 8
2026-09-01T17:56:30.6687972+07:00,2026/09/01 17:56:30.699, NVIDIA GeForce RTX 5060, 591.86, P8, 28, 0, 717, 8151, 8.67, 145.00, 247, 405, 1, 8
2026-09-01T17:56:35.7292472+07:00,2026/09/01 17:56:35.760, NVIDIA GeForce RTX 5060, 591.86, P8, 28, 0, 717, 8151, 8.73, 145.00, 210, 405, 1, 8
2026-09-01T17:56:40.8518860+07:00,2026/09/01 17:56:40.882, NVIDIA GeForce RTX 5060, 591.86, P8, 28, 1, 717, 8151, 8.60, 145.00, 210, 405, 1, 8
2026-09-01T17:56:45.9056865+07:00,2026/09/01 17:56:45.936, NVIDIA GeForce RTX 5060, 591.86, P8, 28, 0, 717, 8151, 8.63, 145.00, 247, 405, 1, 8
2026-09-01T17:56:50.9543381+07:00,2026/09/01 17:56:50.985, NVIDIA GeForce RTX 5060, 591.86, P8, 28, 0, 717, 8151, 8.70, 145.00, 210, 405, 1, 8
2026-09-01T17:56:56.0293382+07:00,2026/09/01 17:56:56.060, NVIDIA GeForce RTX 5060, 591.86, P8, 28, 0, 717, 8151, 8.76, 145.00, 247, 405, 1, 8
2026-09-01T17:57:01.0917912+07:00,2026/09/01 17:57:01.122, NVIDIA GeForce RTX 5060, 591.86, P8, 28, 0, 717, 8151, 8.82, 145.00, 210, 405, 1, 8
2026-09-01T17:57:06.1436003+07:00,2026/09/01 17:57:06.174, NVIDIA GeForce RTX 5060, 591.86, P8, 28, 0, 717, 8151, 8.62, 145.00, 247, 405, 1, 8
2026-09-01T17:57:11.2659310+07:00,2026/09/01 17:57:11.297, NVIDIA GeForce RTX 5060, 591.86, P8, 28, 0, 717, 8151, 8.57, 145.00, 210, 405, 1, 8
2026-09-01T17:57:16.3269719+07:00,2026/09/01 17:57:16.358, NVIDIA GeForce RTX 5060, 591.86, P8, 28, 1, 717, 8151, 8.78, 145.00, 210, 405, 1, 8
2026-09-01T17:57:21.3879339+07:00,2026/09/01 17:57:21.419, NVIDIA GeForce RTX 5060, 591.86, P8, 28, 0, 717, 8151, 8.82, 145.00, 247, 405, 1, 8
2026-09-01T17:57:26.4452354+07:00,2026/09/01 17:57:26.476, NVIDIA GeForce RTX 5060, 591.86, P8, 28, 0, 717, 8151, 8.84, 145.00, 210, 405, 1, 8
2026-09-01T17:57:31.4941813+07:00,2026/09/01 17:57:31.525, NVIDIA GeForce RTX 5060, 591.86, P8, 28, 0, 717, 8151, 8.86, 145.00, 247, 405, 1, 8
2026-09-01T17:57:36.5408747+07:00,2026/09/01 17:57:36.571, NVIDIA GeForce RTX 5060, 591.86, P8, 28, 0, 717, 8151, 8.81, 145.00, 210, 405, 1, 8
2026-09-01T17:57:41.6617063+07:00,2026/09/01 17:57:41.692, NVIDIA GeForce RTX 5060, 591.86, P8, 28, 0, 717, 8151, 8.87, 145.00, 247, 405, 1, 8
2026-09-01T17:57:46.7175185+07:00,2026/09/01 17:57:46.748, NVIDIA GeForce RTX 5060, 591.86, P8, 28, 0, 717, 8151, 8.86, 145.00, 210, 405, 1, 8
2026-09-01T17:57:51.7656634+07:00,2026/09/01 17:57:51.796, NVIDIA GeForce RTX 5060, 591.86, P8, 28, 2, 717, 8151, 8.75, 145.00, 277, 405, 1, 8
2026-09-01T17:57:56.8260543+07:00,2026/09/01 17:57:56.872, NVIDIA GeForce RTX 5060, 591.86, P8, 28, 0, 717, 8151, 8.72, 145.00, 247, 405, 1, 8
2026-09-01T17:58:01.9019871+07:00,2026/09/01 17:58:01.932, NVIDIA GeForce RTX 5060, 591.86, P8, 28, 0, 718, 8151, 8.81, 145.00, 210, 405, 1, 8
2026-09-01T17:58:06.9560971+07:00,2026/09/01 17:58:06.987, NVIDIA GeForce RTX 5060, 591.86, P8, 28, 0, 717, 8151, 9.00, 145.00, 247, 405, 1, 8
2026-09-01T17:58:12.0751090+07:00,2026/09/01 17:58:12.106, NVIDIA GeForce RTX 5060, 591.86, P8, 28, 0, 717, 8151, 8.81, 145.00, 210, 405, 1, 8
2026-09-01T17:58:17.1372059+07:00,2026/09/01 17:58:17.168, NVIDIA GeForce RTX 5060, 591.86, P8, 28, 0, 717, 8151, 8.85, 145.00, 255, 405, 1, 8
2026-09-01T17:58:22.1985392+07:00,2026/09/01 17:58:22.229, NVIDIA GeForce RTX 5060, 591.86, P8, 28, 0, 717, 8151, 8.84, 145.00, 255, 405, 1, 8
2026-09-01T17:58:27.2576478+07:00,2026/09/01 17:58:27.288, NVIDIA GeForce RTX 5060, 591.86, P8, 28, 2, 717, 8151, 8.85, 145.00, 247, 405, 1, 8
2026-09-01T17:58:32.3115963+07:00,2026/09/01 17:58:32.342, NVIDIA GeForce RTX 5060, 591.86, P8, 28, 0, 717, 8151, 8.89, 145.00, 292, 405, 1, 8
2026-09-01T17:58:37.3596588+07:00,2026/09/01 17:58:37.390, NVIDIA GeForce RTX 5060, 591.86, P8, 28, 0, 717, 8151, 8.96, 145.00, 210, 405, 1, 8
2026-09-01T17:58:42.4966418+07:00,2026/09/01 17:58:42.527, NVIDIA GeForce RTX 5060, 591.86, P8, 28, 0, 717, 8151, 8.83, 145.00, 247, 405, 1, 8
2026-09-01T17:58:47.5440250+07:00,2026/09/01 17:58:47.575, NVIDIA GeForce RTX 5060, 591.86, P8, 28, 0, 717, 8151, 8.87, 145.00, 210, 405, 1, 8
2026-09-01T17:58:52.5989178+07:00,2026/09/01 17:58:52.629, NVIDIA GeForce RTX 5060, 591.86, P8, 28, 2, 717, 8151, 9.03, 145.00, 247, 405, 1, 8
2026-09-01T17:58:57.6589525+07:00,2026/09/01 17:58:57.689, NVIDIA GeForce RTX 5060, 591.86, P8, 28, 0, 717, 8151, 8.95, 145.00, 247, 405, 1, 8
2026-09-01T17:59:02.7070494+07:00,2026/09/01 17:59:02.737, NVIDIA GeForce RTX 5060, 591.86, P8, 28, 2, 717, 8151, 8.97, 145.00, 240, 405, 1, 8
2026-09-01T17:59:07.7547980+07:00,2026/09/01 17:59:07.785, NVIDIA GeForce RTX 5060, 591.86, P8, 28, 0, 718, 8151, 8.88, 145.00, 292, 405, 1, 8
2026-09-01T17:59:12.8766496+07:00,2026/09/01 17:59:12.907, NVIDIA GeForce RTX 5060, 591.86, P8, 28, 1, 717, 8151, 8.90, 145.00, 210, 405, 1, 8
2026-09-01T17:59:17.9373745+07:00,2026/09/01 17:59:17.968, NVIDIA GeForce RTX 5060, 591.86, P8, 28, 0, 717, 8151, 9.04, 145.00, 247, 405, 1, 8
2026-09-01T17:59:22.9987824+07:00,2026/09/01 17:59:23.029, NVIDIA GeForce RTX 5060, 591.86, P8, 28, 0, 717, 8151, 8.78, 145.00, 210, 405, 1, 8
2026-09-01T17:59:28.0607785+07:00,2026/09/01 17:59:28.091, NVIDIA GeForce RTX 5060, 591.86, P8, 28, 0, 717, 8151, 8.77, 145.00, 285, 405, 1, 8
2026-09-01T17:59:33.1026594+07:00,2026/09/01 17:59:33.133, NVIDIA GeForce RTX 5060, 591.86, P8, 28, 0, 717, 8151, 8.83, 145.00, 255, 405, 1, 8
2026-09-01T17:59:38.1631659+07:00,2026/09/01 17:59:38.194, NVIDIA GeForce RTX 5060, 591.86, P8, 28, 0, 717, 8151, 8.81, 145.00, 240, 405, 1, 8
2026-09-01T17:59:43.2858401+07:00,2026/09/01 17:59:43.332, NVIDIA GeForce RTX 5060, 591.86, P8, 28, 0, 717, 8151, 8.89, 145.00, 300, 405, 1, 8
2026-09-01T17:59:48.3632602+07:00,2026/09/01 17:59:48.394, NVIDIA GeForce RTX 5060, 591.86, P8, 28, 1, 717, 8151, 8.79, 145.00, 210, 405, 1, 8
2026-09-01T17:59:53.4315159+07:00,2026/09/01 17:59:53.462, NVIDIA GeForce RTX 5060, 591.86, P8, 28, 0, 717, 8151, 8.78, 145.00, 247, 405, 1, 8
2026-09-01T17:59:58.4798059+07:00,2026/09/01 17:59:58.510, NVIDIA GeForce RTX 5060, 591.86, P8, 28, 0, 717, 8151, 8.81, 145.00, 210, 405, 1, 8
2026-09-01T18:00:03.5389852+07:00,2026/09/01 18:00:03.569, NVIDIA GeForce RTX 5060, 591.86, P8, 28, 0, 717, 8151, 8.60, 145.00, 285, 405, 1, 8
2026-09-01T18:00:08.5856046+07:00,2026/09/01 18:00:08.616, NVIDIA GeForce RTX 5060, 591.86, P8, 28, 0, 717, 8151, 8.90, 145.00, 255, 405, 1, 8
2026-09-01T18:00:13.7155830+07:00,2026/09/01 18:00:13.760, NVIDIA GeForce RTX 5060, 591.86, P8, 28, 0, 717, 8151, 8.85, 145.00, 247, 405, 1, 8
2026-09-01T18:00:18.7772263+07:00,2026/09/01 18:00:18.808, NVIDIA GeForce RTX 5060, 591.86, P8, 28, 3, 717, 8151, 8.77, 145.00, 277, 405, 1, 8
2026-09-01T18:00:23.8265922+07:00,2026/09/01 18:00:23.857, NVIDIA GeForce RTX 5060, 591.86, P8, 28, 2, 718, 8151, 8.80, 145.00, 255, 405, 1, 8
2026-09-01T18:00:28.8874178+07:00,2026/09/01 18:00:28.933, NVIDIA GeForce RTX 5060, 591.86, P8, 28, 0, 717, 8151, 8.76, 145.00, 247, 405, 1, 8
2026-09-01T18:00:33.9587436+07:00,2026/09/01 18:00:33.989, NVIDIA GeForce RTX 5060, 591.86, P8, 28, 0, 718, 8151, 8.84, 145.00, 255, 405, 1, 8
2026-09-01T18:00:39.0207700+07:00,2026/09/01 18:00:39.067, NVIDIA GeForce RTX 5060, 591.86, P8, 28, 0, 717, 8151, 8.81, 145.00, 285, 405, 1, 8
2026-09-01T18:00:44.1482080+07:00,2026/09/01 18:00:44.179, NVIDIA GeForce RTX 5060, 591.86, P8, 28, 0, 717, 8151, 8.73, 145.00, 255, 405, 1, 8
2026-09-01T18:00:49.1967635+07:00,2026/09/01 18:00:49.227, NVIDIA GeForce RTX 5060, 591.86, P8, 28, 2, 717, 8151, 8.74, 145.00, 210, 405, 1, 8
2026-09-01T18:00:54.2475714+07:00,2026/09/01 18:00:54.278, NVIDIA GeForce RTX 5060, 591.86, P8, 28, 3, 717, 8151, 8.67, 145.00, 285, 405, 1, 8
2026-09-01T18:00:59.2981186+07:00,2026/09/01 18:00:59.329, NVIDIA GeForce RTX 5060, 591.86, P8, 28, 2, 717, 8151, 8.78, 145.00, 255, 405, 1, 8
2026-09-01T18:01:04.3453703+07:00,2026/09/01 18:01:04.376, NVIDIA GeForce RTX 5060, 591.86, P8, 28, 0, 718, 8151, 8.74, 145.00, 270, 405, 1, 8
2026-09-01T18:01:09.4058421+07:00,2026/09/01 18:01:09.436, NVIDIA GeForce RTX 5060, 591.86, P8, 28, 0, 718, 8151, 8.97, 145.00, 255, 405, 1, 8
2026-09-01T18:01:14.5257281+07:00,2026/09/01 18:01:14.556, NVIDIA GeForce RTX 5060, 591.86, P8, 28, 0, 717, 8151, 8.81, 145.00, 292, 405, 1, 8
2026-09-01T18:01:19.5746875+07:00,2026/09/01 18:01:19.605, NVIDIA GeForce RTX 5060, 591.86, P8, 28, 0, 717, 8151, 8.85, 145.00, 240, 405, 1, 8
2026-09-01T18:01:24.6218269+07:00,2026/09/01 18:01:24.652, NVIDIA GeForce RTX 5060, 591.86, P8, 28, 4, 717, 8151, 8.94, 145.00, 255, 405, 1, 8
2026-09-01T18:01:29.6838160+07:00,2026/09/01 18:01:29.714, NVIDIA GeForce RTX 5060, 591.86, P8, 28, 0, 717, 8151, 8.81, 145.00, 277, 405, 1, 8
2026-09-01T18:01:34.7396706+07:00,2026/09/01 18:01:34.770, NVIDIA GeForce RTX 5060, 591.86, P8, 28, 2, 718, 8151, 8.76, 145.00, 255, 405, 1, 8
2026-09-01T18:01:39.7936346+07:00,2026/09/01 18:01:39.824, NVIDIA GeForce RTX 5060, 591.86, P8, 28, 0, 717, 8151, 8.65, 145.00, 225, 405, 1, 8
2026-09-01T18:01:44.9342054+07:00,2026/09/01 18:01:44.965, NVIDIA GeForce RTX 5060, 591.86, P8, 28, 0, 718, 8151, 8.83, 145.00, 255, 405, 1, 8
2026-09-01T18:01:49.9815695+07:00,2026/09/01 18:01:50.012, NVIDIA GeForce RTX 5060, 591.86, P8, 28, 0, 717, 8151, 8.89, 145.00, 240, 405, 1, 8
2026-09-01T18:01:55.0360314+07:00,2026/09/01 18:01:55.066, NVIDIA GeForce RTX 5060, 591.86, P8, 28, 3, 717, 8151, 8.88, 145.00, 240, 405, 1, 8
2026-09-01T18:02:00.0821095+07:00,2026/09/01 18:02:00.128, NVIDIA GeForce RTX 5060, 591.86, P8, 28, 2, 717, 8151, 8.79, 145.00, 255, 405, 1, 8
2026-09-01T18:02:05.1590353+07:00,2026/09/01 18:02:05.205, NVIDIA GeForce RTX 5060, 591.86, P8, 28, 0, 717, 8151, 8.62, 145.00, 277, 405, 1, 8
2026-09-01T18:02:10.2197588+07:00,2026/09/01 18:02:10.250, NVIDIA GeForce RTX 5060, 591.86, P8, 28, 1, 717, 8151, 8.71, 145.00, 247, 405, 1, 8
2026-09-01T18:02:15.3396204+07:00,2026/09/01 18:02:15.385, NVIDIA GeForce RTX 5060, 591.86, P8, 28, 2, 718, 8151, 8.54, 145.00, 232, 405, 1, 8
2026-09-01T18:02:20.4037186+07:00,2026/09/01 18:02:20.434, NVIDIA GeForce RTX 5060, 591.86, P8, 28, 2, 724, 8151, 10.06, 145.00, 517, 405, 1, 8
2026-09-01T18:02:25.4495511+07:00,2026/09/01 18:02:25.480, NVIDIA GeForce RTX 5060, 591.86, P8, 28, 0, 811, 8151, 8.82, 145.00, 210, 405, 1, 8
2026-09-01T18:02:30.4983530+07:00,2026/09/01 18:02:30.529, NVIDIA GeForce RTX 5060, 591.86, P8, 28, 3, 631, 8151, 8.86, 145.00, 292, 405, 1, 8
2026-09-01T18:02:35.5400873+07:00,2026/09/01 18:02:35.571, NVIDIA GeForce RTX 5060, 591.86, P8, 28, 0, 633, 8151, 8.79, 145.00, 307, 405, 1, 8
2026-09-01T18:02:40.6010868+07:00,2026/09/01 18:02:40.632, NVIDIA GeForce RTX 5060, 591.86, P8, 28, 0, 632, 8151, 8.68, 145.00, 247, 405, 1, 8
2026-09-01T18:02:45.7139546+07:00,2026/09/01 18:02:45.744, NVIDIA GeForce RTX 5060, 591.86, P8, 28, 2, 641, 8151, 9.28, 145.00, 232, 405, 1, 8
2026-09-01T18:02:50.7653709+07:00,2026/09/01 18:02:50.796, NVIDIA GeForce RTX 5060, 591.86, P8, 28, 4, 636, 8151, 10.19, 145.00, 525, 405, 1, 8
2026-09-01T18:02:55.8268589+07:00,2026/09/01 18:02:55.857, NVIDIA GeForce RTX 5060, 591.86, P8, 28, 0, 637, 8151, 9.10, 145.00, 255, 405, 1, 8
2026-09-01T18:03:00.8822856+07:00,2026/09/01 18:03:00.913, NVIDIA GeForce RTX 5060, 591.86, P8, 28, 1, 637, 8151, 8.72, 145.00, 270, 405, 1, 8
2026-09-01T18:03:05.9295110+07:00,2026/09/01 18:03:05.960, NVIDIA GeForce RTX 5060, 591.86, P8, 28, 1, 638, 8151, 9.07, 145.00, 330, 405, 1, 8
2026-09-01T18:03:10.9744532+07:00,2026/09/01 18:03:11.005, NVIDIA GeForce RTX 5060, 591.86, P8, 28, 1, 638, 8151, 9.88, 145.00, 540, 405, 1, 8
2026-09-01T18:03:16.0992248+07:00,2026/09/01 18:03:16.130, NVIDIA GeForce RTX 5060, 591.86, P8, 28, 0, 639, 8151, 8.61, 145.00, 262, 405, 1, 8
2026-09-01T18:03:21.1576141+07:00,2026/09/01 18:03:21.188, NVIDIA GeForce RTX 5060, 591.86, P8, 28, 5, 636, 8151, 9.31, 145.00, 420, 405, 1, 8
2026-09-01T18:03:26.2062638+07:00,2026/09/01 18:03:26.237, NVIDIA GeForce RTX 5060, 591.86, P8, 28, 0, 632, 8151, 8.82, 145.00, 277, 405, 1, 8
2026-09-01T18:03:31.2567367+07:00,2026/09/01 18:03:31.287, NVIDIA GeForce RTX 5060, 591.86, P8, 28, 0, 632, 8151, 8.62, 145.00, 285, 405, 1, 8
2026-09-01T18:03:36.3032228+07:00,2026/09/01 18:03:36.349, NVIDIA GeForce RTX 5060, 591.86, P8, 28, 0, 632, 8151, 8.73, 145.00, 255, 405, 1, 8
2026-09-01T18:03:41.3625387+07:00,2026/09/01 18:03:41.393, NVIDIA GeForce RTX 5060, 591.86, P8, 28, 0, 633, 8151, 8.78, 145.00, 292, 405, 1, 8
2026-09-01T18:03:46.4736536+07:00,2026/09/01 18:03:46.504, NVIDIA GeForce RTX 5060, 591.86, P8, 28, 2, 632, 8151, 9.05, 145.00, 322, 405, 1, 8
2026-09-01T18:03:51.5221561+07:00,2026/09/01 18:03:51.552, NVIDIA GeForce RTX 5060, 591.86, P8, 28, 2, 633, 8151, 8.77, 145.00, 277, 405, 1, 8
2026-09-01T18:03:56.5690389+07:00,2026/09/01 18:03:56.599, NVIDIA GeForce RTX 5060, 591.86, P8, 28, 0, 633, 8151, 8.72, 145.00, 255, 405, 1, 8
2026-09-01T18:04:01.6130358+07:00,2026/09/01 18:04:01.643, NVIDIA GeForce RTX 5060, 591.86, P8, 28, 1, 634, 8151, 8.81, 145.00, 255, 405, 1, 8
2026-09-01T18:04:06.6612795+07:00,2026/09/01 18:04:06.692, NVIDIA GeForce RTX 5060, 591.86, P8, 28, 0, 634, 8151, 8.88, 145.00, 300, 405, 1, 8
2026-09-01T18:04:11.7104889+07:00,2026/09/01 18:04:11.741, NVIDIA GeForce RTX 5060, 591.86, P8, 28, 0, 633, 8151, 8.53, 145.00, 210, 405, 1, 8
2026-09-01T18:04:16.8305457+07:00,2026/09/01 18:04:16.861, NVIDIA GeForce RTX 5060, 591.86, P8, 28, 0, 634, 8151, 8.78, 145.00, 255, 405, 1, 8
2026-09-01T18:04:21.8730551+07:00,2026/09/01 18:04:21.919, NVIDIA GeForce RTX 5060, 591.86, P8, 28, 0, 627, 8151, 9.13, 145.00, 292, 405, 1, 8
2026-09-01T18:04:26.9378595+07:00,2026/09/01 18:04:26.968, NVIDIA GeForce RTX 5060, 591.86, P8, 28, 3, 627, 8151, 8.81, 145.00, 225, 405, 1, 8
2026-09-01T18:04:31.9870964+07:00,2026/09/01 18:04:32.033, NVIDIA GeForce RTX 5060, 591.86, P8, 28, 1, 627, 8151, 8.74, 145.00, 232, 405, 1, 8
2026-09-01T18:04:37.0634956+07:00,2026/09/01 18:04:37.094, NVIDIA GeForce RTX 5060, 591.86, P8, 28, 2, 633, 8151, 8.82, 145.00, 232, 405, 1, 8
2026-09-01T18:04:42.1060472+07:00,2026/09/01 18:04:42.137, NVIDIA GeForce RTX 5060, 591.86, P8, 28, 0, 635, 8151, 8.81, 145.00, 225, 405, 1, 8
2026-09-01T18:04:47.2288479+07:00,2026/09/01 18:04:47.259, NVIDIA GeForce RTX 5060, 591.86, P8, 28, 0, 631, 8151, 8.71, 145.00, 232, 405, 1, 8
2026-09-01T18:04:52.2893384+07:00,2026/09/01 18:04:52.320, NVIDIA GeForce RTX 5060, 591.86, P8, 28, 0, 632, 8151, 8.72, 145.00, 255, 405, 1, 8
2026-09-01T18:04:57.3369389+07:00,2026/09/01 18:04:57.367, NVIDIA GeForce RTX 5060, 591.86, P8, 28, 1, 633, 8151, 9.02, 145.00, 307, 405, 1, 8
2026-09-01T18:05:02.3974394+07:00,2026/09/01 18:05:02.428, NVIDIA GeForce RTX 5060, 591.86, P8, 28, 1, 633, 8151, 9.21, 145.00, 255, 405, 1, 8
2026-09-01T18:05:07.4418529+07:00,2026/09/01 18:05:07.487, NVIDIA GeForce RTX 5060, 591.86, P8, 28, 1, 638, 8151, 9.23, 145.00, 405, 405, 1, 8
2026-09-01T18:05:12.5046383+07:00,2026/09/01 18:05:12.535, NVIDIA GeForce RTX 5060, 591.86, P8, 28, 0, 637, 8151, 8.97, 145.00, 322, 405, 1, 8
2026-09-01T18:05:17.6145014+07:00,2026/09/01 18:05:17.645, NVIDIA GeForce RTX 5060, 591.86, P8, 28, 1, 636, 8151, 8.95, 145.00, 360, 405, 1, 8
2026-09-01T18:05:22.6579875+07:00,2026/09/01 18:05:22.704, NVIDIA GeForce RTX 5060, 591.86, P8, 28, 1, 635, 8151, 8.89, 145.00, 345, 405, 1, 8
2026-09-01T18:05:27.7310727+07:00,2026/09/01 18:05:27.761, NVIDIA GeForce RTX 5060, 591.86, P8, 28, 0, 636, 8151, 9.47, 145.00, 352, 405, 1, 8
2026-09-01T18:05:32.7736087+07:00,2026/09/01 18:05:32.804, NVIDIA GeForce RTX 5060, 591.86, P8, 28, 0, 637, 8151, 8.76, 145.00, 210, 405, 1, 8
2026-09-01T18:05:37.8219465+07:00,2026/09/01 18:05:37.852, NVIDIA GeForce RTX 5060, 591.86, P8, 28, 0, 637, 8151, 8.22, 145.00, 210, 405, 1, 8
2026-09-01T18:05:42.8840432+07:00,2026/09/01 18:05:42.914, NVIDIA GeForce RTX 5060, 591.86, P8, 28, 0, 625, 8151, 8.53, 145.00, 345, 405, 1, 8
2026-09-01T18:05:47.9950047+07:00,2026/09/01 18:05:48.026, NVIDIA GeForce RTX 5060, 591.86, P8, 28, 0, 630, 8151, 7.97, 145.00, 210, 405, 1, 8
2026-09-01T18:05:53.0434723+07:00,2026/09/01 18:05:53.074, NVIDIA GeForce RTX 5060, 591.86, P8, 28, 0, 636, 8151, 8.41, 145.00, 210, 405, 1, 8
2026-09-01T18:05:58.0945270+07:00,2026/09/01 18:05:58.123, NVIDIA GeForce RTX 5060, 591.86, P8, 28, 0, 636, 8151, 8.54, 145.00, 225, 405, 1, 8
2026-09-01T18:06:03.1421397+07:00,2026/09/01 18:06:03.170, NVIDIA GeForce RTX 5060, 591.86, P8, 28, 0, 636, 8151, 8.69, 145.00, 270, 405, 1, 8
2026-09-01T18:06:08.1855734+07:00,2026/09/01 18:06:08.247, NVIDIA GeForce RTX 5060, 591.86, P8, 28, 0, 637, 8151, 8.60, 145.00, 232, 405, 1, 8
2026-09-01T18:06:13.2636610+07:00,2026/09/01 18:06:13.294, NVIDIA GeForce RTX 5060, 591.86, P8, 28, 0, 636, 8151, 8.56, 145.00, 255, 405, 1, 8
2026-09-01T18:06:18.3910258+07:00,2026/09/01 18:06:18.420, NVIDIA GeForce RTX 5060, 591.86, P8, 28, 0, 636, 8151, 8.50, 145.00, 247, 405, 1, 8
2026-09-01T18:06:23.4317965+07:00,2026/09/01 18:06:23.462, NVIDIA GeForce RTX 5060, 591.86, P8, 28, 0, 636, 8151, 8.43, 145.00, 255, 405, 1, 8
2026-09-01T18:06:28.4933935+07:00,2026/09/01 18:06:28.524, NVIDIA GeForce RTX 5060, 591.86, P8, 28, 0, 635, 8151, 8.48, 145.00, 232, 405, 1, 8
2026-09-01T18:06:33.5561469+07:00,2026/09/01 18:06:33.586, NVIDIA GeForce RTX 5060, 591.86, P8, 28, 0, 634, 8151, 8.51, 145.00, 210, 405, 1, 8
2026-09-01T18:06:38.6026300+07:00,2026/09/01 18:06:38.633, NVIDIA GeForce RTX 5060, 591.86, P8, 28, 0, 635, 8151, 8.69, 145.00, 225, 405, 1, 8
2026-09-01T18:06:43.6456176+07:00,2026/09/01 18:06:43.676, NVIDIA GeForce RTX 5060, 591.86, P8, 28, 1, 626, 8151, 9.41, 145.00, 360, 405, 1, 8
2026-09-01T18:06:48.7660430+07:00,2026/09/01 18:06:48.797, NVIDIA GeForce RTX 5060, 591.86, P8, 28, 0, 636, 8151, 8.69, 145.00, 225, 405, 1, 8
2026-09-01T18:06:53.8124206+07:00,2026/09/01 18:06:53.843, NVIDIA GeForce RTX 5060, 591.86, P8, 28, 0, 636, 8151, 8.63, 145.00, 232, 405, 1, 8
2026-09-01T18:06:58.8590164+07:00,2026/09/01 18:06:58.890, NVIDIA GeForce RTX 5060, 591.86, P8, 28, 0, 637, 8151, 8.94, 145.00, 315, 405, 1, 8
2026-09-01T18:07:03.9071643+07:00,2026/09/01 18:07:03.938, NVIDIA GeForce RTX 5060, 591.86, P8, 28, 0, 637, 8151, 9.10, 145.00, 330, 405, 1, 8
2026-09-01T18:07:08.9558512+07:00,2026/09/01 18:07:08.986, NVIDIA GeForce RTX 5060, 591.86, P8, 28, 0, 637, 8151, 9.02, 145.00, 300, 405, 1, 8
2026-09-01T18:07:14.0022281+07:00,2026/09/01 18:07:14.033, NVIDIA GeForce RTX 5060, 591.86, P8, 28, 0, 638, 8151, 8.78, 145.00, 270, 405, 1, 8
2026-09-01T18:07:19.1150895+07:00,2026/09/01 18:07:19.145, NVIDIA GeForce RTX 5060, 591.86, P8, 28, 0, 640, 8151, 8.86, 145.00, 292, 405, 1, 8
2026-09-01T18:07:24.1609019+07:00,2026/09/01 18:07:24.191, NVIDIA GeForce RTX 5060, 591.86, P8, 28, 0, 637, 8151, 8.96, 145.00, 322, 405, 1, 8
2026-09-01T18:07:29.2075130+07:00,2026/09/01 18:07:29.238, NVIDIA GeForce RTX 5060, 591.86, P8, 28, 0, 638, 8151, 8.81, 145.00, 300, 405, 1, 8
2026-09-01T18:07:34.2702063+07:00,2026/09/01 18:07:34.300, NVIDIA GeForce RTX 5060, 591.86, P8, 28, 0, 638, 8151, 8.77, 145.00, 277, 405, 1, 8
2026-09-01T18:07:39.3178148+07:00,2026/09/01 18:07:39.348, NVIDIA GeForce RTX 5060, 591.86, P8, 28, 0, 636, 8151, 8.73, 145.00, 285, 405, 1, 8
2026-09-01T18:07:44.3651658+07:00,2026/09/01 18:07:44.395, NVIDIA GeForce RTX 5060, 591.86, P8, 28, 0, 635, 8151, 8.60, 145.00, 202, 405, 1, 8
2026-09-01T18:07:49.4736251+07:00,2026/09/01 18:07:49.504, NVIDIA GeForce RTX 5060, 591.86, P8, 28, 0, 627, 8151, 8.48, 145.00, 225, 405, 1, 8
2026-09-01T18:07:54.5218745+07:00,2026/09/01 18:07:54.568, NVIDIA GeForce RTX 5060, 591.86, P8, 28, 0, 627, 8151, 8.45, 145.00, 210, 405, 1, 8
2026-09-01T18:07:59.5858104+07:00,2026/09/01 18:07:59.616, NVIDIA GeForce RTX 5060, 591.86, P8, 28, 0, 627, 8151, 8.56, 145.00, 210, 405, 1, 8
2026-09-01T18:08:04.6333478+07:00,2026/09/01 18:08:04.663, NVIDIA GeForce RTX 5060, 591.86, P8, 28, 0, 627, 8151, 8.67, 145.00, 240, 405, 1, 8
2026-09-01T18:08:09.6771600+07:00,2026/09/01 18:08:09.708, NVIDIA GeForce RTX 5060, 591.86, P8, 28, 0, 628, 8151, 8.48, 145.00, 210, 405, 1, 8
2026-09-01T18:08:14.7398909+07:00,2026/09/01 18:08:14.770, NVIDIA GeForce RTX 5060, 591.86, P8, 28, 0, 627, 8151, 8.44, 145.00, 232, 405, 1, 8
2026-09-01T18:08:19.8496128+07:00,2026/09/01 18:08:19.880, NVIDIA GeForce RTX 5060, 591.86, P8, 28, 0, 633, 8151, 8.38, 145.00, 210, 405, 1, 8
2026-09-01T18:08:24.8972514+07:00,2026/09/01 18:08:24.943, NVIDIA GeForce RTX 5060, 591.86, P8, 28, 0, 634, 8151, 8.33, 145.00, 232, 405, 1, 8
2026-09-01T18:08:29.9749837+07:00,2026/09/01 18:08:30.020, NVIDIA GeForce RTX 5060, 591.86, P8, 28, 0, 634, 8151, 8.41, 145.00, 240, 405, 1, 8
2026-09-01T18:08:35.0363015+07:00,2026/09/01 18:08:35.067, NVIDIA GeForce RTX 5060, 591.86, P8, 28, 0, 633, 8151, 8.66, 145.00, 277, 405, 1, 8
2026-09-01T18:08:40.0795810+07:00,2026/09/01 18:08:40.125, NVIDIA GeForce RTX 5060, 591.86, P8, 28, 0, 634, 8151, 8.56, 145.00, 210, 405, 1, 8
2026-09-01T18:08:45.1408884+07:00,2026/09/01 18:08:45.187, NVIDIA GeForce RTX 5060, 591.86, P8, 28, 0, 633, 8151, 8.61, 145.00, 247, 405, 1, 8
2026-09-01T18:08:50.2650976+07:00,2026/09/01 18:08:50.296, NVIDIA GeForce RTX 5060, 591.86, P8, 28, 0, 633, 8151, 8.62, 145.00, 247, 405, 1, 8
2026-09-01T18:08:55.3135141+07:00,2026/09/01 18:08:55.344, NVIDIA GeForce RTX 5060, 591.86, P8, 28, 0, 634, 8151, 8.53, 145.00, 210, 405, 1, 8
2026-09-01T18:09:00.3565294+07:00,2026/09/01 18:09:00.387, NVIDIA GeForce RTX 5060, 591.86, P8, 28, 0, 635, 8151, 8.69, 145.00, 255, 405, 1, 8
2026-09-01T18:09:05.4044256+07:00,2026/09/01 18:09:05.435, NVIDIA GeForce RTX 5060, 591.86, P8, 28, 0, 635, 8151, 8.99, 145.00, 292, 405, 1, 8
2026-09-01T18:09:10.4561676+07:00,2026/09/01 18:09:10.487, NVIDIA GeForce RTX 5060, 591.86, P8, 28, 3, 663, 8151, 10.70, 145.00, 495, 405, 1, 8
2026-09-01T18:09:15.5057096+07:00,2026/09/01 18:09:15.536, NVIDIA GeForce RTX 5060, 591.86, P3, 28, 0, 651, 8151, 19.31, 145.00, 532, 7001, 4, 8
2026-09-01T18:09:20.6158137+07:00,2026/09/01 18:09:20.646, NVIDIA GeForce RTX 5060, 591.86, P8, 28, 0, 626, 8151, 8.76, 145.00, 255, 405, 1, 8
2026-09-01T18:09:25.6657406+07:00,2026/09/01 18:09:25.696, NVIDIA GeForce RTX 5060, 591.86, P8, 28, 0, 624, 8151, 8.83, 145.00, 247, 405, 1, 8
2026-09-01T18:09:30.7277559+07:00,2026/09/01 18:09:30.758, NVIDIA GeForce RTX 5060, 591.86, P8, 28, 0, 624, 8151, 8.86, 145.00, 270, 405, 1, 8
2026-09-01T18:09:35.7747543+07:00,2026/09/01 18:09:35.805, NVIDIA GeForce RTX 5060, 591.86, P8, 28, 0, 624, 8151, 8.98, 145.00, 270, 405, 1, 8
2026-09-01T18:09:40.8245511+07:00,2026/09/01 18:09:40.871, NVIDIA GeForce RTX 5060, 591.86, P8, 28, 0, 623, 8151, 8.92, 145.00, 232, 405, 1, 8
2026-09-01T18:09:45.9024124+07:00,2026/09/01 18:09:45.933, NVIDIA GeForce RTX 5060, 591.86, P8, 28, 0, 624, 8151, 8.69, 145.00, 232, 405, 1, 8
2026-09-01T18:09:51.0275208+07:00,2026/09/01 18:09:51.073, NVIDIA GeForce RTX 5060, 591.86, P8, 28, 0, 625, 8151, 9.31, 145.00, 292, 405, 1, 8
2026-09-01T18:09:56.0921908+07:00,2026/09/01 18:09:56.123, NVIDIA GeForce RTX 5060, 591.86, P8, 28, 0, 624, 8151, 8.82, 145.00, 277, 405, 1, 8
2026-09-01T18:10:01.1536032+07:00,2026/09/01 18:10:01.184, NVIDIA GeForce RTX 5060, 591.86, P8, 28, 0, 627, 8151, 8.75, 145.00, 255, 405, 1, 8
2026-09-01T18:10:06.2005300+07:00,2026/09/01 18:10:06.231, NVIDIA GeForce RTX 5060, 591.86, P8, 28, 0, 624, 8151, 9.55, 145.00, 307, 405, 1, 8
2026-09-01T18:10:11.2605737+07:00,2026/09/01 18:10:11.291, NVIDIA GeForce RTX 5060, 591.86, P8, 28, 0, 619, 8151, 8.76, 145.00, 277, 405, 1, 8
2026-09-01T18:10:16.3109728+07:00,2026/09/01 18:10:16.341, NVIDIA GeForce RTX 5060, 591.86, P8, 28, 0, 620, 8151, 8.70, 145.00, 270, 405, 1, 8
2026-09-01T18:10:21.4510735+07:00,2026/09/01 18:10:21.482, NVIDIA GeForce RTX 5060, 591.86, P8, 28, 7, 624, 8151, 9.21, 145.00, 510, 405, 1, 8
2026-09-01T18:10:26.4986684+07:00,2026/09/01 18:10:26.529, NVIDIA GeForce RTX 5060, 591.86, P8, 28, 3, 624, 8151, 9.11, 145.00, 270, 405, 1, 8
2026-09-01T18:10:31.5483828+07:00,2026/09/01 18:10:31.579, NVIDIA GeForce RTX 5060, 591.86, P8, 28, 8, 628, 8151, 12.48, 145.00, 787, 405, 1, 8
2026-09-01T18:10:36.5985647+07:00,2026/09/01 18:10:36.645, NVIDIA GeForce RTX 5060, 591.86, P8, 28, 0, 625, 8151, 8.65, 145.00, 225, 405, 1, 8
2026-09-01T18:10:41.6614473+07:00,2026/09/01 18:10:41.692, NVIDIA GeForce RTX 5060, 591.86, P8, 28, 0, 622, 8151, 9.69, 145.00, 465, 405, 1, 8
2026-09-01T18:10:46.7084007+07:00,2026/09/01 18:10:46.739, NVIDIA GeForce RTX 5060, 591.86, P8, 28, 0, 630, 8151, 9.75, 145.00, 510, 405, 1, 8
2026-09-01T18:10:51.8187711+07:00,2026/09/01 18:10:51.864, NVIDIA GeForce RTX 5060, 591.86, P8, 28, 0, 622, 8151, 8.49, 145.00, 247, 405, 1, 8
2026-09-01T18:10:56.8824920+07:00,2026/09/01 18:10:56.913, NVIDIA GeForce RTX 5060, 591.86, P8, 28, 0, 624, 8151, 8.44, 145.00, 210, 405, 1, 8
2026-09-01T18:11:01.9294656+07:00,2026/09/01 18:11:01.960, NVIDIA GeForce RTX 5060, 591.86, P8, 28, 0, 624, 8151, 8.44, 145.00, 210, 405, 1, 8
2026-09-01T18:11:06.9791761+07:00,2026/09/01 18:11:07.010, NVIDIA GeForce RTX 5060, 591.86, P8, 28, 1, 627, 8151, 9.31, 145.00, 337, 405, 1, 8
2026-09-01T18:11:12.0291812+07:00,2026/09/01 18:11:12.059, NVIDIA GeForce RTX 5060, 591.86, P8, 28, 0, 621, 8151, 8.70, 145.00, 247, 405, 1, 8
2026-09-01T18:11:17.0900063+07:00,2026/09/01 18:11:17.136, NVIDIA GeForce RTX 5060, 591.86, P8, 28, 4, 657, 8151, 9.26, 145.00, 405, 405, 1, 8
2026-09-01T18:11:22.2145752+07:00,2026/09/01 18:11:22.245, NVIDIA GeForce RTX 5060, 591.86, P8, 28, 0, 650, 8151, 9.04, 145.00, 285, 405, 1, 8
2026-09-01T18:11:27.2634992+07:00,2026/09/01 18:11:27.294, NVIDIA GeForce RTX 5060, 591.86, P8, 28, 5, 651, 8151, 11.32, 145.00, 585, 405, 1, 8
2026-09-01T18:11:32.3150557+07:00,2026/09/01 18:11:32.346, NVIDIA GeForce RTX 5060, 591.86, P8, 28, 0, 651, 8151, 8.69, 145.00, 232, 405, 1, 8
2026-09-01T18:11:37.3648474+07:00,2026/09/01 18:11:37.425, NVIDIA GeForce RTX 5060, 591.86, P8, 28, 0, 651, 8151, 8.63, 145.00, 225, 405, 1, 8
2026-09-01T18:11:42.4460939+07:00,2026/09/01 18:11:42.492, NVIDIA GeForce RTX 5060, 591.86, P8, 28, 0, 656, 8151, 8.78, 145.00, 277, 405, 1, 8
2026-09-01T18:11:47.5092684+07:00,2026/09/01 18:11:47.540, NVIDIA GeForce RTX 5060, 591.86, P8, 28, 0, 659, 8151, 8.87, 145.00, 322, 405, 1, 8
2026-09-01T18:11:52.6351869+07:00,2026/09/01 18:11:52.666, NVIDIA GeForce RTX 5060, 591.86, P8, 28, 0, 658, 8151, 9.16, 145.00, 315, 405, 1, 8
2026-09-01T18:11:57.6830367+07:00,2026/09/01 18:11:57.714, NVIDIA GeForce RTX 5060, 591.86, P8, 28, 0, 653, 8151, 8.59, 145.00, 277, 405, 1, 8
2026-09-01T18:12:02.7453848+07:00,2026/09/01 18:12:02.776, NVIDIA GeForce RTX 5060, 591.86, P8, 28, 0, 652, 8151, 8.75, 145.00, 247, 405, 1, 8
2026-09-01T18:12:07.7950293+07:00,2026/09/01 18:12:07.825, NVIDIA GeForce RTX 5060, 591.86, P8, 28, 0, 652, 8151, 8.68, 145.00, 255, 405, 1, 8
2026-09-01T18:12:12.8437823+07:00,2026/09/01 18:12:12.874, NVIDIA GeForce RTX 5060, 591.86, P8, 28, 0, 652, 8151, 8.76, 145.00, 382, 405, 1, 8
2026-09-01T18:12:17.9224973+07:00,2026/09/01 18:12:17.968, NVIDIA GeForce RTX 5060, 591.86, P8, 28, 0, 654, 8151, 9.38, 145.00, 225, 405, 1, 8
2026-09-01T18:12:23.0502486+07:00,2026/09/01 18:12:23.081, NVIDIA GeForce RTX 5060, 591.86, P8, 28, 0, 650, 8151, 9.10, 145.00, 210, 405, 1, 8
2026-09-01T18:12:28.0993779+07:00,2026/09/01 18:12:28.130, NVIDIA GeForce RTX 5060, 591.86, P8, 28, 0, 653, 8151, 8.59, 145.00, 277, 405, 1, 8
2026-09-01T18:12:33.1469004+07:00,2026/09/01 18:12:33.177, NVIDIA GeForce RTX 5060, 591.86, P8, 28, 0, 654, 8151, 8.68, 145.00, 270, 405, 1, 8
2026-09-01T18:12:38.1947285+07:00,2026/09/01 18:12:38.225, NVIDIA GeForce RTX 5060, 591.86, P8, 28, 0, 654, 8151, 8.85, 145.00, 255, 405, 1, 8
2026-09-01T18:12:43.2560933+07:00,2026/09/01 18:12:43.302, NVIDIA GeForce RTX 5060, 591.86, P8, 28, 0, 654, 8151, 8.28, 145.00, 210, 405, 1, 8
2026-09-01T18:12:48.3198219+07:00,2026/09/01 18:12:48.366, NVIDIA GeForce RTX 5060, 591.86, P8, 28, 0, 653, 8151, 8.20, 145.00, 210, 405, 1, 8
2026-09-01T18:12:53.4587938+07:00,2026/09/01 18:12:53.489, NVIDIA GeForce RTX 5060, 591.86, P8, 28, 0, 651, 8151, 8.47, 145.00, 210, 405, 1, 8
2026-09-01T18:12:58.5065839+07:00,2026/09/01 18:12:58.537, NVIDIA GeForce RTX 5060, 591.86, P8, 28, 0, 647, 8151, 8.28, 145.00, 210, 405, 1, 8
2026-09-01T18:13:03.5662507+07:00,2026/09/01 18:13:03.597, NVIDIA GeForce RTX 5060, 591.86, P8, 28, 0, 646, 8151, 8.25, 145.00, 210, 405, 1, 8
2026-09-01T18:13:08.6286634+07:00,2026/09/01 18:13:08.674, NVIDIA GeForce RTX 5060, 591.86, P8, 28, 0, 646, 8151, 8.27, 145.00, 225, 405, 1, 8
2026-09-01T18:13:13.7058401+07:00,2026/09/01 18:13:13.736, NVIDIA GeForce RTX 5060, 591.86, P8, 28, 0, 646, 8151, 8.40, 145.00, 210, 405, 1, 8
2026-09-01T18:13:18.7670308+07:00,2026/09/01 18:13:18.798, NVIDIA GeForce RTX 5060, 591.86, P8, 28, 0, 646, 8151, 8.21, 145.00, 210, 405, 1, 8
2026-09-01T18:13:23.8880958+07:00,2026/09/01 18:13:23.919, NVIDIA GeForce RTX 5060, 591.86, P8, 28, 0, 646, 8151, 8.51, 145.00, 210, 405, 1, 8
2026-09-01T18:13:28.9496319+07:00,2026/09/01 18:13:28.980, NVIDIA GeForce RTX 5060, 591.86, P8, 28, 0, 646, 8151, 8.41, 145.00, 210, 405, 1, 8
2026-09-01T18:13:33.9978658+07:00,2026/09/01 18:13:34.028, NVIDIA GeForce RTX 5060, 591.86, P8, 28, 0, 646, 8151, 8.37, 145.00, 210, 405, 1, 8
2026-09-01T18:13:39.0455386+07:00,2026/09/01 18:13:39.076, NVIDIA GeForce RTX 5060, 591.86, P8, 28, 0, 646, 8151, 8.45, 145.00, 210, 405, 1, 8
2026-09-01T18:13:44.1076185+07:00,2026/09/01 18:13:44.138, NVIDIA GeForce RTX 5060, 591.86, P8, 28, 0, 646, 8151, 8.45, 145.00, 210, 405, 1, 8
2026-09-01T18:13:49.1701732+07:00,2026/09/01 18:13:49.201, NVIDIA GeForce RTX 5060, 591.86, P8, 28, 0, 646, 8151, 8.33, 145.00, 210, 405, 1, 8
2026-09-01T18:13:54.2966303+07:00,2026/09/01 18:13:54.327, NVIDIA GeForce RTX 5060, 591.86, P8, 28, 0, 647, 8151, 8.50, 145.00, 210, 405, 1, 8
2026-09-01T18:13:59.3438846+07:00,2026/09/01 18:13:59.374, NVIDIA GeForce RTX 5060, 591.86, P8, 28, 0, 652, 8151, 8.55, 145.00, 247, 405, 1, 8
2026-09-01T18:14:04.4058984+07:00,2026/09/01 18:14:04.436, NVIDIA GeForce RTX 5060, 591.86, P8, 28, 0, 652, 8151, 8.60, 145.00, 225, 405, 1, 8
2026-09-01T18:14:09.4636259+07:00,2026/09/01 18:14:09.510, NVIDIA GeForce RTX 5060, 591.86, P8, 28, 0, 652, 8151, 8.56, 145.00, 247, 405, 1, 8
2026-09-01T18:14:14.5396085+07:00,2026/09/01 18:14:14.570, NVIDIA GeForce RTX 5060, 591.86, P8, 28, 0, 652, 8151, 8.64, 145.00, 232, 405, 1, 8
2026-09-01T18:14:19.5976729+07:00,2026/09/01 18:14:19.628, NVIDIA GeForce RTX 5060, 591.86, P8, 28, 0, 653, 8151, 8.76, 145.00, 232, 405, 1, 8
2026-09-01T18:14:24.7374223+07:00,2026/09/01 18:14:24.768, NVIDIA GeForce RTX 5060, 591.86, P8, 28, 0, 653, 8151, 8.52, 145.00, 255, 405, 1, 8
2026-09-01T18:14:29.7980450+07:00,2026/09/01 18:14:29.829, NVIDIA GeForce RTX 5060, 591.86, P8, 28, 0, 653, 8151, 8.59, 145.00, 247, 405, 1, 8
2026-09-01T18:14:34.8456029+07:00,2026/09/01 18:14:34.876, NVIDIA GeForce RTX 5060, 591.86, P8, 28, 0, 654, 8151, 8.80, 145.00, 337, 405, 1, 8
2026-09-01T18:14:39.9083898+07:00,2026/09/01 18:14:39.939, NVIDIA GeForce RTX 5060, 591.86, P8, 28, 1, 653, 8151, 9.13, 145.00, 382, 405, 1, 8
2026-09-01T18:14:44.9698275+07:00,2026/09/01 18:14:45.000, NVIDIA GeForce RTX 5060, 591.86, P8, 28, 1, 653, 8151, 9.18, 145.00, 427, 405, 1, 8
2026-09-01T18:14:50.0170997+07:00,2026/09/01 18:14:50.048, NVIDIA GeForce RTX 5060, 591.86, P8, 28, 1, 653, 8151, 9.11, 145.00, 427, 405, 1, 8
2026-09-01T18:14:55.1426773+07:00,2026/09/01 18:14:55.173, NVIDIA GeForce RTX 5060, 591.86, P8, 28, 0, 654, 8151, 9.10, 145.00, 367, 405, 1, 8
2026-09-01T18:15:00.1902272+07:00,2026/09/01 18:15:00.236, NVIDIA GeForce RTX 5060, 591.86, P8, 28, 0, 652, 8151, 9.13, 145.00, 345, 405, 1, 8
2026-09-01T18:15:05.2497653+07:00,2026/09/01 18:15:05.280, NVIDIA GeForce RTX 5060, 591.86, P8, 28, 0, 653, 8151, 9.07, 145.00, 345, 405, 1, 8
2026-09-01T18:15:10.2978943+07:00,2026/09/01 18:15:10.328, NVIDIA GeForce RTX 5060, 591.86, P8, 28, 0, 652, 8151, 9.15, 145.00, 367, 405, 1, 8
2026-09-01T18:15:15.3473600+07:00,2026/09/01 18:15:15.378, NVIDIA GeForce RTX 5060, 591.86, P8, 28, 0, 652, 8151, 9.04, 145.00, 352, 405, 1, 8
2026-09-01T18:15:20.3952875+07:00,2026/09/01 18:15:20.425, NVIDIA GeForce RTX 5060, 591.86, P8, 28, 0, 652, 8151, 8.98, 145.00, 277, 405, 1, 8
2026-09-01T18:15:25.5459436+07:00,2026/09/01 18:15:25.576, NVIDIA GeForce RTX 5060, 591.86, P8, 28, 0, 652, 8151, 8.92, 145.00, 270, 405, 1, 8
2026-09-01T18:15:30.5871871+07:00,2026/09/01 18:15:30.618, NVIDIA GeForce RTX 5060, 591.86, P8, 28, 0, 652, 8151, 9.07, 145.00, 277, 405, 1, 8
2026-09-01T18:15:35.6355996+07:00,2026/09/01 18:15:35.666, NVIDIA GeForce RTX 5060, 591.86, P8, 28, 0, 652, 8151, 8.75, 145.00, 225, 405, 1, 8
2026-09-01T18:15:40.6967933+07:00,2026/09/01 18:15:40.727, NVIDIA GeForce RTX 5060, 591.86, P8, 28, 0, 652, 8151, 8.81, 145.00, 240, 405, 1, 8
2026-09-01T18:15:45.7519636+07:00,2026/09/01 18:15:45.797, NVIDIA GeForce RTX 5060, 591.86, P8, 28, 0, 652, 8151, 8.80, 145.00, 232, 405, 1, 8
2026-09-01T18:15:50.8167344+07:00,2026/09/01 18:15:50.847, NVIDIA GeForce RTX 5060, 591.86, P8, 28, 0, 652, 8151, 8.78, 145.00, 255, 405, 1, 8
2026-09-01T18:15:55.9351339+07:00,2026/09/01 18:15:55.981, NVIDIA GeForce RTX 5060, 591.86, P8, 28, 0, 652, 8151, 8.81, 145.00, 240, 405, 1, 8
2026-09-01T18:16:01.0237439+07:00,2026/09/01 18:16:01.054, NVIDIA GeForce RTX 5060, 591.86, P8, 28, 0, 652, 8151, 8.91, 145.00, 262, 405, 1, 8
2026-09-01T18:16:06.0676690+07:00,2026/09/01 18:16:06.098, NVIDIA GeForce RTX 5060, 591.86, P8, 28, 0, 652, 8151, 8.93, 145.00, 315, 405, 1, 8
2026-09-01T18:16:11.1266092+07:00,2026/09/01 18:16:11.157, NVIDIA GeForce RTX 5060, 591.86, P8, 28, 0, 652, 8151, 9.22, 145.00, 247, 405, 1, 8
2026-09-01T18:16:16.1886977+07:00,2026/09/01 18:16:16.219, NVIDIA GeForce RTX 5060, 591.86, P8, 28, 0, 656, 8151, 8.68, 145.00, 307, 405, 1, 8
2026-09-01T18:16:21.2347434+07:00,2026/09/01 18:16:21.281, NVIDIA GeForce RTX 5060, 591.86, P8, 28, 0, 652, 8151, 8.66, 145.00, 285, 405, 1, 8
2026-09-01T18:16:26.3738275+07:00,2026/09/01 18:16:26.404, NVIDIA GeForce RTX 5060, 591.86, P8, 28, 0, 655, 8151, 8.73, 145.00, 270, 405, 1, 8
2026-09-01T18:16:31.4198948+07:00,2026/09/01 18:16:31.466, NVIDIA GeForce RTX 5060, 591.86, P8, 28, 0, 657, 8151, 8.68, 145.00, 232, 405, 1, 8
2026-09-01T18:16:36.4836376+07:00,2026/09/01 18:16:36.514, NVIDIA GeForce RTX 5060, 591.86, P8, 28, 0, 654, 8151, 8.78, 145.00, 255, 405, 1, 8
2026-09-01T18:16:41.5436197+07:00,2026/09/01 18:16:41.574, NVIDIA GeForce RTX 5060, 591.86, P8, 28, 0, 654, 8151, 8.97, 145.00, 300, 405, 1, 8
2026-09-01T18:16:46.5842116+07:00,2026/09/01 18:16:46.615, NVIDIA GeForce RTX 5060, 591.86, P8, 28, 0, 654, 8151, 8.86, 145.00, 255, 405, 1, 8
2026-09-01T18:16:51.6467110+07:00,2026/09/01 18:16:51.677, NVIDIA GeForce RTX 5060, 591.86, P8, 28, 0, 653, 8151, 8.90, 145.00, 270, 405, 1, 8
2026-09-01T18:16:56.7591408+07:00,2026/09/01 18:16:56.805, NVIDIA GeForce RTX 5060, 591.86, P8, 28, 0, 650, 8151, 8.52, 145.00, 210, 405, 1, 8
2026-09-01T18:17:01.8226313+07:00,2026/09/01 18:17:01.853, NVIDIA GeForce RTX 5060, 591.86, P8, 28, 0, 646, 8151, 8.51, 145.00, 232, 405, 1, 8
2026-09-01T18:17:06.8699568+07:00,2026/09/01 18:17:06.916, NVIDIA GeForce RTX 5060, 591.86, P8, 28, 0, 645, 8151, 8.60, 145.00, 210, 405, 1, 8
2026-09-01T18:17:11.9306919+07:00,2026/09/01 18:17:11.961, NVIDIA GeForce RTX 5060, 591.86, P8, 28, 1, 650, 8151, 8.64, 145.00, 210, 405, 1, 8
2026-09-01T18:17:16.9760836+07:00,2026/09/01 18:17:17.006, NVIDIA GeForce RTX 5060, 591.86, P8, 28, 0, 651, 8151, 8.95, 145.00, 247, 405, 1, 8
2026-09-01T18:17:22.0204098+07:00,2026/09/01 18:17:22.051, NVIDIA GeForce RTX 5060, 591.86, P8, 28, 2, 652, 8151, 9.58, 145.00, 435, 405, 1, 8
2026-09-01T18:17:27.1431259+07:00,2026/09/01 18:17:27.173, NVIDIA GeForce RTX 5060, 591.86, P8, 28, 0, 646, 8151, 8.74, 145.00, 247, 405, 1, 8
2026-09-01T18:17:32.1898323+07:00,2026/09/01 18:17:32.220, NVIDIA GeForce RTX 5060, 591.86, P8, 28, 1, 645, 8151, 8.51, 145.00, 210, 405, 1, 8
2026-09-01T18:17:37.2377984+07:00,2026/09/01 18:17:37.268, NVIDIA GeForce RTX 5060, 591.86, P8, 28, 0, 645, 8151, 8.73, 145.00, 232, 405, 1, 8
2026-09-01T18:17:42.2843156+07:00,2026/09/01 18:17:42.314, NVIDIA GeForce RTX 5060, 591.86, P8, 28, 0, 645, 8151, 8.68, 145.00, 232, 405, 1, 8
2026-09-01T18:17:47.3320357+07:00,2026/09/01 18:17:47.363, NVIDIA GeForce RTX 5060, 591.86, P8, 28, 0, 650, 8151, 8.60, 145.00, 210, 405, 1, 8
2026-09-01T18:17:52.3783980+07:00,2026/09/01 18:17:52.409, NVIDIA GeForce RTX 5060, 591.86, P8, 28, 0, 645, 8151, 8.66, 145.00, 210, 405, 1, 8
2026-09-01T18:17:57.5016701+07:00,2026/09/01 18:17:57.532, NVIDIA GeForce RTX 5060, 591.86, P8, 28, 0, 645, 8151, 8.50, 145.00, 240, 405, 1, 8
2026-09-01T18:18:02.5462684+07:00,2026/09/01 18:18:02.576, NVIDIA GeForce RTX 5060, 591.86, P8, 28, 0, 645, 8151, 8.65, 145.00, 210, 405, 1, 8
2026-09-01T18:18:07.5942493+07:00,2026/09/01 18:18:07.624, NVIDIA GeForce RTX 5060, 591.86, P8, 28, 1, 645, 8151, 8.78, 145.00, 240, 405, 1, 8
2026-09-01T18:18:12.6415159+07:00,2026/09/01 18:18:12.673, NVIDIA GeForce RTX 5060, 591.86, P8, 28, 0, 651, 8151, 8.72, 145.00, 210, 405, 1, 8
2026-09-01T18:18:17.6910409+07:00,2026/09/01 18:18:17.721, NVIDIA GeForce RTX 5060, 591.86, P8, 28, 4, 682, 8151, 11.63, 145.00, 510, 405, 1, 8
2026-09-01T18:18:22.7384688+07:00,2026/09/01 18:18:22.769, NVIDIA GeForce RTX 5060, 591.86, P8, 28, 3, 676, 8151, 9.17, 145.00, 307, 405, 1, 8
2026-09-01T18:18:27.8646652+07:00,2026/09/01 18:18:27.894, NVIDIA GeForce RTX 5060, 591.86, P8, 28, 0, 682, 8151, 9.64, 145.00, 210, 405, 1, 8
2026-09-01T18:18:32.9129418+07:00,2026/09/01 18:18:32.943, NVIDIA GeForce RTX 5060, 591.86, P8, 28, 4, 661, 8151, 9.89, 145.00, 277, 405, 1, 8
2026-09-01T18:18:37.9591266+07:00,2026/09/01 18:18:37.990, NVIDIA GeForce RTX 5060, 591.86, P8, 28, 12, 658, 8151, 9.99, 145.00, 427, 405, 1, 8
2026-09-01T18:18:43.0079462+07:00,2026/09/01 18:18:43.038, NVIDIA GeForce RTX 5060, 591.86, P8, 28, 0, 657, 8151, 10.31, 145.00, 330, 405, 1, 8
2026-09-01T18:18:48.0554430+07:00,2026/09/01 18:18:48.086, NVIDIA GeForce RTX 5060, 591.86, P8, 28, 0, 658, 8151, 9.10, 145.00, 210, 405, 1, 8
2026-09-01T18:18:53.0999165+07:00,2026/09/01 18:18:53.146, NVIDIA GeForce RTX 5060, 591.86, P8, 28, 5, 658, 8151, 9.71, 145.00, 300, 405, 1, 8
2026-09-01T18:18:58.2214455+07:00,2026/09/01 18:18:58.252, NVIDIA GeForce RTX 5060, 591.86, P8, 28, 5, 658, 8151, 9.95, 145.00, 390, 405, 1, 8
2026-09-01T18:19:03.2671045+07:00,2026/09/01 18:19:03.298, NVIDIA GeForce RTX 5060, 591.86, P0, 29, 1, 659, 8151, 18.95, 145.00, 2557, 14201, 4, 8
2026-09-01T18:19:08.3141058+07:00,2026/09/01 18:19:08.345, NVIDIA GeForce RTX 5060, 591.86, P5, 29, 14, 757, 8151, 14.03, 145.00, 990, 810, 2, 8
2026-09-01T18:19:13.3944863+07:00,2026/09/01 18:19:13.424, NVIDIA GeForce RTX 5060, 591.86, P0, 29, 2, 786, 8151, 15.37, 145.00, 1770, 14201, 4, 8
2026-09-01T18:19:18.4464529+07:00,2026/09/01 18:19:18.476, NVIDIA GeForce RTX 5060, 591.86, P0, 30, 1, 802, 8151, 21.83, 145.00, 2572, 14201, 4, 8
2026-09-01T18:19:23.5110208+07:00,2026/09/01 18:19:23.556, NVIDIA GeForce RTX 5060, 591.86, P5, 29, 6, 1073, 8151, 12.60, 145.00, 652, 810, 2, 8
2026-09-01T18:19:28.6970637+07:00,2026/09/01 18:19:28.728, NVIDIA GeForce RTX 5060, 591.86, P0, 30, 0, 974, 8151, 17.25, 145.00, 2550, 14201, 4, 8
2026-09-01T18:19:33.8270407+07:00,2026/09/01 18:19:33.855, NVIDIA GeForce RTX 5060, 591.86, P0, 30, 2, 1034, 8151, 23.23, 145.00, 2565, 14201, 4, 8
2026-09-01T18:19:38.9189917+07:00,2026/09/01 18:19:38.962, NVIDIA GeForce RTX 5060, 591.86, P8, 29, 2, 908, 8151, 10.86, 145.00, 592, 405, 1, 8
2026-09-01T18:19:43.9803145+07:00,2026/09/01 18:19:44.010, NVIDIA GeForce RTX 5060, 591.86, P3, 29, 1, 883, 8151, 18.59, 145.00, 840, 7001, 2, 8
2026-09-01T18:19:49.0274182+07:00,2026/09/01 18:19:49.058, NVIDIA GeForce RTX 5060, 591.86, P8, 29, 1, 815, 8151, 9.67, 145.00, 442, 405, 1, 8
2026-09-01T18:19:54.0753420+07:00,2026/09/01 18:19:54.105, NVIDIA GeForce RTX 5060, 591.86, P8, 29, 2, 801, 8151, 9.67, 145.00, 397, 405, 1, 8
2026-09-01T18:19:59.2270787+07:00,2026/09/01 18:19:59.258, NVIDIA GeForce RTX 5060, 591.86, P8, 29, 2, 801, 8151, 9.46, 145.00, 405, 405, 1, 8
2026-09-01T18:20:04.2740025+07:00,2026/09/01 18:20:04.305, NVIDIA GeForce RTX 5060, 591.86, P8, 29, 1, 802, 8151, 9.48, 145.00, 367, 405, 1, 8
2026-09-01T18:20:09.3209243+07:00,2026/09/01 18:20:09.351, NVIDIA GeForce RTX 5060, 591.86, P8, 29, 1, 801, 8151, 9.40, 145.00, 360, 405, 1, 8
2026-09-01T18:20:14.3690736+07:00,2026/09/01 18:20:14.398, NVIDIA GeForce RTX 5060, 591.86, P8, 28, 2, 802, 8151, 9.68, 145.00, 397, 405, 1, 8
2026-09-01T18:20:19.4168404+07:00,2026/09/01 18:20:19.447, NVIDIA GeForce RTX 5060, 591.86, P8, 28, 1, 802, 8151, 9.48, 145.00, 367, 405, 1, 8
2026-09-01T18:20:24.4622706+07:00,2026/09/01 18:20:24.493, NVIDIA GeForce RTX 5060, 591.86, P0, 30, 2, 880, 8151, 15.12, 145.00, 2550, 14201, 4, 8
2026-09-01T18:20:29.5706692+07:00,2026/09/01 18:20:29.601, NVIDIA GeForce RTX 5060, 591.86, P5, 29, 1, 842, 8151, 11.75, 145.00, 420, 810, 1, 8
2026-09-01T18:20:34.6319296+07:00,2026/09/01 18:20:34.663, NVIDIA GeForce RTX 5060, 591.86, P8, 29, 1, 824, 8151, 9.11, 145.00, 292, 405, 1, 8
2026-09-01T18:20:39.6754357+07:00,2026/09/01 18:20:39.721, NVIDIA GeForce RTX 5060, 591.86, P8, 29, 2, 825, 8151, 9.26, 145.00, 322, 405, 1, 8
2026-09-01T18:20:44.7359285+07:00,2026/09/01 18:20:44.767, NVIDIA GeForce RTX 5060, 591.86, P8, 28, 1, 824, 8151, 9.30, 145.00, 307, 405, 1, 8
2026-09-01T18:20:49.7965488+07:00,2026/09/01 18:20:49.827, NVIDIA GeForce RTX 5060, 591.86, P8, 28, 0, 825, 8151, 9.11, 145.00, 322, 405, 1, 8
2026-09-01T18:20:54.8717943+07:00,2026/09/01 18:20:54.917, NVIDIA GeForce RTX 5060, 591.86, P8, 28, 0, 824, 8151, 10.02, 145.00, 307, 405, 1, 8
2026-09-01T18:21:00.0129281+07:00,2026/09/01 18:21:00.057, NVIDIA GeForce RTX 5060, 591.86, P8, 29, 5, 823, 8151, 10.83, 145.00, 622, 405, 1, 8
2026-09-01T18:21:05.0821279+07:00,2026/09/01 18:21:05.113, NVIDIA GeForce RTX 5060, 591.86, P8, 29, 3, 867, 8151, 9.96, 145.00, 547, 405, 1, 8
2026-09-01T18:21:10.1244498+07:00,2026/09/01 18:21:10.155, NVIDIA GeForce RTX 5060, 591.86, P8, 28, 1, 820, 8151, 9.49, 145.00, 397, 405, 1, 8
2026-09-01T18:21:15.1701630+07:00,2026/09/01 18:21:15.201, NVIDIA GeForce RTX 5060, 591.86, P8, 28, 0, 820, 8151, 8.29, 145.00, 210, 405, 1, 8
2026-09-01T18:21:20.2317192+07:00,2026/09/01 18:21:20.262, NVIDIA GeForce RTX 5060, 591.86, P3, 30, 0, 800, 8151, 22.18, 145.00, 2520, 7001, 4, 8
2026-09-01T18:21:25.2770449+07:00,2026/09/01 18:21:25.307, NVIDIA GeForce RTX 5060, 591.86, P8, 28, 0, 798, 8151, 8.14, 145.00, 225, 405, 1, 8
2026-09-01T18:21:30.3996918+07:00,2026/09/01 18:21:30.430, NVIDIA GeForce RTX 5060, 591.86, P8, 28, 0, 800, 8151, 8.30, 145.00, 225, 405, 1, 8
2026-09-01T18:21:35.4591690+07:00,2026/09/01 18:21:35.490, NVIDIA GeForce RTX 5060, 591.86, P5, 28, 0, 803, 8151, 11.99, 145.00, 217, 810, 2, 8
2026-09-01T18:21:40.5030718+07:00,2026/09/01 18:21:40.534, NVIDIA GeForce RTX 5060, 591.86, P8, 29, 3, 802, 8151, 10.57, 145.00, 547, 405, 1, 8
2026-09-01T18:21:45.5777637+07:00,2026/09/01 18:21:45.608, NVIDIA GeForce RTX 5060, 591.86, P8, 29, 3, 803, 8151, 10.52, 145.00, 525, 405, 1, 8
2026-09-01T18:21:50.6377606+07:00,2026/09/01 18:21:50.668, NVIDIA GeForce RTX 5060, 591.86, P5, 29, 1, 824, 8151, 11.47, 145.00, 585, 810, 1, 8
2026-09-01T18:21:55.6871675+07:00,2026/09/01 18:21:55.718, NVIDIA GeForce RTX 5060, 591.86, P8, 29, 6, 805, 8151, 11.40, 145.00, 585, 405, 2, 8
2026-09-01T18:22:00.7968593+07:00,2026/09/01 18:22:00.843, NVIDIA GeForce RTX 5060, 591.86, P8, 29, 1, 829, 8151, 10.75, 145.00, 487, 405, 1, 8
2026-09-01T18:22:05.8611362+07:00,2026/09/01 18:22:05.923, NVIDIA GeForce RTX 5060, 591.86, P8, 28, 2, 821, 8151, 10.08, 145.00, 397, 405, 1, 8
2026-09-01T18:22:10.9358366+07:00,2026/09/01 18:22:10.966, NVIDIA GeForce RTX 5060, 591.86, P8, 28, 1, 823, 8151, 10.51, 145.00, 495, 405, 1, 8
2026-09-01T18:22:15.9851932+07:00,2026/09/01 18:22:16.016, NVIDIA GeForce RTX 5060, 591.86, P3, 29, 0, 818, 8151, 18.00, 145.00, 577, 7001, 4, 8
2026-09-01T18:22:21.0351703+07:00,2026/09/01 18:22:21.081, NVIDIA GeForce RTX 5060, 591.86, P3, 29, 0, 806, 8151, 18.09, 145.00, 652, 7001, 4, 8
2026-09-01T18:22:26.1016054+07:00,2026/09/01 18:22:26.132, NVIDIA GeForce RTX 5060, 591.86, P8, 29, 1, 805, 8151, 9.56, 145.00, 397, 405, 1, 8
2026-09-01T18:22:31.2138766+07:00,2026/09/01 18:22:31.244, NVIDIA GeForce RTX 5060, 591.86, P8, 29, 1, 806, 8151, 9.55, 145.00, 405, 405, 1, 8
2026-09-01T18:22:36.2624300+07:00,2026/09/01 18:22:36.293, NVIDIA GeForce RTX 5060, 591.86, P8, 29, 1, 816, 8151, 9.48, 145.00, 367, 405, 1, 8
2026-09-01T18:22:41.3133265+07:00,2026/09/01 18:22:41.344, NVIDIA GeForce RTX 5060, 591.86, P8, 28, 0, 812, 8151, 8.85, 145.00, 210, 405, 1, 8
2026-09-01T18:22:46.3643796+07:00,2026/09/01 18:22:46.395, NVIDIA GeForce RTX 5060, 591.86, P8, 28, 0, 816, 8151, 8.57, 145.00, 210, 405, 1, 8
2026-09-01T18:22:51.4132746+07:00,2026/09/01 18:22:51.444, NVIDIA GeForce RTX 5060, 591.86, P8, 28, 0, 816, 8151, 8.61, 145.00, 210, 405, 1, 8
2026-09-01T18:22:56.4631991+07:00,2026/09/01 18:22:56.509, NVIDIA GeForce RTX 5060, 591.86, P8, 28, 0, 816, 8151, 8.47, 145.00, 210, 405, 1, 8
2026-09-01T18:23:01.5896818+07:00,2026/09/01 18:23:01.620, NVIDIA GeForce RTX 5060, 591.86, P8, 29, 3, 819, 8151, 10.45, 145.00, 517, 405, 1, 8
2026-09-01T18:23:06.6397345+07:00,2026/09/01 18:23:06.670, NVIDIA GeForce RTX 5060, 591.86, P5, 29, 7, 827, 8151, 11.29, 145.00, 847, 810, 1, 8
2026-09-01T18:23:11.6874526+07:00,2026/09/01 18:23:11.733, NVIDIA GeForce RTX 5060, 591.86, P8, 29, 4, 824, 8151, 10.62, 145.00, 540, 405, 1, 8
2026-09-01T18:23:16.7534702+07:00,2026/09/01 18:23:16.784, NVIDIA GeForce RTX 5060, 591.86, P8, 28, 0, 816, 8151, 8.63, 145.00, 210, 405, 1, 8
2026-09-01T18:23:21.8017355+07:00,2026/09/01 18:23:21.832, NVIDIA GeForce RTX 5060, 591.86, P8, 28, 0, 816, 8151, 8.43, 145.00, 210, 405, 1, 8
2026-09-01T18:23:26.8512742+07:00,2026/09/01 18:23:26.882, NVIDIA GeForce RTX 5060, 591.86, P8, 28, 0, 816, 8151, 8.54, 145.00, 210, 405, 1, 8
2026-09-01T18:23:31.9644545+07:00,2026/09/01 18:23:31.995, NVIDIA GeForce RTX 5060, 591.86, P8, 28, 0, 816, 8151, 8.45, 145.00, 210, 405, 1, 8
2026-09-01T18:23:37.0134402+07:00,2026/09/01 18:23:37.044, NVIDIA GeForce RTX 5060, 591.86, P8, 28, 1, 816, 8151, 10.30, 145.00, 532, 405, 1, 8
2026-09-01T18:23:42.0630144+07:00,2026/09/01 18:23:42.109, NVIDIA GeForce RTX 5060, 591.86, P5, 29, 3, 829, 8151, 11.95, 145.00, 690, 810, 1, 8
2026-09-01T18:23:47.1414990+07:00,2026/09/01 18:23:47.172, NVIDIA GeForce RTX 5060, 591.86, P8, 28, 1, 829, 8151, 10.03, 145.00, 525, 405, 1, 8
2026-09-01T18:23:52.1917825+07:00,2026/09/01 18:23:52.238, NVIDIA GeForce RTX 5060, 591.86, P8, 28, 1, 815, 8151, 9.89, 145.00, 465, 405, 1, 8
2026-09-01T18:23:57.2638684+07:00,2026/09/01 18:23:57.294, NVIDIA GeForce RTX 5060, 591.86, P0, 30, 0, 916, 8151, 19.22, 145.00, 2550, 14201, 4, 8
2026-09-01T18:24:02.3759067+07:00,2026/09/01 18:24:02.406, NVIDIA GeForce RTX 5060, 591.86, P5, 29, 1, 936, 8151, 11.47, 145.00, 487, 810, 2, 8
2026-09-01T18:24:07.4214193+07:00,2026/09/01 18:24:07.452, NVIDIA GeForce RTX 5060, 591.86, P3, 30, 1, 905, 8151, 23.01, 145.00, 2565, 7001, 4, 8
2026-09-01T18:24:12.4651833+07:00,2026/09/01 18:24:12.496, NVIDIA GeForce RTX 5060, 591.86, P8, 29, 11, 862, 8151, 11.10, 145.00, 690, 405, 1, 8
2026-09-01T18:24:17.5107299+07:00,2026/09/01 18:24:17.540, NVIDIA GeForce RTX 5060, 591.86, P8, 29, 1, 769, 8151, 10.29, 145.00, 502, 405, 1, 8
2026-09-01T18:24:22.5600811+07:00,2026/09/01 18:24:22.591, NVIDIA GeForce RTX 5060, 591.86, P0, 30, 1, 828, 8151, 23.47, 145.00, 2550, 14201, 4, 8
2026-09-01T18:24:27.6108425+07:00,2026/09/01 18:24:27.641, NVIDIA GeForce RTX 5060, 591.86, P8, 29, 1, 847, 8151, 9.46, 145.00, 315, 405, 1, 8
2026-09-01T18:24:32.7369112+07:00,2026/09/01 18:24:32.771, NVIDIA GeForce RTX 5060, 591.86, P8, 29, 1, 868, 8151, 9.09, 145.00, 510, 405, 1, 8
2026-09-01T18:24:37.7900592+07:00,2026/09/01 18:24:37.836, NVIDIA GeForce RTX 5060, 591.86, P0, 30, 0, 865, 8151, 18.33, 145.00, 2527, 14201, 4, 8
2026-09-01T18:24:42.8559977+07:00,2026/09/01 18:24:42.886, NVIDIA GeForce RTX 5060, 591.86, P8, 29, 0, 845, 8151, 9.15, 145.00, 225, 405, 1, 8
2026-09-01T18:24:47.9043256+07:00,2026/09/01 18:24:47.935, NVIDIA GeForce RTX 5060, 591.86, P0, 30, 0, 805, 8151, 18.95, 145.00, 2535, 14201, 4, 8
2026-09-01T18:24:52.9549109+07:00,2026/09/01 18:24:52.985, NVIDIA GeForce RTX 5060, 591.86, P8, 29, 2, 841, 8151, 9.78, 145.00, 585, 405, 1, 8
2026-09-01T18:24:58.0066132+07:00,2026/09/01 18:24:58.037, NVIDIA GeForce RTX 5060, 591.86, P8, 29, 0, 765, 8151, 9.20, 145.00, 360, 405, 1, 8
2026-09-01T18:25:03.2259067+07:00,2026/09/01 18:25:03.256, NVIDIA GeForce RTX 5060, 591.86, P8, 29, 1, 726, 8151, 9.35, 145.00, 390, 405, 1, 8
2026-09-01T18:25:08.2757497+07:00,2026/09/01 18:25:08.306, NVIDIA GeForce RTX 5060, 591.86, P8, 29, 0, 726, 8151, 9.28, 145.00, 360, 405, 1, 8
2026-09-01T18:25:13.3301886+07:00,2026/09/01 18:25:13.372, NVIDIA GeForce RTX 5060, 591.86, P8, 29, 1, 726, 8151, 9.31, 145.00, 345, 405, 1, 8
2026-09-01T18:25:18.3906413+07:00,2026/09/01 18:25:18.437, NVIDIA GeForce RTX 5060, 591.86, P8, 28, 1, 726, 8151, 9.09, 145.00, 375, 405, 1, 8
2026-09-01T18:25:23.4551377+07:00,2026/09/01 18:25:23.486, NVIDIA GeForce RTX 5060, 591.86, P8, 28, 1, 726, 8151, 9.29, 145.00, 352, 405, 1, 8
2026-09-01T18:25:28.5195460+07:00,2026/09/01 18:25:28.550, NVIDIA GeForce RTX 5060, 591.86, P8, 28, 1, 726, 8151, 9.23, 145.00, 390, 405, 1, 8
2026-09-01T18:25:33.6326869+07:00,2026/09/01 18:25:33.663, NVIDIA GeForce RTX 5060, 591.86, P8, 28, 1, 726, 8151, 9.26, 145.00, 375, 405, 1, 8
2026-09-01T18:25:38.6836329+07:00,2026/09/01 18:25:38.714, NVIDIA GeForce RTX 5060, 591.86, P8, 28, 0, 726, 8151, 8.56, 145.00, 210, 405, 1, 8
2026-09-01T18:25:43.7332765+07:00,2026/09/01 18:25:43.764, NVIDIA GeForce RTX 5060, 591.86, P8, 28, 0, 726, 8151, 8.50, 145.00, 210, 405, 1, 8
2026-09-01T18:25:48.7823896+07:00,2026/09/01 18:25:48.813, NVIDIA GeForce RTX 5060, 591.86, P8, 28, 1, 727, 8151, 8.66, 145.00, 210, 405, 1, 8
2026-09-01T18:25:53.8339060+07:00,2026/09/01 18:25:53.864, NVIDIA GeForce RTX 5060, 591.86, P8, 28, 1, 727, 8151, 9.93, 145.00, 442, 405, 1, 8
2026-09-01T18:25:58.8827081+07:00,2026/09/01 18:25:58.929, NVIDIA GeForce RTX 5060, 591.86, P8, 28, 1, 726, 8151, 10.11, 145.00, 517, 405, 1, 8
2026-09-01T18:26:04.0099916+07:00,2026/09/01 18:26:04.056, NVIDIA GeForce RTX 5060, 591.86, P8, 28, 1, 726, 8151, 9.98, 145.00, 442, 405, 1, 8
2026-09-01T18:26:09.0760942+07:00,2026/09/01 18:26:09.108, NVIDIA GeForce RTX 5060, 591.86, P8, 28, 1, 726, 8151, 9.68, 145.00, 420, 405, 1, 8
2026-09-01T18:26:14.1256152+07:00,2026/09/01 18:26:14.156, NVIDIA GeForce RTX 5060, 591.86, P8, 28, 2, 742, 8151, 10.75, 145.00, 562, 405, 1, 8
2026-09-01T18:26:19.1733310+07:00,2026/09/01 18:26:19.204, NVIDIA GeForce RTX 5060, 591.86, P8, 29, 3, 752, 8151, 11.06, 145.00, 757, 405, 1, 8
2026-09-01T18:26:24.2199542+07:00,2026/09/01 18:26:24.250, NVIDIA GeForce RTX 5060, 591.86, P8, 28, 1, 745, 8151, 10.15, 145.00, 420, 405, 1, 8
2026-09-01T18:26:29.2809337+07:00,2026/09/01 18:26:29.311, NVIDIA GeForce RTX 5060, 591.86, P8, 28, 2, 746, 8151, 9.75, 145.00, 442, 405, 1, 8
2026-09-01T18:26:34.4086940+07:00,2026/09/01 18:26:34.439, NVIDIA GeForce RTX 5060, 591.86, P8, 28, 0, 741, 8151, 9.39, 145.00, 397, 405, 1, 8
2026-09-01T18:26:39.4596755+07:00,2026/09/01 18:26:39.490, NVIDIA GeForce RTX 5060, 591.86, P8, 28, 0, 736, 8151, 9.35, 145.00, 352, 405, 1, 8
2026-09-01T18:26:44.5086704+07:00,2026/09/01 18:26:44.539, NVIDIA GeForce RTX 5060, 591.86, P8, 28, 1, 879, 8151, 9.68, 145.00, 405, 405, 1, 8
2026-09-01T18:26:49.5590501+07:00,2026/09/01 18:26:49.589, NVIDIA GeForce RTX 5060, 591.86, P5, 29, 0, 640, 8151, 22.00, 145.00, 2535, 810, 2, 8
2026-09-01T18:26:54.6093090+07:00,2026/09/01 18:26:54.640, NVIDIA GeForce RTX 5060, 591.86, P8, 28, 0, 642, 8151, 9.31, 145.00, 360, 405, 1, 8
2026-09-01T18:26:59.6594402+07:00,2026/09/01 18:26:59.690, NVIDIA GeForce RTX 5060, 591.86, P8, 28, 1, 642, 8151, 9.48, 145.00, 412, 405, 1, 8
2026-09-01T18:27:04.7863878+07:00,2026/09/01 18:27:04.817, NVIDIA GeForce RTX 5060, 591.86, P8, 28, 1, 642, 8151, 9.45, 145.00, 367, 405, 1, 8
2026-09-01T18:27:09.8354517+07:00,2026/09/01 18:27:09.866, NVIDIA GeForce RTX 5060, 591.86, P8, 28, 1, 642, 8151, 9.41, 145.00, 367, 405, 1, 8
2026-09-01T18:27:14.8846197+07:00,2026/09/01 18:27:14.915, NVIDIA GeForce RTX 5060, 591.86, P8, 28, 1, 642, 8151, 9.14, 145.00, 262, 405, 1, 8
2026-09-01T18:27:19.9425346+07:00,2026/09/01 18:27:19.973, NVIDIA GeForce RTX 5060, 591.86, P8, 28, 0, 642, 8151, 9.25, 145.00, 390, 405, 1, 8
2026-09-01T18:27:24.9921680+07:00,2026/09/01 18:27:25.023, NVIDIA GeForce RTX 5060, 591.86, P8, 28, 1, 642, 8151, 9.41, 145.00, 390, 405, 1, 8
2026-09-01T18:27:30.0451411+07:00,2026/09/01 18:27:30.073, NVIDIA GeForce RTX 5060, 591.86, P8, 28, 1, 642, 8151, 9.12, 145.00, 375, 405, 1, 8
2026-09-01T18:27:35.1549056+07:00,2026/09/01 18:27:35.185, NVIDIA GeForce RTX 5060, 591.86, P8, 28, 0, 642, 8151, 9.37, 145.00, 412, 405, 1, 8
2026-09-01T18:27:40.2039544+07:00,2026/09/01 18:27:40.235, NVIDIA GeForce RTX 5060, 591.86, P8, 28, 0, 642, 8151, 9.25, 145.00, 345, 405, 1, 8
2026-09-01T18:27:45.2525019+07:00,2026/09/01 18:27:45.283, NVIDIA GeForce RTX 5060, 591.86, P8, 28, 1, 642, 8151, 9.27, 145.00, 367, 405, 1, 8
2026-09-01T18:27:50.2973821+07:00,2026/09/01 18:27:50.328, NVIDIA GeForce RTX 5060, 591.86, P8, 28, 1, 642, 8151, 9.44, 145.00, 375, 405, 1, 8
2026-09-01T18:27:55.3396064+07:00,2026/09/01 18:27:55.401, NVIDIA GeForce RTX 5060, 591.86, P8, 28, 0, 642, 8151, 9.27, 145.00, 375, 405, 1, 8
2026-09-01T18:28:00.4178956+07:00,2026/09/01 18:28:00.448, NVIDIA GeForce RTX 5060, 591.86, P8, 28, 1, 642, 8151, 9.27, 145.00, 397, 405, 1, 8
2026-09-01T18:28:05.5280030+07:00,2026/09/01 18:28:05.559, NVIDIA GeForce RTX 5060, 591.86, P8, 28, 0, 642, 8151, 8.85, 145.00, 315, 405, 1, 8
2026-09-01T18:28:10.5763065+07:00,2026/09/01 18:28:10.607, NVIDIA GeForce RTX 5060, 591.86, P8, 28, 1, 642, 8151, 9.10, 145.00, 345, 405, 1, 8
2026-09-01T18:28:15.6254979+07:00,2026/09/01 18:28:15.656, NVIDIA GeForce RTX 5060, 591.86, P8, 28, 1, 642, 8151, 9.29, 145.00, 375, 405, 1, 8
2026-09-01T18:28:20.6738867+07:00,2026/09/01 18:28:20.704, NVIDIA GeForce RTX 5060, 591.86, P8, 28, 1, 642, 8151, 9.27, 145.00, 360, 405, 1, 8
2026-09-01T18:28:25.7210703+07:00,2026/09/01 18:28:25.767, NVIDIA GeForce RTX 5060, 591.86, P8, 28, 1, 642, 8151, 9.32, 145.00, 382, 405, 1, 8
2026-09-01T18:28:30.7987075+07:00,2026/09/01 18:28:30.828, NVIDIA GeForce RTX 5060, 591.86, P8, 28, 0, 642, 8151, 9.45, 145.00, 375, 405, 1, 8
2026-09-01T18:28:35.9231423+07:00,2026/09/01 18:28:35.954, NVIDIA GeForce RTX 5060, 591.86, P8, 28, 0, 642, 8151, 9.27, 145.00, 360, 405, 1, 8
2026-09-01T18:28:40.9851864+07:00,2026/09/01 18:28:41.015, NVIDIA GeForce RTX 5060, 591.86, P8, 28, 0, 642, 8151, 9.36, 145.00, 360, 405, 1, 8
2026-09-01T18:28:46.0204916+07:00,2026/09/01 18:28:46.051, NVIDIA GeForce RTX 5060, 591.86, P8, 28, 1, 642, 8151, 9.42, 145.00, 382, 405, 1, 8
2026-09-01T18:28:51.0714741+07:00,2026/09/01 18:28:51.102, NVIDIA GeForce RTX 5060, 591.86, P8, 28, 0, 642, 8151, 9.27, 145.00, 345, 405, 1, 8
2026-09-01T18:28:56.1231033+07:00,2026/09/01 18:28:56.154, NVIDIA GeForce RTX 5060, 591.86, P8, 28, 0, 642, 8151, 9.37, 145.00, 390, 405, 1, 8
2026-09-01T18:29:01.1758312+07:00,2026/09/01 18:29:01.206, NVIDIA GeForce RTX 5060, 591.86, P8, 28, 1, 642, 8151, 9.42, 145.00, 405, 405, 1, 8
2026-09-01T18:29:06.2906085+07:00,2026/09/01 18:29:06.321, NVIDIA GeForce RTX 5060, 591.86, P8, 28, 0, 642, 8151, 9.71, 145.00, 412, 405, 1, 8
2026-09-01T18:29:11.3382216+07:00,2026/09/01 18:29:11.369, NVIDIA GeForce RTX 5060, 591.86, P8, 28, 0, 642, 8151, 9.34, 145.00, 345, 405, 1, 8
2026-09-01T18:29:16.3867359+07:00,2026/09/01 18:29:16.417, NVIDIA GeForce RTX 5060, 591.86, P8, 28, 0, 642, 8151, 9.38, 145.00, 397, 405, 1, 8
2026-09-01T18:29:21.4367529+07:00,2026/09/01 18:29:21.498, NVIDIA GeForce RTX 5060, 591.86, P8, 28, 0, 642, 8151, 9.45, 145.00, 277, 405, 1, 8
2026-09-01T18:29:26.5574422+07:00,2026/09/01 18:29:26.587, NVIDIA GeForce RTX 5060, 591.86, P8, 28, 1, 642, 8151, 9.57, 145.00, 360, 405, 1, 8
2026-09-01T18:29:31.6885820+07:00,2026/09/01 18:29:31.719, NVIDIA GeForce RTX 5060, 591.86, P8, 28, 1, 642, 8151, 9.69, 145.00, 375, 405, 1, 8
2026-09-01T18:29:36.8809134+07:00,2026/09/01 18:29:36.911, NVIDIA GeForce RTX 5060, 591.86, P8, 28, 1, 642, 8151, 9.39, 145.00, 375, 405, 1, 8
2026-09-01T18:29:41.9903814+07:00,2026/09/01 18:29:42.021, NVIDIA GeForce RTX 5060, 591.86, P8, 28, 0, 642, 8151, 9.31, 145.00, 375, 405, 1, 8
2026-09-01T18:29:47.1372005+07:00,2026/09/01 18:29:47.168, NVIDIA GeForce RTX 5060, 591.86, P8, 28, 0, 642, 8151, 9.34, 145.00, 382, 405, 1, 8
2026-09-01T18:29:52.2672682+07:00,2026/09/01 18:29:52.328, NVIDIA GeForce RTX 5060, 591.86, P8, 28, 1, 642, 8151, 9.44, 145.00, 375, 405, 1, 8
2026-09-01T18:29:57.3877057+07:00,2026/09/01 18:29:57.449, NVIDIA GeForce RTX 5060, 591.86, P8, 28, 0, 642, 8151, 9.29, 145.00, 397, 405, 1, 8
2026-09-01T18:30:02.5261541+07:00,2026/09/01 18:30:02.557, NVIDIA GeForce RTX 5060, 591.86, P8, 28, 0, 642, 8151, 9.04, 145.00, 277, 405, 1, 8
2026-09-01T18:30:07.7774188+07:00,2026/09/01 18:30:07.838, NVIDIA GeForce RTX 5060, 591.86, P8, 28, 0, 642, 8151, 8.84, 145.00, 300, 405, 1, 8
2026-09-01T18:30:12.9990065+07:00,2026/09/01 18:30:13.059, NVIDIA GeForce RTX 5060, 591.86, P8, 28, 0, 642, 8151, 8.98, 145.00, 292, 405, 1, 8
2026-09-01T18:30:18.1579873+07:00,2026/09/01 18:30:18.188, NVIDIA GeForce RTX 5060, 591.86, P8, 28, 0, 642, 8151, 8.89, 145.00, 292, 405, 1, 8
2026-09-01T18:30:23.2541835+07:00,2026/09/01 18:30:23.285, NVIDIA GeForce RTX 5060, 591.86, P8, 28, 0, 642, 8151, 8.76, 145.00, 277, 405, 1, 8
2026-09-01T18:30:28.3600679+07:00,2026/09/01 18:30:28.421, NVIDIA GeForce RTX 5060, 591.86, P8, 28, 1, 643, 8151, 8.89, 145.00, 330, 405, 1, 8
2026-09-01T18:30:33.5878922+07:00,2026/09/01 18:30:33.618, NVIDIA GeForce RTX 5060, 591.86, P8, 28, 1, 644, 8151, 9.46, 145.00, 397, 405, 1, 8
2026-09-01T18:30:38.7617933+07:00,2026/09/01 18:30:38.823, NVIDIA GeForce RTX 5060, 591.86, P8, 28, 1, 642, 8151, 9.52, 145.00, 405, 405, 1, 8
2026-09-01T18:30:43.9636734+07:00,2026/09/01 18:30:43.994, NVIDIA GeForce RTX 5060, 591.86, P8, 28, 0, 642, 8151, 9.02, 145.00, 285, 405, 1, 8
2026-09-01T18:30:49.0952630+07:00,2026/09/01 18:30:49.126, NVIDIA GeForce RTX 5060, 591.86, P8, 28, 0, 642, 8151, 8.85, 145.00, 277, 405, 1, 8
2026-09-01T18:30:54.1807179+07:00,2026/09/01 18:30:54.211, NVIDIA GeForce RTX 5060, 591.86, P8, 28, 0, 642, 8151, 8.76, 145.00, 277, 405, 1, 8
2026-09-01T18:30:59.2279616+07:00,2026/09/01 18:30:59.258, NVIDIA GeForce RTX 5060, 591.86, P8, 28, 0, 642, 8151, 8.76, 145.00, 277, 405, 1, 8
2026-09-01T18:31:04.2732239+07:00,2026/09/01 18:31:04.303, NVIDIA GeForce RTX 5060, 591.86, P8, 28, 0, 643, 8151, 9.29, 145.00, 412, 405, 1, 8
2026-09-01T18:31:09.4136494+07:00,2026/09/01 18:31:09.444, NVIDIA GeForce RTX 5060, 591.86, P8, 28, 1, 642, 8151, 9.11, 145.00, 360, 405, 1, 8
2026-09-01T18:31:14.4808308+07:00,2026/09/01 18:31:14.511, NVIDIA GeForce RTX 5060, 591.86, P8, 28, 1, 642, 8151, 9.22, 145.00, 382, 405, 1, 8
2026-09-01T18:31:19.5347589+07:00,2026/09/01 18:31:19.563, NVIDIA GeForce RTX 5060, 591.86, P0, 29, 0, 657, 8151, 22.47, 145.00, 2542, 14201, 4, 8
2026-09-01T18:31:24.6001284+07:00,2026/09/01 18:31:24.630, NVIDIA GeForce RTX 5060, 591.86, P0, 29, 0, 669, 8151, 20.07, 145.00, 2550, 14201, 4, 8
2026-09-01T18:31:29.6529090+07:00,2026/09/01 18:31:29.681, NVIDIA GeForce RTX 5060, 591.86, P5, 28, 1, 653, 8151, 10.64, 145.00, 420, 810, 1, 8
2026-09-01T18:31:34.7022359+07:00,2026/09/01 18:31:34.733, NVIDIA GeForce RTX 5060, 591.86, P8, 28, 0, 629, 8151, 9.18, 145.00, 367, 405, 1, 8
2026-09-01T18:31:39.8472207+07:00,2026/09/01 18:31:39.877, NVIDIA GeForce RTX 5060, 591.86, P8, 28, 0, 628, 8151, 8.48, 145.00, 262, 405, 1, 8
2026-09-01T18:31:44.8970887+07:00,2026/09/01 18:31:44.928, NVIDIA GeForce RTX 5060, 591.86, P8, 28, 1, 628, 8151, 9.22, 145.00, 487, 405, 1, 8
2026-09-01T18:31:49.9492224+07:00,2026/09/01 18:31:49.980, NVIDIA GeForce RTX 5060, 591.86, P8, 28, 1, 627, 8151, 9.53, 145.00, 450, 405, 1, 8
2026-09-01T18:31:55.0010159+07:00,2026/09/01 18:31:55.032, NVIDIA GeForce RTX 5060, 591.86, P8, 28, 0, 627, 8151, 8.59, 145.00, 262, 405, 1, 8
2026-09-01T18:32:00.0536170+07:00,2026/09/01 18:32:00.084, NVIDIA GeForce RTX 5060, 591.86, P8, 28, 1, 625, 8151, 9.76, 145.00, 442, 405, 1, 8
2026-09-01T18:32:05.1041319+07:00,2026/09/01 18:32:05.135, NVIDIA GeForce RTX 5060, 591.86, P8, 28, 1, 625, 8151, 9.70, 145.00, 435, 405, 1, 8
2026-09-01T18:32:10.2163753+07:00,2026/09/01 18:32:10.247, NVIDIA GeForce RTX 5060, 591.86, P8, 28, 1, 625, 8151, 9.69, 145.00, 442, 405, 1, 8
2026-09-01T18:32:15.2650525+07:00,2026/09/01 18:32:15.296, NVIDIA GeForce RTX 5060, 591.86, P8, 28, 1, 625, 8151, 9.72, 145.00, 465, 405, 1, 8
2026-09-01T18:32:20.3137212+07:00,2026/09/01 18:32:20.360, NVIDIA GeForce RTX 5060, 591.86, P8, 28, 1, 625, 8151, 9.68, 145.00, 450, 405, 1, 8
2026-09-01T18:32:25.3787949+07:00,2026/09/01 18:32:25.409, NVIDIA GeForce RTX 5060, 591.86, P8, 28, 1, 625, 8151, 9.65, 145.00, 480, 405, 1, 8
2026-09-01T18:32:30.4258771+07:00,2026/09/01 18:32:30.456, NVIDIA GeForce RTX 5060, 591.86, P8, 28, 1, 624, 8151, 9.68, 145.00, 450, 405, 1, 8
2026-09-01T18:32:35.4885808+07:00,2026/09/01 18:32:35.519, NVIDIA GeForce RTX 5060, 591.86, P8, 28, 1, 624, 8151, 9.69, 145.00, 435, 405, 1, 8
2026-09-01T18:32:40.6029214+07:00,2026/09/01 18:32:40.633, NVIDIA GeForce RTX 5060, 591.86, P8, 28, 1, 628, 8151, 10.63, 145.00, 495, 405, 1, 8
2026-09-01T18:32:45.6527740+07:00,2026/09/01 18:32:45.683, NVIDIA GeForce RTX 5060, 591.86, P8, 28, 1, 624, 8151, 9.59, 145.00, 427, 405, 1, 8
2026-09-01T18:32:50.7025541+07:00,2026/09/01 18:32:50.733, NVIDIA GeForce RTX 5060, 591.86, P8, 28, 2, 624, 8151, 9.81, 145.00, 450, 405, 1, 8
2026-09-01T18:32:55.7518797+07:00,2026/09/01 18:32:55.782, NVIDIA GeForce RTX 5060, 591.86, P8, 28, 1, 624, 8151, 9.75, 145.00, 427, 405, 1, 8
2026-09-01T18:33:00.8032128+07:00,2026/09/01 18:33:00.834, NVIDIA GeForce RTX 5060, 591.86, P8, 28, 0, 642, 8151, 9.57, 145.00, 465, 405, 1, 8
2026-09-01T18:33:05.8515445+07:00,2026/09/01 18:33:05.882, NVIDIA GeForce RTX 5060, 591.86, P3, 28, 0, 642, 8151, 12.71, 145.00, 525, 810, 2, 8
2026-09-01T18:33:10.9934083+07:00,2026/09/01 18:33:11.024, NVIDIA GeForce RTX 5060, 591.86, P8, 28, 1, 650, 8151, 9.29, 145.00, 397, 405, 1, 8
2026-09-01T18:33:16.0585674+07:00,2026/09/01 18:33:16.089, NVIDIA GeForce RTX 5060, 591.86, P8, 28, 1, 635, 8151, 9.30, 145.00, 397, 405, 1, 8
2026-09-01T18:33:21.1098699+07:00,2026/09/01 18:33:21.140, NVIDIA GeForce RTX 5060, 591.86, P8, 28, 2, 631, 8151, 9.53, 145.00, 397, 405, 1, 8
2026-09-01T18:33:26.1598623+07:00,2026/09/01 18:33:26.190, NVIDIA GeForce RTX 5060, 591.86, P8, 28, 1, 634, 8151, 9.26, 145.00, 382, 405, 1, 8
2026-09-01T18:33:31.2093327+07:00,2026/09/01 18:33:31.256, NVIDIA GeForce RTX 5060, 591.86, P8, 28, 0, 647, 8151, 9.39, 145.00, 367, 405, 1, 8
2026-09-01T18:33:36.2910054+07:00,2026/09/01 18:33:36.322, NVIDIA GeForce RTX 5060, 591.86, P0, 30, 0, 660, 8151, 22.16, 145.00, 2535, 14201, 4, 8
2026-09-01T18:33:41.4178738+07:00,2026/09/01 18:33:41.448, NVIDIA GeForce RTX 5060, 591.86, P0, 30, 0, 658, 8151, 19.52, 145.00, 2542, 14201, 4, 8
2026-09-01T18:33:46.4696030+07:00,2026/09/01 18:33:46.531, NVIDIA GeForce RTX 5060, 591.86, P5, 29, 0, 650, 8151, 11.59, 145.00, 405, 810, 2, 8
2026-09-01T18:33:51.5488932+07:00,2026/09/01 18:33:51.579, NVIDIA GeForce RTX 5060, 591.86, P0, 30, 0, 658, 8151, 22.59, 145.00, 2542, 14201, 4, 8
2026-09-01T18:33:56.5994511+07:00,2026/09/01 18:33:56.645, NVIDIA GeForce RTX 5060, 591.86, P0, 30, 0, 660, 8151, 22.33, 145.00, 2535, 14201, 4, 8
2026-09-01T18:34:01.6790679+07:00,2026/09/01 18:34:01.709, NVIDIA GeForce RTX 5060, 591.86, P8, 29, 0, 645, 8151, 9.41, 145.00, 360, 405, 1, 8
2026-09-01T18:34:06.7281154+07:00,2026/09/01 18:34:06.759, NVIDIA GeForce RTX 5060, 591.86, P8, 29, 1, 646, 8151, 9.20, 145.00, 360, 405, 1, 8
2026-09-01T18:34:11.8392331+07:00,2026/09/01 18:34:11.870, NVIDIA GeForce RTX 5060, 591.86, P8, 28, 1, 645, 8151, 9.39, 145.00, 375, 405, 1, 8
2026-09-01T18:34:16.8890626+07:00,2026/09/01 18:34:16.920, NVIDIA GeForce RTX 5060, 591.86, P8, 28, 1, 654, 8151, 9.45, 145.00, 375, 405, 1, 8
2026-09-01T18:34:21.9436808+07:00,2026/09/01 18:34:21.987, NVIDIA GeForce RTX 5060, 591.86, P8, 28, 1, 640, 8151, 9.82, 145.00, 412, 405, 1, 8
2026-09-01T18:34:27.0059490+07:00,2026/09/01 18:34:27.036, NVIDIA GeForce RTX 5060, 591.86, P8, 28, 1, 642, 8151, 9.21, 145.00, 360, 405, 1, 8
2026-09-01T18:34:32.0563446+07:00,2026/09/01 18:34:32.087, NVIDIA GeForce RTX 5060, 591.86, P8, 28, 0, 640, 8151, 9.23, 145.00, 375, 405, 1, 8
2026-09-01T18:34:37.1062161+07:00,2026/09/01 18:34:37.137, NVIDIA GeForce RTX 5060, 591.86, P8, 28, 1, 640, 8151, 9.24, 145.00, 360, 405, 1, 8
2026-09-01T18:34:42.2186314+07:00,2026/09/01 18:34:42.264, NVIDIA GeForce RTX 5060, 591.86, P8, 28, 0, 640, 8151, 9.29, 145.00, 375, 405, 1, 8
2026-09-01T18:34:47.2834612+07:00,2026/09/01 18:34:47.314, NVIDIA GeForce RTX 5060, 591.86, P8, 28, 0, 640, 8151, 9.22, 145.00, 367, 405, 1, 8
2026-09-01T18:34:52.3321454+07:00,2026/09/01 18:34:52.363, NVIDIA GeForce RTX 5060, 591.86, P8, 28, 1, 640, 8151, 9.21, 145.00, 375, 405, 1, 8
2026-09-01T18:34:57.3810099+07:00,2026/09/01 18:34:57.427, NVIDIA GeForce RTX 5060, 591.86, P8, 28, 1, 640, 8151, 9.43, 145.00, 465, 405, 1, 8
2026-09-01T18:35:02.4455926+07:00,2026/09/01 18:35:02.476, NVIDIA GeForce RTX 5060, 591.86, P8, 28, 2, 658, 8151, 10.20, 145.00, 457, 405, 1, 8
2026-09-01T18:35:07.4950495+07:00,2026/09/01 18:35:07.526, NVIDIA GeForce RTX 5060, 591.86, P8, 28, 2, 644, 8151, 10.94, 145.00, 577, 405, 1, 8
2026-09-01T18:35:12.6078944+07:00,2026/09/01 18:35:12.638, NVIDIA GeForce RTX 5060, 591.86, P8, 28, 1, 657, 8151, 9.68, 145.00, 412, 405, 1, 8
2026-09-01T18:35:17.6587000+07:00,2026/09/01 18:35:17.720, NVIDIA GeForce RTX 5060, 591.86, P8, 28, 3, 809, 8151, 10.54, 145.00, 615, 405, 1, 8
2026-09-01T18:35:22.7526258+07:00,2026/09/01 18:35:22.783, NVIDIA GeForce RTX 5060, 591.86, P8, 28, 0, 655, 8151, 9.50, 145.00, 262, 405, 1, 8
2026-09-01T18:35:27.8177163+07:00,2026/09/01 18:35:27.848, NVIDIA GeForce RTX 5060, 591.86, P8, 28, 1, 644, 8151, 10.12, 145.00, 487, 405, 1, 8
2026-09-01T18:35:32.8687901+07:00,2026/09/01 18:35:32.899, NVIDIA GeForce RTX 5060, 591.86, P8, 28, 1, 639, 8151, 9.93, 145.00, 457, 405, 1, 8
2026-09-01T18:35:37.9186938+07:00,2026/09/01 18:35:37.949, NVIDIA GeForce RTX 5060, 591.86, P8, 28, 1, 639, 8151, 9.91, 145.00, 450, 405, 1, 8
2026-09-01T18:35:43.0311406+07:00,2026/09/01 18:35:43.062, NVIDIA GeForce RTX 5060, 591.86, P8, 28, 1, 639, 8151, 9.91, 145.00, 472, 405, 1, 8
2026-09-01T18:35:48.0807064+07:00,2026/09/01 18:35:48.111, NVIDIA GeForce RTX 5060, 591.86, P8, 28, 0, 639, 8151, 8.70, 145.00, 232, 405, 1, 8
2026-09-01T18:35:53.1308323+07:00,2026/09/01 18:35:53.161, NVIDIA GeForce RTX 5060, 591.86, P8, 28, 1, 639, 8151, 9.91, 145.00, 450, 405, 1, 8
2026-09-01T18:35:58.1806416+07:00,2026/09/01 18:35:58.211, NVIDIA GeForce RTX 5060, 591.86, P8, 28, 0, 640, 8151, 8.70, 145.00, 210, 405, 1, 8
2026-09-01T18:36:03.2296491+07:00,2026/09/01 18:36:03.260, NVIDIA GeForce RTX 5060, 591.86, P8, 28, 1, 639, 8151, 10.08, 145.00, 450, 405, 1, 8
2026-09-01T18:36:08.2801402+07:00,2026/09/01 18:36:08.311, NVIDIA GeForce RTX 5060, 591.86, P8, 28, 0, 639, 8151, 9.53, 145.00, 210, 405, 1, 8
2026-09-01T18:36:13.3925744+07:00,2026/09/01 18:36:13.423, NVIDIA GeForce RTX 5060, 591.86, P8, 28, 0, 657, 8151, 8.75, 145.00, 210, 405, 1, 8
2026-09-01T18:36:18.4428978+07:00,2026/09/01 18:36:18.473, NVIDIA GeForce RTX 5060, 591.86, P8, 28, 0, 654, 8151, 8.75, 145.00, 210, 405, 1, 8
2026-09-01T18:36:23.4917454+07:00,2026/09/01 18:36:23.553, NVIDIA GeForce RTX 5060, 591.86, P8, 28, 0, 654, 8151, 8.78, 145.00, 210, 405, 1, 8
2026-09-01T18:36:28.5732126+07:00,2026/09/01 18:36:28.604, NVIDIA GeForce RTX 5060, 591.86, P8, 28, 0, 654, 8151, 8.82, 145.00, 210, 405, 1, 8
2026-09-01T18:36:33.6217236+07:00,2026/09/01 18:36:33.652, NVIDIA GeForce RTX 5060, 591.86, P8, 28, 0, 655, 8151, 8.66, 145.00, 210, 405, 1, 8
2026-09-01T18:36:38.6718798+07:00,2026/09/01 18:36:38.702, NVIDIA GeForce RTX 5060, 591.86, P8, 28, 0, 654, 8151, 8.70, 145.00, 210, 405, 1, 8
2026-09-01T18:36:43.7843788+07:00,2026/09/01 18:36:43.815, NVIDIA GeForce RTX 5060, 591.86, P8, 28, 1, 654, 8151, 9.31, 145.00, 457, 405, 1, 8
2026-09-01T18:36:48.8486573+07:00,2026/09/01 18:36:48.879, NVIDIA GeForce RTX 5060, 591.86, P8, 28, 1, 654, 8151, 10.02, 145.00, 472, 405, 1, 8
2026-09-01T18:36:53.8975313+07:00,2026/09/01 18:36:53.928, NVIDIA GeForce RTX 5060, 591.86, P8, 28, 2, 654, 8151, 10.01, 145.00, 547, 405, 1, 8
2026-09-01T18:36:58.9481580+07:00,2026/09/01 18:36:58.979, NVIDIA GeForce RTX 5060, 591.86, P8, 28, 1, 654, 8151, 10.05, 145.00, 442, 405, 1, 8
2026-09-01T18:37:03.9975706+07:00,2026/09/01 18:37:04.028, NVIDIA GeForce RTX 5060, 591.86, P8, 28, 0, 654, 8151, 8.77, 145.00, 210, 405, 1, 8
2026-09-01T18:37:09.0467238+07:00,2026/09/01 18:37:09.077, NVIDIA GeForce RTX 5060, 591.86, P8, 28, 1, 654, 8151, 9.87, 145.00, 450, 405, 1, 8
2026-09-01T18:37:14.1580492+07:00,2026/09/01 18:37:14.189, NVIDIA GeForce RTX 5060, 591.86, P8, 28, 1, 654, 8151, 10.09, 145.00, 480, 405, 1, 8
2026-09-01T18:37:19.2080090+07:00,2026/09/01 18:37:19.238, NVIDIA GeForce RTX 5060, 591.86, P8, 28, 1, 654, 8151, 9.29, 145.00, 450, 405, 1, 8
2026-09-01T18:37:24.2569471+07:00,2026/09/01 18:37:24.287, NVIDIA GeForce RTX 5060, 591.86, P8, 28, 1, 654, 8151, 10.08, 145.00, 510, 405, 1, 8
2026-09-01T18:37:29.3073556+07:00,2026/09/01 18:37:29.353, NVIDIA GeForce RTX 5060, 591.86, P8, 28, 0, 654, 8151, 9.26, 145.00, 232, 405, 1, 8
2026-09-01T18:37:34.3735153+07:00,2026/09/01 18:37:34.404, NVIDIA GeForce RTX 5060, 591.86, P8, 28, 0, 654, 8151, 8.74, 145.00, 240, 405, 1, 8
2026-09-01T18:37:39.4210316+07:00,2026/09/01 18:37:39.467, NVIDIA GeForce RTX 5060, 591.86, P8, 28, 1, 654, 8151, 9.98, 145.00, 435, 405, 1, 8
2026-09-01T18:37:44.5501894+07:00,2026/09/01 18:37:44.596, NVIDIA GeForce RTX 5060, 591.86, P8, 28, 1, 654, 8151, 10.12, 145.00, 450, 405, 1, 8
2026-09-01T18:37:49.6147610+07:00,2026/09/01 18:37:49.645, NVIDIA GeForce RTX 5060, 591.86, P8, 28, 1, 654, 8151, 10.15, 145.00, 442, 405, 1, 8
2026-09-01T18:37:54.6644699+07:00,2026/09/01 18:37:54.695, NVIDIA GeForce RTX 5060, 591.86, P8, 28, 1, 654, 8151, 10.15, 145.00, 495, 405, 1, 8
2026-09-01T18:37:59.7138955+07:00,2026/09/01 18:37:59.744, NVIDIA GeForce RTX 5060, 591.86, P8, 28, 1, 654, 8151, 10.02, 145.00, 525, 405, 1, 8
2026-09-01T18:38:04.7650325+07:00,2026/09/01 18:38:04.796, NVIDIA GeForce RTX 5060, 591.86, P8, 28, 1, 654, 8151, 9.92, 145.00, 457, 405, 1, 8
2026-09-01T18:38:09.8148282+07:00,2026/09/01 18:38:09.845, NVIDIA GeForce RTX 5060, 591.86, P8, 28, 2, 654, 8151, 9.96, 145.00, 480, 405, 1, 8
2026-09-01T18:38:14.9407639+07:00,2026/09/01 18:38:14.971, NVIDIA GeForce RTX 5060, 591.86, P8, 28, 1, 654, 8151, 10.02, 145.00, 442, 405, 1, 8
2026-09-01T18:38:19.9910662+07:00,2026/09/01 18:38:20.037, NVIDIA GeForce RTX 5060, 591.86, P8, 28, 1, 654, 8151, 9.86, 145.00, 450, 405, 1, 8
2026-09-01T18:38:25.0563841+07:00,2026/09/01 18:38:25.087, NVIDIA GeForce RTX 5060, 591.86, P8, 28, 1, 654, 8151, 9.94, 145.00, 495, 405, 1, 8
2026-09-01T18:38:30.1067115+07:00,2026/09/01 18:38:30.137, NVIDIA GeForce RTX 5060, 591.86, P8, 28, 1, 654, 8151, 10.16, 145.00, 480, 405, 1, 8
2026-09-01T18:38:35.1572404+07:00,2026/09/01 18:38:35.187, NVIDIA GeForce RTX 5060, 591.86, P8, 28, 0, 654, 8151, 8.65, 145.00, 232, 405, 1, 8
2026-09-01T18:38:40.2072991+07:00,2026/09/01 18:38:40.253, NVIDIA GeForce RTX 5060, 591.86, P8, 28, 1, 654, 8151, 9.92, 145.00, 457, 405, 1, 8
2026-09-01T18:38:45.3359602+07:00,2026/09/01 18:38:45.382, NVIDIA GeForce RTX 5060, 591.86, P8, 28, 4, 654, 8151, 9.94, 145.00, 457, 405, 1, 8
2026-09-01T18:38:50.3982781+07:00,2026/09/01 18:38:50.443, NVIDIA GeForce RTX 5060, 591.86, P8, 28, 1, 654, 8151, 9.93, 145.00, 487, 405, 1, 8
2026-09-01T18:38:55.4520775+07:00,2026/09/01 18:38:55.483, NVIDIA GeForce RTX 5060, 591.86, P8, 28, 1, 654, 8151, 9.80, 145.00, 465, 405, 1, 8
2026-09-01T18:39:00.5173241+07:00,2026/09/01 18:39:00.548, NVIDIA GeForce RTX 5060, 591.86, P8, 28, 1, 654, 8151, 9.77, 145.00, 472, 405, 1, 8
2026-09-01T18:39:05.5657860+07:00,2026/09/01 18:39:05.596, NVIDIA GeForce RTX 5060, 591.86, P8, 28, 1, 654, 8151, 10.09, 145.00, 495, 405, 1, 8
2026-09-01T18:39:10.6163382+07:00,2026/09/01 18:39:10.660, NVIDIA GeForce RTX 5060, 591.86, P8, 28, 0, 654, 8151, 8.72, 145.00, 262, 405, 1, 8
2026-09-01T18:39:15.7303637+07:00,2026/09/01 18:39:15.761, NVIDIA GeForce RTX 5060, 591.86, P8, 28, 5, 654, 8151, 10.02, 145.00, 562, 405, 1, 8
2026-09-01T18:39:20.7822403+07:00,2026/09/01 18:39:20.828, NVIDIA GeForce RTX 5060, 591.86, P8, 28, 2, 644, 8151, 10.39, 145.00, 555, 405, 1, 8
2026-09-01T18:39:25.8497497+07:00,2026/09/01 18:39:25.880, NVIDIA GeForce RTX 5060, 591.86, P8, 28, 2, 644, 8151, 10.15, 145.00, 540, 405, 1, 8
2026-09-01T18:39:30.8981658+07:00,2026/09/01 18:39:30.928, NVIDIA GeForce RTX 5060, 591.86, P8, 28, 1, 644, 8151, 10.35, 145.00, 532, 405, 1, 8
2026-09-01T18:39:35.9497415+07:00,2026/09/01 18:39:35.980, NVIDIA GeForce RTX 5060, 591.86, P8, 28, 1, 644, 8151, 10.39, 145.00, 547, 405, 1, 8
2026-09-01T18:39:41.0011029+07:00,2026/09/01 18:39:41.047, NVIDIA GeForce RTX 5060, 591.86, P8, 28, 2, 645, 8151, 10.50, 145.00, 540, 405, 1, 8
2026-09-01T18:39:46.1298338+07:00,2026/09/01 18:39:46.160, NVIDIA GeForce RTX 5060, 591.86, P8, 28, 1, 645, 8151, 10.48, 145.00, 547, 405, 1, 8
2026-09-01T18:39:51.1906685+07:00,2026/09/01 18:39:51.226, NVIDIA GeForce RTX 5060, 591.86, P8, 28, 2, 642, 8151, 10.21, 145.00, 540, 405, 1, 8
2026-09-01T18:39:56.2791937+07:00,2026/09/01 18:39:56.310, NVIDIA GeForce RTX 5060, 591.86, P8, 28, 2, 648, 8151, 10.34, 145.00, 547, 405, 1, 8
2026-09-01T18:40:01.3318597+07:00,2026/09/01 18:40:01.362, NVIDIA GeForce RTX 5060, 591.86, P8, 28, 2, 642, 8151, 10.46, 145.00, 607, 405, 1, 8
2026-09-01T18:40:06.3849383+07:00,2026/09/01 18:40:06.415, NVIDIA GeForce RTX 5060, 591.86, P8, 28, 2, 642, 8151, 10.51, 145.00, 540, 405, 1, 8
2026-09-01T18:40:11.5153455+07:00,2026/09/01 18:40:11.608, NVIDIA GeForce RTX 5060, 591.86, P8, 28, 1, 642, 8151, 10.52, 145.00, 555, 405, 1, 8
2026-09-01T18:40:16.7083643+07:00,2026/09/01 18:40:16.739, NVIDIA GeForce RTX 5060, 591.86, P8, 28, 2, 642, 8151, 10.48, 145.00, 562, 405, 1, 8
2026-09-01T18:40:21.7613653+07:00,2026/09/01 18:40:21.792, NVIDIA GeForce RTX 5060, 591.86, P0, 30, 2, 764, 8151, 23.50, 145.00, 2565, 14201, 4, 8
2026-09-01T18:40:26.8138545+07:00,2026/09/01 18:40:26.860, NVIDIA GeForce RTX 5060, 591.86, P8, 28, 0, 643, 8151, 10.73, 145.00, 360, 405, 1, 8
2026-09-01T18:40:31.8781193+07:00,2026/09/01 18:40:31.908, NVIDIA GeForce RTX 5060, 591.86, P8, 28, 1, 645, 8151, 9.42, 145.00, 352, 405, 1, 8
2026-09-01T18:40:36.9262019+07:00,2026/09/01 18:40:36.956, NVIDIA GeForce RTX 5060, 591.86, P8, 28, 0, 654, 8151, 9.21, 145.00, 345, 405, 1, 8
2026-09-01T18:40:41.9751358+07:00,2026/09/01 18:40:42.006, NVIDIA GeForce RTX 5060, 591.86, P8, 28, 1, 654, 8151, 9.35, 145.00, 375, 405, 1, 8
2026-09-01T18:40:47.1013722+07:00,2026/09/01 18:40:47.132, NVIDIA GeForce RTX 5060, 591.86, P8, 28, 1, 654, 8151, 9.29, 145.00, 390, 405, 1, 8
2026-09-01T18:40:52.1471382+07:00,2026/09/01 18:40:52.178, NVIDIA GeForce RTX 5060, 591.86, P8, 28, 0, 654, 8151, 9.34, 145.00, 375, 405, 1, 8
2026-09-01T18:40:57.1958526+07:00,2026/09/01 18:40:57.226, NVIDIA GeForce RTX 5060, 591.86, P8, 28, 1, 654, 8151, 9.19, 145.00, 360, 405, 1, 8
2026-09-01T18:41:02.2508960+07:00,2026/09/01 18:41:02.297, NVIDIA GeForce RTX 5060, 591.86, P8, 28, 1, 654, 8151, 9.37, 145.00, 360, 405, 1, 8
2026-09-01T18:41:07.3157740+07:00,2026/09/01 18:41:07.346, NVIDIA GeForce RTX 5060, 591.86, P8, 28, 0, 654, 8151, 9.25, 145.00, 360, 405, 1, 8
2026-09-01T18:41:12.3674597+07:00,2026/09/01 18:41:12.398, NVIDIA GeForce RTX 5060, 591.86, P8, 28, 0, 654, 8151, 9.22, 145.00, 337, 405, 1, 8
2026-09-01T18:41:17.4806061+07:00,2026/09/01 18:41:17.511, NVIDIA GeForce RTX 5060, 591.86, P8, 28, 1, 654, 8151, 9.40, 145.00, 382, 405, 1, 8
2026-09-01T18:41:22.5293921+07:00,2026/09/01 18:41:22.560, NVIDIA GeForce RTX 5060, 591.86, P8, 28, 1, 663, 8151, 9.56, 145.00, 412, 405, 1, 8
2026-09-01T18:41:27.5804878+07:00,2026/09/01 18:41:27.611, NVIDIA GeForce RTX 5060, 591.86, P5, 28, 0, 663, 8151, 12.76, 145.00, 427, 810, 2, 8
2026-09-01T18:41:32.6299332+07:00,2026/09/01 18:41:32.676, NVIDIA GeForce RTX 5060, 591.86, P8, 28, 0, 654, 8151, 9.16, 145.00, 352, 405, 1, 8
2026-09-01T18:41:37.6892390+07:00,2026/09/01 18:41:37.735, NVIDIA GeForce RTX 5060, 591.86, P8, 28, 1, 653, 8151, 9.32, 145.00, 360, 405, 1, 8
2026-09-01T18:41:42.7639609+07:00,2026/09/01 18:41:42.794, NVIDIA GeForce RTX 5060, 591.86, P8, 28, 1, 653, 8151, 9.30, 145.00, 337, 405, 1, 8
2026-09-01T18:41:47.8741763+07:00,2026/09/01 18:41:47.905, NVIDIA GeForce RTX 5060, 591.86, P8, 28, 0, 654, 8151, 9.16, 145.00, 337, 405, 1, 8
2026-09-01T18:41:52.9234218+07:00,2026/09/01 18:41:52.985, NVIDIA GeForce RTX 5060, 591.86, P8, 28, 0, 654, 8151, 9.38, 145.00, 382, 405, 1, 8
2026-09-01T18:41:58.0032402+07:00,2026/09/01 18:41:58.034, NVIDIA GeForce RTX 5060, 591.86, P8, 28, 1, 655, 8151, 9.30, 145.00, 360, 405, 1, 8
2026-09-01T18:42:03.0528505+07:00,2026/09/01 18:42:03.083, NVIDIA GeForce RTX 5060, 591.86, P8, 28, 1, 654, 8151, 9.74, 145.00, 420, 405, 1, 8
2026-09-01T18:42:08.1017838+07:00,2026/09/01 18:42:08.132, NVIDIA GeForce RTX 5060, 591.86, P8, 28, 1, 645, 8151, 9.85, 145.00, 487, 405, 1, 8
2026-09-01T18:42:13.1508815+07:00,2026/09/01 18:42:13.181, NVIDIA GeForce RTX 5060, 591.86, P8, 28, 1, 654, 8151, 9.71, 145.00, 465, 405, 1, 8
2026-09-01T18:42:18.2615650+07:00,2026/09/01 18:42:18.292, NVIDIA GeForce RTX 5060, 591.86, P8, 28, 1, 654, 8151, 9.65, 145.00, 465, 405, 1, 8
2026-09-01T18:42:23.3085729+07:00,2026/09/01 18:42:23.339, NVIDIA GeForce RTX 5060, 591.86, P8, 28, 1, 654, 8151, 9.59, 145.00, 487, 405, 1, 8
2026-09-01T18:42:28.3568128+07:00,2026/09/01 18:42:28.387, NVIDIA GeForce RTX 5060, 591.86, P8, 28, 1, 654, 8151, 9.59, 145.00, 442, 405, 1, 8
2026-09-01T18:42:33.4180383+07:00,2026/09/01 18:42:33.480, NVIDIA GeForce RTX 5060, 591.86, P8, 28, 1, 654, 8151, 9.64, 145.00, 412, 405, 1, 8
2026-09-01T18:42:38.5107423+07:00,2026/09/01 18:42:38.541, NVIDIA GeForce RTX 5060, 591.86, P8, 28, 1, 654, 8151, 9.77, 145.00, 487, 405, 1, 8
2026-09-01T18:42:43.5720765+07:00,2026/09/01 18:42:43.618, NVIDIA GeForce RTX 5060, 591.86, P8, 28, 1, 654, 8151, 9.85, 145.00, 465, 405, 1, 8
2026-09-01T18:42:48.7100713+07:00,2026/09/01 18:42:48.741, NVIDIA GeForce RTX 5060, 591.86, P8, 28, 1, 654, 8151, 9.73, 145.00, 510, 405, 1, 8
2026-09-01T18:42:53.7571450+07:00,2026/09/01 18:42:53.788, NVIDIA GeForce RTX 5060, 591.86, P8, 28, 1, 654, 8151, 9.77, 145.00, 442, 405, 1, 8
2026-09-01T18:42:58.8054691+07:00,2026/09/01 18:42:58.836, NVIDIA GeForce RTX 5060, 591.86, P8, 28, 0, 664, 8151, 10.60, 145.00, 525, 405, 1, 8
2026-09-01T18:43:03.8668043+07:00,2026/09/01 18:43:03.897, NVIDIA GeForce RTX 5060, 591.86, P8, 28, 1, 654, 8151, 9.74, 145.00, 435, 405, 1, 8
2026-09-01T18:43:08.9159554+07:00,2026/09/01 18:43:08.961, NVIDIA GeForce RTX 5060, 591.86, P8, 28, 1, 654, 8151, 9.70, 145.00, 457, 405, 1, 8
2026-09-01T18:43:13.9790768+07:00,2026/09/01 18:43:14.010, NVIDIA GeForce RTX 5060, 591.86, P8, 28, 1, 654, 8151, 9.76, 145.00, 457, 405, 1, 8
2026-09-01T18:43:19.0882846+07:00,2026/09/01 18:43:19.134, NVIDIA GeForce RTX 5060, 591.86, P8, 28, 1, 654, 8151, 10.42, 145.00, 607, 405, 1, 8
2026-09-01T18:43:24.1541327+07:00,2026/09/01 18:43:24.185, NVIDIA GeForce RTX 5060, 591.86, P8, 28, 1, 654, 8151, 9.79, 145.00, 465, 405, 1, 8
2026-09-01T18:43:29.2060207+07:00,2026/09/01 18:43:29.237, NVIDIA GeForce RTX 5060, 591.86, P8, 28, 1, 654, 8151, 9.79, 145.00, 420, 405, 1, 8
2026-09-01T18:43:34.2589405+07:00,2026/09/01 18:43:34.289, NVIDIA GeForce RTX 5060, 591.86, P8, 28, 1, 655, 8151, 10.49, 145.00, 532, 405, 1, 8
2026-09-01T18:43:39.3102407+07:00,2026/09/01 18:43:39.341, NVIDIA GeForce RTX 5060, 591.86, P8, 28, 2, 675, 8151, 11.45, 145.00, 607, 405, 1, 8
2026-09-01T18:43:44.4142321+07:00,2026/09/01 18:43:44.445, NVIDIA GeForce RTX 5060, 591.86, P8, 28, 1, 650, 8151, 9.90, 145.00, 450, 405, 1, 8
2026-09-01T18:43:49.5859360+07:00,2026/09/01 18:43:49.647, NVIDIA GeForce RTX 5060, 591.86, P8, 28, 1, 651, 8151, 9.91, 145.00, 442, 405, 1, 8
2026-09-01T18:43:54.6636618+07:00,2026/09/01 18:43:54.694, NVIDIA GeForce RTX 5060, 591.86, P8, 28, 6, 651, 8151, 10.00, 145.00, 427, 405, 1, 8
2026-09-01T18:43:59.7230581+07:00,2026/09/01 18:43:59.754, NVIDIA GeForce RTX 5060, 591.86, P3, 29, 0, 732, 8151, 21.84, 145.00, 2250, 7001, 4, 8
2026-09-01T18:44:04.8571610+07:00,2026/09/01 18:44:04.888, NVIDIA GeForce RTX 5060, 591.86, P0, 30, 1, 739, 8151, 22.69, 145.00, 2535, 14201, 4, 8
2026-09-01T18:44:09.9423864+07:00,2026/09/01 18:44:10.003, NVIDIA GeForce RTX 5060, 591.86, P5, 28, 1, 740, 8151, 10.99, 145.00, 472, 810, 1, 8
2026-09-01T18:44:15.0589192+07:00,2026/09/01 18:44:15.089, NVIDIA GeForce RTX 5060, 591.86, P0, 30, 0, 652, 8151, 22.48, 145.00, 2535, 14201, 4, 8
2026-09-01T18:44:20.2343741+07:00,2026/09/01 18:44:20.265, NVIDIA GeForce RTX 5060, 591.86, P8, 28, 0, 643, 8151, 9.11, 145.00, 375, 405, 1, 8
2026-09-01T18:44:25.3634714+07:00,2026/09/01 18:44:25.394, NVIDIA GeForce RTX 5060, 591.86, P8, 28, 0, 643, 8151, 9.42, 145.00, 375, 405, 1, 8
2026-09-01T18:44:30.4938022+07:00,2026/09/01 18:44:30.555, NVIDIA GeForce RTX 5060, 591.86, P8, 28, 1, 637, 8151, 9.30, 145.00, 360, 405, 1, 8
2026-09-01T18:44:35.6372971+07:00,2026/09/01 18:44:35.667, NVIDIA GeForce RTX 5060, 591.86, P8, 29, 2, 660, 8151, 9.85, 145.00, 480, 405, 1, 8
2026-09-01T18:44:40.7541001+07:00,2026/09/01 18:44:40.816, NVIDIA GeForce RTX 5060, 591.86, P8, 29, 3, 671, 8151, 10.69, 145.00, 615, 405, 1, 8
2026-09-01T18:44:45.8868791+07:00,2026/09/01 18:44:45.917, NVIDIA GeForce RTX 5060, 591.86, P8, 28, 1, 639, 8151, 9.39, 145.00, 375, 405, 1, 8
2026-09-01T18:44:51.0320646+07:00,2026/09/01 18:44:51.063, NVIDIA GeForce RTX 5060, 591.86, P8, 29, 3, 648, 8151, 9.58, 145.00, 337, 405, 1, 8
2026-09-01T18:44:56.0889282+07:00,2026/09/01 18:44:56.119, NVIDIA GeForce RTX 5060, 591.86, P8, 28, 1, 646, 8151, 9.88, 145.00, 480, 405, 1, 8
2026-09-01T18:45:01.2052846+07:00,2026/09/01 18:45:01.267, NVIDIA GeForce RTX 5060, 591.86, P8, 29, 2, 647, 8151, 10.12, 145.00, 517, 405, 1, 8
2026-09-01T18:45:06.3175417+07:00,2026/09/01 18:45:06.348, NVIDIA GeForce RTX 5060, 591.86, P8, 28, 1, 644, 8151, 10.01, 145.00, 450, 405, 1, 8
2026-09-01T18:45:11.4770129+07:00,2026/09/01 18:45:11.538, NVIDIA GeForce RTX 5060, 591.86, P8, 28, 1, 640, 8151, 9.90, 145.00, 450, 405, 1, 8
2026-09-01T18:45:16.6522960+07:00,2026/09/01 18:45:16.683, NVIDIA GeForce RTX 5060, 591.86, P8, 28, 1, 640, 8151, 9.81, 145.00, 450, 405, 1, 8
2026-09-01T18:45:21.7831896+07:00,2026/09/01 18:45:21.844, NVIDIA GeForce RTX 5060, 591.86, P8, 28, 1, 644, 8151, 9.93, 145.00, 450, 405, 1, 8
2026-09-01T18:45:26.9294664+07:00,2026/09/01 18:45:26.960, NVIDIA GeForce RTX 5060, 591.86, P8, 28, 1, 647, 8151, 9.45, 145.00, 360, 405, 1, 8
2026-09-01T18:45:32.0388170+07:00,2026/09/01 18:45:32.069, NVIDIA GeForce RTX 5060, 591.86, P8, 28, 1, 638, 8151, 9.52, 145.00, 397, 405, 1, 8
2026-09-01T18:45:37.1224937+07:00,2026/09/01 18:45:37.153, NVIDIA GeForce RTX 5060, 591.86, P8, 28, 0, 638, 8151, 8.84, 145.00, 247, 405, 1, 8
2026-09-01T18:45:42.1773528+07:00,2026/09/01 18:45:42.208, NVIDIA GeForce RTX 5060, 591.86, P8, 28, 5, 640, 8151, 8.87, 145.00, 255, 405, 1, 8
2026-09-01T18:45:47.2327438+07:00,2026/09/01 18:45:47.263, NVIDIA GeForce RTX 5060, 591.86, P8, 28, 0, 641, 8151, 9.38, 145.00, 330, 405, 1, 8
2026-09-01T18:45:52.4509415+07:00,2026/09/01 18:45:52.481, NVIDIA GeForce RTX 5060, 591.86, P8, 28, 1, 640, 8151, 9.33, 145.00, 390, 405, 1, 8
2026-09-01T18:45:57.5176855+07:00,2026/09/01 18:45:57.548, NVIDIA GeForce RTX 5060, 591.86, P8, 28, 0, 640, 8151, 8.45, 145.00, 210, 405, 1, 8
2026-09-01T18:46:02.6001396+07:00,2026/09/01 18:46:02.631, NVIDIA GeForce RTX 5060, 591.86, P8, 28, 1, 640, 8151, 8.55, 145.00, 210, 405, 1, 8
2026-09-01T18:46:07.6502815+07:00,2026/09/01 18:46:07.680, NVIDIA GeForce RTX 5060, 591.86, P8, 28, 1, 640, 8151, 8.48, 145.00, 210, 405, 1, 8
2026-09-01T18:46:12.6990232+07:00,2026/09/01 18:46:12.745, NVIDIA GeForce RTX 5060, 591.86, P8, 28, 0, 640, 8151, 8.42, 145.00, 210, 405, 1, 8
2026-09-01T18:46:17.7962255+07:00,2026/09/01 18:46:17.827, NVIDIA GeForce RTX 5060, 591.86, P8, 28, 0, 640, 8151, 8.74, 145.00, 210, 405, 1, 8
2026-09-01T18:46:22.9401542+07:00,2026/09/01 18:46:22.971, NVIDIA GeForce RTX 5060, 591.86, P8, 28, 0, 640, 8151, 8.60, 145.00, 210, 405, 1, 8
2026-09-01T18:46:27.9911091+07:00,2026/09/01 18:46:28.022, NVIDIA GeForce RTX 5060, 591.86, P8, 28, 6, 764, 8151, 8.75, 145.00, 247, 405, 1, 8
2026-09-01T18:46:33.0441484+07:00,2026/09/01 18:46:33.073, NVIDIA GeForce RTX 5060, 591.86, P8, 28, 1, 781, 8151, 9.79, 145.00, 465, 405, 1, 8
2026-09-01T18:46:38.0947488+07:00,2026/09/01 18:46:38.141, NVIDIA GeForce RTX 5060, 591.86, P8, 28, 1, 782, 8151, 9.91, 145.00, 457, 405, 1, 8
2026-09-01T18:46:43.1628305+07:00,2026/09/01 18:46:43.193, NVIDIA GeForce RTX 5060, 591.86, P8, 28, 1, 782, 8151, 10.00, 145.00, 480, 405, 1, 8
2026-09-01T18:46:48.2151785+07:00,2026/09/01 18:46:48.246, NVIDIA GeForce RTX 5060, 591.86, P8, 28, 0, 782, 8151, 9.60, 145.00, 360, 405, 1, 8
2026-09-01T18:46:53.3440296+07:00,2026/09/01 18:46:53.375, NVIDIA GeForce RTX 5060, 591.86, P8, 28, 1, 782, 8151, 9.28, 145.00, 405, 405, 1, 8
2026-09-01T18:46:58.3921396+07:00,2026/09/01 18:46:58.423, NVIDIA GeForce RTX 5060, 591.86, P8, 28, 0, 782, 8151, 9.10, 145.00, 360, 405, 1, 8
2026-09-01T18:47:03.4546428+07:00,2026/09/01 18:47:03.485, NVIDIA GeForce RTX 5060, 591.86, P8, 28, 0, 782, 8151, 8.47, 145.00, 210, 405, 1, 8
2026-09-01T18:47:08.5042940+07:00,2026/09/01 18:47:08.535, NVIDIA GeForce RTX 5060, 591.86, P8, 28, 1, 782, 8151, 9.02, 145.00, 345, 405, 1, 8
2026-09-01T18:47:13.5546387+07:00,2026/09/01 18:47:13.584, NVIDIA GeForce RTX 5060, 591.86, P8, 28, 3, 861, 8151, 9.80, 145.00, 412, 405, 1, 8
2026-09-01T18:47:18.6036150+07:00,2026/09/01 18:47:18.634, NVIDIA GeForce RTX 5060, 591.86, P0, 29, 3, 1022, 8151, 21.10, 145.00, 2377, 14201, 4, 8
2026-09-01T18:47:23.7183380+07:00,2026/09/01 18:47:23.749, NVIDIA GeForce RTX 5060, 591.86, P5, 29, 1, 808, 8151, 13.00, 145.00, 592, 810, 2, 8
2026-09-01T18:47:28.7684333+07:00,2026/09/01 18:47:28.799, NVIDIA GeForce RTX 5060, 591.86, P8, 28, 1, 807, 8151, 10.04, 145.00, 442, 405, 1, 8
2026-09-01T18:47:33.8197700+07:00,2026/09/01 18:47:33.850, NVIDIA GeForce RTX 5060, 591.86, P8, 28, 1, 807, 8151, 9.78, 145.00, 420, 405, 1, 8
2026-09-01T18:47:38.8684982+07:00,2026/09/01 18:47:38.899, NVIDIA GeForce RTX 5060, 591.86, P8, 28, 1, 818, 8151, 10.23, 145.00, 442, 405, 1, 8
2026-09-01T18:47:43.9236893+07:00,2026/09/01 18:47:43.964, NVIDIA GeForce RTX 5060, 591.86, P8, 28, 1, 808, 8151, 10.03, 145.00, 532, 405, 1, 8
2026-09-01T18:47:48.9848166+07:00,2026/09/01 18:47:49.015, NVIDIA GeForce RTX 5060, 591.86, P8, 28, 1, 797, 8151, 9.68, 145.00, 450, 405, 1, 8
2026-09-01T18:47:54.0980269+07:00,2026/09/01 18:47:54.129, NVIDIA GeForce RTX 5060, 591.86, P8, 28, 0, 810, 8151, 9.47, 145.00, 247, 405, 1, 8
2026-09-01T18:47:59.1481312+07:00,2026/09/01 18:47:59.178, NVIDIA GeForce RTX 5060, 591.86, P8, 28, 1, 797, 8151, 10.00, 145.00, 502, 405, 1, 8
2026-09-01T18:48:04.1968665+07:00,2026/09/01 18:48:04.227, NVIDIA GeForce RTX 5060, 591.86, P8, 28, 1, 797, 8151, 9.97, 145.00, 495, 405, 1, 8
2026-09-01T18:48:09.2478651+07:00,2026/09/01 18:48:09.278, NVIDIA GeForce RTX 5060, 591.86, P8, 28, 0, 806, 8151, 8.38, 145.00, 210, 405, 1, 8
2026-09-01T18:48:14.3137803+07:00,2026/09/01 18:48:14.344, NVIDIA GeForce RTX 5060, 591.86, P8, 28, 0, 806, 8151, 7.86, 145.00, 210, 405, 1, 8
2026-09-01T18:48:19.3634562+07:00,2026/09/01 18:48:19.394, NVIDIA GeForce RTX 5060, 591.86, P8, 28, 0, 807, 8151, 7.81, 145.00, 210, 405, 1, 8
2026-09-01T18:48:24.4759328+07:00,2026/09/01 18:48:24.506, NVIDIA GeForce RTX 5060, 591.86, P5, 28, 0, 809, 8151, 12.07, 145.00, 210, 810, 2, 8
2026-09-01T18:48:29.5258825+07:00,2026/09/01 18:48:29.556, NVIDIA GeForce RTX 5060, 591.86, P8, 28, 0, 807, 8151, 8.30, 145.00, 210, 405, 1, 8
2026-09-01T18:48:34.5762529+07:00,2026/09/01 18:48:34.607, NVIDIA GeForce RTX 5060, 591.86, P8, 28, 0, 807, 8151, 8.29, 145.00, 210, 405, 1, 8
2026-09-01T18:48:39.6274734+07:00,2026/09/01 18:48:39.658, NVIDIA GeForce RTX 5060, 591.86, P8, 28, 0, 807, 8151, 8.27, 145.00, 210, 405, 1, 8
2026-09-01T18:48:44.6785370+07:00,2026/09/01 18:48:44.709, NVIDIA GeForce RTX 5060, 591.86, P8, 28, 0, 807, 8151, 8.18, 145.00, 210, 405, 1, 8
2026-09-01T18:48:49.7284319+07:00,2026/09/01 18:48:49.759, NVIDIA GeForce RTX 5060, 591.86, P8, 28, 0, 807, 8151, 8.35, 145.00, 210, 405, 1, 8
2026-09-01T18:48:54.8576773+07:00,2026/09/01 18:48:54.888, NVIDIA GeForce RTX 5060, 591.86, P8, 28, 0, 807, 8151, 8.23, 145.00, 210, 405, 1, 8
2026-09-01T18:48:59.9085282+07:00,2026/09/01 18:48:59.939, NVIDIA GeForce RTX 5060, 591.86, P8, 28, 0, 807, 8151, 8.32, 145.00, 210, 405, 1, 8
2026-09-01T18:49:04.9600773+07:00,2026/09/01 18:49:04.991, NVIDIA GeForce RTX 5060, 591.86, P8, 28, 0, 807, 8151, 8.20, 145.00, 210, 405, 1, 8
2026-09-01T18:49:10.0100443+07:00,2026/09/01 18:49:10.041, NVIDIA GeForce RTX 5060, 591.86, P8, 28, 0, 807, 8151, 8.17, 145.00, 210, 405, 1, 8
2026-09-01T18:49:15.0598441+07:00,2026/09/01 18:49:15.090, NVIDIA GeForce RTX 5060, 591.86, P8, 28, 1, 807, 8151, 9.30, 145.00, 502, 405, 1, 8
2026-09-01T18:49:20.1091173+07:00,2026/09/01 18:49:20.140, NVIDIA GeForce RTX 5060, 591.86, P8, 28, 1, 806, 8151, 9.80, 145.00, 465, 405, 1, 8
2026-09-01T18:49:25.2196433+07:00,2026/09/01 18:49:25.250, NVIDIA GeForce RTX 5060, 591.86, P8, 28, 1, 806, 8151, 9.73, 145.00, 487, 405, 1, 8
2026-09-01T18:49:30.2795509+07:00,2026/09/01 18:49:30.310, NVIDIA GeForce RTX 5060, 591.86, P8, 28, 1, 806, 8151, 10.05, 145.00, 375, 405, 1, 8
2026-09-01T18:49:35.3285880+07:00,2026/09/01 18:49:35.359, NVIDIA GeForce RTX 5060, 591.86, P8, 28, 1, 806, 8151, 9.11, 145.00, 360, 405, 1, 8
2026-09-01T18:49:40.3778933+07:00,2026/09/01 18:49:40.424, NVIDIA GeForce RTX 5060, 591.86, P8, 28, 0, 806, 8151, 8.56, 145.00, 210, 405, 1, 8
2026-09-01T18:49:45.4448314+07:00,2026/09/01 18:49:45.491, NVIDIA GeForce RTX 5060, 591.86, P8, 28, 1, 809, 8151, 9.87, 145.00, 457, 405, 1, 8
2026-09-01T18:49:50.5097298+07:00,2026/09/01 18:49:50.540, NVIDIA GeForce RTX 5060, 591.86, P8, 28, 1, 806, 8151, 9.86, 145.00, 465, 405, 1, 8
2026-09-01T18:49:55.6387347+07:00,2026/09/01 18:49:55.669, NVIDIA GeForce RTX 5060, 591.86, P8, 28, 1, 806, 8151, 10.02, 145.00, 480, 405, 1, 8
2026-09-01T18:50:00.6879474+07:00,2026/09/01 18:50:00.718, NVIDIA GeForce RTX 5060, 591.86, P8, 28, 0, 814, 8151, 8.43, 145.00, 210, 405, 1, 8
2026-09-01T18:50:05.7383594+07:00,2026/09/01 18:50:05.784, NVIDIA GeForce RTX 5060, 591.86, P5, 28, 1, 807, 8151, 10.71, 145.00, 292, 810, 2, 8
2026-09-01T18:50:10.8040358+07:00,2026/09/01 18:50:10.835, NVIDIA GeForce RTX 5060, 591.86, P8, 28, 1, 808, 8151, 9.70, 145.00, 412, 405, 1, 8
2026-09-01T18:50:15.8535980+07:00,2026/09/01 18:50:15.884, NVIDIA GeForce RTX 5060, 591.86, P8, 28, 1, 807, 8151, 9.86, 145.00, 450, 405, 1, 8
2026-09-01T18:50:20.9033867+07:00,2026/09/01 18:50:20.934, NVIDIA GeForce RTX 5060, 591.86, P8, 28, 1, 810, 8151, 10.45, 145.00, 532, 405, 1, 8
2026-09-01T18:50:26.0147680+07:00,2026/09/01 18:50:26.045, NVIDIA GeForce RTX 5060, 591.86, P8, 28, 1, 813, 8151, 9.90, 145.00, 472, 405, 1, 8
2026-09-01T18:50:31.0634456+07:00,2026/09/01 18:50:31.094, NVIDIA GeForce RTX 5060, 591.86, P8, 28, 0, 805, 8151, 8.53, 145.00, 210, 405, 1, 8
2026-09-01T18:50:36.1133648+07:00,2026/09/01 18:50:36.159, NVIDIA GeForce RTX 5060, 591.86, P8, 28, 0, 805, 8151, 8.50, 145.00, 210, 405, 1, 8
2026-09-01T18:50:41.1805297+07:00,2026/09/01 18:50:41.226, NVIDIA GeForce RTX 5060, 591.86, P8, 28, 0, 805, 8151, 8.59, 145.00, 210, 405, 1, 8
2026-09-01T18:50:46.2463750+07:00,2026/09/01 18:50:46.308, NVIDIA GeForce RTX 5060, 591.86, P8, 28, 0, 806, 8151, 8.57, 145.00, 210, 405, 1, 8
2026-09-01T18:50:51.3430375+07:00,2026/09/01 18:50:51.374, NVIDIA GeForce RTX 5060, 591.86, P8, 28, 0, 805, 8151, 8.77, 145.00, 210, 405, 1, 8
2026-09-01T18:50:56.4558234+07:00,2026/09/01 18:50:56.486, NVIDIA GeForce RTX 5060, 591.86, P8, 28, 0, 806, 8151, 8.71, 145.00, 232, 405, 1, 8
2026-09-01T18:51:01.5049040+07:00,2026/09/01 18:51:01.535, NVIDIA GeForce RTX 5060, 591.86, P8, 28, 1, 806, 8151, 10.05, 145.00, 495, 405, 1, 8
2026-09-01T18:51:06.5555525+07:00,2026/09/01 18:51:06.586, NVIDIA GeForce RTX 5060, 591.86, P8, 28, 1, 805, 8151, 9.67, 145.00, 427, 405, 1, 8
2026-09-01T18:51:11.6049140+07:00,2026/09/01 18:51:11.635, NVIDIA GeForce RTX 5060, 591.86, P8, 28, 1, 806, 8151, 10.12, 145.00, 450, 405, 1, 8
2026-09-01T18:51:16.6548160+07:00,2026/09/01 18:51:16.685, NVIDIA GeForce RTX 5060, 591.86, P8, 28, 1, 805, 8151, 10.06, 145.00, 472, 405, 1, 8
2026-09-01T18:51:21.7039940+07:00,2026/09/01 18:51:21.734, NVIDIA GeForce RTX 5060, 591.86, P8, 28, 1, 805, 8151, 10.12, 145.00, 495, 405, 1, 8
2026-09-01T18:51:26.8156614+07:00,2026/09/01 18:51:26.846, NVIDIA GeForce RTX 5060, 591.86, P8, 28, 1, 805, 8151, 10.14, 145.00, 480, 405, 1, 8
2026-09-01T18:51:31.8813218+07:00,2026/09/01 18:51:31.912, NVIDIA GeForce RTX 5060, 591.86, P8, 28, 1, 805, 8151, 9.93, 145.00, 457, 405, 1, 8
2026-09-01T18:51:36.9323712+07:00,2026/09/01 18:51:36.963, NVIDIA GeForce RTX 5060, 591.86, P8, 28, 1, 805, 8151, 9.88, 145.00, 457, 405, 1, 8
2026-09-01T18:51:41.9831044+07:00,2026/09/01 18:51:42.014, NVIDIA GeForce RTX 5060, 591.86, P8, 28, 0, 805, 8151, 8.52, 145.00, 255, 405, 1, 8
2026-09-01T18:51:47.0336018+07:00,2026/09/01 18:51:47.064, NVIDIA GeForce RTX 5060, 591.86, P8, 28, 1, 805, 8151, 9.71, 145.00, 450, 405, 1, 8
2026-09-01T18:51:52.0833925+07:00,2026/09/01 18:51:52.114, NVIDIA GeForce RTX 5060, 591.86, P8, 28, 1, 805, 8151, 9.83, 145.00, 450, 405, 1, 8
2026-09-01T18:51:57.1946461+07:00,2026/09/01 18:51:57.225, NVIDIA GeForce RTX 5060, 591.86, P8, 28, 1, 805, 8151, 9.67, 145.00, 427, 405, 1, 8
2026-09-01T18:52:02.2454687+07:00,2026/09/01 18:52:02.276, NVIDIA GeForce RTX 5060, 591.86, P8, 28, 1, 805, 8151, 9.79, 145.00, 442, 405, 1, 8
2026-09-01T18:52:07.2943943+07:00,2026/09/01 18:52:07.325, NVIDIA GeForce RTX 5060, 591.86, P8, 28, 1, 805, 8151, 9.67, 145.00, 427, 405, 1, 8
2026-09-01T18:52:12.3446404+07:00,2026/09/01 18:52:12.375, NVIDIA GeForce RTX 5060, 591.86, P8, 28, 1, 805, 8151, 9.78, 145.00, 472, 405, 1, 8
2026-09-01T18:52:17.3945376+07:00,2026/09/01 18:52:17.441, NVIDIA GeForce RTX 5060, 591.86, P8, 28, 0, 805, 8151, 8.54, 145.00, 210, 405, 1, 8
2026-09-01T18:52:22.4599860+07:00,2026/09/01 18:52:22.506, NVIDIA GeForce RTX 5060, 591.86, P8, 28, 1, 805, 8151, 9.74, 145.00, 465, 405, 1, 8
2026-09-01T18:52:27.5872493+07:00,2026/09/01 18:52:27.618, NVIDIA GeForce RTX 5060, 591.86, P8, 28, 2, 805, 8151, 9.91, 145.00, 510, 405, 1, 8
2026-09-01T18:52:32.6391990+07:00,2026/09/01 18:52:32.669, NVIDIA GeForce RTX 5060, 591.86, P8, 28, 1, 807, 8151, 9.37, 145.00, 352, 405, 1, 8
2026-09-01T18:52:37.7038606+07:00,2026/09/01 18:52:37.734, NVIDIA GeForce RTX 5060, 591.86, P8, 28, 0, 807, 8151, 9.31, 145.00, 345, 405, 1, 8
2026-09-01T18:52:42.7543036+07:00,2026/09/01 18:52:42.784, NVIDIA GeForce RTX 5060, 591.86, P8, 28, 2, 810, 8151, 10.01, 145.00, 465, 405, 1, 8
2026-09-01T18:52:47.8032647+07:00,2026/09/01 18:52:47.834, NVIDIA GeForce RTX 5060, 591.86, P8, 28, 1, 807, 8151, 9.93, 145.00, 450, 405, 1, 8
2026-09-01T18:52:52.8542176+07:00,2026/09/01 18:52:52.884, NVIDIA GeForce RTX 5060, 591.86, P8, 28, 0, 807, 8151, 9.66, 145.00, 322, 405, 1, 8
2026-09-01T18:52:57.9661971+07:00,2026/09/01 18:52:57.997, NVIDIA GeForce RTX 5060, 591.86, P8, 28, 1, 807, 8151, 9.80, 145.00, 465, 405, 1, 8
2026-09-01T18:53:03.0153247+07:00,2026/09/01 18:53:03.046, NVIDIA GeForce RTX 5060, 591.86, P8, 28, 1, 807, 8151, 9.69, 145.00, 450, 405, 1, 8
2026-09-01T18:53:08.0654486+07:00,2026/09/01 18:53:08.096, NVIDIA GeForce RTX 5060, 591.86, P8, 28, 1, 807, 8151, 9.83, 145.00, 457, 405, 1, 8
2026-09-01T18:53:13.1149716+07:00,2026/09/01 18:53:13.145, NVIDIA GeForce RTX 5060, 591.86, P8, 28, 1, 807, 8151, 9.64, 145.00, 457, 405, 1, 8
2026-09-01T18:53:18.1636011+07:00,2026/09/01 18:53:18.194, NVIDIA GeForce RTX 5060, 591.86, P8, 28, 1, 807, 8151, 10.02, 145.00, 472, 405, 1, 8
2026-09-01T18:53:23.2132721+07:00,2026/09/01 18:53:23.259, NVIDIA GeForce RTX 5060, 591.86, P8, 28, 1, 807, 8151, 8.73, 145.00, 255, 405, 1, 8
2026-09-01T18:53:28.3417636+07:00,2026/09/01 18:53:28.372, NVIDIA GeForce RTX 5060, 591.86, P8, 28, 1, 807, 8151, 8.46, 145.00, 262, 405, 1, 8
2026-09-01T18:53:33.3912702+07:00,2026/09/01 18:53:33.437, NVIDIA GeForce RTX 5060, 591.86, P8, 28, 1, 808, 8151, 8.72, 145.00, 210, 405, 1, 8
2026-09-01T18:53:38.4571984+07:00,2026/09/01 18:53:38.503, NVIDIA GeForce RTX 5060, 591.86, P8, 28, 0, 808, 8151, 8.52, 145.00, 210, 405, 1, 8
2026-09-01T18:53:43.5275535+07:00,2026/09/01 18:53:43.573, NVIDIA GeForce RTX 5060, 591.86, P8, 28, 0, 808, 8151, 8.60, 145.00, 210, 405, 1, 8
2026-09-01T18:53:48.5891157+07:00,2026/09/01 18:53:48.634, NVIDIA GeForce RTX 5060, 591.86, P8, 28, 0, 808, 8151, 8.54, 145.00, 210, 405, 1, 8
2026-09-01T18:53:53.6510195+07:00,2026/09/01 18:53:53.680, NVIDIA GeForce RTX 5060, 591.86, P8, 28, 0, 808, 8151, 8.57, 145.00, 210, 405, 1, 8
2026-09-01T18:53:58.7451059+07:00,2026/09/01 18:53:58.790, NVIDIA GeForce RTX 5060, 591.86, P8, 28, 0, 808, 8151, 8.41, 145.00, 262, 405, 1, 8
2026-09-01T18:54:03.8102824+07:00,2026/09/01 18:54:03.855, NVIDIA GeForce RTX 5060, 591.86, P8, 28, 0, 808, 8151, 8.48, 145.00, 270, 405, 1, 8
2026-09-01T18:54:08.8749533+07:00,2026/09/01 18:54:08.920, NVIDIA GeForce RTX 5060, 591.86, P8, 28, 0, 808, 8151, 8.49, 145.00, 270, 405, 1, 8
2026-09-01T18:54:13.9394553+07:00,2026/09/01 18:54:13.985, NVIDIA GeForce RTX 5060, 591.86, P8, 28, 1, 808, 8151, 8.46, 145.00, 255, 405, 1, 8
2026-09-01T18:54:19.0050359+07:00,2026/09/01 18:54:19.035, NVIDIA GeForce RTX 5060, 591.86, P8, 28, 1, 808, 8151, 8.62, 145.00, 210, 405, 1, 8
2026-09-01T18:54:24.0538244+07:00,2026/09/01 18:54:24.098, NVIDIA GeForce RTX 5060, 591.86, P8, 28, 1, 808, 8151, 8.44, 145.00, 210, 405, 1, 8
2026-09-01T18:54:29.1666101+07:00,2026/09/01 18:54:29.211, NVIDIA GeForce RTX 5060, 591.86, P8, 28, 0, 808, 8151, 8.42, 145.00, 210, 405, 1, 8
2026-09-01T18:54:34.2295698+07:00,2026/09/01 18:54:34.274, NVIDIA GeForce RTX 5060, 591.86, P8, 28, 0, 808, 8151, 8.40, 145.00, 217, 405, 1, 8
2026-09-01T18:54:39.2903842+07:00,2026/09/01 18:54:39.335, NVIDIA GeForce RTX 5060, 591.86, P8, 28, 0, 808, 8151, 8.44, 145.00, 270, 405, 1, 8
2026-09-01T18:54:44.3532149+07:00,2026/09/01 18:54:44.398, NVIDIA GeForce RTX 5060, 591.86, P8, 28, 1, 808, 8151, 9.98, 145.00, 525, 405, 1, 8
2026-09-01T18:54:49.4065923+07:00,2026/09/01 18:54:49.452, NVIDIA GeForce RTX 5060, 591.86, P8, 28, 2, 807, 8151, 9.91, 145.00, 517, 405, 1, 8
2026-09-01T18:54:54.4720539+07:00,2026/09/01 18:54:54.503, NVIDIA GeForce RTX 5060, 591.86, P8, 28, 1, 807, 8151, 10.14, 145.00, 532, 405, 1, 8
2026-09-01T18:54:59.5557526+07:00,2026/09/01 18:54:59.601, NVIDIA GeForce RTX 5060, 591.86, P8, 28, 0, 807, 8151, 8.49, 145.00, 210, 405, 1, 8
2026-09-01T18:55:04.6229156+07:00,2026/09/01 18:55:04.668, NVIDIA GeForce RTX 5060, 591.86, P8, 28, 0, 807, 8151, 8.53, 145.00, 210, 405, 1, 8
2026-09-01T18:55:09.6855215+07:00,2026/09/01 18:55:09.730, NVIDIA GeForce RTX 5060, 591.86, P8, 28, 0, 807, 8151, 8.59, 145.00, 210, 405, 1, 8
2026-09-01T18:55:14.7484540+07:00,2026/09/01 18:55:14.794, NVIDIA GeForce RTX 5060, 591.86, P8, 28, 1, 807, 8151, 8.60, 145.00, 210, 405, 1, 8
2026-09-01T18:55:19.8130135+07:00,2026/09/01 18:55:19.858, NVIDIA GeForce RTX 5060, 591.86, P8, 28, 1, 808, 8151, 8.50, 145.00, 210, 405, 1, 8
2026-09-01T18:55:24.8822081+07:00,2026/09/01 18:55:24.927, NVIDIA GeForce RTX 5060, 591.86, P8, 28, 1, 808, 8151, 10.09, 145.00, 502, 405, 1, 8
2026-09-01T18:55:30.0087030+07:00,2026/09/01 18:55:30.055, NVIDIA GeForce RTX 5060, 591.86, P8, 28, 1, 807, 8151, 9.99, 145.00, 540, 405, 1, 8
2026-09-01T18:55:35.0628384+07:00,2026/09/01 18:55:35.093, NVIDIA GeForce RTX 5060, 591.86, P8, 28, 1, 807, 8151, 10.15, 145.00, 495, 405, 1, 8
2026-09-01T18:55:40.1127798+07:00,2026/09/01 18:55:40.143, NVIDIA GeForce RTX 5060, 591.86, P8, 28, 1, 807, 8151, 10.18, 145.00, 457, 405, 1, 8
2026-09-01T18:55:45.1644292+07:00,2026/09/01 18:55:45.195, NVIDIA GeForce RTX 5060, 591.86, P8, 28, 1, 803, 8151, 9.96, 145.00, 465, 405, 1, 8
2026-09-01T18:55:50.2032533+07:00,2026/09/01 18:55:50.234, NVIDIA GeForce RTX 5060, 591.86, P8, 28, 1, 799, 8151, 9.35, 145.00, 352, 405, 1, 8
2026-09-01T18:55:55.2480842+07:00,2026/09/01 18:55:55.278, NVIDIA GeForce RTX 5060, 591.86, P8, 28, 0, 798, 8151, 9.45, 145.00, 345, 405, 1, 8
2026-09-01T18:56:00.3580770+07:00,2026/09/01 18:56:00.389, NVIDIA GeForce RTX 5060, 591.86, P8, 28, 0, 806, 8151, 9.23, 145.00, 345, 405, 1, 8
2026-09-01T18:56:05.4062672+07:00,2026/09/01 18:56:05.436, NVIDIA GeForce RTX 5060, 591.86, P8, 28, 1, 806, 8151, 9.31, 145.00, 360, 405, 1, 8
2026-09-01T18:56:10.4545284+07:00,2026/09/01 18:56:10.485, NVIDIA GeForce RTX 5060, 591.86, P8, 28, 1, 798, 8151, 9.26, 145.00, 375, 405, 1, 8
2026-09-01T18:56:15.5003082+07:00,2026/09/01 18:56:15.531, NVIDIA GeForce RTX 5060, 591.86, P8, 28, 1, 798, 8151, 9.28, 145.00, 390, 405, 1, 8
2026-09-01T18:56:20.5486609+07:00,2026/09/01 18:56:20.579, NVIDIA GeForce RTX 5060, 591.86, P8, 28, 0, 807, 8151, 9.08, 145.00, 285, 405, 1, 8
2026-09-01T18:56:25.5969512+07:00,2026/09/01 18:56:25.627, NVIDIA GeForce RTX 5060, 591.86, P8, 28, 1, 807, 8151, 9.67, 145.00, 450, 405, 1, 8
2026-09-01T18:56:30.7081439+07:00,2026/09/01 18:56:30.738, NVIDIA GeForce RTX 5060, 591.86, P8, 28, 1, 807, 8151, 10.05, 145.00, 487, 405, 1, 8
2026-09-01T18:56:35.7692222+07:00,2026/09/01 18:56:35.800, NVIDIA GeForce RTX 5060, 591.86, P8, 28, 0, 807, 8151, 8.61, 145.00, 210, 405, 1, 8
2026-09-01T18:56:40.8290256+07:00,2026/09/01 18:56:40.860, NVIDIA GeForce RTX 5060, 591.86, P8, 28, 1, 807, 8151, 9.14, 145.00, 435, 405, 1, 8
2026-09-01T18:56:45.8801265+07:00,2026/09/01 18:56:45.911, NVIDIA GeForce RTX 5060, 591.86, P8, 28, 1, 807, 8151, 9.94, 145.00, 435, 405, 1, 8
2026-09-01T18:56:50.9317800+07:00,2026/09/01 18:56:50.962, NVIDIA GeForce RTX 5060, 591.86, P8, 28, 1, 807, 8151, 9.86, 145.00, 487, 405, 1, 8
2026-09-01T18:56:55.9997163+07:00,2026/09/01 18:56:56.030, NVIDIA GeForce RTX 5060, 591.86, P8, 28, 1, 807, 8151, 9.77, 145.00, 420, 405, 1, 8
2026-09-01T18:57:01.1598650+07:00,2026/09/01 18:57:01.190, NVIDIA GeForce RTX 5060, 591.86, P8, 28, 1, 807, 8151, 9.82, 145.00, 480, 405, 1, 8
2026-09-01T18:57:06.2282558+07:00,2026/09/01 18:57:06.259, NVIDIA GeForce RTX 5060, 591.86, P8, 28, 1, 807, 8151, 9.88, 145.00, 427, 405, 1, 8
2026-09-01T18:57:11.3086423+07:00,2026/09/01 18:57:11.339, NVIDIA GeForce RTX 5060, 591.86, P8, 28, 1, 807, 8151, 9.88, 145.00, 420, 405, 1, 8
2026-09-01T18:57:16.3595329+07:00,2026/09/01 18:57:16.390, NVIDIA GeForce RTX 5060, 591.86, P8, 28, 1, 807, 8151, 10.10, 145.00, 502, 405, 1, 8
2026-09-01T18:57:21.4115688+07:00,2026/09/01 18:57:21.442, NVIDIA GeForce RTX 5060, 591.86, P8, 28, 1, 807, 8151, 9.89, 145.00, 457, 405, 1, 8
2026-09-01T18:57:26.4627885+07:00,2026/09/01 18:57:26.493, NVIDIA GeForce RTX 5060, 591.86, P8, 28, 1, 807, 8151, 9.68, 145.00, 442, 405, 1, 8
2026-09-01T18:57:31.5739707+07:00,2026/09/01 18:57:31.604, NVIDIA GeForce RTX 5060, 591.86, P8, 28, 1, 807, 8151, 9.99, 145.00, 502, 405, 1, 8
2026-09-01T18:57:36.6273981+07:00,2026/09/01 18:57:36.673, NVIDIA GeForce RTX 5060, 591.86, P8, 28, 1, 807, 8151, 10.04, 145.00, 465, 405, 1, 8
2026-09-01T18:57:41.6937272+07:00,2026/09/01 18:57:41.724, NVIDIA GeForce RTX 5060, 591.86, P8, 28, 1, 807, 8151, 9.89, 145.00, 450, 405, 1, 8
2026-09-01T18:57:46.7443730+07:00,2026/09/01 18:57:46.775, NVIDIA GeForce RTX 5060, 591.86, P8, 28, 1, 810, 8151, 10.16, 145.00, 495, 405, 1, 8
2026-09-01T18:57:51.7954838+07:00,2026/09/01 18:57:51.841, NVIDIA GeForce RTX 5060, 591.86, P8, 28, 1, 811, 8151, 9.97, 145.00, 465, 405, 1, 8
2026-09-01T18:57:56.8614303+07:00,2026/09/01 18:57:56.892, NVIDIA GeForce RTX 5060, 591.86, P8, 28, 1, 809, 8151, 10.68, 145.00, 510, 405, 1, 8
2026-09-01T18:58:02.0063485+07:00,2026/09/01 18:58:02.037, NVIDIA GeForce RTX 5060, 591.86, P8, 28, 1, 811, 8151, 9.96, 145.00, 457, 405, 1, 8
2026-09-01T18:58:07.0586256+07:00,2026/09/01 18:58:07.089, NVIDIA GeForce RTX 5060, 591.86, P8, 28, 1, 809, 8151, 10.42, 145.00, 442, 405, 1, 8
2026-09-01T18:58:12.1085127+07:00,2026/09/01 18:58:12.139, NVIDIA GeForce RTX 5060, 591.86, P8, 28, 1, 805, 8151, 10.06, 145.00, 532, 405, 1, 8
2026-09-01T18:58:17.1605479+07:00,2026/09/01 18:58:17.191, NVIDIA GeForce RTX 5060, 591.86, P8, 28, 0, 806, 8151, 9.22, 145.00, 210, 405, 1, 8
2026-09-01T18:58:22.2407202+07:00,2026/09/01 18:58:22.272, NVIDIA GeForce RTX 5060, 591.86, P8, 28, 0, 806, 8151, 8.48, 145.00, 210, 405, 1, 8
2026-09-01T18:58:27.2903704+07:00,2026/09/01 18:58:27.320, NVIDIA GeForce RTX 5060, 591.86, P8, 28, 0, 806, 8151, 8.54, 145.00, 210, 405, 1, 8
2026-09-01T18:58:32.4019259+07:00,2026/09/01 18:58:32.432, NVIDIA GeForce RTX 5060, 591.86, P8, 28, 0, 806, 8151, 8.58, 145.00, 210, 405, 1, 8
2026-09-01T18:58:37.4498761+07:00,2026/09/01 18:58:37.480, NVIDIA GeForce RTX 5060, 591.86, P8, 28, 0, 807, 8151, 8.48, 145.00, 210, 405, 1, 8
2026-09-01T18:58:42.4981975+07:00,2026/09/01 18:58:42.528, NVIDIA GeForce RTX 5060, 591.86, P8, 28, 0, 807, 8151, 8.64, 145.00, 210, 405, 1, 8
2026-09-01T18:58:47.5481144+07:00,2026/09/01 18:58:47.579, NVIDIA GeForce RTX 5060, 591.86, P8, 28, 0, 806, 8151, 8.62, 145.00, 210, 405, 1, 8
2026-09-01T18:58:52.5986425+07:00,2026/09/01 18:58:52.629, NVIDIA GeForce RTX 5060, 591.86, P8, 28, 0, 807, 8151, 8.72, 145.00, 210, 405, 1, 8
2026-09-01T18:58:57.6644989+07:00,2026/09/01 18:58:57.695, NVIDIA GeForce RTX 5060, 591.86, P8, 28, 0, 807, 8151, 8.58, 145.00, 210, 405, 1, 8
2026-09-01T18:59:02.7916414+07:00,2026/09/01 18:59:02.822, NVIDIA GeForce RTX 5060, 591.86, P8, 28, 1, 808, 8151, 10.00, 145.00, 427, 405, 1, 8
2026-09-01T18:59:07.8418153+07:00,2026/09/01 18:59:07.872, NVIDIA GeForce RTX 5060, 591.86, P8, 28, 1, 806, 8151, 9.77, 145.00, 442, 405, 1, 8
2026-09-01T18:59:12.8923438+07:00,2026/09/01 18:59:12.923, NVIDIA GeForce RTX 5060, 591.86, P8, 28, 1, 805, 8151, 9.97, 145.00, 472, 405, 1, 8
2026-09-01T18:59:17.9426560+07:00,2026/09/01 18:59:17.973, NVIDIA GeForce RTX 5060, 591.86, P8, 28, 0, 805, 8151, 8.72, 145.00, 210, 405, 1, 8
2026-09-01T18:59:22.9920236+07:00,2026/09/01 18:59:23.022, NVIDIA GeForce RTX 5060, 591.86, P8, 28, 0, 806, 8151, 8.62, 145.00, 210, 405, 1, 8
2026-09-01T18:59:28.0380241+07:00,2026/09/01 18:59:28.069, NVIDIA GeForce RTX 5060, 591.86, P8, 28, 0, 806, 8151, 8.48, 145.00, 210, 405, 1, 8
2026-09-01T18:59:33.1661050+07:00,2026/09/01 18:59:33.197, NVIDIA GeForce RTX 5060, 591.86, P8, 28, 2, 806, 8151, 9.70, 145.00, 457, 405, 1, 8
2026-09-01T18:59:38.2169640+07:00,2026/09/01 18:59:38.247, NVIDIA GeForce RTX 5060, 591.86, P8, 28, 2, 805, 8151, 9.75, 145.00, 442, 405, 1, 8
2026-09-01T18:59:43.2693889+07:00,2026/09/01 18:59:43.300, NVIDIA GeForce RTX 5060, 591.86, P8, 28, 2, 805, 8151, 9.93, 145.00, 502, 405, 1, 8
2026-09-01T18:59:48.3181673+07:00,2026/09/01 18:59:48.349, NVIDIA GeForce RTX 5060, 591.86, P8, 28, 0, 805, 8151, 8.36, 145.00, 255, 405, 1, 8
2026-09-01T18:59:53.3694964+07:00,2026/09/01 18:59:53.400, NVIDIA GeForce RTX 5060, 591.86, P8, 28, 0, 806, 8151, 8.44, 145.00, 255, 405, 1, 8
2026-09-01T18:59:58.4231265+07:00,2026/09/01 18:59:58.453, NVIDIA GeForce RTX 5060, 591.86, P8, 28, 0, 806, 8151, 8.47, 145.00, 247, 405, 1, 8
2026-09-01T19:00:03.6299439+07:00,2026/09/01 19:00:03.676, NVIDIA GeForce RTX 5060, 591.86, P8, 28, 0, 806, 8151, 8.43, 145.00, 247, 405, 1, 8
2026-09-01T19:00:08.6945759+07:00,2026/09/01 19:00:08.724, NVIDIA GeForce RTX 5060, 591.86, P8, 28, 0, 806, 8151, 8.41, 145.00, 247, 405, 1, 8
2026-09-01T19:00:13.7438122+07:00,2026/09/01 19:00:13.774, NVIDIA GeForce RTX 5060, 591.86, P8, 28, 0, 806, 8151, 8.52, 145.00, 255, 405, 1, 8
2026-09-01T19:00:18.7948532+07:00,2026/09/01 19:00:18.825, NVIDIA GeForce RTX 5060, 591.86, P8, 28, 0, 806, 8151, 8.36, 145.00, 210, 405, 1, 8
2026-09-01T19:00:23.8443934+07:00,2026/09/01 19:00:23.875, NVIDIA GeForce RTX 5060, 591.86, P8, 28, 0, 806, 8151, 8.52, 145.00, 210, 405, 1, 8
2026-09-01T19:00:28.8937756+07:00,2026/09/01 19:00:28.924, NVIDIA GeForce RTX 5060, 591.86, P8, 28, 0, 807, 8151, 8.45, 145.00, 210, 405, 1, 8
2026-09-01T19:00:34.0051622+07:00,2026/09/01 19:00:34.036, NVIDIA GeForce RTX 5060, 591.86, P8, 28, 0, 807, 8151, 8.35, 145.00, 210, 405, 1, 8
2026-09-01T19:00:39.0549190+07:00,2026/09/01 19:00:39.085, NVIDIA GeForce RTX 5060, 591.86, P8, 28, 0, 806, 8151, 8.34, 145.00, 210, 405, 1, 8
2026-09-01T19:00:44.1057627+07:00,2026/09/01 19:00:44.136, NVIDIA GeForce RTX 5060, 591.86, P8, 28, 0, 807, 8151, 8.48, 145.00, 210, 405, 1, 8
2026-09-01T19:00:49.1544625+07:00,2026/09/01 19:00:49.185, NVIDIA GeForce RTX 5060, 591.86, P8, 28, 0, 807, 8151, 8.49, 145.00, 210, 405, 1, 8
2026-09-01T19:00:54.2036936+07:00,2026/09/01 19:00:54.234, NVIDIA GeForce RTX 5060, 591.86, P8, 28, 0, 807, 8151, 8.57, 145.00, 210, 405, 1, 8
2026-09-01T19:00:59.2535497+07:00,2026/09/01 19:00:59.284, NVIDIA GeForce RTX 5060, 591.86, P8, 28, 0, 807, 8151, 8.48, 145.00, 210, 405, 1, 8
2026-09-01T19:01:04.3651611+07:00,2026/09/01 19:01:04.396, NVIDIA GeForce RTX 5060, 591.86, P8, 28, 0, 807, 8151, 8.48, 145.00, 210, 405, 1, 8
2026-09-01T19:01:09.4168179+07:00,2026/09/01 19:01:09.447, NVIDIA GeForce RTX 5060, 591.86, P8, 28, 0, 807, 8151, 8.57, 145.00, 210, 405, 1, 8
2026-09-01T19:01:14.4665856+07:00,2026/09/01 19:01:14.497, NVIDIA GeForce RTX 5060, 591.86, P8, 28, 0, 806, 8151, 8.46, 145.00, 210, 405, 1, 8
2026-09-01T19:01:19.5160969+07:00,2026/09/01 19:01:19.547, NVIDIA GeForce RTX 5060, 591.86, P8, 28, 0, 806, 8151, 8.43, 145.00, 210, 405, 1, 8
2026-09-01T19:01:24.5659950+07:00,2026/09/01 19:01:24.596, NVIDIA GeForce RTX 5060, 591.86, P8, 28, 0, 807, 8151, 8.49, 145.00, 210, 405, 1, 8
2026-09-01T19:01:29.6160519+07:00,2026/09/01 19:01:29.647, NVIDIA GeForce RTX 5060, 591.86, P8, 28, 0, 806, 8151, 8.35, 145.00, 210, 405, 1, 8
2026-09-01T19:01:34.7435166+07:00,2026/09/01 19:01:34.774, NVIDIA GeForce RTX 5060, 591.86, P8, 28, 0, 807, 8151, 8.48, 145.00, 210, 405, 1, 8
2026-09-01T19:01:39.7933097+07:00,2026/09/01 19:01:39.824, NVIDIA GeForce RTX 5060, 591.86, P8, 28, 0, 807, 8151, 8.39, 145.00, 210, 405, 1, 8
2026-09-01T19:01:44.8426918+07:00,2026/09/01 19:01:44.873, NVIDIA GeForce RTX 5060, 591.86, P8, 28, 1, 806, 8151, 9.80, 145.00, 420, 405, 1, 8
2026-09-01T19:01:49.9054468+07:00,2026/09/01 19:01:49.936, NVIDIA GeForce RTX 5060, 591.86, P5, 28, 14, 836, 8151, 12.94, 145.00, 862, 810, 2, 8
2026-09-01T19:01:54.9713813+07:00,2026/09/01 19:01:55.002, NVIDIA GeForce RTX 5060, 591.86, P8, 28, 0, 835, 8151, 8.58, 145.00, 210, 405, 1, 8
2026-09-01T19:02:00.0364520+07:00,2026/09/01 19:02:00.082, NVIDIA GeForce RTX 5060, 591.86, P8, 28, 1, 810, 8151, 9.64, 145.00, 442, 405, 1, 8
2026-09-01T19:02:05.1624736+07:00,2026/09/01 19:02:05.193, NVIDIA GeForce RTX 5060, 591.86, P8, 28, 1, 808, 8151, 9.80, 145.00, 480, 405, 1, 8
2026-09-01T19:02:10.2116856+07:00,2026/09/01 19:02:10.242, NVIDIA GeForce RTX 5060, 591.86, P8, 28, 0, 808, 8151, 8.80, 145.00, 210, 405, 1, 8
2026-09-01T19:02:15.2623264+07:00,2026/09/01 19:02:15.293, NVIDIA GeForce RTX 5060, 591.86, P8, 28, 1, 809, 8151, 9.60, 145.00, 532, 405, 1, 8
2026-09-01T19:02:20.3112613+07:00,2026/09/01 19:02:20.341, NVIDIA GeForce RTX 5060, 591.86, P8, 28, 1, 808, 8151, 9.54, 145.00, 450, 405, 1, 8
2026-09-01T19:02:25.3763097+07:00,2026/09/01 19:02:25.407, NVIDIA GeForce RTX 5060, 591.86, P8, 28, 1, 808, 8151, 9.59, 145.00, 435, 405, 1, 8
2026-09-01T19:02:30.4264035+07:00,2026/09/01 19:02:30.457, NVIDIA GeForce RTX 5060, 591.86, P8, 28, 1, 808, 8151, 9.97, 145.00, 487, 405, 1, 8
2026-09-01T19:02:35.5572271+07:00,2026/09/01 19:02:35.632, NVIDIA GeForce RTX 5060, 591.86, P8, 28, 1, 808, 8151, 9.98, 145.00, 457, 405, 1, 8
2026-09-01T19:02:40.7471060+07:00,2026/09/01 19:02:40.778, NVIDIA GeForce RTX 5060, 591.86, P8, 28, 0, 809, 8151, 8.49, 145.00, 210, 405, 1, 8
2026-09-01T19:02:45.7989700+07:00,2026/09/01 19:02:45.829, NVIDIA GeForce RTX 5060, 591.86, P8, 28, 0, 809, 8151, 8.43, 145.00, 210, 405, 1, 8
2026-09-01T19:02:50.8504832+07:00,2026/09/01 19:02:50.881, NVIDIA GeForce RTX 5060, 591.86, P8, 28, 0, 809, 8151, 8.40, 145.00, 255, 405, 1, 8
2026-09-01T19:02:55.9144255+07:00,2026/09/01 19:02:55.945, NVIDIA GeForce RTX 5060, 591.86, P8, 28, 0, 809, 8151, 8.49, 145.00, 255, 405, 1, 8
2026-09-01T19:03:00.9633168+07:00,2026/09/01 19:03:00.994, NVIDIA GeForce RTX 5060, 591.86, P8, 28, 2, 809, 8151, 9.88, 145.00, 495, 405, 1, 8
2026-09-01T19:03:06.0756969+07:00,2026/09/01 19:03:06.106, NVIDIA GeForce RTX 5060, 591.86, P8, 28, 1, 813, 8151, 10.23, 145.00, 495, 405, 1, 8
2026-09-01T19:03:11.1249044+07:00,2026/09/01 19:03:11.155, NVIDIA GeForce RTX 5060, 591.86, P8, 28, 1, 809, 8151, 9.98, 145.00, 510, 405, 1, 8
2026-09-01T19:03:16.1758123+07:00,2026/09/01 19:03:16.222, NVIDIA GeForce RTX 5060, 591.86, P8, 28, 1, 808, 8151, 8.85, 145.00, 472, 405, 1, 8
2026-09-01T19:03:21.2399903+07:00,2026/09/01 19:03:21.270, NVIDIA GeForce RTX 5060, 591.86, P8, 28, 1, 808, 8151, 9.71, 145.00, 435, 405, 1, 8
2026-09-01T19:03:26.2911870+07:00,2026/09/01 19:03:26.322, NVIDIA GeForce RTX 5060, 591.86, P8, 28, 1, 808, 8151, 9.70, 145.00, 495, 405, 1, 8
2026-09-01T19:03:31.3416481+07:00,2026/09/01 19:03:31.372, NVIDIA GeForce RTX 5060, 591.86, P8, 28, 1, 808, 8151, 9.84, 145.00, 487, 405, 1, 8
2026-09-01T19:03:36.4700080+07:00,2026/09/01 19:03:36.501, NVIDIA GeForce RTX 5060, 591.86, P8, 28, 1, 808, 8151, 9.81, 145.00, 480, 405, 1, 8
2026-09-01T19:03:41.5195886+07:00,2026/09/01 19:03:41.550, NVIDIA GeForce RTX 5060, 591.86, P8, 28, 1, 808, 8151, 9.74, 145.00, 435, 405, 1, 8
2026-09-01T19:03:46.5704220+07:00,2026/09/01 19:03:46.601, NVIDIA GeForce RTX 5060, 591.86, P8, 28, 1, 808, 8151, 9.85, 145.00, 495, 405, 1, 8
2026-09-01T19:03:51.6210110+07:00,2026/09/01 19:03:51.652, NVIDIA GeForce RTX 5060, 591.86, P8, 28, 1, 808, 8151, 9.60, 145.00, 442, 405, 1, 8
2026-09-01T19:03:56.6940484+07:00,2026/09/01 19:03:56.725, NVIDIA GeForce RTX 5060, 591.86, P8, 28, 0, 808, 8151, 9.79, 145.00, 360, 405, 1, 8
2026-09-01T19:04:01.7414840+07:00,2026/09/01 19:04:01.772, NVIDIA GeForce RTX 5060, 591.86, P8, 28, 1, 808, 8151, 9.25, 145.00, 375, 405, 1, 8
2026-09-01T19:04:06.8522028+07:00,2026/09/01 19:04:06.883, NVIDIA GeForce RTX 5060, 591.86, P8, 28, 1, 808, 8151, 9.15, 145.00, 375, 405, 1, 8
2026-09-01T19:04:11.9017623+07:00,2026/09/01 19:04:11.963, NVIDIA GeForce RTX 5060, 591.86, P8, 28, 1, 808, 8151, 9.23, 145.00, 375, 405, 1, 8
2026-09-01T19:04:16.9823969+07:00,2026/09/01 19:04:17.013, NVIDIA GeForce RTX 5060, 591.86, P8, 28, 1, 808, 8151, 9.21, 145.00, 390, 405, 1, 8
2026-09-01T19:04:22.0325297+07:00,2026/09/01 19:04:22.063, NVIDIA GeForce RTX 5060, 591.86, P8, 28, 0, 825, 8151, 9.11, 145.00, 345, 405, 1, 8
2026-09-01T19:04:27.0824432+07:00,2026/09/01 19:04:27.128, NVIDIA GeForce RTX 5060, 591.86, P8, 28, 1, 808, 8151, 9.14, 145.00, 360, 405, 1, 8
2026-09-01T19:04:32.1474930+07:00,2026/09/01 19:04:32.178, NVIDIA GeForce RTX 5060, 591.86, P8, 28, 1, 805, 8151, 9.06, 145.00, 480, 405, 1, 8
2026-09-01T19:04:37.2570894+07:00,2026/09/01 19:04:37.288, NVIDIA GeForce RTX 5060, 591.86, P8, 28, 1, 809, 8151, 11.70, 145.00, 570, 405, 1, 8
2026-09-01T19:04:42.3063297+07:00,2026/09/01 19:04:42.337, NVIDIA GeForce RTX 5060, 591.86, P8, 28, 1, 805, 8151, 9.75, 145.00, 457, 405, 1, 8
2026-09-01T19:04:47.3548013+07:00,2026/09/01 19:04:47.385, NVIDIA GeForce RTX 5060, 591.86, P8, 28, 1, 804, 8151, 9.56, 145.00, 442, 405, 1, 8
2026-09-01T19:04:52.4031622+07:00,2026/09/01 19:04:52.449, NVIDIA GeForce RTX 5060, 591.86, P8, 28, 1, 804, 8151, 9.85, 145.00, 510, 405, 1, 8
2026-09-01T19:04:57.4687671+07:00,2026/09/01 19:04:57.499, NVIDIA GeForce RTX 5060, 591.86, P8, 28, 0, 804, 8151, 8.41, 145.00, 210, 405, 1, 8
2026-09-01T19:05:02.5337334+07:00,2026/09/01 19:05:02.564, NVIDIA GeForce RTX 5060, 591.86, P8, 28, 0, 805, 8151, 8.30, 145.00, 210, 405, 1, 8
2026-09-01T19:05:07.6612603+07:00,2026/09/01 19:05:07.692, NVIDIA GeForce RTX 5060, 591.86, P8, 28, 0, 805, 8151, 8.41, 145.00, 210, 405, 1, 8
2026-09-01T19:05:12.7111151+07:00,2026/09/01 19:05:12.742, NVIDIA GeForce RTX 5060, 591.86, P8, 28, 1, 805, 8151, 9.71, 145.00, 412, 405, 1, 8
2026-09-01T19:05:17.7597831+07:00,2026/09/01 19:05:17.790, NVIDIA GeForce RTX 5060, 591.86, P8, 28, 1, 804, 8151, 9.68, 145.00, 450, 405, 1, 8
2026-09-01T19:05:22.8087058+07:00,2026/09/01 19:05:22.839, NVIDIA GeForce RTX 5060, 591.86, P8, 28, 1, 804, 8151, 9.59, 145.00, 450, 405, 1, 8
2026-09-01T19:05:27.8586510+07:00,2026/09/01 19:05:27.920, NVIDIA GeForce RTX 5060, 591.86, P8, 28, 1, 804, 8151, 9.80, 145.00, 427, 405, 1, 8
2026-09-01T19:05:32.9402400+07:00,2026/09/01 19:05:32.986, NVIDIA GeForce RTX 5060, 591.86, P8, 28, 1, 804, 8151, 9.58, 145.00, 480, 405, 1, 8
2026-09-01T19:05:38.0679435+07:00,2026/09/01 19:05:38.098, NVIDIA GeForce RTX 5060, 591.86, P8, 28, 0, 804, 8151, 8.65, 145.00, 210, 405, 1, 8
2026-09-01T19:05:43.1181361+07:00,2026/09/01 19:05:43.149, NVIDIA GeForce RTX 5060, 591.86, P8, 28, 1, 804, 8151, 9.77, 145.00, 487, 405, 1, 8
2026-09-01T19:05:48.1681717+07:00,2026/09/01 19:05:48.199, NVIDIA GeForce RTX 5060, 591.86, P8, 28, 1, 804, 8151, 9.64, 145.00, 442, 405, 1, 8
2026-09-01T19:05:53.2198350+07:00,2026/09/01 19:05:53.250, NVIDIA GeForce RTX 5060, 591.86, P8, 28, 0, 804, 8151, 9.36, 145.00, 307, 405, 1, 8
2026-09-01T19:05:58.2705290+07:00,2026/09/01 19:05:58.301, NVIDIA GeForce RTX 5060, 591.86, P8, 28, 1, 804, 8151, 9.55, 145.00, 450, 405, 1, 8
2026-09-01T19:06:03.3196021+07:00,2026/09/01 19:06:03.350, NVIDIA GeForce RTX 5060, 591.86, P8, 28, 1, 804, 8151, 9.75, 145.00, 465, 405, 1, 8
2026-09-01T19:06:08.4302600+07:00,2026/09/01 19:06:08.461, NVIDIA GeForce RTX 5060, 591.86, P8, 28, 1, 804, 8151, 9.02, 145.00, 450, 405, 1, 8
2026-09-01T19:06:13.4798601+07:00,2026/09/01 19:06:13.526, NVIDIA GeForce RTX 5060, 591.86, P8, 28, 1, 805, 8151, 9.71, 145.00, 420, 405, 1, 8
2026-09-01T19:06:18.5451394+07:00,2026/09/01 19:06:18.576, NVIDIA GeForce RTX 5060, 591.86, P8, 28, 1, 804, 8151, 9.65, 145.00, 450, 405, 1, 8
2026-09-01T19:06:23.5968053+07:00,2026/09/01 19:06:23.627, NVIDIA GeForce RTX 5060, 591.86, P8, 28, 1, 804, 8151, 9.64, 145.00, 465, 405, 1, 8
2026-09-01T19:06:28.6621026+07:00,2026/09/01 19:06:28.708, NVIDIA GeForce RTX 5060, 591.86, P8, 28, 1, 804, 8151, 9.59, 145.00, 427, 405, 1, 8
2026-09-01T19:06:33.7283521+07:00,2026/09/01 19:06:33.774, NVIDIA GeForce RTX 5060, 591.86, P8, 28, 1, 804, 8151, 9.70, 145.00, 450, 405, 1, 8
2026-09-01T19:06:38.8687704+07:00,2026/09/01 19:06:38.900, NVIDIA GeForce RTX 5060, 591.86, P8, 28, 1, 804, 8151, 9.56, 145.00, 450, 405, 1, 8
2026-09-01T19:06:43.9198416+07:00,2026/09/01 19:06:43.950, NVIDIA GeForce RTX 5060, 591.86, P8, 28, 1, 804, 8151, 9.52, 145.00, 450, 405, 1, 8
2026-09-01T19:06:48.9700491+07:00,2026/09/01 19:06:49.001, NVIDIA GeForce RTX 5060, 591.86, P8, 28, 1, 804, 8151, 8.95, 145.00, 337, 405, 1, 8
2026-09-01T19:06:54.0241754+07:00,2026/09/01 19:06:54.055, NVIDIA GeForce RTX 5060, 591.86, P8, 28, 0, 805, 8151, 8.49, 145.00, 210, 405, 1, 8
2026-09-01T19:06:59.0739183+07:00,2026/09/01 19:06:59.120, NVIDIA GeForce RTX 5060, 591.86, P8, 28, 0, 804, 8151, 8.40, 145.00, 210, 405, 1, 8
2026-09-01T19:07:04.1396385+07:00,2026/09/01 19:07:04.170, NVIDIA GeForce RTX 5060, 591.86, P8, 28, 0, 805, 8151, 8.24, 145.00, 210, 405, 1, 8
2026-09-01T19:07:09.2669032+07:00,2026/09/01 19:07:09.297, NVIDIA GeForce RTX 5060, 591.86, P8, 28, 24, 875, 8151, 9.28, 145.00, 270, 405, 1, 8
2026-09-01T19:07:14.3088091+07:00,2026/09/01 19:07:14.354, NVIDIA GeForce RTX 5060, 591.86, P8, 28, 5, 904, 8151, 8.59, 145.00, 240, 405, 1, 8
2026-09-01T19:07:19.3748843+07:00,2026/09/01 19:07:19.405, NVIDIA GeForce RTX 5060, 591.86, P8, 28, 3, 682, 8151, 9.96, 145.00, 420, 405, 1, 8
2026-09-01T19:07:24.4243844+07:00,2026/09/01 19:07:24.455, NVIDIA GeForce RTX 5060, 591.86, P8, 28, 1, 688, 8151, 9.62, 145.00, 442, 405, 1, 8
2026-09-01T19:07:29.4735240+07:00,2026/09/01 19:07:29.504, NVIDIA GeForce RTX 5060, 591.86, P8, 28, 1, 688, 8151, 9.59, 145.00, 472, 405, 1, 8
2026-09-01T19:07:34.5250880+07:00,2026/09/01 19:07:34.556, NVIDIA GeForce RTX 5060, 591.86, P8, 28, 1, 688, 8151, 9.74, 145.00, 442, 405, 1, 8
2026-09-01T19:07:39.6325455+07:00,2026/09/01 19:07:39.663, NVIDIA GeForce RTX 5060, 591.86, P8, 28, 1, 688, 8151, 10.06, 145.00, 465, 405, 1, 8
2026-09-01T19:07:44.6921785+07:00,2026/09/01 19:07:44.738, NVIDIA GeForce RTX 5060, 591.86, P8, 28, 1, 688, 8151, 9.73, 145.00, 472, 405, 1, 8
2026-09-01T19:07:49.7561042+07:00,2026/09/01 19:07:49.787, NVIDIA GeForce RTX 5060, 591.86, P8, 28, 1, 688, 8151, 10.10, 145.00, 442, 405, 1, 8
2026-09-01T19:07:54.8071716+07:00,2026/09/01 19:07:54.837, NVIDIA GeForce RTX 5060, 591.86, P8, 28, 1, 688, 8151, 10.00, 145.00, 420, 405, 1, 8
2026-09-01T19:07:59.8576942+07:00,2026/09/01 19:07:59.888, NVIDIA GeForce RTX 5060, 591.86, P8, 28, 1, 688, 8151, 9.91, 145.00, 480, 405, 1, 8
2026-09-01T19:08:04.9090980+07:00,2026/09/01 19:08:04.955, NVIDIA GeForce RTX 5060, 591.86, P8, 28, 1, 688, 8151, 9.86, 145.00, 420, 405, 1, 8
2026-09-01T19:08:10.0487829+07:00,2026/09/01 19:08:10.079, NVIDIA GeForce RTX 5060, 591.86, P8, 28, 1, 688, 8151, 9.61, 145.00, 465, 405, 1, 8
2026-09-01T19:08:15.0957436+07:00,2026/09/01 19:08:15.126, NVIDIA GeForce RTX 5060, 591.86, P8, 28, 1, 688, 8151, 9.58, 145.00, 442, 405, 1, 8
2026-09-01T19:08:20.1466415+07:00,2026/09/01 19:08:20.177, NVIDIA GeForce RTX 5060, 591.86, P8, 28, 1, 688, 8151, 9.82, 145.00, 435, 405, 1, 8
2026-09-01T19:08:25.2075527+07:00,2026/09/01 19:08:25.238, NVIDIA GeForce RTX 5060, 591.86, P8, 28, 1, 688, 8151, 9.79, 145.00, 465, 405, 1, 8
2026-09-01T19:08:30.2535527+07:00,2026/09/01 19:08:30.300, NVIDIA GeForce RTX 5060, 591.86, P8, 28, 1, 688, 8151, 9.99, 145.00, 487, 405, 1, 8
2026-09-01T19:08:35.3162876+07:00,2026/09/01 19:08:35.347, NVIDIA GeForce RTX 5060, 591.86, P8, 28, 1, 688, 8151, 10.25, 145.00, 525, 405, 1, 8
2026-09-01T19:08:40.4452593+07:00,2026/09/01 19:08:40.476, NVIDIA GeForce RTX 5060, 591.86, P8, 28, 1, 688, 8151, 9.95, 145.00, 442, 405, 1, 8
2026-09-01T19:08:45.4973854+07:00,2026/09/01 19:08:45.528, NVIDIA GeForce RTX 5060, 591.86, P8, 28, 1, 689, 8151, 10.02, 145.00, 465, 405, 1, 8
2026-09-01T19:08:50.5492292+07:00,2026/09/01 19:08:50.580, NVIDIA GeForce RTX 5060, 591.86, P8, 28, 1, 688, 8151, 9.99, 145.00, 495, 405, 1, 8
2026-09-01T19:08:55.6005901+07:00,2026/09/01 19:08:55.631, NVIDIA GeForce RTX 5060, 591.86, P8, 28, 1, 688, 8151, 9.93, 145.00, 427, 405, 1, 8
2026-09-01T19:09:00.6525055+07:00,2026/09/01 19:09:00.683, NVIDIA GeForce RTX 5060, 591.86, P8, 28, 1, 688, 8151, 10.15, 145.00, 465, 405, 1, 8
2026-09-01T19:09:05.7040601+07:00,2026/09/01 19:09:05.734, NVIDIA GeForce RTX 5060, 591.86, P8, 28, 1, 690, 8151, 10.35, 145.00, 517, 405, 1, 8
2026-09-01T19:09:10.8175929+07:00,2026/09/01 19:09:10.848, NVIDIA GeForce RTX 5060, 591.86, P8, 28, 1, 688, 8151, 10.01, 145.00, 450, 405, 1, 8
2026-09-01T19:09:15.8676402+07:00,2026/09/01 19:09:15.898, NVIDIA GeForce RTX 5060, 591.86, P8, 28, 1, 688, 8151, 10.08, 145.00, 465, 405, 1, 8
2026-09-01T19:09:20.9176187+07:00,2026/09/01 19:09:20.948, NVIDIA GeForce RTX 5060, 591.86, P8, 28, 1, 688, 8151, 10.15, 145.00, 450, 405, 1, 8
2026-09-01T19:09:25.9695310+07:00,2026/09/01 19:09:26.000, NVIDIA GeForce RTX 5060, 591.86, P8, 28, 1, 688, 8151, 10.05, 145.00, 450, 405, 1, 8
2026-09-01T19:09:31.0203855+07:00,2026/09/01 19:09:31.051, NVIDIA GeForce RTX 5060, 591.86, P8, 28, 1, 688, 8151, 9.98, 145.00, 442, 405, 1, 8
2026-09-01T19:09:36.0717514+07:00,2026/09/01 19:09:36.102, NVIDIA GeForce RTX 5060, 591.86, P8, 28, 1, 688, 8151, 10.15, 145.00, 502, 405, 1, 8
2026-09-01T19:09:41.2027523+07:00,2026/09/01 19:09:41.233, NVIDIA GeForce RTX 5060, 591.86, P8, 28, 1, 688, 8151, 10.18, 145.00, 480, 405, 1, 8
2026-09-01T19:09:46.2544736+07:00,2026/09/01 19:09:46.284, NVIDIA GeForce RTX 5060, 591.86, P8, 28, 3, 688, 8151, 9.94, 145.00, 457, 405, 1, 8
2026-09-01T19:09:51.3046753+07:00,2026/09/01 19:09:51.335, NVIDIA GeForce RTX 5060, 591.86, P8, 28, 1, 688, 8151, 9.96, 145.00, 517, 405, 1, 8
2026-09-01T19:09:56.3633511+07:00,2026/09/01 19:09:56.402, NVIDIA GeForce RTX 5060, 591.86, P8, 28, 1, 688, 8151, 10.04, 145.00, 465, 405, 1, 8
2026-09-01T19:10:01.4237982+07:00,2026/09/01 19:10:01.454, NVIDIA GeForce RTX 5060, 591.86, P8, 28, 1, 688, 8151, 10.27, 145.00, 532, 405, 1, 8
2026-09-01T19:10:06.4757651+07:00,2026/09/01 19:10:06.506, NVIDIA GeForce RTX 5060, 591.86, P8, 28, 1, 688, 8151, 10.08, 145.00, 427, 405, 1, 8
2026-09-01T19:10:11.6191203+07:00,2026/09/01 19:10:11.650, NVIDIA GeForce RTX 5060, 591.86, P8, 28, 1, 688, 8151, 9.97, 145.00, 487, 405, 1, 8
2026-09-01T19:10:16.6696047+07:00,2026/09/01 19:10:16.700, NVIDIA GeForce RTX 5060, 591.86, P8, 28, 1, 688, 8151, 9.80, 145.00, 442, 405, 1, 8
2026-09-01T19:10:21.7192533+07:00,2026/09/01 19:10:21.750, NVIDIA GeForce RTX 5060, 591.86, P8, 28, 1, 688, 8151, 9.85, 145.00, 487, 405, 1, 8
2026-09-01T19:10:26.7705197+07:00,2026/09/01 19:10:26.801, NVIDIA GeForce RTX 5060, 591.86, P8, 28, 1, 688, 8151, 9.76, 145.00, 487, 405, 1, 8
2026-09-01T19:10:31.8191259+07:00,2026/09/01 19:10:31.850, NVIDIA GeForce RTX 5060, 591.86, P8, 28, 1, 688, 8151, 9.80, 145.00, 480, 405, 1, 8
2026-09-01T19:10:36.8691714+07:00,2026/09/01 19:10:36.900, NVIDIA GeForce RTX 5060, 591.86, P8, 28, 3, 688, 8151, 9.83, 145.00, 450, 405, 1, 8
2026-09-01T19:10:41.9836198+07:00,2026/09/01 19:10:42.013, NVIDIA GeForce RTX 5060, 591.86, P8, 28, 1, 688, 8151, 9.97, 145.00, 480, 405, 1, 8
2026-09-01T19:10:47.0330322+07:00,2026/09/01 19:10:47.064, NVIDIA GeForce RTX 5060, 591.86, P8, 28, 1, 688, 8151, 9.98, 145.00, 450, 405, 1, 8
2026-09-01T19:10:52.0837289+07:00,2026/09/01 19:10:52.130, NVIDIA GeForce RTX 5060, 591.86, P8, 28, 1, 688, 8151, 9.98, 145.00, 457, 405, 1, 8
2026-09-01T19:10:57.1505942+07:00,2026/09/01 19:10:57.181, NVIDIA GeForce RTX 5060, 591.86, P8, 28, 2, 694, 8151, 10.47, 145.00, 555, 405, 1, 8
2026-09-01T19:11:02.2005053+07:00,2026/09/01 19:11:02.231, NVIDIA GeForce RTX 5060, 591.86, P8, 28, 3, 695, 8151, 9.92, 145.00, 502, 405, 1, 8
2026-09-01T19:11:07.2509010+07:00,2026/09/01 19:11:07.281, NVIDIA GeForce RTX 5060, 591.86, P8, 28, 1, 689, 8151, 9.94, 145.00, 427, 405, 1, 8
2026-09-01T19:11:12.3646934+07:00,2026/09/01 19:11:12.395, NVIDIA GeForce RTX 5060, 591.86, P8, 28, 1, 689, 8151, 10.00, 145.00, 442, 405, 1, 8
2026-09-01T19:11:17.4154968+07:00,2026/09/01 19:11:17.446, NVIDIA GeForce RTX 5060, 591.86, P8, 28, 1, 689, 8151, 9.85, 145.00, 427, 405, 1, 8
2026-09-01T19:11:22.4670702+07:00,2026/09/01 19:11:22.513, NVIDIA GeForce RTX 5060, 591.86, P8, 28, 1, 689, 8151, 9.86, 145.00, 457, 405, 1, 8
2026-09-01T19:11:27.5349998+07:00,2026/09/01 19:11:27.566, NVIDIA GeForce RTX 5060, 591.86, P8, 28, 1, 689, 8151, 9.81, 145.00, 532, 405, 1, 8
2026-09-01T19:11:32.5870699+07:00,2026/09/01 19:11:32.633, NVIDIA GeForce RTX 5060, 591.86, P8, 28, 1, 689, 8151, 9.72, 145.00, 487, 405, 1, 8
2026-09-01T19:11:37.6530450+07:00,2026/09/01 19:11:37.684, NVIDIA GeForce RTX 5060, 591.86, P8, 28, 2, 689, 8151, 10.00, 145.00, 487, 405, 1, 8
2026-09-01T19:11:42.8445101+07:00,2026/09/01 19:11:42.875, NVIDIA GeForce RTX 5060, 591.86, P8, 28, 4, 689, 8151, 10.06, 145.00, 472, 405, 1, 8
2026-09-01T19:11:47.8970043+07:00,2026/09/01 19:11:47.928, NVIDIA GeForce RTX 5060, 591.86, P8, 28, 1, 689, 8151, 9.83, 145.00, 472, 405, 1, 8
2026-09-01T19:11:52.9479003+07:00,2026/09/01 19:11:52.978, NVIDIA GeForce RTX 5060, 591.86, P8, 28, 4, 691, 8151, 10.09, 145.00, 547, 405, 1, 8
2026-09-01T19:11:57.9994122+07:00,2026/09/01 19:11:58.030, NVIDIA GeForce RTX 5060, 591.86, P8, 28, 1, 689, 8151, 9.98, 145.00, 510, 405, 1, 8
2026-09-01T19:12:03.0510583+07:00,2026/09/01 19:12:03.081, NVIDIA GeForce RTX 5060, 591.86, P8, 28, 1, 689, 8151, 10.03, 145.00, 480, 405, 1, 8
2026-09-01T19:12:08.1021577+07:00,2026/09/01 19:12:08.133, NVIDIA GeForce RTX 5060, 591.86, P8, 28, 1, 689, 8151, 9.77, 145.00, 465, 405, 1, 8
2026-09-01T19:12:13.2460490+07:00,2026/09/01 19:12:13.277, NVIDIA GeForce RTX 5060, 591.86, P8, 28, 5, 689, 8151, 9.98, 145.00, 465, 405, 1, 8
2026-09-01T19:12:18.2958061+07:00,2026/09/01 19:12:18.326, NVIDIA GeForce RTX 5060, 591.86, P8, 28, 1, 689, 8151, 9.77, 145.00, 487, 405, 1, 8
2026-09-01T19:12:23.3464867+07:00,2026/09/01 19:12:23.377, NVIDIA GeForce RTX 5060, 591.86, P8, 28, 1, 689, 8151, 9.94, 145.00, 517, 405, 1, 8
2026-09-01T19:12:28.3974468+07:00,2026/09/01 19:12:28.428, NVIDIA GeForce RTX 5060, 591.86, P8, 28, 1, 689, 8151, 9.89, 145.00, 435, 405, 1, 8
2026-09-01T19:12:33.4487041+07:00,2026/09/01 19:12:33.479, NVIDIA GeForce RTX 5060, 591.86, P8, 28, 1, 689, 8151, 9.92, 145.00, 450, 405, 1, 8
2026-09-01T19:12:38.4990674+07:00,2026/09/01 19:12:38.530, NVIDIA GeForce RTX 5060, 591.86, P8, 28, 1, 689, 8151, 9.81, 145.00, 480, 405, 1, 8
2026-09-01T19:12:43.6264277+07:00,2026/09/01 19:12:43.657, NVIDIA GeForce RTX 5060, 591.86, P8, 28, 3, 689, 8151, 9.70, 145.00, 435, 405, 1, 8
2026-09-01T19:12:48.6750062+07:00,2026/09/01 19:12:48.721, NVIDIA GeForce RTX 5060, 591.86, P8, 28, 1, 689, 8151, 9.64, 145.00, 442, 405, 1, 8
2026-09-01T19:12:53.7419933+07:00,2026/09/01 19:12:53.772, NVIDIA GeForce RTX 5060, 591.86, P8, 28, 1, 689, 8151, 9.73, 145.00, 465, 405, 1, 8
2026-09-01T19:12:58.7907271+07:00,2026/09/01 19:12:58.821, NVIDIA GeForce RTX 5060, 591.86, P8, 28, 1, 693, 8151, 11.12, 145.00, 615, 405, 1, 8
2026-09-01T19:13:03.8414466+07:00,2026/09/01 19:13:03.872, NVIDIA GeForce RTX 5060, 591.86, P8, 28, 1, 701, 8151, 10.77, 145.00, 660, 405, 1, 8
2026-09-01T19:13:08.8911351+07:00,2026/09/01 19:13:08.922, NVIDIA GeForce RTX 5060, 591.86, P8, 28, 0, 723, 8151, 8.44, 145.00, 217, 405, 1, 8
2026-09-01T19:13:14.0033973+07:00,2026/09/01 19:13:14.033, NVIDIA GeForce RTX 5060, 591.86, P8, 28, 1, 706, 8151, 9.83, 145.00, 457, 405, 1, 8
2026-09-01T19:13:19.0555646+07:00,2026/09/01 19:13:19.225, NVIDIA GeForce RTX 5060, 591.86, P0, 29, 1, 747, 8151, 23.98, 145.00, 2580, 14201, 4, 8
2026-09-01T19:13:24.3865128+07:00,2026/09/01 19:13:24.417, NVIDIA GeForce RTX 5060, 591.86, P8, 28, 0, 745, 8151, 10.09, 145.00, 345, 405, 1, 8
2026-09-01T19:13:29.5761477+07:00,2026/09/01 19:13:29.607, NVIDIA GeForce RTX 5060, 591.86, P0, 30, 0, 806, 8151, 22.31, 145.00, 2542, 14201, 4, 8
2026-09-01T19:13:34.6424046+07:00,2026/09/01 19:13:34.827, NVIDIA GeForce RTX 5060, 591.86, P0, 30, 0, 906, 8151, 22.28, 145.00, 2520, 14201, 2, 8
2026-09-01T19:13:39.8480238+07:00,2026/09/01 19:13:39.877, NVIDIA GeForce RTX 5060, 591.86, P0, 29, 0, 981, 8151, 15.52, 145.00, 862, 14201, 4, 8
2026-09-01T19:13:44.9892227+07:00,2026/09/01 19:13:45.035, NVIDIA GeForce RTX 5060, 591.86, P0, 30, 0, 996, 8151, 16.75, 145.00, 2520, 14201, 4, 8
2026-09-01T19:13:50.0542260+07:00,2026/09/01 19:13:50.084, NVIDIA GeForce RTX 5060, 591.86, P8, 29, 1, 889, 8151, 9.81, 145.00, 412, 405, 1, 8
2026-09-01T19:13:55.1026779+07:00,2026/09/01 19:13:55.133, NVIDIA GeForce RTX 5060, 591.86, P5, 29, 1, 917, 8151, 10.66, 145.00, 900, 810, 2, 8
2026-09-01T19:14:00.1536668+07:00,2026/09/01 19:14:00.231, NVIDIA GeForce RTX 5060, 591.86, P5, 29, 1, 953, 8151, 10.66, 145.00, 330, 810, 4, 8
2026-09-01T19:14:05.4217178+07:00,2026/09/01 19:14:05.452, NVIDIA GeForce RTX 5060, 591.86, P5, 29, 0, 977, 8151, 12.83, 145.00, 840, 810, 2, 8
2026-09-01T19:14:10.7176582+07:00,2026/09/01 19:14:10.861, NVIDIA GeForce RTX 5060, 591.86, P8, 30, 29, 1084, 8151, 10.18, 145.00, 405, 810, 2, 8
2026-09-01T19:14:16.2085462+07:00,2026/09/01 19:14:16.239, NVIDIA GeForce RTX 5060, 591.86, P0, 30, 2, 1206, 8151, 24.93, 145.00, 2625, 14201, 4, 8
2026-09-01T19:14:21.2615945+07:00,2026/09/01 19:14:21.323, NVIDIA GeForce RTX 5060, 591.86, P0, 30, 1, 1236, 8151, 22.71, 145.00, 2550, 14201, 4, 8
2026-09-01T19:14:26.3759821+07:00,2026/09/01 19:14:26.406, NVIDIA GeForce RTX 5060, 591.86, P8, 29, 0, 1236, 8151, 9.34, 145.00, 382, 405, 1, 8
2026-09-01T19:14:31.4265891+07:00,2026/09/01 19:14:31.457, NVIDIA GeForce RTX 5060, 591.86, P8, 29, 1, 1238, 8151, 9.31, 145.00, 375, 405, 1, 8
2026-09-01T19:14:36.4751050+07:00,2026/09/01 19:14:36.506, NVIDIA GeForce RTX 5060, 591.86, P8, 29, 0, 1238, 8151, 9.29, 145.00, 360, 405, 1, 8
2026-09-01T19:14:41.5257485+07:00,2026/09/01 19:14:41.571, NVIDIA GeForce RTX 5060, 591.86, P8, 29, 1, 1238, 8151, 9.15, 145.00, 375, 405, 1, 8
2026-09-01T19:14:46.6518714+07:00,2026/09/01 19:14:46.682, NVIDIA GeForce RTX 5060, 591.86, P8, 29, 2, 1238, 8151, 9.47, 145.00, 375, 405, 1, 8
2026-09-01T19:14:51.7012434+07:00,2026/09/01 19:14:51.731, NVIDIA GeForce RTX 5060, 591.86, P0, 30, 0, 1245, 8151, 23.11, 145.00, 2572, 14201, 4, 8
2026-09-01T19:14:56.7522809+07:00,2026/09/01 19:14:56.783, NVIDIA GeForce RTX 5060, 591.86, P5, 29, 1, 1262, 8151, 11.76, 145.00, 442, 810, 2, 8
2026-09-01T19:15:01.8016759+07:00,2026/09/01 19:15:01.832, NVIDIA GeForce RTX 5060, 591.86, P8, 29, 0, 1228, 8151, 9.14, 145.00, 345, 405, 1, 8
2026-09-01T19:15:06.8515355+07:00,2026/09/01 19:15:06.882, NVIDIA GeForce RTX 5060, 591.86, P8, 29, 3, 1228, 8151, 9.51, 145.00, 375, 405, 1, 8
2026-09-01T19:15:11.9000242+07:00,2026/09/01 19:15:11.946, NVIDIA GeForce RTX 5060, 591.86, P8, 29, 6, 1242, 8151, 9.89, 145.00, 442, 405, 1, 8
2026-09-01T19:15:17.0259853+07:00,2026/09/01 19:15:17.056, NVIDIA GeForce RTX 5060, 591.86, P8, 29, 1, 1230, 8151, 9.27, 145.00, 390, 405, 1, 8
2026-09-01T19:15:22.0743886+07:00,2026/09/01 19:15:22.105, NVIDIA GeForce RTX 5060, 591.86, P8, 28, 1, 1229, 8151, 9.33, 145.00, 375, 405, 1, 8
2026-09-01T19:15:27.1231623+07:00,2026/09/01 19:15:27.154, NVIDIA GeForce RTX 5060, 591.86, P8, 28, 1, 1229, 8151, 9.38, 145.00, 405, 405, 1, 8
2026-09-01T19:15:32.1709529+07:00,2026/09/01 19:15:32.201, NVIDIA GeForce RTX 5060, 591.86, P8, 28, 2, 1229, 8151, 9.15, 145.00, 375, 405, 1, 8
2026-09-01T19:15:37.2209882+07:00,2026/09/01 19:15:37.251, NVIDIA GeForce RTX 5060, 591.86, P8, 28, 2, 1232, 8151, 9.18, 145.00, 397, 405, 1, 8
2026-09-01T19:15:42.2705530+07:00,2026/09/01 19:15:42.301, NVIDIA GeForce RTX 5060, 591.86, P8, 28, 1, 1232, 8151, 9.19, 145.00, 375, 405, 1, 8
2026-09-01T19:15:47.4610726+07:00,2026/09/01 19:15:47.491, NVIDIA GeForce RTX 5060, 591.86, P8, 28, 1, 1233, 8151, 9.25, 145.00, 390, 405, 1, 8
2026-09-01T19:15:52.5247368+07:00,2026/09/01 19:15:52.555, NVIDIA GeForce RTX 5060, 591.86, P8, 28, 1, 1232, 8151, 9.27, 145.00, 382, 405, 1, 8
2026-09-01T19:15:57.5756782+07:00,2026/09/01 19:15:57.606, NVIDIA GeForce RTX 5060, 591.86, P8, 28, 0, 1243, 8151, 9.11, 145.00, 397, 405, 1, 8
2026-09-01T19:16:02.6233972+07:00,2026/09/01 19:16:02.654, NVIDIA GeForce RTX 5060, 591.86, P8, 28, 1, 1233, 8151, 9.20, 145.00, 360, 405, 1, 8
2026-09-01T19:16:07.6723483+07:00,2026/09/01 19:16:07.718, NVIDIA GeForce RTX 5060, 591.86, P8, 28, 0, 1233, 8151, 9.00, 145.00, 345, 405, 1, 8
2026-09-01T19:16:12.7358460+07:00,2026/09/01 19:16:12.766, NVIDIA GeForce RTX 5060, 591.86, P8, 28, 1, 1233, 8151, 9.22, 145.00, 360, 405, 1, 8
2026-09-01T19:16:17.8489307+07:00,2026/09/01 19:16:17.879, NVIDIA GeForce RTX 5060, 591.86, P0, 29, 0, 1233, 8151, 16.67, 145.00, 2535, 14201, 4, 8
2026-09-01T19:16:22.9293941+07:00,2026/09/01 19:16:22.960, NVIDIA GeForce RTX 5060, 591.86, P5, 28, 1, 1236, 8151, 11.29, 145.00, 360, 810, 1, 8
2026-09-01T19:16:27.9772953+07:00,2026/09/01 19:16:28.008, NVIDIA GeForce RTX 5060, 591.86, P8, 28, 0, 1233, 8151, 9.06, 145.00, 352, 405, 1, 8
2026-09-01T19:16:33.0270662+07:00,2026/09/01 19:16:33.058, NVIDIA GeForce RTX 5060, 591.86, P0, 30, 0, 1249, 8151, 22.65, 145.00, 2557, 14201, 4, 8
2026-09-01T19:16:38.0903433+07:00,2026/09/01 19:16:38.121, NVIDIA GeForce RTX 5060, 591.86, P8, 28, 0, 1250, 8151, 10.97, 145.00, 210, 405, 1, 8
2026-09-01T19:16:43.1394307+07:00,2026/09/01 19:16:43.170, NVIDIA GeForce RTX 5060, 591.86, P8, 28, 0, 1232, 8151, 8.49, 145.00, 210, 405, 1, 8
2026-09-01T19:16:48.2653576+07:00,2026/09/01 19:16:48.295, NVIDIA GeForce RTX 5060, 591.86, P8, 28, 0, 1234, 8151, 8.55, 145.00, 255, 405, 1, 8
2026-09-01T19:16:53.3129910+07:00,2026/09/01 19:16:53.359, NVIDIA GeForce RTX 5060, 591.86, P8, 28, 1, 1223, 8151, 9.94, 145.00, 502, 405, 1, 8
2026-09-01T19:16:58.3767937+07:00,2026/09/01 19:16:58.407, NVIDIA GeForce RTX 5060, 591.86, P8, 28, 1, 1223, 8151, 9.76, 145.00, 502, 405, 1, 8
2026-09-01T19:17:03.4264089+07:00,2026/09/01 19:17:03.457, NVIDIA GeForce RTX 5060, 591.86, P8, 28, 2, 1223, 8151, 10.02, 145.00, 525, 405, 1, 8
2026-09-01T19:17:08.4749542+07:00,2026/09/01 19:17:08.505, NVIDIA GeForce RTX 5060, 591.86, P8, 28, 1, 1223, 8151, 9.69, 145.00, 435, 405, 1, 8
2026-09-01T19:17:13.5247509+07:00,2026/09/01 19:17:13.555, NVIDIA GeForce RTX 5060, 591.86, P8, 28, 1, 1223, 8151, 9.72, 145.00, 442, 405, 1, 8
2026-09-01T19:17:18.6362972+07:00,2026/09/01 19:17:18.667, NVIDIA GeForce RTX 5060, 591.86, P8, 28, 1, 1223, 8151, 9.74, 145.00, 442, 405, 1, 8
2026-09-01T19:17:23.6857130+07:00,2026/09/01 19:17:23.716, NVIDIA GeForce RTX 5060, 591.86, P8, 28, 1, 1223, 8151, 9.90, 145.00, 465, 405, 1, 8
2026-09-01T19:17:28.7397473+07:00,2026/09/01 19:17:28.783, NVIDIA GeForce RTX 5060, 591.86, P8, 28, 1, 1225, 8151, 10.03, 145.00, 495, 405, 1, 8
2026-09-01T19:17:33.8020660+07:00,2026/09/01 19:17:33.832, NVIDIA GeForce RTX 5060, 591.86, P8, 28, 1, 1243, 8151, 10.39, 145.00, 495, 405, 1, 8
2026-09-01T19:17:38.8501281+07:00,2026/09/01 19:17:38.880, NVIDIA GeForce RTX 5060, 591.86, P8, 28, 2, 1229, 8151, 9.84, 145.00, 465, 405, 1, 8
2026-09-01T19:17:43.9019043+07:00,2026/09/01 19:17:43.932, NVIDIA GeForce RTX 5060, 591.86, P8, 28, 1, 1228, 8151, 9.84, 145.00, 487, 405, 1, 8
2026-09-01T19:17:49.0445876+07:00,2026/09/01 19:17:49.136, NVIDIA GeForce RTX 5060, 591.86, P8, 28, 3, 1241, 8151, 10.39, 145.00, 562, 405, 1, 8
2026-09-01T19:17:54.1720169+07:00,2026/09/01 19:17:54.202, NVIDIA GeForce RTX 5060, 591.86, P5, 28, 1, 1334, 8151, 11.26, 145.00, 382, 810, 2, 8
2026-09-01T19:17:59.2214320+07:00,2026/09/01 19:17:59.252, NVIDIA GeForce RTX 5060, 591.86, P8, 28, 1, 1238, 8151, 9.39, 145.00, 375, 405, 1, 8
2026-09-01T19:18:04.2707712+07:00,2026/09/01 19:18:04.301, NVIDIA GeForce RTX 5060, 591.86, P8, 28, 3, 1238, 8151, 8.96, 145.00, 360, 405, 1, 8
2026-09-01T19:18:09.3196807+07:00,2026/09/01 19:18:09.350, NVIDIA GeForce RTX 5060, 591.86, P8, 28, 0, 1238, 8151, 9.07, 145.00, 360, 405, 1, 8
2026-09-01T19:18:14.3714441+07:00,2026/09/01 19:18:14.402, NVIDIA GeForce RTX 5060, 591.86, P8, 28, 0, 1229, 8151, 9.32, 145.00, 345, 405, 1, 8
2026-09-01T19:18:19.4837796+07:00,2026/09/01 19:18:19.514, NVIDIA GeForce RTX 5060, 591.86, P3, 29, 2, 1337, 8151, 18.82, 145.00, 825, 7001, 4, 8
2026-09-01T19:18:24.5334591+07:00,2026/09/01 19:18:24.564, NVIDIA GeForce RTX 5060, 591.86, P8, 28, 0, 1238, 8151, 9.01, 145.00, 345, 405, 1, 8
2026-09-01T19:18:29.5814002+07:00,2026/09/01 19:18:29.611, NVIDIA GeForce RTX 5060, 591.86, P8, 28, 0, 1238, 8151, 9.11, 145.00, 360, 405, 1, 8
2026-09-01T19:18:34.6297593+07:00,2026/09/01 19:18:34.660, NVIDIA GeForce RTX 5060, 591.86, P8, 28, 1, 1238, 8151, 8.98, 145.00, 360, 405, 1, 8
2026-09-01T19:18:39.6802454+07:00,2026/09/01 19:18:39.710, NVIDIA GeForce RTX 5060, 591.86, P8, 28, 1, 1238, 8151, 9.16, 145.00, 352, 405, 1, 8
2026-09-01T19:18:44.7313243+07:00,2026/09/01 19:18:44.777, NVIDIA GeForce RTX 5060, 591.86, P8, 28, 0, 1238, 8151, 9.11, 145.00, 397, 405, 1, 8
2026-09-01T19:18:49.8563651+07:00,2026/09/01 19:18:49.902, NVIDIA GeForce RTX 5060, 591.86, P8, 28, 1, 1239, 8151, 9.13, 145.00, 360, 405, 1, 8
2026-09-01T19:18:54.9209998+07:00,2026/09/01 19:18:54.951, NVIDIA GeForce RTX 5060, 591.86, P8, 28, 1, 1239, 8151, 9.14, 145.00, 375, 405, 1, 8
2026-09-01T19:18:59.9715802+07:00,2026/09/01 19:19:00.002, NVIDIA GeForce RTX 5060, 591.86, P0, 30, 2, 1390, 8151, 23.22, 145.00, 2565, 14201, 4, 8
2026-09-01T19:19:05.0216073+07:00,2026/09/01 19:19:05.067, NVIDIA GeForce RTX 5060, 591.86, P8, 28, 1, 1239, 8151, 9.17, 145.00, 397, 405, 1, 8
2026-09-01T19:19:10.1005688+07:00,2026/09/01 19:19:10.131, NVIDIA GeForce RTX 5060, 591.86, P8, 28, 3, 1239, 8151, 9.15, 145.00, 405, 405, 1, 8
2026-09-01T19:19:15.1495994+07:00,2026/09/01 19:19:15.180, NVIDIA GeForce RTX 5060, 591.86, P8, 28, 1, 1239, 8151, 9.19, 145.00, 375, 405, 1, 8
2026-09-01T19:19:20.2609018+07:00,2026/09/01 19:19:20.291, NVIDIA GeForce RTX 5060, 591.86, P8, 28, 1, 1239, 8151, 9.03, 145.00, 345, 405, 1, 8
2026-09-01T19:19:25.3063647+07:00,2026/09/01 19:19:25.337, NVIDIA GeForce RTX 5060, 591.86, P8, 28, 0, 1239, 8151, 9.07, 145.00, 345, 405, 1, 8
2026-09-01T19:19:30.3572728+07:00,2026/09/01 19:19:30.387, NVIDIA GeForce RTX 5060, 591.86, P8, 28, 1, 1239, 8151, 9.06, 145.00, 360, 405, 1, 8
2026-09-01T19:19:35.4080646+07:00,2026/09/01 19:19:35.438, NVIDIA GeForce RTX 5060, 591.86, P8, 28, 1, 1254, 8151, 8.96, 145.00, 345, 405, 1, 8
2026-09-01T19:19:40.4506839+07:00,2026/09/01 19:19:40.481, NVIDIA GeForce RTX 5060, 591.86, P8, 28, 1, 1238, 8151, 9.26, 145.00, 345, 405, 1, 8
2026-09-01T19:19:45.4999653+07:00,2026/09/01 19:19:45.531, NVIDIA GeForce RTX 5060, 591.86, P8, 28, 0, 1229, 8151, 9.01, 145.00, 345, 405, 1, 8
2026-09-01T19:19:50.6109472+07:00,2026/09/01 19:19:50.641, NVIDIA GeForce RTX 5060, 591.86, P8, 28, 3, 1247, 8151, 9.25, 145.00, 427, 405, 1, 8
2026-09-01T19:19:55.6606313+07:00,2026/09/01 19:19:55.691, NVIDIA GeForce RTX 5060, 591.86, P8, 28, 1, 1234, 8151, 8.98, 145.00, 352, 405, 1, 8
2026-09-01T19:20:00.7173889+07:00,2026/09/01 19:20:00.746, NVIDIA GeForce RTX 5060, 591.86, P8, 28, 1, 1228, 8151, 9.13, 145.00, 367, 405, 1, 8
2026-09-01T19:20:05.7650127+07:00,2026/09/01 19:20:05.811, NVIDIA GeForce RTX 5060, 591.86, P8, 28, 1, 1228, 8151, 9.23, 145.00, 367, 405, 1, 8
2026-09-01T19:20:10.8333588+07:00,2026/09/01 19:20:10.864, NVIDIA GeForce RTX 5060, 591.86, P8, 28, 0, 1228, 8151, 9.12, 145.00, 345, 405, 1, 8
2026-09-01T19:20:15.8857615+07:00,2026/09/01 19:20:15.915, NVIDIA GeForce RTX 5060, 591.86, P8, 28, 1, 1228, 8151, 9.21, 145.00, 352, 405, 1, 8
2026-09-01T19:20:20.9921374+07:00,2026/09/01 19:20:21.023, NVIDIA GeForce RTX 5060, 591.86, P8, 28, 0, 1228, 8151, 9.06, 145.00, 375, 405, 1, 8
2026-09-01T19:20:26.0405214+07:00,2026/09/01 19:20:26.071, NVIDIA GeForce RTX 5060, 591.86, P8, 28, 0, 1225, 8151, 9.08, 145.00, 345, 405, 1, 8
2026-09-01T19:20:31.0881548+07:00,2026/09/01 19:20:31.119, NVIDIA GeForce RTX 5060, 591.86, P8, 28, 0, 1225, 8151, 9.23, 145.00, 360, 405, 1, 8
2026-09-01T19:20:36.1385869+07:00,2026/09/01 19:20:36.168, NVIDIA GeForce RTX 5060, 591.86, P8, 28, 0, 1225, 8151, 9.01, 145.00, 345, 405, 1, 8
2026-09-01T19:20:41.1838424+07:00,2026/09/01 19:20:41.229, NVIDIA GeForce RTX 5060, 591.86, P8, 28, 1, 1226, 8151, 9.69, 145.00, 382, 405, 1, 8
2026-09-01T19:20:46.2444952+07:00,2026/09/01 19:20:46.275, NVIDIA GeForce RTX 5060, 591.86, P8, 28, 0, 1226, 8151, 9.12, 145.00, 397, 405, 1, 8
2026-09-01T19:20:51.3690152+07:00,2026/09/01 19:20:51.415, NVIDIA GeForce RTX 5060, 591.86, P8, 28, 1, 1226, 8151, 9.19, 145.00, 375, 405, 1, 8
2026-09-01T19:20:56.4254386+07:00,2026/09/01 19:20:56.455, NVIDIA GeForce RTX 5060, 591.86, P8, 28, 1, 1226, 8151, 9.34, 145.00, 337, 405, 1, 8
2026-09-01T19:21:01.4796530+07:00,2026/09/01 19:21:01.510, NVIDIA GeForce RTX 5060, 591.86, P8, 28, 0, 1226, 8151, 9.36, 145.00, 337, 405, 1, 8
2026-09-01T19:21:06.5256817+07:00,2026/09/01 19:21:06.556, NVIDIA GeForce RTX 5060, 591.86, P8, 28, 0, 1226, 8151, 9.24, 145.00, 360, 405, 1, 8
2026-09-01T19:21:11.5780619+07:00,2026/09/01 19:21:11.609, NVIDIA GeForce RTX 5060, 591.86, P8, 28, 0, 1236, 8151, 9.15, 145.00, 345, 405, 1, 8
2026-09-01T19:21:16.6298401+07:00,2026/09/01 19:21:16.660, NVIDIA GeForce RTX 5060, 591.86, P0, 30, 2, 1264, 8151, 23.24, 145.00, 2565, 14201, 4, 8
2026-09-01T19:21:21.7401427+07:00,2026/09/01 19:21:21.771, NVIDIA GeForce RTX 5060, 591.86, P0, 30, 0, 1302, 8151, 21.13, 145.00, 2542, 14201, 4, 8
2026-09-01T19:21:26.7850400+07:00,2026/09/01 19:21:26.816, NVIDIA GeForce RTX 5060, 591.86, P5, 29, 1, 1301, 8151, 11.86, 145.00, 405, 810, 2, 8
2026-09-01T19:21:31.8359670+07:00,2026/09/01 19:21:31.897, NVIDIA GeForce RTX 5060, 591.86, P8, 28, 0, 1303, 8151, 9.31, 145.00, 345, 405, 2, 8
2026-09-01T19:21:36.9168860+07:00,2026/09/01 19:21:36.947, NVIDIA GeForce RTX 5060, 591.86, P8, 28, 1, 1223, 8151, 10.14, 145.00, 570, 405, 1, 8
2026-09-01T19:21:42.0420340+07:00,2026/09/01 19:21:42.073, NVIDIA GeForce RTX 5060, 591.86, P8, 28, 2, 1242, 8151, 10.23, 145.00, 555, 405, 1, 8
2026-09-01T19:21:47.0945678+07:00,2026/09/01 19:21:47.156, NVIDIA GeForce RTX 5060, 591.86, P8, 28, 1, 1230, 8151, 10.22, 145.00, 540, 405, 1, 8
2026-09-01T19:21:52.3812126+07:00,2026/09/01 19:21:52.412, NVIDIA GeForce RTX 5060, 591.86, P8, 28, 1, 1223, 8151, 10.17, 145.00, 555, 405, 1, 8
2026-09-01T19:21:57.4818533+07:00,2026/09/01 19:21:57.511, NVIDIA GeForce RTX 5060, 591.86, P8, 28, 1, 1211, 8151, 10.28, 145.00, 540, 405, 1, 8
2026-09-01T19:22:02.6106888+07:00,2026/09/01 19:22:02.641, NVIDIA GeForce RTX 5060, 591.86, P8, 28, 3, 1197, 8151, 10.83, 145.00, 570, 405, 1, 8
2026-09-01T19:22:07.7444135+07:00,2026/09/01 19:22:07.775, NVIDIA GeForce RTX 5060, 591.86, P8, 28, 1, 1195, 8151, 10.44, 145.00, 562, 405, 1, 8
2026-09-01T19:22:12.8593310+07:00,2026/09/01 19:22:12.936, NVIDIA GeForce RTX 5060, 591.86, P8, 28, 1, 1195, 8151, 10.45, 145.00, 510, 405, 1, 8
2026-09-01T19:22:17.9869505+07:00,2026/09/01 19:22:18.017, NVIDIA GeForce RTX 5060, 591.86, P8, 28, 1, 1205, 8151, 10.38, 145.00, 547, 405, 1, 8
2026-09-01T19:22:23.1818389+07:00,2026/09/01 19:22:23.257, NVIDIA GeForce RTX 5060, 591.86, P8, 28, 1, 1200, 8151, 10.86, 145.00, 555, 405, 1, 8
2026-09-01T19:22:28.7420278+07:00,2026/09/01 19:22:28.773, NVIDIA GeForce RTX 5060, 591.86, P8, 28, 1, 1195, 8151, 10.61, 145.00, 577, 405, 1, 8
2026-09-01T19:22:33.8325081+07:00,2026/09/01 19:22:33.894, NVIDIA GeForce RTX 5060, 591.86, P8, 28, 1, 1195, 8151, 10.39, 145.00, 532, 405, 1, 8
2026-09-01T19:22:38.9871916+07:00,2026/09/01 19:22:39.019, NVIDIA GeForce RTX 5060, 591.86, P8, 28, 3, 1195, 8151, 11.38, 145.00, 615, 405, 1, 8
2026-09-01T19:22:44.1327096+07:00,2026/09/01 19:22:44.163, NVIDIA GeForce RTX 5060, 591.86, P8, 28, 3, 1272, 8151, 10.96, 145.00, 547, 405, 1, 8
2026-09-01T19:22:49.2146258+07:00,2026/09/01 19:22:49.245, NVIDIA GeForce RTX 5060, 591.86, P8, 28, 2, 1273, 8151, 10.75, 145.00, 562, 405, 1, 8
2026-09-01T19:22:54.4818050+07:00,2026/09/01 19:22:54.512, NVIDIA GeForce RTX 5060, 591.86, P8, 28, 1, 1284, 8151, 9.44, 145.00, 345, 405, 1, 8
2026-09-01T19:22:59.6572329+07:00,2026/09/01 19:22:59.701, NVIDIA GeForce RTX 5060, 591.86, P8, 28, 1, 1284, 8151, 9.64, 145.00, 420, 405, 1, 8
2026-09-01T19:23:04.8190747+07:00,2026/09/01 19:23:04.850, NVIDIA GeForce RTX 5060, 591.86, P8, 28, 1, 1284, 8151, 9.44, 145.00, 375, 405, 1, 8
2026-09-01T19:23:09.9957090+07:00,2026/09/01 19:23:10.044, NVIDIA GeForce RTX 5060, 591.86, P8, 28, 1, 1284, 8151, 9.28, 145.00, 345, 405, 1, 8
2026-09-01T19:23:15.1373897+07:00,2026/09/01 19:23:15.168, NVIDIA GeForce RTX 5060, 591.86, P8, 28, 1, 1284, 8151, 9.26, 145.00, 375, 405, 1, 8
2026-09-01T19:23:20.2533979+07:00,2026/09/01 19:23:20.284, NVIDIA GeForce RTX 5060, 591.86, P8, 28, 1, 1292, 8151, 9.34, 145.00, 330, 405, 1, 8
2026-09-01T19:23:25.4610468+07:00,2026/09/01 19:23:25.522, NVIDIA GeForce RTX 5060, 591.86, P8, 28, 0, 1292, 8151, 9.35, 145.00, 375, 405, 1, 8
2026-09-01T19:23:30.6320813+07:00,2026/09/01 19:23:30.662, NVIDIA GeForce RTX 5060, 591.86, P8, 28, 1, 1292, 8151, 9.68, 145.00, 420, 405, 1, 8
2026-09-01T19:23:35.6822292+07:00,2026/09/01 19:23:35.712, NVIDIA GeForce RTX 5060, 591.86, P8, 28, 0, 1292, 8151, 9.34, 145.00, 337, 405, 1, 8
2026-09-01T19:23:40.8258823+07:00,2026/09/01 19:23:40.856, NVIDIA GeForce RTX 5060, 591.86, P8, 28, 1, 1292, 8151, 9.39, 145.00, 367, 405, 1, 8
2026-09-01T19:23:45.8844078+07:00,2026/09/01 19:23:45.946, NVIDIA GeForce RTX 5060, 591.86, P0, 29, 1, 1306, 8151, 16.41, 145.00, 2572, 14201, 4, 8
2026-09-01T19:23:51.0298907+07:00,2026/09/01 19:23:51.060, NVIDIA GeForce RTX 5060, 591.86, P5, 29, 0, 1305, 8151, 12.08, 145.00, 420, 810, 2, 8
2026-09-01T19:23:56.1725053+07:00,2026/09/01 19:23:56.212, NVIDIA GeForce RTX 5060, 591.86, P8, 28, 1, 1304, 8151, 9.31, 145.00, 405, 405, 1, 8
2026-09-01T19:24:01.2327329+07:00,2026/09/01 19:24:01.263, NVIDIA GeForce RTX 5060, 591.86, P8, 28, 2, 1307, 8151, 9.57, 145.00, 360, 405, 1, 8
2026-09-01T19:24:06.2832863+07:00,2026/09/01 19:24:06.314, NVIDIA GeForce RTX 5060, 591.86, P8, 28, 1, 1304, 8151, 9.47, 145.00, 345, 405, 1, 8
2026-09-01T19:24:11.3359424+07:00,2026/09/01 19:24:11.413, NVIDIA GeForce RTX 5060, 591.86, P8, 28, 0, 1303, 8151, 9.27, 145.00, 382, 405, 1, 8
2026-09-01T19:24:16.4319147+07:00,2026/09/01 19:24:16.462, NVIDIA GeForce RTX 5060, 591.86, P8, 28, 0, 1301, 8151, 9.24, 145.00, 367, 405, 1, 8
2026-09-01T19:24:21.4835471+07:00,2026/09/01 19:24:21.514, NVIDIA GeForce RTX 5060, 591.86, P8, 28, 2, 1301, 8151, 9.26, 145.00, 382, 405, 1, 8
2026-09-01T19:24:26.5992189+07:00,2026/09/01 19:24:26.629, NVIDIA GeForce RTX 5060, 591.86, P8, 28, 0, 1301, 8151, 9.33, 145.00, 375, 405, 1, 8
2026-09-01T19:24:31.6518964+07:00,2026/09/01 19:24:31.682, NVIDIA GeForce RTX 5060, 591.86, P8, 28, 0, 1301, 8151, 9.42, 145.00, 375, 405, 1, 8
2026-09-01T19:24:36.7050029+07:00,2026/09/01 19:24:36.735, NVIDIA GeForce RTX 5060, 591.86, P8, 28, 1, 1301, 8151, 9.41, 145.00, 337, 405, 1, 8
2026-09-01T19:24:41.7565067+07:00,2026/09/01 19:24:41.786, NVIDIA GeForce RTX 5060, 591.86, P8, 28, 0, 1301, 8151, 9.48, 145.00, 397, 405, 1, 8
2026-09-01T19:24:46.8070005+07:00,2026/09/01 19:24:46.852, NVIDIA GeForce RTX 5060, 591.86, P8, 28, 0, 1301, 8151, 9.39, 145.00, 405, 405, 1, 8
2026-09-01T19:24:51.8743730+07:00,2026/09/01 19:24:51.905, NVIDIA GeForce RTX 5060, 591.86, P8, 28, 1, 1301, 8151, 9.44, 145.00, 345, 405, 1, 8
2026-09-01T19:24:57.0006748+07:00,2026/09/01 19:24:57.031, NVIDIA GeForce RTX 5060, 591.86, P8, 28, 2, 1301, 8151, 9.36, 145.00, 345, 405, 1, 8
2026-09-01T19:25:02.0613553+07:00,2026/09/01 19:25:02.092, NVIDIA GeForce RTX 5060, 591.86, P8, 28, 1, 1301, 8151, 9.29, 145.00, 360, 405, 1, 8
2026-09-01T19:25:07.1112005+07:00,2026/09/01 19:25:07.142, NVIDIA GeForce RTX 5060, 591.86, P8, 28, 1, 1301, 8151, 9.25, 145.00, 397, 405, 1, 8
2026-09-01T19:25:12.1591762+07:00,2026/09/01 19:25:12.190, NVIDIA GeForce RTX 5060, 591.86, P8, 28, 1, 1311, 8151, 9.65, 145.00, 525, 405, 1, 8
2026-09-01T19:25:17.2061721+07:00,2026/09/01 19:25:17.237, NVIDIA GeForce RTX 5060, 591.86, P8, 28, 1, 1306, 8151, 9.35, 145.00, 367, 405, 1, 8
2026-09-01T19:25:22.2695554+07:00,2026/09/01 19:25:22.300, NVIDIA GeForce RTX 5060, 591.86, P8, 28, 2, 1301, 8151, 9.39, 145.00, 390, 405, 1, 8
2026-09-01T19:25:27.3816007+07:00,2026/09/01 19:25:27.428, NVIDIA GeForce RTX 5060, 591.86, P8, 28, 1, 1301, 8151, 9.14, 145.00, 360, 405, 1, 8
2026-09-01T19:25:32.4468762+07:00,2026/09/01 19:25:32.477, NVIDIA GeForce RTX 5060, 591.86, P8, 28, 0, 1301, 8151, 9.22, 145.00, 360, 405, 1, 8
2026-09-01T19:25:37.4950688+07:00,2026/09/01 19:25:37.526, NVIDIA GeForce RTX 5060, 591.86, P8, 28, 0, 1301, 8151, 9.34, 145.00, 337, 405, 1, 8
2026-09-01T19:25:42.5443230+07:00,2026/09/01 19:25:42.575, NVIDIA GeForce RTX 5060, 591.86, P8, 28, 1, 1301, 8151, 9.21, 145.00, 375, 405, 1, 8
2026-09-01T19:25:47.5944261+07:00,2026/09/01 19:25:47.624, NVIDIA GeForce RTX 5060, 591.86, P8, 28, 0, 1301, 8151, 9.50, 145.00, 405, 405, 1, 8
2026-09-01T19:25:52.6431109+07:00,2026/09/01 19:25:52.674, NVIDIA GeForce RTX 5060, 591.86, P8, 28, 2, 1301, 8151, 9.42, 145.00, 345, 405, 1, 8
2026-09-01T19:25:57.7546467+07:00,2026/09/01 19:25:57.801, NVIDIA GeForce RTX 5060, 591.86, P8, 28, 2, 1301, 8151, 9.48, 145.00, 360, 405, 1, 8
2026-09-01T19:26:02.8193184+07:00,2026/09/01 19:26:02.850, NVIDIA GeForce RTX 5060, 591.86, P8, 28, 0, 1301, 8151, 9.50, 145.00, 345, 405, 1, 8
2026-09-01T19:26:07.8692193+07:00,2026/09/01 19:26:07.900, NVIDIA GeForce RTX 5060, 591.86, P8, 28, 0, 1301, 8151, 9.41, 145.00, 360, 405, 1, 8
2026-09-01T19:26:12.9188152+07:00,2026/09/01 19:26:12.949, NVIDIA GeForce RTX 5060, 591.86, P8, 28, 1, 1301, 8151, 9.28, 145.00, 367, 405, 1, 8
2026-09-01T19:26:17.9695767+07:00,2026/09/01 19:26:18.000, NVIDIA GeForce RTX 5060, 591.86, P8, 28, 1, 1301, 8151, 9.30, 145.00, 345, 405, 1, 8
2026-09-01T19:26:23.0185358+07:00,2026/09/01 19:26:23.049, NVIDIA GeForce RTX 5060, 591.86, P8, 28, 0, 1301, 8151, 9.36, 145.00, 345, 405, 1, 8
2026-09-01T19:26:28.1454656+07:00,2026/09/01 19:26:28.176, NVIDIA GeForce RTX 5060, 591.86, P8, 28, 2, 1301, 8151, 9.27, 145.00, 360, 405, 1, 8
2026-09-01T19:26:33.1948360+07:00,2026/09/01 19:26:33.225, NVIDIA GeForce RTX 5060, 591.86, P8, 28, 1, 1301, 8151, 9.26, 145.00, 315, 405, 1, 8
2026-09-01T19:26:38.2577237+07:00,2026/09/01 19:26:38.288, NVIDIA GeForce RTX 5060, 591.86, P8, 28, 1, 1301, 8151, 9.28, 145.00, 330, 405, 1, 8
2026-09-01T19:26:43.3081698+07:00,2026/09/01 19:26:43.339, NVIDIA GeForce RTX 5060, 591.86, P8, 28, 0, 1291, 8151, 9.41, 145.00, 330, 405, 1, 8
2026-09-01T19:26:48.3577451+07:00,2026/09/01 19:26:48.404, NVIDIA GeForce RTX 5060, 591.86, P8, 28, 0, 1291, 8151, 9.25, 145.00, 345, 405, 1, 8
2026-09-01T19:26:53.4236336+07:00,2026/09/01 19:26:53.454, NVIDIA GeForce RTX 5060, 591.86, P8, 28, 1, 1298, 8151, 9.27, 145.00, 330, 405, 1, 8
2026-09-01T19:26:58.5330179+07:00,2026/09/01 19:26:58.563, NVIDIA GeForce RTX 5060, 591.86, P8, 28, 0, 1298, 8151, 9.23, 145.00, 337, 405, 1, 8
2026-09-01T19:27:03.5818719+07:00,2026/09/01 19:27:03.628, NVIDIA GeForce RTX 5060, 591.86, P8, 28, 1, 1303, 8151, 9.41, 145.00, 322, 405, 1, 8
2026-09-01T19:27:08.6475246+07:00,2026/09/01 19:27:08.678, NVIDIA GeForce RTX 5060, 591.86, P8, 28, 0, 1303, 8151, 9.14, 145.00, 375, 405, 1, 8
2026-09-01T19:27:13.6976984+07:00,2026/09/01 19:27:13.728, NVIDIA GeForce RTX 5060, 591.86, P8, 28, 0, 1303, 8151, 9.22, 145.00, 345, 405, 1, 8
2026-09-01T19:27:18.7612878+07:00,2026/09/01 19:27:18.792, NVIDIA GeForce RTX 5060, 591.86, P8, 28, 1, 1303, 8151, 9.33, 145.00, 352, 405, 1, 8
2026-09-01T19:27:23.8121959+07:00,2026/09/01 19:27:23.843, NVIDIA GeForce RTX 5060, 591.86, P8, 28, 1, 1303, 8151, 9.35, 145.00, 360, 405, 1, 8
2026-09-01T19:27:28.9394256+07:00,2026/09/01 19:27:28.985, NVIDIA GeForce RTX 5060, 591.86, P8, 28, 0, 1303, 8151, 9.25, 145.00, 345, 405, 1, 8
2026-09-01T19:27:34.0051652+07:00,2026/09/01 19:27:34.036, NVIDIA GeForce RTX 5060, 591.86, P8, 28, 0, 1303, 8151, 9.25, 145.00, 345, 405, 1, 8
2026-09-01T19:27:39.0535165+07:00,2026/09/01 19:27:39.084, NVIDIA GeForce RTX 5060, 591.86, P8, 28, 1, 1303, 8151, 9.21, 145.00, 345, 405, 1, 8
2026-09-01T19:27:44.1037994+07:00,2026/09/01 19:27:44.134, NVIDIA GeForce RTX 5060, 591.86, P8, 28, 0, 1312, 8151, 9.33, 145.00, 345, 405, 1, 8
2026-09-01T19:27:49.1549914+07:00,2026/09/01 19:27:49.199, NVIDIA GeForce RTX 5060, 591.86, P8, 28, 1, 1311, 8151, 9.28, 145.00, 352, 405, 1, 8
2026-09-01T19:27:54.2191235+07:00,2026/09/01 19:27:54.249, NVIDIA GeForce RTX 5060, 591.86, P8, 28, 1, 1303, 8151, 9.43, 145.00, 367, 405, 1, 8
2026-09-01T19:27:59.3310074+07:00,2026/09/01 19:27:59.376, NVIDIA GeForce RTX 5060, 591.86, P8, 28, 1, 1303, 8151, 9.85, 145.00, 457, 405, 1, 8
2026-09-01T19:28:04.3967146+07:00,2026/09/01 19:28:04.427, NVIDIA GeForce RTX 5060, 591.86, P8, 28, 1, 1303, 8151, 9.21, 145.00, 360, 405, 1, 8
2026-09-01T19:28:09.4477745+07:00,2026/09/01 19:28:09.478, NVIDIA GeForce RTX 5060, 591.86, P8, 28, 1, 1303, 8151, 9.29, 145.00, 375, 405, 1, 8
2026-09-01T19:28:14.4980407+07:00,2026/09/01 19:28:14.529, NVIDIA GeForce RTX 5060, 591.86, P8, 28, 0, 1311, 8151, 8.77, 145.00, 247, 405, 1, 8
2026-09-01T19:28:19.5482493+07:00,2026/09/01 19:28:19.594, NVIDIA GeForce RTX 5060, 591.86, P8, 28, 0, 1314, 8151, 8.30, 145.00, 210, 405, 1, 8
2026-09-01T19:28:24.6124919+07:00,2026/09/01 19:28:24.643, NVIDIA GeForce RTX 5060, 591.86, P1, 28, 0, 1313, 8151, 7.99, 145.00, 210, 14001, 4, 8
2026-09-01T19:28:29.7387909+07:00,2026/09/01 19:28:29.769, NVIDIA GeForce RTX 5060, 591.86, P1, 28, 0, 1315, 8151, 9.52, 145.00, 210, 14001, 4, 8
2026-09-01T19:28:34.8013621+07:00,2026/09/01 19:28:34.832, NVIDIA GeForce RTX 5060, 591.86, P8, 28, 0, 1316, 8151, 8.19, 145.00, 210, 405, 1, 8
2026-09-01T19:28:39.8479982+07:00,2026/09/01 19:28:39.894, NVIDIA GeForce RTX 5060, 591.86, P3, 28, 0, 1316, 8151, 15.06, 145.00, 210, 14001, 4, 8
2026-09-01T19:28:44.9119103+07:00,2026/09/01 19:28:44.942, NVIDIA GeForce RTX 5060, 591.86, P8, 28, 0, 1318, 8151, 8.37, 145.00, 210, 405, 4, 8
2026-09-01T19:28:49.9606115+07:00,2026/09/01 19:28:50.022, NVIDIA GeForce RTX 5060, 591.86, P5, 28, 0, 1318, 8151, 9.26, 145.00, 210, 810, 2, 8
2026-09-01T19:28:55.0411195+07:00,2026/09/01 19:28:55.087, NVIDIA GeForce RTX 5060, 591.86, P5, 28, 0, 1318, 8151, 11.93, 145.00, 210, 810, 2, 8
2026-09-01T19:29:00.1667253+07:00,2026/09/01 19:29:00.213, NVIDIA GeForce RTX 5060, 591.86, P8, 28, 3, 1316, 8151, 8.48, 145.00, 210, 405, 1, 8
2026-09-01T19:29:05.2306564+07:00,2026/09/01 19:29:05.277, NVIDIA GeForce RTX 5060, 591.86, P8, 28, 0, 1316, 8151, 8.27, 145.00, 210, 405, 1, 8
2026-09-01T19:29:10.2953843+07:00,2026/09/01 19:29:10.341, NVIDIA GeForce RTX 5060, 591.86, P8, 28, 0, 1316, 8151, 8.31, 145.00, 210, 405, 1, 8
2026-09-01T19:29:15.3732471+07:00,2026/09/01 19:29:15.403, NVIDIA GeForce RTX 5060, 591.86, P8, 28, 0, 1316, 8151, 8.34, 145.00, 210, 405, 1, 8
2026-09-01T19:29:20.4357600+07:00,2026/09/01 19:29:20.466, NVIDIA GeForce RTX 5060, 591.86, P8, 28, 0, 1316, 8151, 8.33, 145.00, 210, 405, 1, 8
2026-09-01T19:29:25.4820431+07:00,2026/09/01 19:29:25.513, NVIDIA GeForce RTX 5060, 591.86, P8, 28, 0, 1316, 8151, 8.22, 145.00, 210, 405, 1, 8
2026-09-01T19:29:30.6231800+07:00,2026/09/01 19:29:30.669, NVIDIA GeForce RTX 5060, 591.86, P8, 28, 0, 1316, 8151, 8.36, 145.00, 210, 405, 1, 8
2026-09-01T19:29:35.6871376+07:00,2026/09/01 19:29:35.718, NVIDIA GeForce RTX 5060, 591.86, P8, 28, 0, 1316, 8151, 8.35, 145.00, 210, 405, 1, 8
2026-09-01T19:29:40.7349941+07:00,2026/09/01 19:29:40.765, NVIDIA GeForce RTX 5060, 591.86, P8, 28, 0, 1316, 8151, 8.31, 145.00, 210, 405, 1, 8
2026-09-01T19:29:45.7844434+07:00,2026/09/01 19:29:45.814, NVIDIA GeForce RTX 5060, 591.86, P8, 28, 0, 1316, 8151, 8.48, 145.00, 210, 405, 1, 8
2026-09-01T19:29:50.8319755+07:00,2026/09/01 19:29:50.862, NVIDIA GeForce RTX 5060, 591.86, P8, 28, 0, 1316, 8151, 8.42, 145.00, 210, 405, 1, 8
2026-09-01T19:29:55.8817755+07:00,2026/09/01 19:29:55.912, NVIDIA GeForce RTX 5060, 591.86, P5, 28, 0, 1316, 8151, 12.60, 145.00, 210, 810, 2, 8
2026-09-01T19:30:01.0073146+07:00,2026/09/01 19:30:01.037, NVIDIA GeForce RTX 5060, 591.86, P8, 28, 0, 1316, 8151, 8.64, 145.00, 210, 405, 1, 8
2026-09-01T19:30:06.0549036+07:00,2026/09/01 19:30:06.085, NVIDIA GeForce RTX 5060, 591.86, P8, 28, 0, 1316, 8151, 8.56, 145.00, 210, 405, 1, 8
2026-09-01T19:30:11.1037466+07:00,2026/09/01 19:30:11.134, NVIDIA GeForce RTX 5060, 591.86, P8, 28, 0, 1316, 8151, 8.41, 145.00, 210, 405, 1, 8
2026-09-01T19:30:16.1667332+07:00,2026/09/01 19:30:16.197, NVIDIA GeForce RTX 5060, 591.86, P8, 28, 0, 1316, 8151, 8.42, 145.00, 210, 405, 1, 8
2026-09-01T19:30:21.2143228+07:00,2026/09/01 19:30:21.244, NVIDIA GeForce RTX 5060, 591.86, P8, 28, 0, 1316, 8151, 8.46, 145.00, 210, 405, 1, 8
2026-09-01T19:30:26.2625376+07:00,2026/09/01 19:30:26.293, NVIDIA GeForce RTX 5060, 591.86, P8, 28, 0, 1316, 8151, 8.42, 145.00, 210, 405, 1, 8
2026-09-01T19:30:31.3884177+07:00,2026/09/01 19:30:31.419, NVIDIA GeForce RTX 5060, 591.86, P8, 28, 0, 1316, 8151, 8.29, 145.00, 210, 405, 1, 8
2026-09-01T19:30:36.4369340+07:00,2026/09/01 19:30:36.467, NVIDIA GeForce RTX 5060, 591.86, P8, 28, 0, 1316, 8151, 8.39, 145.00, 210, 405, 1, 8
2026-09-01T19:30:41.4852320+07:00,2026/09/01 19:30:41.516, NVIDIA GeForce RTX 5060, 591.86, P8, 28, 0, 1316, 8151, 8.38, 145.00, 210, 405, 1, 8
2026-09-01T19:30:46.5476595+07:00,2026/09/01 19:30:46.578, NVIDIA GeForce RTX 5060, 591.86, P8, 28, 0, 1316, 8151, 8.35, 145.00, 210, 405, 1, 8
2026-09-01T19:30:51.5957163+07:00,2026/09/01 19:30:51.626, NVIDIA GeForce RTX 5060, 591.86, P8, 28, 0, 1316, 8151, 8.40, 145.00, 210, 405, 1, 8
2026-09-01T19:30:56.6450736+07:00,2026/09/01 19:30:56.675, NVIDIA GeForce RTX 5060, 591.86, P8, 28, 0, 1316, 8151, 8.46, 145.00, 210, 405, 1, 8
2026-09-01T19:31:01.7710132+07:00,2026/09/01 19:31:01.802, NVIDIA GeForce RTX 5060, 591.86, P8, 28, 0, 1316, 8151, 8.61, 145.00, 210, 405, 1, 8
2026-09-01T19:31:06.8212933+07:00,2026/09/01 19:31:06.852, NVIDIA GeForce RTX 5060, 591.86, P8, 28, 0, 1316, 8151, 8.42, 145.00, 210, 405, 1, 8
2026-09-01T19:31:11.8718065+07:00,2026/09/01 19:31:11.902, NVIDIA GeForce RTX 5060, 591.86, P8, 28, 0, 1316, 8151, 8.39, 145.00, 210, 405, 1, 8
2026-09-01T19:31:16.9195513+07:00,2026/09/01 19:31:16.966, NVIDIA GeForce RTX 5060, 591.86, P8, 28, 0, 1316, 8151, 8.44, 145.00, 210, 405, 1, 8
2026-09-01T19:31:21.9944083+07:00,2026/09/01 19:31:22.040, NVIDIA GeForce RTX 5060, 591.86, P8, 28, 0, 1316, 8151, 8.49, 145.00, 210, 405, 1, 8
2026-09-01T19:31:27.0589396+07:00,2026/09/01 19:31:27.136, NVIDIA GeForce RTX 5060, 591.86, P8, 28, 0, 1316, 8151, 8.58, 145.00, 210, 405, 1, 8
2026-09-01T19:31:32.3661825+07:00,2026/09/01 19:31:32.404, NVIDIA GeForce RTX 5060, 591.86, P8, 28, 0, 1316, 8151, 8.60, 145.00, 210, 405, 1, 8
2026-09-01T19:31:37.4229079+07:00,2026/09/01 19:31:37.469, NVIDIA GeForce RTX 5060, 591.86, P8, 28, 0, 1316, 8151, 8.43, 145.00, 210, 405, 1, 8
2026-09-01T19:31:42.5018023+07:00,2026/09/01 19:31:42.545, NVIDIA GeForce RTX 5060, 591.86, P8, 28, 0, 1316, 8151, 8.59, 145.00, 210, 405, 1, 8
2026-09-01T19:31:47.5562699+07:00,2026/09/01 19:31:47.587, NVIDIA GeForce RTX 5060, 591.86, P8, 28, 0, 1316, 8151, 8.28, 145.00, 210, 405, 1, 8
2026-09-01T19:31:52.6068645+07:00,2026/09/01 19:31:52.637, NVIDIA GeForce RTX 5060, 591.86, P8, 28, 0, 1316, 8151, 8.31, 145.00, 210, 405, 1, 8
2026-09-01T19:31:57.6569718+07:00,2026/09/01 19:31:57.687, NVIDIA GeForce RTX 5060, 591.86, P8, 28, 0, 1316, 8151, 8.32, 145.00, 210, 405, 1, 8
2026-09-01T19:32:02.7896150+07:00,2026/09/01 19:32:02.820, NVIDIA GeForce RTX 5060, 591.86, P8, 28, 0, 1316, 8151, 8.48, 145.00, 210, 405, 1, 8
2026-09-01T19:32:07.8594995+07:00,2026/09/01 19:32:07.920, NVIDIA GeForce RTX 5060, 591.86, P8, 28, 0, 1316, 8151, 8.44, 145.00, 210, 405, 1, 8
2026-09-01T19:32:12.9792702+07:00,2026/09/01 19:32:13.025, NVIDIA GeForce RTX 5060, 591.86, P8, 28, 0, 1316, 8151, 8.60, 145.00, 210, 405, 1, 8
2026-09-01T19:32:18.0800664+07:00,2026/09/01 19:32:18.110, NVIDIA GeForce RTX 5060, 591.86, P5, 28, 0, 1316, 8151, 9.44, 145.00, 210, 810, 2, 8
2026-09-01T19:32:23.1405923+07:00,2026/09/01 19:32:23.171, NVIDIA GeForce RTX 5060, 591.86, P8, 28, 0, 1316, 8151, 8.41, 145.00, 210, 405, 1, 8
2026-09-01T19:32:28.1863011+07:00,2026/09/01 19:32:28.217, NVIDIA GeForce RTX 5060, 591.86, P8, 28, 0, 1318, 8151, 8.48, 145.00, 210, 405, 1, 8
2026-09-01T19:32:33.3098370+07:00,2026/09/01 19:32:33.340, NVIDIA GeForce RTX 5060, 591.86, P8, 28, 0, 1318, 8151, 8.38, 145.00, 210, 405, 1, 8
2026-09-01T19:32:38.3704646+07:00,2026/09/01 19:32:38.400, NVIDIA GeForce RTX 5060, 591.86, P5, 28, 0, 1318, 8151, 10.15, 145.00, 210, 810, 2, 8
2026-09-01T19:32:43.4260203+07:00,2026/09/01 19:32:43.457, NVIDIA GeForce RTX 5060, 591.86, P8, 28, 0, 1321, 8151, 8.47, 145.00, 210, 405, 1, 8
2026-09-01T19:32:48.4713558+07:00,2026/09/01 19:32:48.502, NVIDIA GeForce RTX 5060, 591.86, P8, 28, 0, 1321, 8151, 8.37, 145.00, 210, 405, 1, 8
2026-09-01T19:32:53.5770362+07:00,2026/09/01 19:32:53.623, NVIDIA GeForce RTX 5060, 591.86, P8, 28, 0, 1321, 8151, 8.39, 145.00, 210, 405, 1, 8
2026-09-01T19:32:58.6383871+07:00,2026/09/01 19:32:58.668, NVIDIA GeForce RTX 5060, 591.86, P8, 28, 0, 1321, 8151, 8.21, 145.00, 210, 405, 1, 8
2026-09-01T19:33:03.7631026+07:00,2026/09/01 19:33:03.794, NVIDIA GeForce RTX 5060, 591.86, P8, 28, 0, 1321, 8151, 8.38, 145.00, 210, 405, 1, 8
2026-09-01T19:33:08.8128055+07:00,2026/09/01 19:33:08.859, NVIDIA GeForce RTX 5060, 591.86, P8, 28, 0, 1321, 8151, 8.35, 145.00, 210, 405, 1, 8
2026-09-01T19:33:13.8766770+07:00,2026/09/01 19:33:13.907, NVIDIA GeForce RTX 5060, 591.86, P8, 28, 0, 1321, 8151, 8.39, 145.00, 210, 405, 1, 8
2026-09-01T19:33:18.9419150+07:00,2026/09/01 19:33:18.972, NVIDIA GeForce RTX 5060, 591.86, P8, 28, 0, 1321, 8151, 8.32, 145.00, 210, 405, 1, 8
2026-09-01T19:33:24.0069522+07:00,2026/09/01 19:33:24.037, NVIDIA GeForce RTX 5060, 591.86, P8, 28, 0, 1321, 8151, 8.37, 145.00, 210, 405, 1, 8
2026-09-01T19:33:29.0697823+07:00,2026/09/01 19:33:29.099, NVIDIA GeForce RTX 5060, 591.86, P8, 28, 0, 1321, 8151, 8.46, 145.00, 210, 405, 1, 8
2026-09-01T19:33:34.1996791+07:00,2026/09/01 19:33:34.230, NVIDIA GeForce RTX 5060, 591.86, P8, 28, 0, 1321, 8151, 8.50, 145.00, 210, 405, 1, 8
2026-09-01T19:33:39.2479528+07:00,2026/09/01 19:33:39.278, NVIDIA GeForce RTX 5060, 591.86, P8, 28, 0, 1321, 8151, 8.64, 145.00, 210, 405, 1, 8
2026-09-01T19:33:44.3801993+07:00,2026/09/01 19:33:44.411, NVIDIA GeForce RTX 5060, 591.86, P8, 28, 0, 1321, 8151, 8.60, 145.00, 202, 405, 1, 8
2026-09-01T19:33:49.5267756+07:00,2026/09/01 19:33:49.556, NVIDIA GeForce RTX 5060, 591.86, P8, 28, 0, 1321, 8151, 8.61, 145.00, 210, 405, 1, 8
2026-09-01T19:33:54.6841077+07:00,2026/09/01 19:33:54.714, NVIDIA GeForce RTX 5060, 591.86, P8, 28, 0, 1321, 8151, 8.51, 145.00, 210, 405, 1, 8
2026-09-01T19:33:59.7668237+07:00,2026/09/01 19:33:59.797, NVIDIA GeForce RTX 5060, 591.86, P1, 28, 0, 1321, 8151, 12.35, 145.00, 210, 14001, 4, 8
2026-09-01T19:34:04.9554445+07:00,2026/09/01 19:34:04.986, NVIDIA GeForce RTX 5060, 591.86, P8, 28, 0, 1321, 8151, 8.56, 145.00, 210, 405, 1, 8
2026-09-01T19:34:10.0717160+07:00,2026/09/01 19:34:10.102, NVIDIA GeForce RTX 5060, 591.86, P8, 28, 0, 1321, 8151, 8.52, 145.00, 210, 405, 1, 8
2026-09-01T19:34:15.1708013+07:00,2026/09/01 19:34:15.201, NVIDIA GeForce RTX 5060, 591.86, P8, 28, 0, 1321, 8151, 8.57, 145.00, 210, 405, 1, 8
2026-09-01T19:34:20.3294861+07:00,2026/09/01 19:34:20.359, NVIDIA GeForce RTX 5060, 591.86, P8, 28, 0, 1321, 8151, 8.52, 145.00, 210, 405, 1, 8
2026-09-01T19:34:25.4766032+07:00,2026/09/01 19:34:25.538, NVIDIA GeForce RTX 5060, 591.86, P8, 28, 0, 1321, 8151, 8.54, 145.00, 210, 405, 1, 8
2026-09-01T19:34:30.6535057+07:00,2026/09/01 19:34:30.684, NVIDIA GeForce RTX 5060, 591.86, P8, 28, 0, 1321, 8151, 8.61, 145.00, 210, 405, 1, 8
2026-09-01T19:34:35.8746733+07:00,2026/09/01 19:34:35.936, NVIDIA GeForce RTX 5060, 591.86, P8, 28, 0, 1321, 8151, 8.79, 145.00, 210, 405, 1, 8
2026-09-01T19:34:41.0391356+07:00,2026/09/01 19:34:41.100, NVIDIA GeForce RTX 5060, 591.86, P8, 28, 0, 1321, 8151, 8.56, 145.00, 210, 405, 1, 8
2026-09-01T19:34:46.2145481+07:00,2026/09/01 19:34:46.245, NVIDIA GeForce RTX 5060, 591.86, P8, 28, 0, 1321, 8151, 8.71, 145.00, 210, 405, 1, 8
2026-09-01T19:34:51.3273169+07:00,2026/09/01 19:34:51.358, NVIDIA GeForce RTX 5060, 591.86, P8, 28, 0, 1321, 8151, 8.65, 145.00, 210, 405, 1, 8
2026-09-01T19:34:56.4715767+07:00,2026/09/01 19:34:56.518, NVIDIA GeForce RTX 5060, 591.86, P8, 28, 0, 1321, 8151, 8.64, 145.00, 210, 405, 1, 8
2026-09-01T19:35:01.6250674+07:00,2026/09/01 19:35:01.656, NVIDIA GeForce RTX 5060, 591.86, P8, 28, 0, 1321, 8151, 8.81, 145.00, 210, 405, 1, 8
2026-09-01T19:35:06.8084514+07:00,2026/09/01 19:35:06.839, NVIDIA GeForce RTX 5060, 591.86, P8, 28, 0, 1321, 8151, 8.59, 145.00, 210, 405, 1, 8
2026-09-01T19:35:11.8945417+07:00,2026/09/01 19:35:11.924, NVIDIA GeForce RTX 5060, 591.86, P5, 28, 0, 1320, 8151, 11.92, 145.00, 210, 810, 1, 8
2026-09-01T19:35:16.9602008+07:00,2026/09/01 19:35:16.990, NVIDIA GeForce RTX 5060, 591.86, P8, 28, 0, 1320, 8151, 8.74, 145.00, 210, 405, 1, 8
2026-09-01T19:35:22.0354945+07:00,2026/09/01 19:35:22.066, NVIDIA GeForce RTX 5060, 591.86, P8, 28, 0, 1323, 8151, 8.77, 145.00, 210, 405, 1, 8
2026-09-01T19:35:27.0995711+07:00,2026/09/01 19:35:27.145, NVIDIA GeForce RTX 5060, 591.86, P8, 28, 0, 1323, 8151, 8.42, 145.00, 210, 405, 1, 8
2026-09-01T19:35:32.1655289+07:00,2026/09/01 19:35:32.196, NVIDIA GeForce RTX 5060, 591.86, P8, 28, 0, 1323, 8151, 8.26, 145.00, 210, 405, 1, 8
2026-09-01T19:35:37.2910346+07:00,2026/09/01 19:35:37.353, NVIDIA GeForce RTX 5060, 591.86, P8, 28, 0, 1323, 8151, 8.27, 145.00, 210, 405, 1, 8
2026-09-01T19:35:42.4008744+07:00,2026/09/01 19:35:42.446, NVIDIA GeForce RTX 5060, 591.86, P8, 28, 0, 1320, 8151, 8.27, 145.00, 210, 405, 1, 8
2026-09-01T19:35:47.4649735+07:00,2026/09/01 19:35:47.495, NVIDIA GeForce RTX 5060, 591.86, P8, 28, 0, 1320, 8151, 8.31, 145.00, 210, 405, 1, 8
2026-09-01T19:35:52.5293063+07:00,2026/09/01 19:35:52.560, NVIDIA GeForce RTX 5060, 591.86, P8, 28, 0, 1320, 8151, 8.19, 145.00, 210, 405, 1, 8
2026-09-01T19:35:57.5786647+07:00,2026/09/01 19:35:57.625, NVIDIA GeForce RTX 5060, 591.86, P8, 28, 0, 1320, 8151, 8.21, 145.00, 210, 405, 1, 8
2026-09-01T19:36:02.6448603+07:00,2026/09/01 19:36:02.675, NVIDIA GeForce RTX 5060, 591.86, P8, 28, 0, 1320, 8151, 8.44, 145.00, 210, 405, 1, 8
2026-09-01T19:36:07.8024675+07:00,2026/09/01 19:36:07.833, NVIDIA GeForce RTX 5060, 591.86, P8, 28, 0, 1320, 8151, 8.30, 145.00, 210, 405, 1, 8
2026-09-01T19:36:12.8468236+07:00,2026/09/01 19:36:12.877, NVIDIA GeForce RTX 5060, 591.86, P8, 28, 0, 1318, 8151, 8.45, 145.00, 202, 405, 1, 8
2026-09-01T19:36:17.9094179+07:00,2026/09/01 19:36:17.939, NVIDIA GeForce RTX 5060, 591.86, P8, 28, 0, 1318, 8151, 8.43, 145.00, 210, 405, 1, 8
2026-09-01T19:36:22.9571217+07:00,2026/09/01 19:36:22.987, NVIDIA GeForce RTX 5060, 591.86, P8, 28, 0, 1318, 8151, 8.26, 145.00, 210, 405, 1, 8
2026-09-01T19:36:28.0056388+07:00,2026/09/01 19:36:28.036, NVIDIA GeForce RTX 5060, 591.86, P8, 28, 0, 1318, 8151, 8.42, 145.00, 210, 405, 1, 8
2026-09-01T19:36:33.0538163+07:00,2026/09/01 19:36:33.084, NVIDIA GeForce RTX 5060, 591.86, P1, 28, 0, 1318, 8151, 12.00, 145.00, 210, 14001, 4, 8
2026-09-01T19:36:38.1922991+07:00,2026/09/01 19:36:38.223, NVIDIA GeForce RTX 5060, 591.86, P8, 28, 0, 1318, 8151, 8.23, 145.00, 210, 405, 1, 8
2026-09-01T19:36:43.2546642+07:00,2026/09/01 19:36:43.301, NVIDIA GeForce RTX 5060, 591.86, P8, 28, 0, 1318, 8151, 8.27, 145.00, 210, 405, 1, 8
2026-09-01T19:36:48.3179755+07:00,2026/09/01 19:36:48.348, NVIDIA GeForce RTX 5060, 591.86, P8, 28, 0, 1318, 8151, 8.33, 145.00, 202, 405, 1, 8
2026-09-01T19:36:53.3667468+07:00,2026/09/01 19:36:53.428, NVIDIA GeForce RTX 5060, 591.86, P8, 28, 0, 1318, 8151, 8.35, 145.00, 210, 405, 1, 8
2026-09-01T19:36:58.4467188+07:00,2026/09/01 19:36:58.477, NVIDIA GeForce RTX 5060, 591.86, P8, 28, 0, 1318, 8151, 8.30, 145.00, 210, 405, 1, 8
2026-09-01T19:37:03.4964575+07:00,2026/09/01 19:37:03.526, NVIDIA GeForce RTX 5060, 591.86, P8, 28, 0, 1318, 8151, 8.24, 145.00, 210, 405, 1, 8
2026-09-01T19:37:08.6219629+07:00,2026/09/01 19:37:08.652, NVIDIA GeForce RTX 5060, 591.86, P8, 28, 0, 1318, 8151, 8.26, 145.00, 210, 405, 1, 8
2026-09-01T19:37:13.6679133+07:00,2026/09/01 19:37:13.713, NVIDIA GeForce RTX 5060, 591.86, P8, 28, 1, 1320, 8151, 8.18, 145.00, 210, 405, 1, 8
2026-09-01T19:37:18.7318773+07:00,2026/09/01 19:37:18.762, NVIDIA GeForce RTX 5060, 591.86, P8, 28, 0, 1318, 8151, 8.28, 145.00, 210, 405, 1, 8
2026-09-01T19:37:23.7810496+07:00,2026/09/01 19:37:23.812, NVIDIA GeForce RTX 5060, 591.86, P8, 28, 0, 1318, 8151, 8.39, 145.00, 202, 405, 1, 8
2026-09-01T19:37:28.8300461+07:00,2026/09/01 19:37:28.860, NVIDIA GeForce RTX 5060, 591.86, P8, 28, 0, 1318, 8151, 8.20, 145.00, 210, 405, 1, 8
2026-09-01T19:37:33.8939660+07:00,2026/09/01 19:37:33.924, NVIDIA GeForce RTX 5060, 591.86, P8, 28, 0, 1318, 8151, 8.26, 145.00, 210, 405, 1, 8
2026-09-01T19:37:39.0195051+07:00,2026/09/01 19:37:39.050, NVIDIA GeForce RTX 5060, 591.86, P8, 28, 0, 1318, 8151, 8.33, 145.00, 210, 405, 1, 8
2026-09-01T19:37:44.0671899+07:00,2026/09/01 19:37:44.098, NVIDIA GeForce RTX 5060, 591.86, P8, 28, 0, 1318, 8151, 8.31, 145.00, 210, 405, 1, 8
2026-09-01T19:37:49.1149512+07:00,2026/09/01 19:37:49.145, NVIDIA GeForce RTX 5060, 591.86, P8, 28, 0, 1318, 8151, 8.33, 145.00, 210, 405, 1, 8
2026-09-01T19:37:54.1642223+07:00,2026/09/01 19:37:54.210, NVIDIA GeForce RTX 5060, 591.86, P8, 28, 0, 1318, 8151, 8.35, 145.00, 210, 405, 1, 8
2026-09-01T19:37:59.2291464+07:00,2026/09/01 19:37:59.259, NVIDIA GeForce RTX 5060, 591.86, P1, 28, 0, 1318, 8151, 11.54, 145.00, 210, 14001, 4, 8
2026-09-01T19:38:04.2915618+07:00,2026/09/01 19:38:04.322, NVIDIA GeForce RTX 5060, 591.86, P8, 28, 0, 1318, 8151, 8.48, 145.00, 210, 405, 1, 8
2026-09-01T19:38:09.4287902+07:00,2026/09/01 19:38:09.459, NVIDIA GeForce RTX 5060, 591.86, P8, 28, 0, 1318, 8151, 8.54, 145.00, 210, 405, 1, 8
2026-09-01T19:38:14.4781398+07:00,2026/09/01 19:38:14.524, NVIDIA GeForce RTX 5060, 591.86, P8, 28, 0, 1318, 8151, 8.50, 145.00, 210, 405, 1, 8
2026-09-01T19:38:19.5407837+07:00,2026/09/01 19:38:19.571, NVIDIA GeForce RTX 5060, 591.86, P8, 28, 0, 1318, 8151, 8.45, 145.00, 210, 405, 1, 8
2026-09-01T19:38:24.6032214+07:00,2026/09/01 19:38:24.634, NVIDIA GeForce RTX 5060, 591.86, P8, 28, 0, 1318, 8151, 8.40, 145.00, 210, 405, 1, 8
2026-09-01T19:38:29.6641413+07:00,2026/09/01 19:38:29.710, NVIDIA GeForce RTX 5060, 591.86, P8, 28, 0, 1318, 8151, 8.32, 145.00, 210, 405, 1, 8
2026-09-01T19:38:34.7276879+07:00,2026/09/01 19:38:34.758, NVIDIA GeForce RTX 5060, 591.86, P8, 28, 0, 1318, 8151, 8.16, 145.00, 210, 405, 1, 8
2026-09-01T19:38:39.8540600+07:00,2026/09/01 19:38:39.900, NVIDIA GeForce RTX 5060, 591.86, P8, 28, 0, 1318, 8151, 8.29, 145.00, 210, 405, 1, 8
2026-09-01T19:38:44.9328273+07:00,2026/09/01 19:38:44.978, NVIDIA GeForce RTX 5060, 591.86, P8, 28, 0, 1318, 8151, 8.36, 145.00, 210, 405, 1, 8
2026-09-01T19:38:49.9947800+07:00,2026/09/01 19:38:50.056, NVIDIA GeForce RTX 5060, 591.86, P8, 28, 0, 1318, 8151, 8.35, 145.00, 210, 405, 1, 8
2026-09-01T19:38:55.0734560+07:00,2026/09/01 19:38:55.104, NVIDIA GeForce RTX 5060, 591.86, P8, 28, 0, 1318, 8151, 8.48, 145.00, 210, 405, 1, 8
2026-09-01T19:39:00.1222273+07:00,2026/09/01 19:39:00.153, NVIDIA GeForce RTX 5060, 591.86, P8, 28, 0, 1318, 8151, 8.43, 145.00, 210, 405, 1, 8
2026-09-01T19:39:05.1837096+07:00,2026/09/01 19:39:05.230, NVIDIA GeForce RTX 5060, 591.86, P8, 28, 0, 1318, 8151, 8.30, 145.00, 210, 405, 1, 8
2026-09-01T19:39:10.3253183+07:00,2026/09/01 19:39:10.371, NVIDIA GeForce RTX 5060, 591.86, P8, 28, 0, 1318, 8151, 8.43, 145.00, 210, 405, 1, 8
2026-09-01T19:39:15.3895434+07:00,2026/09/01 19:39:15.419, NVIDIA GeForce RTX 5060, 591.86, P8, 28, 0, 1318, 8151, 8.41, 145.00, 210, 405, 1, 8
2026-09-01T19:39:20.4519538+07:00,2026/09/01 19:39:20.482, NVIDIA GeForce RTX 5060, 591.86, P8, 28, 0, 1318, 8151, 8.48, 145.00, 210, 405, 1, 8
2026-09-01T19:39:25.5148418+07:00,2026/09/01 19:39:25.545, NVIDIA GeForce RTX 5060, 591.86, P8, 28, 0, 1318, 8151, 8.44, 145.00, 210, 405, 1, 8
2026-09-01T19:39:30.5771677+07:00,2026/09/01 19:39:30.608, NVIDIA GeForce RTX 5060, 591.86, P8, 28, 0, 1318, 8151, 8.37, 145.00, 210, 405, 1, 8
2026-09-01T19:39:35.6247241+07:00,2026/09/01 19:39:35.655, NVIDIA GeForce RTX 5060, 591.86, P8, 28, 0, 1318, 8151, 8.25, 145.00, 210, 405, 1, 8
2026-09-01T19:39:40.7516564+07:00,2026/09/01 19:39:40.782, NVIDIA GeForce RTX 5060, 591.86, P8, 28, 0, 1318, 8151, 8.34, 145.00, 210, 405, 1, 8
2026-09-01T19:39:45.7986595+07:00,2026/09/01 19:39:45.845, NVIDIA GeForce RTX 5060, 591.86, P8, 28, 0, 1318, 8151, 8.26, 145.00, 210, 405, 1, 8
2026-09-01T19:39:50.8629867+07:00,2026/09/01 19:39:50.893, NVIDIA GeForce RTX 5060, 591.86, P8, 28, 0, 1318, 8151, 8.28, 145.00, 210, 405, 1, 8
2026-09-01T19:39:55.9246311+07:00,2026/09/01 19:39:55.986, NVIDIA GeForce RTX 5060, 591.86, P8, 28, 0, 1318, 8151, 8.34, 145.00, 210, 405, 1, 8
2026-09-01T19:40:01.0043881+07:00,2026/09/01 19:40:01.035, NVIDIA GeForce RTX 5060, 591.86, P8, 28, 0, 1318, 8151, 8.48, 145.00, 210, 405, 1, 8
2026-09-01T19:40:06.0530680+07:00,2026/09/01 19:40:06.083, NVIDIA GeForce RTX 5060, 591.86, P3, 28, 0, 1318, 8151, 13.85, 145.00, 210, 7001, 2, 8
2026-09-01T19:40:11.1929662+07:00,2026/09/01 19:40:11.223, NVIDIA GeForce RTX 5060, 591.86, P8, 28, 0, 1318, 8151, 8.22, 145.00, 210, 405, 1, 8
2026-09-01T19:40:16.2574575+07:00,2026/09/01 19:40:16.303, NVIDIA GeForce RTX 5060, 591.86, P8, 28, 0, 1318, 8151, 8.22, 145.00, 210, 405, 1, 8
2026-09-01T19:40:21.3219368+07:00,2026/09/01 19:40:21.352, NVIDIA GeForce RTX 5060, 591.86, P8, 28, 0, 1318, 8151, 8.36, 145.00, 225, 405, 1, 8
2026-09-01T19:40:26.3711332+07:00,2026/09/01 19:40:26.401, NVIDIA GeForce RTX 5060, 591.86, P8, 28, 0, 1318, 8151, 8.27, 145.00, 210, 405, 1, 8
2026-09-01T19:40:31.4189947+07:00,2026/09/01 19:40:31.464, NVIDIA GeForce RTX 5060, 591.86, P8, 28, 0, 1318, 8151, 8.23, 145.00, 210, 405, 1, 8
2026-09-01T19:40:36.4805984+07:00,2026/09/01 19:40:36.511, NVIDIA GeForce RTX 5060, 591.86, P8, 28, 0, 1318, 8151, 8.29, 145.00, 210, 405, 1, 8
2026-09-01T19:40:41.6056462+07:00,2026/09/01 19:40:41.636, NVIDIA GeForce RTX 5060, 591.86, P8, 28, 0, 1318, 8151, 8.14, 145.00, 210, 405, 1, 8
2026-09-01T19:40:46.6686501+07:00,2026/09/01 19:40:46.699, NVIDIA GeForce RTX 5060, 591.86, P8, 28, 0, 1318, 8151, 8.30, 145.00, 210, 405, 1, 8
2026-09-01T19:40:51.7293269+07:00,2026/09/01 19:40:51.760, NVIDIA GeForce RTX 5060, 591.86, P8, 28, 0, 1318, 8151, 8.16, 145.00, 225, 405, 1, 8
2026-09-01T19:40:56.7930561+07:00,2026/09/01 19:40:56.823, NVIDIA GeForce RTX 5060, 591.86, P8, 28, 0, 1318, 8151, 8.27, 145.00, 225, 405, 1, 8
2026-09-01T19:41:01.8550379+07:00,2026/09/01 19:41:01.886, NVIDIA GeForce RTX 5060, 591.86, P8, 28, 0, 1318, 8151, 8.47, 145.00, 210, 405, 1, 8
2026-09-01T19:41:06.9047767+07:00,2026/09/01 19:41:06.935, NVIDIA GeForce RTX 5060, 591.86, P8, 28, 0, 1318, 8151, 8.28, 145.00, 210, 405, 1, 8
2026-09-01T19:41:12.0296814+07:00,2026/09/01 19:41:12.076, NVIDIA GeForce RTX 5060, 591.86, P8, 28, 0, 1318, 8151, 8.26, 145.00, 210, 405, 1, 8
2026-09-01T19:41:17.0941073+07:00,2026/09/01 19:41:17.124, NVIDIA GeForce RTX 5060, 591.86, P8, 28, 0, 1318, 8151, 8.32, 145.00, 210, 405, 1, 8
2026-09-01T19:41:22.1436564+07:00,2026/09/01 19:41:22.190, NVIDIA GeForce RTX 5060, 591.86, P8, 28, 0, 1317, 8151, 8.62, 145.00, 210, 405, 1, 8
2026-09-01T19:41:27.2213034+07:00,2026/09/01 19:41:27.267, NVIDIA GeForce RTX 5060, 591.86, P8, 28, 0, 1317, 8151, 8.32, 145.00, 210, 405, 1, 8
2026-09-01T19:41:32.3011193+07:00,2026/09/01 19:41:32.332, NVIDIA GeForce RTX 5060, 591.86, P8, 28, 0, 1317, 8151, 8.35, 145.00, 225, 405, 1, 8
2026-09-01T19:41:37.3492938+07:00,2026/09/01 19:41:37.380, NVIDIA GeForce RTX 5060, 591.86, P8, 28, 0, 1318, 8151, 8.40, 145.00, 225, 405, 1, 8
2026-09-01T19:41:42.4747193+07:00,2026/09/01 19:41:42.536, NVIDIA GeForce RTX 5060, 591.86, P8, 28, 0, 1318, 8151, 8.87, 145.00, 270, 405, 1, 8
2026-09-01T19:41:47.5541632+07:00,2026/09/01 19:41:47.587, NVIDIA GeForce RTX 5060, 591.86, P8, 28, 0, 1318, 8151, 8.97, 145.00, 300, 405, 1, 8
2026-09-01T19:41:52.6012410+07:00,2026/09/01 19:41:52.632, NVIDIA GeForce RTX 5060, 591.86, P8, 28, 0, 1318, 8151, 8.72, 145.00, 247, 405, 1, 8
2026-09-01T19:41:57.6496263+07:00,2026/09/01 19:41:57.680, NVIDIA GeForce RTX 5060, 591.86, P8, 28, 0, 1318, 8151, 8.75, 145.00, 210, 405, 1, 8
2026-09-01T19:42:02.6997388+07:00,2026/09/01 19:42:02.746, NVIDIA GeForce RTX 5060, 591.86, P8, 28, 0, 1318, 8151, 8.84, 145.00, 210, 405, 1, 8
2026-09-01T19:42:07.7628604+07:00,2026/09/01 19:42:07.793, NVIDIA GeForce RTX 5060, 591.86, P8, 28, 0, 1318, 8151, 8.96, 145.00, 247, 405, 1, 8
2026-09-01T19:42:12.8742549+07:00,2026/09/01 19:42:12.905, NVIDIA GeForce RTX 5060, 591.86, P8, 28, 0, 1318, 8151, 8.51, 145.00, 210, 405, 1, 8
2026-09-01T19:42:17.9229833+07:00,2026/09/01 19:42:17.969, NVIDIA GeForce RTX 5060, 591.86, P8, 28, 0, 1317, 8151, 8.62, 145.00, 210, 405, 1, 8
2026-09-01T19:42:22.9880931+07:00,2026/09/01 19:42:23.034, NVIDIA GeForce RTX 5060, 591.86, P8, 28, 0, 1317, 8151, 8.34, 145.00, 225, 405, 1, 8
2026-09-01T19:42:28.0516265+07:00,2026/09/01 19:42:28.098, NVIDIA GeForce RTX 5060, 591.86, P8, 28, 0, 1317, 8151, 8.71, 145.00, 210, 405, 1, 8
2026-09-01T19:42:33.1144471+07:00,2026/09/01 19:42:33.145, NVIDIA GeForce RTX 5060, 591.86, P8, 28, 0, 1317, 8151, 8.85, 145.00, 210, 405, 1, 8
2026-09-01T19:42:38.1600182+07:00,2026/09/01 19:42:38.191, NVIDIA GeForce RTX 5060, 591.86, P8, 28, 0, 1317, 8151, 8.19, 145.00, 225, 405, 1, 8
2026-09-01T19:42:43.2936243+07:00,2026/09/01 19:42:43.340, NVIDIA GeForce RTX 5060, 591.86, P8, 28, 0, 1317, 8151, 8.73, 145.00, 292, 405, 1, 8
2026-09-01T19:42:48.3592308+07:00,2026/09/01 19:42:48.389, NVIDIA GeForce RTX 5060, 591.86, P8, 28, 0, 1318, 8151, 8.75, 145.00, 292, 405, 1, 8
2026-09-01T19:42:53.4080654+07:00,2026/09/01 19:42:53.439, NVIDIA GeForce RTX 5060, 591.86, P8, 28, 0, 1318, 8151, 8.89, 145.00, 247, 405, 1, 8
2026-09-01T19:42:58.4568234+07:00,2026/09/01 19:42:58.487, NVIDIA GeForce RTX 5060, 591.86, P8, 28, 0, 1317, 8151, 8.71, 145.00, 210, 405, 1, 8
2026-09-01T19:43:03.5067782+07:00,2026/09/01 19:43:03.551, NVIDIA GeForce RTX 5060, 591.86, P8, 28, 0, 1317, 8151, 8.06, 145.00, 255, 405, 1, 8
2026-09-01T19:43:08.5695330+07:00,2026/09/01 19:43:08.616, NVIDIA GeForce RTX 5060, 591.86, P8, 28, 0, 1314, 8151, 8.59, 145.00, 255, 405, 1, 8
2026-09-01T19:43:13.6978515+07:00,2026/09/01 19:43:13.728, NVIDIA GeForce RTX 5060, 591.86, P8, 28, 0, 1317, 8151, 8.80, 145.00, 210, 405, 1, 8
2026-09-01T19:43:18.7554257+07:00,2026/09/01 19:43:18.786, NVIDIA GeForce RTX 5060, 591.86, P8, 28, 0, 1317, 8151, 8.79, 145.00, 247, 405, 1, 8
2026-09-01T19:43:23.8007265+07:00,2026/09/01 19:43:23.847, NVIDIA GeForce RTX 5060, 591.86, P8, 28, 0, 1318, 8151, 9.05, 145.00, 292, 405, 1, 8
2026-09-01T19:43:28.8634870+07:00,2026/09/01 19:43:28.909, NVIDIA GeForce RTX 5060, 591.86, P8, 28, 0, 1318, 8151, 8.73, 145.00, 292, 405, 1, 8
2026-09-01T19:43:33.9282774+07:00,2026/09/01 19:43:33.973, NVIDIA GeForce RTX 5060, 591.86, P8, 28, 1, 1318, 8151, 9.79, 145.00, 450, 405, 1, 8
2026-09-01T19:43:38.9912311+07:00,2026/09/01 19:43:39.022, NVIDIA GeForce RTX 5060, 591.86, P8, 28, 1, 1317, 8151, 9.62, 145.00, 450, 405, 1, 8
2026-09-01T19:43:44.0995391+07:00,2026/09/01 19:43:44.130, NVIDIA GeForce RTX 5060, 591.86, P8, 28, 1, 1317, 8151, 9.85, 145.00, 442, 405, 1, 8
2026-09-01T19:43:49.1462367+07:00,2026/09/01 19:43:49.177, NVIDIA GeForce RTX 5060, 591.86, P8, 28, 1, 1317, 8151, 9.64, 145.00, 457, 405, 1, 8
2026-09-01T19:43:54.2074349+07:00,2026/09/01 19:43:54.238, NVIDIA GeForce RTX 5060, 591.86, P8, 28, 1, 1317, 8151, 9.64, 145.00, 450, 405, 1, 8
2026-09-01T19:43:59.2518466+07:00,2026/09/01 19:43:59.313, NVIDIA GeForce RTX 5060, 591.86, P8, 28, 1, 1317, 8151, 9.70, 145.00, 442, 405, 1, 8
2026-09-01T19:44:04.3271732+07:00,2026/09/01 19:44:04.388, NVIDIA GeForce RTX 5060, 591.86, P8, 28, 1, 1317, 8151, 9.72, 145.00, 435, 405, 1, 8
2026-09-01T19:44:09.4075048+07:00,2026/09/01 19:44:09.454, NVIDIA GeForce RTX 5060, 591.86, P8, 28, 1, 1317, 8151, 9.69, 145.00, 450, 405, 1, 8
2026-09-01T19:44:14.5371890+07:00,2026/09/01 19:44:14.599, NVIDIA GeForce RTX 5060, 591.86, P8, 28, 1, 1317, 8151, 9.60, 145.00, 442, 405, 1, 8
2026-09-01T19:44:19.6202485+07:00,2026/09/01 19:44:19.651, NVIDIA GeForce RTX 5060, 591.86, P8, 28, 1, 1317, 8151, 9.53, 145.00, 450, 405, 1, 8
2026-09-01T19:44:24.6712306+07:00,2026/09/01 19:44:24.702, NVIDIA GeForce RTX 5060, 591.86, P8, 28, 1, 1317, 8151, 9.60, 145.00, 450, 405, 1, 8
2026-09-01T19:44:20.5530151+07:00,2026/09/01 19:44:20.584, NVIDIA GeForce RTX 5060, 591.86, P8, 28, 1, 1317, 8151, 9.75, 145.00, 435, 405, 1, 8
2026-09-01T19:44:25.6022041+07:00,2026/09/01 19:44:25.632, NVIDIA GeForce RTX 5060, 591.86, P8, 28, 1, 1317, 8151, 9.78, 145.00, 457, 405, 1, 8
2026-09-01T19:44:30.6501700+07:00,2026/09/01 19:44:30.681, NVIDIA GeForce RTX 5060, 591.86, P8, 28, 1, 1317, 8151, 9.89, 145.00, 420, 405, 1, 8
2026-09-01T19:44:35.7007650+07:00,2026/09/01 19:44:35.731, NVIDIA GeForce RTX 5060, 591.86, P8, 28, 1, 1317, 8151, 9.88, 145.00, 480, 405, 1, 8
2026-09-01T19:44:40.7530232+07:00,2026/09/01 19:44:40.784, NVIDIA GeForce RTX 5060, 591.86, P8, 28, 1, 1317, 8151, 9.57, 145.00, 435, 405, 1, 8
2026-09-01T19:44:45.8963730+07:00,2026/09/01 19:44:45.927, NVIDIA GeForce RTX 5060, 591.86, P8, 28, 1, 1317, 8151, 9.66, 145.00, 442, 405, 1, 8
2026-09-01T19:44:50.9479509+07:00,2026/09/01 19:44:50.978, NVIDIA GeForce RTX 5060, 591.86, P8, 28, 1, 1328, 8151, 9.83, 145.00, 480, 405, 1, 8
2026-09-01T19:44:55.9977234+07:00,2026/09/01 19:44:56.028, NVIDIA GeForce RTX 5060, 591.86, P8, 28, 1, 1317, 8151, 9.81, 145.00, 457, 405, 1, 8
2026-09-01T19:45:01.0483115+07:00,2026/09/01 19:45:01.079, NVIDIA GeForce RTX 5060, 591.86, P8, 28, 1, 1317, 8151, 9.69, 145.00, 427, 405, 1, 8
2026-09-01T19:45:06.1006409+07:00,2026/09/01 19:45:06.131, NVIDIA GeForce RTX 5060, 591.86, P8, 28, 1, 1317, 8151, 9.66, 145.00, 427, 405, 1, 8
2026-09-01T19:45:11.1510608+07:00,2026/09/01 19:45:11.182, NVIDIA GeForce RTX 5060, 591.86, P8, 28, 1, 1317, 8151, 10.04, 145.00, 427, 405, 1, 8
2026-09-01T19:45:16.2802885+07:00,2026/09/01 19:45:16.311, NVIDIA GeForce RTX 5060, 591.86, P8, 28, 1, 1317, 8151, 9.73, 145.00, 442, 405, 1, 8
2026-09-01T19:45:21.3322304+07:00,2026/09/01 19:45:21.362, NVIDIA GeForce RTX 5060, 591.86, P8, 28, 1, 1317, 8151, 9.78, 145.00, 442, 405, 1, 8
2026-09-01T19:45:26.3825323+07:00,2026/09/01 19:45:26.413, NVIDIA GeForce RTX 5060, 591.86, P8, 28, 1, 1317, 8151, 9.51, 145.00, 382, 405, 1, 8
2026-09-01T19:45:31.4328771+07:00,2026/09/01 19:45:31.463, NVIDIA GeForce RTX 5060, 591.86, P8, 28, 1, 1317, 8151, 9.81, 145.00, 435, 405, 1, 8
2026-09-01T19:45:36.4836524+07:00,2026/09/01 19:45:36.514, NVIDIA GeForce RTX 5060, 591.86, P8, 28, 0, 1317, 8151, 9.83, 145.00, 420, 405, 1, 8
2026-09-01T19:45:41.5345922+07:00,2026/09/01 19:45:41.565, NVIDIA GeForce RTX 5060, 591.86, P8, 28, 1, 1317, 8151, 9.66, 145.00, 442, 405, 1, 8
2026-09-01T19:45:46.6792077+07:00,2026/09/01 19:45:46.710, NVIDIA GeForce RTX 5060, 591.86, P8, 28, 1, 1318, 8151, 10.02, 145.00, 495, 405, 1, 8
2026-09-01T19:45:51.7302194+07:00,2026/09/01 19:45:51.761, NVIDIA GeForce RTX 5060, 591.86, P8, 28, 1, 1317, 8151, 9.82, 145.00, 442, 405, 1, 8
2026-09-01T19:45:56.7807719+07:00,2026/09/01 19:45:56.811, NVIDIA GeForce RTX 5060, 591.86, P8, 28, 1, 1317, 8151, 9.86, 145.00, 450, 405, 1, 8
2026-09-01T19:46:01.8325770+07:00,2026/09/01 19:46:01.863, NVIDIA GeForce RTX 5060, 591.86, P8, 28, 1, 1317, 8151, 9.95, 145.00, 442, 405, 1, 8
2026-09-01T19:46:06.8846716+07:00,2026/09/01 19:46:06.915, NVIDIA GeForce RTX 5060, 591.86, P8, 28, 1, 1317, 8151, 10.04, 145.00, 495, 405, 1, 8
2026-09-01T19:46:11.9358222+07:00,2026/09/01 19:46:11.966, NVIDIA GeForce RTX 5060, 591.86, P8, 28, 1, 1317, 8151, 9.91, 145.00, 435, 405, 1, 8
2026-09-01T19:46:17.0807641+07:00,2026/09/01 19:46:17.111, NVIDIA GeForce RTX 5060, 591.86, P8, 28, 1, 1317, 8151, 9.96, 145.00, 450, 405, 1, 8
2026-09-01T19:46:22.1332943+07:00,2026/09/01 19:46:22.164, NVIDIA GeForce RTX 5060, 591.86, P8, 28, 1, 1354, 8151, 10.11, 145.00, 427, 405, 1, 8
2026-09-01T19:46:27.1856728+07:00,2026/09/01 19:46:27.216, NVIDIA GeForce RTX 5060, 591.86, P8, 28, 1, 1430, 8151, 10.08, 145.00, 502, 405, 1, 8
2026-09-01T19:46:32.2373411+07:00,2026/09/01 19:46:32.267, NVIDIA GeForce RTX 5060, 591.86, P8, 28, 1, 1225, 8151, 9.99, 145.00, 435, 405, 1, 8
2026-09-01T19:46:37.2885580+07:00,2026/09/01 19:46:37.319, NVIDIA GeForce RTX 5060, 591.86, P8, 28, 1, 1227, 8151, 9.97, 145.00, 487, 405, 1, 8
2026-09-01T19:46:42.3380343+07:00,2026/09/01 19:46:42.384, NVIDIA GeForce RTX 5060, 591.86, P8, 28, 1, 1227, 8151, 9.87, 145.00, 465, 405, 1, 8
2026-09-01T19:46:47.4821609+07:00,2026/09/01 19:46:47.513, NVIDIA GeForce RTX 5060, 591.86, P8, 29, 1, 1227, 8151, 9.86, 145.00, 435, 405, 1, 8
2026-09-01T19:46:52.5484319+07:00,2026/09/01 19:46:52.579, NVIDIA GeForce RTX 5060, 591.86, P8, 28, 1, 1227, 8151, 9.68, 145.00, 465, 405, 1, 8
2026-09-01T19:46:57.5996915+07:00,2026/09/01 19:46:57.630, NVIDIA GeForce RTX 5060, 591.86, P8, 28, 1, 1227, 8151, 9.73, 145.00, 472, 405, 1, 8
2026-09-01T19:47:02.6481447+07:00,2026/09/01 19:47:02.679, NVIDIA GeForce RTX 5060, 591.86, P8, 29, 1, 1227, 8151, 9.85, 145.00, 450, 405, 1, 8
2026-09-01T19:47:07.7010216+07:00,2026/09/01 19:47:07.731, NVIDIA GeForce RTX 5060, 591.86, P8, 29, 1, 1227, 8151, 9.82, 145.00, 450, 405, 1, 8
2026-09-01T19:47:12.7516386+07:00,2026/09/01 19:47:12.782, NVIDIA GeForce RTX 5060, 591.86, P8, 29, 1, 1227, 8151, 9.66, 145.00, 420, 405, 1, 8
2026-09-01T19:47:17.9415435+07:00,2026/09/01 19:47:17.972, NVIDIA GeForce RTX 5060, 591.86, P8, 29, 1, 1227, 8151, 9.85, 145.00, 457, 405, 1, 8
2026-09-01T19:47:22.9945381+07:00,2026/09/01 19:47:23.041, NVIDIA GeForce RTX 5060, 591.86, P8, 29, 1, 1227, 8151, 9.73, 145.00, 420, 405, 1, 8
2026-09-01T19:47:28.0619317+07:00,2026/09/01 19:47:28.092, NVIDIA GeForce RTX 5060, 591.86, P8, 29, 1, 1227, 8151, 9.77, 145.00, 427, 405, 1, 8
2026-09-01T19:47:33.1139076+07:00,2026/09/01 19:47:33.144, NVIDIA GeForce RTX 5060, 591.86, P8, 29, 1, 1227, 8151, 9.78, 145.00, 472, 405, 1, 8
2026-09-01T19:47:38.1623136+07:00,2026/09/01 19:47:38.192, NVIDIA GeForce RTX 5060, 591.86, P8, 29, 1, 1227, 8151, 9.74, 145.00, 457, 405, 1, 8
2026-09-01T19:47:43.2099814+07:00,2026/09/01 19:47:43.256, NVIDIA GeForce RTX 5060, 591.86, P8, 29, 1, 1227, 8151, 9.78, 145.00, 457, 405, 1, 8
2026-09-01T19:47:48.3504370+07:00,2026/09/01 19:47:48.381, NVIDIA GeForce RTX 5060, 591.86, P8, 29, 1, 1227, 8151, 9.69, 145.00, 480, 405, 1, 8
2026-09-01T19:47:53.3998708+07:00,2026/09/01 19:47:53.430, NVIDIA GeForce RTX 5060, 591.86, P8, 29, 1, 1227, 8151, 9.62, 145.00, 427, 405, 1, 8
2026-09-01T19:47:58.4479688+07:00,2026/09/01 19:47:58.478, NVIDIA GeForce RTX 5060, 591.86, P8, 29, 1, 1227, 8151, 9.98, 145.00, 465, 405, 1, 8
2026-09-01T19:48:03.4978512+07:00,2026/09/01 19:48:03.528, NVIDIA GeForce RTX 5060, 591.86, P8, 29, 1, 1227, 8151, 9.51, 145.00, 487, 405, 1, 8
2026-09-01T19:48:08.5475884+07:00,2026/09/01 19:48:08.578, NVIDIA GeForce RTX 5060, 591.86, P8, 29, 1, 1224, 8151, 9.77, 145.00, 487, 405, 1, 8
2026-09-01T19:48:13.5971591+07:00,2026/09/01 19:48:13.629, NVIDIA GeForce RTX 5060, 591.86, P8, 29, 1, 1224, 8151, 9.78, 145.00, 457, 405, 1, 8
2026-09-01T19:48:18.7082275+07:00,2026/09/01 19:48:18.739, NVIDIA GeForce RTX 5060, 591.86, P8, 29, 1, 1224, 8151, 9.81, 145.00, 435, 405, 1, 8
2026-09-01T19:48:23.7574914+07:00,2026/09/01 19:48:23.803, NVIDIA GeForce RTX 5060, 591.86, P8, 29, 1, 1224, 8151, 9.89, 145.00, 427, 405, 1, 8
2026-09-01T19:48:28.8228583+07:00,2026/09/01 19:48:28.853, NVIDIA GeForce RTX 5060, 591.86, P8, 29, 1, 1232, 8151, 10.34, 145.00, 457, 405, 1, 8
2026-09-01T19:48:33.8716212+07:00,2026/09/01 19:48:33.901, NVIDIA GeForce RTX 5060, 591.86, P8, 29, 1, 1220, 8151, 10.46, 145.00, 435, 405, 1, 8
2026-09-01T19:48:38.9207768+07:00,2026/09/01 19:48:38.967, NVIDIA GeForce RTX 5060, 591.86, P8, 29, 1, 1219, 8151, 9.80, 145.00, 457, 405, 1, 8
2026-09-01T19:48:43.9863664+07:00,2026/09/01 19:48:44.017, NVIDIA GeForce RTX 5060, 591.86, P8, 29, 1, 1219, 8151, 9.95, 145.00, 442, 405, 1, 8
2026-09-01T19:48:49.1131818+07:00,2026/09/01 19:48:49.159, NVIDIA GeForce RTX 5060, 591.86, P8, 29, 2, 1219, 8151, 9.89, 145.00, 457, 405, 1, 8
2026-09-01T19:48:54.1790130+07:00,2026/09/01 19:48:54.209, NVIDIA GeForce RTX 5060, 591.86, P8, 29, 1, 1219, 8151, 9.87, 145.00, 457, 405, 1, 8
2026-09-01T19:48:59.2279668+07:00,2026/09/01 19:48:59.258, NVIDIA GeForce RTX 5060, 591.86, P8, 29, 1, 1219, 8151, 9.85, 145.00, 435, 405, 1, 8
2026-09-01T19:49:04.2780996+07:00,2026/09/01 19:49:04.324, NVIDIA GeForce RTX 5060, 591.86, P8, 29, 1, 1219, 8151, 9.95, 145.00, 480, 405, 1, 8
2026-09-01T19:49:09.3440223+07:00,2026/09/01 19:49:09.390, NVIDIA GeForce RTX 5060, 591.86, P8, 29, 1, 1219, 8151, 9.83, 145.00, 435, 405, 1, 8
2026-09-01T19:49:14.4089592+07:00,2026/09/01 19:49:14.455, NVIDIA GeForce RTX 5060, 591.86, P8, 29, 1, 1219, 8151, 10.00, 145.00, 502, 405, 1, 8
2026-09-01T19:49:19.5344823+07:00,2026/09/01 19:49:19.596, NVIDIA GeForce RTX 5060, 591.86, P8, 29, 1, 1219, 8151, 9.83, 145.00, 465, 405, 1, 8
2026-09-01T19:49:24.6147267+07:00,2026/09/01 19:49:24.661, NVIDIA GeForce RTX 5060, 591.86, P8, 29, 1, 1219, 8151, 9.99, 145.00, 457, 405, 1, 8
2026-09-01T19:49:29.6796165+07:00,2026/09/01 19:49:29.710, NVIDIA GeForce RTX 5060, 591.86, P8, 29, 1, 1219, 8151, 9.90, 145.00, 480, 405, 1, 8
2026-09-01T19:49:34.7292908+07:00,2026/09/01 19:49:34.760, NVIDIA GeForce RTX 5060, 591.86, P8, 29, 1, 1219, 8151, 9.79, 145.00, 405, 405, 1, 8
2026-09-01T19:49:39.7781940+07:00,2026/09/01 19:49:39.808, NVIDIA GeForce RTX 5060, 591.86, P8, 29, 1, 1219, 8151, 9.79, 145.00, 495, 405, 1, 8
2026-09-01T19:49:44.8263062+07:00,2026/09/01 19:49:44.857, NVIDIA GeForce RTX 5060, 591.86, P8, 29, 1, 1219, 8151, 9.93, 145.00, 472, 405, 1, 8
2026-09-01T19:49:49.9531752+07:00,2026/09/01 19:49:49.984, NVIDIA GeForce RTX 5060, 591.86, P8, 29, 1, 1219, 8151, 10.00, 145.00, 457, 405, 1, 8
2026-09-01T19:49:55.0031993+07:00,2026/09/01 19:49:55.034, NVIDIA GeForce RTX 5060, 591.86, P8, 29, 1, 1219, 8151, 10.00, 145.00, 495, 405, 1, 8
2026-09-01T19:50:00.0535830+07:00,2026/09/01 19:50:00.084, NVIDIA GeForce RTX 5060, 591.86, P8, 29, 1, 1219, 8151, 9.95, 145.00, 502, 405, 1, 8
2026-09-01T19:50:05.1135189+07:00,2026/09/01 19:50:05.150, NVIDIA GeForce RTX 5060, 591.86, P8, 29, 1, 1219, 8151, 9.80, 145.00, 442, 405, 1, 8
2026-09-01T19:50:10.1804969+07:00,2026/09/01 19:50:10.212, NVIDIA GeForce RTX 5060, 591.86, P8, 29, 1, 1219, 8151, 9.90, 145.00, 435, 405, 1, 8
2026-09-01T19:50:15.2318108+07:00,2026/09/01 19:50:15.262, NVIDIA GeForce RTX 5060, 591.86, P8, 29, 1, 1219, 8151, 9.80, 145.00, 450, 405, 1, 8
2026-09-01T19:50:20.3495700+07:00,2026/09/01 19:50:20.411, NVIDIA GeForce RTX 5060, 591.86, P8, 29, 1, 1219, 8151, 10.01, 145.00, 420, 405, 1, 8
2026-09-01T19:50:25.4300563+07:00,2026/09/01 19:50:25.476, NVIDIA GeForce RTX 5060, 591.86, P8, 29, 1, 1219, 8151, 9.96, 145.00, 502, 405, 1, 8
2026-09-01T19:50:30.4954099+07:00,2026/09/01 19:50:30.526, NVIDIA GeForce RTX 5060, 591.86, P8, 29, 1, 1219, 8151, 10.15, 145.00, 480, 405, 1, 8
2026-09-01T19:50:35.5470273+07:00,2026/09/01 19:50:35.577, NVIDIA GeForce RTX 5060, 591.86, P8, 29, 1, 1219, 8151, 9.95, 145.00, 472, 405, 1, 8
2026-09-01T19:50:40.5942715+07:00,2026/09/01 19:50:40.640, NVIDIA GeForce RTX 5060, 591.86, P8, 29, 1, 1219, 8151, 9.90, 145.00, 450, 405, 1, 8
2026-09-01T19:50:45.6587118+07:00,2026/09/01 19:50:45.689, NVIDIA GeForce RTX 5060, 591.86, P8, 29, 1, 1219, 8151, 9.98, 145.00, 427, 405, 1, 8
2026-09-01T19:50:50.7861729+07:00,2026/09/01 19:50:50.832, NVIDIA GeForce RTX 5060, 591.86, P8, 29, 1, 1219, 8151, 9.78, 145.00, 435, 405, 1, 8
2026-09-01T19:50:55.8502243+07:00,2026/09/01 19:50:55.880, NVIDIA GeForce RTX 5060, 591.86, P8, 29, 0, 1219, 8151, 8.84, 145.00, 262, 405, 1, 8
2026-09-01T19:51:00.8973154+07:00,2026/09/01 19:51:00.927, NVIDIA GeForce RTX 5060, 591.86, P8, 29, 0, 1219, 8151, 8.57, 145.00, 210, 405, 1, 8
2026-09-01T19:51:05.9450327+07:00,2026/09/01 19:51:05.975, NVIDIA GeForce RTX 5060, 591.86, P8, 29, 0, 1219, 8151, 8.63, 145.00, 210, 405, 1, 8
2026-09-01T19:51:11.0076885+07:00,2026/09/01 19:51:11.038, NVIDIA GeForce RTX 5060, 591.86, P8, 29, 0, 1220, 8151, 8.50, 145.00, 210, 405, 1, 8
2026-09-01T19:51:16.0686359+07:00,2026/09/01 19:51:16.099, NVIDIA GeForce RTX 5060, 591.86, P8, 29, 0, 1220, 8151, 8.40, 145.00, 210, 405, 1, 8
2026-09-01T19:51:21.2112625+07:00,2026/09/01 19:51:21.242, NVIDIA GeForce RTX 5060, 591.86, P8, 28, 0, 1220, 8151, 8.57, 145.00, 210, 405, 1, 8
2026-09-01T19:51:26.2584840+07:00,2026/09/01 19:51:26.304, NVIDIA GeForce RTX 5060, 591.86, P8, 29, 0, 1220, 8151, 8.73, 145.00, 210, 405, 1, 8
2026-09-01T19:51:31.3217920+07:00,2026/09/01 19:51:31.368, NVIDIA GeForce RTX 5060, 591.86, P8, 28, 0, 1220, 8151, 8.60, 145.00, 210, 405, 1, 8
2026-09-01T19:51:36.3845280+07:00,2026/09/01 19:51:36.415, NVIDIA GeForce RTX 5060, 591.86, P8, 28, 0, 1220, 8151, 8.57, 145.00, 202, 405, 1, 8
2026-09-01T19:51:41.4468058+07:00,2026/09/01 19:51:41.493, NVIDIA GeForce RTX 5060, 591.86, P8, 29, 2, 1219, 8151, 8.84, 145.00, 262, 405, 1, 8
2026-09-01T19:51:46.5576564+07:00,2026/09/01 19:51:46.588, NVIDIA GeForce RTX 5060, 591.86, P8, 29, 1, 1219, 8151, 9.94, 145.00, 420, 405, 1, 8
2026-09-01T19:51:51.6818089+07:00,2026/09/01 19:51:51.712, NVIDIA GeForce RTX 5060, 591.86, P8, 28, 0, 1219, 8151, 8.60, 145.00, 210, 405, 1, 8
2026-09-01T19:51:56.7304196+07:00,2026/09/01 19:51:56.776, NVIDIA GeForce RTX 5060, 591.86, P3, 29, 0, 1219, 8151, 14.66, 145.00, 210, 7001, 2, 8
2026-09-01T19:52:01.7948521+07:00,2026/09/01 19:52:01.825, NVIDIA GeForce RTX 5060, 591.86, P8, 28, 0, 1220, 8151, 8.58, 145.00, 210, 405, 1, 8
2026-09-01T19:52:06.8424176+07:00,2026/09/01 19:52:06.888, NVIDIA GeForce RTX 5060, 591.86, P8, 28, 0, 1220, 8151, 8.53, 145.00, 210, 405, 1, 8
2026-09-01T19:52:11.9074190+07:00,2026/09/01 19:52:11.938, NVIDIA GeForce RTX 5060, 591.86, P1, 29, 0, 1220, 8151, 14.74, 145.00, 210, 14001, 4, 8
2026-09-01T19:52:16.9556015+07:00,2026/09/01 19:52:16.986, NVIDIA GeForce RTX 5060, 591.86, P8, 28, 0, 1220, 8151, 8.38, 145.00, 210, 405, 1, 8
2026-09-01T19:52:22.0814070+07:00,2026/09/01 19:52:22.111, NVIDIA GeForce RTX 5060, 591.86, P8, 28, 0, 1220, 8151, 8.55, 145.00, 210, 405, 1, 8
2026-09-01T19:52:27.1304460+07:00,2026/09/01 19:52:27.161, NVIDIA GeForce RTX 5060, 591.86, P8, 28, 0, 1220, 8151, 8.57, 145.00, 210, 405, 1, 8
2026-09-01T19:52:32.1797522+07:00,2026/09/01 19:52:32.210, NVIDIA GeForce RTX 5060, 591.86, P8, 28, 0, 1220, 8151, 8.43, 145.00, 202, 405, 1, 8
2026-09-01T19:52:37.2286652+07:00,2026/09/01 19:52:37.274, NVIDIA GeForce RTX 5060, 591.86, P8, 28, 0, 1220, 8151, 8.53, 145.00, 210, 405, 1, 8
2026-09-01T19:52:42.2926847+07:00,2026/09/01 19:52:42.339, NVIDIA GeForce RTX 5060, 591.86, P8, 28, 0, 1220, 8151, 8.55, 145.00, 210, 405, 1, 8
2026-09-01T19:52:47.3576289+07:00,2026/09/01 19:52:47.404, NVIDIA GeForce RTX 5060, 591.86, P8, 28, 0, 1220, 8151, 8.46, 145.00, 210, 405, 1, 8
2026-09-01T19:52:52.4997997+07:00,2026/09/01 19:52:52.546, NVIDIA GeForce RTX 5060, 591.86, P8, 28, 0, 1220, 8151, 8.35, 145.00, 210, 405, 1, 8
2026-09-01T19:52:57.5631046+07:00,2026/09/01 19:52:57.594, NVIDIA GeForce RTX 5060, 591.86, P8, 28, 0, 1220, 8151, 8.54, 145.00, 210, 405, 1, 8
2026-09-01T19:53:02.6262117+07:00,2026/09/01 19:53:02.656, NVIDIA GeForce RTX 5060, 591.86, P8, 28, 0, 1220, 8151, 8.47, 145.00, 210, 405, 1, 8
2026-09-01T19:53:07.6751853+07:00,2026/09/01 19:53:07.721, NVIDIA GeForce RTX 5060, 591.86, P8, 28, 0, 1220, 8151, 8.44, 145.00, 210, 405, 1, 8
2026-09-01T19:53:12.7531053+07:00,2026/09/01 19:53:12.799, NVIDIA GeForce RTX 5060, 591.86, P8, 28, 0, 1220, 8151, 8.52, 145.00, 210, 405, 1, 8
2026-09-01T19:53:17.8317063+07:00,2026/09/01 19:53:17.862, NVIDIA GeForce RTX 5060, 591.86, P8, 28, 0, 1220, 8151, 8.56, 145.00, 210, 405, 1, 8
2026-09-01T19:53:22.9721917+07:00,2026/09/01 19:53:23.034, NVIDIA GeForce RTX 5060, 591.86, P8, 28, 0, 1220, 8151, 8.56, 145.00, 210, 405, 1, 8
2026-09-01T19:53:28.0523518+07:00,2026/09/01 19:53:28.098, NVIDIA GeForce RTX 5060, 591.86, P8, 28, 0, 1220, 8151, 8.56, 145.00, 210, 405, 1, 8
2026-09-01T19:53:33.1462247+07:00,2026/09/01 19:53:33.177, NVIDIA GeForce RTX 5060, 591.86, P8, 28, 0, 1220, 8151, 8.68, 145.00, 210, 405, 1, 8
2026-09-01T19:53:38.1960467+07:00,2026/09/01 19:53:38.226, NVIDIA GeForce RTX 5060, 591.86, P1, 29, 0, 1220, 8151, 15.10, 145.00, 210, 14001, 4, 8
2026-09-01T19:53:43.2584695+07:00,2026/09/01 19:53:43.289, NVIDIA GeForce RTX 5060, 591.86, P8, 28, 0, 1220, 8151, 8.72, 145.00, 210, 405, 1, 8
2026-09-01T19:53:48.3087437+07:00,2026/09/01 19:53:48.354, NVIDIA GeForce RTX 5060, 591.86, P8, 28, 0, 1220, 8151, 8.64, 145.00, 210, 405, 1, 8
2026-09-01T19:53:53.4337865+07:00,2026/09/01 19:53:53.464, NVIDIA GeForce RTX 5060, 591.86, P8, 28, 1, 1223, 8151, 8.61, 145.00, 210, 405, 1, 8
2026-09-01T19:53:58.4830596+07:00,2026/09/01 19:53:58.513, NVIDIA GeForce RTX 5060, 591.86, P8, 28, 0, 1220, 8151, 8.57, 145.00, 210, 405, 1, 8
2026-09-01T19:54:03.5625051+07:00,2026/09/01 19:54:03.593, NVIDIA GeForce RTX 5060, 591.86, P8, 28, 0, 1220, 8151, 8.51, 145.00, 210, 405, 1, 8
2026-09-01T19:54:08.6115927+07:00,2026/09/01 19:54:08.657, NVIDIA GeForce RTX 5060, 591.86, P8, 28, 0, 1220, 8151, 8.45, 145.00, 210, 405, 1, 8
2026-09-01T19:54:13.6760150+07:00,2026/09/01 19:54:13.707, NVIDIA GeForce RTX 5060, 591.86, P8, 28, 0, 1220, 8151, 8.51, 145.00, 210, 405, 1, 8
2026-09-01T19:54:18.7383172+07:00,2026/09/01 19:54:18.769, NVIDIA GeForce RTX 5060, 591.86, P8, 28, 0, 1220, 8151, 8.48, 145.00, 210, 405, 1, 8
2026-09-01T19:54:23.8593492+07:00,2026/09/01 19:54:23.889, NVIDIA GeForce RTX 5060, 591.86, P8, 28, 0, 1220, 8151, 8.29, 145.00, 210, 405, 1, 8
2026-09-01T19:54:28.9064375+07:00,2026/09/01 19:54:28.937, NVIDIA GeForce RTX 5060, 591.86, P8, 28, 0, 1220, 8151, 8.43, 145.00, 210, 405, 1, 8
2026-09-01T19:54:33.9551074+07:00,2026/09/01 19:54:33.986, NVIDIA GeForce RTX 5060, 591.86, P8, 28, 0, 1220, 8151, 8.52, 145.00, 210, 405, 1, 8
2026-09-01T19:54:39.0028340+07:00,2026/09/01 19:54:39.033, NVIDIA GeForce RTX 5060, 591.86, P8, 28, 0, 1220, 8151, 8.60, 145.00, 210, 405, 1, 8
2026-09-01T19:54:44.0621931+07:00,2026/09/01 19:54:44.107, NVIDIA GeForce RTX 5060, 591.86, P8, 28, 0, 1220, 8151, 8.50, 145.00, 210, 405, 1, 8
2026-09-01T19:54:49.1169139+07:00,2026/09/01 19:54:49.147, NVIDIA GeForce RTX 5060, 591.86, P8, 28, 0, 1220, 8151, 8.72, 145.00, 210, 405, 1, 8
2026-09-01T19:54:54.2512445+07:00,2026/09/01 19:54:54.297, NVIDIA GeForce RTX 5060, 591.86, P8, 28, 0, 1220, 8151, 8.62, 145.00, 210, 405, 1, 8
2026-09-01T19:54:59.3259419+07:00,2026/09/01 19:54:59.372, NVIDIA GeForce RTX 5060, 591.86, P8, 28, 0, 1220, 8151, 8.38, 145.00, 210, 405, 1, 8
2026-09-01T19:55:04.3865135+07:00,2026/09/01 19:55:04.417, NVIDIA GeForce RTX 5060, 591.86, P8, 28, 0, 1220, 8151, 8.63, 145.00, 210, 405, 1, 8
2026-09-01T19:55:09.4477096+07:00,2026/09/01 19:55:09.494, NVIDIA GeForce RTX 5060, 591.86, P8, 28, 0, 1220, 8151, 8.63, 145.00, 210, 405, 1, 8
2026-09-01T19:55:14.5114027+07:00,2026/09/01 19:55:14.542, NVIDIA GeForce RTX 5060, 591.86, P8, 28, 0, 1220, 8151, 8.52, 145.00, 210, 405, 1, 8
2026-09-01T19:55:19.5733069+07:00,2026/09/01 19:55:19.604, NVIDIA GeForce RTX 5060, 591.86, P8, 28, 0, 1220, 8151, 8.52, 145.00, 210, 405, 1, 8
2026-09-01T19:55:24.6986305+07:00,2026/09/01 19:55:24.729, NVIDIA GeForce RTX 5060, 591.86, P8, 28, 0, 1220, 8151, 8.38, 145.00, 210, 405, 1, 8
2026-09-01T19:55:29.7590342+07:00,2026/09/01 19:55:29.790, NVIDIA GeForce RTX 5060, 591.86, P8, 28, 0, 1220, 8151, 8.47, 145.00, 210, 405, 1, 8
2026-09-01T19:55:34.8355033+07:00,2026/09/01 19:55:34.881, NVIDIA GeForce RTX 5060, 591.86, P8, 28, 0, 1219, 8151, 8.82, 145.00, 210, 405, 1, 8
2026-09-01T19:55:39.9080413+07:00,2026/09/01 19:55:39.939, NVIDIA GeForce RTX 5060, 591.86, P8, 28, 0, 1219, 8151, 8.47, 145.00, 210, 405, 1, 8
2026-09-01T19:55:44.9838803+07:00,2026/09/01 19:55:45.014, NVIDIA GeForce RTX 5060, 591.86, P8, 28, 0, 1220, 8151, 8.62, 145.00, 210, 405, 1, 8
2026-09-01T19:55:50.0491699+07:00,2026/09/01 19:55:50.080, NVIDIA GeForce RTX 5060, 591.86, P8, 28, 0, 1220, 8151, 8.43, 145.00, 210, 405, 1, 8
2026-09-01T19:55:55.1751348+07:00,2026/09/01 19:55:55.206, NVIDIA GeForce RTX 5060, 591.86, P8, 28, 0, 1220, 8151, 8.48, 145.00, 210, 405, 1, 8
2026-09-01T19:56:00.2388048+07:00,2026/09/01 19:56:00.269, NVIDIA GeForce RTX 5060, 591.86, P8, 28, 0, 1220, 8151, 8.28, 145.00, 210, 405, 1, 8
2026-09-01T19:56:05.3037084+07:00,2026/09/01 19:56:05.334, NVIDIA GeForce RTX 5060, 591.86, P8, 28, 0, 1220, 8151, 8.19, 145.00, 210, 405, 1, 8
2026-09-01T19:56:10.3818818+07:00,2026/09/01 19:56:10.412, NVIDIA GeForce RTX 5060, 591.86, P8, 28, 0, 1220, 8151, 8.33, 145.00, 240, 405, 1, 8
2026-09-01T19:56:15.4287749+07:00,2026/09/01 19:56:15.459, NVIDIA GeForce RTX 5060, 591.86, P3, 29, 0, 1220, 8151, 14.63, 145.00, 202, 7001, 4, 8
2026-09-01T19:56:20.4747192+07:00,2026/09/01 19:56:20.505, NVIDIA GeForce RTX 5060, 591.86, P1, 29, 0, 1220, 8151, 14.90, 145.00, 210, 14001, 4, 8
2026-09-01T19:56:25.6163537+07:00,2026/09/01 19:56:25.647, NVIDIA GeForce RTX 5060, 591.86, P8, 28, 0, 1220, 8151, 8.48, 145.00, 210, 405, 1, 8
2026-09-01T19:56:30.6628745+07:00,2026/09/01 19:56:30.693, NVIDIA GeForce RTX 5060, 591.86, P8, 28, 0, 1220, 8151, 8.23, 145.00, 210, 405, 1, 8
2026-09-01T19:56:35.7409477+07:00,2026/09/01 19:56:35.771, NVIDIA GeForce RTX 5060, 591.86, P8, 28, 0, 1220, 8151, 8.20, 145.00, 232, 405, 1, 8
2026-09-01T19:56:40.7889596+07:00,2026/09/01 19:56:40.819, NVIDIA GeForce RTX 5060, 591.86, P8, 28, 0, 1220, 8151, 8.27, 145.00, 232, 405, 1, 8
2026-09-01T19:56:45.8361040+07:00,2026/09/01 19:56:45.867, NVIDIA GeForce RTX 5060, 591.86, P8, 28, 0, 1220, 8151, 8.32, 145.00, 262, 405, 1, 8
2026-09-01T19:56:50.8820798+07:00,2026/09/01 19:56:50.913, NVIDIA GeForce RTX 5060, 591.86, P8, 28, 1, 1220, 8151, 8.34, 145.00, 285, 405, 1, 8
2026-09-01T19:56:56.0057773+07:00,2026/09/01 19:56:56.036, NVIDIA GeForce RTX 5060, 591.86, P8, 28, 0, 1220, 8151, 8.65, 145.00, 210, 405, 1, 8
2026-09-01T19:57:01.0495222+07:00,2026/09/01 19:57:01.080, NVIDIA GeForce RTX 5060, 591.86, P8, 28, 0, 1220, 8151, 8.46, 145.00, 232, 405, 1, 8
2026-09-01T19:57:06.0952781+07:00,2026/09/01 19:57:06.126, NVIDIA GeForce RTX 5060, 591.86, P8, 28, 0, 1220, 8151, 8.40, 145.00, 240, 405, 1, 8
2026-09-01T19:57:11.1410806+07:00,2026/09/01 19:57:11.171, NVIDIA GeForce RTX 5060, 591.86, P8, 28, 0, 1220, 8151, 8.32, 145.00, 262, 405, 1, 8
2026-09-01T19:57:16.1890330+07:00,2026/09/01 19:57:16.219, NVIDIA GeForce RTX 5060, 591.86, P8, 28, 0, 1220, 8151, 8.25, 145.00, 232, 405, 1, 8
2026-09-01T19:57:21.2366748+07:00,2026/09/01 19:57:21.267, NVIDIA GeForce RTX 5060, 591.86, P8, 28, 0, 1220, 8151, 8.31, 145.00, 277, 405, 1, 8
2026-09-01T19:57:26.3610676+07:00,2026/09/01 19:57:26.392, NVIDIA GeForce RTX 5060, 591.86, P1, 29, 0, 1220, 8151, 10.61, 145.00, 247, 14001, 4, 8
2026-09-01T19:57:31.4072734+07:00,2026/09/01 19:57:31.453, NVIDIA GeForce RTX 5060, 591.86, P8, 28, 0, 1220, 8151, 8.46, 145.00, 232, 405, 1, 8
2026-09-01T19:57:36.4697834+07:00,2026/09/01 19:57:36.500, NVIDIA GeForce RTX 5060, 591.86, P5, 28, 0, 1220, 8151, 11.68, 145.00, 255, 810, 2, 8
2026-09-01T19:57:41.5178001+07:00,2026/09/01 19:57:41.548, NVIDIA GeForce RTX 5060, 591.86, P8, 28, 0, 1223, 8151, 8.41, 145.00, 232, 405, 1, 8
2026-09-01T19:57:46.5670968+07:00,2026/09/01 19:57:46.598, NVIDIA GeForce RTX 5060, 591.86, P8, 28, 0, 1220, 8151, 8.40, 145.00, 285, 405, 1, 8
2026-09-01T19:57:51.6140453+07:00,2026/09/01 19:57:51.645, NVIDIA GeForce RTX 5060, 591.86, P8, 28, 2, 1222, 8151, 8.53, 145.00, 270, 405, 1, 8
2026-09-01T19:57:56.7403453+07:00,2026/09/01 19:57:56.770, NVIDIA GeForce RTX 5060, 591.86, P8, 28, 0, 1223, 8151, 8.38, 145.00, 255, 405, 1, 8
2026-09-01T19:58:01.7879079+07:00,2026/09/01 19:58:01.818, NVIDIA GeForce RTX 5060, 591.86, P8, 28, 1, 1223, 8151, 8.66, 145.00, 202, 405, 1, 8
2026-09-01T19:58:06.8385647+07:00,2026/09/01 19:58:06.869, NVIDIA GeForce RTX 5060, 591.86, P8, 28, 0, 1223, 8151, 8.28, 145.00, 210, 405, 1, 8
2026-09-01T19:58:11.8865478+07:00,2026/09/01 19:58:11.917, NVIDIA GeForce RTX 5060, 591.86, P8, 28, 0, 1223, 8151, 8.16, 145.00, 210, 405, 1, 8
2026-09-01T19:58:16.9339151+07:00,2026/09/01 19:58:16.964, NVIDIA GeForce RTX 5060, 591.86, P8, 28, 1, 1223, 8151, 8.38, 145.00, 277, 405, 1, 8
2026-09-01T19:58:21.9782461+07:00,2026/09/01 19:58:22.009, NVIDIA GeForce RTX 5060, 591.86, P8, 28, 0, 1223, 8151, 8.14, 145.00, 255, 405, 1, 8
2026-09-01T19:58:27.1191055+07:00,2026/09/01 19:58:27.149, NVIDIA GeForce RTX 5060, 591.86, P1, 29, 0, 1223, 8151, 10.05, 145.00, 210, 14001, 4, 8
2026-09-01T19:58:32.1825861+07:00,2026/09/01 19:58:32.213, NVIDIA GeForce RTX 5060, 591.86, P8, 28, 1, 1223, 8151, 8.13, 145.00, 210, 405, 1, 8
2026-09-01T19:58:37.2321758+07:00,2026/09/01 19:58:37.278, NVIDIA GeForce RTX 5060, 591.86, P8, 28, 2, 1223, 8151, 8.29, 145.00, 210, 405, 1, 8
2026-09-01T19:58:42.2947817+07:00,2026/09/01 19:58:42.325, NVIDIA GeForce RTX 5060, 591.86, P8, 28, 0, 1223, 8151, 7.99, 145.00, 210, 405, 1, 8
2026-09-01T19:58:47.3448407+07:00,2026/09/01 19:58:47.375, NVIDIA GeForce RTX 5060, 591.86, P8, 28, 0, 1222, 8151, 8.08, 145.00, 210, 405, 1, 8
2026-09-01T19:58:52.3926972+07:00,2026/09/01 19:58:52.423, NVIDIA GeForce RTX 5060, 591.86, P8, 28, 0, 1223, 8151, 8.09, 145.00, 210, 405, 1, 8
2026-09-01T19:58:57.5037425+07:00,2026/09/01 19:58:57.534, NVIDIA GeForce RTX 5060, 591.86, P8, 28, 1, 1223, 8151, 8.26, 145.00, 210, 405, 1, 8
2026-09-01T19:59:02.5534356+07:00,2026/09/01 19:59:02.584, NVIDIA GeForce RTX 5060, 591.86, P8, 28, 0, 1223, 8151, 8.21, 145.00, 240, 405, 1, 8
2026-09-01T19:59:07.6025913+07:00,2026/09/01 19:59:07.633, NVIDIA GeForce RTX 5060, 591.86, P8, 28, 0, 1223, 8151, 8.07, 145.00, 210, 405, 1, 8
2026-09-01T19:59:12.6507466+07:00,2026/09/01 19:59:12.681, NVIDIA GeForce RTX 5060, 591.86, P8, 28, 0, 1223, 8151, 8.12, 145.00, 210, 405, 1, 8
2026-09-01T19:59:17.6987363+07:00,2026/09/01 19:59:17.744, NVIDIA GeForce RTX 5060, 591.86, P8, 28, 0, 1223, 8151, 8.30, 145.00, 210, 405, 1, 8
2026-09-01T19:59:22.7594041+07:00,2026/09/01 19:59:22.790, NVIDIA GeForce RTX 5060, 591.86, P8, 28, 0, 1223, 8151, 8.01, 145.00, 210, 405, 1, 8
2026-09-01T19:59:27.8841803+07:00,2026/09/01 19:59:27.915, NVIDIA GeForce RTX 5060, 591.86, P8, 28, 0, 1223, 8151, 8.08, 145.00, 210, 405, 1, 8
2026-09-01T19:59:32.9468180+07:00,2026/09/01 19:59:32.993, NVIDIA GeForce RTX 5060, 591.86, P8, 28, 2, 1223, 8151, 8.00, 145.00, 247, 405, 1, 8
2026-09-01T19:59:38.0122343+07:00,2026/09/01 19:59:38.043, NVIDIA GeForce RTX 5060, 591.86, P8, 28, 0, 1223, 8151, 8.00, 145.00, 210, 405, 1, 8
2026-09-01T19:59:43.1070287+07:00,2026/09/01 19:59:43.136, NVIDIA GeForce RTX 5060, 591.86, P8, 28, 0, 1223, 8151, 7.91, 145.00, 210, 405, 1, 8
2026-09-01T19:59:48.1568199+07:00,2026/09/01 19:59:48.187, NVIDIA GeForce RTX 5060, 591.86, P8, 28, 0, 1233, 8151, 8.65, 145.00, 210, 405, 1, 8
2026-09-01T19:59:53.2156503+07:00,2026/09/01 19:59:53.246, NVIDIA GeForce RTX 5060, 591.86, P8, 28, 0, 1230, 8151, 8.63, 145.00, 210, 405, 1, 8
2026-09-01T19:59:58.3435990+07:00,2026/09/01 19:59:58.374, NVIDIA GeForce RTX 5060, 591.86, P8, 28, 0, 1222, 8151, 8.16, 145.00, 210, 405, 1, 8
2026-09-01T20:00:03.4423541+07:00,2026/09/01 20:00:03.472, NVIDIA GeForce RTX 5060, 591.86, P8, 28, 0, 1223, 8151, 8.10, 145.00, 210, 405, 1, 8
2026-09-01T20:00:08.4975447+07:00,2026/09/01 20:00:08.525, NVIDIA GeForce RTX 5060, 591.86, P8, 28, 0, 1222, 8151, 7.99, 145.00, 210, 405, 1, 8
2026-09-01T20:00:13.5428848+07:00,2026/09/01 20:00:13.573, NVIDIA GeForce RTX 5060, 591.86, P8, 28, 0, 1222, 8151, 8.21, 145.00, 210, 405, 1, 8
2026-09-01T20:00:18.5912571+07:00,2026/09/01 20:00:18.621, NVIDIA GeForce RTX 5060, 591.86, P8, 28, 0, 1222, 8151, 8.27, 145.00, 210, 405, 1, 8
2026-09-01T20:00:23.6397188+07:00,2026/09/01 20:00:23.670, NVIDIA GeForce RTX 5060, 591.86, P1, 29, 0, 1222, 8151, 9.73, 145.00, 210, 14001, 4, 8
2026-09-01T20:00:28.8089996+07:00,2026/09/01 20:00:28.855, NVIDIA GeForce RTX 5060, 591.86, P8, 28, 0, 1222, 8151, 8.28, 145.00, 202, 405, 1, 8
2026-09-01T20:00:33.8722946+07:00,2026/09/01 20:00:33.903, NVIDIA GeForce RTX 5060, 591.86, P8, 28, 0, 1222, 8151, 7.97, 145.00, 210, 405, 1, 8
2026-09-01T20:00:38.9211055+07:00,2026/09/01 20:00:38.967, NVIDIA GeForce RTX 5060, 591.86, P8, 29, 0, 1221, 8151, 9.28, 145.00, 397, 405, 1, 8
2026-09-01T20:00:43.9984188+07:00,2026/09/01 20:00:44.029, NVIDIA GeForce RTX 5060, 591.86, P0, 30, 0, 1241, 8151, 22.54, 145.00, 2520, 14201, 4, 8
2026-09-01T20:00:49.0489560+07:00,2026/09/01 20:00:49.079, NVIDIA GeForce RTX 5060, 591.86, P8, 29, 0, 1241, 8151, 8.42, 145.00, 247, 405, 1, 8
2026-09-01T20:00:54.0969819+07:00,2026/09/01 20:00:54.127, NVIDIA GeForce RTX 5060, 591.86, P8, 29, 0, 1226, 8151, 8.58, 145.00, 232, 405, 1, 8
2026-09-01T20:00:59.1920048+07:00,2026/09/01 20:00:59.223, NVIDIA GeForce RTX 5060, 591.86, P8, 29, 0, 1227, 8151, 8.55, 145.00, 255, 405, 1, 8
2026-09-01T20:01:04.2416232+07:00,2026/09/01 20:01:04.272, NVIDIA GeForce RTX 5060, 591.86, P8, 29, 0, 1227, 8151, 8.71, 145.00, 232, 405, 1, 8
2026-09-01T20:01:09.2905505+07:00,2026/09/01 20:01:09.320, NVIDIA GeForce RTX 5060, 591.86, P8, 29, 0, 1227, 8151, 8.60, 145.00, 255, 405, 1, 8
2026-09-01T20:01:14.3373867+07:00,2026/09/01 20:01:14.383, NVIDIA GeForce RTX 5060, 591.86, P8, 29, 0, 1230, 8151, 8.73, 145.00, 232, 405, 1, 8
2026-09-01T20:01:19.4019969+07:00,2026/09/01 20:01:19.432, NVIDIA GeForce RTX 5060, 591.86, P8, 29, 0, 1230, 8151, 8.56, 145.00, 255, 405, 1, 8
2026-09-01T20:01:24.4488284+07:00,2026/09/01 20:01:24.494, NVIDIA GeForce RTX 5060, 591.86, P8, 29, 0, 1230, 8151, 8.64, 145.00, 255, 405, 1, 8
2026-09-01T20:01:29.5736325+07:00,2026/09/01 20:01:29.604, NVIDIA GeForce RTX 5060, 591.86, P8, 29, 0, 1231, 8151, 8.57, 145.00, 232, 405, 1, 8
2026-09-01T20:01:34.6195872+07:00,2026/09/01 20:01:34.650, NVIDIA GeForce RTX 5060, 591.86, P8, 29, 0, 1231, 8151, 8.77, 145.00, 255, 405, 1, 8
2026-09-01T20:01:39.6693207+07:00,2026/09/01 20:01:39.699, NVIDIA GeForce RTX 5060, 591.86, P8, 29, 0, 1231, 8151, 8.73, 145.00, 232, 405, 1, 8
2026-09-01T20:01:44.7185829+07:00,2026/09/01 20:01:44.749, NVIDIA GeForce RTX 5060, 591.86, P8, 28, 0, 1231, 8151, 8.69, 145.00, 247, 405, 1, 8
2026-09-01T20:01:49.7669370+07:00,2026/09/01 20:01:49.797, NVIDIA GeForce RTX 5060, 591.86, P8, 29, 0, 1231, 8151, 8.65, 145.00, 232, 405, 1, 8
2026-09-01T20:01:54.8148330+07:00,2026/09/01 20:01:54.845, NVIDIA GeForce RTX 5060, 591.86, P8, 29, 0, 1230, 8151, 8.79, 145.00, 232, 405, 1, 8
2026-09-01T20:01:59.9421650+07:00,2026/09/01 20:01:59.972, NVIDIA GeForce RTX 5060, 591.86, P8, 29, 0, 1231, 8151, 8.52, 145.00, 262, 405, 1, 8
2026-09-01T20:02:04.9902397+07:00,2026/09/01 20:02:05.051, NVIDIA GeForce RTX 5060, 591.86, P8, 29, 0, 1231, 8151, 8.66, 145.00, 225, 405, 1, 8
2026-09-01T20:02:10.0678117+07:00,2026/09/01 20:02:10.098, NVIDIA GeForce RTX 5060, 591.86, P8, 29, 0, 1231, 8151, 8.55, 145.00, 255, 405, 1, 8
2026-09-01T20:02:15.1300405+07:00,2026/09/01 20:02:15.161, NVIDIA GeForce RTX 5060, 591.86, P8, 29, 0, 1231, 8151, 8.56, 145.00, 232, 405, 1, 8
2026-09-01T20:02:20.1785683+07:00,2026/09/01 20:02:20.225, NVIDIA GeForce RTX 5060, 591.86, P8, 29, 0, 1231, 8151, 8.66, 145.00, 255, 405, 1, 8
2026-09-01T20:02:25.2429945+07:00,2026/09/01 20:02:25.273, NVIDIA GeForce RTX 5060, 591.86, P8, 29, 0, 1231, 8151, 8.57, 145.00, 232, 405, 1, 8
2026-09-01T20:02:30.3832588+07:00,2026/09/01 20:02:30.413, NVIDIA GeForce RTX 5060, 591.86, P8, 29, 0, 1231, 8151, 8.73, 145.00, 232, 405, 1, 8
2026-09-01T20:02:35.4312472+07:00,2026/09/01 20:02:35.462, NVIDIA GeForce RTX 5060, 591.86, P8, 29, 0, 1231, 8151, 8.75, 145.00, 255, 405, 1, 8
2026-09-01T20:02:40.4808464+07:00,2026/09/01 20:02:40.511, NVIDIA GeForce RTX 5060, 591.86, P8, 29, 0, 1231, 8151, 8.65, 145.00, 232, 405, 1, 8
2026-09-01T20:02:45.5459005+07:00,2026/09/01 20:02:45.576, NVIDIA GeForce RTX 5060, 591.86, P8, 28, 0, 1231, 8151, 8.58, 145.00, 255, 405, 1, 8
2026-09-01T20:02:50.6063207+07:00,2026/09/01 20:02:50.636, NVIDIA GeForce RTX 5060, 591.86, P8, 28, 0, 1231, 8151, 8.62, 145.00, 217, 405, 1, 8
2026-09-01T20:02:55.6558811+07:00,2026/09/01 20:02:55.702, NVIDIA GeForce RTX 5060, 591.86, P8, 28, 0, 1231, 8151, 8.76, 145.00, 255, 405, 1, 8
2026-09-01T20:03:00.7956582+07:00,2026/09/01 20:03:00.826, NVIDIA GeForce RTX 5060, 591.86, P8, 29, 0, 1230, 8151, 8.68, 145.00, 232, 405, 1, 8
2026-09-01T20:03:05.8593059+07:00,2026/09/01 20:03:05.889, NVIDIA GeForce RTX 5060, 591.86, P8, 29, 0, 1231, 8151, 8.50, 145.00, 232, 405, 1, 8
2026-09-01T20:03:10.9196885+07:00,2026/09/01 20:03:10.950, NVIDIA GeForce RTX 5060, 591.86, P8, 28, 0, 1231, 8151, 8.62, 145.00, 255, 405, 1, 8
2026-09-01T20:03:15.9819033+07:00,2026/09/01 20:03:16.028, NVIDIA GeForce RTX 5060, 591.86, P8, 28, 0, 1231, 8151, 8.50, 145.00, 232, 405, 1, 8
2026-09-01T20:03:21.0467554+07:00,2026/09/01 20:03:21.077, NVIDIA GeForce RTX 5060, 591.86, P8, 28, 0, 1231, 8151, 8.64, 145.00, 255, 405, 1, 8
2026-09-01T20:03:26.1117709+07:00,2026/09/01 20:03:26.142, NVIDIA GeForce RTX 5060, 591.86, P8, 28, 0, 1231, 8151, 8.61, 145.00, 225, 405, 1, 8
2026-09-01T20:03:31.2370792+07:00,2026/09/01 20:03:31.268, NVIDIA GeForce RTX 5060, 591.86, P8, 29, 0, 1233, 8151, 8.63, 145.00, 255, 405, 1, 8
2026-09-01T20:03:36.2870044+07:00,2026/09/01 20:03:36.317, NVIDIA GeForce RTX 5060, 591.86, P8, 28, 0, 1230, 8151, 8.69, 145.00, 232, 405, 1, 8
2026-09-01T20:03:41.3475444+07:00,2026/09/01 20:03:41.378, NVIDIA GeForce RTX 5060, 591.86, P8, 29, 0, 1230, 8151, 8.58, 145.00, 232, 405, 1, 8
2026-09-01T20:03:46.4096370+07:00,2026/09/01 20:03:46.440, NVIDIA GeForce RTX 5060, 591.86, P8, 28, 0, 1230, 8151, 8.71, 145.00, 255, 405, 1, 8
2026-09-01T20:03:51.4566699+07:00,2026/09/01 20:03:51.503, NVIDIA GeForce RTX 5060, 591.86, P8, 28, 0, 1230, 8151, 8.55, 145.00, 232, 405, 1, 8
2026-09-01T20:03:56.5210858+07:00,2026/09/01 20:03:56.552, NVIDIA GeForce RTX 5060, 591.86, P8, 29, 0, 1230, 8151, 8.61, 145.00, 255, 405, 1, 8
2026-09-01T20:04:01.6470885+07:00,2026/09/01 20:04:01.678, NVIDIA GeForce RTX 5060, 591.86, P8, 29, 0, 1231, 8151, 8.58, 145.00, 225, 405, 1, 8
2026-09-01T20:04:06.6970485+07:00,2026/09/01 20:04:06.727, NVIDIA GeForce RTX 5060, 591.86, P8, 29, 0, 1230, 8151, 8.62, 145.00, 247, 405, 1, 8
2026-09-01T20:04:11.7442741+07:00,2026/09/01 20:04:11.775, NVIDIA GeForce RTX 5060, 591.86, P8, 28, 0, 1230, 8151, 8.65, 145.00, 255, 405, 1, 8
2026-09-01T20:04:16.7932873+07:00,2026/09/01 20:04:16.855, NVIDIA GeForce RTX 5060, 591.86, P8, 29, 0, 1231, 8151, 8.64, 145.00, 232, 405, 1, 8
2026-09-01T20:04:21.8724102+07:00,2026/09/01 20:04:21.903, NVIDIA GeForce RTX 5060, 591.86, P8, 28, 0, 1231, 8151, 8.52, 145.00, 255, 405, 1, 8
2026-09-01T20:04:26.9201000+07:00,2026/09/01 20:04:26.966, NVIDIA GeForce RTX 5060, 591.86, P8, 28, 0, 1241, 8151, 8.55, 145.00, 232, 405, 1, 8
2026-09-01T20:04:32.0619569+07:00,2026/09/01 20:04:32.092, NVIDIA GeForce RTX 5060, 591.86, P8, 28, 0, 1231, 8151, 8.66, 145.00, 255, 405, 1, 8
2026-09-01T20:04:37.1108395+07:00,2026/09/01 20:04:37.141, NVIDIA GeForce RTX 5060, 591.86, P8, 28, 0, 1231, 8151, 8.60, 145.00, 225, 405, 1, 8
2026-09-01T20:04:42.1735751+07:00,2026/09/01 20:04:42.220, NVIDIA GeForce RTX 5060, 591.86, P8, 28, 0, 1233, 8151, 8.58, 145.00, 255, 405, 1, 8
2026-09-01T20:04:47.2383306+07:00,2026/09/01 20:04:47.284, NVIDIA GeForce RTX 5060, 591.86, P8, 28, 0, 1229, 8151, 8.52, 145.00, 255, 405, 1, 8
2026-09-01T20:04:52.3027572+07:00,2026/09/01 20:04:52.348, NVIDIA GeForce RTX 5060, 591.86, P8, 28, 0, 1229, 8151, 8.53, 145.00, 232, 405, 1, 8
2026-09-01T20:04:57.3653369+07:00,2026/09/01 20:04:57.396, NVIDIA GeForce RTX 5060, 591.86, P8, 28, 0, 1230, 8151, 8.47, 145.00, 255, 405, 1, 8
2026-09-01T20:05:02.4910048+07:00,2026/09/01 20:05:02.521, NVIDIA GeForce RTX 5060, 591.86, P8, 28, 0, 1230, 8151, 8.44, 145.00, 232, 405, 1, 8
2026-09-01T20:05:07.5380106+07:00,2026/09/01 20:05:07.584, NVIDIA GeForce RTX 5060, 591.86, P8, 28, 0, 1230, 8151, 8.48, 145.00, 255, 405, 1, 8
2026-09-01T20:05:12.6022022+07:00,2026/09/01 20:05:12.633, NVIDIA GeForce RTX 5060, 591.86, P8, 28, 0, 1230, 8151, 8.40, 145.00, 232, 405, 1, 8
2026-09-01T20:05:17.6639500+07:00,2026/09/01 20:05:17.694, NVIDIA GeForce RTX 5060, 591.86, P8, 28, 0, 1230, 8151, 8.37, 145.00, 232, 405, 1, 8
2026-09-01T20:05:22.7131656+07:00,2026/09/01 20:05:22.759, NVIDIA GeForce RTX 5060, 591.86, P8, 28, 0, 1230, 8151, 8.55, 145.00, 255, 405, 1, 8
2026-09-01T20:05:27.7769607+07:00,2026/09/01 20:05:27.807, NVIDIA GeForce RTX 5060, 591.86, P8, 28, 0, 1230, 8151, 8.40, 145.00, 232, 405, 1, 8
2026-09-01T20:05:32.9023753+07:00,2026/09/01 20:05:32.948, NVIDIA GeForce RTX 5060, 591.86, P8, 28, 0, 1230, 8151, 8.48, 145.00, 255, 405, 1, 8
2026-09-01T20:05:37.9673291+07:00,2026/09/01 20:05:37.998, NVIDIA GeForce RTX 5060, 591.86, P8, 28, 0, 1231, 8151, 8.47, 145.00, 232, 405, 1, 8
2026-09-01T20:05:43.0158224+07:00,2026/09/01 20:05:43.046, NVIDIA GeForce RTX 5060, 591.86, P8, 28, 0, 1233, 8151, 8.39, 145.00, 262, 405, 1, 8
2026-09-01T20:05:48.0780316+07:00,2026/09/01 20:05:48.109, NVIDIA GeForce RTX 5060, 591.86, P8, 28, 0, 1229, 8151, 8.46, 145.00, 225, 405, 1, 8
2026-09-01T20:05:53.1188837+07:00,2026/09/01 20:05:53.165, NVIDIA GeForce RTX 5060, 591.86, P8, 28, 0, 1229, 8151, 8.40, 145.00, 232, 405, 1, 8
2026-09-01T20:05:58.1828983+07:00,2026/09/01 20:05:58.228, NVIDIA GeForce RTX 5060, 591.86, P8, 28, 0, 1230, 8151, 8.45, 145.00, 255, 405, 1, 8
2026-09-01T20:06:03.3238436+07:00,2026/09/01 20:06:03.354, NVIDIA GeForce RTX 5060, 591.86, P8, 28, 0, 1230, 8151, 8.48, 145.00, 232, 405, 1, 8
2026-09-01T20:06:08.3722356+07:00,2026/09/01 20:06:08.403, NVIDIA GeForce RTX 5060, 591.86, P8, 28, 0, 1230, 8151, 8.51, 145.00, 255, 405, 1, 8
2026-09-01T20:06:13.4221182+07:00,2026/09/01 20:06:13.452, NVIDIA GeForce RTX 5060, 591.86, P8, 28, 0, 1232, 8151, 8.46, 145.00, 232, 405, 1, 8
2026-09-01T20:06:18.4715953+07:00,2026/09/01 20:06:18.502, NVIDIA GeForce RTX 5060, 591.86, P8, 28, 0, 1229, 8151, 8.48, 145.00, 255, 405, 1, 8
2026-09-01T20:06:23.5305425+07:00,2026/09/01 20:06:23.561, NVIDIA GeForce RTX 5060, 591.86, P8, 28, 0, 1229, 8151, 8.49, 145.00, 210, 405, 1, 8
2026-09-01T20:06:28.5918496+07:00,2026/09/01 20:06:28.622, NVIDIA GeForce RTX 5060, 591.86, P8, 28, 0, 1230, 8151, 8.56, 145.00, 225, 405, 1, 8
2026-09-01T20:06:33.7164509+07:00,2026/09/01 20:06:33.747, NVIDIA GeForce RTX 5060, 591.86, P8, 28, 0, 1230, 8151, 8.55, 145.00, 255, 405, 1, 8
2026-09-01T20:06:38.7645986+07:00,2026/09/01 20:06:38.811, NVIDIA GeForce RTX 5060, 591.86, P8, 28, 0, 1230, 8151, 8.56, 145.00, 232, 405, 1, 8
2026-09-01T20:06:43.8425699+07:00,2026/09/01 20:06:43.873, NVIDIA GeForce RTX 5060, 591.86, P8, 28, 0, 1230, 8151, 8.43, 145.00, 255, 405, 1, 8
2026-09-01T20:06:48.9027262+07:00,2026/09/01 20:06:48.933, NVIDIA GeForce RTX 5060, 591.86, P8, 28, 0, 1230, 8151, 8.62, 145.00, 225, 405, 1, 8
2026-09-01T20:06:53.9474707+07:00,2026/09/01 20:06:53.977, NVIDIA GeForce RTX 5060, 591.86, P8, 28, 0, 1230, 8151, 8.62, 145.00, 255, 405, 1, 8
2026-09-01T20:06:59.0079193+07:00,2026/09/01 20:06:59.038, NVIDIA GeForce RTX 5060, 591.86, P8, 28, 0, 1230, 8151, 8.53, 145.00, 225, 405, 1, 8
2026-09-01T20:07:04.1261100+07:00,2026/09/01 20:07:04.172, NVIDIA GeForce RTX 5060, 591.86, P8, 28, 0, 1232, 8151, 8.68, 145.00, 232, 405, 1, 8
2026-09-01T20:07:09.1854518+07:00,2026/09/01 20:07:09.216, NVIDIA GeForce RTX 5060, 591.86, P8, 28, 0, 1229, 8151, 8.63, 145.00, 255, 405, 1, 8
2026-09-01T20:07:14.2461846+07:00,2026/09/01 20:07:14.277, NVIDIA GeForce RTX 5060, 591.86, P8, 28, 0, 1229, 8151, 8.69, 145.00, 225, 405, 1, 8
2026-09-01T20:07:19.2972933+07:00,2026/09/01 20:07:19.328, NVIDIA GeForce RTX 5060, 591.86, P8, 28, 0, 1230, 8151, 8.60, 145.00, 255, 405, 1, 8
2026-09-01T20:07:24.3470031+07:00,2026/09/01 20:07:24.393, NVIDIA GeForce RTX 5060, 591.86, P8, 28, 0, 1230, 8151, 8.62, 145.00, 225, 405, 1, 8
2026-09-01T20:07:29.4123346+07:00,2026/09/01 20:07:29.443, NVIDIA GeForce RTX 5060, 591.86, P8, 28, 0, 1230, 8151, 8.70, 145.00, 255, 405, 1, 8
2026-09-01T20:07:34.5392331+07:00,2026/09/01 20:07:34.569, NVIDIA GeForce RTX 5060, 591.86, P8, 28, 0, 1230, 8151, 8.65, 145.00, 225, 405, 1, 8
2026-09-01T20:07:39.5849491+07:00,2026/09/01 20:07:39.615, NVIDIA GeForce RTX 5060, 591.86, P8, 28, 0, 1230, 8151, 8.68, 145.00, 225, 405, 1, 8
2026-09-01T20:07:44.6300008+07:00,2026/09/01 20:07:44.661, NVIDIA GeForce RTX 5060, 591.86, P8, 28, 0, 1230, 8151, 8.64, 145.00, 247, 405, 1, 8
2026-09-01T20:07:49.6791812+07:00,2026/09/01 20:07:49.710, NVIDIA GeForce RTX 5060, 591.86, P8, 28, 0, 1230, 8151, 8.68, 145.00, 225, 405, 1, 8
2026-09-01T20:07:54.7288129+07:00,2026/09/01 20:07:54.759, NVIDIA GeForce RTX 5060, 591.86, P8, 28, 0, 1230, 8151, 8.65, 145.00, 247, 405, 1, 8
2026-09-01T20:07:59.7790131+07:00,2026/09/01 20:07:59.810, NVIDIA GeForce RTX 5060, 591.86, P8, 28, 0, 1230, 8151, 8.60, 145.00, 225, 405, 1, 8
2026-09-01T20:08:04.8729558+07:00,2026/09/01 20:08:04.903, NVIDIA GeForce RTX 5060, 591.86, P8, 28, 0, 1230, 8151, 8.77, 145.00, 247, 405, 1, 8
2026-09-01T20:08:09.9237186+07:00,2026/09/01 20:08:09.954, NVIDIA GeForce RTX 5060, 591.86, P8, 28, 0, 1230, 8151, 8.64, 145.00, 232, 405, 1, 8
2026-09-01T20:08:14.9728329+07:00,2026/09/01 20:08:15.003, NVIDIA GeForce RTX 5060, 591.86, P8, 28, 0, 1233, 8151, 8.72, 145.00, 232, 405, 1, 8
2026-09-01T20:08:20.0162813+07:00,2026/09/01 20:08:20.047, NVIDIA GeForce RTX 5060, 591.86, P8, 28, 0, 1229, 8151, 8.75, 145.00, 255, 405, 1, 8
2026-09-01T20:08:25.0639084+07:00,2026/09/01 20:08:25.094, NVIDIA GeForce RTX 5060, 591.86, P8, 28, 0, 1229, 8151, 8.70, 145.00, 232, 405, 1, 8
2026-09-01T20:08:30.1124913+07:00,2026/09/01 20:08:30.143, NVIDIA GeForce RTX 5060, 591.86, P8, 28, 0, 1230, 8151, 8.62, 145.00, 255, 405, 1, 8
2026-09-01T20:08:35.2377301+07:00,2026/09/01 20:08:35.268, NVIDIA GeForce RTX 5060, 591.86, P8, 28, 0, 1230, 8151, 8.72, 145.00, 232, 405, 1, 8
2026-09-01T20:08:40.2851535+07:00,2026/09/01 20:08:40.315, NVIDIA GeForce RTX 5060, 591.86, P8, 28, 0, 1230, 8151, 8.52, 145.00, 232, 405, 1, 8
2026-09-01T20:08:45.3319662+07:00,2026/09/01 20:08:45.362, NVIDIA GeForce RTX 5060, 591.86, P8, 28, 0, 1232, 8151, 8.49, 145.00, 225, 405, 1, 8
2026-09-01T20:08:50.3804225+07:00,2026/09/01 20:08:50.410, NVIDIA GeForce RTX 5060, 591.86, P8, 28, 0, 1229, 8151, 8.68, 145.00, 225, 405, 1, 8
2026-09-01T20:08:55.4269924+07:00,2026/09/01 20:08:55.457, NVIDIA GeForce RTX 5060, 591.86, P8, 28, 0, 1229, 8151, 8.72, 145.00, 255, 405, 1, 8
2026-09-01T20:09:00.4783471+07:00,2026/09/01 20:09:00.507, NVIDIA GeForce RTX 5060, 591.86, P8, 28, 0, 1230, 8151, 8.72, 145.00, 225, 405, 1, 8
2026-09-01T20:09:05.6016230+07:00,2026/09/01 20:09:05.632, NVIDIA GeForce RTX 5060, 591.86, P8, 28, 0, 1246, 8151, 10.80, 145.00, 540, 405, 1, 8
2026-09-01T20:09:10.6532482+07:00,2026/09/01 20:09:10.683, NVIDIA GeForce RTX 5060, 591.86, P5, 29, 8, 1284, 8151, 10.95, 145.00, 472, 810, 2, 8
2026-09-01T20:09:15.6995452+07:00,2026/09/01 20:09:15.730, NVIDIA GeForce RTX 5060, 591.86, P8, 29, 4, 1269, 8151, 10.37, 145.00, 435, 405, 1, 8
2026-09-01T20:09:20.7508635+07:00,2026/09/01 20:09:20.781, NVIDIA GeForce RTX 5060, 591.86, P8, 28, 1, 1246, 8151, 9.00, 145.00, 322, 405, 1, 8
2026-09-01T20:09:25.7978719+07:00,2026/09/01 20:09:25.828, NVIDIA GeForce RTX 5060, 591.86, P8, 29, 0, 1243, 8151, 9.53, 145.00, 345, 405, 1, 8
2026-09-01T20:09:30.8454693+07:00,2026/09/01 20:09:30.876, NVIDIA GeForce RTX 5060, 591.86, P8, 29, 3, 1238, 8151, 8.93, 145.00, 225, 405, 1, 8
2026-09-01T20:09:35.9785669+07:00,2026/09/01 20:09:36.009, NVIDIA GeForce RTX 5060, 591.86, P0, 30, 0, 1020, 8151, 22.54, 145.00, 2520, 14201, 4, 8
2026-09-01T20:16:03.3382194+07:00,2026/09/01 20:16:03.400, NVIDIA GeForce RTX 5060, 591.86, P0, 30, 0, 236, 8151, 20.97, 145.00, 2512, 14201, 4, 8
2026-09-01T20:16:08.7930976+07:00,2026/09/01 20:16:08.824, NVIDIA GeForce RTX 5060, 591.86, P5, 30, 3, 272, 8151, 12.02, 145.00, 502, 810, 2, 8
2026-09-01T20:16:14.0180548+07:00,2026/09/01 20:16:14.062, NVIDIA GeForce RTX 5060, 591.86, P3, 30, 1, 365, 8151, 17.14, 145.00, 787, 7001, 2, 8
2026-09-01T20:16:19.0795326+07:00,2026/09/01 20:16:19.110, NVIDIA GeForce RTX 5060, 591.86, P5, 30, 1, 407, 8151, 12.52, 145.00, 622, 810, 2, 8
2026-09-01T20:16:24.1444671+07:00,2026/09/01 20:16:24.175, NVIDIA GeForce RTX 5060, 591.86, P0, 31, 2, 471, 8151, 22.89, 145.00, 2550, 14201, 4, 8
2026-09-01T20:16:29.1965243+07:00,2026/09/01 20:16:29.243, NVIDIA GeForce RTX 5060, 591.86, P0, 31, 3, 474, 8151, 23.50, 145.00, 2580, 14201, 4, 8
2026-09-01T20:16:34.2803388+07:00,2026/09/01 20:16:34.311, NVIDIA GeForce RTX 5060, 591.86, P0, 31, 0, 473, 8151, 22.40, 145.00, 2542, 14201, 4, 8
2026-09-01T20:16:39.4422050+07:00,2026/09/01 20:16:39.473, NVIDIA GeForce RTX 5060, 591.86, P8, 29, 1, 478, 8151, 8.83, 145.00, 277, 405, 1, 8
2026-09-01T20:16:44.4805756+07:00,2026/09/01 20:16:44.511, NVIDIA GeForce RTX 5060, 591.86, P8, 29, 0, 453, 8151, 8.72, 145.00, 277, 405, 1, 8
2026-09-01T20:16:49.5326960+07:00,2026/09/01 20:16:49.563, NVIDIA GeForce RTX 5060, 591.86, P8, 29, 0, 442, 8151, 8.53, 145.00, 232, 405, 1, 8
2026-09-01T20:16:54.5833654+07:00,2026/09/01 20:16:54.614, NVIDIA GeForce RTX 5060, 591.86, P8, 29, 2, 445, 8151, 8.97, 145.00, 322, 405, 1, 8
2026-09-01T20:16:59.6214598+07:00,2026/09/01 20:16:59.652, NVIDIA GeForce RTX 5060, 591.86, P5, 30, 0, 566, 8151, 20.60, 145.00, 2512, 810, 2, 8
2026-09-01T20:17:04.6690023+07:00,2026/09/01 20:17:04.700, NVIDIA GeForce RTX 5060, 591.86, P8, 30, 9, 574, 8151, 9.31, 145.00, 255, 405, 1, 8
2026-09-01T20:17:09.7560651+07:00,2026/09/01 20:17:09.786, NVIDIA GeForce RTX 5060, 591.86, P8, 29, 0, 564, 8151, 8.70, 145.00, 255, 405, 1, 8
2026-09-01T20:17:14.8003881+07:00,2026/09/01 20:17:14.831, NVIDIA GeForce RTX 5060, 591.86, P8, 29, 0, 575, 8151, 8.52, 145.00, 277, 405, 1, 8
2026-09-01T20:17:19.8502882+07:00,2026/09/01 20:17:19.881, NVIDIA GeForce RTX 5060, 591.86, P8, 29, 0, 572, 8151, 9.27, 145.00, 442, 405, 1, 8
2026-09-01T20:17:24.9205575+07:00,2026/09/01 20:17:24.951, NVIDIA GeForce RTX 5060, 591.86, P8, 29, 0, 569, 8151, 8.95, 145.00, 390, 405, 1, 8
2026-09-01T20:17:29.9729596+07:00,2026/09/01 20:17:30.003, NVIDIA GeForce RTX 5060, 591.86, P8, 29, 0, 568, 8151, 9.30, 145.00, 232, 405, 1, 8
2026-09-01T20:17:35.0236093+07:00,2026/09/01 20:17:35.054, NVIDIA GeForce RTX 5060, 591.86, P8, 29, 1, 564, 8151, 8.83, 145.00, 202, 405, 1, 8
2026-09-01T20:17:40.1501481+07:00,2026/09/01 20:17:40.181, NVIDIA GeForce RTX 5060, 591.86, P8, 29, 0, 568, 8151, 8.53, 145.00, 240, 405, 1, 8
2026-09-01T20:17:45.2009426+07:00,2026/09/01 20:17:45.232, NVIDIA GeForce RTX 5060, 591.86, P8, 29, 1, 568, 8151, 8.52, 145.00, 420, 405, 1, 8
2026-09-01T20:17:50.2505674+07:00,2026/09/01 20:17:50.312, NVIDIA GeForce RTX 5060, 591.86, P8, 29, 0, 568, 8151, 8.50, 145.00, 247, 405, 1, 8
2026-09-01T20:17:55.3217078+07:00,2026/09/01 20:17:55.368, NVIDIA GeForce RTX 5060, 591.86, P8, 29, 0, 568, 8151, 8.68, 145.00, 232, 405, 4, 8
2026-09-01T20:18:00.3873975+07:00,2026/09/01 20:18:00.418, NVIDIA GeForce RTX 5060, 591.86, P5, 29, 0, 568, 8151, 9.48, 145.00, 247, 810, 1, 8
2026-09-01T20:18:05.4385473+07:00,2026/09/01 20:18:05.469, NVIDIA GeForce RTX 5060, 591.86, P8, 29, 0, 568, 8151, 8.56, 145.00, 232, 405, 1, 8
2026-09-01T20:18:10.5979324+07:00,2026/09/01 20:18:10.628, NVIDIA GeForce RTX 5060, 591.86, P0, 29, 8, 568, 8151, 9.65, 145.00, 1612, 14201, 4, 8
2026-09-01T20:18:15.6468047+07:00,2026/09/01 20:18:15.677, NVIDIA GeForce RTX 5060, 591.86, P5, 29, 0, 568, 8151, 8.97, 145.00, 255, 810, 1, 8
2026-09-01T20:18:20.6978924+07:00,2026/09/01 20:18:20.759, NVIDIA GeForce RTX 5060, 591.86, P8, 29, 0, 568, 8151, 8.65, 145.00, 210, 405, 1, 8
2026-09-01T20:18:25.7675720+07:00,2026/09/01 20:18:25.829, NVIDIA GeForce RTX 5060, 591.86, P5, 29, 0, 571, 8151, 15.59, 145.00, 427, 810, 2, 8
2026-09-01T20:18:30.8505006+07:00,2026/09/01 20:18:30.881, NVIDIA GeForce RTX 5060, 591.86, P5, 29, 0, 568, 8151, 15.19, 145.00, 442, 810, 2, 8
2026-09-01T20:18:35.8965920+07:00,2026/09/01 20:18:35.958, NVIDIA GeForce RTX 5060, 591.86, P8, 29, 3, 570, 8151, 8.93, 145.00, 412, 405, 1, 8
2026-09-01T20:18:41.0387755+07:00,2026/09/01 20:18:41.116, NVIDIA GeForce RTX 5060, 591.86, P8, 29, 1, 570, 8151, 9.27, 145.00, 457, 405, 1, 8
2026-09-01T20:18:46.1352007+07:00,2026/09/01 20:18:46.197, NVIDIA GeForce RTX 5060, 591.86, P8, 29, 1, 578, 8151, 9.91, 145.00, 375, 405, 1, 8
2026-09-01T20:18:51.2186943+07:00,2026/09/01 20:18:51.281, NVIDIA GeForce RTX 5060, 591.86, P8, 29, 0, 553, 8151, 9.26, 145.00, 337, 405, 1, 8
2026-09-01T20:18:56.2957165+07:00,2026/09/01 20:18:56.326, NVIDIA GeForce RTX 5060, 591.86, P8, 29, 0, 549, 8151, 8.68, 145.00, 210, 405, 1, 8
2026-09-01T20:19:01.3478650+07:00,2026/09/01 20:19:01.378, NVIDIA GeForce RTX 5060, 591.86, P8, 29, 0, 536, 8151, 8.64, 145.00, 210, 405, 1, 8
2026-09-01T20:19:06.3966700+07:00,2026/09/01 20:19:06.443, NVIDIA GeForce RTX 5060, 591.86, P8, 29, 0, 536, 8151, 8.24, 145.00, 210, 405, 1, 8
2026-09-01T20:19:11.5383424+07:00,2026/09/01 20:19:11.568, NVIDIA GeForce RTX 5060, 591.86, P8, 29, 0, 534, 8151, 8.56, 145.00, 210, 405, 1, 8
2026-09-01T20:19:16.6033056+07:00,2026/09/01 20:19:16.634, NVIDIA GeForce RTX 5060, 591.86, P8, 29, 0, 534, 8151, 8.13, 145.00, 210, 405, 1, 8
2026-09-01T20:19:21.6656204+07:00,2026/09/01 20:19:21.696, NVIDIA GeForce RTX 5060, 591.86, P8, 29, 0, 533, 8151, 8.00, 145.00, 210, 405, 1, 8
2026-09-01T20:19:26.7271137+07:00,2026/09/01 20:19:26.773, NVIDIA GeForce RTX 5060, 591.86, P8, 29, 0, 529, 8151, 8.55, 145.00, 210, 405, 1, 8
2026-09-01T20:19:31.8026491+07:00,2026/09/01 20:19:31.833, NVIDIA GeForce RTX 5060, 591.86, P8, 29, 0, 528, 8151, 8.38, 145.00, 210, 405, 1, 8
2026-09-01T20:19:36.8519912+07:00,2026/09/01 20:19:36.898, NVIDIA GeForce RTX 5060, 591.86, P8, 29, 0, 532, 8151, 8.57, 145.00, 210, 405, 1, 8
2026-09-01T20:19:42.0238533+07:00,2026/09/01 20:19:42.054, NVIDIA GeForce RTX 5060, 591.86, P8, 29, 2, 529, 8151, 10.11, 145.00, 210, 405, 1, 8
2026-09-01T20:19:47.0713078+07:00,2026/09/01 20:19:47.102, NVIDIA GeForce RTX 5060, 591.86, P8, 29, 0, 534, 8151, 8.52, 145.00, 210, 405, 1, 8
2026-09-01T20:19:52.1333940+07:00,2026/09/01 20:19:52.179, NVIDIA GeForce RTX 5060, 591.86, P0, 29, 0, 542, 8151, 11.28, 145.00, 2010, 14201, 4, 8
2026-09-01T20:19:57.1986923+07:00,2026/09/01 20:19:57.229, NVIDIA GeForce RTX 5060, 591.86, P8, 29, 0, 545, 8151, 8.38, 145.00, 210, 405, 1, 8
2026-09-01T20:20:02.2764810+07:00,2026/09/01 20:20:02.307, NVIDIA GeForce RTX 5060, 591.86, P8, 29, 0, 547, 8151, 9.95, 145.00, 262, 405, 1, 8
2026-09-01T20:20:07.3254569+07:00,2026/09/01 20:20:07.356, NVIDIA GeForce RTX 5060, 591.86, P8, 29, 0, 548, 8151, 8.39, 145.00, 210, 405, 1, 8
2026-09-01T20:20:12.4669306+07:00,2026/09/01 20:20:12.497, NVIDIA GeForce RTX 5060, 591.86, P8, 29, 0, 548, 8151, 8.52, 145.00, 210, 405, 1, 8
2026-09-01T20:20:17.5275865+07:00,2026/09/01 20:20:17.558, NVIDIA GeForce RTX 5060, 591.86, P8, 28, 0, 547, 8151, 8.47, 145.00, 210, 405, 1, 8
2026-09-01T20:20:22.5751259+07:00,2026/09/01 20:20:22.606, NVIDIA GeForce RTX 5060, 591.86, P8, 28, 0, 547, 8151, 8.04, 145.00, 210, 405, 1, 8
2026-09-01T20:20:27.6239902+07:00,2026/09/01 20:20:27.655, NVIDIA GeForce RTX 5060, 591.86, P8, 28, 0, 543, 8151, 8.17, 145.00, 210, 405, 1, 8
2026-09-01T20:20:32.6727924+07:00,2026/09/01 20:20:32.703, NVIDIA GeForce RTX 5060, 591.86, P8, 28, 0, 543, 8151, 8.16, 145.00, 247, 405, 1, 8
2026-09-01T20:20:37.7264445+07:00,2026/09/01 20:20:37.757, NVIDIA GeForce RTX 5060, 591.86, P8, 28, 0, 543, 8151, 8.35, 145.00, 210, 405, 1, 8
2026-09-01T20:20:42.8389791+07:00,2026/09/01 20:20:42.870, NVIDIA GeForce RTX 5060, 591.86, P8, 28, 0, 549, 8151, 8.21, 145.00, 210, 405, 1, 8
2026-09-01T20:20:47.9034717+07:00,2026/09/01 20:20:47.934, NVIDIA GeForce RTX 5060, 591.86, P8, 28, 0, 547, 8151, 8.22, 145.00, 210, 405, 1, 8
2026-09-01T20:20:52.9514778+07:00,2026/09/01 20:20:52.997, NVIDIA GeForce RTX 5060, 591.86, P8, 28, 0, 547, 8151, 8.85, 145.00, 210, 405, 1, 8
2026-09-01T20:20:58.0155469+07:00,2026/09/01 20:20:58.046, NVIDIA GeForce RTX 5060, 591.86, P0, 30, 0, 556, 8151, 21.68, 145.00, 2512, 14201, 4, 8
2026-09-01T20:21:03.0801534+07:00,2026/09/01 20:21:03.126, NVIDIA GeForce RTX 5060, 591.86, P8, 28, 0, 556, 8151, 8.08, 145.00, 210, 405, 1, 8
2026-09-01T20:21:08.1568309+07:00,2026/09/01 20:21:08.187, NVIDIA GeForce RTX 5060, 591.86, P8, 28, 0, 556, 8151, 7.94, 145.00, 255, 405, 1, 8
2026-09-01T20:21:13.2653138+07:00,2026/09/01 20:21:13.296, NVIDIA GeForce RTX 5060, 591.86, P8, 28, 0, 556, 8151, 8.04, 145.00, 210, 405, 1, 8
2026-09-01T20:21:18.3266240+07:00,2026/09/01 20:21:18.357, NVIDIA GeForce RTX 5060, 591.86, P8, 28, 0, 556, 8151, 7.90, 145.00, 210, 405, 1, 8
2026-09-01T20:21:23.3770275+07:00,2026/09/01 20:21:23.408, NVIDIA GeForce RTX 5060, 591.86, P8, 28, 0, 560, 8151, 9.80, 145.00, 405, 405, 1, 8
2026-09-01T20:21:28.4259855+07:00,2026/09/01 20:21:28.456, NVIDIA GeForce RTX 5060, 591.86, P8, 29, 8, 562, 8151, 9.10, 145.00, 345, 405, 1, 8
2026-09-01T20:21:33.4738825+07:00,2026/09/01 20:21:33.504, NVIDIA GeForce RTX 5060, 591.86, P8, 29, 1, 566, 8151, 9.51, 145.00, 487, 405, 1, 8
2026-09-01T20:21:38.5215406+07:00,2026/09/01 20:21:38.568, NVIDIA GeForce RTX 5060, 591.86, P8, 28, 2, 560, 8151, 8.59, 145.00, 255, 405, 1, 8
2026-09-01T20:21:43.6612081+07:00,2026/09/01 20:21:43.692, NVIDIA GeForce RTX 5060, 591.86, P8, 28, 0, 555, 8151, 8.52, 145.00, 300, 405, 1, 8
2026-09-01T20:21:48.7243304+07:00,2026/09/01 20:21:48.755, NVIDIA GeForce RTX 5060, 591.86, P8, 28, 2, 555, 8151, 8.37, 145.00, 255, 405, 1, 8
2026-09-01T20:21:53.7750189+07:00,2026/09/01 20:21:53.806, NVIDIA GeForce RTX 5060, 591.86, P8, 28, 0, 560, 8151, 8.70, 145.00, 255, 405, 1, 8
2026-09-01T20:21:58.8394342+07:00,2026/09/01 20:21:58.870, NVIDIA GeForce RTX 5060, 591.86, P8, 28, 0, 556, 8151, 8.57, 145.00, 210, 405, 1, 8
2026-09-01T20:22:03.9023513+07:00,2026/09/01 20:22:03.933, NVIDIA GeForce RTX 5060, 591.86, P8, 28, 3, 555, 8151, 8.44, 145.00, 247, 405, 1, 8
2026-09-01T20:22:08.9503165+07:00,2026/09/01 20:22:08.981, NVIDIA GeForce RTX 5060, 591.86, P8, 28, 0, 555, 8151, 8.64, 145.00, 255, 405, 1, 8
2026-09-01T20:22:14.0782245+07:00,2026/09/01 20:22:14.124, NVIDIA GeForce RTX 5060, 591.86, P8, 28, 3, 555, 8151, 8.49, 145.00, 247, 405, 1, 8
2026-09-01T20:22:19.1554914+07:00,2026/09/01 20:22:19.202, NVIDIA GeForce RTX 5060, 591.86, P8, 28, 3, 555, 8151, 8.53, 145.00, 300, 405, 1, 8
2026-09-01T20:22:24.2186862+07:00,2026/09/01 20:22:24.249, NVIDIA GeForce RTX 5060, 591.86, P8, 28, 0, 555, 8151, 8.42, 145.00, 255, 405, 1, 8
2026-09-01T20:22:29.2803941+07:00,2026/09/01 20:22:29.311, NVIDIA GeForce RTX 5060, 591.86, P8, 28, 0, 555, 8151, 8.58, 145.00, 247, 405, 1, 8
2026-09-01T20:22:34.3328254+07:00,2026/09/01 20:22:34.379, NVIDIA GeForce RTX 5060, 591.86, P8, 29, 8, 571, 8151, 11.40, 145.00, 780, 405, 1, 8
2026-09-01T20:22:39.3971915+07:00,2026/09/01 20:22:39.443, NVIDIA GeForce RTX 5060, 591.86, P8, 28, 3, 567, 8151, 9.08, 145.00, 315, 405, 1, 8
2026-09-01T20:22:44.5259263+07:00,2026/09/01 20:22:44.556, NVIDIA GeForce RTX 5060, 591.86, P5, 29, 8, 571, 8151, 12.22, 145.00, 630, 810, 1, 8
2026-09-01T20:22:49.5738836+07:00,2026/09/01 20:22:49.604, NVIDIA GeForce RTX 5060, 591.86, P8, 28, 2, 567, 8151, 8.30, 145.00, 240, 405, 1, 8
2026-09-01T20:22:54.6233275+07:00,2026/09/01 20:22:54.669, NVIDIA GeForce RTX 5060, 591.86, P8, 28, 0, 557, 8151, 8.32, 145.00, 240, 405, 1, 8
2026-09-01T20:22:59.7000816+07:00,2026/09/01 20:22:59.730, NVIDIA GeForce RTX 5060, 591.86, P8, 29, 5, 562, 8151, 8.93, 145.00, 502, 405, 1, 8
2026-09-01T20:23:04.7478042+07:00,2026/09/01 20:23:04.778, NVIDIA GeForce RTX 5060, 591.86, P8, 28, 3, 563, 8151, 8.73, 145.00, 255, 405, 1, 8
2026-09-01T20:23:09.7976635+07:00,2026/09/01 20:23:09.828, NVIDIA GeForce RTX 5060, 591.86, P8, 29, 16, 570, 8151, 10.43, 145.00, 712, 405, 2, 8
2026-09-01T20:23:14.9179056+07:00,2026/09/01 20:23:14.958, NVIDIA GeForce RTX 5060, 591.86, P0, 30, 0, 580, 8151, 21.77, 145.00, 2520, 14201, 4, 8
2026-09-01T20:23:19.9777616+07:00,2026/09/01 20:23:20.008, NVIDIA GeForce RTX 5060, 591.86, P8, 29, 2, 565, 8151, 8.74, 145.00, 270, 405, 1, 8
2026-09-01T20:23:25.0319864+07:00,2026/09/01 20:23:25.062, NVIDIA GeForce RTX 5060, 591.86, P8, 29, 0, 573, 8151, 10.87, 145.00, 225, 405, 1, 8
2026-09-01T20:23:30.0816428+07:00,2026/09/01 20:23:30.112, NVIDIA GeForce RTX 5060, 591.86, P8, 28, 0, 571, 8151, 8.45, 145.00, 247, 405, 1, 8
2026-09-01T20:23:35.1304337+07:00,2026/09/01 20:23:35.161, NVIDIA GeForce RTX 5060, 591.86, P8, 29, 7, 562, 8151, 11.47, 145.00, 652, 405, 1, 8
2026-09-01T20:23:40.1831539+07:00,2026/09/01 20:23:40.214, NVIDIA GeForce RTX 5060, 591.86, P5, 29, 7, 580, 8151, 12.63, 145.00, 765, 810, 1, 8
2026-09-01T20:23:45.2974303+07:00,2026/09/01 20:23:45.328, NVIDIA GeForce RTX 5060, 591.86, P8, 29, 0, 580, 8151, 9.78, 145.00, 292, 405, 1, 8
2026-09-01T20:23:50.3461664+07:00,2026/09/01 20:23:50.377, NVIDIA GeForce RTX 5060, 591.86, P8, 29, 6, 580, 8151, 10.93, 145.00, 510, 405, 1, 8
2026-09-01T20:23:55.4111234+07:00,2026/09/01 20:23:55.442, NVIDIA GeForce RTX 5060, 591.86, P8, 29, 1, 574, 8151, 9.40, 145.00, 210, 405, 1, 8
2026-09-01T20:24:00.4634528+07:00,2026/09/01 20:24:00.494, NVIDIA GeForce RTX 5060, 591.86, P0, 30, 3, 590, 8151, 22.31, 145.00, 2580, 14201, 4, 8
2026-09-01T20:24:05.5127857+07:00,2026/09/01 20:24:05.543, NVIDIA GeForce RTX 5060, 591.86, P0, 30, 1, 607, 8151, 19.61, 145.00, 2557, 14201, 4, 8
2026-09-01T20:24:10.5624610+07:00,2026/09/01 20:24:10.593, NVIDIA GeForce RTX 5060, 591.86, P8, 29, 0, 620, 8151, 8.35, 145.00, 307, 405, 1, 8
2026-09-01T20:24:15.6867736+07:00,2026/09/01 20:24:15.716, NVIDIA GeForce RTX 5060, 591.86, P5, 29, 1, 598, 8151, 10.75, 145.00, 562, 810, 1, 8
2026-09-01T20:24:20.7462823+07:00,2026/09/01 20:24:20.776, NVIDIA GeForce RTX 5060, 591.86, P8, 29, 0, 633, 8151, 7.79, 145.00, 210, 405, 1, 8
2026-09-01T20:24:25.7952523+07:00,2026/09/01 20:24:25.826, NVIDIA GeForce RTX 5060, 591.86, P8, 29, 0, 633, 8151, 7.98, 145.00, 210, 405, 1, 8
2026-09-01T20:24:30.8429294+07:00,2026/09/01 20:24:30.873, NVIDIA GeForce RTX 5060, 591.86, P8, 29, 0, 633, 8151, 7.47, 145.00, 210, 405, 1, 8
2026-09-01T20:24:35.9057049+07:00,2026/09/01 20:24:35.936, NVIDIA GeForce RTX 5060, 591.86, P8, 29, 0, 627, 8151, 10.02, 145.00, 382, 405, 1, 8
2026-09-01T20:24:40.9459300+07:00,2026/09/01 20:24:40.976, NVIDIA GeForce RTX 5060, 591.86, P8, 29, 2, 623, 8151, 9.16, 145.00, 210, 405, 1, 8
2026-09-01T20:24:46.0620688+07:00,2026/09/01 20:24:46.093, NVIDIA GeForce RTX 5060, 591.86, P8, 29, 0, 615, 8151, 8.94, 145.00, 330, 405, 1, 8
2026-09-01T20:24:51.1156040+07:00,2026/09/01 20:24:51.146, NVIDIA GeForce RTX 5060, 591.86, P8, 29, 5, 641, 8151, 10.82, 145.00, 592, 405, 1, 8
2026-09-01T20:24:56.1645024+07:00,2026/09/01 20:24:56.195, NVIDIA GeForce RTX 5060, 591.86, P8, 29, 0, 627, 8151, 8.54, 145.00, 232, 405, 1, 8
2026-09-01T20:25:01.2123024+07:00,2026/09/01 20:25:01.243, NVIDIA GeForce RTX 5060, 591.86, P8, 29, 5, 613, 8151, 8.65, 145.00, 210, 405, 1, 8
2026-09-01T20:25:06.2593983+07:00,2026/09/01 20:25:06.321, NVIDIA GeForce RTX 5060, 591.86, P8, 29, 0, 605, 8151, 8.19, 145.00, 240, 405, 1, 8
2026-09-01T20:25:11.3392660+07:00,2026/09/01 20:25:11.386, NVIDIA GeForce RTX 5060, 591.86, P0, 30, 0, 639, 8151, 21.76, 145.00, 2527, 14201, 4, 8
2026-09-01T20:25:16.4672268+07:00,2026/09/01 20:25:16.529, NVIDIA GeForce RTX 5060, 591.86, P5, 29, 2, 684, 8151, 10.57, 145.00, 795, 810, 2, 8
2026-09-01T20:25:21.5755554+07:00,2026/09/01 20:25:21.698, NVIDIA GeForce RTX 5060, 591.86, P0, 30, 2, 622, 8151, 22.92, 145.00, 2557, 14201, 4, 8
2026-09-01T20:25:26.7303475+07:00,2026/09/01 20:25:26.854, NVIDIA GeForce RTX 5060, 591.86, P8, 29, 0, 644, 8151, 9.58, 145.00, 405, 405, 1, 8
2026-09-01T20:25:31.8814092+07:00,2026/09/01 20:25:31.944, NVIDIA GeForce RTX 5060, 591.86, P8, 29, 3, 627, 8151, 10.10, 145.00, 607, 405, 1, 8
2026-09-01T20:25:36.9633490+07:00,2026/09/01 20:25:37.009, NVIDIA GeForce RTX 5060, 591.86, P8, 29, 0, 608, 8151, 9.59, 145.00, 405, 405, 1, 8
2026-09-01T20:25:42.0444851+07:00,2026/09/01 20:25:42.107, NVIDIA GeForce RTX 5060, 591.86, P8, 29, 0, 607, 8151, 8.00, 145.00, 210, 405, 1, 8
2026-09-01T20:25:47.1861709+07:00,2026/09/01 20:25:47.248, NVIDIA GeForce RTX 5060, 591.86, P8, 29, 0, 607, 8151, 7.75, 145.00, 210, 405, 1, 8
2026-09-01T20:25:52.2943114+07:00,2026/09/01 20:25:52.371, NVIDIA GeForce RTX 5060, 591.86, P8, 29, 0, 607, 8151, 8.13, 145.00, 255, 405, 1, 8
2026-09-01T20:25:57.4062469+07:00,2026/09/01 20:25:57.483, NVIDIA GeForce RTX 5060, 591.86, P8, 29, 0, 608, 8151, 8.19, 145.00, 255, 405, 1, 8
2026-09-01T20:26:02.5025322+07:00,2026/09/01 20:26:02.781, NVIDIA GeForce RTX 5060, 591.86, P8, 29, 0, 604, 8151, 8.55, 145.00, 247, 405, 1, 8
2026-09-01T20:26:07.8589977+07:00,2026/09/01 20:26:08.152, NVIDIA GeForce RTX 5060, 591.86, P8, 29, 0, 604, 8151, 8.26, 145.00, 247, 405, 1, 8
2026-09-01T20:26:13.1993344+07:00,2026/09/01 20:26:13.415, NVIDIA GeForce RTX 5060, 591.86, P1, 29, 0, 604, 8151, 14.90, 145.00, 210, 14001, 2, 8
2026-09-01T20:26:18.5835656+07:00,2026/09/01 20:26:19.047, NVIDIA GeForce RTX 5060, 591.86, P8, 29, 0, 602, 8151, 8.57, 145.00, 210, 405, 1, 8
2026-09-01T20:26:24.1384994+07:00,2026/09/01 20:26:24.416, NVIDIA GeForce RTX 5060, 591.86, P8, 29, 0, 607, 8151, 10.00, 145.00, 525, 405, 1, 8
2026-09-01T20:26:29.4700823+07:00,2026/09/01 20:26:29.945, NVIDIA GeForce RTX 5060, 591.86, P8, 29, 0, 606, 8151, 9.02, 145.00, 210, 405, 1, 8
2026-09-01T20:26:35.0043244+07:00,2026/09/01 20:26:35.452, NVIDIA GeForce RTX 5060, 591.86, P8, 29, 0, 612, 8151, 8.64, 145.00, 210, 405, 1, 8
2026-09-01T20:26:40.5265179+07:00,2026/09/01 20:26:41.066, NVIDIA GeForce RTX 5060, 591.86, P8, 28, 0, 607, 8151, 8.29, 145.00, 210, 405, 1, 8
2026-09-01T20:26:46.1209992+07:00,2026/09/01 20:26:46.167, NVIDIA GeForce RTX 5060, 591.86, P8, 28, 0, 606, 8151, 8.60, 145.00, 210, 405, 1, 8
2026-09-01T20:26:51.3302636+07:00,2026/09/01 20:26:51.361, NVIDIA GeForce RTX 5060, 591.86, P8, 29, 11, 653, 8151, 10.43, 145.00, 465, 405, 1, 8
2026-09-01T20:26:56.3721147+07:00,2026/09/01 20:26:56.403, NVIDIA GeForce RTX 5060, 591.86, P8, 29, 0, 617, 8151, 9.68, 145.00, 315, 405, 1, 8
2026-09-01T20:27:01.4913419+07:00,2026/09/01 20:27:01.521, NVIDIA GeForce RTX 5060, 591.86, P8, 29, 7, 638, 8151, 11.58, 145.00, 585, 405, 1, 8
2026-09-01T20:27:06.5286199+07:00,2026/09/01 20:27:06.559, NVIDIA GeForce RTX 5060, 591.86, P5, 29, 4, 604, 8151, 11.72, 145.00, 435, 810, 2, 8
2026-09-01T20:27:11.5724713+07:00,2026/09/01 20:27:11.618, NVIDIA GeForce RTX 5060, 591.86, P8, 29, 0, 621, 8151, 8.73, 145.00, 210, 405, 1, 8
2026-09-01T20:27:16.6425748+07:00,2026/09/01 20:27:16.827, NVIDIA GeForce RTX 5060, 591.86, P8, 29, 6, 614, 8151, 8.77, 145.00, 225, 405, 1, 8
2026-09-01T20:27:21.9845084+07:00,2026/09/01 20:27:22.185, NVIDIA GeForce RTX 5060, 591.86, P8, 29, 0, 624, 8151, 9.45, 145.00, 225, 405, 1, 8
2026-09-01T20:27:27.1983239+07:00,2026/09/01 20:27:27.321, NVIDIA GeForce RTX 5060, 591.86, P8, 29, 0, 619, 8151, 8.59, 145.00, 210, 405, 1, 8
2026-09-01T20:27:32.4589361+07:00,2026/09/01 20:27:32.628, NVIDIA GeForce RTX 5060, 591.86, P8, 29, 0, 619, 8151, 8.63, 145.00, 210, 405, 1, 8
2026-09-01T20:27:37.6601601+07:00,2026/09/01 20:27:37.920, NVIDIA GeForce RTX 5060, 591.86, P8, 29, 0, 620, 8151, 8.33, 145.00, 210, 405, 1, 8
2026-09-01T20:27:42.9808410+07:00,2026/09/01 20:27:43.088, NVIDIA GeForce RTX 5060, 591.86, P8, 29, 0, 620, 8151, 8.47, 145.00, 210, 405, 1, 8
2026-09-01T20:27:48.1142165+07:00,2026/09/01 20:27:48.237, NVIDIA GeForce RTX 5060, 591.86, P8, 29, 0, 619, 8151, 8.80, 145.00, 210, 405, 1, 8
2026-09-01T20:27:53.3618839+07:00,2026/09/01 20:27:53.532, NVIDIA GeForce RTX 5060, 591.86, P8, 28, 0, 622, 8151, 8.51, 145.00, 210, 405, 1, 8
2026-09-01T20:27:59.8823580+07:00,2026/09/01 20:28:11.300, NVIDIA GeForce RTX 5060, 591.86, P0, 30, 2, 674, 8151, 24.16, 145.00, 2580, 14201, 4, 8
2026-09-01T20:28:16.3958907+07:00,2026/09/01 20:28:16.768, NVIDIA GeForce RTX 5060, 591.86, P8, 29, 1, 654, 8151, 10.67, 145.00, 510, 405, 1, 8
2026-09-01T20:28:21.7862617+07:00,2026/09/01 20:28:21.986, NVIDIA GeForce RTX 5060, 591.86, P8, 29, 1, 654, 8151, 9.76, 145.00, 435, 405, 1, 8
2026-09-01T20:28:27.0910300+07:00,2026/09/01 20:28:27.121, NVIDIA GeForce RTX 5060, 591.86, P8, 29, 1, 654, 8151, 9.71, 145.00, 420, 405, 1, 8
2026-09-01T20:28:32.1341414+07:00,2026/09/01 20:28:32.165, NVIDIA GeForce RTX 5060, 591.86, P8, 29, 1, 657, 8151, 9.66, 145.00, 442, 405, 1, 8
2026-09-01T20:28:37.1965023+07:00,2026/09/01 20:28:37.227, NVIDIA GeForce RTX 5060, 591.86, P0, 30, 0, 673, 8151, 20.51, 145.00, 2520, 14201, 4, 8
2026-09-01T20:28:42.2587195+07:00,2026/09/01 20:28:42.320, NVIDIA GeForce RTX 5060, 591.86, P8, 29, 0, 673, 8151, 8.85, 145.00, 315, 405, 1, 8
2026-09-01T20:28:47.3379188+07:00,2026/09/01 20:28:47.400, NVIDIA GeForce RTX 5060, 591.86, P8, 29, 1, 676, 8151, 9.33, 145.00, 382, 405, 1, 8
2026-09-01T20:28:52.4144690+07:00,2026/09/01 20:28:52.492, NVIDIA GeForce RTX 5060, 591.86, P8, 29, 0, 686, 8151, 9.04, 145.00, 352, 405, 1, 8
2026-09-01T20:28:57.6347668+07:00,2026/09/01 20:28:57.696, NVIDIA GeForce RTX 5060, 591.86, P5, 29, 0, 702, 8151, 18.96, 145.00, 1470, 810, 2, 8
2026-09-01T20:29:02.7117583+07:00,2026/09/01 20:29:02.773, NVIDIA GeForce RTX 5060, 591.86, P8, 29, 0, 702, 8151, 8.66, 145.00, 232, 405, 1, 8
2026-09-01T20:29:07.7902344+07:00,2026/09/01 20:29:07.852, NVIDIA GeForce RTX 5060, 591.86, P8, 29, 0, 706, 8151, 8.57, 145.00, 210, 405, 1, 8
2026-09-01T20:29:12.8696262+07:00,2026/09/01 20:29:12.900, NVIDIA GeForce RTX 5060, 591.86, P8, 29, 0, 706, 8151, 8.63, 145.00, 232, 405, 1, 8
2026-09-01T20:29:17.9185682+07:00,2026/09/01 20:29:17.980, NVIDIA GeForce RTX 5060, 591.86, P8, 29, 0, 706, 8151, 8.60, 145.00, 210, 405, 1, 8
2026-09-01T20:29:23.0006485+07:00,2026/09/01 20:29:23.077, NVIDIA GeForce RTX 5060, 591.86, P8, 29, 0, 694, 8151, 8.62, 145.00, 232, 405, 1, 8
2026-09-01T20:29:28.2230005+07:00,2026/09/01 20:29:28.331, NVIDIA GeForce RTX 5060, 591.86, P8, 29, 9, 694, 8151, 9.64, 145.00, 240, 405, 1, 8
2026-09-01T20:29:33.3496121+07:00,2026/09/01 20:29:33.426, NVIDIA GeForce RTX 5060, 591.86, P8, 29, 0, 694, 8151, 8.55, 145.00, 210, 405, 1, 8
2026-09-01T20:29:38.4550611+07:00,2026/09/01 20:29:38.517, NVIDIA GeForce RTX 5060, 591.86, P0, 30, 0, 692, 8151, 22.20, 145.00, 2527, 14201, 4, 8
2026-09-01T20:29:43.5339497+07:00,2026/09/01 20:29:43.564, NVIDIA GeForce RTX 5060, 591.86, P8, 29, 0, 566, 8151, 8.38, 145.00, 210, 405, 1, 8
