recorded_at,nvidia_timestamp,name,driver_version,pstate,temperature_c,gpu_util_percent,memory_used_mib,memory_total_mib,power_w,power_limit_w,graphics_clock_mhz,memory_clock_mhz,pcie_generation,pcie_width
2026-09-02T09:54:09.9409269+07:00,2026/09/02 09:54:10.034, NVIDIA GeForce RTX 5060, 591.86, P0, 30, 0, 236, 8151, 22.23, 145.00, 2512, 14201, 4, 8
2026-09-02T09:54:15.4416833+07:00,2026/09/02 09:54:15.472, NVIDIA GeForce RTX 5060, 591.86, P0, 30, 0, 251, 8151, 22.24, 145.00, 2512, 14201, 4, 8
2026-09-02T09:54:20.4800475+07:00,2026/09/02 09:54:20.511, NVIDIA GeForce RTX 5060, 591.86, P0, 30, 4, 263, 8151, 23.41, 145.00, 2565, 14201, 4, 8
2026-09-02T09:54:25.5214299+07:00,2026/09/02 09:54:25.552, NVIDIA GeForce RTX 5060, 591.86, P5, 29, 0, 284, 8151, 10.62, 145.00, 765, 810, 2, 8
2026-09-02T09:54:30.5640639+07:00,2026/09/02 09:54:30.595, NVIDIA GeForce RTX 5060, 591.86, P8, 28, 0, 284, 8151, 9.28, 145.00, 495, 405, 1, 8
2026-09-02T09:54:35.6106205+07:00,2026/09/02 09:54:35.641, NVIDIA GeForce RTX 5060, 591.86, P8, 28, 0, 287, 8151, 8.94, 145.00, 322, 405, 1, 8
2026-09-02T09:54:40.6567259+07:00,2026/09/02 09:54:40.687, NVIDIA GeForce RTX 5060, 591.86, P8, 29, 1, 288, 8151, 8.96, 145.00, 405, 405, 1, 8
2026-09-02T09:54:45.8079456+07:00,2026/09/02 09:54:45.838, NVIDIA GeForce RTX 5060, 591.86, P8, 28, 0, 290, 8151, 8.98, 145.00, 367, 405, 1, 8
2026-09-02T09:54:50.8496174+07:00,2026/09/02 09:54:50.880, NVIDIA GeForce RTX 5060, 591.86, P8, 29, 1, 291, 8151, 9.45, 145.00, 427, 405, 1, 8
2026-09-02T09:54:55.8923143+07:00,2026/09/02 09:54:55.923, NVIDIA GeForce RTX 5060, 591.86, P8, 29, 1, 310, 8151, 10.12, 145.00, 225, 405, 1, 8
2026-09-02T09:55:00.9405872+07:00,2026/09/02 09:55:00.971, NVIDIA GeForce RTX 5060, 591.86, P0, 30, 0, 412, 8151, 15.36, 145.00, 2527, 14201, 4, 8
2026-09-02T09:55:05.9796420+07:00,2026/09/02 09:55:06.041, NVIDIA GeForce RTX 5060, 591.86, P0, 30, 0, 444, 8151, 15.45, 145.00, 2520, 14201, 4, 8
2026-09-02T09:55:11.0492946+07:00,2026/09/02 09:55:11.080, NVIDIA GeForce RTX 5060, 591.86, P0, 30, 1, 475, 8151, 21.85, 145.00, 2542, 14201, 4, 8
2026-09-02T09:55:16.1443721+07:00,2026/09/02 09:55:16.175, NVIDIA GeForce RTX 5060, 591.86, P8, 29, 0, 475, 8151, 8.55, 145.00, 202, 405, 1, 8
2026-09-02T09:55:21.1908191+07:00,2026/09/02 09:55:21.221, NVIDIA GeForce RTX 5060, 591.86, P8, 29, 0, 475, 8151, 8.35, 145.00, 210, 405, 1, 8
2026-09-02T09:55:26.2385905+07:00,2026/09/02 09:55:26.269, NVIDIA GeForce RTX 5060, 591.86, P8, 29, 2, 557, 8151, 8.09, 145.00, 210, 405, 1, 8
2026-09-02T09:55:31.3010340+07:00,2026/09/02 09:55:31.331, NVIDIA GeForce RTX 5060, 591.86, P8, 29, 0, 557, 8151, 8.42, 145.00, 210, 405, 1, 8
2026-09-02T09:55:36.3506460+07:00,2026/09/02 09:55:36.381, NVIDIA GeForce RTX 5060, 591.86, P8, 29, 0, 557, 8151, 8.27, 145.00, 210, 405, 1, 8
2026-09-02T09:55:41.3993672+07:00,2026/09/02 09:55:41.430, NVIDIA GeForce RTX 5060, 591.86, P8, 29, 0, 557, 8151, 7.92, 145.00, 210, 405, 1, 8
2026-09-02T09:55:46.5212051+07:00,2026/09/02 09:55:46.567, NVIDIA GeForce RTX 5060, 591.86, P8, 29, 0, 557, 8151, 8.19, 145.00, 210, 405, 1, 8
2026-09-02T09:55:51.5892900+07:00,2026/09/02 09:55:51.620, NVIDIA GeForce RTX 5060, 591.86, P8, 28, 0, 557, 8151, 8.00, 145.00, 210, 405, 1, 8
2026-09-02T09:55:56.6403745+07:00,2026/09/02 09:55:56.671, NVIDIA GeForce RTX 5060, 591.86, P8, 28, 0, 557, 8151, 7.94, 145.00, 210, 405, 1, 8
2026-09-02T09:56:01.6929453+07:00,2026/09/02 09:56:01.723, NVIDIA GeForce RTX 5060, 591.86, P8, 28, 1, 557, 8151, 8.24, 145.00, 210, 405, 1, 8
2026-09-02T09:56:06.7447984+07:00,2026/09/02 09:56:06.775, NVIDIA GeForce RTX 5060, 591.86, P0, 30, 0, 557, 8151, 22.44, 145.00, 2512, 14201, 4, 8
2026-09-02T09:56:11.7811558+07:00,2026/09/02 09:56:11.812, NVIDIA GeForce RTX 5060, 591.86, P8, 29, 0, 557, 8151, 8.08, 145.00, 210, 405, 1, 8
2026-09-02T09:56:16.9090452+07:00,2026/09/02 09:56:16.940, NVIDIA GeForce RTX 5060, 591.86, P5, 29, 0, 447, 8151, 20.68, 145.00, 720, 810, 2, 8
2026-09-02T09:56:21.9592302+07:00,2026/09/02 09:56:21.990, NVIDIA GeForce RTX 5060, 591.86, P5, 29, 0, 447, 8151, 15.78, 145.00, 322, 810, 2, 8
2026-09-02T09:56:27.0106469+07:00,2026/09/02 09:56:27.041, NVIDIA GeForce RTX 5060, 591.86, P8, 29, 0, 447, 8151, 8.31, 145.00, 210, 405, 1, 8
2026-09-02T09:56:32.0597134+07:00,2026/09/02 09:56:32.090, NVIDIA GeForce RTX 5060, 591.86, P8, 29, 0, 447, 8151, 7.89, 145.00, 210, 405, 1, 8
2026-09-02T09:56:37.1098364+07:00,2026/09/02 09:56:37.140, NVIDIA GeForce RTX 5060, 591.86, P8, 29, 0, 447, 8151, 7.82, 145.00, 210, 405, 1, 8
2026-09-02T09:56:42.1612526+07:00,2026/09/02 09:56:42.192, NVIDIA GeForce RTX 5060, 591.86, P8, 29, 0, 447, 8151, 8.16, 145.00, 255, 405, 1, 8
2026-09-02T09:56:47.3356489+07:00,2026/09/02 09:56:47.366, NVIDIA GeForce RTX 5060, 591.86, P8, 29, 0, 447, 8151, 8.12, 145.00, 210, 405, 1, 8
2026-09-02T09:56:52.3855403+07:00,2026/09/02 09:56:52.416, NVIDIA GeForce RTX 5060, 591.86, P8, 29, 0, 447, 8151, 7.77, 145.00, 210, 405, 1, 8
2026-09-02T09:56:57.4361078+07:00,2026/09/02 09:56:57.467, NVIDIA GeForce RTX 5060, 591.86, P8, 29, 0, 447, 8151, 8.29, 145.00, 210, 405, 1, 8
2026-09-02T09:57:02.4868498+07:00,2026/09/02 09:57:02.517, NVIDIA GeForce RTX 5060, 591.86, P8, 29, 0, 447, 8151, 8.19, 145.00, 210, 405, 1, 8
2026-09-02T09:57:07.5381582+07:00,2026/09/02 09:57:07.569, NVIDIA GeForce RTX 5060, 591.86, P8, 29, 0, 447, 8151, 8.50, 145.00, 210, 405, 1, 8
2026-09-02T09:57:12.5895446+07:00,2026/09/02 09:57:12.619, NVIDIA GeForce RTX 5060, 591.86, P8, 29, 0, 447, 8151, 7.80, 145.00, 210, 405, 1, 8
2026-09-02T09:57:17.6993530+07:00,2026/09/02 09:57:17.730, NVIDIA GeForce RTX 5060, 591.86, P8, 29, 0, 447, 8151, 8.41, 145.00, 210, 405, 1, 8
2026-09-02T09:57:22.7487187+07:00,2026/09/02 09:57:22.779, NVIDIA GeForce RTX 5060, 591.86, P8, 29, 0, 447, 8151, 8.23, 145.00, 210, 405, 1, 8
2026-09-02T09:57:27.7992191+07:00,2026/09/02 09:57:27.830, NVIDIA GeForce RTX 5060, 591.86, P8, 29, 0, 447, 8151, 8.08, 145.00, 210, 405, 1, 8
2026-09-02T09:57:32.8505305+07:00,2026/09/02 09:57:32.896, NVIDIA GeForce RTX 5060, 591.86, P8, 28, 0, 447, 8151, 7.61, 145.00, 210, 405, 1, 8
2026-09-02T09:57:37.9161045+07:00,2026/09/02 09:57:37.947, NVIDIA GeForce RTX 5060, 591.86, P8, 28, 0, 447, 8151, 7.80, 145.00, 210, 405, 1, 8
2026-09-02T09:57:42.9682136+07:00,2026/09/02 09:57:42.999, NVIDIA GeForce RTX 5060, 591.86, P8, 29, 0, 447, 8151, 8.11, 145.00, 210, 405, 1, 8
2026-09-02T09:57:48.0807942+07:00,2026/09/02 09:57:48.111, NVIDIA GeForce RTX 5060, 591.86, P8, 28, 0, 447, 8151, 7.62, 145.00, 210, 405, 1, 8
2026-09-02T09:57:53.1329593+07:00,2026/09/02 09:57:53.163, NVIDIA GeForce RTX 5060, 591.86, P8, 28, 0, 447, 8151, 7.63, 145.00, 210, 405, 1, 8
2026-09-02T09:57:58.1835574+07:00,2026/09/02 09:57:58.230, NVIDIA GeForce RTX 5060, 591.86, P8, 28, 0, 447, 8151, 7.48, 145.00, 210, 405, 1, 8
2026-09-02T09:58:03.2499338+07:00,2026/09/02 09:58:03.280, NVIDIA GeForce RTX 5060, 591.86, P5, 29, 0, 463, 8151, 19.20, 145.00, 862, 810, 2, 8
2026-09-02T09:58:08.3004587+07:00,2026/09/02 09:58:08.331, NVIDIA GeForce RTX 5060, 591.86, P8, 29, 0, 463, 8151, 8.02, 145.00, 210, 405, 1, 8
2026-09-02T09:58:13.3514295+07:00,2026/09/02 09:58:13.381, NVIDIA GeForce RTX 5060, 591.86, P8, 29, 0, 463, 8151, 7.82, 145.00, 210, 405, 1, 8
2026-09-02T09:58:18.4628359+07:00,2026/09/02 09:58:18.493, NVIDIA GeForce RTX 5060, 591.86, P5, 29, 0, 463, 8151, 8.55, 145.00, 262, 810, 2, 8
2026-09-02T09:58:23.5130826+07:00,2026/09/02 09:58:23.544, NVIDIA GeForce RTX 5060, 591.86, P8, 29, 0, 463, 8151, 7.64, 145.00, 210, 405, 1, 8
2026-09-02T09:58:28.5650403+07:00,2026/09/02 09:58:28.595, NVIDIA GeForce RTX 5060, 591.86, P8, 29, 0, 463, 8151, 7.80, 145.00, 210, 405, 1, 8
2026-09-02T09:58:33.6158995+07:00,2026/09/02 09:58:33.646, NVIDIA GeForce RTX 5060, 591.86, P8, 29, 0, 463, 8151, 7.69, 145.00, 210, 405, 1, 8
2026-09-02T09:58:38.6679655+07:00,2026/09/02 09:58:38.698, NVIDIA GeForce RTX 5060, 591.86, P8, 29, 0, 463, 8151, 7.70, 145.00, 210, 405, 1, 8
2026-09-02T09:58:43.7185837+07:00,2026/09/02 09:58:43.749, NVIDIA GeForce RTX 5060, 591.86, P8, 29, 0, 463, 8151, 7.80, 145.00, 210, 405, 1, 8
2026-09-02T09:58:48.8455149+07:00,2026/09/02 09:58:48.876, NVIDIA GeForce RTX 5060, 591.86, P8, 29, 0, 463, 8151, 7.91, 145.00, 210, 405, 1, 8
2026-09-02T09:58:53.8966972+07:00,2026/09/02 09:58:53.927, NVIDIA GeForce RTX 5060, 591.86, P8, 29, 0, 463, 8151, 8.00, 145.00, 210, 405, 1, 8
2026-09-02T09:58:58.9620989+07:00,2026/09/02 09:58:58.993, NVIDIA GeForce RTX 5060, 591.86, P3, 29, 0, 463, 8151, 16.57, 145.00, 450, 7001, 4, 8
2026-09-02T09:59:04.0115382+07:00,2026/09/02 09:59:04.042, NVIDIA GeForce RTX 5060, 591.86, P8, 29, 0, 463, 8151, 7.99, 145.00, 210, 405, 1, 8
2026-09-02T09:59:09.0607284+07:00,2026/09/02 09:59:09.107, NVIDIA GeForce RTX 5060, 591.86, P8, 29, 0, 463, 8151, 7.64, 145.00, 210, 405, 1, 8
2026-09-02T09:59:14.1245542+07:00,2026/09/02 09:59:14.155, NVIDIA GeForce RTX 5060, 591.86, P8, 29, 0, 463, 8151, 7.75, 145.00, 210, 405, 1, 8
2026-09-02T09:59:19.2524259+07:00,2026/09/02 09:59:19.314, NVIDIA GeForce RTX 5060, 591.86, P8, 29, 0, 463, 8151, 7.89, 145.00, 210, 405, 1, 8
2026-09-02T09:59:24.3334247+07:00,2026/09/02 09:59:24.364, NVIDIA GeForce RTX 5060, 591.86, P8, 29, 0, 463, 8151, 7.82, 145.00, 210, 405, 1, 8
2026-09-02T09:59:29.3990768+07:00,2026/09/02 09:59:29.430, NVIDIA GeForce RTX 5060, 591.86, P8, 29, 0, 461, 8151, 8.09, 145.00, 210, 405, 1, 8
2026-09-02T09:59:34.4501527+07:00,2026/09/02 09:59:34.496, NVIDIA GeForce RTX 5060, 591.86, P8, 29, 0, 461, 8151, 7.58, 145.00, 210, 405, 1, 8
2026-09-02T09:59:39.5169343+07:00,2026/09/02 09:59:39.547, NVIDIA GeForce RTX 5060, 591.86, P8, 29, 0, 461, 8151, 7.69, 145.00, 210, 405, 1, 8
2026-09-02T09:59:44.5669149+07:00,2026/09/02 09:59:44.597, NVIDIA GeForce RTX 5060, 591.86, P8, 29, 0, 461, 8151, 7.81, 145.00, 210, 405, 1, 8
2026-09-02T09:59:49.7101827+07:00,2026/09/02 09:59:49.741, NVIDIA GeForce RTX 5060, 591.86, P8, 29, 0, 461, 8151, 7.62, 145.00, 210, 405, 1, 8
2026-09-02T09:59:54.7601046+07:00,2026/09/02 09:59:54.791, NVIDIA GeForce RTX 5060, 591.86, P8, 29, 0, 461, 8151, 7.90, 145.00, 210, 405, 1, 8
2026-09-02T09:59:59.8104107+07:00,2026/09/02 09:59:59.841, NVIDIA GeForce RTX 5060, 591.86, P8, 29, 0, 461, 8151, 7.76, 145.00, 210, 405, 1, 8
2026-09-02T10:00:04.8623238+07:00,2026/09/02 10:00:04.893, NVIDIA GeForce RTX 5060, 591.86, P8, 29, 0, 461, 8151, 8.00, 145.00, 210, 405, 1, 8
2026-09-02T10:00:09.9127763+07:00,2026/09/02 10:00:09.959, NVIDIA GeForce RTX 5060, 591.86, P8, 29, 0, 461, 8151, 7.82, 145.00, 210, 405, 1, 8
2026-09-02T10:00:14.9805686+07:00,2026/09/02 10:00:15.027, NVIDIA GeForce RTX 5060, 591.86, P8, 29, 0, 461, 8151, 7.89, 145.00, 210, 405, 1, 8
2026-09-02T10:00:20.1083158+07:00,2026/09/02 10:00:20.139, NVIDIA GeForce RTX 5060, 591.86, P8, 29, 0, 461, 8151, 7.77, 145.00, 210, 405, 1, 8
2026-09-02T10:00:25.1602220+07:00,2026/09/02 10:00:25.206, NVIDIA GeForce RTX 5060, 591.86, P8, 29, 0, 461, 8151, 7.73, 145.00, 210, 405, 1, 8
2026-09-02T10:00:30.2264615+07:00,2026/09/02 10:00:30.257, NVIDIA GeForce RTX 5060, 591.86, P8, 29, 0, 461, 8151, 7.77, 145.00, 210, 405, 1, 8
2026-09-02T10:00:35.2928098+07:00,2026/09/02 10:00:35.338, NVIDIA GeForce RTX 5060, 591.86, P8, 29, 0, 461, 8151, 7.97, 145.00, 210, 405, 1, 8
2026-09-02T10:00:40.3907773+07:00,2026/09/02 10:00:40.421, NVIDIA GeForce RTX 5060, 591.86, P8, 29, 0, 461, 8151, 7.78, 145.00, 210, 405, 1, 8
2026-09-02T10:00:45.4412632+07:00,2026/09/02 10:00:45.472, NVIDIA GeForce RTX 5060, 591.86, P8, 29, 0, 461, 8151, 7.81, 145.00, 210, 405, 1, 8
2026-09-02T10:00:50.5543038+07:00,2026/09/02 10:00:50.585, NVIDIA GeForce RTX 5060, 591.86, P8, 29, 0, 461, 8151, 7.59, 145.00, 210, 405, 1, 8
2026-09-02T10:00:55.6203275+07:00,2026/09/02 10:00:55.651, NVIDIA GeForce RTX 5060, 591.86, P8, 29, 0, 461, 8151, 7.67, 145.00, 210, 405, 1, 8
2026-09-02T10:01:00.6721411+07:00,2026/09/02 10:01:00.702, NVIDIA GeForce RTX 5060, 591.86, P8, 29, 0, 461, 8151, 8.20, 145.00, 240, 405, 1, 8
2026-09-02T10:01:05.7227188+07:00,2026/09/02 10:01:05.753, NVIDIA GeForce RTX 5060, 591.86, P8, 29, 0, 461, 8151, 7.76, 145.00, 210, 405, 1, 8
2026-09-02T10:01:10.7729886+07:00,2026/09/02 10:01:10.803, NVIDIA GeForce RTX 5060, 591.86, P8, 29, 0, 461, 8151, 7.87, 145.00, 210, 405, 1, 8
2026-09-02T10:01:15.8236017+07:00,2026/09/02 10:01:15.854, NVIDIA GeForce RTX 5060, 591.86, P8, 29, 0, 461, 8151, 7.91, 145.00, 210, 405, 1, 8
2026-09-02T10:01:20.9677197+07:00,2026/09/02 10:01:20.998, NVIDIA GeForce RTX 5060, 591.86, P8, 29, 0, 461, 8151, 7.90, 145.00, 210, 405, 1, 8
2026-09-02T10:01:26.0176982+07:00,2026/09/02 10:01:26.048, NVIDIA GeForce RTX 5060, 591.86, P8, 29, 0, 461, 8151, 7.90, 145.00, 210, 405, 1, 8
2026-09-02T10:01:31.0678632+07:00,2026/09/02 10:01:31.098, NVIDIA GeForce RTX 5060, 591.86, P8, 29, 0, 461, 8151, 7.99, 145.00, 210, 405, 1, 8
2026-09-02T10:01:36.1200212+07:00,2026/09/02 10:01:36.150, NVIDIA GeForce RTX 5060, 591.86, P8, 29, 0, 461, 8151, 8.18, 145.00, 210, 405, 1, 8
2026-09-02T10:01:41.1718758+07:00,2026/09/02 10:01:41.202, NVIDIA GeForce RTX 5060, 591.86, P8, 29, 0, 461, 8151, 8.04, 145.00, 210, 405, 1, 8
2026-09-02T10:01:46.2238193+07:00,2026/09/02 10:01:46.254, NVIDIA GeForce RTX 5060, 591.86, P8, 29, 0, 461, 8151, 8.03, 145.00, 210, 405, 1, 8
2026-09-02T10:01:51.3381348+07:00,2026/09/02 10:01:51.369, NVIDIA GeForce RTX 5060, 591.86, P8, 29, 0, 461, 8151, 7.55, 145.00, 210, 405, 1, 8
2026-09-02T10:01:56.3895349+07:00,2026/09/02 10:01:56.435, NVIDIA GeForce RTX 5060, 591.86, P8, 29, 0, 461, 8151, 7.73, 145.00, 210, 405, 1, 8
2026-09-02T10:02:01.4716286+07:00,2026/09/02 10:02:01.502, NVIDIA GeForce RTX 5060, 591.86, P8, 29, 0, 461, 8151, 8.20, 145.00, 210, 405, 1, 8
2026-09-02T10:02:06.5230996+07:00,2026/09/02 10:02:06.554, NVIDIA GeForce RTX 5060, 591.86, P8, 29, 0, 461, 8151, 7.55, 145.00, 210, 405, 1, 8
2026-09-02T10:02:11.5889934+07:00,2026/09/02 10:02:11.650, NVIDIA GeForce RTX 5060, 591.86, P8, 29, 0, 461, 8151, 7.62, 145.00, 210, 405, 1, 8
2026-09-02T10:02:16.6700156+07:00,2026/09/02 10:02:16.716, NVIDIA GeForce RTX 5060, 591.86, P8, 29, 0, 461, 8151, 7.95, 145.00, 210, 405, 1, 8
2026-09-02T10:02:21.7982705+07:00,2026/09/02 10:02:21.829, NVIDIA GeForce RTX 5060, 591.86, P8, 29, 0, 461, 8151, 7.79, 145.00, 210, 405, 1, 8
2026-09-02T10:02:26.8495043+07:00,2026/09/02 10:02:26.880, NVIDIA GeForce RTX 5060, 591.86, P8, 29, 0, 461, 8151, 7.68, 145.00, 210, 405, 1, 8
2026-09-02T10:02:31.9005943+07:00,2026/09/02 10:02:31.931, NVIDIA GeForce RTX 5060, 591.86, P8, 29, 0, 461, 8151, 7.76, 145.00, 210, 405, 1, 8
2026-09-02T10:02:36.9504403+07:00,2026/09/02 10:02:36.981, NVIDIA GeForce RTX 5060, 591.86, P8, 29, 0, 461, 8151, 7.62, 145.00, 210, 405, 1, 8
2026-09-02T10:02:42.0021773+07:00,2026/09/02 10:02:42.033, NVIDIA GeForce RTX 5060, 591.86, P8, 29, 0, 461, 8151, 7.75, 145.00, 210, 405, 1, 8
2026-09-02T10:02:47.0514348+07:00,2026/09/02 10:02:47.082, NVIDIA GeForce RTX 5060, 591.86, P8, 29, 0, 461, 8151, 7.68, 145.00, 210, 405, 1, 8
2026-09-02T10:02:52.1879327+07:00,2026/09/02 10:02:52.218, NVIDIA GeForce RTX 5060, 591.86, P8, 29, 0, 461, 8151, 8.30, 145.00, 210, 405, 1, 8
2026-09-02T10:02:57.2391892+07:00,2026/09/02 10:02:57.270, NVIDIA GeForce RTX 5060, 591.86, P8, 29, 0, 461, 8151, 7.82, 145.00, 210, 405, 1, 8
2026-09-02T10:03:02.2899806+07:00,2026/09/02 10:03:02.336, NVIDIA GeForce RTX 5060, 591.86, P8, 29, 0, 461, 8151, 8.26, 145.00, 210, 405, 1, 8
2026-09-02T10:03:07.3574309+07:00,2026/09/02 10:03:07.388, NVIDIA GeForce RTX 5060, 591.86, P8, 29, 0, 461, 8151, 7.76, 145.00, 210, 405, 1, 8
2026-09-02T10:03:12.4057813+07:00,2026/09/02 10:03:12.452, NVIDIA GeForce RTX 5060, 591.86, P8, 29, 0, 461, 8151, 8.20, 145.00, 210, 405, 1, 8
2026-09-02T10:03:17.4670167+07:00,2026/09/02 10:03:17.498, NVIDIA GeForce RTX 5060, 591.86, P8, 29, 0, 461, 8151, 8.16, 145.00, 210, 405, 1, 8
2026-09-02T10:03:22.5927008+07:00,2026/09/02 10:03:22.623, NVIDIA GeForce RTX 5060, 591.86, P8, 29, 0, 461, 8151, 7.61, 145.00, 210, 405, 1, 8
2026-09-02T10:03:27.6448961+07:00,2026/09/02 10:03:27.691, NVIDIA GeForce RTX 5060, 591.86, P8, 29, 0, 461, 8151, 7.67, 145.00, 210, 405, 1, 8
2026-09-02T10:03:32.7232847+07:00,2026/09/02 10:03:32.769, NVIDIA GeForce RTX 5060, 591.86, P8, 29, 0, 461, 8151, 7.65, 145.00, 210, 405, 1, 8
2026-09-02T10:03:37.7754297+07:00,2026/09/02 10:03:37.806, NVIDIA GeForce RTX 5060, 591.86, P8, 29, 0, 461, 8151, 7.69, 145.00, 210, 405, 1, 8
2026-09-02T10:03:42.8260277+07:00,2026/09/02 10:03:42.857, NVIDIA GeForce RTX 5060, 591.86, P8, 29, 0, 461, 8151, 7.80, 145.00, 210, 405, 1, 8
2026-09-02T10:03:47.8763855+07:00,2026/09/02 10:03:47.922, NVIDIA GeForce RTX 5060, 591.86, P8, 29, 0, 461, 8151, 7.74, 145.00, 210, 405, 1, 8
2026-09-02T10:03:53.0021102+07:00,2026/09/02 10:03:53.033, NVIDIA GeForce RTX 5060, 591.86, P8, 29, 0, 461, 8151, 7.64, 145.00, 210, 405, 1, 8
2026-09-02T10:03:58.0496698+07:00,2026/09/02 10:03:58.080, NVIDIA GeForce RTX 5060, 591.86, P8, 29, 0, 461, 8151, 7.81, 145.00, 210, 405, 1, 8
2026-09-02T10:04:03.0944438+07:00,2026/09/02 10:04:03.125, NVIDIA GeForce RTX 5060, 591.86, P0, 30, 0, 461, 8151, 22.61, 145.00, 2512, 14201, 4, 8
2026-09-02T10:04:08.1336859+07:00,2026/09/02 10:04:08.164, NVIDIA GeForce RTX 5060, 591.86, P5, 29, 0, 461, 8151, 14.85, 145.00, 442, 810, 2, 8
2026-09-02T10:04:13.1802786+07:00,2026/09/02 10:04:13.211, NVIDIA GeForce RTX 5060, 591.86, P8, 29, 0, 461, 8151, 7.77, 145.00, 210, 405, 1, 8
2026-09-02T10:04:18.2205106+07:00,2026/09/02 10:04:18.251, NVIDIA GeForce RTX 5060, 591.86, P8, 29, 0, 461, 8151, 8.23, 145.00, 210, 405, 1, 8
2026-09-02T10:04:23.3554616+07:00,2026/09/02 10:04:23.400, NVIDIA GeForce RTX 5060, 591.86, P8, 29, 0, 461, 8151, 8.27, 145.00, 210, 405, 1, 8
2026-09-02T10:04:28.4153780+07:00,2026/09/02 10:04:28.446, NVIDIA GeForce RTX 5060, 591.86, P8, 29, 0, 461, 8151, 8.31, 145.00, 210, 405, 1, 8
2026-09-02T10:04:33.4550320+07:00,2026/09/02 10:04:33.486, NVIDIA GeForce RTX 5060, 591.86, P8, 29, 0, 461, 8151, 8.10, 145.00, 210, 405, 1, 8
2026-09-02T10:04:38.5019896+07:00,2026/09/02 10:04:38.532, NVIDIA GeForce RTX 5060, 591.86, P8, 29, 0, 461, 8151, 8.05, 145.00, 210, 405, 1, 8
2026-09-02T10:04:43.5515789+07:00,2026/09/02 10:04:43.582, NVIDIA GeForce RTX 5060, 591.86, P8, 29, 0, 461, 8151, 8.02, 145.00, 210, 405, 1, 8
2026-09-02T10:04:48.6010254+07:00,2026/09/02 10:04:48.632, NVIDIA GeForce RTX 5060, 591.86, P8, 29, 0, 461, 8151, 7.92, 145.00, 210, 405, 1, 8
2026-09-02T10:04:53.7605068+07:00,2026/09/02 10:04:53.791, NVIDIA GeForce RTX 5060, 591.86, P8, 29, 0, 461, 8151, 8.00, 145.00, 210, 405, 1, 8
2026-09-02T10:04:58.8088264+07:00,2026/09/02 10:04:58.839, NVIDIA GeForce RTX 5060, 591.86, P8, 29, 0, 461, 8151, 7.97, 145.00, 210, 405, 1, 8
2026-09-02T10:05:03.8578811+07:00,2026/09/02 10:05:03.888, NVIDIA GeForce RTX 5060, 591.86, P8, 29, 0, 461, 8151, 8.40, 145.00, 210, 405, 1, 8
2026-09-02T10:05:08.9106749+07:00,2026/09/02 10:05:09.359, NVIDIA GeForce RTX 5060, 591.86, P8, 29, 0, 461, 8151, 8.14, 145.00, 210, 405, 1, 8
2026-09-02T10:05:14.4714308+07:00,2026/09/02 10:05:14.796, NVIDIA GeForce RTX 5060, 591.86, P8, 29, 0, 461, 8151, 8.00, 145.00, 210, 405, 1, 8
2026-09-02T10:05:19.8132165+07:00,2026/09/02 10:05:20.122, NVIDIA GeForce RTX 5060, 591.86, P8, 29, 0, 461, 8151, 8.25, 145.00, 210, 405, 1, 8
2026-09-02T10:05:25.2580553+07:00,2026/09/02 10:05:25.381, NVIDIA GeForce RTX 5060, 591.86, P8, 29, 0, 461, 8151, 8.10, 145.00, 210, 405, 1, 8
2026-09-02T10:05:30.4099046+07:00,2026/09/02 10:05:30.471, NVIDIA GeForce RTX 5060, 591.86, P8, 29, 0, 461, 8151, 8.27, 145.00, 210, 405, 1, 8
2026-09-02T10:05:35.4854923+07:00,2026/09/02 10:05:35.593, NVIDIA GeForce RTX 5060, 591.86, P8, 29, 0, 461, 8151, 7.90, 145.00, 210, 405, 1, 8
2026-09-02T10:05:40.6074855+07:00,2026/09/02 10:05:40.684, NVIDIA GeForce RTX 5060, 591.86, P8, 29, 0, 461, 8151, 7.92, 145.00, 210, 405, 1, 8
2026-09-02T10:05:45.6985174+07:00,2026/09/02 10:05:45.790, NVIDIA GeForce RTX 5060, 591.86, P8, 29, 0, 461, 8151, 8.00, 145.00, 210, 405, 1, 8
2026-09-02T10:05:50.8356284+07:00,2026/09/02 10:05:50.974, NVIDIA GeForce RTX 5060, 591.86, P8, 29, 0, 461, 8151, 7.91, 145.00, 210, 405, 1, 8
2026-09-02T10:05:56.0570577+07:00,2026/09/02 10:05:56.211, NVIDIA GeForce RTX 5060, 591.86, P8, 29, 0, 461, 8151, 7.90, 145.00, 210, 405, 1, 8
2026-09-02T10:06:01.2275009+07:00,2026/09/02 10:06:01.366, NVIDIA GeForce RTX 5060, 591.86, P8, 29, 0, 461, 8151, 8.24, 145.00, 210, 405, 1, 8
2026-09-02T10:06:06.3929087+07:00,2026/09/02 10:06:06.469, NVIDIA GeForce RTX 5060, 591.86, P8, 29, 0, 461, 8151, 8.06, 145.00, 210, 405, 1, 8
2026-09-02T10:06:11.5153647+07:00,2026/09/02 10:06:11.699, NVIDIA GeForce RTX 5060, 591.86, P8, 29, 0, 461, 8151, 7.88, 145.00, 210, 405, 1, 8
2026-09-02T10:06:16.7240766+07:00,2026/09/02 10:06:16.816, NVIDIA GeForce RTX 5060, 591.86, P8, 29, 0, 461, 8151, 7.96, 145.00, 210, 405, 1, 8
2026-09-02T10:06:21.8457681+07:00,2026/09/02 10:06:21.891, NVIDIA GeForce RTX 5060, 591.86, P8, 29, 0, 461, 8151, 7.99, 145.00, 210, 405, 1, 8
2026-09-02T10:06:26.9935053+07:00,2026/09/02 10:06:27.040, NVIDIA GeForce RTX 5060, 591.86, P8, 29, 0, 461, 8151, 7.89, 145.00, 210, 405, 1, 8
2026-09-02T10:06:32.0601193+07:00,2026/09/02 10:06:32.106, NVIDIA GeForce RTX 5060, 591.86, P8, 29, 0, 461, 8151, 7.83, 145.00, 210, 405, 1, 8
2026-09-02T10:06:37.1270220+07:00,2026/09/02 10:06:37.173, NVIDIA GeForce RTX 5060, 591.86, P8, 29, 0, 461, 8151, 7.82, 145.00, 210, 405, 1, 8
2026-09-02T10:06:42.1909114+07:00,2026/09/02 10:06:42.237, NVIDIA GeForce RTX 5060, 591.86, P8, 29, 0, 461, 8151, 7.93, 145.00, 210, 405, 1, 8
2026-09-02T10:06:47.2580257+07:00,2026/09/02 10:06:47.289, NVIDIA GeForce RTX 5060, 591.86, P8, 29, 0, 461, 8151, 7.86, 145.00, 210, 405, 1, 8
2026-09-02T10:06:52.3085586+07:00,2026/09/02 10:06:52.355, NVIDIA GeForce RTX 5060, 591.86, P8, 29, 0, 461, 8151, 8.01, 145.00, 210, 405, 1, 8
2026-09-02T10:06:57.4525889+07:00,2026/09/02 10:06:57.498, NVIDIA GeForce RTX 5060, 591.86, P8, 29, 0, 461, 8151, 7.72, 145.00, 210, 405, 1, 8
2026-09-02T10:07:02.5190497+07:00,2026/09/02 10:07:02.549, NVIDIA GeForce RTX 5060, 591.86, P8, 29, 0, 461, 8151, 8.31, 145.00, 210, 405, 1, 8
2026-09-02T10:07:07.5704028+07:00,2026/09/02 10:07:07.616, NVIDIA GeForce RTX 5060, 591.86, P8, 29, 0, 461, 8151, 7.94, 145.00, 210, 405, 1, 8
2026-09-02T10:07:12.6341770+07:00,2026/09/02 10:07:12.680, NVIDIA GeForce RTX 5060, 591.86, P8, 29, 0, 461, 8151, 7.74, 145.00, 210, 405, 1, 8
2026-09-02T10:07:17.7001400+07:00,2026/09/02 10:07:17.731, NVIDIA GeForce RTX 5060, 591.86, P8, 29, 0, 461, 8151, 8.38, 145.00, 210, 405, 1, 8
2026-09-02T10:07:22.7511935+07:00,2026/09/02 10:07:22.782, NVIDIA GeForce RTX 5060, 591.86, P8, 29, 0, 461, 8151, 7.79, 145.00, 210, 405, 1, 8
2026-09-02T10:07:27.8801894+07:00,2026/09/02 10:07:27.926, NVIDIA GeForce RTX 5060, 591.86, P8, 29, 0, 461, 8151, 7.80, 145.00, 210, 405, 1, 8
2026-09-02T10:07:32.9461545+07:00,2026/09/02 10:07:32.992, NVIDIA GeForce RTX 5060, 591.86, P8, 29, 0, 461, 8151, 7.71, 145.00, 210, 405, 1, 8
2026-09-02T10:07:38.0121006+07:00,2026/09/02 10:07:38.090, NVIDIA GeForce RTX 5060, 591.86, P8, 29, 0, 461, 8151, 7.86, 145.00, 210, 405, 1, 8
2026-09-02T10:07:43.1093612+07:00,2026/09/02 10:07:43.155, NVIDIA GeForce RTX 5060, 591.86, P8, 29, 0, 461, 8151, 7.82, 145.00, 210, 405, 1, 8
2026-09-02T10:07:48.1761939+07:00,2026/09/02 10:07:48.222, NVIDIA GeForce RTX 5060, 591.86, P8, 29, 0, 461, 8151, 7.73, 145.00, 210, 405, 1, 8
2026-09-02T10:07:53.2428345+07:00,2026/09/02 10:07:53.289, NVIDIA GeForce RTX 5060, 591.86, P8, 29, 0, 461, 8151, 7.73, 145.00, 210, 405, 1, 8
2026-09-02T10:07:58.4019672+07:00,2026/09/02 10:07:58.448, NVIDIA GeForce RTX 5060, 591.86, P8, 29, 0, 461, 8151, 7.78, 145.00, 210, 405, 1, 8
2026-09-02T10:08:03.4681728+07:00,2026/09/02 10:08:03.514, NVIDIA GeForce RTX 5060, 591.86, P8, 29, 0, 461, 8151, 8.19, 145.00, 210, 405, 1, 8
2026-09-02T10:08:08.5339253+07:00,2026/09/02 10:08:08.565, NVIDIA GeForce RTX 5060, 591.86, P8, 29, 0, 461, 8151, 7.78, 145.00, 210, 405, 1, 8
2026-09-02T10:08:13.5830764+07:00,2026/09/02 10:08:13.629, NVIDIA GeForce RTX 5060, 591.86, P8, 29, 0, 461, 8151, 7.84, 145.00, 210, 405, 1, 8
2026-09-02T10:08:18.6492127+07:00,2026/09/02 10:08:18.695, NVIDIA GeForce RTX 5060, 591.86, P8, 29, 0, 461, 8151, 8.41, 145.00, 210, 405, 1, 8
2026-09-02T10:08:23.7148398+07:00,2026/09/02 10:08:23.761, NVIDIA GeForce RTX 5060, 591.86, P8, 29, 0, 461, 8151, 7.70, 145.00, 210, 405, 1, 8
2026-09-02T10:08:28.8443063+07:00,2026/09/02 10:08:28.906, NVIDIA GeForce RTX 5060, 591.86, P8, 29, 0, 461, 8151, 7.83, 145.00, 210, 405, 1, 8
2026-09-02T10:08:33.9248913+07:00,2026/09/02 10:08:33.971, NVIDIA GeForce RTX 5060, 591.86, P8, 29, 0, 461, 8151, 7.75, 145.00, 210, 405, 1, 8
2026-09-02T10:08:39.0072035+07:00,2026/09/02 10:08:39.038, NVIDIA GeForce RTX 5060, 591.86, P8, 29, 0, 461, 8151, 7.94, 145.00, 210, 405, 1, 8
2026-09-02T10:08:44.0751861+07:00,2026/09/02 10:08:44.121, NVIDIA GeForce RTX 5060, 591.86, P8, 29, 0, 461, 8151, 8.02, 145.00, 210, 405, 1, 8
2026-09-02T10:08:49.1555174+07:00,2026/09/02 10:08:49.186, NVIDIA GeForce RTX 5060, 591.86, P8, 29, 0, 461, 8151, 8.07, 145.00, 210, 405, 1, 8
2026-09-02T10:08:54.2220696+07:00,2026/09/02 10:08:54.268, NVIDIA GeForce RTX 5060, 591.86, P8, 29, 0, 461, 8151, 7.94, 145.00, 210, 405, 1, 8
2026-09-02T10:08:59.3625070+07:00,2026/09/02 10:08:59.408, NVIDIA GeForce RTX 5060, 591.86, P8, 29, 1, 461, 8151, 8.95, 145.00, 532, 405, 1, 8
2026-09-02T10:09:04.4278428+07:00,2026/09/02 10:09:04.536, NVIDIA GeForce RTX 5060, 591.86, P8, 29, 1, 463, 8151, 9.65, 145.00, 270, 405, 1, 8
2026-09-02T10:09:09.5721206+07:00,2026/09/02 10:09:13.743, NVIDIA GeForce RTX 5060, 591.86, P5, 30, 3, 588, 8151, 12.57, 145.00, 420, 810, 1, 8
2026-09-02T10:09:18.8370238+07:00,2026/09/02 10:09:18.870, NVIDIA GeForce RTX 5060, 591.86, P5, 30, 0, 579, 8151, 14.68, 145.00, 510, 810, 2, 8
2026-09-02T10:09:23.8900138+07:00,2026/09/02 10:09:23.936, NVIDIA GeForce RTX 5060, 591.86, P8, 30, 2, 584, 8151, 10.11, 145.00, 472, 405, 1, 8
2026-09-02T10:09:29.0200636+07:00,2026/09/02 10:09:29.996, NVIDIA GeForce RTX 5060, 591.86, P8, 30, 3, 586, 8151, 10.65, 145.00, 330, 405, 1, 8
2026-09-02T10:09:35.0928605+07:00,2026/09/02 10:09:35.201, NVIDIA GeForce RTX 5060, 591.86, P8, 29, 0, 588, 8151, 9.95, 145.00, 315, 405, 1, 8
2026-09-02T10:09:40.2348284+07:00,2026/09/02 10:09:40.281, NVIDIA GeForce RTX 5060, 591.86, P8, 30, 1, 579, 8151, 10.35, 145.00, 532, 405, 1, 8
2026-09-02T10:09:45.3006837+07:00,2026/09/02 10:09:45.331, NVIDIA GeForce RTX 5060, 591.86, P8, 30, 4, 584, 8151, 10.56, 145.00, 450, 405, 1, 8
2026-09-02T10:09:50.3502823+07:00,2026/09/02 10:09:50.381, NVIDIA GeForce RTX 5060, 591.86, P0, 31, 0, 542, 8151, 22.61, 145.00, 2542, 14201, 4, 8
2026-09-02T10:09:55.4014064+07:00,2026/09/02 10:09:55.432, NVIDIA GeForce RTX 5060, 591.86, P8, 30, 1, 549, 8151, 9.03, 145.00, 345, 405, 1, 8
2026-09-02T10:10:00.4520745+07:00,2026/09/02 10:10:00.483, NVIDIA GeForce RTX 5060, 591.86, P8, 29, 0, 563, 8151, 8.91, 145.00, 277, 405, 1, 8
2026-09-02T10:10:05.5805843+07:00,2026/09/02 10:10:05.611, NVIDIA GeForce RTX 5060, 591.86, P8, 30, 0, 555, 8151, 9.15, 145.00, 330, 405, 1, 8
2026-09-02T10:10:10.6304568+07:00,2026/09/02 10:10:10.661, NVIDIA GeForce RTX 5060, 591.86, P8, 30, 1, 561, 8151, 9.60, 145.00, 420, 405, 1, 8
2026-09-02T10:10:15.6793408+07:00,2026/09/02 10:10:15.710, NVIDIA GeForce RTX 5060, 591.86, P8, 30, 0, 559, 8151, 9.78, 145.00, 262, 405, 1, 8
2026-09-02T10:10:20.7296892+07:00,2026/09/02 10:10:20.776, NVIDIA GeForce RTX 5060, 591.86, P8, 30, 2, 594, 8151, 9.42, 145.00, 367, 405, 1, 8
2026-09-02T10:10:25.8220086+07:00,2026/09/02 10:10:25.856, NVIDIA GeForce RTX 5060, 591.86, P8, 29, 0, 571, 8151, 8.86, 145.00, 285, 405, 1, 8
2026-09-02T10:10:30.8742269+07:00,2026/09/02 10:10:30.904, NVIDIA GeForce RTX 5060, 591.86, P8, 30, 0, 558, 8151, 9.17, 145.00, 262, 405, 1, 8
2026-09-02T10:10:36.0158773+07:00,2026/09/02 10:10:36.062, NVIDIA GeForce RTX 5060, 591.86, P8, 29, 0, 561, 8151, 8.03, 145.00, 210, 405, 1, 8
2026-09-02T10:10:41.0801331+07:00,2026/09/02 10:10:41.111, NVIDIA GeForce RTX 5060, 591.86, P8, 29, 0, 561, 8151, 7.89, 145.00, 210, 405, 1, 8
2026-09-02T10:10:46.1300819+07:00,2026/09/02 10:10:46.176, NVIDIA GeForce RTX 5060, 591.86, P8, 29, 0, 561, 8151, 7.95, 145.00, 210, 405, 1, 8
2026-09-02T10:10:51.1948983+07:00,2026/09/02 10:10:51.225, NVIDIA GeForce RTX 5060, 591.86, P8, 29, 0, 561, 8151, 8.00, 145.00, 210, 405, 1, 8
2026-09-02T10:10:56.2440065+07:00,2026/09/02 10:10:56.274, NVIDIA GeForce RTX 5060, 591.86, P8, 29, 0, 561, 8151, 7.98, 145.00, 210, 405, 1, 8
2026-09-02T10:11:01.2931841+07:00,2026/09/02 10:11:01.324, NVIDIA GeForce RTX 5060, 591.86, P8, 29, 0, 561, 8151, 8.35, 145.00, 210, 405, 1, 8
2026-09-02T10:11:06.4052029+07:00,2026/09/02 10:11:06.436, NVIDIA GeForce RTX 5060, 591.86, P8, 29, 0, 561, 8151, 8.00, 145.00, 210, 405, 1, 8
2026-09-02T10:11:11.4539764+07:00,2026/09/02 10:11:11.484, NVIDIA GeForce RTX 5060, 591.86, P5, 31, 0, 561, 8151, 22.55, 145.00, 2512, 14201, 4, 8
2026-09-02T10:11:16.5036765+07:00,2026/09/02 10:11:16.534, NVIDIA GeForce RTX 5060, 591.86, P8, 29, 0, 561, 8151, 8.27, 145.00, 210, 405, 1, 8
2026-09-02T10:11:21.5542862+07:00,2026/09/02 10:11:21.585, NVIDIA GeForce RTX 5060, 591.86, P8, 29, 0, 561, 8151, 8.07, 145.00, 210, 405, 1, 8
2026-09-02T10:11:26.6034571+07:00,2026/09/02 10:11:26.634, NVIDIA GeForce RTX 5060, 591.86, P8, 29, 0, 561, 8151, 8.02, 145.00, 210, 405, 1, 8
2026-09-02T10:11:31.6536736+07:00,2026/09/02 10:11:31.684, NVIDIA GeForce RTX 5060, 591.86, P8, 29, 0, 561, 8151, 7.95, 145.00, 210, 405, 1, 8
2026-09-02T10:11:36.7655638+07:00,2026/09/02 10:11:36.812, NVIDIA GeForce RTX 5060, 591.86, P8, 29, 0, 561, 8151, 7.95, 145.00, 210, 405, 1, 8
2026-09-02T10:11:41.8304129+07:00,2026/09/02 10:11:41.861, NVIDIA GeForce RTX 5060, 591.86, P8, 29, 0, 561, 8151, 8.01, 145.00, 210, 405, 1, 8
2026-09-02T10:11:46.8814199+07:00,2026/09/02 10:11:46.912, NVIDIA GeForce RTX 5060, 591.86, P8, 29, 0, 561, 8151, 7.88, 145.00, 210, 405, 1, 8
2026-09-02T10:11:51.9313124+07:00,2026/09/02 10:11:51.962, NVIDIA GeForce RTX 5060, 591.86, P8, 29, 0, 561, 8151, 7.91, 145.00, 210, 405, 1, 8
2026-09-02T10:11:56.9983058+07:00,2026/09/02 10:11:57.029, NVIDIA GeForce RTX 5060, 591.86, P8, 29, 0, 561, 8151, 7.80, 145.00, 210, 405, 1, 8
2026-09-02T10:12:02.0476858+07:00,2026/09/02 10:12:02.078, NVIDIA GeForce RTX 5060, 591.86, P8, 29, 0, 561, 8151, 8.48, 145.00, 210, 405, 1, 8
2026-09-02T10:12:07.1593898+07:00,2026/09/02 10:12:07.190, NVIDIA GeForce RTX 5060, 591.86, P8, 29, 0, 561, 8151, 7.97, 145.00, 210, 405, 1, 8
2026-09-02T10:12:12.2094037+07:00,2026/09/02 10:12:12.240, NVIDIA GeForce RTX 5060, 591.86, P8, 29, 0, 561, 8151, 7.79, 145.00, 210, 405, 1, 8
2026-09-02T10:12:17.2597037+07:00,2026/09/02 10:12:17.290, NVIDIA GeForce RTX 5060, 591.86, P8, 29, 0, 561, 8151, 8.06, 145.00, 210, 405, 1, 8
2026-09-02T10:12:22.3105634+07:00,2026/09/02 10:12:22.341, NVIDIA GeForce RTX 5060, 591.86, P8, 29, 0, 561, 8151, 8.06, 145.00, 210, 405, 1, 8
2026-09-02T10:12:27.3593317+07:00,2026/09/02 10:12:27.390, NVIDIA GeForce RTX 5060, 591.86, P8, 29, 0, 561, 8151, 7.84, 145.00, 210, 405, 1, 8
2026-09-02T10:12:32.4108895+07:00,2026/09/02 10:12:32.441, NVIDIA GeForce RTX 5060, 591.86, P8, 29, 0, 561, 8151, 8.09, 145.00, 210, 405, 1, 8
2026-09-02T10:12:37.5235286+07:00,2026/09/02 10:12:37.554, NVIDIA GeForce RTX 5060, 591.86, P8, 29, 0, 561, 8151, 7.73, 145.00, 210, 405, 1, 8
2026-09-02T10:12:42.5748147+07:00,2026/09/02 10:12:42.605, NVIDIA GeForce RTX 5060, 591.86, P8, 29, 0, 561, 8151, 8.01, 145.00, 210, 405, 1, 8
2026-09-02T10:12:47.6236895+07:00,2026/09/02 10:12:47.654, NVIDIA GeForce RTX 5060, 591.86, P8, 29, 0, 561, 8151, 7.88, 145.00, 210, 405, 1, 8
2026-09-02T10:12:52.6736766+07:00,2026/09/02 10:12:52.704, NVIDIA GeForce RTX 5060, 591.86, P8, 29, 0, 561, 8151, 7.82, 145.00, 210, 405, 1, 8
2026-09-02T10:12:57.7243304+07:00,2026/09/02 10:12:57.755, NVIDIA GeForce RTX 5060, 591.86, P8, 29, 0, 561, 8151, 7.95, 145.00, 210, 405, 1, 8
2026-09-02T10:13:02.7740169+07:00,2026/09/02 10:13:02.805, NVIDIA GeForce RTX 5060, 591.86, P8, 29, 0, 561, 8151, 8.42, 145.00, 210, 405, 1, 8
2026-09-02T10:13:07.8872655+07:00,2026/09/02 10:13:07.933, NVIDIA GeForce RTX 5060, 591.86, P8, 29, 0, 561, 8151, 7.92, 145.00, 210, 405, 1, 8
2026-09-02T10:13:12.9524640+07:00,2026/09/02 10:13:12.998, NVIDIA GeForce RTX 5060, 591.86, P8, 29, 0, 561, 8151, 8.03, 145.00, 210, 405, 1, 8
2026-09-02T10:13:18.0332053+07:00,2026/09/02 10:13:18.064, NVIDIA GeForce RTX 5060, 591.86, P8, 29, 0, 561, 8151, 8.35, 145.00, 210, 405, 1, 8
2026-09-02T10:13:23.0833370+07:00,2026/09/02 10:13:23.114, NVIDIA GeForce RTX 5060, 591.86, P8, 29, 0, 561, 8151, 7.93, 145.00, 210, 405, 1, 8
2026-09-02T10:13:28.1286729+07:00,2026/09/02 10:13:28.159, NVIDIA GeForce RTX 5060, 591.86, P8, 29, 0, 561, 8151, 8.47, 145.00, 210, 405, 1, 8
2026-09-02T10:13:33.1727446+07:00,2026/09/02 10:13:33.219, NVIDIA GeForce RTX 5060, 591.86, P8, 29, 0, 561, 8151, 7.96, 145.00, 210, 405, 1, 8
2026-09-02T10:13:38.3446136+07:00,2026/09/02 10:13:38.390, NVIDIA GeForce RTX 5060, 591.86, P8, 29, 0, 561, 8151, 8.05, 145.00, 210, 405, 1, 8
2026-09-02T10:13:43.4219612+07:00,2026/09/02 10:13:43.452, NVIDIA GeForce RTX 5060, 591.86, P8, 29, 0, 561, 8151, 7.96, 145.00, 210, 405, 1, 8
2026-09-02T10:13:48.4693499+07:00,2026/09/02 10:13:48.515, NVIDIA GeForce RTX 5060, 591.86, P8, 29, 0, 561, 8151, 8.00, 145.00, 210, 405, 1, 8
2026-09-02T10:13:53.5326986+07:00,2026/09/02 10:13:53.563, NVIDIA GeForce RTX 5060, 591.86, P8, 29, 0, 561, 8151, 8.10, 145.00, 210, 405, 1, 8
2026-09-02T10:13:58.5800606+07:00,2026/09/02 10:13:58.626, NVIDIA GeForce RTX 5060, 591.86, P8, 29, 0, 561, 8151, 7.85, 145.00, 210, 405, 1, 8
2026-09-02T10:14:03.6440422+07:00,2026/09/02 10:14:03.706, NVIDIA GeForce RTX 5060, 591.86, P8, 29, 0, 561, 8151, 8.39, 145.00, 210, 405, 1, 8
2026-09-02T10:14:08.8021422+07:00,2026/09/02 10:14:08.848, NVIDIA GeForce RTX 5060, 591.86, P8, 29, 0, 561, 8151, 8.03, 145.00, 210, 405, 1, 8
2026-09-02T10:14:13.8939357+07:00,2026/09/02 10:14:14.002, NVIDIA GeForce RTX 5060, 591.86, P8, 29, 0, 561, 8151, 7.95, 145.00, 210, 405, 1, 8
2026-09-02T10:14:19.0475071+07:00,2026/09/02 10:14:19.140, NVIDIA GeForce RTX 5060, 591.86, P8, 29, 0, 561, 8151, 8.35, 145.00, 210, 405, 1, 8
2026-09-02T10:14:24.1741357+07:00,2026/09/02 10:14:24.282, NVIDIA GeForce RTX 5060, 591.86, P8, 29, 0, 561, 8151, 7.87, 145.00, 210, 405, 1, 8
2026-09-02T10:14:29.3181934+07:00,2026/09/02 10:14:29.427, NVIDIA GeForce RTX 5060, 591.86, P8, 29, 0, 561, 8151, 7.82, 145.00, 210, 405, 1, 8
2026-09-02T10:14:34.4481136+07:00,2026/09/02 10:14:34.541, NVIDIA GeForce RTX 5060, 591.86, P0, 30, 0, 561, 8151, 21.42, 145.00, 2512, 14201, 4, 8
2026-09-02T10:14:39.6093098+07:00,2026/09/02 10:14:39.733, NVIDIA GeForce RTX 5060, 591.86, P5, 30, 0, 561, 8151, 22.57, 145.00, 2512, 14201, 2, 8
2026-09-02T10:14:44.7480618+07:00,2026/09/02 10:14:44.948, NVIDIA GeForce RTX 5060, 591.86, P8, 29, 0, 561, 8151, 8.62, 145.00, 210, 405, 1, 8
2026-09-02T10:14:49.9745053+07:00,2026/09/02 10:14:50.421, NVIDIA GeForce RTX 5060, 591.86, P8, 29, 0, 561, 8151, 8.06, 145.00, 210, 405, 1, 8
2026-09-02T10:14:55.5003512+07:00,2026/09/02 10:14:55.561, NVIDIA GeForce RTX 5060, 591.86, P8, 29, 0, 561, 8151, 7.92, 145.00, 202, 405, 1, 8
2026-09-02T10:15:00.5800429+07:00,2026/09/02 10:15:00.949, NVIDIA GeForce RTX 5060, 591.86, P8, 29, 0, 561, 8151, 8.23, 145.00, 240, 405, 1, 8
2026-09-02T10:15:06.0408721+07:00,2026/09/02 10:15:06.364, NVIDIA GeForce RTX 5060, 591.86, P8, 29, 0, 561, 8151, 7.97, 145.00, 210, 405, 1, 8
2026-09-02T10:15:11.5045160+07:00,2026/09/02 10:15:11.797, NVIDIA GeForce RTX 5060, 591.86, P8, 29, 0, 561, 8151, 8.03, 145.00, 210, 405, 1, 8
2026-09-02T10:15:16.8705485+07:00,2026/09/02 10:15:17.103, NVIDIA GeForce RTX 5060, 591.86, P8, 29, 0, 561, 8151, 7.98, 145.00, 210, 405, 1, 8
2026-09-02T10:15:22.1254452+07:00,2026/09/02 10:15:22.156, NVIDIA GeForce RTX 5060, 591.86, P8, 29, 0, 561, 8151, 7.90, 145.00, 210, 405, 1, 8
2026-09-02T10:15:27.1658326+07:00,2026/09/02 10:15:27.196, NVIDIA GeForce RTX 5060, 591.86, P8, 29, 0, 561, 8151, 8.07, 145.00, 210, 405, 1, 8
2026-09-02T10:15:32.2087542+07:00,2026/09/02 10:15:32.270, NVIDIA GeForce RTX 5060, 591.86, P8, 29, 0, 561, 8151, 7.98, 145.00, 210, 405, 1, 8
2026-09-02T10:15:37.2882839+07:00,2026/09/02 10:15:37.350, NVIDIA GeForce RTX 5060, 591.86, P8, 29, 0, 561, 8151, 7.86, 145.00, 210, 405, 1, 8
2026-09-02T10:15:42.4460318+07:00,2026/09/02 10:15:42.492, NVIDIA GeForce RTX 5060, 591.86, P8, 29, 0, 561, 8151, 7.84, 145.00, 210, 405, 1, 8
2026-09-02T10:15:47.5121106+07:00,2026/09/02 10:15:47.558, NVIDIA GeForce RTX 5060, 591.86, P8, 29, 0, 561, 8151, 7.84, 145.00, 210, 405, 1, 8
2026-09-02T10:15:52.5776749+07:00,2026/09/02 10:15:52.608, NVIDIA GeForce RTX 5060, 591.86, P8, 29, 0, 561, 8151, 7.79, 145.00, 210, 405, 1, 8
2026-09-02T10:15:57.6288075+07:00,2026/09/02 10:15:57.706, NVIDIA GeForce RTX 5060, 591.86, P8, 29, 0, 561, 8151, 7.89, 145.00, 210, 405, 1, 8
2026-09-02T10:16:02.7262068+07:00,2026/09/02 10:16:02.788, NVIDIA GeForce RTX 5060, 591.86, P8, 29, 0, 561, 8151, 8.38, 145.00, 210, 405, 1, 8
2026-09-02T10:16:07.8094604+07:00,2026/09/02 10:16:07.870, NVIDIA GeForce RTX 5060, 591.86, P8, 29, 0, 561, 8151, 7.84, 145.00, 210, 405, 1, 8
2026-09-02T10:16:12.9671292+07:00,2026/09/02 10:16:13.028, NVIDIA GeForce RTX 5060, 591.86, P8, 29, 0, 561, 8151, 7.88, 145.00, 210, 405, 1, 8
2026-09-02T10:16:18.0473813+07:00,2026/09/02 10:16:18.124, NVIDIA GeForce RTX 5060, 591.86, P8, 29, 0, 561, 8151, 8.41, 145.00, 210, 405, 1, 8
2026-09-02T10:16:23.1452717+07:00,2026/09/02 10:16:23.191, NVIDIA GeForce RTX 5060, 591.86, P8, 29, 0, 561, 8151, 7.91, 145.00, 210, 405, 1, 8
2026-09-02T10:16:28.2107284+07:00,2026/09/02 10:16:28.272, NVIDIA GeForce RTX 5060, 591.86, P8, 29, 0, 561, 8151, 7.96, 145.00, 210, 405, 1, 8
2026-09-02T10:16:33.2960096+07:00,2026/09/02 10:16:33.342, NVIDIA GeForce RTX 5060, 591.86, P8, 29, 0, 562, 8151, 9.00, 145.00, 315, 405, 1, 8
2026-09-02T10:16:38.3626483+07:00,2026/09/02 10:16:38.424, NVIDIA GeForce RTX 5060, 591.86, P8, 29, 0, 562, 8151, 9.07, 145.00, 315, 405, 1, 8
2026-09-02T10:16:43.5216178+07:00,2026/09/02 10:16:43.568, NVIDIA GeForce RTX 5060, 591.86, P8, 29, 0, 562, 8151, 7.96, 145.00, 210, 405, 1, 8
2026-09-02T10:16:48.5876631+07:00,2026/09/02 10:16:48.618, NVIDIA GeForce RTX 5060, 591.86, P8, 29, 0, 562, 8151, 8.08, 145.00, 210, 405, 1, 8
2026-09-02T10:16:53.6514811+07:00,2026/09/02 10:16:53.682, NVIDIA GeForce RTX 5060, 591.86, P8, 29, 0, 562, 8151, 7.97, 145.00, 210, 405, 1, 8
2026-09-02T10:16:58.7011978+07:00,2026/09/02 10:16:58.732, NVIDIA GeForce RTX 5060, 591.86, P8, 29, 0, 562, 8151, 8.04, 145.00, 210, 405, 1, 8
2026-09-02T10:17:03.7488392+07:00,2026/09/02 10:17:03.810, NVIDIA GeForce RTX 5060, 591.86, P8, 29, 0, 562, 8151, 8.31, 145.00, 210, 405, 1, 8
2026-09-02T10:17:08.8471877+07:00,2026/09/02 10:17:08.924, NVIDIA GeForce RTX 5060, 591.86, P8, 29, 0, 562, 8151, 7.86, 145.00, 210, 405, 1, 8
2026-09-02T10:17:14.0219876+07:00,2026/09/02 10:17:14.099, NVIDIA GeForce RTX 5060, 591.86, P8, 29, 0, 562, 8151, 7.78, 145.00, 210, 405, 1, 8
2026-09-02T10:17:19.1160137+07:00,2026/09/02 10:17:19.162, NVIDIA GeForce RTX 5060, 591.86, P8, 29, 0, 562, 8151, 8.48, 145.00, 210, 405, 1, 8
2026-09-02T10:17:24.1801805+07:00,2026/09/02 10:17:24.242, NVIDIA GeForce RTX 5060, 591.86, P8, 29, 0, 562, 8151, 7.93, 145.00, 210, 405, 1, 8
2026-09-02T10:17:29.2585344+07:00,2026/09/02 10:17:29.319, NVIDIA GeForce RTX 5060, 591.86, P8, 29, 0, 562, 8151, 7.87, 145.00, 210, 405, 1, 8
2026-09-02T10:17:34.3405639+07:00,2026/09/02 10:17:34.402, NVIDIA GeForce RTX 5060, 591.86, P8, 29, 0, 562, 8151, 7.91, 145.00, 210, 405, 1, 8
2026-09-02T10:17:39.4677848+07:00,2026/09/02 10:17:39.514, NVIDIA GeForce RTX 5060, 591.86, P8, 29, 0, 562, 8151, 7.91, 145.00, 210, 405, 1, 8
2026-09-02T10:17:44.5967422+07:00,2026/09/02 10:17:44.658, NVIDIA GeForce RTX 5060, 591.86, P8, 29, 0, 562, 8151, 7.91, 145.00, 210, 405, 1, 8
2026-09-02T10:17:49.6790114+07:00,2026/09/02 10:17:49.756, NVIDIA GeForce RTX 5060, 591.86, P8, 29, 0, 562, 8151, 7.93, 145.00, 210, 405, 1, 8
2026-09-02T10:17:54.7765829+07:00,2026/09/02 10:17:54.838, NVIDIA GeForce RTX 5060, 591.86, P8, 29, 0, 562, 8151, 7.81, 145.00, 210, 405, 1, 8
2026-09-02T10:17:59.8572991+07:00,2026/09/02 10:17:59.950, NVIDIA GeForce RTX 5060, 591.86, P8, 29, 0, 562, 8151, 7.64, 145.00, 210, 405, 1, 8
2026-09-02T10:18:04.9702043+07:00,2026/09/02 10:18:05.001, NVIDIA GeForce RTX 5060, 591.86, P8, 29, 0, 562, 8151, 7.78, 145.00, 210, 405, 1, 8
2026-09-02T10:18:10.0204453+07:00,2026/09/02 10:18:10.051, NVIDIA GeForce RTX 5060, 591.86, P8, 29, 0, 562, 8151, 7.95, 145.00, 210, 405, 1, 8
2026-09-02T10:18:15.1313849+07:00,2026/09/02 10:18:15.162, NVIDIA GeForce RTX 5060, 591.86, P8, 29, 0, 562, 8151, 7.73, 145.00, 210, 405, 1, 8
2026-09-02T10:18:20.1805354+07:00,2026/09/02 10:18:20.211, NVIDIA GeForce RTX 5060, 591.86, P8, 29, 0, 562, 8151, 7.96, 145.00, 210, 405, 1, 8
2026-09-02T10:18:25.2287999+07:00,2026/09/02 10:18:25.259, NVIDIA GeForce RTX 5060, 591.86, P8, 29, 0, 562, 8151, 7.82, 145.00, 210, 405, 1, 8
2026-09-02T10:18:30.2784490+07:00,2026/09/02 10:18:30.324, NVIDIA GeForce RTX 5060, 591.86, P8, 29, 0, 562, 8151, 7.74, 145.00, 210, 405, 1, 8
2026-09-02T10:18:35.3437834+07:00,2026/09/02 10:18:35.374, NVIDIA GeForce RTX 5060, 591.86, P8, 29, 0, 562, 8151, 7.72, 145.00, 202, 405, 1, 8
2026-09-02T10:18:40.3934426+07:00,2026/09/02 10:18:40.424, NVIDIA GeForce RTX 5060, 591.86, P8, 29, 0, 562, 8151, 7.93, 145.00, 210, 405, 1, 8
2026-09-02T10:18:45.5200337+07:00,2026/09/02 10:18:45.551, NVIDIA GeForce RTX 5060, 591.86, P8, 29, 0, 562, 8151, 7.91, 145.00, 210, 405, 1, 8
2026-09-02T10:18:50.5701947+07:00,2026/09/02 10:18:50.616, NVIDIA GeForce RTX 5060, 591.86, P8, 29, 0, 562, 8151, 7.84, 145.00, 210, 405, 1, 8
2026-09-02T10:18:55.6356461+07:00,2026/09/02 10:18:55.666, NVIDIA GeForce RTX 5060, 591.86, P8, 29, 0, 562, 8151, 7.93, 145.00, 210, 405, 1, 8
2026-09-02T10:19:00.6864150+07:00,2026/09/02 10:19:00.717, NVIDIA GeForce RTX 5060, 591.86, P8, 29, 0, 562, 8151, 7.96, 145.00, 210, 405, 1, 8
2026-09-02T10:19:05.7360708+07:00,2026/09/02 10:19:05.766, NVIDIA GeForce RTX 5060, 591.86, P8, 29, 0, 562, 8151, 7.97, 145.00, 210, 405, 1, 8
2026-09-02T10:19:10.7865112+07:00,2026/09/02 10:19:10.817, NVIDIA GeForce RTX 5060, 591.86, P8, 29, 0, 562, 8151, 7.82, 145.00, 210, 405, 1, 8
2026-09-02T10:19:15.9000160+07:00,2026/09/02 10:19:15.946, NVIDIA GeForce RTX 5060, 591.86, P8, 29, 0, 562, 8151, 7.82, 145.00, 210, 405, 1, 8
2026-09-02T10:19:20.9673421+07:00,2026/09/02 10:19:21.013, NVIDIA GeForce RTX 5060, 591.86, P8, 29, 0, 562, 8151, 7.92, 145.00, 210, 405, 1, 8
2026-09-02T10:19:26.0334850+07:00,2026/09/02 10:19:26.064, NVIDIA GeForce RTX 5060, 591.86, P8, 29, 0, 562, 8151, 7.97, 145.00, 210, 405, 1, 8
2026-09-02T10:19:31.0831309+07:00,2026/09/02 10:19:31.114, NVIDIA GeForce RTX 5060, 591.86, P8, 29, 0, 562, 8151, 7.83, 145.00, 210, 405, 1, 8
2026-09-02T10:19:36.1331142+07:00,2026/09/02 10:19:36.164, NVIDIA GeForce RTX 5060, 591.86, P8, 29, 0, 562, 8151, 7.88, 145.00, 210, 405, 1, 8
2026-09-02T10:19:41.1845946+07:00,2026/09/02 10:19:41.215, NVIDIA GeForce RTX 5060, 591.86, P8, 29, 0, 562, 8151, 7.86, 145.00, 210, 405, 1, 8
2026-09-02T10:19:46.2965400+07:00,2026/09/02 10:19:46.327, NVIDIA GeForce RTX 5060, 591.86, P8, 29, 0, 562, 8151, 8.04, 145.00, 210, 405, 1, 8
2026-09-02T10:19:51.3484980+07:00,2026/09/02 10:19:51.379, NVIDIA GeForce RTX 5060, 591.86, P8, 29, 0, 562, 8151, 7.87, 145.00, 210, 405, 1, 8
2026-09-02T10:19:56.3986281+07:00,2026/09/02 10:19:56.429, NVIDIA GeForce RTX 5060, 591.86, P8, 29, 0, 562, 8151, 7.82, 145.00, 210, 405, 1, 8
2026-09-02T10:20:01.4494521+07:00,2026/09/02 10:20:01.495, NVIDIA GeForce RTX 5060, 591.86, P8, 29, 0, 562, 8151, 8.20, 145.00, 210, 405, 1, 8
2026-09-02T10:20:06.5143520+07:00,2026/09/02 10:20:06.545, NVIDIA GeForce RTX 5060, 591.86, P8, 29, 0, 562, 8151, 7.80, 145.00, 210, 405, 1, 8
2026-09-02T10:20:11.5644847+07:00,2026/09/02 10:20:11.595, NVIDIA GeForce RTX 5060, 591.86, P8, 29, 0, 562, 8151, 7.81, 145.00, 210, 405, 1, 8
2026-09-02T10:20:16.6772168+07:00,2026/09/02 10:20:16.708, NVIDIA GeForce RTX 5060, 591.86, P8, 29, 0, 562, 8151, 7.90, 145.00, 210, 405, 1, 8
2026-09-02T10:20:21.7284531+07:00,2026/09/02 10:20:21.759, NVIDIA GeForce RTX 5060, 591.86, P8, 29, 0, 562, 8151, 7.94, 145.00, 210, 405, 1, 8
2026-09-02T10:20:26.7805129+07:00,2026/09/02 10:20:26.811, NVIDIA GeForce RTX 5060, 591.86, P8, 29, 0, 562, 8151, 7.78, 145.00, 210, 405, 1, 8
2026-09-02T10:20:31.8315764+07:00,2026/09/02 10:20:31.862, NVIDIA GeForce RTX 5060, 591.86, P8, 29, 0, 562, 8151, 7.89, 145.00, 210, 405, 1, 8
2026-09-02T10:20:36.8823908+07:00,2026/09/02 10:20:36.913, NVIDIA GeForce RTX 5060, 591.86, P8, 29, 0, 562, 8151, 7.87, 145.00, 210, 405, 1, 8
2026-09-02T10:20:41.9325321+07:00,2026/09/02 10:20:41.963, NVIDIA GeForce RTX 5060, 591.86, P8, 29, 0, 562, 8151, 7.76, 145.00, 210, 405, 1, 8
2026-09-02T10:20:47.0450550+07:00,2026/09/02 10:20:47.076, NVIDIA GeForce RTX 5060, 591.86, P8, 29, 0, 562, 8151, 7.85, 145.00, 210, 405, 1, 8
2026-09-02T10:20:52.0963558+07:00,2026/09/02 10:20:52.127, NVIDIA GeForce RTX 5060, 591.86, P8, 29, 0, 562, 8151, 7.83, 145.00, 210, 405, 1, 8
2026-09-02T10:20:57.1469851+07:00,2026/09/02 10:20:57.177, NVIDIA GeForce RTX 5060, 591.86, P8, 29, 0, 562, 8151, 7.83, 145.00, 210, 405, 1, 8
2026-09-02T10:21:02.1973688+07:00,2026/09/02 10:21:02.228, NVIDIA GeForce RTX 5060, 591.86, P8, 29, 0, 562, 8151, 8.33, 145.00, 210, 405, 1, 8
2026-09-02T10:21:07.2487910+07:00,2026/09/02 10:21:07.279, NVIDIA GeForce RTX 5060, 591.86, P8, 29, 0, 562, 8151, 7.90, 145.00, 210, 405, 1, 8
2026-09-02T10:21:12.2980830+07:00,2026/09/02 10:21:12.329, NVIDIA GeForce RTX 5060, 591.86, P8, 29, 0, 562, 8151, 7.86, 145.00, 202, 405, 1, 8
2026-09-02T10:21:17.4107404+07:00,2026/09/02 10:21:17.441, NVIDIA GeForce RTX 5060, 591.86, P8, 29, 0, 562, 8151, 8.05, 145.00, 210, 405, 1, 8
2026-09-02T10:21:22.4619903+07:00,2026/09/02 10:21:22.492, NVIDIA GeForce RTX 5060, 591.86, P8, 29, 0, 562, 8151, 7.89, 145.00, 210, 405, 1, 8
2026-09-02T10:21:27.5130564+07:00,2026/09/02 10:21:27.544, NVIDIA GeForce RTX 5060, 591.86, P8, 29, 0, 562, 8151, 7.77, 145.00, 210, 405, 1, 8
2026-09-02T10:21:32.5642427+07:00,2026/09/02 10:21:32.595, NVIDIA GeForce RTX 5060, 591.86, P8, 29, 0, 562, 8151, 7.86, 145.00, 210, 405, 1, 8
2026-09-02T10:21:37.6163739+07:00,2026/09/02 10:21:37.647, NVIDIA GeForce RTX 5060, 591.86, P8, 29, 0, 562, 8151, 7.83, 145.00, 210, 405, 1, 8
2026-09-02T10:21:42.6676016+07:00,2026/09/02 10:21:42.713, NVIDIA GeForce RTX 5060, 591.86, P8, 29, 0, 562, 8151, 7.97, 145.00, 210, 405, 1, 8
2026-09-02T10:21:47.8096662+07:00,2026/09/02 10:21:47.840, NVIDIA GeForce RTX 5060, 591.86, P8, 29, 0, 562, 8151, 7.60, 145.00, 210, 405, 1, 8
2026-09-02T10:21:52.8620698+07:00,2026/09/02 10:21:52.892, NVIDIA GeForce RTX 5060, 591.86, P8, 29, 0, 562, 8151, 7.93, 145.00, 210, 405, 1, 8
2026-09-02T10:21:57.9123542+07:00,2026/09/02 10:21:57.943, NVIDIA GeForce RTX 5060, 591.86, P8, 29, 0, 562, 8151, 7.78, 145.00, 210, 405, 1, 8
2026-09-02T10:22:02.9620785+07:00,2026/09/02 10:22:02.993, NVIDIA GeForce RTX 5060, 591.86, P8, 29, 0, 562, 8151, 8.37, 145.00, 210, 405, 1, 8
2026-09-02T10:22:08.0133292+07:00,2026/09/02 10:22:08.044, NVIDIA GeForce RTX 5060, 591.86, P8, 29, 0, 562, 8151, 8.04, 145.00, 210, 405, 1, 8
2026-09-02T10:22:13.0629581+07:00,2026/09/02 10:22:13.093, NVIDIA GeForce RTX 5060, 591.86, P8, 29, 0, 562, 8151, 8.18, 145.00, 210, 405, 1, 8
2026-09-02T10:22:18.1758691+07:00,2026/09/02 10:22:18.206, NVIDIA GeForce RTX 5060, 591.86, P8, 29, 0, 562, 8151, 8.34, 145.00, 210, 405, 1, 8
2026-09-02T10:22:23.2262710+07:00,2026/09/02 10:22:23.257, NVIDIA GeForce RTX 5060, 591.86, P8, 29, 0, 562, 8151, 7.93, 145.00, 210, 405, 1, 8
2026-09-02T10:22:28.2768152+07:00,2026/09/02 10:22:28.307, NVIDIA GeForce RTX 5060, 591.86, P8, 29, 0, 562, 8151, 7.77, 145.00, 210, 405, 1, 8
2026-09-02T10:22:33.3428607+07:00,2026/09/02 10:22:33.373, NVIDIA GeForce RTX 5060, 591.86, P8, 29, 0, 562, 8151, 8.02, 145.00, 210, 405, 1, 8
2026-09-02T10:22:38.3939264+07:00,2026/09/02 10:22:38.424, NVIDIA GeForce RTX 5060, 591.86, P8, 29, 0, 562, 8151, 8.14, 145.00, 210, 405, 1, 8
2026-09-02T10:22:43.4444650+07:00,2026/09/02 10:22:43.475, NVIDIA GeForce RTX 5060, 591.86, P8, 29, 0, 562, 8151, 8.11, 145.00, 210, 405, 1, 8
2026-09-02T10:22:48.5567347+07:00,2026/09/02 10:22:48.587, NVIDIA GeForce RTX 5060, 591.86, P8, 29, 0, 562, 8151, 7.93, 145.00, 210, 405, 1, 8
2026-09-02T10:22:53.6081068+07:00,2026/09/02 10:22:53.639, NVIDIA GeForce RTX 5060, 591.86, P8, 29, 0, 562, 8151, 7.94, 145.00, 210, 405, 1, 8
2026-09-02T10:22:58.6600046+07:00,2026/09/02 10:22:58.691, NVIDIA GeForce RTX 5060, 591.86, P8, 29, 0, 562, 8151, 7.95, 145.00, 210, 405, 1, 8
2026-09-02T10:23:03.7115501+07:00,2026/09/02 10:23:03.742, NVIDIA GeForce RTX 5060, 591.86, P8, 29, 0, 562, 8151, 8.32, 145.00, 210, 405, 1, 8
2026-09-02T10:23:08.7632246+07:00,2026/09/02 10:23:08.794, NVIDIA GeForce RTX 5060, 591.86, P8, 29, 0, 562, 8151, 7.97, 145.00, 210, 405, 1, 8
2026-09-02T10:23:13.8142076+07:00,2026/09/02 10:23:13.845, NVIDIA GeForce RTX 5060, 591.86, P8, 29, 0, 562, 8151, 8.08, 145.00, 202, 405, 1, 8
2026-09-02T10:23:18.9266781+07:00,2026/09/02 10:23:18.957, NVIDIA GeForce RTX 5060, 591.86, P8, 29, 0, 562, 8151, 8.44, 145.00, 210, 405, 1, 8
2026-09-02T10:23:23.9778972+07:00,2026/09/02 10:23:24.008, NVIDIA GeForce RTX 5060, 591.86, P8, 29, 0, 562, 8151, 8.02, 145.00, 210, 405, 1, 8
2026-09-02T10:23:29.0307260+07:00,2026/09/02 10:23:29.061, NVIDIA GeForce RTX 5060, 591.86, P8, 29, 0, 562, 8151, 7.85, 145.00, 210, 405, 1, 8
2026-09-02T10:23:34.0818048+07:00,2026/09/02 10:23:34.112, NVIDIA GeForce RTX 5060, 591.86, P8, 29, 0, 562, 8151, 8.03, 145.00, 210, 405, 1, 8
2026-09-02T10:23:39.1322037+07:00,2026/09/02 10:23:39.163, NVIDIA GeForce RTX 5060, 591.86, P8, 29, 0, 562, 8151, 7.67, 145.00, 210, 405, 1, 8
2026-09-02T10:23:44.1912090+07:00,2026/09/02 10:23:44.222, NVIDIA GeForce RTX 5060, 591.86, P8, 29, 0, 562, 8151, 7.76, 145.00, 210, 405, 1, 8
2026-09-02T10:23:49.3028174+07:00,2026/09/02 10:23:49.349, NVIDIA GeForce RTX 5060, 591.86, P8, 29, 0, 562, 8151, 8.24, 145.00, 210, 405, 1, 8
2026-09-02T10:23:54.3700291+07:00,2026/09/02 10:23:54.401, NVIDIA GeForce RTX 5060, 591.86, P8, 29, 0, 562, 8151, 7.72, 145.00, 210, 405, 1, 8
2026-09-02T10:23:59.4207186+07:00,2026/09/02 10:23:59.451, NVIDIA GeForce RTX 5060, 591.86, P8, 29, 0, 562, 8151, 7.76, 145.00, 210, 405, 1, 8
2026-09-02T10:24:04.4682554+07:00,2026/09/02 10:24:04.499, NVIDIA GeForce RTX 5060, 591.86, P8, 29, 0, 562, 8151, 8.34, 145.00, 210, 405, 1, 8
2026-09-02T10:24:09.5186100+07:00,2026/09/02 10:24:09.565, NVIDIA GeForce RTX 5060, 591.86, P8, 29, 0, 562, 8151, 7.79, 145.00, 210, 405, 1, 8
2026-09-02T10:24:14.5845868+07:00,2026/09/02 10:24:14.615, NVIDIA GeForce RTX 5060, 591.86, P8, 29, 0, 562, 8151, 7.81, 145.00, 210, 405, 1, 8
2026-09-02T10:24:19.6971926+07:00,2026/09/02 10:24:19.743, NVIDIA GeForce RTX 5060, 591.86, P8, 29, 0, 562, 8151, 8.43, 145.00, 210, 405, 1, 8
2026-09-02T10:24:24.7610745+07:00,2026/09/02 10:24:24.792, NVIDIA GeForce RTX 5060, 591.86, P8, 29, 0, 562, 8151, 7.84, 145.00, 210, 405, 1, 8
2026-09-02T10:24:29.8117341+07:00,2026/09/02 10:24:29.842, NVIDIA GeForce RTX 5060, 591.86, P8, 29, 0, 562, 8151, 7.55, 145.00, 210, 405, 1, 8
2026-09-02T10:24:34.8600551+07:00,2026/09/02 10:24:34.906, NVIDIA GeForce RTX 5060, 591.86, P8, 29, 0, 562, 8151, 7.62, 145.00, 210, 405, 1, 8
2026-09-02T10:24:39.9214596+07:00,2026/09/02 10:24:39.952, NVIDIA GeForce RTX 5060, 591.86, P8, 29, 0, 562, 8151, 7.69, 145.00, 210, 405, 1, 8
2026-09-02T10:24:44.9736726+07:00,2026/09/02 10:24:45.004, NVIDIA GeForce RTX 5060, 591.86, P8, 29, 0, 562, 8151, 7.67, 145.00, 210, 405, 1, 8
2026-09-02T10:24:50.2097371+07:00,2026/09/02 10:24:50.240, NVIDIA GeForce RTX 5060, 591.86, P8, 29, 0, 562, 8151, 7.59, 145.00, 210, 405, 1, 8
2026-09-02T10:24:55.2596284+07:00,2026/09/02 10:24:55.290, NVIDIA GeForce RTX 5060, 591.86, P8, 29, 0, 562, 8151, 7.50, 145.00, 210, 405, 1, 8
2026-09-02T10:25:00.3182610+07:00,2026/09/02 10:25:00.349, NVIDIA GeForce RTX 5060, 591.86, P8, 29, 0, 562, 8151, 7.71, 145.00, 210, 405, 1, 8
2026-09-02T10:25:05.3689572+07:00,2026/09/02 10:25:05.399, NVIDIA GeForce RTX 5060, 591.86, P8, 29, 0, 562, 8151, 7.86, 145.00, 210, 405, 1, 8
2026-09-02T10:25:10.4343097+07:00,2026/09/02 10:25:10.465, NVIDIA GeForce RTX 5060, 591.86, P8, 29, 0, 562, 8151, 7.69, 145.00, 210, 405, 1, 8
2026-09-02T10:25:15.4858701+07:00,2026/09/02 10:25:15.516, NVIDIA GeForce RTX 5060, 591.86, P8, 29, 0, 562, 8151, 7.73, 145.00, 210, 405, 1, 8
2026-09-02T10:25:20.6042056+07:00,2026/09/02 10:25:20.650, NVIDIA GeForce RTX 5060, 591.86, P8, 29, 0, 562, 8151, 7.75, 145.00, 202, 405, 1, 8
2026-09-02T10:25:25.6705066+07:00,2026/09/02 10:25:25.701, NVIDIA GeForce RTX 5060, 591.86, P8, 29, 0, 562, 8151, 7.67, 145.00, 210, 405, 1, 8
2026-09-02T10:25:30.7224449+07:00,2026/09/02 10:25:30.768, NVIDIA GeForce RTX 5060, 591.86, P8, 29, 0, 562, 8151, 7.59, 145.00, 210, 405, 1, 8
2026-09-02T10:25:35.7891305+07:00,2026/09/02 10:25:35.820, NVIDIA GeForce RTX 5060, 591.86, P8, 29, 0, 562, 8151, 7.72, 145.00, 210, 405, 1, 8
2026-09-02T10:25:40.8469195+07:00,2026/09/02 10:25:40.893, NVIDIA GeForce RTX 5060, 591.86, P8, 29, 0, 562, 8151, 7.69, 145.00, 210, 405, 1, 8
2026-09-02T10:25:45.9140515+07:00,2026/09/02 10:25:45.945, NVIDIA GeForce RTX 5060, 591.86, P8, 29, 0, 562, 8151, 7.64, 145.00, 210, 405, 1, 8
2026-09-02T10:25:51.0277877+07:00,2026/09/02 10:25:51.058, NVIDIA GeForce RTX 5060, 591.86, P8, 29, 0, 562, 8151, 7.55, 145.00, 210, 405, 1, 8
2026-09-02T10:25:56.0789373+07:00,2026/09/02 10:25:56.109, NVIDIA GeForce RTX 5060, 591.86, P8, 29, 0, 562, 8151, 7.79, 145.00, 210, 405, 1, 8
2026-09-02T10:26:01.1386010+07:00,2026/09/02 10:26:01.169, NVIDIA GeForce RTX 5060, 591.86, P8, 29, 0, 562, 8151, 7.84, 145.00, 210, 405, 1, 8
2026-09-02T10:26:06.1906047+07:00,2026/09/02 10:26:06.221, NVIDIA GeForce RTX 5060, 591.86, P8, 29, 0, 562, 8151, 7.88, 145.00, 210, 405, 1, 8
2026-09-02T10:26:11.2417963+07:00,2026/09/02 10:26:11.272, NVIDIA GeForce RTX 5060, 591.86, P8, 29, 0, 562, 8151, 7.67, 145.00, 210, 405, 1, 8
2026-09-02T10:26:16.2904233+07:00,2026/09/02 10:26:16.321, NVIDIA GeForce RTX 5060, 591.86, P8, 29, 0, 562, 8151, 7.84, 145.00, 210, 405, 1, 8
2026-09-02T10:26:21.4000956+07:00,2026/09/02 10:26:21.431, NVIDIA GeForce RTX 5060, 591.86, P8, 29, 0, 562, 8151, 7.83, 145.00, 210, 405, 1, 8
2026-09-02T10:26:26.4655183+07:00,2026/09/02 10:26:26.496, NVIDIA GeForce RTX 5060, 591.86, P8, 29, 0, 562, 8151, 7.80, 145.00, 210, 405, 1, 8
2026-09-02T10:26:31.5169706+07:00,2026/09/02 10:26:31.547, NVIDIA GeForce RTX 5060, 591.86, P8, 29, 0, 562, 8151, 7.59, 145.00, 210, 405, 1, 8
2026-09-02T10:26:36.5647974+07:00,2026/09/02 10:26:36.610, NVIDIA GeForce RTX 5060, 591.86, P8, 29, 0, 562, 8151, 7.70, 145.00, 210, 405, 1, 8
2026-09-02T10:26:41.6295609+07:00,2026/09/02 10:26:41.660, NVIDIA GeForce RTX 5060, 591.86, P8, 29, 0, 562, 8151, 7.72, 145.00, 210, 405, 1, 8
2026-09-02T10:26:46.6788069+07:00,2026/09/02 10:26:46.709, NVIDIA GeForce RTX 5060, 591.86, P8, 29, 0, 562, 8151, 7.51, 145.00, 210, 405, 1, 8
2026-09-02T10:26:51.7916650+07:00,2026/09/02 10:26:51.822, NVIDIA GeForce RTX 5060, 591.86, P8, 29, 0, 562, 8151, 7.55, 145.00, 210, 405, 1, 8
2026-09-02T10:26:56.8505154+07:00,2026/09/02 10:26:56.897, NVIDIA GeForce RTX 5060, 591.86, P8, 29, 0, 562, 8151, 7.72, 145.00, 202, 405, 1, 8
2026-09-02T10:27:01.9178604+07:00,2026/09/02 10:27:01.948, NVIDIA GeForce RTX 5060, 591.86, P8, 29, 0, 562, 8151, 8.25, 145.00, 210, 405, 1, 8
2026-09-02T10:27:06.9685748+07:00,2026/09/02 10:27:06.999, NVIDIA GeForce RTX 5060, 591.86, P8, 29, 0, 562, 8151, 7.71, 145.00, 210, 405, 1, 8
2026-09-02T10:27:12.0208346+07:00,2026/09/02 10:27:12.051, NVIDIA GeForce RTX 5060, 591.86, P8, 29, 0, 562, 8151, 7.86, 145.00, 210, 405, 1, 8
2026-09-02T10:27:17.0685862+07:00,2026/09/02 10:27:17.099, NVIDIA GeForce RTX 5060, 591.86, P8, 29, 0, 562, 8151, 8.08, 145.00, 210, 405, 1, 8
2026-09-02T10:27:22.1820757+07:00,2026/09/02 10:27:22.213, NVIDIA GeForce RTX 5060, 591.86, P8, 29, 0, 562, 8151, 7.77, 145.00, 210, 405, 1, 8
2026-09-02T10:27:27.2331210+07:00,2026/09/02 10:27:27.264, NVIDIA GeForce RTX 5060, 591.86, P8, 29, 0, 562, 8151, 7.81, 145.00, 210, 405, 1, 8
2026-09-02T10:27:32.2849354+07:00,2026/09/02 10:27:32.331, NVIDIA GeForce RTX 5060, 591.86, P8, 29, 0, 562, 8151, 7.84, 145.00, 210, 405, 1, 8
2026-09-02T10:27:37.3590710+07:00,2026/09/02 10:27:37.390, NVIDIA GeForce RTX 5060, 591.86, P8, 29, 0, 562, 8151, 7.75, 145.00, 210, 405, 1, 8
2026-09-02T10:27:42.4099557+07:00,2026/09/02 10:27:42.440, NVIDIA GeForce RTX 5060, 591.86, P8, 29, 0, 562, 8151, 7.71, 145.00, 210, 405, 1, 8
2026-09-02T10:27:47.4604817+07:00,2026/09/02 10:27:47.491, NVIDIA GeForce RTX 5060, 591.86, P8, 29, 0, 562, 8151, 7.59, 145.00, 210, 405, 1, 8
2026-09-02T10:27:52.6035304+07:00,2026/09/02 10:27:52.634, NVIDIA GeForce RTX 5060, 591.86, P8, 29, 0, 562, 8151, 7.72, 145.00, 210, 405, 1, 8
2026-09-02T10:27:57.6636757+07:00,2026/09/02 10:27:57.694, NVIDIA GeForce RTX 5060, 591.86, P8, 29, 0, 562, 8151, 7.94, 145.00, 210, 405, 1, 8
2026-09-02T10:28:02.7316041+07:00,2026/09/02 10:28:02.778, NVIDIA GeForce RTX 5060, 591.86, P8, 29, 0, 562, 8151, 8.33, 145.00, 210, 405, 1, 8
2026-09-02T10:28:07.7971554+07:00,2026/09/02 10:28:07.828, NVIDIA GeForce RTX 5060, 591.86, P8, 29, 0, 562, 8151, 7.67, 145.00, 210, 405, 1, 8
2026-09-02T10:28:12.8471440+07:00,2026/09/02 10:28:12.878, NVIDIA GeForce RTX 5060, 591.86, P8, 29, 0, 562, 8151, 7.82, 145.00, 210, 405, 1, 8
2026-09-02T10:28:17.9068229+07:00,2026/09/02 10:28:17.937, NVIDIA GeForce RTX 5060, 591.86, P8, 29, 0, 562, 8151, 8.13, 145.00, 210, 405, 1, 8
2026-09-02T10:28:23.0205865+07:00,2026/09/02 10:28:23.051, NVIDIA GeForce RTX 5060, 591.86, P8, 29, 0, 562, 8151, 7.75, 145.00, 210, 405, 1, 8
2026-09-02T10:28:28.0717989+07:00,2026/09/02 10:28:28.102, NVIDIA GeForce RTX 5060, 591.86, P8, 29, 0, 562, 8151, 7.90, 145.00, 210, 405, 1, 8
2026-09-02T10:28:33.1227407+07:00,2026/09/02 10:28:33.153, NVIDIA GeForce RTX 5060, 591.86, P8, 29, 0, 562, 8151, 7.88, 145.00, 210, 405, 1, 8
2026-09-02T10:28:38.1830058+07:00,2026/09/02 10:28:38.214, NVIDIA GeForce RTX 5060, 591.86, P8, 29, 0, 562, 8151, 8.00, 145.00, 210, 405, 1, 8
2026-09-02T10:28:43.2335488+07:00,2026/09/02 10:28:43.264, NVIDIA GeForce RTX 5060, 591.86, P8, 29, 0, 562, 8151, 7.78, 145.00, 210, 405, 1, 8
2026-09-02T10:28:48.2845952+07:00,2026/09/02 10:28:48.315, NVIDIA GeForce RTX 5060, 591.86, P8, 29, 0, 562, 8151, 7.75, 145.00, 210, 405, 1, 8
2026-09-02T10:28:53.3980602+07:00,2026/09/02 10:28:53.429, NVIDIA GeForce RTX 5060, 591.86, P8, 29, 0, 562, 8151, 7.94, 145.00, 210, 405, 1, 8
2026-09-02T10:28:58.4604105+07:00,2026/09/02 10:28:58.491, NVIDIA GeForce RTX 5060, 591.86, P8, 29, 0, 562, 8151, 7.83, 145.00, 210, 405, 1, 8
2026-09-02T10:29:03.5102760+07:00,2026/09/02 10:29:03.541, NVIDIA GeForce RTX 5060, 591.86, P8, 29, 0, 562, 8151, 8.37, 145.00, 210, 405, 1, 8
2026-09-02T10:29:08.5605667+07:00,2026/09/02 10:29:08.591, NVIDIA GeForce RTX 5060, 591.86, P8, 29, 0, 562, 8151, 7.77, 145.00, 210, 405, 1, 8
2026-09-02T10:29:13.6111318+07:00,2026/09/02 10:29:13.642, NVIDIA GeForce RTX 5060, 591.86, P8, 29, 0, 562, 8151, 7.84, 145.00, 210, 405, 1, 8
2026-09-02T10:29:18.6726141+07:00,2026/09/02 10:29:18.703, NVIDIA GeForce RTX 5060, 591.86, P8, 29, 0, 562, 8151, 8.12, 145.00, 210, 405, 1, 8
2026-09-02T10:29:23.8163418+07:00,2026/09/02 10:29:23.847, NVIDIA GeForce RTX 5060, 591.86, P8, 29, 0, 562, 8151, 7.62, 145.00, 210, 405, 1, 8
2026-09-02T10:29:28.8687609+07:00,2026/09/02 10:29:28.899, NVIDIA GeForce RTX 5060, 591.86, P8, 29, 0, 562, 8151, 7.77, 145.00, 210, 405, 1, 8
2026-09-02T10:29:33.9204769+07:00,2026/09/02 10:29:33.951, NVIDIA GeForce RTX 5060, 591.86, P8, 29, 0, 562, 8151, 7.77, 145.00, 210, 405, 1, 8
2026-09-02T10:29:38.9783823+07:00,2026/09/02 10:29:39.009, NVIDIA GeForce RTX 5060, 591.86, P8, 29, 0, 562, 8151, 7.68, 145.00, 210, 405, 1, 8
2026-09-02T10:29:44.0281394+07:00,2026/09/02 10:29:44.059, NVIDIA GeForce RTX 5060, 591.86, P8, 29, 0, 562, 8151, 7.71, 145.00, 210, 405, 1, 8
2026-09-02T10:29:49.0802381+07:00,2026/09/02 10:29:49.126, NVIDIA GeForce RTX 5060, 591.86, P8, 29, 0, 562, 8151, 7.78, 145.00, 210, 405, 1, 8
2026-09-02T10:29:54.2093599+07:00,2026/09/02 10:29:54.254, NVIDIA GeForce RTX 5060, 591.86, P8, 29, 0, 562, 8151, 7.84, 145.00, 210, 405, 1, 8
2026-09-02T10:29:59.2817236+07:00,2026/09/02 10:29:59.312, NVIDIA GeForce RTX 5060, 591.86, P8, 29, 0, 562, 8151, 7.75, 145.00, 210, 405, 1, 8
2026-09-02T10:30:04.3328804+07:00,2026/09/02 10:30:04.363, NVIDIA GeForce RTX 5060, 591.86, P8, 29, 0, 562, 8151, 8.02, 145.00, 210, 405, 1, 8
2026-09-02T10:30:09.3843304+07:00,2026/09/02 10:30:09.415, NVIDIA GeForce RTX 5060, 591.86, P8, 29, 0, 562, 8151, 7.52, 145.00, 210, 405, 1, 8
2026-09-02T10:30:14.4361264+07:00,2026/09/02 10:30:14.482, NVIDIA GeForce RTX 5060, 591.86, P8, 29, 0, 562, 8151, 7.60, 145.00, 210, 405, 1, 8
2026-09-02T10:30:19.5099946+07:00,2026/09/02 10:30:19.541, NVIDIA GeForce RTX 5060, 591.86, P8, 29, 0, 562, 8151, 7.78, 145.00, 210, 405, 1, 8
2026-09-02T10:30:24.6234042+07:00,2026/09/02 10:30:24.654, NVIDIA GeForce RTX 5060, 591.86, P8, 29, 0, 562, 8151, 7.61, 145.00, 210, 405, 1, 8
2026-09-02T10:30:29.6733921+07:00,2026/09/02 10:30:29.704, NVIDIA GeForce RTX 5060, 591.86, P8, 29, 0, 562, 8151, 7.62, 145.00, 210, 405, 1, 8
2026-09-02T10:30:34.7249744+07:00,2026/09/02 10:30:34.755, NVIDIA GeForce RTX 5060, 591.86, P8, 29, 0, 562, 8151, 7.77, 145.00, 202, 405, 1, 8
2026-09-02T10:30:39.7633291+07:00,2026/09/02 10:30:39.793, NVIDIA GeForce RTX 5060, 591.86, P8, 29, 0, 562, 8151, 7.76, 145.00, 210, 405, 1, 8
2026-09-02T10:30:44.8147098+07:00,2026/09/02 10:30:44.861, NVIDIA GeForce RTX 5060, 591.86, P8, 29, 0, 562, 8151, 7.68, 145.00, 210, 405, 1, 8
2026-09-02T10:30:49.8820249+07:00,2026/09/02 10:30:49.913, NVIDIA GeForce RTX 5060, 591.86, P8, 29, 0, 562, 8151, 7.75, 145.00, 210, 405, 1, 8
2026-09-02T10:30:55.0100634+07:00,2026/09/02 10:30:55.041, NVIDIA GeForce RTX 5060, 591.86, P8, 29, 0, 562, 8151, 7.73, 145.00, 210, 405, 1, 8
2026-09-02T10:31:00.0571911+07:00,2026/09/02 10:31:00.088, NVIDIA GeForce RTX 5060, 591.86, P8, 29, 0, 562, 8151, 8.08, 145.00, 210, 405, 1, 8
2026-09-02T10:31:05.1096883+07:00,2026/09/02 10:31:05.156, NVIDIA GeForce RTX 5060, 591.86, P8, 29, 0, 562, 8151, 7.75, 145.00, 210, 405, 1, 8
2026-09-02T10:31:10.1767645+07:00,2026/09/02 10:31:10.207, NVIDIA GeForce RTX 5060, 591.86, P8, 29, 0, 562, 8151, 7.94, 145.00, 210, 405, 1, 8
2026-09-02T10:31:15.2252595+07:00,2026/09/02 10:31:15.256, NVIDIA GeForce RTX 5060, 591.86, P8, 29, 0, 562, 8151, 7.72, 145.00, 210, 405, 1, 8
2026-09-02T10:31:20.2676865+07:00,2026/09/02 10:31:20.298, NVIDIA GeForce RTX 5060, 591.86, P8, 29, 0, 562, 8151, 7.82, 145.00, 210, 405, 1, 8
2026-09-02T10:31:25.3814299+07:00,2026/09/02 10:31:25.427, NVIDIA GeForce RTX 5060, 591.86, P8, 29, 0, 562, 8151, 7.69, 145.00, 210, 405, 1, 8
2026-09-02T10:31:30.4477551+07:00,2026/09/02 10:31:30.494, NVIDIA GeForce RTX 5060, 591.86, P8, 29, 0, 562, 8151, 7.71, 145.00, 210, 405, 1, 8
2026-09-02T10:31:35.5145978+07:00,2026/09/02 10:31:35.545, NVIDIA GeForce RTX 5060, 591.86, P8, 29, 0, 562, 8151, 7.85, 145.00, 210, 405, 1, 8
2026-09-02T10:31:40.5591496+07:00,2026/09/02 10:31:40.590, NVIDIA GeForce RTX 5060, 591.86, P8, 29, 0, 562, 8151, 7.87, 145.00, 210, 405, 1, 8
2026-09-02T10:31:45.6106550+07:00,2026/09/02 10:31:45.641, NVIDIA GeForce RTX 5060, 591.86, P8, 29, 0, 562, 8151, 7.73, 145.00, 210, 405, 1, 8
2026-09-02T10:31:50.6624018+07:00,2026/09/02 10:31:50.708, NVIDIA GeForce RTX 5060, 591.86, P8, 29, 0, 562, 8151, 7.86, 145.00, 210, 405, 1, 8
2026-09-02T10:31:55.7883444+07:00,2026/09/02 10:31:55.819, NVIDIA GeForce RTX 5060, 591.86, P8, 29, 0, 562, 8151, 7.97, 145.00, 210, 405, 1, 8
2026-09-02T10:32:00.8435481+07:00,2026/09/02 10:32:00.874, NVIDIA GeForce RTX 5060, 591.86, P8, 29, 1, 562, 8151, 7.93, 145.00, 210, 405, 1, 8
2026-09-02T10:32:05.8943015+07:00,2026/09/02 10:32:05.940, NVIDIA GeForce RTX 5060, 591.86, P8, 29, 0, 562, 8151, 7.97, 145.00, 210, 405, 1, 8
2026-09-02T10:32:10.9618642+07:00,2026/09/02 10:32:10.992, NVIDIA GeForce RTX 5060, 591.86, P8, 29, 0, 562, 8151, 7.91, 145.00, 210, 405, 1, 8
2026-09-02T10:32:16.0129162+07:00,2026/09/02 10:32:16.059, NVIDIA GeForce RTX 5060, 591.86, P8, 29, 0, 562, 8151, 7.66, 145.00, 210, 405, 1, 8
2026-09-02T10:32:21.0824866+07:00,2026/09/02 10:32:21.128, NVIDIA GeForce RTX 5060, 591.86, P8, 29, 0, 562, 8151, 7.89, 145.00, 210, 405, 1, 8
2026-09-02T10:32:26.2124095+07:00,2026/09/02 10:32:26.243, NVIDIA GeForce RTX 5060, 591.86, P8, 29, 0, 562, 8151, 7.87, 145.00, 210, 405, 1, 8
2026-09-02T10:32:31.2647481+07:00,2026/09/02 10:32:31.311, NVIDIA GeForce RTX 5060, 591.86, P8, 29, 0, 562, 8151, 7.93, 145.00, 210, 405, 1, 8
2026-09-02T10:32:36.3460894+07:00,2026/09/02 10:32:36.377, NVIDIA GeForce RTX 5060, 591.86, P8, 29, 0, 562, 8151, 7.77, 145.00, 202, 405, 1, 8
2026-09-02T10:32:41.4052956+07:00,2026/09/02 10:32:41.436, NVIDIA GeForce RTX 5060, 591.86, P8, 29, 0, 562, 8151, 7.77, 145.00, 210, 405, 1, 8
2026-09-02T10:32:46.4565885+07:00,2026/09/02 10:32:46.487, NVIDIA GeForce RTX 5060, 591.86, P8, 29, 0, 562, 8151, 7.83, 145.00, 210, 405, 1, 8
2026-09-02T10:32:51.5077591+07:00,2026/09/02 10:32:51.538, NVIDIA GeForce RTX 5060, 591.86, P8, 29, 0, 562, 8151, 7.78, 145.00, 210, 405, 1, 8
2026-09-02T10:32:56.6213968+07:00,2026/09/02 10:32:56.652, NVIDIA GeForce RTX 5060, 591.86, P8, 29, 0, 562, 8151, 7.61, 145.00, 210, 405, 1, 8
2026-09-02T10:33:01.6799641+07:00,2026/09/02 10:33:01.726, NVIDIA GeForce RTX 5060, 591.86, P8, 29, 1, 562, 8151, 8.22, 145.00, 210, 405, 1, 8
2026-09-02T10:33:06.7457301+07:00,2026/09/02 10:33:06.776, NVIDIA GeForce RTX 5060, 591.86, P8, 29, 0, 562, 8151, 7.79, 145.00, 210, 405, 1, 8
2026-09-02T10:33:11.7970020+07:00,2026/09/02 10:33:11.828, NVIDIA GeForce RTX 5060, 591.86, P8, 29, 0, 562, 8151, 7.84, 145.00, 210, 405, 1, 8
2026-09-02T10:33:16.8480395+07:00,2026/09/02 10:33:16.894, NVIDIA GeForce RTX 5060, 591.86, P8, 29, 0, 562, 8151, 7.67, 145.00, 210, 405, 1, 8
2026-09-02T10:33:21.9086371+07:00,2026/09/02 10:33:21.939, NVIDIA GeForce RTX 5060, 591.86, P8, 29, 0, 562, 8151, 7.56, 145.00, 210, 405, 1, 8
2026-09-02T10:33:27.0228399+07:00,2026/09/02 10:33:27.053, NVIDIA GeForce RTX 5060, 591.86, P8, 29, 0, 562, 8151, 7.55, 145.00, 210, 405, 1, 8
2026-09-02T10:33:32.0737585+07:00,2026/09/02 10:33:32.104, NVIDIA GeForce RTX 5060, 591.86, P8, 29, 0, 562, 8151, 7.69, 145.00, 210, 405, 1, 8
2026-09-02T10:33:37.1225211+07:00,2026/09/02 10:33:37.153, NVIDIA GeForce RTX 5060, 591.86, P8, 29, 0, 562, 8151, 7.61, 145.00, 210, 405, 1, 8
2026-09-02T10:33:42.1757465+07:00,2026/09/02 10:33:42.206, NVIDIA GeForce RTX 5060, 591.86, P8, 29, 0, 562, 8151, 7.74, 145.00, 210, 405, 1, 8
2026-09-02T10:33:47.2419999+07:00,2026/09/02 10:33:47.273, NVIDIA GeForce RTX 5060, 591.86, P8, 29, 0, 562, 8151, 7.73, 145.00, 210, 405, 1, 8
2026-09-02T10:33:52.2930452+07:00,2026/09/02 10:33:52.324, NVIDIA GeForce RTX 5060, 591.86, P8, 29, 0, 562, 8151, 7.68, 145.00, 210, 405, 1, 8
2026-09-02T10:33:57.4214882+07:00,2026/09/02 10:33:57.452, NVIDIA GeForce RTX 5060, 591.86, P8, 29, 0, 562, 8151, 7.72, 145.00, 210, 405, 1, 8
2026-09-02T10:34:02.4800642+07:00,2026/09/02 10:34:02.526, NVIDIA GeForce RTX 5060, 591.86, P8, 29, 0, 562, 8151, 8.27, 145.00, 210, 405, 1, 8
2026-09-02T10:34:07.5461608+07:00,2026/09/02 10:34:07.577, NVIDIA GeForce RTX 5060, 591.86, P8, 29, 0, 562, 8151, 7.78, 145.00, 210, 405, 1, 8
2026-09-02T10:34:12.5974644+07:00,2026/09/02 10:34:12.643, NVIDIA GeForce RTX 5060, 591.86, P8, 29, 0, 562, 8151, 7.78, 145.00, 210, 405, 1, 8
2026-09-02T10:34:17.6642283+07:00,2026/09/02 10:34:17.694, NVIDIA GeForce RTX 5060, 591.86, P8, 29, 0, 562, 8151, 8.12, 145.00, 210, 405, 1, 8
2026-09-02T10:34:22.7178156+07:00,2026/09/02 10:34:22.748, NVIDIA GeForce RTX 5060, 591.86, P8, 29, 0, 562, 8151, 7.93, 145.00, 210, 405, 1, 8
2026-09-02T10:34:27.8300653+07:00,2026/09/02 10:34:27.876, NVIDIA GeForce RTX 5060, 591.86, P8, 29, 0, 562, 8151, 7.77, 145.00, 210, 405, 1, 8
2026-09-02T10:34:32.8973393+07:00,2026/09/02 10:34:32.928, NVIDIA GeForce RTX 5060, 591.86, P8, 29, 0, 562, 8151, 7.93, 145.00, 210, 405, 1, 8
2026-09-02T10:34:37.9484921+07:00,2026/09/02 10:34:37.979, NVIDIA GeForce RTX 5060, 591.86, P8, 29, 0, 562, 8151, 7.74, 145.00, 210, 405, 1, 8
2026-09-02T10:34:43.0092247+07:00,2026/09/02 10:34:43.040, NVIDIA GeForce RTX 5060, 591.86, P8, 29, 0, 562, 8151, 7.88, 145.00, 210, 405, 1, 8
2026-09-02T10:34:48.0606513+07:00,2026/09/02 10:34:48.092, NVIDIA GeForce RTX 5060, 591.86, P8, 29, 0, 562, 8151, 7.78, 145.00, 210, 405, 1, 8
2026-09-02T10:34:53.1112509+07:00,2026/09/02 10:34:53.143, NVIDIA GeForce RTX 5060, 591.86, P8, 29, 0, 562, 8151, 7.93, 145.00, 210, 405, 1, 8
2026-09-02T10:34:58.2236523+07:00,2026/09/02 10:34:58.254, NVIDIA GeForce RTX 5060, 591.86, P8, 29, 0, 562, 8151, 7.83, 145.00, 210, 405, 1, 8
2026-09-02T10:35:03.2840242+07:00,2026/09/02 10:35:03.315, NVIDIA GeForce RTX 5060, 591.86, P8, 29, 0, 562, 8151, 8.11, 145.00, 210, 405, 1, 8
2026-09-02T10:35:08.3348850+07:00,2026/09/02 10:35:08.365, NVIDIA GeForce RTX 5060, 591.86, P8, 29, 0, 562, 8151, 7.76, 145.00, 210, 405, 1, 8
2026-09-02T10:35:13.3854266+07:00,2026/09/02 10:35:13.416, NVIDIA GeForce RTX 5060, 591.86, P8, 29, 0, 562, 8151, 7.75, 145.00, 210, 405, 1, 8
2026-09-02T10:35:18.4379803+07:00,2026/09/02 10:35:18.468, NVIDIA GeForce RTX 5060, 591.86, P8, 29, 0, 562, 8151, 8.37, 145.00, 210, 405, 1, 8
2026-09-02T10:35:23.4975570+07:00,2026/09/02 10:35:23.528, NVIDIA GeForce RTX 5060, 591.86, P8, 29, 0, 562, 8151, 7.91, 145.00, 210, 405, 1, 8
2026-09-02T10:35:28.6112538+07:00,2026/09/02 10:35:28.642, NVIDIA GeForce RTX 5060, 591.86, P8, 29, 0, 562, 8151, 7.85, 145.00, 210, 405, 1, 8
2026-09-02T10:35:33.6620430+07:00,2026/09/02 10:35:33.693, NVIDIA GeForce RTX 5060, 591.86, P8, 29, 0, 562, 8151, 7.72, 145.00, 210, 405, 1, 8
2026-09-02T10:35:38.7132316+07:00,2026/09/02 10:35:38.744, NVIDIA GeForce RTX 5060, 591.86, P8, 29, 0, 562, 8151, 7.67, 145.00, 210, 405, 1, 8
2026-09-02T10:35:43.7608190+07:00,2026/09/02 10:35:43.807, NVIDIA GeForce RTX 5060, 591.86, P8, 29, 0, 562, 8151, 7.75, 145.00, 210, 405, 1, 8
2026-09-02T10:35:48.8270885+07:00,2026/09/02 10:35:48.858, NVIDIA GeForce RTX 5060, 591.86, P8, 29, 0, 562, 8151, 7.81, 145.00, 210, 405, 1, 8
2026-09-02T10:35:53.8780940+07:00,2026/09/02 10:35:53.909, NVIDIA GeForce RTX 5060, 591.86, P8, 29, 0, 562, 8151, 7.73, 145.00, 210, 405, 1, 8
2026-09-02T10:35:58.9899776+07:00,2026/09/02 10:35:59.020, NVIDIA GeForce RTX 5060, 591.86, P8, 29, 0, 562, 8151, 7.69, 145.00, 210, 405, 1, 8
2026-09-02T10:36:04.0372311+07:00,2026/09/02 10:36:04.068, NVIDIA GeForce RTX 5060, 591.86, P8, 29, 0, 562, 8151, 8.18, 145.00, 210, 405, 1, 8
2026-09-02T10:36:09.0879074+07:00,2026/09/02 10:36:09.118, NVIDIA GeForce RTX 5060, 591.86, P8, 29, 0, 562, 8151, 7.84, 145.00, 210, 405, 1, 8
2026-09-02T10:36:14.1388299+07:00,2026/09/02 10:36:14.169, NVIDIA GeForce RTX 5060, 591.86, P8, 29, 0, 562, 8151, 7.93, 145.00, 210, 405, 1, 8
2026-09-02T10:36:19.1864295+07:00,2026/09/02 10:36:19.232, NVIDIA GeForce RTX 5060, 591.86, P8, 29, 0, 562, 8151, 8.55, 145.00, 210, 405, 1, 8
2026-09-02T10:36:24.2688714+07:00,2026/09/02 10:36:24.299, NVIDIA GeForce RTX 5060, 591.86, P8, 29, 0, 562, 8151, 7.78, 145.00, 210, 405, 1, 8
2026-09-02T10:36:29.3821476+07:00,2026/09/02 10:36:29.413, NVIDIA GeForce RTX 5060, 591.86, P8, 29, 0, 562, 8151, 7.84, 145.00, 210, 405, 1, 8
2026-09-02T10:36:34.4336946+07:00,2026/09/02 10:36:34.464, NVIDIA GeForce RTX 5060, 591.86, P8, 29, 0, 562, 8151, 7.68, 145.00, 210, 405, 1, 8
2026-09-02T10:36:39.4931590+07:00,2026/09/02 10:36:39.524, NVIDIA GeForce RTX 5060, 591.86, P8, 29, 0, 562, 8151, 7.70, 145.00, 210, 405, 1, 8
2026-09-02T10:36:44.5445277+07:00,2026/09/02 10:36:44.591, NVIDIA GeForce RTX 5060, 591.86, P8, 29, 0, 562, 8151, 7.94, 145.00, 210, 405, 1, 8
2026-09-02T10:36:49.6112900+07:00,2026/09/02 10:36:49.642, NVIDIA GeForce RTX 5060, 591.86, P8, 29, 0, 562, 8151, 7.74, 145.00, 210, 405, 1, 8
2026-09-02T10:36:54.6625014+07:00,2026/09/02 10:36:54.693, NVIDIA GeForce RTX 5060, 591.86, P8, 29, 0, 562, 8151, 7.78, 145.00, 210, 405, 1, 8
2026-09-02T10:36:59.7818413+07:00,2026/09/02 10:36:59.812, NVIDIA GeForce RTX 5060, 591.86, P8, 29, 0, 562, 8151, 8.12, 145.00, 210, 405, 1, 8
2026-09-02T10:37:04.8324282+07:00,2026/09/02 10:37:04.863, NVIDIA GeForce RTX 5060, 591.86, P8, 29, 0, 562, 8151, 8.33, 145.00, 210, 405, 1, 8
2026-09-02T10:37:09.8822372+07:00,2026/09/02 10:37:09.913, NVIDIA GeForce RTX 5060, 591.86, P8, 29, 0, 562, 8151, 8.00, 145.00, 210, 405, 1, 8
2026-09-02T10:37:14.9326681+07:00,2026/09/02 10:37:14.963, NVIDIA GeForce RTX 5060, 591.86, P8, 29, 0, 562, 8151, 7.86, 145.00, 210, 405, 1, 8
2026-09-02T10:37:19.9945349+07:00,2026/09/02 10:37:20.040, NVIDIA GeForce RTX 5060, 591.86, P8, 29, 0, 562, 8151, 7.84, 145.00, 210, 405, 1, 8
2026-09-02T10:37:25.0603502+07:00,2026/09/02 10:37:25.106, NVIDIA GeForce RTX 5060, 591.86, P8, 29, 0, 562, 8151, 8.05, 145.00, 210, 405, 1, 8
2026-09-02T10:37:30.1895248+07:00,2026/09/02 10:37:30.220, NVIDIA GeForce RTX 5060, 591.86, P8, 29, 0, 562, 8151, 8.01, 145.00, 210, 405, 1, 8
2026-09-02T10:37:35.2396618+07:00,2026/09/02 10:37:35.270, NVIDIA GeForce RTX 5060, 591.86, P8, 29, 0, 562, 8151, 7.93, 145.00, 210, 405, 1, 8
2026-09-02T10:37:40.2957239+07:00,2026/09/02 10:37:40.342, NVIDIA GeForce RTX 5060, 591.86, P8, 29, 0, 562, 8151, 7.91, 145.00, 210, 405, 1, 8
2026-09-02T10:37:45.3633740+07:00,2026/09/02 10:37:45.394, NVIDIA GeForce RTX 5060, 591.86, P8, 29, 0, 562, 8151, 7.77, 145.00, 202, 405, 1, 8
2026-09-02T10:37:50.4158841+07:00,2026/09/02 10:37:50.446, NVIDIA GeForce RTX 5060, 591.86, P8, 29, 0, 562, 8151, 8.01, 145.00, 210, 405, 1, 8
2026-09-02T10:37:55.4668361+07:00,2026/09/02 10:37:55.497, NVIDIA GeForce RTX 5060, 591.86, P8, 29, 0, 562, 8151, 7.91, 145.00, 210, 405, 1, 8
2026-09-02T10:38:00.5914072+07:00,2026/09/02 10:38:00.622, NVIDIA GeForce RTX 5060, 591.86, P8, 29, 0, 562, 8151, 8.10, 145.00, 210, 405, 1, 8
2026-09-02T10:38:05.6413675+07:00,2026/09/02 10:38:05.672, NVIDIA GeForce RTX 5060, 591.86, P8, 29, 0, 562, 8151, 8.05, 145.00, 210, 405, 1, 8
2026-09-02T10:38:10.6924504+07:00,2026/09/02 10:38:10.723, NVIDIA GeForce RTX 5060, 591.86, P8, 29, 0, 562, 8151, 8.04, 145.00, 210, 405, 1, 8
2026-09-02T10:38:15.7423068+07:00,2026/09/02 10:38:15.773, NVIDIA GeForce RTX 5060, 591.86, P8, 29, 0, 562, 8151, 7.93, 145.00, 210, 405, 1, 8
2026-09-02T10:38:20.8040180+07:00,2026/09/02 10:38:20.835, NVIDIA GeForce RTX 5060, 591.86, P8, 29, 0, 562, 8151, 7.93, 145.00, 210, 405, 1, 8
2026-09-02T10:38:25.8541835+07:00,2026/09/02 10:38:25.885, NVIDIA GeForce RTX 5060, 591.86, P8, 29, 0, 562, 8151, 7.97, 145.00, 210, 405, 1, 8
2026-09-02T10:38:30.9826104+07:00,2026/09/02 10:38:31.028, NVIDIA GeForce RTX 5060, 591.86, P8, 29, 0, 562, 8151, 8.15, 145.00, 210, 405, 1, 8
2026-09-02T10:38:36.0581254+07:00,2026/09/02 10:38:36.089, NVIDIA GeForce RTX 5060, 591.86, P8, 29, 0, 562, 8151, 8.03, 145.00, 210, 405, 1, 8
2026-09-02T10:38:41.1103105+07:00,2026/09/02 10:38:41.156, NVIDIA GeForce RTX 5060, 591.86, P8, 29, 0, 562, 8151, 7.91, 145.00, 210, 405, 1, 8
2026-09-02T10:38:46.1765995+07:00,2026/09/02 10:38:46.207, NVIDIA GeForce RTX 5060, 591.86, P8, 29, 0, 562, 8151, 7.93, 145.00, 210, 405, 1, 8
2026-09-02T10:38:51.2275865+07:00,2026/09/02 10:38:51.258, NVIDIA GeForce RTX 5060, 591.86, P8, 29, 0, 562, 8151, 8.02, 145.00, 210, 405, 1, 8
2026-09-02T10:38:56.2878396+07:00,2026/09/02 10:38:56.318, NVIDIA GeForce RTX 5060, 591.86, P8, 29, 0, 562, 8151, 7.92, 145.00, 210, 405, 1, 8
2026-09-02T10:39:01.3992872+07:00,2026/09/02 10:39:01.430, NVIDIA GeForce RTX 5060, 591.86, P8, 29, 0, 562, 8151, 8.03, 145.00, 210, 405, 1, 8
2026-09-02T10:39:06.4507085+07:00,2026/09/02 10:39:06.481, NVIDIA GeForce RTX 5060, 591.86, P8, 29, 0, 562, 8151, 7.94, 145.00, 210, 405, 1, 8
2026-09-02T10:39:11.4994607+07:00,2026/09/02 10:39:11.530, NVIDIA GeForce RTX 5060, 591.86, P8, 29, 0, 562, 8151, 7.96, 145.00, 210, 405, 1, 8
2026-09-02T10:39:16.5598080+07:00,2026/09/02 10:39:16.590, NVIDIA GeForce RTX 5060, 591.86, P8, 29, 0, 562, 8151, 7.94, 145.00, 210, 405, 1, 8
2026-09-02T10:39:21.6117465+07:00,2026/09/02 10:39:21.642, NVIDIA GeForce RTX 5060, 591.86, P8, 29, 0, 562, 8151, 7.91, 145.00, 210, 405, 1, 8
2026-09-02T10:39:26.6627532+07:00,2026/09/02 10:39:26.693, NVIDIA GeForce RTX 5060, 591.86, P8, 29, 0, 562, 8151, 8.00, 145.00, 210, 405, 1, 8
2026-09-02T10:39:31.7767443+07:00,2026/09/02 10:39:31.807, NVIDIA GeForce RTX 5060, 591.86, P8, 29, 0, 562, 8151, 7.93, 145.00, 210, 405, 1, 8
2026-09-02T10:39:36.8362197+07:00,2026/09/02 10:39:36.867, NVIDIA GeForce RTX 5060, 591.86, P8, 29, 0, 562, 8151, 7.92, 145.00, 210, 405, 1, 8
2026-09-02T10:39:41.8859098+07:00,2026/09/02 10:39:41.916, NVIDIA GeForce RTX 5060, 591.86, P8, 29, 0, 562, 8151, 7.92, 145.00, 210, 405, 1, 8
2026-09-02T10:39:46.9377826+07:00,2026/09/02 10:39:46.968, NVIDIA GeForce RTX 5060, 591.86, P8, 29, 0, 562, 8151, 7.91, 145.00, 210, 405, 1, 8
2026-09-02T10:39:51.9892245+07:00,2026/09/02 10:39:52.051, NVIDIA GeForce RTX 5060, 591.86, P8, 29, 0, 562, 8151, 7.94, 145.00, 210, 405, 1, 8
2026-09-02T10:39:57.0738115+07:00,2026/09/02 10:39:57.104, NVIDIA GeForce RTX 5060, 591.86, P8, 29, 0, 562, 8151, 8.44, 145.00, 210, 405, 1, 8
2026-09-02T10:40:02.2004651+07:00,2026/09/02 10:40:02.246, NVIDIA GeForce RTX 5060, 591.86, P0, 30, 0, 606, 8151, 22.84, 145.00, 2512, 14201, 4, 8
2026-09-02T10:40:07.2649284+07:00,2026/09/02 10:40:07.295, NVIDIA GeForce RTX 5060, 591.86, P8, 29, 0, 694, 8151, 8.98, 145.00, 210, 405, 1, 8
2026-09-02T10:40:12.3138503+07:00,2026/09/02 10:40:12.344, NVIDIA GeForce RTX 5060, 591.86, P8, 29, 0, 697, 8151, 8.60, 145.00, 262, 405, 1, 8
2026-09-02T10:40:17.3735550+07:00,2026/09/02 10:40:17.404, NVIDIA GeForce RTX 5060, 591.86, P8, 29, 0, 697, 8151, 8.00, 145.00, 210, 405, 1, 8
2026-09-02T10:40:22.4248427+07:00,2026/09/02 10:40:22.455, NVIDIA GeForce RTX 5060, 591.86, P8, 29, 0, 697, 8151, 8.34, 145.00, 210, 405, 1, 8
2026-09-02T10:40:27.4738096+07:00,2026/09/02 10:40:27.504, NVIDIA GeForce RTX 5060, 591.86, P8, 29, 0, 697, 8151, 7.81, 145.00, 210, 405, 1, 8
2026-09-02T10:40:32.5859419+07:00,2026/09/02 10:40:32.647, NVIDIA GeForce RTX 5060, 591.86, P8, 29, 0, 697, 8151, 8.04, 145.00, 210, 405, 1, 8
2026-09-02T10:40:37.6694149+07:00,2026/09/02 10:40:37.700, NVIDIA GeForce RTX 5060, 591.86, P8, 29, 0, 697, 8151, 8.05, 145.00, 210, 405, 1, 8
2026-09-02T10:40:42.7197518+07:00,2026/09/02 10:40:42.750, NVIDIA GeForce RTX 5060, 591.86, P8, 29, 0, 697, 8151, 7.93, 145.00, 210, 405, 1, 8
2026-09-02T10:40:47.7698470+07:00,2026/09/02 10:40:47.816, NVIDIA GeForce RTX 5060, 591.86, P8, 29, 0, 697, 8151, 8.02, 145.00, 210, 405, 1, 8
2026-09-02T10:40:52.8362310+07:00,2026/09/02 10:40:52.867, NVIDIA GeForce RTX 5060, 591.86, P8, 29, 0, 697, 8151, 8.01, 145.00, 210, 405, 1, 8
2026-09-02T10:40:57.8970384+07:00,2026/09/02 10:40:57.943, NVIDIA GeForce RTX 5060, 591.86, P8, 29, 0, 697, 8151, 7.95, 145.00, 210, 405, 1, 8
2026-09-02T10:41:03.0258850+07:00,2026/09/02 10:41:03.056, NVIDIA GeForce RTX 5060, 591.86, P8, 29, 0, 697, 8151, 8.45, 145.00, 210, 405, 1, 8
2026-09-02T10:41:08.0763165+07:00,2026/09/02 10:41:08.107, NVIDIA GeForce RTX 5060, 591.86, P8, 29, 0, 697, 8151, 7.93, 145.00, 210, 405, 1, 8
2026-09-02T10:41:13.1278247+07:00,2026/09/02 10:41:13.158, NVIDIA GeForce RTX 5060, 591.86, P8, 29, 0, 697, 8151, 7.88, 145.00, 210, 405, 1, 8
2026-09-02T10:41:18.1866585+07:00,2026/09/02 10:41:18.217, NVIDIA GeForce RTX 5060, 591.86, P8, 29, 0, 697, 8151, 8.35, 145.00, 210, 405, 1, 8
2026-09-02T10:41:23.2371544+07:00,2026/09/02 10:41:23.268, NVIDIA GeForce RTX 5060, 591.86, P8, 29, 0, 697, 8151, 7.66, 145.00, 210, 405, 1, 8
2026-09-02T10:41:28.2875749+07:00,2026/09/02 10:41:28.318, NVIDIA GeForce RTX 5060, 591.86, P8, 29, 0, 697, 8151, 7.82, 145.00, 210, 405, 1, 8
2026-09-02T10:41:33.4007470+07:00,2026/09/02 10:41:33.431, NVIDIA GeForce RTX 5060, 591.86, P8, 29, 0, 697, 8151, 7.88, 145.00, 210, 405, 1, 8
2026-09-02T10:41:38.4486989+07:00,2026/09/02 10:41:38.495, NVIDIA GeForce RTX 5060, 591.86, P8, 29, 0, 697, 8151, 7.84, 145.00, 210, 405, 1, 8
2026-09-02T10:41:43.5155173+07:00,2026/09/02 10:41:43.546, NVIDIA GeForce RTX 5060, 591.86, P8, 29, 0, 697, 8151, 7.93, 145.00, 210, 405, 1, 8
2026-09-02T10:41:48.5658896+07:00,2026/09/02 10:41:48.596, NVIDIA GeForce RTX 5060, 591.86, P8, 29, 0, 697, 8151, 7.64, 145.00, 210, 405, 1, 8
2026-09-02T10:41:53.6168602+07:00,2026/09/02 10:41:53.647, NVIDIA GeForce RTX 5060, 591.86, P8, 29, 0, 697, 8151, 7.90, 145.00, 210, 405, 1, 8
2026-09-02T10:41:58.6648488+07:00,2026/09/02 10:41:58.695, NVIDIA GeForce RTX 5060, 591.86, P8, 29, 0, 697, 8151, 7.81, 145.00, 210, 405, 1, 8
2026-09-02T10:42:03.7788360+07:00,2026/09/02 10:42:03.809, NVIDIA GeForce RTX 5060, 591.86, P8, 29, 0, 697, 8151, 8.19, 145.00, 210, 405, 1, 8
2026-09-02T10:42:08.8280948+07:00,2026/09/02 10:42:08.859, NVIDIA GeForce RTX 5060, 591.86, P8, 29, 0, 697, 8151, 7.73, 145.00, 210, 405, 1, 8
2026-09-02T10:42:13.8777323+07:00,2026/09/02 10:42:13.908, NVIDIA GeForce RTX 5060, 591.86, P8, 29, 0, 697, 8151, 7.74, 145.00, 210, 405, 1, 8
2026-09-02T10:42:18.9288411+07:00,2026/09/02 10:42:18.959, NVIDIA GeForce RTX 5060, 591.86, P8, 29, 0, 697, 8151, 8.37, 145.00, 210, 405, 1, 8
2026-09-02T10:42:23.9791597+07:00,2026/09/02 10:42:24.025, NVIDIA GeForce RTX 5060, 591.86, P8, 29, 0, 697, 8151, 7.81, 145.00, 202, 405, 1, 8
2026-09-02T10:42:29.0454422+07:00,2026/09/02 10:42:29.076, NVIDIA GeForce RTX 5060, 591.86, P8, 29, 0, 697, 8151, 7.84, 145.00, 210, 405, 1, 8
2026-09-02T10:42:34.1663341+07:00,2026/09/02 10:42:34.212, NVIDIA GeForce RTX 5060, 591.86, P8, 29, 0, 697, 8151, 7.92, 145.00, 210, 405, 1, 8
2026-09-02T10:42:39.2488171+07:00,2026/09/02 10:42:39.279, NVIDIA GeForce RTX 5060, 591.86, P8, 29, 0, 697, 8151, 7.83, 145.00, 210, 405, 1, 8
2026-09-02T10:42:44.3013566+07:00,2026/09/02 10:42:44.332, NVIDIA GeForce RTX 5060, 591.86, P8, 29, 0, 697, 8151, 7.92, 145.00, 210, 405, 1, 8
2026-09-02T10:42:49.3522199+07:00,2026/09/02 10:42:49.383, NVIDIA GeForce RTX 5060, 591.86, P8, 29, 0, 697, 8151, 7.69, 145.00, 210, 405, 1, 8
2026-09-02T10:42:54.4113075+07:00,2026/09/02 10:42:54.442, NVIDIA GeForce RTX 5060, 591.86, P8, 29, 0, 697, 8151, 7.89, 145.00, 210, 405, 1, 8
2026-09-02T10:42:59.4639281+07:00,2026/09/02 10:42:59.510, NVIDIA GeForce RTX 5060, 591.86, P8, 29, 0, 697, 8151, 8.02, 145.00, 210, 405, 1, 8
2026-09-02T10:43:04.5931630+07:00,2026/09/02 10:43:04.624, NVIDIA GeForce RTX 5060, 591.86, P8, 29, 0, 697, 8151, 8.31, 145.00, 210, 405, 1, 8
2026-09-02T10:43:09.6450765+07:00,2026/09/02 10:43:09.676, NVIDIA GeForce RTX 5060, 591.86, P8, 29, 0, 697, 8151, 7.97, 145.00, 210, 405, 1, 8
2026-09-02T10:43:14.7084691+07:00,2026/09/02 10:43:14.735, NVIDIA GeForce RTX 5060, 591.86, P8, 29, 0, 697, 8151, 8.16, 145.00, 210, 405, 1, 8
2026-09-02T10:43:19.7547708+07:00,2026/09/02 10:43:19.785, NVIDIA GeForce RTX 5060, 591.86, P8, 29, 0, 697, 8151, 7.91, 145.00, 210, 405, 1, 8
2026-09-02T10:43:24.8047820+07:00,2026/09/02 10:43:24.835, NVIDIA GeForce RTX 5060, 591.86, P8, 29, 0, 697, 8151, 8.02, 145.00, 210, 405, 1, 8
2026-09-02T10:43:29.8547015+07:00,2026/09/02 10:43:29.885, NVIDIA GeForce RTX 5060, 591.86, P8, 29, 0, 697, 8151, 7.89, 145.00, 210, 405, 1, 8
2026-09-02T10:43:34.9772937+07:00,2026/09/02 10:43:35.008, NVIDIA GeForce RTX 5060, 591.86, P8, 29, 0, 697, 8151, 8.13, 145.00, 210, 405, 1, 8
2026-09-02T10:43:40.0292546+07:00,2026/09/02 10:43:40.060, NVIDIA GeForce RTX 5060, 591.86, P8, 29, 0, 697, 8151, 7.83, 145.00, 210, 405, 1, 8
2026-09-02T10:43:45.0811043+07:00,2026/09/02 10:43:45.112, NVIDIA GeForce RTX 5060, 591.86, P8, 29, 0, 697, 8151, 7.81, 145.00, 210, 405, 1, 8
2026-09-02T10:43:50.1314237+07:00,2026/09/02 10:43:50.162, NVIDIA GeForce RTX 5060, 591.86, P8, 29, 0, 697, 8151, 7.73, 145.00, 210, 405, 1, 8
2026-09-02T10:43:55.1898585+07:00,2026/09/02 10:43:55.220, NVIDIA GeForce RTX 5060, 591.86, P8, 29, 0, 697, 8151, 7.79, 145.00, 210, 405, 1, 8
2026-09-02T10:44:00.2401251+07:00,2026/09/02 10:44:00.271, NVIDIA GeForce RTX 5060, 591.86, P8, 29, 0, 697, 8151, 7.86, 145.00, 210, 405, 1, 8
2026-09-02T10:44:05.3681458+07:00,2026/09/02 10:44:05.399, NVIDIA GeForce RTX 5060, 591.86, P8, 29, 0, 697, 8151, 7.98, 145.00, 210, 405, 1, 8
2026-09-02T10:44:10.4300102+07:00,2026/09/02 10:44:10.461, NVIDIA GeForce RTX 5060, 591.86, P8, 29, 0, 697, 8151, 7.71, 145.00, 210, 405, 1, 8
2026-09-02T10:44:15.4850142+07:00,2026/09/02 10:44:15.516, NVIDIA GeForce RTX 5060, 591.86, P8, 29, 0, 697, 8151, 8.01, 145.00, 210, 405, 1, 8
2026-09-02T10:44:20.5355893+07:00,2026/09/02 10:44:20.582, NVIDIA GeForce RTX 5060, 591.86, P8, 29, 0, 697, 8151, 8.01, 145.00, 210, 405, 1, 8
2026-09-02T10:44:25.6010930+07:00,2026/09/02 10:44:25.647, NVIDIA GeForce RTX 5060, 591.86, P8, 29, 0, 697, 8151, 7.98, 145.00, 210, 405, 1, 8
2026-09-02T10:44:30.6678777+07:00,2026/09/02 10:44:30.698, NVIDIA GeForce RTX 5060, 591.86, P8, 29, 0, 697, 8151, 8.09, 145.00, 210, 405, 1, 8
2026-09-02T10:44:35.7805068+07:00,2026/09/02 10:44:35.811, NVIDIA GeForce RTX 5060, 591.86, P8, 29, 0, 697, 8151, 7.91, 145.00, 210, 405, 1, 8
2026-09-02T10:44:40.8321012+07:00,2026/09/02 10:44:40.863, NVIDIA GeForce RTX 5060, 591.86, P8, 29, 0, 697, 8151, 7.84, 145.00, 210, 405, 1, 8
2026-09-02T10:44:45.8842420+07:00,2026/09/02 10:44:45.915, NVIDIA GeForce RTX 5060, 591.86, P8, 29, 0, 697, 8151, 8.02, 145.00, 210, 405, 1, 8
2026-09-02T10:44:50.9351521+07:00,2026/09/02 10:44:50.981, NVIDIA GeForce RTX 5060, 591.86, P8, 29, 0, 697, 8151, 7.84, 145.00, 210, 405, 1, 8
2026-09-02T10:44:56.0122925+07:00,2026/09/02 10:44:56.058, NVIDIA GeForce RTX 5060, 591.86, P8, 29, 0, 697, 8151, 8.06, 145.00, 210, 405, 1, 8
2026-09-02T10:45:01.0794352+07:00,2026/09/02 10:45:01.125, NVIDIA GeForce RTX 5060, 591.86, P8, 29, 0, 697, 8151, 8.20, 145.00, 240, 405, 1, 8
2026-09-02T10:45:06.2081097+07:00,2026/09/02 10:45:06.238, NVIDIA GeForce RTX 5060, 591.86, P8, 29, 0, 697, 8151, 7.86, 145.00, 210, 405, 1, 8
2026-09-02T10:45:11.2581783+07:00,2026/09/02 10:45:11.291, NVIDIA GeForce RTX 5060, 591.86, P8, 29, 0, 697, 8151, 7.77, 145.00, 210, 405, 1, 8
2026-09-02T10:45:16.3194590+07:00,2026/09/02 10:45:16.350, NVIDIA GeForce RTX 5060, 591.86, P8, 29, 0, 697, 8151, 7.81, 145.00, 210, 405, 1, 8
2026-09-02T10:45:21.3720272+07:00,2026/09/02 10:45:21.403, NVIDIA GeForce RTX 5060, 591.86, P8, 29, 0, 697, 8151, 7.72, 145.00, 210, 405, 1, 8
2026-09-02T10:45:26.4227450+07:00,2026/09/02 10:45:26.453, NVIDIA GeForce RTX 5060, 591.86, P8, 29, 0, 697, 8151, 7.63, 145.00, 210, 405, 1, 8
2026-09-02T10:45:31.4756258+07:00,2026/09/02 10:45:31.506, NVIDIA GeForce RTX 5060, 591.86, P8, 29, 0, 697, 8151, 7.91, 145.00, 210, 405, 1, 8
2026-09-02T10:45:36.5841615+07:00,2026/09/02 10:45:36.615, NVIDIA GeForce RTX 5060, 591.86, P8, 29, 0, 697, 8151, 7.88, 145.00, 210, 405, 1, 8
2026-09-02T10:45:41.6349735+07:00,2026/09/02 10:45:41.666, NVIDIA GeForce RTX 5060, 591.86, P8, 29, 0, 697, 8151, 7.73, 145.00, 210, 405, 1, 8
2026-09-02T10:45:46.6833001+07:00,2026/09/02 10:45:46.714, NVIDIA GeForce RTX 5060, 591.86, P8, 29, 0, 697, 8151, 7.55, 145.00, 210, 405, 1, 8
2026-09-02T10:45:51.7315631+07:00,2026/09/02 10:45:51.762, NVIDIA GeForce RTX 5060, 591.86, P8, 29, 0, 697, 8151, 7.68, 145.00, 210, 405, 1, 8
2026-09-02T10:45:56.7891732+07:00,2026/09/02 10:45:56.820, NVIDIA GeForce RTX 5060, 591.86, P8, 29, 0, 697, 8151, 7.70, 145.00, 210, 405, 1, 8
2026-09-02T10:46:01.8378680+07:00,2026/09/02 10:46:01.868, NVIDIA GeForce RTX 5060, 591.86, P8, 29, 0, 697, 8151, 8.26, 145.00, 210, 405, 1, 8
2026-09-02T10:46:06.9493370+07:00,2026/09/02 10:46:06.980, NVIDIA GeForce RTX 5060, 591.86, P8, 29, 0, 697, 8151, 7.63, 145.00, 210, 405, 1, 8
2026-09-02T10:46:12.0159332+07:00,2026/09/02 10:46:12.046, NVIDIA GeForce RTX 5060, 591.86, P8, 29, 0, 697, 8151, 7.72, 145.00, 210, 405, 1, 8
2026-09-02T10:46:17.0757570+07:00,2026/09/02 10:46:17.105, NVIDIA GeForce RTX 5060, 591.86, P8, 29, 0, 697, 8151, 7.76, 145.00, 217, 405, 1, 8
2026-09-02T10:46:22.1251709+07:00,2026/09/02 10:46:22.156, NVIDIA GeForce RTX 5060, 591.86, P8, 29, 0, 697, 8151, 7.66, 145.00, 210, 405, 1, 8
2026-09-02T10:46:27.1739045+07:00,2026/09/02 10:46:27.204, NVIDIA GeForce RTX 5060, 591.86, P8, 29, 0, 697, 8151, 7.62, 145.00, 210, 405, 1, 8
2026-09-02T10:46:32.2236490+07:00,2026/09/02 10:46:32.254, NVIDIA GeForce RTX 5060, 591.86, P8, 29, 0, 697, 8151, 7.52, 145.00, 210, 405, 1, 8
2026-09-02T10:46:37.3443278+07:00,2026/09/02 10:46:37.375, NVIDIA GeForce RTX 5060, 591.86, P8, 29, 0, 697, 8151, 7.77, 145.00, 210, 405, 1, 8
2026-09-02T10:46:42.3953598+07:00,2026/09/02 10:46:42.426, NVIDIA GeForce RTX 5060, 591.86, P8, 29, 0, 697, 8151, 7.77, 145.00, 210, 405, 1, 8
2026-09-02T10:46:47.4460689+07:00,2026/09/02 10:46:47.476, NVIDIA GeForce RTX 5060, 591.86, P8, 29, 0, 697, 8151, 7.72, 145.00, 210, 405, 1, 8
2026-09-02T10:46:52.4971137+07:00,2026/09/02 10:46:52.528, NVIDIA GeForce RTX 5060, 591.86, P8, 29, 0, 697, 8151, 7.75, 145.00, 210, 405, 1, 8
2026-09-02T10:46:57.5491598+07:00,2026/09/02 10:46:57.595, NVIDIA GeForce RTX 5060, 591.86, P8, 29, 0, 697, 8151, 7.82, 145.00, 210, 405, 1, 8
2026-09-02T10:47:02.6163559+07:00,2026/09/02 10:47:02.647, NVIDIA GeForce RTX 5060, 591.86, P8, 29, 0, 697, 8151, 8.49, 145.00, 210, 405, 1, 8
2026-09-02T10:47:07.7294612+07:00,2026/09/02 10:47:07.760, NVIDIA GeForce RTX 5060, 591.86, P8, 29, 0, 697, 8151, 8.00, 145.00, 210, 405, 1, 8
2026-09-02T10:47:12.7786503+07:00,2026/09/02 10:47:12.809, NVIDIA GeForce RTX 5060, 591.86, P8, 29, 0, 697, 8151, 8.01, 145.00, 210, 405, 1, 8
2026-09-02T10:47:17.8242999+07:00,2026/09/02 10:47:17.854, NVIDIA GeForce RTX 5060, 591.86, P8, 29, 0, 697, 8151, 8.39, 145.00, 210, 405, 1, 8
2026-09-02T10:47:22.8809926+07:00,2026/09/02 10:47:22.911, NVIDIA GeForce RTX 5060, 591.86, P8, 29, 0, 697, 8151, 7.92, 145.00, 210, 405, 1, 8
2026-09-02T10:47:27.9318380+07:00,2026/09/02 10:47:27.962, NVIDIA GeForce RTX 5060, 591.86, P8, 29, 0, 697, 8151, 7.93, 145.00, 210, 405, 1, 8
2026-09-02T10:47:32.9825717+07:00,2026/09/02 10:47:33.013, NVIDIA GeForce RTX 5060, 591.86, P8, 29, 0, 697, 8151, 7.97, 145.00, 210, 405, 1, 8
2026-09-02T10:47:38.1108533+07:00,2026/09/02 10:47:38.141, NVIDIA GeForce RTX 5060, 591.86, P8, 29, 0, 697, 8151, 7.74, 145.00, 210, 405, 1, 8
2026-09-02T10:47:43.1633562+07:00,2026/09/02 10:47:43.194, NVIDIA GeForce RTX 5060, 591.86, P8, 29, 0, 697, 8151, 7.73, 145.00, 210, 405, 1, 8
2026-09-02T10:47:48.2141402+07:00,2026/09/02 10:47:48.245, NVIDIA GeForce RTX 5060, 591.86, P8, 29, 0, 697, 8151, 8.04, 145.00, 210, 405, 1, 8
2026-09-02T10:47:53.2649668+07:00,2026/09/02 10:47:53.295, NVIDIA GeForce RTX 5060, 591.86, P8, 29, 0, 697, 8151, 7.71, 145.00, 210, 405, 1, 8
2026-09-02T10:47:58.3173517+07:00,2026/09/02 10:47:58.363, NVIDIA GeForce RTX 5060, 591.86, P8, 29, 0, 697, 8151, 7.86, 145.00, 210, 405, 1, 8
2026-09-02T10:48:03.3922814+07:00,2026/09/02 10:48:03.423, NVIDIA GeForce RTX 5060, 591.86, P8, 29, 0, 697, 8151, 8.34, 145.00, 210, 405, 1, 8
2026-09-02T10:48:08.5044760+07:00,2026/09/02 10:48:08.535, NVIDIA GeForce RTX 5060, 591.86, P8, 29, 0, 697, 8151, 7.85, 145.00, 210, 405, 1, 8
2026-09-02T10:48:13.5558431+07:00,2026/09/02 10:48:13.586, NVIDIA GeForce RTX 5060, 591.86, P8, 29, 0, 697, 8151, 7.74, 145.00, 210, 405, 1, 8
2026-09-02T10:48:18.6070015+07:00,2026/09/02 10:48:18.638, NVIDIA GeForce RTX 5060, 591.86, P8, 29, 0, 697, 8151, 8.43, 145.00, 210, 405, 1, 8
2026-09-02T10:48:23.6653482+07:00,2026/09/02 10:48:23.696, NVIDIA GeForce RTX 5060, 591.86, P8, 29, 0, 697, 8151, 7.85, 145.00, 210, 405, 1, 8
2026-09-02T10:48:28.7155385+07:00,2026/09/02 10:48:28.761, NVIDIA GeForce RTX 5060, 591.86, P8, 29, 0, 697, 8151, 7.56, 145.00, 210, 405, 1, 8
2026-09-02T10:48:33.7816332+07:00,2026/09/02 10:48:33.812, NVIDIA GeForce RTX 5060, 591.86, P8, 29, 0, 697, 8151, 7.62, 145.00, 210, 405, 1, 8
2026-09-02T10:48:38.8950649+07:00,2026/09/02 10:48:38.926, NVIDIA GeForce RTX 5060, 591.86, P8, 29, 0, 697, 8151, 7.90, 145.00, 210, 405, 1, 8
2026-09-02T10:48:43.9569668+07:00,2026/09/02 10:48:43.987, NVIDIA GeForce RTX 5060, 591.86, P8, 29, 0, 697, 8151, 7.88, 145.00, 210, 405, 1, 8
2026-09-02T10:48:49.0083241+07:00,2026/09/02 10:48:49.054, NVIDIA GeForce RTX 5060, 591.86, P8, 29, 0, 697, 8151, 7.80, 145.00, 210, 405, 1, 8
2026-09-02T10:48:54.0759759+07:00,2026/09/02 10:48:54.106, NVIDIA GeForce RTX 5060, 591.86, P8, 29, 0, 697, 8151, 7.69, 145.00, 210, 405, 1, 8
2026-09-02T10:48:59.1256246+07:00,2026/09/02 10:48:59.156, NVIDIA GeForce RTX 5060, 591.86, P8, 29, 0, 697, 8151, 7.67, 145.00, 210, 405, 1, 8
2026-09-02T10:49:04.1665470+07:00,2026/09/02 10:49:04.197, NVIDIA GeForce RTX 5060, 591.86, P8, 29, 0, 697, 8151, 8.16, 145.00, 210, 405, 1, 8
2026-09-02T10:49:09.2793120+07:00,2026/09/02 10:49:09.310, NVIDIA GeForce RTX 5060, 591.86, P8, 29, 0, 697, 8151, 7.66, 145.00, 210, 405, 1, 8
2026-09-02T10:49:14.3302827+07:00,2026/09/02 10:49:14.361, NVIDIA GeForce RTX 5060, 591.86, P8, 29, 0, 697, 8151, 7.78, 145.00, 210, 405, 1, 8
2026-09-02T10:49:19.3812190+07:00,2026/09/02 10:49:19.412, NVIDIA GeForce RTX 5060, 591.86, P8, 29, 0, 697, 8151, 8.35, 145.00, 210, 405, 1, 8
2026-09-02T10:49:24.4398737+07:00,2026/09/02 10:49:24.470, NVIDIA GeForce RTX 5060, 591.86, P8, 29, 0, 697, 8151, 7.68, 145.00, 210, 405, 1, 8
2026-09-02T10:49:29.4911304+07:00,2026/09/02 10:49:29.522, NVIDIA GeForce RTX 5060, 591.86, P8, 29, 0, 697, 8151, 7.71, 145.00, 210, 405, 1, 8
2026-09-02T10:49:34.5423655+07:00,2026/09/02 10:49:34.588, NVIDIA GeForce RTX 5060, 591.86, P8, 29, 0, 697, 8151, 7.86, 145.00, 202, 405, 1, 8
2026-09-02T10:49:39.6870449+07:00,2026/09/02 10:49:39.718, NVIDIA GeForce RTX 5060, 591.86, P8, 29, 0, 697, 8151, 7.78, 145.00, 210, 405, 1, 8
2026-09-02T10:49:44.7465223+07:00,2026/09/02 10:49:44.777, NVIDIA GeForce RTX 5060, 591.86, P8, 29, 0, 697, 8151, 7.84, 145.00, 210, 405, 1, 8
2026-09-02T10:49:49.7981184+07:00,2026/09/02 10:49:49.829, NVIDIA GeForce RTX 5060, 591.86, P8, 29, 0, 697, 8151, 7.95, 145.00, 210, 405, 1, 8
2026-09-02T10:49:54.8500642+07:00,2026/09/02 10:49:54.896, NVIDIA GeForce RTX 5060, 591.86, P8, 29, 0, 697, 8151, 7.76, 145.00, 210, 405, 1, 8
2026-09-02T10:49:59.9160864+07:00,2026/09/02 10:49:59.962, NVIDIA GeForce RTX 5060, 591.86, P8, 29, 0, 697, 8151, 7.74, 145.00, 210, 405, 1, 8
2026-09-02T10:50:04.9766650+07:00,2026/09/02 10:50:05.007, NVIDIA GeForce RTX 5060, 591.86, P8, 29, 0, 697, 8151, 7.92, 145.00, 210, 405, 1, 8
2026-09-02T10:50:10.0906542+07:00,2026/09/02 10:50:10.121, NVIDIA GeForce RTX 5060, 591.86, P8, 29, 0, 697, 8151, 7.69, 145.00, 210, 405, 1, 8
2026-09-02T10:50:15.1422824+07:00,2026/09/02 10:50:15.188, NVIDIA GeForce RTX 5060, 591.86, P8, 29, 0, 697, 8151, 7.81, 145.00, 210, 405, 1, 8
2026-09-02T10:50:20.2074424+07:00,2026/09/02 10:50:20.238, NVIDIA GeForce RTX 5060, 591.86, P8, 29, 0, 697, 8151, 7.83, 145.00, 210, 405, 1, 8
2026-09-02T10:50:25.2687096+07:00,2026/09/02 10:50:25.299, NVIDIA GeForce RTX 5060, 591.86, P8, 29, 0, 697, 8151, 7.74, 145.00, 210, 405, 1, 8
2026-09-02T10:50:30.3184035+07:00,2026/09/02 10:50:30.349, NVIDIA GeForce RTX 5060, 591.86, P8, 29, 0, 697, 8151, 7.97, 145.00, 210, 405, 1, 8
2026-09-02T10:50:35.3700003+07:00,2026/09/02 10:50:35.401, NVIDIA GeForce RTX 5060, 591.86, P8, 29, 0, 697, 8151, 8.04, 145.00, 210, 405, 1, 8
2026-09-02T10:50:40.4758587+07:00,2026/09/02 10:50:40.522, NVIDIA GeForce RTX 5060, 591.86, P8, 29, 0, 697, 8151, 7.97, 145.00, 210, 405, 1, 8
2026-09-02T10:50:45.5412466+07:00,2026/09/02 10:50:45.572, NVIDIA GeForce RTX 5060, 591.86, P8, 29, 0, 697, 8151, 7.93, 145.00, 210, 405, 1, 8
2026-09-02T10:50:50.5927161+07:00,2026/09/02 10:50:50.639, NVIDIA GeForce RTX 5060, 591.86, P8, 29, 0, 697, 8151, 7.92, 145.00, 210, 405, 1, 8
2026-09-02T10:50:55.6744604+07:00,2026/09/02 10:50:55.720, NVIDIA GeForce RTX 5060, 591.86, P8, 29, 0, 697, 8151, 7.85, 145.00, 210, 405, 1, 8
2026-09-02T10:51:00.7509987+07:00,2026/09/02 10:51:00.781, NVIDIA GeForce RTX 5060, 591.86, P8, 29, 0, 697, 8151, 7.76, 145.00, 210, 405, 1, 8
2026-09-02T10:51:05.8024706+07:00,2026/09/02 10:51:05.833, NVIDIA GeForce RTX 5060, 591.86, P8, 29, 0, 697, 8151, 7.73, 145.00, 210, 405, 1, 8
2026-09-02T10:51:10.9152868+07:00,2026/09/02 10:51:10.946, NVIDIA GeForce RTX 5060, 591.86, P8, 29, 0, 697, 8151, 7.76, 145.00, 210, 405, 1, 8
2026-09-02T10:51:15.9674684+07:00,2026/09/02 10:51:16.013, NVIDIA GeForce RTX 5060, 591.86, P8, 29, 0, 697, 8151, 7.86, 145.00, 210, 405, 1, 8
2026-09-02T10:51:21.0421020+07:00,2026/09/02 10:51:21.073, NVIDIA GeForce RTX 5060, 591.86, P8, 29, 0, 697, 8151, 7.86, 145.00, 210, 405, 1, 8
2026-09-02T10:51:26.0933193+07:00,2026/09/02 10:51:26.124, NVIDIA GeForce RTX 5060, 591.86, P8, 29, 0, 697, 8151, 7.69, 145.00, 210, 405, 1, 8
2026-09-02T10:51:31.1429006+07:00,2026/09/02 10:51:31.189, NVIDIA GeForce RTX 5060, 591.86, P8, 29, 0, 697, 8151, 7.72, 145.00, 210, 405, 1, 8
2026-09-02T10:51:36.2098733+07:00,2026/09/02 10:51:36.256, NVIDIA GeForce RTX 5060, 591.86, P8, 29, 0, 697, 8151, 7.69, 145.00, 210, 405, 1, 8
2026-09-02T10:51:41.3470708+07:00,2026/09/02 10:51:41.378, NVIDIA GeForce RTX 5060, 591.86, P8, 29, 0, 697, 8151, 7.82, 145.00, 210, 405, 1, 8
2026-09-02T10:51:46.3978846+07:00,2026/09/02 10:51:46.428, NVIDIA GeForce RTX 5060, 591.86, P8, 29, 0, 697, 8151, 7.75, 145.00, 210, 405, 1, 8
2026-09-02T10:51:51.4498643+07:00,2026/09/02 10:51:51.496, NVIDIA GeForce RTX 5060, 591.86, P8, 29, 0, 697, 8151, 7.64, 145.00, 210, 405, 1, 8
2026-09-02T10:51:56.5168325+07:00,2026/09/02 10:51:56.547, NVIDIA GeForce RTX 5060, 591.86, P8, 29, 0, 697, 8151, 7.67, 145.00, 210, 405, 1, 8
2026-09-02T10:52:01.5747289+07:00,2026/09/02 10:52:01.605, NVIDIA GeForce RTX 5060, 591.86, P8, 29, 0, 697, 8151, 8.09, 145.00, 210, 405, 1, 8
2026-09-02T10:52:06.6244469+07:00,2026/09/02 10:52:06.655, NVIDIA GeForce RTX 5060, 591.86, P8, 29, 0, 697, 8151, 7.88, 145.00, 210, 405, 1, 8
2026-09-02T10:52:11.7535598+07:00,2026/09/02 10:52:11.799, NVIDIA GeForce RTX 5060, 591.86, P8, 29, 0, 697, 8151, 7.71, 145.00, 210, 405, 1, 8
2026-09-02T10:52:16.8199923+07:00,2026/09/02 10:52:16.866, NVIDIA GeForce RTX 5060, 591.86, P8, 29, 0, 697, 8151, 7.65, 145.00, 210, 405, 1, 8
2026-09-02T10:52:21.8845143+07:00,2026/09/02 10:52:21.915, NVIDIA GeForce RTX 5060, 591.86, P8, 29, 0, 697, 8151, 7.95, 145.00, 210, 405, 1, 8
2026-09-02T10:52:26.9500490+07:00,2026/09/02 10:52:26.981, NVIDIA GeForce RTX 5060, 591.86, P8, 29, 0, 697, 8151, 7.79, 145.00, 210, 405, 1, 8
2026-09-02T10:52:32.0013243+07:00,2026/09/02 10:52:32.032, NVIDIA GeForce RTX 5060, 591.86, P8, 29, 0, 697, 8151, 7.73, 145.00, 210, 405, 1, 8
2026-09-02T10:52:37.0522241+07:00,2026/09/02 10:52:37.083, NVIDIA GeForce RTX 5060, 591.86, P8, 29, 0, 697, 8151, 7.62, 145.00, 210, 405, 1, 8
2026-09-02T10:52:42.1764964+07:00,2026/09/02 10:52:42.207, NVIDIA GeForce RTX 5060, 591.86, P8, 29, 0, 697, 8151, 7.77, 145.00, 210, 405, 1, 8
2026-09-02T10:52:47.2283206+07:00,2026/09/02 10:52:47.259, NVIDIA GeForce RTX 5060, 591.86, P8, 29, 0, 697, 8151, 7.67, 145.00, 210, 405, 1, 8
2026-09-02T10:52:52.2800868+07:00,2026/09/02 10:52:52.311, NVIDIA GeForce RTX 5060, 591.86, P8, 29, 0, 697, 8151, 7.68, 145.00, 210, 405, 1, 8
2026-09-02T10:52:57.3310262+07:00,2026/09/02 10:52:57.361, NVIDIA GeForce RTX 5060, 591.86, P8, 29, 0, 697, 8151, 7.62, 145.00, 210, 405, 1, 8
2026-09-02T10:53:02.3732126+07:00,2026/09/02 10:53:02.404, NVIDIA GeForce RTX 5060, 591.86, P8, 29, 0, 697, 8151, 8.38, 145.00, 210, 405, 1, 8
2026-09-02T10:53:07.4248221+07:00,2026/09/02 10:53:07.455, NVIDIA GeForce RTX 5060, 591.86, P8, 29, 0, 697, 8151, 7.73, 145.00, 210, 405, 1, 8
2026-09-02T10:53:12.5374966+07:00,2026/09/02 10:53:12.568, NVIDIA GeForce RTX 5060, 591.86, P8, 29, 0, 697, 8151, 7.56, 145.00, 210, 405, 1, 8
2026-09-02T10:53:17.5877969+07:00,2026/09/02 10:53:17.618, NVIDIA GeForce RTX 5060, 591.86, P8, 29, 0, 697, 8151, 7.89, 145.00, 210, 405, 1, 8
2026-09-02T10:53:22.6468068+07:00,2026/09/02 10:53:22.677, NVIDIA GeForce RTX 5060, 591.86, P5, 29, 0, 697, 8151, 9.42, 145.00, 210, 810, 1, 8
2026-09-02T10:53:27.6969388+07:00,2026/09/02 10:53:27.727, NVIDIA GeForce RTX 5060, 591.86, P8, 29, 0, 697, 8151, 7.57, 145.00, 210, 405, 1, 8
2026-09-02T10:53:32.7480515+07:00,2026/09/02 10:53:32.779, NVIDIA GeForce RTX 5060, 591.86, P8, 29, 0, 697, 8151, 7.63, 145.00, 210, 405, 1, 8
2026-09-02T10:53:37.7985748+07:00,2026/09/02 10:53:37.845, NVIDIA GeForce RTX 5060, 591.86, P8, 29, 0, 697, 8151, 7.58, 145.00, 210, 405, 1, 8
2026-09-02T10:53:42.8918955+07:00,2026/09/02 10:53:42.922, NVIDIA GeForce RTX 5060, 591.86, P8, 29, 0, 697, 8151, 7.48, 145.00, 210, 405, 1, 8
2026-09-02T10:53:47.9433145+07:00,2026/09/02 10:53:47.974, NVIDIA GeForce RTX 5060, 591.86, P8, 29, 0, 697, 8151, 7.59, 145.00, 210, 405, 1, 8
2026-09-02T10:53:52.9945977+07:00,2026/09/02 10:53:53.025, NVIDIA GeForce RTX 5060, 591.86, P8, 29, 0, 697, 8151, 7.60, 145.00, 210, 405, 1, 8
2026-09-02T10:53:58.0439025+07:00,2026/09/02 10:53:58.075, NVIDIA GeForce RTX 5060, 591.86, P8, 29, 0, 697, 8151, 7.62, 145.00, 210, 405, 1, 8
2026-09-02T10:54:03.1042581+07:00,2026/09/02 10:54:03.150, NVIDIA GeForce RTX 5060, 591.86, P8, 29, 0, 697, 8151, 8.23, 145.00, 210, 405, 1, 8
2026-09-02T10:54:08.1667777+07:00,2026/09/02 10:54:08.197, NVIDIA GeForce RTX 5060, 591.86, P8, 29, 0, 697, 8151, 7.82, 145.00, 210, 405, 1, 8
2026-09-02T10:54:13.3096385+07:00,2026/09/02 10:54:13.340, NVIDIA GeForce RTX 5060, 591.86, P8, 29, 0, 697, 8151, 7.86, 145.00, 210, 405, 1, 8
2026-09-02T10:54:18.3748986+07:00,2026/09/02 10:54:18.405, NVIDIA GeForce RTX 5060, 591.86, P8, 29, 0, 697, 8151, 7.99, 145.00, 210, 405, 1, 8
2026-09-02T10:54:23.4347823+07:00,2026/09/02 10:54:23.465, NVIDIA GeForce RTX 5060, 591.86, P8, 29, 0, 697, 8151, 7.87, 145.00, 210, 405, 1, 8
2026-09-02T10:54:28.4863756+07:00,2026/09/02 10:54:28.517, NVIDIA GeForce RTX 5060, 591.86, P8, 29, 0, 697, 8151, 7.96, 145.00, 210, 405, 1, 8
2026-09-02T10:54:33.5364580+07:00,2026/09/02 10:54:33.567, NVIDIA GeForce RTX 5060, 591.86, P8, 29, 0, 697, 8151, 7.90, 145.00, 210, 405, 1, 8
2026-09-02T10:54:38.5872632+07:00,2026/09/02 10:54:38.618, NVIDIA GeForce RTX 5060, 591.86, P8, 29, 0, 697, 8151, 7.82, 145.00, 210, 405, 1, 8
2026-09-02T10:54:43.7064272+07:00,2026/09/02 10:54:43.752, NVIDIA GeForce RTX 5060, 591.86, P8, 29, 0, 697, 8151, 7.97, 145.00, 210, 405, 1, 8
2026-09-02T10:54:48.7737289+07:00,2026/09/02 10:54:48.820, NVIDIA GeForce RTX 5060, 591.86, P8, 29, 0, 697, 8151, 7.83, 145.00, 210, 405, 1, 8
2026-09-02T10:54:53.8421210+07:00,2026/09/02 10:54:53.872, NVIDIA GeForce RTX 5060, 591.86, P8, 29, 0, 697, 8151, 7.83, 145.00, 210, 405, 1, 8
2026-09-02T10:54:58.8906443+07:00,2026/09/02 10:54:58.921, NVIDIA GeForce RTX 5060, 591.86, P8, 29, 0, 697, 8151, 7.82, 145.00, 210, 405, 1, 8
2026-09-02T10:55:03.9520564+07:00,2026/09/02 10:55:03.983, NVIDIA GeForce RTX 5060, 591.86, P8, 29, 0, 697, 8151, 8.17, 145.00, 210, 405, 1, 8
2026-09-02T10:55:09.0024872+07:00,2026/09/02 10:55:09.033, NVIDIA GeForce RTX 5060, 591.86, P8, 29, 0, 697, 8151, 7.97, 145.00, 210, 405, 1, 8
2026-09-02T10:55:14.1155961+07:00,2026/09/02 10:55:14.162, NVIDIA GeForce RTX 5060, 591.86, P8, 29, 0, 697, 8151, 7.89, 145.00, 210, 405, 1, 8
2026-09-02T10:55:19.1969525+07:00,2026/09/02 10:55:19.227, NVIDIA GeForce RTX 5060, 591.86, P8, 29, 0, 697, 8151, 8.35, 145.00, 210, 405, 1, 8
2026-09-02T10:55:24.2559482+07:00,2026/09/02 10:55:24.301, NVIDIA GeForce RTX 5060, 591.86, P8, 29, 0, 697, 8151, 7.80, 145.00, 210, 405, 1, 8
2026-09-02T10:55:29.3225569+07:00,2026/09/02 10:55:29.353, NVIDIA GeForce RTX 5060, 591.86, P8, 29, 0, 697, 8151, 7.82, 145.00, 210, 405, 1, 8
2026-09-02T10:55:34.3738614+07:00,2026/09/02 10:55:34.404, NVIDIA GeForce RTX 5060, 591.86, P8, 29, 0, 697, 8151, 7.89, 145.00, 210, 405, 1, 8
2026-09-02T10:55:39.4348246+07:00,2026/09/02 10:55:39.480, NVIDIA GeForce RTX 5060, 591.86, P8, 29, 0, 697, 8151, 7.83, 145.00, 210, 405, 1, 8
2026-09-02T10:55:44.5754659+07:00,2026/09/02 10:55:44.606, NVIDIA GeForce RTX 5060, 591.86, P8, 29, 0, 697, 8151, 7.84, 145.00, 210, 405, 1, 8
2026-09-02T10:55:49.6258338+07:00,2026/09/02 10:55:49.656, NVIDIA GeForce RTX 5060, 591.86, P8, 29, 0, 697, 8151, 7.89, 145.00, 210, 405, 1, 8
2026-09-02T10:55:54.6764044+07:00,2026/09/02 10:55:54.707, NVIDIA GeForce RTX 5060, 591.86, P8, 29, 0, 697, 8151, 7.70, 145.00, 210, 405, 1, 8
2026-09-02T10:55:59.7336711+07:00,2026/09/02 10:55:59.764, NVIDIA GeForce RTX 5060, 591.86, P8, 29, 0, 697, 8151, 7.86, 145.00, 210, 405, 1, 8
2026-09-02T10:56:04.7842836+07:00,2026/09/02 10:56:04.815, NVIDIA GeForce RTX 5060, 591.86, P8, 29, 0, 697, 8151, 8.23, 145.00, 210, 405, 1, 8
2026-09-02T10:56:09.8359953+07:00,2026/09/02 10:56:09.882, NVIDIA GeForce RTX 5060, 591.86, P8, 29, 0, 697, 8151, 7.81, 145.00, 210, 405, 1, 8
2026-09-02T10:56:14.9631649+07:00,2026/09/02 10:56:14.994, NVIDIA GeForce RTX 5060, 591.86, P8, 29, 0, 697, 8151, 7.84, 145.00, 210, 405, 1, 8
2026-09-02T10:56:20.0206296+07:00,2026/09/02 10:56:20.051, NVIDIA GeForce RTX 5060, 591.86, P8, 29, 0, 697, 8151, 7.99, 145.00, 210, 405, 1, 8
2026-09-02T10:56:25.0712055+07:00,2026/09/02 10:56:25.117, NVIDIA GeForce RTX 5060, 591.86, P8, 29, 0, 697, 8151, 7.86, 145.00, 210, 405, 1, 8
2026-09-02T10:56:30.1357472+07:00,2026/09/02 10:56:30.166, NVIDIA GeForce RTX 5060, 591.86, P8, 29, 0, 697, 8151, 7.95, 145.00, 210, 405, 1, 8
2026-09-02T10:56:35.1867514+07:00,2026/09/02 10:56:35.217, NVIDIA GeForce RTX 5060, 591.86, P8, 29, 0, 697, 8151, 7.90, 145.00, 210, 405, 1, 8
2026-09-02T10:56:40.2489826+07:00,2026/09/02 10:56:40.279, NVIDIA GeForce RTX 5060, 591.86, P8, 29, 0, 697, 8151, 7.91, 145.00, 210, 405, 1, 8
2026-09-02T10:56:45.3484827+07:00,2026/09/02 10:56:45.379, NVIDIA GeForce RTX 5060, 591.86, P8, 29, 0, 697, 8151, 7.92, 145.00, 210, 405, 1, 8
2026-09-02T10:56:50.4011370+07:00,2026/09/02 10:56:50.432, NVIDIA GeForce RTX 5060, 591.86, P8, 29, 0, 697, 8151, 7.83, 145.00, 202, 405, 1, 8
2026-09-02T10:56:55.4510732+07:00,2026/09/02 10:56:55.482, NVIDIA GeForce RTX 5060, 591.86, P8, 29, 0, 697, 8151, 7.82, 145.00, 210, 405, 1, 8
2026-09-02T10:57:00.4980844+07:00,2026/09/02 10:57:00.529, NVIDIA GeForce RTX 5060, 591.86, P8, 29, 0, 697, 8151, 7.93, 145.00, 210, 405, 1, 8
2026-09-02T10:57:05.5486317+07:00,2026/09/02 10:57:05.579, NVIDIA GeForce RTX 5060, 591.86, P8, 29, 0, 697, 8151, 7.99, 145.00, 210, 405, 1, 8
2026-09-02T10:57:10.6000191+07:00,2026/09/02 10:57:10.631, NVIDIA GeForce RTX 5060, 591.86, P8, 29, 0, 697, 8151, 7.88, 145.00, 210, 405, 1, 8
2026-09-02T10:57:15.7252299+07:00,2026/09/02 10:57:15.755, NVIDIA GeForce RTX 5060, 591.86, P8, 29, 0, 697, 8151, 7.88, 145.00, 210, 405, 1, 8
2026-09-02T10:57:20.7682753+07:00,2026/09/02 10:57:20.799, NVIDIA GeForce RTX 5060, 591.86, P8, 29, 0, 697, 8151, 7.82, 145.00, 210, 405, 1, 8
2026-09-02T10:57:25.8198762+07:00,2026/09/02 10:57:25.866, NVIDIA GeForce RTX 5060, 591.86, P8, 29, 0, 697, 8151, 7.91, 145.00, 210, 405, 1, 8
2026-09-02T10:57:30.8857759+07:00,2026/09/02 10:57:30.916, NVIDIA GeForce RTX 5060, 591.86, P8, 29, 0, 697, 8151, 7.93, 145.00, 210, 405, 1, 8
2026-09-02T10:57:35.9349865+07:00,2026/09/02 10:57:35.965, NVIDIA GeForce RTX 5060, 591.86, P8, 29, 0, 697, 8151, 8.12, 145.00, 210, 405, 1, 8
2026-09-02T10:57:41.0116369+07:00,2026/09/02 10:57:41.042, NVIDIA GeForce RTX 5060, 591.86, P8, 29, 0, 697, 8151, 7.93, 145.00, 210, 405, 1, 8
2026-09-02T10:57:46.1241978+07:00,2026/09/02 10:57:46.186, NVIDIA GeForce RTX 5060, 591.86, P8, 29, 0, 697, 8151, 7.80, 145.00, 210, 405, 1, 8
2026-09-02T10:57:51.2068097+07:00,2026/09/02 10:57:51.237, NVIDIA GeForce RTX 5060, 591.86, P8, 29, 0, 697, 8151, 7.86, 145.00, 210, 405, 1, 8
2026-09-02T10:57:56.2712599+07:00,2026/09/02 10:57:56.302, NVIDIA GeForce RTX 5060, 591.86, P8, 29, 0, 697, 8151, 7.99, 145.00, 210, 405, 1, 8
2026-09-02T10:58:01.3198276+07:00,2026/09/02 10:58:01.366, NVIDIA GeForce RTX 5060, 591.86, P8, 29, 0, 697, 8151, 8.52, 145.00, 210, 405, 1, 8
2026-09-02T10:58:06.3864949+07:00,2026/09/02 10:58:06.432, NVIDIA GeForce RTX 5060, 591.86, P8, 29, 0, 697, 8151, 7.75, 145.00, 210, 405, 1, 8
2026-09-02T10:58:11.4539542+07:00,2026/09/02 10:58:11.484, NVIDIA GeForce RTX 5060, 591.86, P8, 29, 0, 697, 8151, 7.76, 145.00, 210, 405, 1, 8
2026-09-02T10:58:16.5617180+07:00,2026/09/02 10:58:16.592, NVIDIA GeForce RTX 5060, 591.86, P8, 29, 0, 697, 8151, 8.04, 145.00, 210, 405, 1, 8
2026-09-02T10:58:21.6131662+07:00,2026/09/02 10:58:21.644, NVIDIA GeForce RTX 5060, 591.86, P8, 29, 0, 697, 8151, 7.95, 145.00, 210, 405, 1, 8
2026-09-02T10:58:26.6647589+07:00,2026/09/02 10:58:26.695, NVIDIA GeForce RTX 5060, 591.86, P8, 29, 0, 697, 8151, 7.74, 145.00, 210, 405, 1, 8
2026-09-02T10:58:31.7163455+07:00,2026/09/02 10:58:31.747, NVIDIA GeForce RTX 5060, 591.86, P8, 29, 0, 697, 8151, 7.86, 145.00, 210, 405, 1, 8
2026-09-02T10:58:36.7753845+07:00,2026/09/02 10:58:36.806, NVIDIA GeForce RTX 5060, 591.86, P8, 29, 0, 697, 8151, 7.89, 145.00, 210, 405, 1, 8
2026-09-02T10:58:41.8262640+07:00,2026/09/02 10:58:41.872, NVIDIA GeForce RTX 5060, 591.86, P8, 29, 0, 697, 8151, 7.79, 145.00, 210, 405, 1, 8
2026-09-02T10:58:46.9558756+07:00,2026/09/02 10:58:46.986, NVIDIA GeForce RTX 5060, 591.86, P8, 29, 0, 697, 8151, 7.83, 145.00, 210, 405, 1, 8
2026-09-02T10:58:52.0070626+07:00,2026/09/02 10:58:52.038, NVIDIA GeForce RTX 5060, 591.86, P8, 29, 0, 697, 8151, 7.98, 145.00, 210, 405, 1, 8
2026-09-02T10:58:57.0661194+07:00,2026/09/02 10:58:57.097, NVIDIA GeForce RTX 5060, 591.86, P8, 29, 0, 697, 8151, 7.93, 145.00, 210, 405, 1, 8
2026-09-02T10:59:02.1314504+07:00,2026/09/02 10:59:02.162, NVIDIA GeForce RTX 5060, 591.86, P8, 29, 0, 697, 8151, 8.34, 145.00, 210, 405, 1, 8
2026-09-02T10:59:07.1976288+07:00,2026/09/02 10:59:07.228, NVIDIA GeForce RTX 5060, 591.86, P8, 29, 0, 697, 8151, 7.78, 145.00, 210, 405, 1, 8
2026-09-02T10:59:12.2490989+07:00,2026/09/02 10:59:12.280, NVIDIA GeForce RTX 5060, 591.86, P8, 29, 0, 697, 8151, 7.84, 145.00, 210, 405, 1, 8
2026-09-02T10:59:17.3718083+07:00,2026/09/02 10:59:17.402, NVIDIA GeForce RTX 5060, 591.86, P8, 29, 0, 697, 8151, 8.23, 145.00, 210, 405, 1, 8
2026-09-02T10:59:22.4236604+07:00,2026/09/02 10:59:22.454, NVIDIA GeForce RTX 5060, 591.86, P8, 29, 0, 697, 8151, 7.82, 145.00, 210, 405, 1, 8
2026-09-02T10:59:27.4747842+07:00,2026/09/02 10:59:27.521, NVIDIA GeForce RTX 5060, 591.86, P8, 29, 0, 697, 8151, 7.94, 145.00, 210, 405, 1, 8
2026-09-02T10:59:32.5415316+07:00,2026/09/02 10:59:32.572, NVIDIA GeForce RTX 5060, 591.86, P8, 29, 0, 697, 8151, 7.95, 145.00, 210, 405, 1, 8
2026-09-02T10:59:37.6017912+07:00,2026/09/02 10:59:37.632, NVIDIA GeForce RTX 5060, 591.86, P8, 29, 0, 697, 8151, 7.95, 145.00, 210, 405, 1, 8
2026-09-02T10:59:42.6531967+07:00,2026/09/02 10:59:42.684, NVIDIA GeForce RTX 5060, 591.86, P8, 29, 0, 697, 8151, 7.87, 145.00, 210, 405, 1, 8
2026-09-02T10:59:47.7653873+07:00,2026/09/02 10:59:47.796, NVIDIA GeForce RTX 5060, 591.86, P8, 29, 0, 697, 8151, 7.90, 145.00, 210, 405, 1, 8
2026-09-02T10:59:52.8162666+07:00,2026/09/02 10:59:52.847, NVIDIA GeForce RTX 5060, 591.86, P8, 29, 0, 697, 8151, 7.84, 145.00, 210, 405, 1, 8
2026-09-02T10:59:57.8769444+07:00,2026/09/02 10:59:57.907, NVIDIA GeForce RTX 5060, 591.86, P8, 29, 0, 697, 8151, 7.86, 145.00, 210, 405, 1, 8
2026-09-02T11:00:02.9280582+07:00,2026/09/02 11:00:02.959, NVIDIA GeForce RTX 5060, 591.86, P8, 29, 0, 697, 8151, 8.33, 145.00, 210, 405, 1, 8
2026-09-02T11:00:07.9793890+07:00,2026/09/02 11:00:08.025, NVIDIA GeForce RTX 5060, 591.86, P8, 29, 0, 697, 8151, 7.95, 145.00, 210, 405, 1, 8
2026-09-02T11:00:13.0475033+07:00,2026/09/02 11:00:13.094, NVIDIA GeForce RTX 5060, 591.86, P8, 29, 0, 697, 8151, 7.93, 145.00, 210, 405, 1, 8
2026-09-02T11:00:18.1823314+07:00,2026/09/02 11:00:18.228, NVIDIA GeForce RTX 5060, 591.86, P8, 29, 0, 697, 8151, 8.27, 145.00, 210, 405, 1, 8
2026-09-02T11:00:23.2518796+07:00,2026/09/02 11:00:23.297, NVIDIA GeForce RTX 5060, 591.86, P8, 29, 0, 697, 8151, 7.89, 145.00, 210, 405, 1, 8
2026-09-02T11:00:28.3157667+07:00,2026/09/02 11:00:28.359, NVIDIA GeForce RTX 5060, 591.86, P8, 29, 0, 697, 8151, 7.97, 145.00, 202, 405, 1, 8
2026-09-02T11:00:33.3737550+07:00,2026/09/02 11:00:33.404, NVIDIA GeForce RTX 5060, 591.86, P8, 29, 0, 697, 8151, 8.15, 145.00, 210, 405, 1, 8
2026-09-02T11:00:38.4186981+07:00,2026/09/02 11:00:38.449, NVIDIA GeForce RTX 5060, 591.86, P8, 29, 0, 697, 8151, 8.06, 145.00, 210, 405, 1, 8
2026-09-02T11:00:43.4697423+07:00,2026/09/02 11:00:43.516, NVIDIA GeForce RTX 5060, 591.86, P8, 29, 0, 697, 8151, 7.85, 145.00, 210, 405, 1, 8
2026-09-02T11:00:48.5964077+07:00,2026/09/02 11:00:48.627, NVIDIA GeForce RTX 5060, 591.86, P8, 29, 0, 697, 8151, 7.91, 145.00, 210, 405, 1, 8
2026-09-02T11:00:53.6465255+07:00,2026/09/02 11:00:53.693, NVIDIA GeForce RTX 5060, 591.86, P8, 29, 0, 697, 8151, 7.96, 145.00, 210, 405, 1, 8
2026-09-02T11:00:58.7140063+07:00,2026/09/02 11:00:58.745, NVIDIA GeForce RTX 5060, 591.86, P8, 29, 0, 697, 8151, 7.98, 145.00, 210, 405, 1, 8
2026-09-02T11:01:03.7660989+07:00,2026/09/02 11:01:03.797, NVIDIA GeForce RTX 5060, 591.86, P8, 29, 0, 697, 8151, 8.17, 145.00, 210, 405, 1, 8
2026-09-02T11:01:08.8168678+07:00,2026/09/02 11:01:08.847, NVIDIA GeForce RTX 5060, 591.86, P8, 29, 0, 697, 8151, 7.82, 145.00, 210, 405, 1, 8
2026-09-02T11:01:13.8691921+07:00,2026/09/02 11:01:13.900, NVIDIA GeForce RTX 5060, 591.86, P8, 29, 0, 697, 8151, 7.94, 145.00, 210, 405, 1, 8
2026-09-02T11:01:18.9891617+07:00,2026/09/02 11:01:19.020, NVIDIA GeForce RTX 5060, 591.86, P8, 29, 0, 697, 8151, 8.24, 145.00, 210, 405, 1, 8
2026-09-02T11:01:24.0393584+07:00,2026/09/02 11:01:24.070, NVIDIA GeForce RTX 5060, 591.86, P8, 29, 0, 697, 8151, 7.76, 145.00, 210, 405, 1, 8
2026-09-02T11:01:29.0900527+07:00,2026/09/02 11:01:29.121, NVIDIA GeForce RTX 5060, 591.86, P8, 29, 0, 697, 8151, 7.78, 145.00, 210, 405, 1, 8
2026-09-02T11:01:34.1406604+07:00,2026/09/02 11:01:34.171, NVIDIA GeForce RTX 5060, 591.86, P8, 29, 0, 697, 8151, 7.87, 145.00, 210, 405, 1, 8
2026-09-02T11:01:39.1988481+07:00,2026/09/02 11:01:39.229, NVIDIA GeForce RTX 5060, 591.86, P8, 29, 0, 697, 8151, 7.73, 145.00, 210, 405, 1, 8
2026-09-02T11:01:44.2501927+07:00,2026/09/02 11:01:44.281, NVIDIA GeForce RTX 5060, 591.86, P8, 29, 0, 697, 8151, 7.74, 145.00, 210, 405, 1, 8
2026-09-02T11:01:49.3794259+07:00,2026/09/02 11:01:49.410, NVIDIA GeForce RTX 5060, 591.86, P8, 29, 0, 697, 8151, 7.70, 145.00, 210, 405, 1, 8
2026-09-02T11:01:54.4290814+07:00,2026/09/02 11:01:54.460, NVIDIA GeForce RTX 5060, 591.86, P8, 29, 0, 697, 8151, 7.66, 145.00, 210, 405, 1, 8
2026-09-02T11:01:59.4892689+07:00,2026/09/02 11:01:59.520, NVIDIA GeForce RTX 5060, 591.86, P8, 29, 0, 697, 8151, 7.73, 145.00, 210, 405, 1, 8
2026-09-02T11:02:04.5389993+07:00,2026/09/02 11:02:04.570, NVIDIA GeForce RTX 5060, 591.86, P8, 29, 0, 697, 8151, 8.19, 145.00, 210, 405, 1, 8
2026-09-02T11:02:09.5890112+07:00,2026/09/02 11:02:09.620, NVIDIA GeForce RTX 5060, 591.86, P8, 29, 0, 697, 8151, 7.88, 145.00, 210, 405, 1, 8
2026-09-02T11:02:14.6499127+07:00,2026/09/02 11:02:14.695, NVIDIA GeForce RTX 5060, 591.86, P8, 29, 0, 697, 8151, 7.86, 145.00, 210, 405, 1, 8
2026-09-02T11:02:19.7434430+07:00,2026/09/02 11:02:19.774, NVIDIA GeForce RTX 5060, 591.86, P8, 29, 0, 697, 8151, 7.70, 145.00, 210, 405, 1, 8
2026-09-02T11:02:24.7949167+07:00,2026/09/02 11:02:24.841, NVIDIA GeForce RTX 5060, 591.86, P8, 29, 0, 697, 8151, 7.85, 145.00, 210, 405, 1, 8
2026-09-02T11:02:29.8610134+07:00,2026/09/02 11:02:29.892, NVIDIA GeForce RTX 5060, 591.86, P8, 29, 0, 697, 8151, 7.79, 145.00, 202, 405, 1, 8
2026-09-02T11:02:34.9217537+07:00,2026/09/02 11:02:34.968, NVIDIA GeForce RTX 5060, 591.86, P8, 29, 0, 697, 8151, 7.89, 145.00, 210, 405, 1, 8
2026-09-02T11:02:39.9879582+07:00,2026/09/02 11:02:40.018, NVIDIA GeForce RTX 5060, 591.86, P8, 29, 0, 697, 8151, 7.81, 145.00, 210, 405, 1, 8
2026-09-02T11:02:45.0397230+07:00,2026/09/02 11:02:45.086, NVIDIA GeForce RTX 5060, 591.86, P8, 29, 0, 697, 8151, 7.74, 145.00, 210, 405, 1, 8
2026-09-02T11:02:50.1685112+07:00,2026/09/02 11:02:50.199, NVIDIA GeForce RTX 5060, 591.86, P8, 29, 0, 697, 8151, 7.57, 145.00, 210, 405, 1, 8
2026-09-02T11:02:55.2268220+07:00,2026/09/02 11:02:55.257, NVIDIA GeForce RTX 5060, 591.86, P8, 29, 0, 697, 8151, 7.70, 145.00, 210, 405, 1, 8
2026-09-02T11:03:00.2782467+07:00,2026/09/02 11:03:00.309, NVIDIA GeForce RTX 5060, 591.86, P8, 29, 0, 697, 8151, 7.76, 145.00, 210, 405, 1, 8
2026-09-02T11:03:05.3288976+07:00,2026/09/02 11:03:05.359, NVIDIA GeForce RTX 5060, 591.86, P8, 29, 0, 697, 8151, 7.81, 145.00, 210, 405, 1, 8
2026-09-02T11:03:10.3805098+07:00,2026/09/02 11:03:10.427, NVIDIA GeForce RTX 5060, 591.86, P8, 29, 0, 697, 8151, 7.95, 145.00, 210, 405, 1, 8
2026-09-02T11:03:15.4553985+07:00,2026/09/02 11:03:15.501, NVIDIA GeForce RTX 5060, 591.86, P8, 29, 0, 697, 8151, 7.85, 145.00, 210, 405, 1, 8
2026-09-02T11:03:20.5847274+07:00,2026/09/02 11:03:20.631, NVIDIA GeForce RTX 5060, 591.86, P8, 29, 0, 697, 8151, 7.82, 145.00, 210, 405, 1, 8
2026-09-02T11:03:25.6509936+07:00,2026/09/02 11:03:25.681, NVIDIA GeForce RTX 5060, 591.86, P8, 29, 0, 697, 8151, 7.76, 145.00, 210, 405, 1, 8
2026-09-02T11:03:30.7028558+07:00,2026/09/02 11:03:30.733, NVIDIA GeForce RTX 5060, 591.86, P8, 29, 0, 697, 8151, 7.76, 145.00, 210, 405, 1, 8
2026-09-02T11:03:35.7613320+07:00,2026/09/02 11:03:35.792, NVIDIA GeForce RTX 5060, 591.86, P8, 29, 0, 697, 8151, 7.82, 145.00, 210, 405, 1, 8
2026-09-02T11:03:40.8126858+07:00,2026/09/02 11:03:40.843, NVIDIA GeForce RTX 5060, 591.86, P8, 29, 0, 697, 8151, 7.75, 145.00, 210, 405, 1, 8
2026-09-02T11:03:45.8631655+07:00,2026/09/02 11:03:45.893, NVIDIA GeForce RTX 5060, 591.86, P8, 29, 0, 697, 8151, 7.84, 145.00, 210, 405, 1, 8
2026-09-02T11:03:50.9752539+07:00,2026/09/02 11:03:51.006, NVIDIA GeForce RTX 5060, 591.86, P8, 29, 0, 697, 8151, 7.79, 145.00, 210, 405, 1, 8
2026-09-02T11:03:56.0347968+07:00,2026/09/02 11:03:56.065, NVIDIA GeForce RTX 5060, 591.86, P8, 29, 0, 697, 8151, 7.72, 145.00, 210, 405, 1, 8
2026-09-02T11:04:01.0865620+07:00,2026/09/02 11:04:01.117, NVIDIA GeForce RTX 5060, 591.86, P8, 29, 0, 697, 8151, 8.14, 145.00, 210, 405, 1, 8
2026-09-02T11:04:06.1369633+07:00,2026/09/02 11:04:06.167, NVIDIA GeForce RTX 5060, 591.86, P8, 29, 0, 697, 8151, 7.72, 145.00, 210, 405, 1, 8
2026-09-02T11:04:11.1874596+07:00,2026/09/02 11:04:11.218, NVIDIA GeForce RTX 5060, 591.86, P8, 29, 0, 697, 8151, 7.70, 145.00, 210, 405, 1, 8
2026-09-02T11:04:16.2494209+07:00,2026/09/02 11:04:16.280, NVIDIA GeForce RTX 5060, 591.86, P8, 29, 0, 697, 8151, 7.83, 145.00, 210, 405, 1, 8
2026-09-02T11:04:21.3612181+07:00,2026/09/02 11:04:21.391, NVIDIA GeForce RTX 5060, 591.86, P8, 29, 0, 697, 8151, 7.53, 145.00, 210, 405, 1, 8
2026-09-02T11:04:26.4119887+07:00,2026/09/02 11:04:26.442, NVIDIA GeForce RTX 5060, 591.86, P8, 29, 0, 697, 8151, 7.63, 145.00, 210, 405, 1, 8
2026-09-02T11:04:31.4622531+07:00,2026/09/02 11:04:31.492, NVIDIA GeForce RTX 5060, 591.86, P8, 29, 0, 697, 8151, 7.56, 145.00, 210, 405, 1, 8
2026-09-02T11:04:36.5040686+07:00,2026/09/02 11:04:36.535, NVIDIA GeForce RTX 5060, 591.86, P8, 29, 0, 697, 8151, 7.55, 145.00, 210, 405, 1, 8
2026-09-02T11:04:41.5545590+07:00,2026/09/02 11:04:41.585, NVIDIA GeForce RTX 5060, 591.86, P8, 29, 0, 697, 8151, 7.56, 145.00, 210, 405, 1, 8
2026-09-02T11:04:46.6060594+07:00,2026/09/02 11:04:46.652, NVIDIA GeForce RTX 5060, 591.86, P8, 29, 0, 697, 8151, 7.58, 145.00, 210, 405, 1, 8
2026-09-02T11:04:51.7345734+07:00,2026/09/02 11:04:51.765, NVIDIA GeForce RTX 5060, 591.86, P8, 29, 0, 697, 8151, 7.71, 145.00, 210, 405, 1, 8
2026-09-02T11:04:56.7934455+07:00,2026/09/02 11:04:56.824, NVIDIA GeForce RTX 5060, 591.86, P8, 29, 0, 697, 8151, 7.68, 145.00, 210, 405, 1, 8
2026-09-02T11:05:01.8456084+07:00,2026/09/02 11:05:01.876, NVIDIA GeForce RTX 5060, 591.86, P8, 29, 0, 697, 8151, 8.37, 145.00, 210, 405, 1, 8
2026-09-02T11:05:06.8964438+07:00,2026/09/02 11:05:06.927, NVIDIA GeForce RTX 5060, 591.86, P8, 29, 0, 697, 8151, 7.66, 145.00, 202, 405, 1, 8
2026-09-02T11:05:11.9468312+07:00,2026/09/02 11:05:11.977, NVIDIA GeForce RTX 5060, 591.86, P8, 29, 0, 697, 8151, 7.84, 145.00, 210, 405, 1, 8
2026-09-02T11:05:17.0052062+07:00,2026/09/02 11:05:17.036, NVIDIA GeForce RTX 5060, 591.86, P8, 29, 0, 697, 8151, 7.78, 145.00, 210, 405, 1, 8
2026-09-02T11:05:22.1183762+07:00,2026/09/02 11:05:22.164, NVIDIA GeForce RTX 5060, 591.86, P8, 29, 0, 697, 8151, 7.79, 145.00, 210, 405, 1, 8
2026-09-02T11:05:27.1852999+07:00,2026/09/02 11:05:27.216, NVIDIA GeForce RTX 5060, 591.86, P8, 29, 0, 697, 8151, 7.77, 145.00, 210, 405, 1, 8
2026-09-02T11:05:32.2367653+07:00,2026/09/02 11:05:32.267, NVIDIA GeForce RTX 5060, 591.86, P8, 29, 0, 697, 8151, 7.84, 145.00, 210, 405, 1, 8
2026-09-02T11:05:37.2782785+07:00,2026/09/02 11:05:37.324, NVIDIA GeForce RTX 5060, 591.86, P8, 29, 0, 697, 8151, 7.86, 145.00, 210, 405, 1, 8
2026-09-02T11:05:42.3448532+07:00,2026/09/02 11:05:42.375, NVIDIA GeForce RTX 5060, 591.86, P8, 29, 0, 697, 8151, 7.78, 145.00, 210, 405, 1, 8
2026-09-02T11:05:47.3963215+07:00,2026/09/02 11:05:47.427, NVIDIA GeForce RTX 5060, 591.86, P8, 29, 0, 697, 8151, 7.73, 145.00, 210, 405, 1, 8
2026-09-02T11:05:52.5096669+07:00,2026/09/02 11:05:52.540, NVIDIA GeForce RTX 5060, 591.86, P8, 29, 0, 697, 8151, 7.78, 145.00, 210, 405, 1, 8
2026-09-02T11:05:57.5709975+07:00,2026/09/02 11:05:57.601, NVIDIA GeForce RTX 5060, 591.86, P8, 29, 0, 697, 8151, 7.74, 145.00, 210, 405, 1, 8
2026-09-02T11:06:02.6228597+07:00,2026/09/02 11:06:02.669, NVIDIA GeForce RTX 5060, 591.86, P8, 29, 0, 697, 8151, 8.28, 145.00, 210, 405, 1, 8
2026-09-02T11:06:07.6896420+07:00,2026/09/02 11:06:07.736, NVIDIA GeForce RTX 5060, 591.86, P8, 29, 0, 697, 8151, 7.72, 145.00, 210, 405, 1, 8
2026-09-02T11:06:12.7560976+07:00,2026/09/02 11:06:12.802, NVIDIA GeForce RTX 5060, 591.86, P8, 29, 0, 697, 8151, 7.76, 145.00, 210, 405, 1, 8
2026-09-02T11:06:17.8290065+07:00,2026/09/02 11:06:17.860, NVIDIA GeForce RTX 5060, 591.86, P8, 29, 0, 697, 8151, 8.14, 145.00, 210, 405, 1, 8
2026-09-02T11:06:22.9421839+07:00,2026/09/02 11:06:22.973, NVIDIA GeForce RTX 5060, 591.86, P8, 29, 0, 697, 8151, 7.90, 145.00, 210, 405, 1, 8
2026-09-02T11:06:28.0073971+07:00,2026/09/02 11:06:28.038, NVIDIA GeForce RTX 5060, 591.86, P8, 29, 0, 697, 8151, 7.79, 145.00, 210, 405, 1, 8
2026-09-02T11:06:33.0592222+07:00,2026/09/02 11:06:33.090, NVIDIA GeForce RTX 5060, 591.86, P8, 29, 0, 697, 8151, 7.70, 145.00, 210, 405, 1, 8
2026-09-02T11:06:38.1215131+07:00,2026/09/02 11:06:38.152, NVIDIA GeForce RTX 5060, 591.86, P8, 29, 0, 697, 8151, 7.77, 145.00, 210, 405, 1, 8
2026-09-02T11:06:43.1734476+07:00,2026/09/02 11:06:43.204, NVIDIA GeForce RTX 5060, 591.86, P8, 29, 0, 697, 8151, 7.79, 145.00, 210, 405, 1, 8
2026-09-02T11:06:48.2245454+07:00,2026/09/02 11:06:48.255, NVIDIA GeForce RTX 5060, 591.86, P8, 29, 0, 697, 8151, 7.80, 145.00, 210, 405, 1, 8
2026-09-02T11:06:53.3379411+07:00,2026/09/02 11:06:53.368, NVIDIA GeForce RTX 5060, 591.86, P8, 29, 0, 697, 8151, 8.06, 145.00, 210, 405, 1, 8
2026-09-02T11:06:58.3919430+07:00,2026/09/02 11:06:58.422, NVIDIA GeForce RTX 5060, 591.86, P8, 29, 0, 697, 8151, 7.89, 145.00, 210, 405, 1, 8
2026-09-02T11:07:03.4582466+07:00,2026/09/02 11:07:03.489, NVIDIA GeForce RTX 5060, 591.86, P8, 29, 0, 697, 8151, 8.38, 145.00, 210, 405, 1, 8
2026-09-02T11:07:08.5102490+07:00,2026/09/02 11:07:08.541, NVIDIA GeForce RTX 5060, 591.86, P8, 29, 0, 697, 8151, 7.86, 145.00, 210, 405, 1, 8
2026-09-02T11:07:13.5617380+07:00,2026/09/02 11:07:13.592, NVIDIA GeForce RTX 5060, 591.86, P8, 29, 0, 697, 8151, 7.85, 145.00, 210, 405, 1, 8
2026-09-02T11:07:18.6223788+07:00,2026/09/02 11:07:18.653, NVIDIA GeForce RTX 5060, 591.86, P8, 29, 0, 697, 8151, 8.36, 145.00, 210, 405, 1, 8
2026-09-02T11:07:23.7345858+07:00,2026/09/02 11:07:23.765, NVIDIA GeForce RTX 5060, 591.86, P8, 29, 0, 697, 8151, 7.78, 145.00, 210, 405, 1, 8
2026-09-02T11:07:28.7849838+07:00,2026/09/02 11:07:28.815, NVIDIA GeForce RTX 5060, 591.86, P8, 29, 0, 697, 8151, 7.87, 145.00, 210, 405, 1, 8
2026-09-02T11:07:33.8372354+07:00,2026/09/02 11:07:33.868, NVIDIA GeForce RTX 5060, 591.86, P8, 29, 0, 697, 8151, 8.06, 145.00, 210, 405, 1, 8
2026-09-02T11:07:38.8952242+07:00,2026/09/02 11:07:38.941, NVIDIA GeForce RTX 5060, 591.86, P8, 29, 0, 697, 8151, 8.00, 145.00, 210, 405, 1, 8
2026-09-02T11:07:43.9611926+07:00,2026/09/02 11:07:44.007, NVIDIA GeForce RTX 5060, 591.86, P8, 29, 0, 697, 8151, 7.73, 145.00, 210, 405, 1, 8
2026-09-02T11:07:49.0282390+07:00,2026/09/02 11:07:49.059, NVIDIA GeForce RTX 5060, 591.86, P8, 29, 0, 697, 8151, 7.92, 145.00, 210, 405, 1, 8
2026-09-02T11:07:54.1419510+07:00,2026/09/02 11:07:54.172, NVIDIA GeForce RTX 5060, 591.86, P8, 29, 0, 697, 8151, 7.66, 145.00, 210, 405, 1, 8
2026-09-02T11:07:59.2011626+07:00,2026/09/02 11:07:59.232, NVIDIA GeForce RTX 5060, 591.86, P8, 29, 0, 697, 8151, 7.73, 145.00, 210, 405, 1, 8
2026-09-02T11:08:04.2520055+07:00,2026/09/02 11:08:04.283, NVIDIA GeForce RTX 5060, 591.86, P8, 29, 0, 697, 8151, 8.16, 145.00, 210, 405, 1, 8
2026-09-02T11:08:09.3180152+07:00,2026/09/02 11:08:09.349, NVIDIA GeForce RTX 5060, 591.86, P8, 29, 0, 697, 8151, 7.84, 145.00, 210, 405, 1, 8
2026-09-02T11:08:14.3711289+07:00,2026/09/02 11:08:14.402, NVIDIA GeForce RTX 5060, 591.86, P8, 29, 0, 697, 8151, 7.81, 145.00, 210, 405, 1, 8
2026-09-02T11:08:19.4318605+07:00,2026/09/02 11:08:19.478, NVIDIA GeForce RTX 5060, 591.86, P8, 29, 0, 697, 8151, 8.28, 145.00, 210, 405, 1, 8
2026-09-02T11:08:24.5606922+07:00,2026/09/02 11:08:24.591, NVIDIA GeForce RTX 5060, 591.86, P8, 29, 0, 697, 8151, 7.70, 145.00, 210, 405, 1, 8
2026-09-02T11:08:29.6120295+07:00,2026/09/02 11:08:29.643, NVIDIA GeForce RTX 5060, 591.86, P8, 29, 0, 697, 8151, 7.72, 145.00, 210, 405, 1, 8
2026-09-02T11:08:34.6629622+07:00,2026/09/02 11:08:34.693, NVIDIA GeForce RTX 5060, 591.86, P8, 29, 0, 697, 8151, 7.74, 145.00, 210, 405, 1, 8
2026-09-02T11:08:39.7149145+07:00,2026/09/02 11:08:39.745, NVIDIA GeForce RTX 5060, 591.86, P8, 29, 0, 697, 8151, 7.84, 145.00, 210, 405, 1, 8
2026-09-02T11:08:44.7654875+07:00,2026/09/02 11:08:44.811, NVIDIA GeForce RTX 5060, 591.86, P8, 29, 0, 697, 8151, 7.65, 145.00, 210, 405, 1, 8
2026-09-02T11:08:49.8320270+07:00,2026/09/02 11:08:49.863, NVIDIA GeForce RTX 5060, 591.86, P8, 29, 0, 697, 8151, 7.69, 145.00, 210, 405, 1, 8
2026-09-02T11:08:54.9444904+07:00,2026/09/02 11:08:54.975, NVIDIA GeForce RTX 5060, 591.86, P8, 29, 0, 697, 8151, 7.71, 145.00, 210, 405, 1, 8
2026-09-02T11:09:00.0110799+07:00,2026/09/02 11:09:00.049, NVIDIA GeForce RTX 5060, 591.86, P8, 29, 0, 697, 8151, 7.59, 145.00, 210, 405, 1, 8
2026-09-02T11:09:05.0688204+07:00,2026/09/02 11:09:05.099, NVIDIA GeForce RTX 5060, 591.86, P8, 29, 0, 697, 8151, 8.11, 145.00, 210, 405, 1, 8
2026-09-02T11:09:10.1167548+07:00,2026/09/02 11:09:10.147, NVIDIA GeForce RTX 5060, 591.86, P8, 29, 0, 697, 8151, 7.52, 145.00, 210, 405, 1, 8
2026-09-02T11:09:15.1670858+07:00,2026/09/02 11:09:15.198, NVIDIA GeForce RTX 5060, 591.86, P8, 29, 0, 697, 8151, 7.66, 145.00, 210, 405, 1, 8
2026-09-02T11:09:20.2260403+07:00,2026/09/02 11:09:20.257, NVIDIA GeForce RTX 5060, 591.86, P8, 29, 0, 697, 8151, 7.64, 145.00, 210, 405, 1, 8
2026-09-02T11:09:25.3383095+07:00,2026/09/02 11:09:25.369, NVIDIA GeForce RTX 5060, 591.86, P8, 29, 0, 697, 8151, 7.55, 145.00, 210, 405, 1, 8
2026-09-02T11:09:30.3902129+07:00,2026/09/02 11:09:30.436, NVIDIA GeForce RTX 5060, 591.86, P8, 29, 0, 697, 8151, 7.78, 145.00, 210, 405, 1, 8
2026-09-02T11:09:35.4571157+07:00,2026/09/02 11:09:35.488, NVIDIA GeForce RTX 5060, 591.86, P8, 29, 0, 697, 8151, 7.55, 145.00, 210, 405, 1, 8
2026-09-02T11:09:40.5183001+07:00,2026/09/02 11:09:40.549, NVIDIA GeForce RTX 5060, 591.86, P8, 29, 0, 697, 8151, 7.71, 145.00, 210, 405, 1, 8
2026-09-02T11:09:45.5686909+07:00,2026/09/02 11:09:45.599, NVIDIA GeForce RTX 5060, 591.86, P8, 29, 0, 697, 8151, 7.54, 145.00, 210, 405, 1, 8
2026-09-02T11:09:50.6203125+07:00,2026/09/02 11:09:50.666, NVIDIA GeForce RTX 5060, 591.86, P8, 29, 0, 697, 8151, 7.62, 145.00, 210, 405, 1, 8
2026-09-02T11:09:55.7627740+07:00,2026/09/02 11:09:55.793, NVIDIA GeForce RTX 5060, 591.86, P8, 29, 0, 697, 8151, 7.68, 145.00, 210, 405, 1, 8
2026-09-02T11:10:00.8110009+07:00,2026/09/02 11:10:00.842, NVIDIA GeForce RTX 5060, 591.86, P8, 29, 0, 697, 8151, 7.69, 145.00, 210, 405, 1, 8
2026-09-02T11:10:05.8618305+07:00,2026/09/02 11:10:05.892, NVIDIA GeForce RTX 5060, 591.86, P8, 29, 0, 697, 8151, 7.77, 145.00, 210, 405, 1, 8
2026-09-02T11:10:10.9122199+07:00,2026/09/02 11:10:10.943, NVIDIA GeForce RTX 5060, 591.86, P8, 29, 0, 697, 8151, 7.53, 145.00, 210, 405, 1, 8
2026-09-02T11:10:15.9610092+07:00,2026/09/02 11:10:16.023, NVIDIA GeForce RTX 5060, 591.86, P8, 29, 0, 697, 8151, 7.49, 145.00, 210, 405, 1, 8
2026-09-02T11:10:21.0429012+07:00,2026/09/02 11:10:21.073, NVIDIA GeForce RTX 5060, 591.86, P8, 29, 0, 697, 8151, 7.92, 145.00, 210, 405, 1, 8
2026-09-02T11:10:26.1539764+07:00,2026/09/02 11:10:26.200, NVIDIA GeForce RTX 5060, 591.86, P8, 29, 0, 697, 8151, 7.73, 145.00, 210, 405, 1, 8
2026-09-02T11:10:31.2200623+07:00,2026/09/02 11:10:31.251, NVIDIA GeForce RTX 5060, 591.86, P8, 29, 0, 697, 8151, 7.70, 145.00, 210, 405, 1, 8
2026-09-02T11:10:36.2802824+07:00,2026/09/02 11:10:36.326, NVIDIA GeForce RTX 5060, 591.86, P8, 29, 0, 697, 8151, 7.62, 145.00, 210, 405, 1, 8
2026-09-02T11:10:41.3475571+07:00,2026/09/02 11:10:41.378, NVIDIA GeForce RTX 5060, 591.86, P8, 29, 0, 697, 8151, 7.63, 145.00, 210, 405, 1, 8
2026-09-02T11:10:46.3978271+07:00,2026/09/02 11:10:46.444, NVIDIA GeForce RTX 5060, 591.86, P8, 29, 0, 697, 8151, 7.59, 145.00, 210, 405, 1, 8
2026-09-02T11:10:51.4645536+07:00,2026/09/02 11:10:51.510, NVIDIA GeForce RTX 5060, 591.86, P8, 29, 0, 697, 8151, 7.62, 145.00, 210, 405, 1, 8
2026-09-02T11:10:56.6033720+07:00,2026/09/02 11:10:56.636, NVIDIA GeForce RTX 5060, 591.86, P8, 29, 0, 697, 8151, 7.70, 145.00, 210, 405, 1, 8
2026-09-02T11:11:01.6544579+07:00,2026/09/02 11:11:01.685, NVIDIA GeForce RTX 5060, 591.86, P8, 29, 0, 697, 8151, 8.05, 145.00, 210, 405, 1, 8
2026-09-02T11:11:06.7051549+07:00,2026/09/02 11:11:06.736, NVIDIA GeForce RTX 5060, 591.86, P8, 29, 0, 697, 8151, 7.62, 145.00, 210, 405, 1, 8
2026-09-02T11:11:11.7548626+07:00,2026/09/02 11:11:11.786, NVIDIA GeForce RTX 5060, 591.86, P8, 29, 0, 697, 8151, 7.68, 145.00, 210, 405, 1, 8
2026-09-02T11:11:16.8121115+07:00,2026/09/02 11:11:16.843, NVIDIA GeForce RTX 5060, 591.86, P8, 29, 0, 697, 8151, 7.80, 145.00, 210, 405, 1, 8
2026-09-02T11:11:21.8609392+07:00,2026/09/02 11:11:21.891, NVIDIA GeForce RTX 5060, 591.86, P8, 29, 0, 697, 8151, 7.60, 145.00, 210, 405, 1, 8
2026-09-02T11:11:26.9720108+07:00,2026/09/02 11:11:27.018, NVIDIA GeForce RTX 5060, 591.86, P8, 29, 0, 697, 8151, 7.73, 145.00, 210, 405, 1, 8
2026-09-02T11:11:32.0359461+07:00,2026/09/02 11:11:32.066, NVIDIA GeForce RTX 5060, 591.86, P8, 29, 0, 697, 8151, 7.66, 145.00, 210, 405, 1, 8
2026-09-02T11:11:37.0956404+07:00,2026/09/02 11:11:37.126, NVIDIA GeForce RTX 5060, 591.86, P8, 29, 0, 697, 8151, 7.68, 145.00, 210, 405, 1, 8
2026-09-02T11:11:42.1471660+07:00,2026/09/02 11:11:42.178, NVIDIA GeForce RTX 5060, 591.86, P8, 29, 0, 697, 8151, 7.66, 145.00, 210, 405, 1, 8
2026-09-02T11:11:47.2006765+07:00,2026/09/02 11:11:47.231, NVIDIA GeForce RTX 5060, 591.86, P8, 29, 0, 697, 8151, 7.57, 145.00, 210, 405, 1, 8
2026-09-02T11:11:52.2513421+07:00,2026/09/02 11:11:52.282, NVIDIA GeForce RTX 5060, 591.86, P8, 29, 0, 697, 8151, 7.56, 145.00, 202, 405, 1, 8
2026-09-02T11:11:57.3595575+07:00,2026/09/02 11:11:57.390, NVIDIA GeForce RTX 5060, 591.86, P8, 29, 0, 697, 8151, 7.48, 145.00, 210, 405, 1, 8
2026-09-02T11:12:02.4105629+07:00,2026/09/02 11:12:02.441, NVIDIA GeForce RTX 5060, 591.86, P8, 29, 0, 697, 8151, 8.14, 145.00, 210, 405, 1, 8
2026-09-02T11:12:07.4611496+07:00,2026/09/02 11:12:07.492, NVIDIA GeForce RTX 5060, 591.86, P8, 29, 0, 697, 8151, 7.61, 145.00, 210, 405, 1, 8
2026-09-02T11:12:12.5133152+07:00,2026/09/02 11:12:12.544, NVIDIA GeForce RTX 5060, 591.86, P8, 29, 0, 697, 8151, 7.63, 145.00, 210, 405, 1, 8
2026-09-02T11:12:17.5542266+07:00,2026/09/02 11:12:17.584, NVIDIA GeForce RTX 5060, 591.86, P8, 29, 0, 697, 8151, 7.89, 145.00, 210, 405, 1, 8
2026-09-02T11:12:22.6054557+07:00,2026/09/02 11:12:22.636, NVIDIA GeForce RTX 5060, 591.86, P8, 29, 0, 697, 8151, 7.59, 145.00, 210, 405, 1, 8
2026-09-02T11:12:27.7188483+07:00,2026/09/02 11:12:27.749, NVIDIA GeForce RTX 5060, 591.86, P8, 29, 0, 697, 8151, 7.69, 145.00, 210, 405, 1, 8
2026-09-02T11:12:32.7696480+07:00,2026/09/02 11:12:32.800, NVIDIA GeForce RTX 5060, 591.86, P8, 29, 0, 697, 8151, 7.62, 145.00, 210, 405, 1, 8
2026-09-02T11:12:37.8312054+07:00,2026/09/02 11:12:37.877, NVIDIA GeForce RTX 5060, 591.86, P8, 29, 0, 697, 8151, 7.68, 145.00, 210, 405, 1, 8
2026-09-02T11:12:42.8980404+07:00,2026/09/02 11:12:42.929, NVIDIA GeForce RTX 5060, 591.86, P8, 29, 0, 697, 8151, 7.68, 145.00, 210, 405, 1, 8
2026-09-02T11:12:47.9478940+07:00,2026/09/02 11:12:47.978, NVIDIA GeForce RTX 5060, 591.86, P8, 29, 0, 697, 8151, 7.61, 145.00, 210, 405, 1, 8
2026-09-02T11:12:52.9946055+07:00,2026/09/02 11:12:53.025, NVIDIA GeForce RTX 5060, 591.86, P8, 29, 0, 697, 8151, 7.86, 145.00, 210, 405, 1, 8
2026-09-02T11:12:58.1230408+07:00,2026/09/02 11:12:58.154, NVIDIA GeForce RTX 5060, 591.86, P8, 29, 0, 697, 8151, 7.71, 145.00, 210, 405, 1, 8
2026-09-02T11:13:03.1719698+07:00,2026/09/02 11:13:03.203, NVIDIA GeForce RTX 5060, 591.86, P8, 29, 0, 697, 8151, 8.17, 145.00, 210, 405, 1, 8
2026-09-02T11:13:08.2228528+07:00,2026/09/02 11:13:08.253, NVIDIA GeForce RTX 5060, 591.86, P8, 29, 0, 697, 8151, 7.94, 145.00, 210, 405, 1, 8
2026-09-02T11:13:13.2734273+07:00,2026/09/02 11:13:13.304, NVIDIA GeForce RTX 5060, 591.86, P8, 29, 0, 697, 8151, 7.76, 145.00, 210, 405, 1, 8
2026-09-02T11:13:18.3349868+07:00,2026/09/02 11:13:18.365, NVIDIA GeForce RTX 5060, 591.86, P8, 29, 0, 697, 8151, 8.32, 145.00, 210, 405, 1, 8
2026-09-02T11:13:23.3852608+07:00,2026/09/02 11:13:23.415, NVIDIA GeForce RTX 5060, 591.86, P8, 29, 0, 697, 8151, 7.82, 145.00, 210, 405, 1, 8
2026-09-02T11:13:28.5129691+07:00,2026/09/02 11:13:28.543, NVIDIA GeForce RTX 5060, 591.86, P8, 29, 0, 697, 8151, 7.93, 145.00, 210, 405, 1, 8
2026-09-02T11:13:33.5628327+07:00,2026/09/02 11:13:33.593, NVIDIA GeForce RTX 5060, 591.86, P8, 29, 0, 697, 8151, 7.72, 145.00, 210, 405, 1, 8
2026-09-02T11:13:38.6168886+07:00,2026/09/02 11:13:38.663, NVIDIA GeForce RTX 5060, 591.86, P8, 29, 0, 697, 8151, 7.87, 145.00, 210, 405, 1, 8
2026-09-02T11:13:43.6838888+07:00,2026/09/02 11:13:43.714, NVIDIA GeForce RTX 5060, 591.86, P8, 29, 0, 697, 8151, 7.74, 145.00, 210, 405, 1, 8
2026-09-02T11:13:48.7356198+07:00,2026/09/02 11:13:48.766, NVIDIA GeForce RTX 5060, 591.86, P8, 29, 0, 697, 8151, 7.86, 145.00, 210, 405, 1, 8
2026-09-02T11:13:53.7866657+07:00,2026/09/02 11:13:53.817, NVIDIA GeForce RTX 5060, 591.86, P8, 29, 0, 697, 8151, 7.75, 145.00, 210, 405, 1, 8
2026-09-02T11:13:58.9068099+07:00,2026/09/02 11:13:58.937, NVIDIA GeForce RTX 5060, 591.86, P8, 29, 0, 697, 8151, 7.64, 145.00, 210, 405, 1, 8
2026-09-02T11:14:03.9739204+07:00,2026/09/02 11:14:04.004, NVIDIA GeForce RTX 5060, 591.86, P8, 29, 0, 697, 8151, 8.15, 145.00, 210, 405, 1, 8
2026-09-02T11:14:09.0243735+07:00,2026/09/02 11:14:09.055, NVIDIA GeForce RTX 5060, 591.86, P8, 29, 0, 697, 8151, 7.73, 145.00, 210, 405, 1, 8
2026-09-02T11:14:14.0730927+07:00,2026/09/02 11:14:14.119, NVIDIA GeForce RTX 5060, 591.86, P8, 29, 0, 697, 8151, 7.77, 145.00, 210, 405, 1, 8
2026-09-02T11:14:19.1442271+07:00,2026/09/02 11:14:19.175, NVIDIA GeForce RTX 5060, 591.86, P8, 29, 0, 697, 8151, 8.24, 145.00, 210, 405, 1, 8
2026-09-02T11:14:24.2100826+07:00,2026/09/02 11:14:24.241, NVIDIA GeForce RTX 5060, 591.86, P8, 29, 0, 697, 8151, 7.54, 145.00, 210, 405, 1, 8
2026-09-02T11:14:29.3386435+07:00,2026/09/02 11:14:29.369, NVIDIA GeForce RTX 5060, 591.86, P8, 29, 0, 697, 8151, 7.64, 145.00, 210, 405, 1, 8
2026-09-02T11:14:34.3891953+07:00,2026/09/02 11:14:34.420, NVIDIA GeForce RTX 5060, 591.86, P8, 29, 0, 697, 8151, 7.51, 145.00, 210, 405, 1, 8
2026-09-02T11:14:39.4367904+07:00,2026/09/02 11:14:39.467, NVIDIA GeForce RTX 5060, 591.86, P8, 29, 0, 697, 8151, 7.68, 145.00, 210, 405, 1, 8
2026-09-02T11:14:44.4883534+07:00,2026/09/02 11:14:44.519, NVIDIA GeForce RTX 5060, 591.86, P8, 29, 0, 697, 8151, 7.60, 145.00, 210, 405, 1, 8
2026-09-02T11:14:49.5380215+07:00,2026/09/02 11:14:49.569, NVIDIA GeForce RTX 5060, 591.86, P8, 29, 0, 697, 8151, 7.85, 145.00, 210, 405, 1, 8
2026-09-02T11:14:54.5869053+07:00,2026/09/02 11:14:54.632, NVIDIA GeForce RTX 5060, 591.86, P8, 29, 0, 697, 8151, 7.78, 145.00, 210, 405, 1, 8
2026-09-02T11:14:59.7194715+07:00,2026/09/02 11:14:59.765, NVIDIA GeForce RTX 5060, 591.86, P8, 29, 0, 697, 8151, 7.91, 145.00, 210, 405, 1, 8
2026-09-02T11:15:04.7858186+07:00,2026/09/02 11:15:04.832, NVIDIA GeForce RTX 5060, 591.86, P8, 29, 0, 697, 8151, 8.34, 145.00, 210, 405, 1, 8
2026-09-02T11:15:09.8528937+07:00,2026/09/02 11:15:09.884, NVIDIA GeForce RTX 5060, 591.86, P8, 29, 0, 697, 8151, 7.69, 145.00, 210, 405, 1, 8
2026-09-02T11:15:14.9044986+07:00,2026/09/02 11:15:14.950, NVIDIA GeForce RTX 5060, 591.86, P8, 29, 0, 697, 8151, 7.65, 145.00, 210, 405, 1, 8
2026-09-02T11:15:19.9739012+07:00,2026/09/02 11:15:20.004, NVIDIA GeForce RTX 5060, 591.86, P8, 29, 0, 697, 8151, 7.88, 145.00, 210, 405, 1, 8
2026-09-02T11:15:25.0253312+07:00,2026/09/02 11:15:25.056, NVIDIA GeForce RTX 5060, 591.86, P8, 29, 0, 697, 8151, 7.57, 145.00, 210, 405, 1, 8
2026-09-02T11:15:30.1389031+07:00,2026/09/02 11:15:30.185, NVIDIA GeForce RTX 5060, 591.86, P8, 29, 0, 697, 8151, 7.87, 145.00, 202, 405, 1, 8
2026-09-02T11:15:35.2052181+07:00,2026/09/02 11:15:35.251, NVIDIA GeForce RTX 5060, 591.86, P8, 29, 0, 697, 8151, 7.60, 145.00, 210, 405, 1, 8
2026-09-02T11:15:40.2821670+07:00,2026/09/02 11:15:40.313, NVIDIA GeForce RTX 5060, 591.86, P8, 29, 0, 697, 8151, 7.64, 145.00, 210, 405, 1, 8
2026-09-02T11:15:45.3336617+07:00,2026/09/02 11:15:45.364, NVIDIA GeForce RTX 5060, 591.86, P8, 29, 0, 697, 8151, 7.49, 145.00, 210, 405, 1, 8
2026-09-02T11:15:50.3847168+07:00,2026/09/02 11:15:50.415, NVIDIA GeForce RTX 5060, 591.86, P8, 29, 0, 697, 8151, 7.70, 145.00, 210, 405, 1, 8
2026-09-02T11:15:55.4353958+07:00,2026/09/02 11:15:55.466, NVIDIA GeForce RTX 5060, 591.86, P8, 29, 0, 697, 8151, 7.71, 145.00, 210, 405, 1, 8
2026-09-02T11:16:00.5584351+07:00,2026/09/02 11:16:00.604, NVIDIA GeForce RTX 5060, 591.86, P8, 29, 0, 697, 8151, 7.74, 145.00, 210, 405, 1, 8
2026-09-02T11:16:05.6238499+07:00,2026/09/02 11:16:05.654, NVIDIA GeForce RTX 5060, 591.86, P8, 29, 0, 697, 8151, 7.84, 145.00, 210, 405, 1, 8
2026-09-02T11:16:10.6757215+07:00,2026/09/02 11:16:10.722, NVIDIA GeForce RTX 5060, 591.86, P8, 29, 0, 697, 8151, 7.94, 145.00, 210, 405, 1, 8
2026-09-02T11:16:15.7434549+07:00,2026/09/02 11:16:15.774, NVIDIA GeForce RTX 5060, 591.86, P8, 29, 0, 697, 8151, 7.96, 145.00, 210, 405, 1, 8
2026-09-02T11:16:20.8029388+07:00,2026/09/02 11:16:20.833, NVIDIA GeForce RTX 5060, 591.86, P8, 29, 0, 697, 8151, 7.70, 145.00, 210, 405, 1, 8
2026-09-02T11:16:25.8548839+07:00,2026/09/02 11:16:25.885, NVIDIA GeForce RTX 5060, 591.86, P8, 29, 0, 697, 8151, 7.73, 145.00, 210, 405, 1, 8
2026-09-02T11:16:30.9690666+07:00,2026/09/02 11:16:30.999, NVIDIA GeForce RTX 5060, 591.86, P8, 29, 0, 697, 8151, 7.81, 145.00, 210, 405, 1, 8
2026-09-02T11:16:36.0199645+07:00,2026/09/02 11:16:36.051, NVIDIA GeForce RTX 5060, 591.86, P8, 29, 0, 697, 8151, 7.76, 145.00, 210, 405, 1, 8
2026-09-02T11:16:41.0602658+07:00,2026/09/02 11:16:41.091, NVIDIA GeForce RTX 5060, 591.86, P8, 29, 0, 697, 8151, 7.70, 145.00, 210, 405, 1, 8
2026-09-02T11:16:46.1117420+07:00,2026/09/02 11:16:46.142, NVIDIA GeForce RTX 5060, 591.86, P8, 29, 0, 697, 8151, 7.96, 145.00, 210, 405, 1, 8
2026-09-02T11:16:51.1634379+07:00,2026/09/02 11:16:51.194, NVIDIA GeForce RTX 5060, 591.86, P8, 29, 0, 697, 8151, 7.84, 145.00, 210, 405, 1, 8
2026-09-02T11:16:56.2147279+07:00,2026/09/02 11:16:56.245, NVIDIA GeForce RTX 5060, 591.86, P8, 29, 0, 697, 8151, 7.83, 145.00, 210, 405, 1, 8
2026-09-02T11:17:01.3378620+07:00,2026/09/02 11:17:01.368, NVIDIA GeForce RTX 5060, 591.86, P8, 29, 0, 697, 8151, 7.84, 145.00, 210, 405, 1, 8
2026-09-02T11:17:06.3895417+07:00,2026/09/02 11:17:06.420, NVIDIA GeForce RTX 5060, 591.86, P8, 29, 0, 697, 8151, 7.82, 145.00, 210, 405, 1, 8
2026-09-02T11:17:11.4418879+07:00,2026/09/02 11:17:11.472, NVIDIA GeForce RTX 5060, 591.86, P8, 29, 0, 697, 8151, 7.88, 145.00, 210, 405, 1, 8
2026-09-02T11:17:16.4932466+07:00,2026/09/02 11:17:16.524, NVIDIA GeForce RTX 5060, 591.86, P8, 29, 0, 697, 8151, 7.97, 145.00, 210, 405, 1, 8
2026-09-02T11:17:21.5380003+07:00,2026/09/02 11:17:21.569, NVIDIA GeForce RTX 5060, 591.86, P8, 29, 0, 697, 8151, 8.02, 145.00, 210, 405, 1, 8
2026-09-02T11:17:26.5891622+07:00,2026/09/02 11:17:26.620, NVIDIA GeForce RTX 5060, 591.86, P8, 29, 0, 697, 8151, 7.78, 145.00, 210, 405, 1, 8
2026-09-02T11:17:31.7022938+07:00,2026/09/02 11:17:31.733, NVIDIA GeForce RTX 5060, 591.86, P8, 29, 0, 697, 8151, 7.83, 145.00, 210, 405, 1, 8
2026-09-02T11:17:36.7524033+07:00,2026/09/02 11:17:36.783, NVIDIA GeForce RTX 5060, 591.86, P8, 29, 0, 697, 8151, 8.07, 145.00, 210, 405, 1, 8
2026-09-02T11:17:41.8120505+07:00,2026/09/02 11:17:41.843, NVIDIA GeForce RTX 5060, 591.86, P8, 29, 0, 697, 8151, 7.90, 145.00, 210, 405, 1, 8
2026-09-02T11:17:46.8637127+07:00,2026/09/02 11:17:46.894, NVIDIA GeForce RTX 5060, 591.86, P8, 29, 0, 697, 8151, 8.05, 145.00, 210, 405, 1, 8
2026-09-02T11:17:51.9143345+07:00,2026/09/02 11:17:51.945, NVIDIA GeForce RTX 5060, 591.86, P8, 29, 0, 697, 8151, 7.97, 145.00, 210, 405, 1, 8
2026-09-02T11:17:56.9658216+07:00,2026/09/02 11:17:56.996, NVIDIA GeForce RTX 5060, 591.86, P8, 29, 0, 697, 8151, 7.82, 145.00, 210, 405, 1, 8
2026-09-02T11:18:02.0875451+07:00,2026/09/02 11:18:02.134, NVIDIA GeForce RTX 5060, 591.86, P8, 29, 1, 697, 8151, 8.55, 145.00, 210, 405, 1, 8
2026-09-02T11:18:07.1555069+07:00,2026/09/02 11:18:07.186, NVIDIA GeForce RTX 5060, 591.86, P8, 29, 0, 697, 8151, 8.03, 145.00, 210, 405, 1, 8
2026-09-02T11:18:12.2075613+07:00,2026/09/02 11:18:12.254, NVIDIA GeForce RTX 5060, 591.86, P8, 29, 0, 697, 8151, 8.03, 145.00, 210, 405, 1, 8
2026-09-02T11:18:17.2723856+07:00,2026/09/02 11:18:17.303, NVIDIA GeForce RTX 5060, 591.86, P8, 29, 0, 697, 8151, 8.02, 145.00, 217, 405, 1, 8
2026-09-02T11:18:22.3214354+07:00,2026/09/02 11:18:22.352, NVIDIA GeForce RTX 5060, 591.86, P8, 29, 0, 697, 8151, 7.90, 145.00, 210, 405, 1, 8
2026-09-02T11:18:27.3717567+07:00,2026/09/02 11:18:27.402, NVIDIA GeForce RTX 5060, 591.86, P8, 29, 0, 697, 8151, 7.90, 145.00, 210, 405, 1, 8
2026-09-02T11:18:32.4842767+07:00,2026/09/02 11:18:32.515, NVIDIA GeForce RTX 5060, 591.86, P8, 29, 0, 697, 8151, 7.83, 145.00, 210, 405, 1, 8
2026-09-02T11:18:37.5330668+07:00,2026/09/02 11:18:37.563, NVIDIA GeForce RTX 5060, 591.86, P8, 29, 0, 697, 8151, 7.91, 145.00, 210, 405, 1, 8
2026-09-02T11:18:42.5783572+07:00,2026/09/02 11:18:42.624, NVIDIA GeForce RTX 5060, 591.86, P8, 29, 0, 697, 8151, 7.78, 145.00, 210, 405, 1, 8
2026-09-02T11:18:47.6459749+07:00,2026/09/02 11:18:47.692, NVIDIA GeForce RTX 5060, 591.86, P8, 29, 0, 697, 8151, 7.89, 145.00, 210, 405, 1, 8
2026-09-02T11:18:52.7130142+07:00,2026/09/02 11:18:52.759, NVIDIA GeForce RTX 5060, 591.86, P8, 29, 0, 697, 8151, 7.96, 145.00, 210, 405, 1, 8
2026-09-02T11:18:57.7797267+07:00,2026/09/02 11:18:57.810, NVIDIA GeForce RTX 5060, 591.86, P8, 29, 0, 697, 8151, 7.90, 145.00, 210, 405, 1, 8
2026-09-02T11:19:02.9141080+07:00,2026/09/02 11:19:02.945, NVIDIA GeForce RTX 5060, 591.86, P8, 29, 0, 697, 8151, 8.32, 145.00, 210, 405, 1, 8
2026-09-02T11:19:07.9645268+07:00,2026/09/02 11:19:07.995, NVIDIA GeForce RTX 5060, 591.86, P8, 29, 0, 697, 8151, 7.85, 145.00, 210, 405, 1, 8
2026-09-02T11:19:13.0161839+07:00,2026/09/02 11:19:13.047, NVIDIA GeForce RTX 5060, 591.86, P8, 29, 0, 697, 8151, 7.93, 145.00, 210, 405, 1, 8
2026-09-02T11:19:18.0666465+07:00,2026/09/02 11:19:18.097, NVIDIA GeForce RTX 5060, 591.86, P8, 29, 0, 697, 8151, 8.32, 145.00, 210, 405, 1, 8
2026-09-02T11:19:23.1246836+07:00,2026/09/02 11:19:23.155, NVIDIA GeForce RTX 5060, 591.86, P8, 29, 0, 697, 8151, 7.78, 145.00, 210, 405, 1, 8
2026-09-02T11:19:28.1755131+07:00,2026/09/02 11:19:28.222, NVIDIA GeForce RTX 5060, 591.86, P8, 29, 0, 697, 8151, 7.74, 145.00, 210, 405, 1, 8
2026-09-02T11:19:33.3027080+07:00,2026/09/02 11:19:33.333, NVIDIA GeForce RTX 5060, 591.86, P8, 29, 0, 697, 8151, 7.70, 145.00, 210, 405, 1, 8
2026-09-02T11:19:38.3656393+07:00,2026/09/02 11:19:38.396, NVIDIA GeForce RTX 5060, 591.86, P8, 29, 0, 697, 8151, 7.85, 145.00, 210, 405, 1, 8
2026-09-02T11:19:43.4236522+07:00,2026/09/02 11:19:43.454, NVIDIA GeForce RTX 5060, 591.86, P8, 29, 0, 697, 8151, 7.70, 145.00, 210, 405, 1, 8
2026-09-02T11:19:48.4734770+07:00,2026/09/02 11:19:48.504, NVIDIA GeForce RTX 5060, 591.86, P8, 29, 0, 697, 8151, 7.86, 145.00, 210, 405, 1, 8
2026-09-02T11:19:53.5229568+07:00,2026/09/02 11:19:53.553, NVIDIA GeForce RTX 5060, 591.86, P8, 29, 0, 697, 8151, 7.75, 145.00, 210, 405, 1, 8
2026-09-02T11:19:58.5706360+07:00,2026/09/02 11:19:58.601, NVIDIA GeForce RTX 5060, 591.86, P8, 29, 0, 697, 8151, 7.81, 145.00, 210, 405, 1, 8
2026-09-02T11:20:03.6930386+07:00,2026/09/02 11:20:03.724, NVIDIA GeForce RTX 5060, 591.86, P8, 29, 0, 697, 8151, 8.40, 145.00, 210, 405, 1, 8
2026-09-02T11:20:08.7447001+07:00,2026/09/02 11:20:08.791, NVIDIA GeForce RTX 5060, 591.86, P8, 29, 0, 697, 8151, 7.99, 145.00, 202, 405, 1, 8
2026-09-02T11:20:13.8115003+07:00,2026/09/02 11:20:13.842, NVIDIA GeForce RTX 5060, 591.86, P8, 29, 0, 697, 8151, 7.95, 145.00, 210, 405, 1, 8
2026-09-02T11:20:18.8741750+07:00,2026/09/02 11:20:18.904, NVIDIA GeForce RTX 5060, 591.86, P8, 29, 0, 697, 8151, 8.47, 145.00, 210, 405, 1, 8
2026-09-02T11:20:23.9148724+07:00,2026/09/02 11:20:23.945, NVIDIA GeForce RTX 5060, 591.86, P8, 29, 0, 697, 8151, 7.88, 145.00, 210, 405, 1, 8
2026-09-02T11:20:28.9654380+07:00,2026/09/02 11:20:29.011, NVIDIA GeForce RTX 5060, 591.86, P8, 29, 0, 697, 8151, 7.89, 145.00, 210, 405, 1, 8
2026-09-02T11:20:34.0935532+07:00,2026/09/02 11:20:34.140, NVIDIA GeForce RTX 5060, 591.86, P8, 29, 0, 697, 8151, 8.06, 145.00, 210, 405, 1, 8
2026-09-02T11:20:39.1592515+07:00,2026/09/02 11:20:39.190, NVIDIA GeForce RTX 5060, 591.86, P8, 29, 0, 697, 8151, 7.86, 145.00, 210, 405, 1, 8
2026-09-02T11:20:44.2016427+07:00,2026/09/02 11:20:44.232, NVIDIA GeForce RTX 5060, 591.86, P8, 29, 0, 697, 8151, 7.94, 145.00, 210, 405, 1, 8
2026-09-02T11:20:49.2523305+07:00,2026/09/02 11:20:49.283, NVIDIA GeForce RTX 5060, 591.86, P8, 29, 0, 697, 8151, 8.02, 145.00, 210, 405, 1, 8
2026-09-02T11:20:54.3017721+07:00,2026/09/02 11:20:54.332, NVIDIA GeForce RTX 5060, 591.86, P8, 29, 0, 697, 8151, 7.94, 145.00, 210, 405, 1, 8
2026-09-02T11:20:59.3501755+07:00,2026/09/02 11:20:59.381, NVIDIA GeForce RTX 5060, 591.86, P8, 29, 0, 697, 8151, 8.02, 145.00, 210, 405, 1, 8
2026-09-02T11:21:04.4715255+07:00,2026/09/02 11:21:04.502, NVIDIA GeForce RTX 5060, 591.86, P8, 29, 0, 697, 8151, 8.46, 145.00, 210, 405, 1, 8
2026-09-02T11:21:09.5222482+07:00,2026/09/02 11:21:09.553, NVIDIA GeForce RTX 5060, 591.86, P8, 29, 0, 697, 8151, 8.05, 145.00, 210, 405, 1, 8
2026-09-02T11:21:14.5734741+07:00,2026/09/02 11:21:14.604, NVIDIA GeForce RTX 5060, 591.86, P8, 29, 0, 697, 8151, 8.00, 145.00, 210, 405, 1, 8
2026-09-02T11:21:19.6235958+07:00,2026/09/02 11:21:19.654, NVIDIA GeForce RTX 5060, 591.86, P8, 29, 0, 697, 8151, 8.53, 145.00, 210, 405, 1, 8
2026-09-02T11:21:24.6852573+07:00,2026/09/02 11:21:24.731, NVIDIA GeForce RTX 5060, 591.86, P8, 29, 0, 697, 8151, 7.91, 145.00, 210, 405, 1, 8
2026-09-02T11:21:29.7526838+07:00,2026/09/02 11:21:29.783, NVIDIA GeForce RTX 5060, 591.86, P8, 29, 0, 697, 8151, 8.02, 145.00, 210, 405, 1, 8
2026-09-02T11:21:34.8965681+07:00,2026/09/02 11:21:34.927, NVIDIA GeForce RTX 5060, 591.86, P8, 29, 0, 697, 8151, 8.04, 145.00, 210, 405, 1, 8
2026-09-02T11:21:39.9464521+07:00,2026/09/02 11:21:39.977, NVIDIA GeForce RTX 5060, 591.86, P8, 29, 0, 697, 8151, 8.13, 145.00, 210, 405, 1, 8
2026-09-02T11:21:45.0090494+07:00,2026/09/02 11:21:45.040, NVIDIA GeForce RTX 5060, 591.86, P8, 29, 0, 697, 8151, 7.85, 145.00, 210, 405, 1, 8
2026-09-02T11:21:50.0602544+07:00,2026/09/02 11:21:50.091, NVIDIA GeForce RTX 5060, 591.86, P8, 29, 0, 697, 8151, 7.86, 145.00, 210, 405, 1, 8
2026-09-02T11:21:55.1121606+07:00,2026/09/02 11:21:55.143, NVIDIA GeForce RTX 5060, 591.86, P8, 29, 0, 697, 8151, 7.93, 145.00, 210, 405, 1, 8
2026-09-02T11:22:00.1735855+07:00,2026/09/02 11:22:00.218, NVIDIA GeForce RTX 5060, 591.86, P8, 29, 0, 697, 8151, 8.05, 145.00, 210, 405, 1, 8
2026-09-02T11:22:05.2998758+07:00,2026/09/02 11:22:05.346, NVIDIA GeForce RTX 5060, 591.86, P8, 29, 0, 697, 8151, 8.40, 145.00, 210, 405, 1, 8
2026-09-02T11:22:10.3669748+07:00,2026/09/02 11:22:10.397, NVIDIA GeForce RTX 5060, 591.86, P8, 29, 0, 697, 8151, 7.96, 145.00, 210, 405, 1, 8
2026-09-02T11:22:15.4168972+07:00,2026/09/02 11:22:15.447, NVIDIA GeForce RTX 5060, 591.86, P8, 29, 0, 697, 8151, 7.93, 145.00, 210, 405, 1, 8
2026-09-02T11:22:20.4777522+07:00,2026/09/02 11:22:20.508, NVIDIA GeForce RTX 5060, 591.86, P8, 29, 0, 697, 8151, 8.23, 145.00, 210, 405, 1, 8
2026-09-02T11:22:25.5277624+07:00,2026/09/02 11:22:25.558, NVIDIA GeForce RTX 5060, 591.86, P8, 29, 0, 697, 8151, 7.89, 145.00, 210, 405, 1, 8
2026-09-02T11:22:30.5800201+07:00,2026/09/02 11:22:30.611, NVIDIA GeForce RTX 5060, 591.86, P8, 29, 0, 697, 8151, 7.99, 145.00, 210, 405, 1, 8
2026-09-02T11:22:35.6928647+07:00,2026/09/02 11:22:35.723, NVIDIA GeForce RTX 5060, 591.86, P8, 29, 0, 697, 8151, 7.90, 145.00, 210, 405, 1, 8
2026-09-02T11:22:40.7518706+07:00,2026/09/02 11:22:40.782, NVIDIA GeForce RTX 5060, 591.86, P8, 29, 0, 697, 8151, 7.87, 145.00, 202, 405, 1, 8
2026-09-02T11:22:45.8029913+07:00,2026/09/02 11:22:45.833, NVIDIA GeForce RTX 5060, 591.86, P8, 29, 0, 697, 8151, 7.98, 145.00, 210, 405, 1, 8
2026-09-02T11:22:50.8547996+07:00,2026/09/02 11:22:50.885, NVIDIA GeForce RTX 5060, 591.86, P8, 29, 0, 697, 8151, 7.88, 145.00, 210, 405, 1, 8
2026-09-02T11:22:55.9207071+07:00,2026/09/02 11:22:55.951, NVIDIA GeForce RTX 5060, 591.86, P8, 29, 0, 697, 8151, 7.97, 145.00, 210, 405, 1, 8
2026-09-02T11:23:00.9789232+07:00,2026/09/02 11:23:01.025, NVIDIA GeForce RTX 5060, 591.86, P8, 29, 0, 697, 8151, 8.02, 145.00, 240, 405, 1, 8
2026-09-02T11:23:06.1079422+07:00,2026/09/02 11:23:06.138, NVIDIA GeForce RTX 5060, 591.86, P8, 29, 0, 697, 8151, 7.75, 145.00, 210, 405, 1, 8
2026-09-02T11:23:11.1577384+07:00,2026/09/02 11:23:11.188, NVIDIA GeForce RTX 5060, 591.86, P8, 29, 0, 697, 8151, 7.79, 145.00, 210, 405, 1, 8
2026-09-02T11:23:16.2089024+07:00,2026/09/02 11:23:16.239, NVIDIA GeForce RTX 5060, 591.86, P8, 29, 0, 697, 8151, 7.92, 145.00, 210, 405, 1, 8
2026-09-02T11:23:21.2672996+07:00,2026/09/02 11:23:21.313, NVIDIA GeForce RTX 5060, 591.86, P8, 29, 0, 697, 8151, 8.06, 145.00, 210, 405, 1, 8
2026-09-02T11:23:26.3346316+07:00,2026/09/02 11:23:26.365, NVIDIA GeForce RTX 5060, 591.86, P8, 29, 0, 697, 8151, 7.87, 145.00, 210, 405, 1, 8
2026-09-02T11:23:31.4016366+07:00,2026/09/02 11:23:31.432, NVIDIA GeForce RTX 5060, 591.86, P8, 29, 0, 697, 8151, 7.83, 145.00, 210, 405, 1, 8
2026-09-02T11:23:36.5143375+07:00,2026/09/02 11:23:36.545, NVIDIA GeForce RTX 5060, 591.86, P8, 29, 0, 697, 8151, 7.90, 145.00, 210, 405, 1, 8
2026-09-02T11:23:41.5758103+07:00,2026/09/02 11:23:41.606, NVIDIA GeForce RTX 5060, 591.86, P8, 29, 0, 697, 8151, 7.91, 145.00, 210, 405, 1, 8
2026-09-02T11:23:46.6267787+07:00,2026/09/02 11:23:46.657, NVIDIA GeForce RTX 5060, 591.86, P8, 29, 0, 697, 8151, 7.86, 145.00, 210, 405, 1, 8
2026-09-02T11:23:51.6786835+07:00,2026/09/02 11:23:51.725, NVIDIA GeForce RTX 5060, 591.86, P8, 29, 0, 697, 8151, 8.15, 145.00, 210, 405, 1, 8
2026-09-02T11:23:56.7456998+07:00,2026/09/02 11:23:56.776, NVIDIA GeForce RTX 5060, 591.86, P8, 29, 0, 697, 8151, 8.01, 145.00, 210, 405, 1, 8
2026-09-02T11:24:01.8061508+07:00,2026/09/02 11:24:01.837, NVIDIA GeForce RTX 5060, 591.86, P8, 29, 0, 697, 8151, 8.24, 145.00, 210, 405, 1, 8
2026-09-02T11:24:06.9179224+07:00,2026/09/02 11:24:06.948, NVIDIA GeForce RTX 5060, 591.86, P8, 29, 0, 697, 8151, 8.27, 145.00, 210, 405, 1, 8
2026-09-02T11:24:11.9835481+07:00,2026/09/02 11:24:12.014, NVIDIA GeForce RTX 5060, 591.86, P8, 29, 0, 697, 8151, 7.99, 145.00, 210, 405, 1, 8
2026-09-02T11:24:17.0346675+07:00,2026/09/02 11:24:17.081, NVIDIA GeForce RTX 5060, 591.86, P8, 29, 0, 697, 8151, 8.03, 145.00, 210, 405, 1, 8
2026-09-02T11:24:22.0948960+07:00,2026/09/02 11:24:22.125, NVIDIA GeForce RTX 5060, 591.86, P8, 29, 0, 697, 8151, 7.99, 145.00, 210, 405, 1, 8
2026-09-02T11:24:27.1473838+07:00,2026/09/02 11:24:27.178, NVIDIA GeForce RTX 5060, 591.86, P8, 29, 0, 697, 8151, 7.82, 145.00, 210, 405, 1, 8
2026-09-02T11:24:32.1985233+07:00,2026/09/02 11:24:32.245, NVIDIA GeForce RTX 5060, 591.86, P8, 29, 0, 697, 8151, 7.85, 145.00, 210, 405, 1, 8
2026-09-02T11:24:37.3400786+07:00,2026/09/02 11:24:37.402, NVIDIA GeForce RTX 5060, 591.86, P8, 29, 0, 697, 8151, 7.78, 145.00, 210, 405, 1, 8
2026-09-02T11:24:42.4335751+07:00,2026/09/02 11:24:42.464, NVIDIA GeForce RTX 5060, 591.86, P8, 29, 0, 697, 8151, 7.96, 145.00, 210, 405, 1, 8
2026-09-02T11:24:47.4835308+07:00,2026/09/02 11:24:47.514, NVIDIA GeForce RTX 5060, 591.86, P8, 29, 0, 697, 8151, 7.89, 145.00, 210, 405, 1, 8
2026-09-02T11:24:52.5351278+07:00,2026/09/02 11:24:52.566, NVIDIA GeForce RTX 5060, 591.86, P8, 29, 0, 697, 8151, 8.00, 145.00, 210, 405, 1, 8
2026-09-02T11:24:57.5966169+07:00,2026/09/02 11:24:57.641, NVIDIA GeForce RTX 5060, 591.86, P8, 29, 0, 697, 8151, 7.93, 145.00, 210, 405, 1, 8
2026-09-02T11:25:02.6594903+07:00,2026/09/02 11:25:02.690, NVIDIA GeForce RTX 5060, 591.86, P8, 29, 0, 697, 8151, 8.45, 145.00, 210, 405, 1, 8
2026-09-02T11:25:07.7721884+07:00,2026/09/02 11:25:07.803, NVIDIA GeForce RTX 5060, 591.86, P8, 29, 0, 697, 8151, 8.07, 145.00, 210, 405, 1, 8
2026-09-02T11:25:12.8242008+07:00,2026/09/02 11:25:12.855, NVIDIA GeForce RTX 5060, 591.86, P8, 29, 0, 697, 8151, 7.83, 145.00, 210, 405, 1, 8
2026-09-02T11:25:17.8849381+07:00,2026/09/02 11:25:17.915, NVIDIA GeForce RTX 5060, 591.86, P8, 29, 0, 697, 8151, 8.16, 145.00, 210, 405, 1, 8
2026-09-02T11:25:22.9359147+07:00,2026/09/02 11:25:22.966, NVIDIA GeForce RTX 5060, 591.86, P8, 29, 0, 697, 8151, 7.81, 145.00, 210, 405, 1, 8
2026-09-02T11:25:27.9873365+07:00,2026/09/02 11:25:28.018, NVIDIA GeForce RTX 5060, 591.86, P8, 29, 0, 697, 8151, 7.95, 145.00, 210, 405, 1, 8
2026-09-02T11:25:33.0402730+07:00,2026/09/02 11:25:33.086, NVIDIA GeForce RTX 5060, 591.86, P8, 29, 0, 697, 8151, 8.00, 145.00, 210, 405, 1, 8
2026-09-02T11:25:38.1772239+07:00,2026/09/02 11:25:38.208, NVIDIA GeForce RTX 5060, 591.86, P8, 29, 0, 697, 8151, 8.05, 145.00, 210, 405, 1, 8
2026-09-02T11:25:43.2288020+07:00,2026/09/02 11:25:43.259, NVIDIA GeForce RTX 5060, 591.86, P8, 29, 0, 697, 8151, 8.00, 145.00, 210, 405, 1, 8
2026-09-02T11:25:48.2801300+07:00,2026/09/02 11:25:48.311, NVIDIA GeForce RTX 5060, 591.86, P8, 29, 0, 697, 8151, 7.91, 145.00, 210, 405, 1, 8
2026-09-02T11:25:53.5943686+07:00,2026/09/02 11:25:53.625, NVIDIA GeForce RTX 5060, 591.86, P8, 29, 0, 697, 8151, 7.87, 145.00, 210, 405, 1, 8
2026-09-02T11:25:58.6682106+07:00,2026/09/02 11:25:58.699, NVIDIA GeForce RTX 5060, 591.86, P8, 29, 0, 697, 8151, 7.84, 145.00, 210, 405, 1, 8
2026-09-02T11:26:03.7196073+07:00,2026/09/02 11:26:03.750, NVIDIA GeForce RTX 5060, 591.86, P8, 29, 0, 697, 8151, 8.14, 145.00, 210, 405, 1, 8
2026-09-02T11:26:08.8335252+07:00,2026/09/02 11:26:08.895, NVIDIA GeForce RTX 5060, 591.86, P8, 29, 0, 697, 8151, 7.95, 145.00, 210, 405, 1, 8
2026-09-02T11:26:13.9164657+07:00,2026/09/02 11:26:13.947, NVIDIA GeForce RTX 5060, 591.86, P8, 29, 0, 697, 8151, 7.85, 145.00, 210, 405, 1, 8
2026-09-02T11:26:18.9694401+07:00,2026/09/02 11:26:19.000, NVIDIA GeForce RTX 5060, 591.86, P8, 29, 0, 697, 8151, 8.42, 145.00, 210, 405, 1, 8
2026-09-02T11:26:24.0204430+07:00,2026/09/02 11:26:24.066, NVIDIA GeForce RTX 5060, 591.86, P8, 29, 0, 697, 8151, 7.82, 145.00, 210, 405, 1, 8
2026-09-02T11:26:29.0862584+07:00,2026/09/02 11:26:29.117, NVIDIA GeForce RTX 5060, 591.86, P8, 29, 0, 697, 8151, 7.84, 145.00, 210, 405, 1, 8
2026-09-02T11:26:34.1372602+07:00,2026/09/02 11:26:34.168, NVIDIA GeForce RTX 5060, 591.86, P8, 29, 0, 697, 8151, 7.69, 145.00, 210, 405, 1, 8
2026-09-02T11:26:39.2604973+07:00,2026/09/02 11:26:39.306, NVIDIA GeForce RTX 5060, 591.86, P8, 29, 0, 697, 8151, 7.99, 145.00, 210, 405, 1, 8
2026-09-02T11:26:44.3274435+07:00,2026/09/02 11:26:44.358, NVIDIA GeForce RTX 5060, 591.86, P8, 29, 0, 697, 8151, 7.90, 145.00, 210, 405, 1, 8
2026-09-02T11:26:49.3778368+07:00,2026/09/02 11:26:49.408, NVIDIA GeForce RTX 5060, 591.86, P8, 29, 0, 697, 8151, 7.77, 145.00, 210, 405, 1, 8
2026-09-02T11:26:54.4436018+07:00,2026/09/02 11:26:54.474, NVIDIA GeForce RTX 5060, 591.86, P8, 29, 0, 697, 8151, 7.90, 145.00, 210, 405, 1, 8
2026-09-02T11:26:59.5013483+07:00,2026/09/02 11:26:59.532, NVIDIA GeForce RTX 5060, 591.86, P8, 29, 0, 697, 8151, 7.66, 145.00, 210, 405, 1, 8
2026-09-02T11:27:04.5530769+07:00,2026/09/02 11:27:04.584, NVIDIA GeForce RTX 5060, 591.86, P8, 29, 0, 697, 8151, 8.30, 145.00, 210, 405, 1, 8
2026-09-02T11:27:09.6664917+07:00,2026/09/02 11:27:09.697, NVIDIA GeForce RTX 5060, 591.86, P8, 29, 0, 697, 8151, 7.75, 145.00, 210, 405, 1, 8
2026-09-02T11:27:14.7169835+07:00,2026/09/02 11:27:14.763, NVIDIA GeForce RTX 5060, 591.86, P8, 29, 0, 697, 8151, 7.73, 145.00, 210, 405, 1, 8
2026-09-02T11:27:19.7746032+07:00,2026/09/02 11:27:19.805, NVIDIA GeForce RTX 5060, 591.86, P8, 29, 0, 697, 8151, 8.30, 145.00, 210, 405, 1, 8
2026-09-02T11:27:24.8255925+07:00,2026/09/02 11:27:24.856, NVIDIA GeForce RTX 5060, 591.86, P8, 29, 0, 697, 8151, 7.89, 145.00, 210, 405, 1, 8
2026-09-02T11:27:29.8761693+07:00,2026/09/02 11:27:29.938, NVIDIA GeForce RTX 5060, 591.86, P8, 29, 0, 697, 8151, 7.82, 145.00, 210, 405, 1, 8
2026-09-02T11:27:34.9584454+07:00,2026/09/02 11:27:35.004, NVIDIA GeForce RTX 5060, 591.86, P8, 29, 0, 697, 8151, 7.76, 145.00, 210, 405, 1, 8
2026-09-02T11:27:40.0951788+07:00,2026/09/02 11:27:40.126, NVIDIA GeForce RTX 5060, 591.86, P8, 29, 0, 697, 8151, 7.89, 145.00, 210, 405, 1, 8
2026-09-02T11:27:45.1462963+07:00,2026/09/02 11:27:45.177, NVIDIA GeForce RTX 5060, 591.86, P8, 29, 0, 697, 8151, 7.74, 145.00, 210, 405, 1, 8
2026-09-02T11:27:50.1984373+07:00,2026/09/02 11:27:50.229, NVIDIA GeForce RTX 5060, 591.86, P8, 29, 0, 697, 8151, 7.85, 145.00, 210, 405, 1, 8
2026-09-02T11:27:55.2503419+07:00,2026/09/02 11:27:55.281, NVIDIA GeForce RTX 5060, 591.86, P8, 29, 0, 697, 8151, 8.00, 145.00, 210, 405, 1, 8
2026-09-02T11:28:00.3121831+07:00,2026/09/02 11:28:00.358, NVIDIA GeForce RTX 5060, 591.86, P8, 29, 0, 697, 8151, 7.96, 145.00, 210, 405, 1, 8
2026-09-02T11:28:05.3783487+07:00,2026/09/02 11:28:05.409, NVIDIA GeForce RTX 5060, 591.86, P8, 29, 0, 697, 8151, 8.26, 145.00, 210, 405, 1, 8
2026-09-02T11:28:10.5072145+07:00,2026/09/02 11:28:10.553, NVIDIA GeForce RTX 5060, 591.86, P8, 29, 0, 697, 8151, 7.68, 145.00, 210, 405, 1, 8
2026-09-02T11:28:15.5895710+07:00,2026/09/02 11:28:15.620, NVIDIA GeForce RTX 5060, 591.86, P8, 29, 0, 697, 8151, 7.74, 145.00, 210, 405, 1, 8
2026-09-02T11:28:20.6493604+07:00,2026/09/02 11:28:20.680, NVIDIA GeForce RTX 5060, 591.86, P8, 29, 0, 697, 8151, 7.55, 145.00, 210, 405, 1, 8
2026-09-02T11:28:25.7003161+07:00,2026/09/02 11:28:25.731, NVIDIA GeForce RTX 5060, 591.86, P8, 29, 0, 697, 8151, 7.60, 145.00, 202, 405, 1, 8
2026-09-02T11:28:30.7515326+07:00,2026/09/02 11:28:30.782, NVIDIA GeForce RTX 5060, 591.86, P8, 29, 0, 697, 8151, 7.59, 145.00, 210, 405, 1, 8
2026-09-02T11:28:35.8037499+07:00,2026/09/02 11:28:35.834, NVIDIA GeForce RTX 5060, 591.86, P8, 29, 0, 697, 8151, 7.61, 145.00, 210, 405, 1, 8
2026-09-02T11:28:40.9374636+07:00,2026/09/02 11:28:40.968, NVIDIA GeForce RTX 5060, 591.86, P8, 29, 0, 697, 8151, 7.67, 145.00, 210, 405, 1, 8
2026-09-02T11:28:45.9898758+07:00,2026/09/02 11:28:46.020, NVIDIA GeForce RTX 5060, 591.86, P8, 29, 0, 697, 8151, 7.65, 145.00, 210, 405, 1, 8
2026-09-02T11:28:51.0415635+07:00,2026/09/02 11:28:51.072, NVIDIA GeForce RTX 5060, 591.86, P8, 29, 0, 697, 8151, 7.62, 145.00, 210, 405, 1, 8
2026-09-02T11:28:56.0928052+07:00,2026/09/02 11:28:56.123, NVIDIA GeForce RTX 5060, 591.86, P8, 29, 0, 697, 8151, 7.63, 145.00, 210, 405, 1, 8
2026-09-02T11:29:01.1528724+07:00,2026/09/02 11:29:01.183, NVIDIA GeForce RTX 5060, 591.86, P8, 29, 0, 697, 8151, 7.90, 145.00, 202, 405, 1, 8
2026-09-02T11:29:06.2035762+07:00,2026/09/02 11:29:06.234, NVIDIA GeForce RTX 5060, 591.86, P8, 29, 0, 697, 8151, 8.12, 145.00, 210, 405, 1, 8
2026-09-02T11:29:11.3169568+07:00,2026/09/02 11:29:11.347, NVIDIA GeForce RTX 5060, 591.86, P8, 29, 0, 697, 8151, 7.78, 145.00, 210, 405, 1, 8
2026-09-02T11:29:16.3820176+07:00,2026/09/02 11:29:16.413, NVIDIA GeForce RTX 5060, 591.86, P8, 29, 0, 697, 8151, 7.86, 145.00, 210, 405, 1, 8
2026-09-02T11:29:21.4414607+07:00,2026/09/02 11:29:21.472, NVIDIA GeForce RTX 5060, 591.86, P8, 29, 0, 697, 8151, 7.91, 145.00, 210, 405, 1, 8
2026-09-02T11:29:26.4932358+07:00,2026/09/02 11:29:26.524, NVIDIA GeForce RTX 5060, 591.86, P8, 29, 0, 697, 8151, 7.72, 145.00, 210, 405, 1, 8
2026-09-02T11:29:31.5434960+07:00,2026/09/02 11:29:31.574, NVIDIA GeForce RTX 5060, 591.86, P8, 29, 0, 697, 8151, 8.12, 145.00, 210, 405, 1, 8
2026-09-02T11:29:36.5953927+07:00,2026/09/02 11:29:36.626, NVIDIA GeForce RTX 5060, 591.86, P8, 29, 0, 697, 8151, 7.95, 145.00, 210, 405, 1, 8
2026-09-02T11:29:41.7141496+07:00,2026/09/02 11:29:41.760, NVIDIA GeForce RTX 5060, 591.86, P8, 29, 0, 697, 8151, 7.91, 145.00, 210, 405, 1, 8
2026-09-02T11:29:46.7808975+07:00,2026/09/02 11:29:46.842, NVIDIA GeForce RTX 5060, 591.86, P8, 29, 0, 697, 8151, 7.96, 145.00, 210, 405, 1, 8
2026-09-02T11:29:51.8640054+07:00,2026/09/02 11:29:51.895, NVIDIA GeForce RTX 5060, 591.86, P8, 29, 0, 697, 8151, 7.79, 145.00, 210, 405, 1, 8
2026-09-02T11:29:56.9147179+07:00,2026/09/02 11:29:56.945, NVIDIA GeForce RTX 5060, 591.86, P8, 29, 0, 697, 8151, 7.71, 145.00, 210, 405, 1, 8
2026-09-02T11:30:01.9750319+07:00,2026/09/02 11:30:02.006, NVIDIA GeForce RTX 5060, 591.86, P8, 29, 0, 697, 8151, 8.00, 145.00, 210, 405, 1, 8
2026-09-02T11:30:07.0262551+07:00,2026/09/02 11:30:07.057, NVIDIA GeForce RTX 5060, 591.86, P8, 29, 0, 697, 8151, 7.94, 145.00, 210, 405, 1, 8
2026-09-02T11:30:12.1397256+07:00,2026/09/02 11:30:12.170, NVIDIA GeForce RTX 5060, 591.86, P8, 29, 0, 697, 8151, 7.95, 145.00, 210, 405, 1, 8
2026-09-02T11:30:17.1902469+07:00,2026/09/02 11:30:17.221, NVIDIA GeForce RTX 5060, 591.86, P8, 29, 0, 697, 8151, 8.01, 145.00, 210, 405, 1, 8
2026-09-02T11:30:22.2366015+07:00,2026/09/02 11:30:22.267, NVIDIA GeForce RTX 5060, 591.86, P8, 29, 0, 697, 8151, 7.81, 145.00, 210, 405, 1, 8
2026-09-02T11:30:27.2875751+07:00,2026/09/02 11:30:27.318, NVIDIA GeForce RTX 5060, 591.86, P8, 29, 0, 697, 8151, 8.12, 145.00, 210, 405, 1, 8
2026-09-02T11:30:32.3392971+07:00,2026/09/02 11:30:32.370, NVIDIA GeForce RTX 5060, 591.86, P8, 29, 0, 697, 8151, 7.97, 145.00, 210, 405, 1, 8
2026-09-02T11:30:37.3919869+07:00,2026/09/02 11:30:37.422, NVIDIA GeForce RTX 5060, 591.86, P8, 29, 0, 697, 8151, 7.96, 145.00, 210, 405, 1, 8
2026-09-02T11:30:42.5145582+07:00,2026/09/02 11:30:42.545, NVIDIA GeForce RTX 5060, 591.86, P8, 29, 0, 697, 8151, 7.97, 145.00, 210, 405, 1, 8
2026-09-02T11:30:47.5663100+07:00,2026/09/02 11:30:47.597, NVIDIA GeForce RTX 5060, 591.86, P8, 29, 0, 697, 8151, 7.79, 145.00, 210, 405, 1, 8
2026-09-02T11:30:52.6179391+07:00,2026/09/02 11:30:52.648, NVIDIA GeForce RTX 5060, 591.86, P8, 29, 0, 697, 8151, 7.80, 145.00, 210, 405, 1, 8
2026-09-02T11:30:57.6830707+07:00,2026/09/02 11:30:57.714, NVIDIA GeForce RTX 5060, 591.86, P8, 29, 0, 697, 8151, 7.93, 145.00, 210, 405, 1, 8
2026-09-02T11:31:02.7397295+07:00,2026/09/02 11:31:02.770, NVIDIA GeForce RTX 5060, 591.86, P8, 29, 0, 697, 8151, 8.43, 145.00, 210, 405, 1, 8
2026-09-02T11:31:07.7906066+07:00,2026/09/02 11:31:07.837, NVIDIA GeForce RTX 5060, 591.86, P8, 29, 0, 697, 8151, 7.93, 145.00, 210, 405, 1, 8
2026-09-02T11:31:12.9201930+07:00,2026/09/02 11:31:12.951, NVIDIA GeForce RTX 5060, 591.86, P8, 29, 0, 697, 8151, 7.99, 145.00, 210, 405, 1, 8
2026-09-02T11:31:17.9694651+07:00,2026/09/02 11:31:18.000, NVIDIA GeForce RTX 5060, 591.86, P8, 29, 0, 697, 8151, 8.42, 145.00, 210, 405, 1, 8
2026-09-02T11:31:23.0310742+07:00,2026/09/02 11:31:23.062, NVIDIA GeForce RTX 5060, 591.86, P8, 29, 0, 697, 8151, 8.09, 145.00, 210, 405, 1, 8
2026-09-02T11:31:28.0817479+07:00,2026/09/02 11:31:28.112, NVIDIA GeForce RTX 5060, 591.86, P8, 29, 0, 697, 8151, 7.94, 145.00, 210, 405, 1, 8
2026-09-02T11:31:33.1340728+07:00,2026/09/02 11:31:33.165, NVIDIA GeForce RTX 5060, 591.86, P8, 29, 0, 697, 8151, 7.86, 145.00, 210, 405, 1, 8
2026-09-02T11:31:38.1827787+07:00,2026/09/02 11:31:38.228, NVIDIA GeForce RTX 5060, 591.86, P8, 29, 0, 697, 8151, 7.98, 145.00, 210, 405, 1, 8
2026-09-02T11:31:43.2907929+07:00,2026/09/02 11:31:43.321, NVIDIA GeForce RTX 5060, 591.86, P8, 29, 0, 697, 8151, 7.77, 145.00, 210, 405, 1, 8
2026-09-02T11:31:48.3426446+07:00,2026/09/02 11:31:48.373, NVIDIA GeForce RTX 5060, 591.86, P8, 29, 0, 697, 8151, 7.74, 145.00, 210, 405, 1, 8
2026-09-02T11:31:53.3944548+07:00,2026/09/02 11:31:53.425, NVIDIA GeForce RTX 5060, 591.86, P8, 29, 0, 697, 8151, 7.89, 145.00, 210, 405, 1, 8
2026-09-02T11:31:58.4525529+07:00,2026/09/02 11:31:58.483, NVIDIA GeForce RTX 5060, 591.86, P8, 29, 0, 697, 8151, 7.91, 145.00, 210, 405, 1, 8
2026-09-02T11:32:03.5038868+07:00,2026/09/02 11:32:03.534, NVIDIA GeForce RTX 5060, 591.86, P8, 29, 0, 697, 8151, 8.34, 145.00, 210, 405, 1, 8
2026-09-02T11:32:08.5547239+07:00,2026/09/02 11:32:08.601, NVIDIA GeForce RTX 5060, 591.86, P8, 29, 0, 697, 8151, 7.89, 145.00, 210, 405, 1, 8
2026-09-02T11:32:13.7301106+07:00,2026/09/02 11:32:13.776, NVIDIA GeForce RTX 5060, 591.86, P8, 29, 0, 697, 8151, 7.89, 145.00, 210, 405, 1, 8
2026-09-02T11:32:18.8036699+07:00,2026/09/02 11:32:18.834, NVIDIA GeForce RTX 5060, 591.86, P8, 29, 0, 697, 8151, 8.47, 145.00, 210, 405, 1, 8
2026-09-02T11:32:23.8541984+07:00,2026/09/02 11:32:23.885, NVIDIA GeForce RTX 5060, 591.86, P8, 29, 0, 697, 8151, 8.03, 145.00, 210, 405, 1, 8
2026-09-02T11:32:28.9039298+07:00,2026/09/02 11:32:28.934, NVIDIA GeForce RTX 5060, 591.86, P8, 29, 0, 697, 8151, 7.72, 145.00, 210, 405, 1, 8
2026-09-02T11:32:33.9526977+07:00,2026/09/02 11:32:33.983, NVIDIA GeForce RTX 5060, 591.86, P8, 29, 0, 697, 8151, 7.88, 145.00, 210, 405, 1, 8
2026-09-02T11:32:39.0123953+07:00,2026/09/02 11:32:39.043, NVIDIA GeForce RTX 5060, 591.86, P8, 29, 0, 697, 8151, 7.89, 145.00, 210, 405, 1, 8
2026-09-02T11:32:44.1392843+07:00,2026/09/02 11:32:44.170, NVIDIA GeForce RTX 5060, 591.86, P8, 29, 0, 697, 8151, 7.88, 145.00, 210, 405, 1, 8
2026-09-02T11:32:49.1905239+07:00,2026/09/02 11:32:49.221, NVIDIA GeForce RTX 5060, 591.86, P8, 29, 0, 697, 8151, 7.89, 145.00, 210, 405, 1, 8
2026-09-02T11:32:54.2411067+07:00,2026/09/02 11:32:54.287, NVIDIA GeForce RTX 5060, 591.86, P8, 29, 0, 697, 8151, 7.83, 145.00, 210, 405, 1, 8
2026-09-02T11:32:59.3168299+07:00,2026/09/02 11:32:59.363, NVIDIA GeForce RTX 5060, 591.86, P8, 29, 0, 697, 8151, 7.99, 145.00, 210, 405, 1, 8
2026-09-02T11:33:04.3828738+07:00,2026/09/02 11:33:04.413, NVIDIA GeForce RTX 5060, 591.86, P8, 29, 0, 697, 8151, 8.29, 145.00, 210, 405, 1, 8
2026-09-02T11:33:09.4343251+07:00,2026/09/02 11:33:09.480, NVIDIA GeForce RTX 5060, 591.86, P8, 29, 0, 697, 8151, 7.90, 145.00, 210, 405, 1, 8
2026-09-02T11:33:14.5626393+07:00,2026/09/02 11:33:14.593, NVIDIA GeForce RTX 5060, 591.86, P8, 29, 0, 697, 8151, 7.93, 145.00, 210, 405, 1, 8
2026-09-02T11:33:19.6250693+07:00,2026/09/02 11:33:19.656, NVIDIA GeForce RTX 5060, 591.86, P8, 29, 0, 697, 8151, 8.46, 145.00, 210, 405, 1, 8
2026-09-02T11:33:24.6757431+07:00,2026/09/02 11:33:24.706, NVIDIA GeForce RTX 5060, 591.86, P8, 29, 0, 697, 8151, 7.81, 145.00, 210, 405, 1, 8
2026-09-02T11:33:29.7279910+07:00,2026/09/02 11:33:29.758, NVIDIA GeForce RTX 5060, 591.86, P8, 29, 0, 697, 8151, 7.86, 145.00, 210, 405, 1, 8
2026-09-02T11:33:34.7772290+07:00,2026/09/02 11:33:34.823, NVIDIA GeForce RTX 5060, 591.86, P8, 29, 0, 697, 8151, 7.88, 145.00, 210, 405, 1, 8
2026-09-02T11:33:39.8545447+07:00,2026/09/02 11:33:39.901, NVIDIA GeForce RTX 5060, 591.86, P8, 29, 0, 697, 8151, 7.80, 145.00, 210, 405, 1, 8
2026-09-02T11:33:44.9839571+07:00,2026/09/02 11:33:45.014, NVIDIA GeForce RTX 5060, 591.86, P8, 29, 0, 697, 8151, 7.75, 145.00, 210, 405, 1, 8
2026-09-02T11:33:50.0355746+07:00,2026/09/02 11:33:50.066, NVIDIA GeForce RTX 5060, 591.86, P8, 29, 0, 697, 8151, 7.78, 145.00, 210, 405, 1, 8
2026-09-02T11:33:55.0837736+07:00,2026/09/02 11:33:55.145, NVIDIA GeForce RTX 5060, 591.86, P8, 29, 0, 697, 8151, 7.69, 145.00, 210, 405, 1, 8
2026-09-02T11:34:00.1579528+07:00,2026/09/02 11:34:00.188, NVIDIA GeForce RTX 5060, 591.86, P8, 29, 0, 697, 8151, 7.87, 145.00, 210, 405, 1, 8
2026-09-02T11:34:05.2088922+07:00,2026/09/02 11:34:05.239, NVIDIA GeForce RTX 5060, 591.86, P8, 29, 0, 697, 8151, 7.87, 145.00, 210, 405, 1, 8
2026-09-02T11:34:10.2590477+07:00,2026/09/02 11:34:10.290, NVIDIA GeForce RTX 5060, 591.86, P8, 29, 0, 697, 8151, 7.80, 145.00, 210, 405, 1, 8
2026-09-02T11:34:15.3718684+07:00,2026/09/02 11:34:15.402, NVIDIA GeForce RTX 5060, 591.86, P8, 29, 0, 697, 8151, 7.80, 145.00, 210, 405, 1, 8
2026-09-02T11:34:20.4295656+07:00,2026/09/02 11:34:20.460, NVIDIA GeForce RTX 5060, 591.86, P8, 29, 0, 697, 8151, 7.83, 145.00, 210, 405, 1, 8
2026-09-02T11:34:25.4794944+07:00,2026/09/02 11:34:25.510, NVIDIA GeForce RTX 5060, 591.86, P8, 29, 0, 697, 8151, 7.80, 145.00, 210, 405, 1, 8
2026-09-02T11:34:30.5303400+07:00,2026/09/02 11:34:30.561, NVIDIA GeForce RTX 5060, 591.86, P8, 29, 0, 697, 8151, 7.75, 145.00, 210, 405, 1, 8
2026-09-02T11:34:35.5819660+07:00,2026/09/02 11:34:35.613, NVIDIA GeForce RTX 5060, 591.86, P8, 29, 0, 697, 8151, 7.86, 145.00, 210, 405, 1, 8
2026-09-02T11:34:40.6396016+07:00,2026/09/02 11:34:40.670, NVIDIA GeForce RTX 5060, 591.86, P8, 29, 0, 697, 8151, 7.88, 145.00, 210, 405, 1, 8
2026-09-02T11:34:45.7534750+07:00,2026/09/02 11:34:45.784, NVIDIA GeForce RTX 5060, 591.86, P8, 29, 0, 697, 8151, 7.79, 145.00, 210, 405, 1, 8
2026-09-02T11:34:50.8218887+07:00,2026/09/02 11:34:50.852, NVIDIA GeForce RTX 5060, 591.86, P8, 29, 0, 697, 8151, 7.70, 145.00, 210, 405, 1, 8
2026-09-02T11:34:55.8731688+07:00,2026/09/02 11:34:55.904, NVIDIA GeForce RTX 5060, 591.86, P8, 29, 0, 697, 8151, 7.71, 145.00, 210, 405, 1, 8
2026-09-02T11:35:00.9312935+07:00,2026/09/02 11:35:00.962, NVIDIA GeForce RTX 5060, 591.86, P8, 29, 0, 697, 8151, 7.97, 145.00, 210, 405, 1, 8
2026-09-02T11:35:05.9827454+07:00,2026/09/02 11:35:06.013, NVIDIA GeForce RTX 5060, 591.86, P8, 29, 0, 697, 8151, 7.98, 145.00, 210, 405, 1, 8
2026-09-02T11:35:11.0344986+07:00,2026/09/02 11:35:11.065, NVIDIA GeForce RTX 5060, 591.86, P8, 29, 0, 697, 8151, 8.10, 145.00, 210, 405, 1, 8
2026-09-02T11:35:16.1460648+07:00,2026/09/02 11:35:16.177, NVIDIA GeForce RTX 5060, 591.86, P8, 29, 0, 697, 8151, 7.83, 145.00, 210, 405, 1, 8
2026-09-02T11:35:21.2012759+07:00,2026/09/02 11:35:21.232, NVIDIA GeForce RTX 5060, 591.86, P8, 29, 0, 697, 8151, 7.90, 145.00, 210, 405, 1, 8
2026-09-02T11:35:26.2540950+07:00,2026/09/02 11:35:26.285, NVIDIA GeForce RTX 5060, 591.86, P8, 29, 0, 697, 8151, 7.81, 145.00, 210, 405, 1, 8
2026-09-02T11:35:31.3057689+07:00,2026/09/02 11:35:31.336, NVIDIA GeForce RTX 5060, 591.86, P8, 29, 0, 697, 8151, 8.10, 145.00, 210, 405, 1, 8
2026-09-02T11:35:36.3569946+07:00,2026/09/02 11:35:36.387, NVIDIA GeForce RTX 5060, 591.86, P8, 29, 0, 697, 8151, 7.87, 145.00, 210, 405, 1, 8
2026-09-02T11:35:41.4120109+07:00,2026/09/02 11:35:41.443, NVIDIA GeForce RTX 5060, 591.86, P8, 29, 0, 697, 8151, 7.80, 145.00, 210, 405, 1, 8
2026-09-02T11:35:46.5247540+07:00,2026/09/02 11:35:46.555, NVIDIA GeForce RTX 5060, 591.86, P8, 29, 0, 697, 8151, 7.89, 145.00, 210, 405, 1, 8
2026-09-02T11:35:51.5777199+07:00,2026/09/02 11:35:51.608, NVIDIA GeForce RTX 5060, 591.86, P8, 29, 0, 697, 8151, 7.84, 145.00, 210, 405, 1, 8
2026-09-02T11:35:56.6291963+07:00,2026/09/02 11:35:56.660, NVIDIA GeForce RTX 5060, 591.86, P8, 29, 0, 697, 8151, 7.82, 145.00, 210, 405, 1, 8
2026-09-02T11:36:01.6909656+07:00,2026/09/02 11:36:01.721, NVIDIA GeForce RTX 5060, 591.86, P8, 29, 0, 697, 8151, 8.14, 145.00, 240, 405, 1, 8
2026-09-02T11:36:06.7424155+07:00,2026/09/02 11:36:06.788, NVIDIA GeForce RTX 5060, 591.86, P8, 29, 0, 697, 8151, 7.80, 145.00, 210, 405, 1, 8
2026-09-02T11:36:11.8088711+07:00,2026/09/02 11:36:11.839, NVIDIA GeForce RTX 5060, 591.86, P8, 29, 0, 697, 8151, 7.73, 145.00, 210, 405, 1, 8
2026-09-02T11:36:16.9219876+07:00,2026/09/02 11:36:16.952, NVIDIA GeForce RTX 5060, 591.86, P8, 29, 0, 697, 8151, 8.00, 145.00, 210, 405, 1, 8
2026-09-02T11:36:21.9818380+07:00,2026/09/02 11:36:22.012, NVIDIA GeForce RTX 5060, 591.86, P8, 29, 0, 697, 8151, 7.77, 145.00, 210, 405, 1, 8
2026-09-02T11:36:27.0328440+07:00,2026/09/02 11:36:27.063, NVIDIA GeForce RTX 5060, 591.86, P8, 29, 0, 697, 8151, 7.88, 145.00, 210, 405, 1, 8
2026-09-02T11:36:32.0846457+07:00,2026/09/02 11:36:32.115, NVIDIA GeForce RTX 5060, 591.86, P8, 29, 0, 697, 8151, 7.85, 145.00, 210, 405, 1, 8
2026-09-02T11:36:37.1328393+07:00,2026/09/02 11:36:37.163, NVIDIA GeForce RTX 5060, 591.86, P8, 29, 0, 697, 8151, 7.90, 145.00, 210, 405, 1, 8
2026-09-02T11:36:42.1788306+07:00,2026/09/02 11:36:42.209, NVIDIA GeForce RTX 5060, 591.86, P8, 29, 0, 697, 8151, 7.87, 145.00, 210, 405, 1, 8
2026-09-02T11:36:47.3082987+07:00,2026/09/02 11:36:47.339, NVIDIA GeForce RTX 5060, 591.86, P8, 29, 0, 697, 8151, 7.79, 145.00, 210, 405, 1, 8
2026-09-02T11:36:52.3603335+07:00,2026/09/02 11:36:52.391, NVIDIA GeForce RTX 5060, 591.86, P8, 29, 0, 697, 8151, 7.86, 145.00, 210, 405, 1, 8
2026-09-02T11:36:57.4286326+07:00,2026/09/02 11:36:57.459, NVIDIA GeForce RTX 5060, 591.86, P8, 29, 0, 697, 8151, 8.01, 145.00, 210, 405, 1, 8
2026-09-02T11:37:02.4885795+07:00,2026/09/02 11:37:02.519, NVIDIA GeForce RTX 5060, 591.86, P8, 29, 0, 697, 8151, 8.36, 145.00, 210, 405, 1, 8
2026-09-02T11:37:07.5400570+07:00,2026/09/02 11:37:07.571, NVIDIA GeForce RTX 5060, 591.86, P8, 29, 0, 697, 8151, 7.76, 145.00, 210, 405, 1, 8
2026-09-02T11:37:12.5912916+07:00,2026/09/02 11:37:12.622, NVIDIA GeForce RTX 5060, 591.86, P8, 29, 0, 697, 8151, 7.76, 145.00, 210, 405, 1, 8
2026-09-02T11:37:17.7033929+07:00,2026/09/02 11:37:17.734, NVIDIA GeForce RTX 5060, 591.86, P8, 29, 0, 697, 8151, 7.98, 145.00, 210, 405, 1, 8
2026-09-02T11:37:22.7577628+07:00,2026/09/02 11:37:22.788, NVIDIA GeForce RTX 5060, 591.86, P8, 29, 0, 697, 8151, 7.96, 145.00, 210, 405, 1, 8
2026-09-02T11:37:27.8093018+07:00,2026/09/02 11:37:27.840, NVIDIA GeForce RTX 5060, 591.86, P8, 29, 0, 697, 8151, 7.76, 145.00, 210, 405, 1, 8
2026-09-02T11:37:32.8603589+07:00,2026/09/02 11:37:32.891, NVIDIA GeForce RTX 5060, 591.86, P8, 29, 0, 697, 8151, 7.76, 145.00, 210, 405, 1, 8
2026-09-02T11:37:37.9106486+07:00,2026/09/02 11:37:37.941, NVIDIA GeForce RTX 5060, 591.86, P8, 29, 0, 697, 8151, 7.88, 145.00, 210, 405, 1, 8
2026-09-02T11:37:42.9685287+07:00,2026/09/02 11:37:42.999, NVIDIA GeForce RTX 5060, 591.86, P8, 29, 0, 697, 8151, 7.99, 145.00, 202, 405, 1, 8
2026-09-02T11:37:48.0813665+07:00,2026/09/02 11:37:48.112, NVIDIA GeForce RTX 5060, 591.86, P8, 29, 0, 697, 8151, 7.79, 145.00, 210, 405, 1, 8
2026-09-02T11:37:53.1343351+07:00,2026/09/02 11:37:53.165, NVIDIA GeForce RTX 5060, 591.86, P8, 29, 0, 697, 8151, 7.94, 145.00, 210, 405, 1, 8
2026-09-02T11:37:58.1862587+07:00,2026/09/02 11:37:58.217, NVIDIA GeForce RTX 5060, 591.86, P8, 29, 0, 697, 8151, 7.85, 145.00, 210, 405, 1, 8
2026-09-02T11:38:03.2448123+07:00,2026/09/02 11:38:03.291, NVIDIA GeForce RTX 5060, 591.86, P8, 29, 0, 697, 8151, 8.39, 145.00, 210, 405, 1, 8
2026-09-02T11:38:08.3117103+07:00,2026/09/02 11:38:08.342, NVIDIA GeForce RTX 5060, 591.86, P8, 29, 0, 697, 8151, 7.86, 145.00, 210, 405, 1, 8
2026-09-02T11:38:13.3628122+07:00,2026/09/02 11:38:13.393, NVIDIA GeForce RTX 5060, 591.86, P8, 29, 0, 697, 8151, 7.92, 145.00, 210, 405, 1, 8
2026-09-02T11:38:18.4900034+07:00,2026/09/02 11:38:18.520, NVIDIA GeForce RTX 5060, 591.86, P8, 29, 0, 697, 8151, 8.37, 145.00, 210, 405, 1, 8
2026-09-02T11:38:23.5355910+07:00,2026/09/02 11:38:23.566, NVIDIA GeForce RTX 5060, 591.86, P8, 29, 0, 697, 8151, 7.88, 145.00, 210, 405, 1, 8
2026-09-02T11:38:28.5867711+07:00,2026/09/02 11:38:28.617, NVIDIA GeForce RTX 5060, 591.86, P8, 29, 0, 697, 8151, 7.95, 145.00, 210, 405, 1, 8
2026-09-02T11:38:33.6383713+07:00,2026/09/02 11:38:33.669, NVIDIA GeForce RTX 5060, 591.86, P8, 29, 0, 697, 8151, 7.81, 145.00, 210, 405, 1, 8
2026-09-02T11:38:38.6891752+07:00,2026/09/02 11:38:38.720, NVIDIA GeForce RTX 5060, 591.86, P8, 29, 0, 697, 8151, 7.87, 145.00, 210, 405, 1, 8
2026-09-02T11:38:43.7479441+07:00,2026/09/02 11:38:43.778, NVIDIA GeForce RTX 5060, 591.86, P8, 29, 0, 697, 8151, 7.96, 145.00, 210, 405, 1, 8
2026-09-02T11:38:48.8615271+07:00,2026/09/02 11:38:48.908, NVIDIA GeForce RTX 5060, 591.86, P8, 29, 0, 697, 8151, 8.02, 145.00, 210, 405, 1, 8
2026-09-02T11:38:53.9290652+07:00,2026/09/02 11:38:53.960, NVIDIA GeForce RTX 5060, 591.86, P8, 29, 0, 697, 8151, 7.93, 145.00, 210, 405, 1, 8
2026-09-02T11:38:58.9795876+07:00,2026/09/02 11:38:59.025, NVIDIA GeForce RTX 5060, 591.86, P8, 29, 0, 697, 8151, 7.86, 145.00, 210, 405, 1, 8
2026-09-02T11:39:04.0369154+07:00,2026/09/02 11:39:04.083, NVIDIA GeForce RTX 5060, 591.86, P8, 29, 0, 697, 8151, 8.29, 145.00, 210, 405, 1, 8
2026-09-02T11:39:09.1012253+07:00,2026/09/02 11:39:09.132, NVIDIA GeForce RTX 5060, 591.86, P8, 29, 0, 697, 8151, 7.81, 145.00, 210, 405, 1, 8
2026-09-02T11:39:14.1523958+07:00,2026/09/02 11:39:14.214, NVIDIA GeForce RTX 5060, 591.86, P8, 29, 0, 697, 8151, 7.78, 145.00, 210, 405, 1, 8
2026-09-02T11:39:19.2976162+07:00,2026/09/02 11:39:19.328, NVIDIA GeForce RTX 5060, 591.86, P8, 29, 0, 697, 8151, 8.50, 145.00, 202, 405, 1, 8
2026-09-02T11:39:24.3540585+07:00,2026/09/02 11:39:24.385, NVIDIA GeForce RTX 5060, 591.86, P8, 29, 0, 697, 8151, 7.89, 145.00, 210, 405, 1, 8
2026-09-02T11:39:29.4050055+07:00,2026/09/02 11:39:29.436, NVIDIA GeForce RTX 5060, 591.86, P8, 29, 0, 697, 8151, 7.86, 145.00, 210, 405, 1, 8
2026-09-02T11:39:34.4563383+07:00,2026/09/02 11:39:34.487, NVIDIA GeForce RTX 5060, 591.86, P8, 29, 0, 697, 8151, 7.91, 145.00, 210, 405, 1, 8
2026-09-02T11:39:39.5083583+07:00,2026/09/02 11:39:39.539, NVIDIA GeForce RTX 5060, 591.86, P8, 29, 0, 697, 8151, 7.97, 145.00, 210, 405, 1, 8
2026-09-02T11:39:44.5702997+07:00,2026/09/02 11:39:44.616, NVIDIA GeForce RTX 5060, 591.86, P8, 29, 0, 697, 8151, 7.77, 145.00, 210, 405, 1, 8
2026-09-02T11:39:49.7141896+07:00,2026/09/02 11:39:49.760, NVIDIA GeForce RTX 5060, 591.86, P8, 29, 0, 697, 8151, 7.84, 145.00, 210, 405, 1, 8
2026-09-02T11:39:54.7802378+07:00,2026/09/02 11:39:54.811, NVIDIA GeForce RTX 5060, 591.86, P8, 29, 0, 697, 8151, 7.88, 145.00, 210, 405, 1, 8
2026-09-02T11:39:59.8315818+07:00,2026/09/02 11:39:59.862, NVIDIA GeForce RTX 5060, 591.86, P8, 29, 0, 697, 8151, 7.90, 145.00, 210, 405, 1, 8
2026-09-02T11:40:04.8886274+07:00,2026/09/02 11:40:04.919, NVIDIA GeForce RTX 5060, 591.86, P8, 29, 0, 697, 8151, 8.55, 145.00, 210, 405, 1, 8
2026-09-02T11:40:09.9407197+07:00,2026/09/02 11:40:09.971, NVIDIA GeForce RTX 5060, 591.86, P8, 29, 0, 697, 8151, 7.89, 145.00, 210, 405, 1, 8
2026-09-02T11:40:14.9903362+07:00,2026/09/02 11:40:15.020, NVIDIA GeForce RTX 5060, 591.86, P8, 29, 0, 576, 8151, 8.54, 145.00, 210, 405, 1, 8
2026-09-02T11:40:20.1011958+07:00,2026/09/02 11:40:20.132, NVIDIA GeForce RTX 5060, 591.86, P8, 29, 0, 576, 8151, 8.66, 145.00, 210, 405, 1, 8
2026-09-02T11:40:25.1596354+07:00,2026/09/02 11:40:25.190, NVIDIA GeForce RTX 5060, 591.86, P1, 29, 0, 583, 8151, 10.92, 145.00, 210, 14001, 4, 8
2026-09-02T11:40:30.2092867+07:00,2026/09/02 11:40:30.240, NVIDIA GeForce RTX 5060, 591.86, P1, 29, 0, 583, 8151, 8.87, 145.00, 210, 14001, 4, 8
2026-09-02T11:40:35.2600157+07:00,2026/09/02 11:40:35.291, NVIDIA GeForce RTX 5060, 591.86, P8, 29, 0, 583, 8151, 8.10, 145.00, 210, 405, 1, 8
2026-09-02T11:40:40.3093611+07:00,2026/09/02 11:40:40.356, NVIDIA GeForce RTX 5060, 591.86, P8, 29, 0, 583, 8151, 7.75, 145.00, 210, 405, 1, 8
2026-09-02T11:40:45.3812911+07:00,2026/09/02 11:40:45.411, NVIDIA GeForce RTX 5060, 591.86, P8, 29, 0, 583, 8151, 7.98, 145.00, 210, 405, 1, 8
2026-09-02T11:40:50.4925935+07:00,2026/09/02 11:40:50.539, NVIDIA GeForce RTX 5060, 591.86, P8, 29, 0, 583, 8151, 7.77, 145.00, 210, 405, 1, 8
2026-09-02T11:40:55.5575758+07:00,2026/09/02 11:40:55.588, NVIDIA GeForce RTX 5060, 591.86, P8, 29, 0, 583, 8151, 8.17, 145.00, 210, 405, 1, 8
2026-09-02T11:41:00.6068830+07:00,2026/09/02 11:41:00.637, NVIDIA GeForce RTX 5060, 591.86, P8, 29, 0, 583, 8151, 7.90, 145.00, 210, 405, 1, 8
2026-09-02T11:41:05.6643397+07:00,2026/09/02 11:41:05.710, NVIDIA GeForce RTX 5060, 591.86, P8, 29, 0, 583, 8151, 7.99, 145.00, 210, 405, 1, 8
2026-09-02T11:41:10.7312959+07:00,2026/09/02 11:41:10.762, NVIDIA GeForce RTX 5060, 591.86, P8, 29, 0, 583, 8151, 7.94, 145.00, 210, 405, 1, 8
2026-09-02T11:41:15.7833067+07:00,2026/09/02 11:41:15.814, NVIDIA GeForce RTX 5060, 591.86, P8, 29, 0, 583, 8151, 8.02, 145.00, 210, 405, 1, 8
2026-09-02T11:41:20.9111037+07:00,2026/09/02 11:41:20.957, NVIDIA GeForce RTX 5060, 591.86, P8, 29, 0, 583, 8151, 8.02, 145.00, 210, 405, 1, 8
2026-09-02T11:41:25.9993475+07:00,2026/09/02 11:41:26.030, NVIDIA GeForce RTX 5060, 591.86, P8, 29, 0, 583, 8151, 8.02, 145.00, 210, 405, 1, 8
2026-09-02T11:41:31.0504056+07:00,2026/09/02 11:41:31.096, NVIDIA GeForce RTX 5060, 591.86, P8, 29, 0, 583, 8151, 7.92, 145.00, 210, 405, 1, 8
2026-09-02T11:41:36.1177623+07:00,2026/09/02 11:41:36.148, NVIDIA GeForce RTX 5060, 591.86, P8, 29, 0, 583, 8151, 7.74, 145.00, 210, 405, 1, 8
2026-09-02T11:41:41.1680127+07:00,2026/09/02 11:41:41.199, NVIDIA GeForce RTX 5060, 591.86, P8, 29, 0, 583, 8151, 7.76, 145.00, 210, 405, 1, 8
2026-09-02T11:41:46.2226313+07:00,2026/09/02 11:41:46.253, NVIDIA GeForce RTX 5060, 591.86, P8, 29, 0, 583, 8151, 7.83, 145.00, 210, 405, 1, 8
2026-09-02T11:41:51.3510771+07:00,2026/09/02 11:41:51.382, NVIDIA GeForce RTX 5060, 591.86, P8, 29, 0, 583, 8151, 7.76, 145.00, 210, 405, 1, 8
2026-09-02T11:41:56.4023635+07:00,2026/09/02 11:41:56.433, NVIDIA GeForce RTX 5060, 591.86, P8, 29, 0, 583, 8151, 7.69, 145.00, 210, 405, 1, 8
2026-09-02T11:42:01.4549800+07:00,2026/09/02 11:42:01.485, NVIDIA GeForce RTX 5060, 591.86, P8, 29, 0, 583, 8151, 7.96, 145.00, 210, 405, 1, 8
2026-09-02T11:42:06.5145397+07:00,2026/09/02 11:42:06.545, NVIDIA GeForce RTX 5060, 591.86, P8, 29, 0, 583, 8151, 7.86, 145.00, 210, 405, 1, 8
2026-09-02T11:42:11.5659499+07:00,2026/09/02 11:42:11.596, NVIDIA GeForce RTX 5060, 591.86, P8, 29, 0, 583, 8151, 7.95, 145.00, 210, 405, 1, 8
2026-09-02T11:42:16.6182172+07:00,2026/09/02 11:42:16.649, NVIDIA GeForce RTX 5060, 591.86, P8, 29, 0, 583, 8151, 7.85, 145.00, 210, 405, 1, 8
2026-09-02T11:42:21.7303726+07:00,2026/09/02 11:42:21.760, NVIDIA GeForce RTX 5060, 591.86, P8, 29, 0, 583, 8151, 8.04, 145.00, 210, 405, 1, 8
2026-09-02T11:42:26.7919224+07:00,2026/09/02 11:42:26.838, NVIDIA GeForce RTX 5060, 591.86, P8, 29, 0, 583, 8151, 7.85, 145.00, 210, 405, 1, 8
2026-09-02T11:42:31.8587949+07:00,2026/09/02 11:42:31.889, NVIDIA GeForce RTX 5060, 591.86, P8, 29, 0, 583, 8151, 7.81, 145.00, 210, 405, 1, 8
2026-09-02T11:42:36.9100884+07:00,2026/09/02 11:42:36.956, NVIDIA GeForce RTX 5060, 591.86, P8, 29, 0, 583, 8151, 7.74, 145.00, 210, 405, 1, 8
2026-09-02T11:42:41.9746586+07:00,2026/09/02 11:42:42.005, NVIDIA GeForce RTX 5060, 591.86, P8, 29, 0, 583, 8151, 7.97, 145.00, 210, 405, 1, 8
2026-09-02T11:42:47.0252270+07:00,2026/09/02 11:42:47.056, NVIDIA GeForce RTX 5060, 591.86, P8, 29, 0, 583, 8151, 7.75, 145.00, 210, 405, 1, 8
2026-09-02T11:42:52.1400358+07:00,2026/09/02 11:42:52.171, NVIDIA GeForce RTX 5060, 591.86, P8, 29, 0, 583, 8151, 8.01, 145.00, 210, 405, 1, 8
2026-09-02T11:42:57.1917704+07:00,2026/09/02 11:42:57.222, NVIDIA GeForce RTX 5060, 591.86, P8, 29, 0, 583, 8151, 7.98, 145.00, 202, 405, 1, 8
2026-09-02T11:43:02.2502827+07:00,2026/09/02 11:43:02.281, NVIDIA GeForce RTX 5060, 591.86, P8, 29, 0, 583, 8151, 8.55, 145.00, 202, 405, 1, 8
2026-09-02T11:43:07.3018923+07:00,2026/09/02 11:43:07.332, NVIDIA GeForce RTX 5060, 591.86, P8, 29, 0, 583, 8151, 7.75, 145.00, 210, 405, 1, 8
2026-09-02T11:43:12.3535679+07:00,2026/09/02 11:43:12.384, NVIDIA GeForce RTX 5060, 591.86, P8, 29, 0, 583, 8151, 7.89, 145.00, 210, 405, 1, 8
2026-09-02T11:43:17.4041442+07:00,2026/09/02 11:43:17.435, NVIDIA GeForce RTX 5060, 591.86, P8, 29, 0, 583, 8151, 7.97, 145.00, 210, 405, 1, 8
2026-09-02T11:43:22.5269075+07:00,2026/09/02 11:43:22.557, NVIDIA GeForce RTX 5060, 591.86, P8, 29, 0, 583, 8151, 7.96, 145.00, 210, 405, 1, 8
2026-09-02T11:43:27.5789241+07:00,2026/09/02 11:43:27.609, NVIDIA GeForce RTX 5060, 591.86, P8, 29, 0, 583, 8151, 7.99, 145.00, 210, 405, 1, 8
2026-09-02T11:43:32.6295897+07:00,2026/09/02 11:43:32.660, NVIDIA GeForce RTX 5060, 591.86, P8, 29, 0, 583, 8151, 7.86, 145.00, 210, 405, 1, 8
2026-09-02T11:43:37.6797570+07:00,2026/09/02 11:43:37.710, NVIDIA GeForce RTX 5060, 591.86, P8, 29, 0, 583, 8151, 7.73, 145.00, 210, 405, 1, 8
2026-09-02T11:43:42.7385859+07:00,2026/09/02 11:43:42.769, NVIDIA GeForce RTX 5060, 591.86, P8, 29, 0, 583, 8151, 7.97, 145.00, 210, 405, 1, 8
2026-09-02T11:43:47.7894875+07:00,2026/09/02 11:43:47.820, NVIDIA GeForce RTX 5060, 591.86, P8, 29, 0, 583, 8151, 7.93, 145.00, 210, 405, 1, 8
2026-09-02T11:43:52.9040164+07:00,2026/09/02 11:43:52.935, NVIDIA GeForce RTX 5060, 591.86, P8, 29, 0, 583, 8151, 7.92, 145.00, 210, 405, 1, 8
2026-09-02T11:43:57.9556688+07:00,2026/09/02 11:43:57.986, NVIDIA GeForce RTX 5060, 591.86, P8, 29, 0, 583, 8151, 7.96, 145.00, 210, 405, 1, 8
2026-09-02T11:44:03.0141981+07:00,2026/09/02 11:44:03.045, NVIDIA GeForce RTX 5060, 591.86, P8, 29, 0, 583, 8151, 8.44, 145.00, 210, 405, 1, 8
2026-09-02T11:44:08.0644557+07:00,2026/09/02 11:44:08.110, NVIDIA GeForce RTX 5060, 591.86, P8, 29, 0, 583, 8151, 7.90, 145.00, 210, 405, 1, 8
2026-09-02T11:44:13.1302510+07:00,2026/09/02 11:44:13.161, NVIDIA GeForce RTX 5060, 591.86, P8, 29, 0, 583, 8151, 8.03, 145.00, 210, 405, 1, 8
2026-09-02T11:44:18.1808444+07:00,2026/09/02 11:44:18.227, NVIDIA GeForce RTX 5060, 591.86, P8, 29, 0, 583, 8151, 8.29, 145.00, 210, 405, 1, 8
2026-09-02T11:44:23.3181082+07:00,2026/09/02 11:44:23.364, NVIDIA GeForce RTX 5060, 591.86, P8, 29, 0, 583, 8151, 8.04, 145.00, 210, 405, 1, 8
2026-09-02T11:44:28.3852804+07:00,2026/09/02 11:44:28.431, NVIDIA GeForce RTX 5060, 591.86, P8, 29, 0, 583, 8151, 8.04, 145.00, 210, 405, 1, 8
2026-09-02T11:44:33.4522001+07:00,2026/09/02 11:44:33.483, NVIDIA GeForce RTX 5060, 591.86, P8, 29, 0, 583, 8151, 8.01, 145.00, 210, 405, 1, 8
2026-09-02T11:44:38.5012653+07:00,2026/09/02 11:44:38.532, NVIDIA GeForce RTX 5060, 591.86, P8, 29, 0, 583, 8151, 7.90, 145.00, 210, 405, 1, 8
2026-09-02T11:44:43.5569326+07:00,2026/09/02 11:44:43.587, NVIDIA GeForce RTX 5060, 591.86, P8, 29, 0, 583, 8151, 8.13, 145.00, 210, 405, 1, 8
2026-09-02T11:44:48.6076428+07:00,2026/09/02 11:44:48.638, NVIDIA GeForce RTX 5060, 591.86, P8, 29, 0, 583, 8151, 8.06, 145.00, 210, 405, 1, 8
2026-09-02T11:44:53.7212273+07:00,2026/09/02 11:44:53.752, NVIDIA GeForce RTX 5060, 591.86, P8, 29, 0, 583, 8151, 8.00, 145.00, 210, 405, 1, 8
2026-09-02T11:44:58.7732855+07:00,2026/09/02 11:44:58.804, NVIDIA GeForce RTX 5060, 591.86, P8, 29, 0, 583, 8151, 7.99, 145.00, 210, 405, 1, 8
2026-09-02T11:45:03.8165741+07:00,2026/09/02 11:45:03.847, NVIDIA GeForce RTX 5060, 591.86, P8, 29, 0, 583, 8151, 8.30, 145.00, 210, 405, 1, 8
2026-09-02T11:45:08.8682999+07:00,2026/09/02 11:45:08.899, NVIDIA GeForce RTX 5060, 591.86, P8, 29, 0, 583, 8151, 7.95, 145.00, 210, 405, 1, 8
2026-09-02T11:45:13.9196591+07:00,2026/09/02 11:45:13.966, NVIDIA GeForce RTX 5060, 591.86, P8, 29, 0, 583, 8151, 7.92, 145.00, 210, 405, 1, 8
2026-09-02T11:45:18.9860303+07:00,2026/09/02 11:45:19.017, NVIDIA GeForce RTX 5060, 591.86, P8, 29, 0, 583, 8151, 8.37, 145.00, 210, 405, 1, 8
2026-09-02T11:45:24.1006034+07:00,2026/09/02 11:45:24.131, NVIDIA GeForce RTX 5060, 591.86, P8, 29, 0, 583, 8151, 7.97, 145.00, 210, 405, 1, 8
2026-09-02T11:45:29.1513340+07:00,2026/09/02 11:45:29.182, NVIDIA GeForce RTX 5060, 591.86, P8, 29, 0, 583, 8151, 7.91, 145.00, 210, 405, 1, 8
2026-09-02T11:45:34.2022089+07:00,2026/09/02 11:45:34.233, NVIDIA GeForce RTX 5060, 591.86, P8, 29, 0, 583, 8151, 8.10, 145.00, 210, 405, 1, 8
2026-09-02T11:45:39.2516946+07:00,2026/09/02 11:45:39.282, NVIDIA GeForce RTX 5060, 591.86, P8, 29, 0, 583, 8151, 7.91, 145.00, 210, 405, 1, 8
2026-09-02T11:45:44.3075180+07:00,2026/09/02 11:45:44.338, NVIDIA GeForce RTX 5060, 591.86, P8, 29, 0, 583, 8151, 8.12, 145.00, 210, 405, 1, 8
2026-09-02T11:45:49.3574733+07:00,2026/09/02 11:45:49.388, NVIDIA GeForce RTX 5060, 591.86, P8, 29, 0, 583, 8151, 7.92, 145.00, 210, 405, 1, 8
2026-09-02T11:45:54.4702295+07:00,2026/09/02 11:45:54.516, NVIDIA GeForce RTX 5060, 591.86, P8, 29, 0, 583, 8151, 8.03, 145.00, 210, 405, 1, 8
2026-09-02T11:45:59.5367783+07:00,2026/09/02 11:45:59.567, NVIDIA GeForce RTX 5060, 591.86, P8, 29, 0, 583, 8151, 7.98, 145.00, 210, 405, 1, 8
2026-09-02T11:46:04.5938422+07:00,2026/09/02 11:46:04.624, NVIDIA GeForce RTX 5060, 591.86, P8, 29, 0, 583, 8151, 8.32, 145.00, 210, 405, 1, 8
2026-09-02T11:46:09.6455129+07:00,2026/09/02 11:46:09.676, NVIDIA GeForce RTX 5060, 591.86, P8, 29, 0, 583, 8151, 7.95, 145.00, 210, 405, 1, 8
2026-09-02T11:46:14.6959870+07:00,2026/09/02 11:46:14.742, NVIDIA GeForce RTX 5060, 591.86, P8, 29, 0, 583, 8151, 8.15, 145.00, 210, 405, 1, 8
2026-09-02T11:46:19.7614453+07:00,2026/09/02 11:46:19.807, NVIDIA GeForce RTX 5060, 591.86, P8, 29, 0, 583, 8151, 8.59, 145.00, 210, 405, 1, 8
2026-09-02T11:46:24.8764860+07:00,2026/09/02 11:46:24.907, NVIDIA GeForce RTX 5060, 591.86, P8, 29, 0, 583, 8151, 8.10, 145.00, 210, 405, 1, 8
2026-09-02T11:46:29.9281113+07:00,2026/09/02 11:46:29.959, NVIDIA GeForce RTX 5060, 591.86, P8, 29, 0, 583, 8151, 8.01, 145.00, 210, 405, 1, 8
2026-09-02T11:46:34.9798069+07:00,2026/09/02 11:46:35.010, NVIDIA GeForce RTX 5060, 591.86, P8, 29, 0, 583, 8151, 8.07, 145.00, 210, 405, 1, 8
2026-09-02T11:46:40.0311418+07:00,2026/09/02 11:46:40.061, NVIDIA GeForce RTX 5060, 591.86, P8, 29, 0, 583, 8151, 8.00, 145.00, 202, 405, 1, 8
2026-09-02T11:46:45.0922727+07:00,2026/09/02 11:46:45.122, NVIDIA GeForce RTX 5060, 591.86, P8, 29, 0, 583, 8151, 8.04, 145.00, 210, 405, 1, 8
2026-09-02T11:46:50.1439472+07:00,2026/09/02 11:46:50.190, NVIDIA GeForce RTX 5060, 591.86, P8, 29, 0, 583, 8151, 7.90, 145.00, 210, 405, 1, 8
2026-09-02T11:46:55.2722588+07:00,2026/09/02 11:46:55.318, NVIDIA GeForce RTX 5060, 591.86, P8, 29, 0, 583, 8151, 8.28, 145.00, 210, 405, 1, 8
2026-09-02T11:47:00.3389603+07:00,2026/09/02 11:47:00.385, NVIDIA GeForce RTX 5060, 591.86, P8, 29, 0, 583, 8151, 8.05, 145.00, 210, 405, 1, 8
2026-09-02T11:47:05.4130097+07:00,2026/09/02 11:47:05.459, NVIDIA GeForce RTX 5060, 591.86, P8, 29, 0, 583, 8151, 8.41, 145.00, 210, 405, 1, 8
2026-09-02T11:47:10.4958325+07:00,2026/09/02 11:47:10.526, NVIDIA GeForce RTX 5060, 591.86, P8, 29, 0, 583, 8151, 7.87, 145.00, 210, 405, 1, 8
2026-09-02T11:47:15.5464668+07:00,2026/09/02 11:47:15.592, NVIDIA GeForce RTX 5060, 591.86, P8, 29, 0, 583, 8151, 8.03, 145.00, 210, 405, 1, 8
2026-09-02T11:47:20.6133357+07:00,2026/09/02 11:47:20.644, NVIDIA GeForce RTX 5060, 591.86, P8, 29, 0, 583, 8151, 7.96, 145.00, 210, 405, 1, 8
2026-09-02T11:47:25.7362084+07:00,2026/09/02 11:47:25.767, NVIDIA GeForce RTX 5060, 591.86, P8, 29, 0, 583, 8151, 7.97, 145.00, 210, 405, 1, 8
2026-09-02T11:47:30.7860824+07:00,2026/09/02 11:47:30.832, NVIDIA GeForce RTX 5060, 591.86, P8, 29, 0, 583, 8151, 7.89, 145.00, 210, 405, 1, 8
2026-09-02T11:47:35.8681345+07:00,2026/09/02 11:47:35.899, NVIDIA GeForce RTX 5060, 591.86, P8, 29, 0, 583, 8151, 8.12, 145.00, 210, 405, 1, 8
2026-09-02T11:47:40.9180421+07:00,2026/09/02 11:47:40.964, NVIDIA GeForce RTX 5060, 591.86, P8, 29, 0, 583, 8151, 7.89, 145.00, 210, 405, 1, 8
2026-09-02T11:47:45.9936490+07:00,2026/09/02 11:47:46.024, NVIDIA GeForce RTX 5060, 591.86, P8, 29, 0, 583, 8151, 7.93, 145.00, 210, 405, 1, 8
2026-09-02T11:47:51.0446985+07:00,2026/09/02 11:47:51.091, NVIDIA GeForce RTX 5060, 591.86, P8, 29, 0, 583, 8151, 7.91, 145.00, 210, 405, 1, 8
2026-09-02T11:47:56.1733159+07:00,2026/09/02 11:47:56.204, NVIDIA GeForce RTX 5060, 591.86, P8, 29, 0, 583, 8151, 7.99, 145.00, 210, 405, 1, 8
2026-09-02T11:48:01.2220768+07:00,2026/09/02 11:48:01.252, NVIDIA GeForce RTX 5060, 591.86, P8, 29, 1, 583, 8151, 7.99, 145.00, 210, 405, 1, 8
2026-09-02T11:48:06.2703401+07:00,2026/09/02 11:48:06.301, NVIDIA GeForce RTX 5060, 591.86, P8, 29, 0, 583, 8151, 7.73, 145.00, 210, 405, 1, 8
2026-09-02T11:48:11.3210916+07:00,2026/09/02 11:48:11.352, NVIDIA GeForce RTX 5060, 591.86, P8, 29, 0, 583, 8151, 7.92, 145.00, 210, 405, 1, 8
2026-09-02T11:48:16.3725201+07:00,2026/09/02 11:48:16.403, NVIDIA GeForce RTX 5060, 591.86, P8, 29, 0, 583, 8151, 7.76, 145.00, 210, 405, 1, 8
2026-09-02T11:48:21.4332102+07:00,2026/09/02 11:48:21.464, NVIDIA GeForce RTX 5060, 591.86, P8, 29, 0, 583, 8151, 8.00, 145.00, 210, 405, 1, 8
2026-09-02T11:48:26.5446065+07:00,2026/09/02 11:48:26.575, NVIDIA GeForce RTX 5060, 591.86, P8, 29, 0, 583, 8151, 7.88, 145.00, 210, 405, 1, 8
2026-09-02T11:48:31.5951831+07:00,2026/09/02 11:48:31.626, NVIDIA GeForce RTX 5060, 591.86, P8, 29, 0, 583, 8151, 7.73, 145.00, 210, 405, 1, 8
2026-09-02T11:48:36.6465698+07:00,2026/09/02 11:48:36.677, NVIDIA GeForce RTX 5060, 591.86, P8, 29, 0, 583, 8151, 7.86, 145.00, 210, 405, 1, 8
2026-09-02T11:48:41.7053124+07:00,2026/09/02 11:48:41.736, NVIDIA GeForce RTX 5060, 591.86, P8, 29, 0, 583, 8151, 7.91, 145.00, 202, 405, 1, 8
2026-09-02T11:48:46.7566935+07:00,2026/09/02 11:48:46.787, NVIDIA GeForce RTX 5060, 591.86, P8, 29, 0, 583, 8151, 7.77, 145.00, 210, 405, 1, 8
2026-09-02T11:48:51.8083401+07:00,2026/09/02 11:48:51.839, NVIDIA GeForce RTX 5060, 591.86, P8, 29, 0, 583, 8151, 7.84, 145.00, 210, 405, 1, 8
2026-09-02T11:48:56.9215902+07:00,2026/09/02 11:48:56.968, NVIDIA GeForce RTX 5060, 591.86, P8, 28, 0, 583, 8151, 7.75, 145.00, 210, 405, 1, 8
2026-09-02T11:49:02.0128963+07:00,2026/09/02 11:49:02.043, NVIDIA GeForce RTX 5060, 591.86, P8, 29, 0, 583, 8151, 8.44, 145.00, 210, 405, 1, 8
2026-09-02T11:49:07.0647512+07:00,2026/09/02 11:49:07.111, NVIDIA GeForce RTX 5060, 591.86, P8, 29, 0, 583, 8151, 7.74, 145.00, 210, 405, 1, 8
2026-09-02T11:49:12.1319022+07:00,2026/09/02 11:49:12.162, NVIDIA GeForce RTX 5060, 591.86, P8, 29, 0, 583, 8151, 7.84, 145.00, 210, 405, 1, 8
2026-09-02T11:49:17.1826113+07:00,2026/09/02 11:49:17.213, NVIDIA GeForce RTX 5060, 591.86, P8, 28, 0, 583, 8151, 7.73, 145.00, 210, 405, 1, 8
2026-09-02T11:49:22.2425402+07:00,2026/09/02 11:49:22.289, NVIDIA GeForce RTX 5060, 591.86, P8, 29, 0, 583, 8151, 7.99, 145.00, 210, 405, 1, 8
2026-09-02T11:49:27.3716479+07:00,2026/09/02 11:49:27.402, NVIDIA GeForce RTX 5060, 591.86, P8, 29, 0, 583, 8151, 8.04, 145.00, 210, 405, 1, 8
2026-09-02T11:49:32.4241059+07:00,2026/09/02 11:49:32.455, NVIDIA GeForce RTX 5060, 591.86, P8, 29, 0, 583, 8151, 7.71, 145.00, 210, 405, 1, 8
2026-09-02T11:49:37.4739982+07:00,2026/09/02 11:49:37.504, NVIDIA GeForce RTX 5060, 591.86, P8, 29, 0, 583, 8151, 7.93, 145.00, 210, 405, 1, 8
2026-09-02T11:49:42.5338910+07:00,2026/09/02 11:49:42.564, NVIDIA GeForce RTX 5060, 591.86, P8, 29, 0, 583, 8151, 8.02, 145.00, 210, 405, 1, 8
2026-09-02T11:49:47.5840059+07:00,2026/09/02 11:49:47.630, NVIDIA GeForce RTX 5060, 591.86, P8, 29, 0, 583, 8151, 7.95, 145.00, 210, 405, 1, 8
2026-09-02T11:49:52.6497046+07:00,2026/09/02 11:49:52.680, NVIDIA GeForce RTX 5060, 591.86, P8, 28, 0, 583, 8151, 8.12, 145.00, 210, 405, 1, 8
2026-09-02T11:49:57.7602364+07:00,2026/09/02 11:49:57.805, NVIDIA GeForce RTX 5060, 591.86, P8, 28, 0, 583, 8151, 7.96, 145.00, 210, 405, 1, 8
2026-09-02T11:50:02.8226861+07:00,2026/09/02 11:50:02.853, NVIDIA GeForce RTX 5060, 591.86, P8, 29, 0, 583, 8151, 8.48, 145.00, 210, 405, 1, 8
2026-09-02T11:50:07.8721945+07:00,2026/09/02 11:50:07.903, NVIDIA GeForce RTX 5060, 591.86, P8, 29, 0, 583, 8151, 7.92, 145.00, 210, 405, 1, 8
2026-09-02T11:50:12.9234237+07:00,2026/09/02 11:50:12.954, NVIDIA GeForce RTX 5060, 591.86, P8, 29, 0, 583, 8151, 7.90, 145.00, 210, 405, 1, 8
2026-09-02T11:50:17.9838209+07:00,2026/09/02 11:50:18.014, NVIDIA GeForce RTX 5060, 591.86, P8, 29, 0, 583, 8151, 8.06, 145.00, 210, 405, 1, 8
2026-09-02T11:50:23.0349543+07:00,2026/09/02 11:50:23.065, NVIDIA GeForce RTX 5060, 591.86, P8, 28, 0, 583, 8151, 7.84, 145.00, 210, 405, 1, 8
2026-09-02T11:50:28.1638391+07:00,2026/09/02 11:50:28.194, NVIDIA GeForce RTX 5060, 591.86, P8, 28, 0, 583, 8151, 7.80, 145.00, 210, 405, 1, 8
2026-09-02T11:50:33.2153299+07:00,2026/09/02 11:50:33.246, NVIDIA GeForce RTX 5060, 591.86, P8, 29, 0, 583, 8151, 7.86, 145.00, 210, 405, 1, 8
2026-09-02T11:50:38.2742225+07:00,2026/09/02 11:50:38.305, NVIDIA GeForce RTX 5060, 591.86, P8, 28, 0, 583, 8151, 7.83, 145.00, 210, 405, 1, 8
2026-09-02T11:50:43.3257232+07:00,2026/09/02 11:50:43.356, NVIDIA GeForce RTX 5060, 591.86, P8, 28, 0, 583, 8151, 7.83, 145.00, 210, 405, 1, 8
2026-09-02T11:50:48.3765816+07:00,2026/09/02 11:50:48.407, NVIDIA GeForce RTX 5060, 591.86, P8, 29, 0, 583, 8151, 7.88, 145.00, 210, 405, 1, 8
2026-09-02T11:50:53.4281395+07:00,2026/09/02 11:50:53.459, NVIDIA GeForce RTX 5060, 591.86, P8, 28, 0, 583, 8151, 7.77, 145.00, 210, 405, 1, 8
2026-09-02T11:50:58.5490232+07:00,2026/09/02 11:50:58.580, NVIDIA GeForce RTX 5060, 591.86, P8, 28, 0, 583, 8151, 7.89, 145.00, 210, 405, 1, 8
2026-09-02T11:51:03.5992493+07:00,2026/09/02 11:51:03.630, NVIDIA GeForce RTX 5060, 591.86, P8, 29, 0, 583, 8151, 8.14, 145.00, 210, 405, 1, 8
2026-09-02T11:51:08.6501928+07:00,2026/09/02 11:51:08.681, NVIDIA GeForce RTX 5060, 591.86, P8, 28, 0, 583, 8151, 7.74, 145.00, 210, 405, 1, 8
2026-09-02T11:51:13.7011124+07:00,2026/09/02 11:51:13.747, NVIDIA GeForce RTX 5060, 591.86, P8, 29, 0, 583, 8151, 7.91, 145.00, 210, 405, 1, 8
2026-09-02T11:51:18.7757607+07:00,2026/09/02 11:51:18.822, NVIDIA GeForce RTX 5060, 591.86, P8, 29, 0, 583, 8151, 8.45, 145.00, 210, 405, 1, 8
2026-09-02T11:51:23.8428830+07:00,2026/09/02 11:51:23.873, NVIDIA GeForce RTX 5060, 591.86, P8, 28, 0, 583, 8151, 7.89, 145.00, 210, 405, 1, 8
2026-09-02T11:51:28.9557277+07:00,2026/09/02 11:51:28.986, NVIDIA GeForce RTX 5060, 591.86, P8, 28, 0, 583, 8151, 7.75, 145.00, 210, 405, 1, 8
2026-09-02T11:51:34.0069348+07:00,2026/09/02 11:51:34.037, NVIDIA GeForce RTX 5060, 591.86, P8, 28, 0, 583, 8151, 7.76, 145.00, 210, 405, 1, 8
2026-09-02T11:51:39.0678794+07:00,2026/09/02 11:51:39.098, NVIDIA GeForce RTX 5060, 591.86, P8, 28, 0, 583, 8151, 7.74, 145.00, 210, 405, 1, 8
2026-09-02T11:51:44.1176484+07:00,2026/09/02 11:51:44.164, NVIDIA GeForce RTX 5060, 591.86, P8, 28, 0, 583, 8151, 7.81, 145.00, 210, 405, 1, 8
2026-09-02T11:51:49.1843822+07:00,2026/09/02 11:51:49.230, NVIDIA GeForce RTX 5060, 591.86, P8, 28, 0, 583, 8151, 7.72, 145.00, 210, 405, 1, 8
2026-09-02T11:51:54.2521218+07:00,2026/09/02 11:51:54.282, NVIDIA GeForce RTX 5060, 591.86, P8, 28, 0, 583, 8151, 7.86, 145.00, 210, 405, 1, 8
2026-09-02T11:51:59.3588770+07:00,2026/09/02 11:51:59.389, NVIDIA GeForce RTX 5060, 591.86, P8, 28, 0, 583, 8151, 7.85, 145.00, 210, 405, 1, 8
2026-09-02T11:52:04.4093498+07:00,2026/09/02 11:52:04.455, NVIDIA GeForce RTX 5060, 591.86, P8, 29, 0, 583, 8151, 8.28, 145.00, 210, 405, 1, 8
2026-09-02T11:52:09.4761468+07:00,2026/09/02 11:52:09.507, NVIDIA GeForce RTX 5060, 591.86, P8, 29, 0, 583, 8151, 7.96, 145.00, 210, 405, 1, 8
2026-09-02T11:52:14.5249905+07:00,2026/09/02 11:52:14.555, NVIDIA GeForce RTX 5060, 591.86, P8, 29, 0, 583, 8151, 8.00, 145.00, 210, 405, 1, 8
2026-09-02T11:52:19.5827527+07:00,2026/09/02 11:52:19.613, NVIDIA GeForce RTX 5060, 591.86, P8, 29, 0, 583, 8151, 8.39, 145.00, 202, 405, 1, 8
2026-09-02T11:52:24.6344674+07:00,2026/09/02 11:52:24.665, NVIDIA GeForce RTX 5060, 591.86, P8, 29, 0, 583, 8151, 7.78, 145.00, 210, 405, 1, 8
2026-09-02T11:52:29.7482404+07:00,2026/09/02 11:52:29.779, NVIDIA GeForce RTX 5060, 591.86, P8, 28, 0, 583, 8151, 7.77, 145.00, 210, 405, 1, 8
2026-09-02T11:52:34.7987414+07:00,2026/09/02 11:52:34.829, NVIDIA GeForce RTX 5060, 591.86, P8, 28, 0, 583, 8151, 7.78, 145.00, 210, 405, 1, 8
2026-09-02T11:52:39.8562558+07:00,2026/09/02 11:52:39.887, NVIDIA GeForce RTX 5060, 591.86, P8, 29, 0, 583, 8151, 7.80, 145.00, 210, 405, 1, 8
2026-09-02T11:52:44.9069999+07:00,2026/09/02 11:52:44.938, NVIDIA GeForce RTX 5060, 591.86, P8, 28, 0, 583, 8151, 7.81, 145.00, 210, 405, 1, 8
2026-09-02T11:52:49.9558180+07:00,2026/09/02 11:52:49.986, NVIDIA GeForce RTX 5060, 591.86, P8, 29, 0, 583, 8151, 7.84, 145.00, 210, 405, 1, 8
2026-09-02T11:52:55.0067354+07:00,2026/09/02 11:52:55.053, NVIDIA GeForce RTX 5060, 591.86, P8, 28, 0, 583, 8151, 7.94, 145.00, 210, 405, 1, 8
2026-09-02T11:53:00.1433976+07:00,2026/09/02 11:53:00.174, NVIDIA GeForce RTX 5060, 591.86, P8, 28, 0, 583, 8151, 7.93, 145.00, 210, 405, 1, 8
2026-09-02T11:53:05.1955672+07:00,2026/09/02 11:53:05.242, NVIDIA GeForce RTX 5060, 591.86, P8, 29, 0, 583, 8151, 8.35, 145.00, 210, 405, 1, 8
2026-09-02T11:53:10.2632836+07:00,2026/09/02 11:53:10.294, NVIDIA GeForce RTX 5060, 591.86, P8, 28, 0, 583, 8151, 7.87, 145.00, 210, 405, 1, 8
2026-09-02T11:53:15.3143800+07:00,2026/09/02 11:53:15.345, NVIDIA GeForce RTX 5060, 591.86, P8, 28, 0, 583, 8151, 7.65, 145.00, 210, 405, 1, 8
2026-09-02T11:53:20.3683348+07:00,2026/09/02 11:53:20.399, NVIDIA GeForce RTX 5060, 591.86, P8, 28, 0, 583, 8151, 7.78, 145.00, 210, 405, 1, 8
2026-09-02T11:53:25.4190409+07:00,2026/09/02 11:53:25.450, NVIDIA GeForce RTX 5060, 591.86, P8, 28, 0, 583, 8151, 7.79, 145.00, 210, 405, 1, 8
2026-09-02T11:53:30.5321475+07:00,2026/09/02 11:53:30.563, NVIDIA GeForce RTX 5060, 591.86, P8, 28, 0, 583, 8151, 7.89, 145.00, 210, 405, 1, 8
2026-09-02T11:53:35.5834224+07:00,2026/09/02 11:53:35.614, NVIDIA GeForce RTX 5060, 591.86, P8, 28, 0, 583, 8151, 7.98, 145.00, 210, 405, 1, 8
2026-09-02T11:53:40.6423724+07:00,2026/09/02 11:53:40.673, NVIDIA GeForce RTX 5060, 591.86, P8, 28, 0, 583, 8151, 7.73, 145.00, 210, 405, 1, 8
2026-09-02T11:53:45.6935430+07:00,2026/09/02 11:53:45.724, NVIDIA GeForce RTX 5060, 591.86, P8, 28, 0, 583, 8151, 7.67, 145.00, 210, 405, 1, 8
2026-09-02T11:53:50.7458162+07:00,2026/09/02 11:53:50.776, NVIDIA GeForce RTX 5060, 591.86, P8, 28, 0, 583, 8151, 7.72, 145.00, 210, 405, 1, 8
2026-09-02T11:53:55.7947912+07:00,2026/09/02 11:53:55.825, NVIDIA GeForce RTX 5060, 591.86, P8, 28, 0, 583, 8151, 7.76, 145.00, 210, 405, 1, 8
2026-09-02T11:54:00.9185293+07:00,2026/09/02 11:54:00.965, NVIDIA GeForce RTX 5060, 591.86, P8, 28, 0, 583, 8151, 7.90, 145.00, 210, 405, 1, 8
2026-09-02T11:54:05.9844693+07:00,2026/09/02 11:54:06.015, NVIDIA GeForce RTX 5060, 591.86, P1, 29, 0, 583, 8151, 11.60, 145.00, 210, 14001, 4, 8
2026-09-02T11:54:11.0345765+07:00,2026/09/02 11:54:11.065, NVIDIA GeForce RTX 5060, 591.86, P8, 29, 0, 583, 8151, 8.06, 145.00, 210, 405, 1, 8
2026-09-02T11:54:16.0821077+07:00,2026/09/02 11:54:16.112, NVIDIA GeForce RTX 5060, 591.86, P8, 29, 0, 583, 8151, 7.96, 145.00, 210, 405, 1, 8
2026-09-02T11:54:21.1292636+07:00,2026/09/02 11:54:21.160, NVIDIA GeForce RTX 5060, 591.86, P8, 28, 0, 583, 8151, 7.94, 145.00, 210, 405, 1, 8
2026-09-02T11:54:26.1801098+07:00,2026/09/02 11:54:26.211, NVIDIA GeForce RTX 5060, 591.86, P8, 29, 0, 583, 8151, 7.90, 145.00, 210, 405, 1, 8
2026-09-02T11:54:31.2934945+07:00,2026/09/02 11:54:31.324, NVIDIA GeForce RTX 5060, 591.86, P8, 29, 0, 583, 8151, 7.78, 145.00, 210, 405, 1, 8
2026-09-02T11:54:36.3429831+07:00,2026/09/02 11:54:36.373, NVIDIA GeForce RTX 5060, 591.86, P8, 29, 0, 583, 8151, 7.90, 145.00, 210, 405, 1, 8
2026-09-02T11:54:41.3951574+07:00,2026/09/02 11:54:41.426, NVIDIA GeForce RTX 5060, 591.86, P8, 29, 0, 583, 8151, 7.68, 145.00, 210, 405, 1, 8
2026-09-02T11:54:46.4452888+07:00,2026/09/02 11:54:46.476, NVIDIA GeForce RTX 5060, 591.86, P8, 29, 0, 583, 8151, 7.95, 145.00, 210, 405, 1, 8
2026-09-02T11:54:51.4967980+07:00,2026/09/02 11:54:51.527, NVIDIA GeForce RTX 5060, 591.86, P8, 29, 0, 583, 8151, 7.98, 145.00, 210, 405, 1, 8
2026-09-02T11:54:56.5546593+07:00,2026/09/02 11:54:56.585, NVIDIA GeForce RTX 5060, 591.86, P8, 29, 0, 583, 8151, 8.04, 145.00, 210, 405, 1, 8
2026-09-02T11:55:01.6681626+07:00,2026/09/02 11:55:01.698, NVIDIA GeForce RTX 5060, 591.86, P8, 29, 0, 583, 8151, 8.16, 145.00, 210, 405, 1, 8
2026-09-02T11:55:06.7186873+07:00,2026/09/02 11:55:06.749, NVIDIA GeForce RTX 5060, 591.86, P8, 29, 0, 583, 8151, 7.95, 145.00, 210, 405, 1, 8
2026-09-02T11:55:11.7681900+07:00,2026/09/02 11:55:11.830, NVIDIA GeForce RTX 5060, 591.86, P8, 29, 0, 583, 8151, 7.72, 145.00, 210, 405, 1, 8
2026-09-02T11:55:16.8564156+07:00,2026/09/02 11:55:16.887, NVIDIA GeForce RTX 5060, 591.86, P8, 28, 0, 583, 8151, 7.94, 145.00, 210, 405, 1, 8
2026-09-02T11:55:21.9061288+07:00,2026/09/02 11:55:21.937, NVIDIA GeForce RTX 5060, 591.86, P8, 29, 0, 583, 8151, 7.93, 145.00, 210, 405, 1, 8
2026-09-02T11:55:26.9571077+07:00,2026/09/02 11:55:27.003, NVIDIA GeForce RTX 5060, 591.86, P8, 28, 0, 583, 8151, 7.90, 145.00, 210, 405, 1, 8
2026-09-02T11:55:32.0849932+07:00,2026/09/02 11:55:32.115, NVIDIA GeForce RTX 5060, 591.86, P8, 28, 0, 583, 8151, 7.90, 145.00, 210, 405, 1, 8
2026-09-02T11:55:37.1458596+07:00,2026/09/02 11:55:37.176, NVIDIA GeForce RTX 5060, 591.86, P8, 29, 0, 583, 8151, 7.98, 145.00, 210, 405, 1, 8
2026-09-02T11:55:42.1957322+07:00,2026/09/02 11:55:42.226, NVIDIA GeForce RTX 5060, 591.86, P8, 28, 0, 583, 8151, 8.16, 145.00, 210, 405, 1, 8
2026-09-02T11:55:47.2483471+07:00,2026/09/02 11:55:47.279, NVIDIA GeForce RTX 5060, 591.86, P8, 28, 0, 583, 8151, 8.04, 145.00, 210, 405, 1, 8
2026-09-02T11:55:52.2997048+07:00,2026/09/02 11:55:52.330, NVIDIA GeForce RTX 5060, 591.86, P8, 28, 0, 583, 8151, 8.02, 145.00, 210, 405, 1, 8
2026-09-02T11:55:57.3440049+07:00,2026/09/02 11:55:57.375, NVIDIA GeForce RTX 5060, 591.86, P8, 28, 0, 583, 8151, 7.89, 145.00, 202, 405, 1, 8
2026-09-02T11:56:02.4572130+07:00,2026/09/02 11:56:02.488, NVIDIA GeForce RTX 5060, 591.86, P8, 29, 1, 583, 8151, 8.47, 145.00, 210, 405, 1, 8
2026-09-02T11:56:07.5092656+07:00,2026/09/02 11:56:07.539, NVIDIA GeForce RTX 5060, 591.86, P8, 28, 0, 583, 8151, 7.95, 145.00, 210, 405, 1, 8
2026-09-02T11:56:12.5574707+07:00,2026/09/02 11:56:12.588, NVIDIA GeForce RTX 5060, 591.86, P8, 28, 0, 583, 8151, 7.94, 145.00, 210, 405, 1, 8
2026-09-02T11:56:17.6018698+07:00,2026/09/02 11:56:17.648, NVIDIA GeForce RTX 5060, 591.86, P8, 28, 0, 583, 8151, 8.00, 145.00, 210, 405, 1, 8
2026-09-02T11:56:22.6684842+07:00,2026/09/02 11:56:22.699, NVIDIA GeForce RTX 5060, 591.86, P8, 28, 0, 583, 8151, 7.85, 145.00, 210, 405, 1, 8
2026-09-02T11:56:27.7187984+07:00,2026/09/02 11:56:27.765, NVIDIA GeForce RTX 5060, 591.86, P8, 28, 0, 583, 8151, 7.83, 145.00, 210, 405, 1, 8
2026-09-02T11:56:32.8570169+07:00,2026/09/02 11:56:32.888, NVIDIA GeForce RTX 5060, 591.86, P8, 28, 0, 583, 8151, 8.04, 145.00, 210, 405, 1, 8
2026-09-02T11:56:37.9093000+07:00,2026/09/02 11:56:37.940, NVIDIA GeForce RTX 5060, 591.86, P8, 28, 0, 583, 8151, 8.00, 145.00, 210, 405, 1, 8
2026-09-02T11:56:42.9615550+07:00,2026/09/02 11:56:42.992, NVIDIA GeForce RTX 5060, 591.86, P8, 29, 0, 583, 8151, 7.98, 145.00, 210, 405, 1, 8
2026-09-02T11:56:48.0116269+07:00,2026/09/02 11:56:48.060, NVIDIA GeForce RTX 5060, 591.86, P8, 28, 0, 583, 8151, 7.88, 145.00, 210, 405, 1, 8
2026-09-02T11:56:53.0742172+07:00,2026/09/02 11:56:53.105, NVIDIA GeForce RTX 5060, 591.86, P8, 28, 0, 583, 8151, 7.93, 145.00, 210, 405, 1, 8
2026-09-02T11:56:58.1244993+07:00,2026/09/02 11:56:58.155, NVIDIA GeForce RTX 5060, 591.86, P8, 29, 0, 583, 8151, 7.84, 145.00, 210, 405, 1, 8
2026-09-02T11:57:03.2337923+07:00,2026/09/02 11:57:03.264, NVIDIA GeForce RTX 5060, 591.86, P8, 29, 0, 583, 8151, 8.28, 145.00, 210, 405, 1, 8
2026-09-02T11:57:08.2843833+07:00,2026/09/02 11:57:08.330, NVIDIA GeForce RTX 5060, 591.86, P8, 28, 0, 583, 8151, 7.76, 145.00, 210, 405, 1, 8
2026-09-02T11:57:13.3592415+07:00,2026/09/02 11:57:13.390, NVIDIA GeForce RTX 5060, 591.86, P8, 28, 0, 583, 8151, 7.88, 145.00, 210, 405, 1, 8
2026-09-02T11:57:18.4072635+07:00,2026/09/02 11:57:18.453, NVIDIA GeForce RTX 5060, 591.86, P8, 29, 0, 583, 8151, 8.26, 145.00, 210, 405, 1, 8
2026-09-02T11:57:23.4722121+07:00,2026/09/02 11:57:23.503, NVIDIA GeForce RTX 5060, 591.86, P8, 28, 0, 583, 8151, 7.76, 145.00, 210, 405, 1, 8
2026-09-02T11:57:28.5225464+07:00,2026/09/02 11:57:28.569, NVIDIA GeForce RTX 5060, 591.86, P8, 28, 0, 583, 8151, 7.69, 145.00, 210, 405, 1, 8
2026-09-02T11:57:33.6582678+07:00,2026/09/02 11:57:33.689, NVIDIA GeForce RTX 5060, 591.86, P8, 28, 0, 583, 8151, 7.64, 145.00, 210, 405, 1, 8
2026-09-02T11:57:38.7095016+07:00,2026/09/02 11:57:38.740, NVIDIA GeForce RTX 5060, 591.86, P8, 28, 0, 583, 8151, 7.65, 145.00, 210, 405, 1, 8
2026-09-02T11:57:43.7611033+07:00,2026/09/02 11:57:43.792, NVIDIA GeForce RTX 5060, 591.86, P8, 28, 0, 583, 8151, 7.87, 145.00, 210, 405, 1, 8
2026-09-02T11:57:48.8108160+07:00,2026/09/02 11:57:48.857, NVIDIA GeForce RTX 5060, 591.86, P8, 28, 0, 583, 8151, 7.73, 145.00, 210, 405, 1, 8
2026-09-02T11:57:53.8858934+07:00,2026/09/02 11:57:53.916, NVIDIA GeForce RTX 5060, 591.86, P8, 29, 0, 583, 8151, 7.76, 145.00, 210, 405, 1, 8
2026-09-02T11:57:58.9367883+07:00,2026/09/02 11:57:58.967, NVIDIA GeForce RTX 5060, 591.86, P8, 28, 0, 583, 8151, 7.78, 145.00, 202, 405, 1, 8
2026-09-02T11:58:04.0656452+07:00,2026/09/02 11:58:04.096, NVIDIA GeForce RTX 5060, 591.86, P8, 28, 0, 583, 8151, 8.25, 145.00, 210, 405, 1, 8
2026-09-02T11:58:09.1146575+07:00,2026/09/02 11:58:09.145, NVIDIA GeForce RTX 5060, 591.86, P8, 28, 0, 583, 8151, 8.00, 145.00, 210, 405, 1, 8
2026-09-02T11:58:14.1711195+07:00,2026/09/02 11:58:14.202, NVIDIA GeForce RTX 5060, 591.86, P8, 28, 0, 583, 8151, 7.91, 145.00, 210, 405, 1, 8
2026-09-02T11:58:19.2211362+07:00,2026/09/02 11:58:19.252, NVIDIA GeForce RTX 5060, 591.86, P8, 28, 0, 583, 8151, 7.87, 145.00, 210, 405, 1, 8
2026-09-02T11:58:24.2720730+07:00,2026/09/02 11:58:24.318, NVIDIA GeForce RTX 5060, 591.86, P8, 28, 0, 583, 8151, 7.93, 145.00, 210, 405, 1, 8
2026-09-02T11:58:29.3391047+07:00,2026/09/02 11:58:29.370, NVIDIA GeForce RTX 5060, 591.86, P8, 28, 0, 583, 8151, 7.73, 145.00, 210, 405, 1, 8
2026-09-02T11:58:34.4602749+07:00,2026/09/02 11:58:34.490, NVIDIA GeForce RTX 5060, 591.86, P8, 28, 0, 583, 8151, 7.99, 145.00, 210, 405, 1, 8
2026-09-02T11:58:39.5115461+07:00,2026/09/02 11:58:39.542, NVIDIA GeForce RTX 5060, 591.86, P8, 28, 0, 583, 8151, 7.90, 145.00, 210, 405, 1, 8
2026-09-02T11:58:44.5630301+07:00,2026/09/02 11:58:44.593, NVIDIA GeForce RTX 5060, 591.86, P8, 28, 0, 583, 8151, 7.79, 145.00, 210, 405, 1, 8
2026-09-02T11:58:49.6130429+07:00,2026/09/02 11:58:49.659, NVIDIA GeForce RTX 5060, 591.86, P8, 28, 0, 583, 8151, 7.89, 145.00, 210, 405, 1, 8
2026-09-02T11:58:54.6739470+07:00,2026/09/02 11:58:54.704, NVIDIA GeForce RTX 5060, 591.86, P8, 28, 0, 583, 8151, 7.82, 145.00, 210, 405, 1, 8
2026-09-02T11:58:59.7252816+07:00,2026/09/02 11:58:59.756, NVIDIA GeForce RTX 5060, 591.86, P8, 28, 0, 583, 8151, 7.78, 145.00, 210, 405, 1, 8
2026-09-02T11:59:04.8369760+07:00,2026/09/02 11:59:04.867, NVIDIA GeForce RTX 5060, 591.86, P8, 28, 0, 583, 8151, 7.93, 145.00, 210, 405, 1, 8
2026-09-02T11:59:09.8845462+07:00,2026/09/02 11:59:09.915, NVIDIA GeForce RTX 5060, 591.86, P8, 28, 0, 583, 8151, 8.03, 145.00, 210, 405, 1, 8
2026-09-02T11:59:14.9467453+07:00,2026/09/02 11:59:14.977, NVIDIA GeForce RTX 5060, 591.86, P8, 28, 0, 583, 8151, 8.04, 145.00, 210, 405, 1, 8
2026-09-02T11:59:19.9979464+07:00,2026/09/02 11:59:20.028, NVIDIA GeForce RTX 5060, 591.86, P8, 28, 0, 583, 8151, 7.86, 145.00, 210, 405, 1, 8
2026-09-02T11:59:25.0647195+07:00,2026/09/02 11:59:25.095, NVIDIA GeForce RTX 5060, 591.86, P8, 28, 0, 583, 8151, 8.03, 145.00, 210, 405, 1, 8
2026-09-02T11:59:30.1251034+07:00,2026/09/02 11:59:30.170, NVIDIA GeForce RTX 5060, 591.86, P8, 28, 0, 583, 8151, 8.04, 145.00, 210, 405, 1, 8
2026-09-02T11:59:35.2370702+07:00,2026/09/02 11:59:35.268, NVIDIA GeForce RTX 5060, 591.86, P8, 28, 0, 583, 8151, 7.92, 145.00, 210, 405, 1, 8
2026-09-02T11:59:40.2886076+07:00,2026/09/02 11:59:40.319, NVIDIA GeForce RTX 5060, 591.86, P8, 28, 0, 583, 8151, 7.90, 145.00, 210, 405, 1, 8
2026-09-02T11:59:45.3398536+07:00,2026/09/02 11:59:45.370, NVIDIA GeForce RTX 5060, 591.86, P8, 28, 0, 583, 8151, 7.89, 145.00, 210, 405, 1, 8
2026-09-02T11:59:50.4008654+07:00,2026/09/02 11:59:50.431, NVIDIA GeForce RTX 5060, 591.86, P8, 28, 0, 583, 8151, 7.94, 145.00, 210, 405, 1, 8
2026-09-02T11:59:55.4525424+07:00,2026/09/02 11:59:55.483, NVIDIA GeForce RTX 5060, 591.86, P8, 28, 0, 583, 8151, 7.86, 145.00, 210, 405, 1, 8
2026-09-02T12:00:00.5036684+07:00,2026/09/02 12:00:00.534, NVIDIA GeForce RTX 5060, 591.86, P8, 28, 1, 583, 8151, 7.84, 145.00, 210, 405, 1, 8
2026-09-02T12:00:05.6621920+07:00,2026/09/02 12:00:05.693, NVIDIA GeForce RTX 5060, 591.86, P8, 28, 0, 583, 8151, 7.83, 145.00, 210, 405, 4, 8
2026-09-02T12:00:10.7241930+07:00,2026/09/02 12:00:10.755, NVIDIA GeForce RTX 5060, 591.86, P1, 29, 0, 583, 8151, 8.29, 145.00, 210, 14001, 4, 8
2026-09-02T12:00:15.7744128+07:00,2026/09/02 12:00:15.805, NVIDIA GeForce RTX 5060, 591.86, P1, 29, 0, 583, 8151, 8.94, 145.00, 210, 14001, 4, 8
2026-09-02T12:00:20.8257549+07:00,2026/09/02 12:00:20.856, NVIDIA GeForce RTX 5060, 591.86, P1, 29, 0, 583, 8151, 8.20, 145.00, 210, 14001, 4, 8
2026-09-02T12:00:25.8763686+07:00,2026/09/02 12:00:25.907, NVIDIA GeForce RTX 5060, 591.86, P1, 29, 0, 583, 8151, 9.02, 145.00, 210, 14001, 4, 8
2026-09-02T12:00:30.9318953+07:00,2026/09/02 12:00:30.962, NVIDIA GeForce RTX 5060, 591.86, P1, 29, 0, 583, 8151, 9.82, 145.00, 210, 14001, 4, 8
2026-09-02T12:00:36.0597957+07:00,2026/09/02 12:00:36.090, NVIDIA GeForce RTX 5060, 591.86, P1, 29, 0, 583, 8151, 10.56, 145.00, 210, 14001, 4, 8
2026-09-02T12:00:41.1111244+07:00,2026/09/02 12:00:41.142, NVIDIA GeForce RTX 5060, 591.86, P1, 29, 0, 583, 8151, 11.35, 145.00, 210, 14001, 4, 8
2026-09-02T12:00:46.1625136+07:00,2026/09/02 12:00:46.193, NVIDIA GeForce RTX 5060, 591.86, P1, 29, 0, 583, 8151, 11.94, 145.00, 210, 14001, 4, 8
2026-09-02T12:00:51.2239864+07:00,2026/09/02 12:00:51.254, NVIDIA GeForce RTX 5060, 591.86, P5, 29, 0, 583, 8151, 15.28, 145.00, 210, 14001, 2, 8
2026-09-02T12:00:56.2744582+07:00,2026/09/02 12:00:56.305, NVIDIA GeForce RTX 5060, 591.86, P5, 29, 0, 583, 8151, 14.88, 145.00, 210, 810, 2, 8
2026-09-02T12:01:01.3414874+07:00,2026/09/02 12:01:01.372, NVIDIA GeForce RTX 5060, 591.86, P5, 29, 0, 583, 8151, 13.49, 145.00, 217, 810, 2, 8
2026-09-02T12:01:06.4699493+07:00,2026/09/02 12:01:06.500, NVIDIA GeForce RTX 5060, 591.86, P5, 29, 0, 583, 8151, 11.86, 145.00, 210, 810, 2, 8
2026-09-02T12:01:11.5278957+07:00,2026/09/02 12:01:11.558, NVIDIA GeForce RTX 5060, 591.86, P5, 29, 0, 583, 8151, 10.66, 145.00, 210, 810, 2, 8
2026-09-02T12:01:16.5797473+07:00,2026/09/02 12:01:16.610, NVIDIA GeForce RTX 5060, 591.86, P5, 29, 0, 583, 8151, 8.85, 145.00, 210, 810, 2, 8
2026-09-02T12:01:21.6310668+07:00,2026/09/02 12:01:21.662, NVIDIA GeForce RTX 5060, 591.86, P5, 29, 0, 583, 8151, 11.96, 145.00, 210, 810, 2, 8
2026-09-02T12:01:26.6961213+07:00,2026/09/02 12:01:26.727, NVIDIA GeForce RTX 5060, 591.86, P5, 29, 0, 583, 8151, 10.50, 145.00, 210, 810, 2, 8
2026-09-02T12:01:31.7436315+07:00,2026/09/02 12:01:31.774, NVIDIA GeForce RTX 5060, 591.86, P5, 29, 0, 583, 8151, 8.96, 145.00, 210, 810, 2, 8
2026-09-02T12:01:36.8562439+07:00,2026/09/02 12:01:36.887, NVIDIA GeForce RTX 5060, 591.86, P8, 29, 0, 583, 8151, 11.31, 145.00, 202, 810, 1, 8
2026-09-02T12:01:41.9076869+07:00,2026/09/02 12:01:41.954, NVIDIA GeForce RTX 5060, 591.86, P8, 29, 0, 583, 8151, 10.76, 145.00, 210, 810, 1, 8
2026-09-02T12:01:46.9751453+07:00,2026/09/02 12:01:47.006, NVIDIA GeForce RTX 5060, 591.86, P8, 29, 0, 583, 8151, 8.03, 145.00, 210, 810, 4, 8
2026-09-02T12:01:52.0287469+07:00,2026/09/02 12:01:52.059, NVIDIA GeForce RTX 5060, 591.86, P1, 29, 0, 583, 8151, 8.13, 145.00, 210, 810, 4, 8
2026-09-02T12:01:57.0810231+07:00,2026/09/02 12:01:57.112, NVIDIA GeForce RTX 5060, 591.86, P1, 29, 0, 583, 8151, 8.06, 145.00, 210, 405, 4, 8
2026-09-02T12:02:02.1327526+07:00,2026/09/02 12:02:02.163, NVIDIA GeForce RTX 5060, 591.86, P8, 29, 0, 583, 8151, 8.83, 145.00, 210, 810, 4, 8
2026-09-02T12:02:07.2444490+07:00,2026/09/02 12:02:07.275, NVIDIA GeForce RTX 5060, 591.86, P1, 29, 0, 583, 8151, 9.22, 145.00, 210, 14001, 4, 8
2026-09-02T12:02:12.3060330+07:00,2026/09/02 12:02:12.337, NVIDIA GeForce RTX 5060, 591.86, P1, 30, 0, 583, 8151, 9.87, 145.00, 210, 14001, 4, 8
2026-09-02T12:02:17.3571959+07:00,2026/09/02 12:02:17.388, NVIDIA GeForce RTX 5060, 591.86, P8, 29, 0, 583, 8151, 8.37, 145.00, 210, 405, 1, 8
2026-09-02T12:02:22.4084977+07:00,2026/09/02 12:02:22.439, NVIDIA GeForce RTX 5060, 591.86, P8, 29, 0, 583, 8151, 7.83, 145.00, 210, 405, 1, 8
2026-09-02T12:02:27.4591783+07:00,2026/09/02 12:02:27.490, NVIDIA GeForce RTX 5060, 591.86, P8, 29, 0, 583, 8151, 7.86, 145.00, 210, 405, 1, 8
2026-09-02T12:02:32.5185242+07:00,2026/09/02 12:02:32.565, NVIDIA GeForce RTX 5060, 591.86, P8, 29, 0, 583, 8151, 7.83, 145.00, 210, 405, 1, 8
2026-09-02T12:02:37.6465004+07:00,2026/09/02 12:02:37.677, NVIDIA GeForce RTX 5060, 591.86, P8, 29, 0, 583, 8151, 7.84, 145.00, 210, 405, 1, 8
2026-09-02T12:02:42.6973724+07:00,2026/09/02 12:02:42.728, NVIDIA GeForce RTX 5060, 591.86, P8, 29, 0, 583, 8151, 7.64, 145.00, 210, 405, 1, 8
2026-09-02T12:02:47.7451524+07:00,2026/09/02 12:02:47.776, NVIDIA GeForce RTX 5060, 591.86, P8, 29, 0, 583, 8151, 7.74, 145.00, 210, 405, 1, 8
2026-09-02T12:02:52.8023408+07:00,2026/09/02 12:02:52.848, NVIDIA GeForce RTX 5060, 591.86, P8, 29, 0, 583, 8151, 7.94, 145.00, 210, 405, 1, 8
2026-09-02T12:02:57.8698325+07:00,2026/09/02 12:02:57.900, NVIDIA GeForce RTX 5060, 591.86, P8, 29, 0, 583, 8151, 7.68, 145.00, 210, 405, 1, 8
2026-09-02T12:03:02.9228107+07:00,2026/09/02 12:03:02.953, NVIDIA GeForce RTX 5060, 591.86, P8, 29, 0, 583, 8151, 8.28, 145.00, 210, 405, 1, 8
2026-09-02T12:03:08.0352851+07:00,2026/09/02 12:03:08.081, NVIDIA GeForce RTX 5060, 591.86, P8, 29, 0, 583, 8151, 7.76, 145.00, 210, 405, 1, 8
2026-09-02T12:03:13.0956327+07:00,2026/09/02 12:03:13.142, NVIDIA GeForce RTX 5060, 591.86, P8, 29, 0, 583, 8151, 7.91, 145.00, 210, 405, 1, 8
2026-09-02T12:03:18.1625217+07:00,2026/09/02 12:03:18.193, NVIDIA GeForce RTX 5060, 591.86, P8, 29, 0, 583, 8151, 8.35, 145.00, 210, 405, 1, 8
2026-09-02T12:03:23.2151355+07:00,2026/09/02 12:03:23.246, NVIDIA GeForce RTX 5060, 591.86, P8, 29, 0, 583, 8151, 7.95, 145.00, 210, 405, 1, 8
2026-09-02T12:03:28.2808986+07:00,2026/09/02 12:03:28.311, NVIDIA GeForce RTX 5060, 591.86, P8, 29, 0, 583, 8151, 7.82, 145.00, 210, 405, 1, 8
2026-09-02T12:03:33.3432311+07:00,2026/09/02 12:03:33.374, NVIDIA GeForce RTX 5060, 591.86, P8, 29, 0, 583, 8151, 7.90, 145.00, 210, 405, 1, 8
2026-09-02T12:03:38.4569489+07:00,2026/09/02 12:03:38.503, NVIDIA GeForce RTX 5060, 591.86, P8, 29, 0, 583, 8151, 7.91, 145.00, 210, 405, 1, 8
2026-09-02T12:03:43.5249458+07:00,2026/09/02 12:03:43.555, NVIDIA GeForce RTX 5060, 591.86, P8, 29, 0, 583, 8151, 7.84, 145.00, 210, 405, 1, 8
2026-09-02T12:03:48.5736137+07:00,2026/09/02 12:03:48.604, NVIDIA GeForce RTX 5060, 591.86, P8, 29, 0, 583, 8151, 7.81, 145.00, 210, 405, 1, 8
2026-09-02T12:03:53.6362440+07:00,2026/09/02 12:03:53.667, NVIDIA GeForce RTX 5060, 591.86, P8, 29, 0, 583, 8151, 7.98, 145.00, 210, 405, 1, 8
2026-09-02T12:03:58.6878485+07:00,2026/09/02 12:03:58.718, NVIDIA GeForce RTX 5060, 591.86, P8, 29, 0, 583, 8151, 7.91, 145.00, 210, 405, 1, 8
2026-09-02T12:04:03.7389165+07:00,2026/09/02 12:04:03.769, NVIDIA GeForce RTX 5060, 591.86, P8, 29, 0, 583, 8151, 8.17, 145.00, 210, 405, 1, 8
2026-09-02T12:04:08.8623013+07:00,2026/09/02 12:04:08.907, NVIDIA GeForce RTX 5060, 591.86, P8, 29, 0, 583, 8151, 7.81, 145.00, 210, 405, 1, 8
2026-09-02T12:04:13.9273910+07:00,2026/09/02 12:04:13.958, NVIDIA GeForce RTX 5060, 591.86, P8, 29, 0, 583, 8151, 7.80, 145.00, 202, 405, 1, 8
2026-09-02T12:04:18.9783086+07:00,2026/09/02 12:04:19.008, NVIDIA GeForce RTX 5060, 591.86, P8, 29, 0, 583, 8151, 8.46, 145.00, 210, 405, 1, 8
2026-09-02T12:04:24.0290122+07:00,2026/09/02 12:04:24.060, NVIDIA GeForce RTX 5060, 591.86, P8, 29, 0, 583, 8151, 8.02, 145.00, 210, 405, 1, 8
2026-09-02T12:04:29.0900929+07:00,2026/09/02 12:04:29.120, NVIDIA GeForce RTX 5060, 591.86, P8, 29, 0, 583, 8151, 7.94, 145.00, 210, 405, 1, 8
2026-09-02T12:04:34.1400311+07:00,2026/09/02 12:04:34.171, NVIDIA GeForce RTX 5060, 591.86, P8, 29, 0, 583, 8151, 7.90, 145.00, 210, 405, 1, 8
2026-09-02T12:04:39.2522741+07:00,2026/09/02 12:04:39.283, NVIDIA GeForce RTX 5060, 591.86, P8, 29, 0, 583, 8151, 7.87, 145.00, 210, 405, 1, 8
2026-09-02T12:04:44.3029101+07:00,2026/09/02 12:04:44.333, NVIDIA GeForce RTX 5060, 591.86, P8, 29, 0, 583, 8151, 7.86, 145.00, 210, 405, 1, 8
2026-09-02T12:04:49.3651199+07:00,2026/09/02 12:04:49.396, NVIDIA GeForce RTX 5060, 591.86, P8, 29, 0, 583, 8151, 7.92, 145.00, 210, 405, 1, 8
2026-09-02T12:04:54.4161586+07:00,2026/09/02 12:04:54.447, NVIDIA GeForce RTX 5060, 591.86, P8, 29, 0, 583, 8151, 7.90, 145.00, 210, 405, 1, 8
2026-09-02T12:04:59.4680435+07:00,2026/09/02 12:04:59.514, NVIDIA GeForce RTX 5060, 591.86, P8, 29, 0, 583, 8151, 7.84, 145.00, 210, 405, 1, 8
2026-09-02T12:05:04.5346135+07:00,2026/09/02 12:05:04.565, NVIDIA GeForce RTX 5060, 591.86, P8, 29, 0, 583, 8151, 8.33, 145.00, 210, 405, 1, 8
2026-09-02T12:05:09.6548197+07:00,2026/09/02 12:05:09.685, NVIDIA GeForce RTX 5060, 591.86, P8, 29, 0, 583, 8151, 7.95, 145.00, 210, 405, 1, 8
2026-09-02T12:05:14.7062155+07:00,2026/09/02 12:05:14.737, NVIDIA GeForce RTX 5060, 591.86, P8, 29, 0, 583, 8151, 7.89, 145.00, 210, 405, 1, 8
2026-09-02T12:05:19.7581469+07:00,2026/09/02 12:05:19.789, NVIDIA GeForce RTX 5060, 591.86, P8, 29, 0, 583, 8151, 7.85, 145.00, 210, 405, 1, 8
2026-09-02T12:05:24.8085995+07:00,2026/09/02 12:05:24.839, NVIDIA GeForce RTX 5060, 591.86, P8, 29, 0, 583, 8151, 7.83, 145.00, 210, 405, 1, 8
2026-09-02T12:05:29.8688169+07:00,2026/09/02 12:05:29.899, NVIDIA GeForce RTX 5060, 591.86, P8, 29, 0, 583, 8151, 7.88, 145.00, 210, 405, 1, 8
2026-09-02T12:05:34.9193701+07:00,2026/09/02 12:05:34.950, NVIDIA GeForce RTX 5060, 591.86, P8, 29, 0, 583, 8151, 7.89, 145.00, 210, 405, 1, 8
2026-09-02T12:05:40.0324450+07:00,2026/09/02 12:05:40.063, NVIDIA GeForce RTX 5060, 591.86, P8, 29, 0, 583, 8151, 7.91, 145.00, 210, 405, 1, 8
2026-09-02T12:05:45.0805580+07:00,2026/09/02 12:05:45.126, NVIDIA GeForce RTX 5060, 591.86, P8, 28, 0, 583, 8151, 7.99, 145.00, 210, 405, 1, 8
2026-09-02T12:05:50.1495808+07:00,2026/09/02 12:05:50.180, NVIDIA GeForce RTX 5060, 591.86, P8, 28, 0, 583, 8151, 7.84, 145.00, 210, 405, 1, 8
2026-09-02T12:05:55.1870201+07:00,2026/09/02 12:05:55.248, NVIDIA GeForce RTX 5060, 591.86, P8, 29, 0, 583, 8151, 7.88, 145.00, 210, 405, 1, 8
2026-09-02T12:06:00.2672206+07:00,2026/09/02 12:06:00.312, NVIDIA GeForce RTX 5060, 591.86, P8, 28, 0, 583, 8151, 7.97, 145.00, 210, 405, 1, 8
2026-09-02T12:06:05.3179405+07:00,2026/09/02 12:06:05.348, NVIDIA GeForce RTX 5060, 591.86, P8, 29, 0, 583, 8151, 7.97, 145.00, 210, 405, 1, 8
2026-09-02T12:06:10.4913330+07:00,2026/09/02 12:06:10.537, NVIDIA GeForce RTX 5060, 591.86, P8, 29, 0, 583, 8151, 7.72, 145.00, 210, 405, 1, 8
2026-09-02T12:06:15.5535722+07:00,2026/09/02 12:06:15.584, NVIDIA GeForce RTX 5060, 591.86, P8, 29, 0, 583, 8151, 7.93, 145.00, 202, 405, 1, 8
2026-09-02T12:06:20.6051808+07:00,2026/09/02 12:06:20.636, NVIDIA GeForce RTX 5060, 591.86, P8, 29, 0, 583, 8151, 7.98, 145.00, 210, 405, 1, 8
2026-09-02T12:06:25.6565538+07:00,2026/09/02 12:06:25.687, NVIDIA GeForce RTX 5060, 591.86, P8, 29, 0, 583, 8151, 7.89, 145.00, 210, 405, 1, 8
2026-09-02T12:06:30.7042185+07:00,2026/09/02 12:06:30.735, NVIDIA GeForce RTX 5060, 591.86, P8, 28, 0, 583, 8151, 7.89, 145.00, 210, 405, 1, 8
2026-09-02T12:06:35.7555258+07:00,2026/09/02 12:06:35.786, NVIDIA GeForce RTX 5060, 591.86, P8, 28, 0, 583, 8151, 7.92, 145.00, 210, 405, 1, 8
2026-09-02T12:06:40.8684737+07:00,2026/09/02 12:06:40.899, NVIDIA GeForce RTX 5060, 591.86, P8, 28, 0, 583, 8151, 7.73, 145.00, 210, 405, 1, 8
2026-09-02T12:06:45.9191657+07:00,2026/09/02 12:06:45.950, NVIDIA GeForce RTX 5060, 591.86, P8, 28, 0, 583, 8151, 7.87, 145.00, 210, 405, 1, 8
2026-09-02T12:06:50.9806829+07:00,2026/09/02 12:06:51.011, NVIDIA GeForce RTX 5060, 591.86, P8, 28, 0, 583, 8151, 8.09, 145.00, 210, 405, 1, 8
2026-09-02T12:06:56.0315484+07:00,2026/09/02 12:06:56.062, NVIDIA GeForce RTX 5060, 591.86, P8, 28, 0, 583, 8151, 7.91, 145.00, 210, 405, 1, 8
2026-09-02T12:07:01.0840119+07:00,2026/09/02 12:07:01.130, NVIDIA GeForce RTX 5060, 591.86, P8, 28, 0, 583, 8151, 8.18, 145.00, 210, 405, 1, 8
2026-09-02T12:07:06.1656669+07:00,2026/09/02 12:07:06.196, NVIDIA GeForce RTX 5060, 591.86, P8, 28, 0, 583, 8151, 7.98, 145.00, 210, 405, 1, 8
2026-09-02T12:07:11.2853674+07:00,2026/09/02 12:07:11.316, NVIDIA GeForce RTX 5060, 591.86, P8, 28, 0, 583, 8151, 8.19, 145.00, 210, 405, 1, 8
2026-09-02T12:07:16.3353359+07:00,2026/09/02 12:07:16.366, NVIDIA GeForce RTX 5060, 591.86, P8, 29, 0, 583, 8151, 8.21, 145.00, 210, 405, 1, 8
2026-09-02T12:07:21.3863454+07:00,2026/09/02 12:07:21.417, NVIDIA GeForce RTX 5060, 591.86, P8, 28, 0, 583, 8151, 8.09, 145.00, 210, 405, 1, 8
2026-09-02T12:07:26.4368623+07:00,2026/09/02 12:07:26.467, NVIDIA GeForce RTX 5060, 591.86, P8, 28, 0, 583, 8151, 8.12, 145.00, 210, 405, 1, 8
2026-09-02T12:07:31.4982593+07:00,2026/09/02 12:07:31.529, NVIDIA GeForce RTX 5060, 591.86, P8, 28, 0, 583, 8151, 7.93, 145.00, 210, 405, 1, 8
2026-09-02T12:07:36.5495105+07:00,2026/09/02 12:07:36.580, NVIDIA GeForce RTX 5060, 591.86, P8, 28, 0, 583, 8151, 7.97, 145.00, 210, 405, 1, 8
2026-09-02T12:07:41.6629377+07:00,2026/09/02 12:07:41.693, NVIDIA GeForce RTX 5060, 591.86, P8, 28, 0, 583, 8151, 7.89, 145.00, 210, 405, 1, 8
2026-09-02T12:07:46.7127934+07:00,2026/09/02 12:07:46.743, NVIDIA GeForce RTX 5060, 591.86, P8, 28, 0, 583, 8151, 7.99, 145.00, 210, 405, 1, 8
2026-09-02T12:07:51.7600839+07:00,2026/09/02 12:07:51.806, NVIDIA GeForce RTX 5060, 591.86, P8, 28, 0, 583, 8151, 7.94, 145.00, 210, 405, 1, 8
2026-09-02T12:07:56.8276211+07:00,2026/09/02 12:07:56.873, NVIDIA GeForce RTX 5060, 591.86, P8, 28, 0, 583, 8151, 7.98, 145.00, 210, 405, 1, 8
2026-09-02T12:08:01.8938788+07:00,2026/09/02 12:08:01.924, NVIDIA GeForce RTX 5060, 591.86, P8, 28, 0, 583, 8151, 8.47, 145.00, 210, 405, 1, 8
2026-09-02T12:08:06.9443621+07:00,2026/09/02 12:08:06.975, NVIDIA GeForce RTX 5060, 591.86, P8, 28, 0, 583, 8151, 7.86, 145.00, 210, 405, 1, 8
2026-09-02T12:08:12.0760603+07:00,2026/09/02 12:08:12.107, NVIDIA GeForce RTX 5060, 591.86, P8, 28, 0, 583, 8151, 7.80, 145.00, 210, 405, 1, 8
2026-09-02T12:08:17.1258803+07:00,2026/09/02 12:08:17.156, NVIDIA GeForce RTX 5060, 591.86, P8, 28, 0, 583, 8151, 8.05, 145.00, 210, 405, 1, 8
2026-09-02T12:08:22.1767985+07:00,2026/09/02 12:08:22.207, NVIDIA GeForce RTX 5060, 591.86, P8, 28, 0, 583, 8151, 7.88, 145.00, 210, 405, 1, 8
2026-09-02T12:08:27.2259522+07:00,2026/09/02 12:08:27.256, NVIDIA GeForce RTX 5060, 591.86, P8, 28, 0, 583, 8151, 7.79, 145.00, 210, 405, 1, 8
2026-09-02T12:08:32.2823544+07:00,2026/09/02 12:08:32.328, NVIDIA GeForce RTX 5060, 591.86, P8, 28, 0, 583, 8151, 7.70, 145.00, 210, 405, 1, 8
2026-09-02T12:08:37.3497718+07:00,2026/09/02 12:08:37.380, NVIDIA GeForce RTX 5060, 591.86, P8, 28, 0, 583, 8151, 7.84, 145.00, 210, 405, 1, 8
2026-09-02T12:08:42.4624521+07:00,2026/09/02 12:08:42.493, NVIDIA GeForce RTX 5060, 591.86, P8, 28, 0, 583, 8151, 7.80, 145.00, 210, 405, 1, 8
2026-09-02T12:08:47.5139256+07:00,2026/09/02 12:08:47.544, NVIDIA GeForce RTX 5060, 591.86, P8, 28, 0, 583, 8151, 7.70, 145.00, 210, 405, 1, 8
2026-09-02T12:08:52.5733244+07:00,2026/09/02 12:08:52.619, NVIDIA GeForce RTX 5060, 591.86, P8, 28, 0, 583, 8151, 7.93, 145.00, 202, 405, 1, 8
2026-09-02T12:08:57.6401754+07:00,2026/09/02 12:08:57.671, NVIDIA GeForce RTX 5060, 591.86, P8, 28, 0, 583, 8151, 7.92, 145.00, 210, 405, 1, 8
2026-09-02T12:09:02.6913776+07:00,2026/09/02 12:09:02.722, NVIDIA GeForce RTX 5060, 591.86, P8, 28, 0, 583, 8151, 8.27, 145.00, 210, 405, 1, 8
2026-09-02T12:09:07.7410054+07:00,2026/09/02 12:09:07.772, NVIDIA GeForce RTX 5060, 591.86, P8, 28, 0, 583, 8151, 7.77, 145.00, 210, 405, 1, 8
2026-09-02T12:09:12.8632183+07:00,2026/09/02 12:09:12.894, NVIDIA GeForce RTX 5060, 591.86, P8, 28, 0, 583, 8151, 7.94, 145.00, 210, 405, 1, 8
2026-09-02T12:09:17.9142162+07:00,2026/09/02 12:09:17.945, NVIDIA GeForce RTX 5060, 591.86, P8, 28, 0, 583, 8151, 8.23, 145.00, 210, 405, 1, 8
2026-09-02T12:09:22.9649598+07:00,2026/09/02 12:09:22.995, NVIDIA GeForce RTX 5060, 591.86, P8, 28, 0, 583, 8151, 7.66, 145.00, 210, 405, 1, 8
2026-09-02T12:09:28.0170171+07:00,2026/09/02 12:09:28.063, NVIDIA GeForce RTX 5060, 591.86, P8, 28, 0, 583, 8151, 7.96, 145.00, 210, 405, 1, 8
2026-09-02T12:09:33.0926712+07:00,2026/09/02 12:09:33.123, NVIDIA GeForce RTX 5060, 591.86, P8, 28, 0, 583, 8151, 8.07, 145.00, 210, 405, 1, 8
2026-09-02T12:09:38.1438676+07:00,2026/09/02 12:09:38.174, NVIDIA GeForce RTX 5060, 591.86, P8, 28, 0, 583, 8151, 7.83, 145.00, 210, 405, 1, 8
2026-09-02T12:09:43.2570135+07:00,2026/09/02 12:09:43.288, NVIDIA GeForce RTX 5060, 591.86, P8, 28, 0, 583, 8151, 7.72, 145.00, 210, 405, 1, 8
2026-09-02T12:09:48.3062526+07:00,2026/09/02 12:09:48.337, NVIDIA GeForce RTX 5060, 591.86, P8, 28, 0, 583, 8151, 7.71, 145.00, 210, 405, 1, 8
2026-09-02T12:09:53.3656137+07:00,2026/09/02 12:09:53.396, NVIDIA GeForce RTX 5060, 591.86, P8, 28, 0, 583, 8151, 7.86, 145.00, 210, 405, 1, 8
2026-09-02T12:09:58.4161148+07:00,2026/09/02 12:09:58.447, NVIDIA GeForce RTX 5060, 591.86, P8, 28, 0, 583, 8151, 7.73, 145.00, 210, 405, 1, 8
2026-09-02T12:10:03.4670129+07:00,2026/09/02 12:10:03.513, NVIDIA GeForce RTX 5060, 591.86, P8, 28, 0, 583, 8151, 8.24, 145.00, 210, 405, 1, 8
2026-09-02T12:10:08.5455044+07:00,2026/09/02 12:10:08.590, NVIDIA GeForce RTX 5060, 591.86, P8, 28, 0, 583, 8151, 8.02, 145.00, 210, 405, 1, 8
2026-09-02T12:10:13.6567977+07:00,2026/09/02 12:10:13.687, NVIDIA GeForce RTX 5060, 591.86, P8, 28, 0, 583, 8151, 7.93, 145.00, 210, 405, 1, 8
2026-09-02T12:10:18.7067472+07:00,2026/09/02 12:10:18.753, NVIDIA GeForce RTX 5060, 591.86, P8, 28, 0, 583, 8151, 8.38, 145.00, 210, 405, 1, 8
2026-09-02T12:10:23.7725265+07:00,2026/09/02 12:10:23.819, NVIDIA GeForce RTX 5060, 591.86, P8, 28, 0, 583, 8151, 7.96, 145.00, 210, 405, 1, 8
2026-09-02T12:10:28.8454315+07:00,2026/09/02 12:10:28.876, NVIDIA GeForce RTX 5060, 591.86, P8, 28, 0, 583, 8151, 7.95, 145.00, 210, 405, 1, 8
2026-09-02T12:10:33.8961120+07:00,2026/09/02 12:10:33.927, NVIDIA GeForce RTX 5060, 591.86, P8, 28, 0, 583, 8151, 7.82, 145.00, 210, 405, 1, 8
2026-09-02T12:10:38.9476252+07:00,2026/09/02 12:10:38.978, NVIDIA GeForce RTX 5060, 591.86, P8, 28, 0, 583, 8151, 7.84, 145.00, 210, 405, 1, 8
2026-09-02T12:10:44.0752332+07:00,2026/09/02 12:10:44.106, NVIDIA GeForce RTX 5060, 591.86, P8, 28, 0, 583, 8151, 7.84, 145.00, 210, 405, 1, 8
2026-09-02T12:10:49.1364428+07:00,2026/09/02 12:10:49.167, NVIDIA GeForce RTX 5060, 591.86, P8, 28, 0, 583, 8151, 7.83, 145.00, 210, 405, 1, 8
2026-09-02T12:10:54.1879234+07:00,2026/09/02 12:10:54.218, NVIDIA GeForce RTX 5060, 591.86, P8, 28, 0, 583, 8151, 7.69, 145.00, 202, 405, 1, 8
2026-09-02T12:10:59.2395300+07:00,2026/09/02 12:10:59.270, NVIDIA GeForce RTX 5060, 591.86, P8, 28, 0, 583, 8151, 7.74, 145.00, 210, 405, 1, 8
2026-09-02T12:11:04.3069977+07:00,2026/09/02 12:11:04.337, NVIDIA GeForce RTX 5060, 591.86, P8, 28, 0, 583, 8151, 8.20, 145.00, 210, 405, 1, 8
2026-09-02T12:11:09.3540878+07:00,2026/09/02 12:11:09.385, NVIDIA GeForce RTX 5060, 591.86, P8, 28, 0, 583, 8151, 8.12, 145.00, 210, 405, 1, 8
2026-09-02T12:11:14.4659034+07:00,2026/09/02 12:11:14.497, NVIDIA GeForce RTX 5060, 591.86, P8, 28, 0, 583, 8151, 7.91, 145.00, 210, 405, 1, 8
2026-09-02T12:11:19.5154807+07:00,2026/09/02 12:11:19.562, NVIDIA GeForce RTX 5060, 591.86, P8, 28, 0, 583, 8151, 7.93, 145.00, 210, 405, 1, 8
2026-09-02T12:11:24.5991786+07:00,2026/09/02 12:11:24.630, NVIDIA GeForce RTX 5060, 591.86, P8, 28, 0, 583, 8151, 7.96, 145.00, 210, 405, 1, 8
2026-09-02T12:11:29.6605840+07:00,2026/09/02 12:11:29.691, NVIDIA GeForce RTX 5060, 591.86, P8, 28, 0, 583, 8151, 8.00, 145.00, 210, 405, 1, 8
2026-09-02T12:11:34.7124558+07:00,2026/09/02 12:11:34.758, NVIDIA GeForce RTX 5060, 591.86, P8, 28, 0, 583, 8151, 7.93, 145.00, 210, 405, 1, 8
2026-09-02T12:11:39.7790845+07:00,2026/09/02 12:11:39.825, NVIDIA GeForce RTX 5060, 591.86, P8, 28, 0, 583, 8151, 7.85, 145.00, 210, 405, 1, 8
2026-09-02T12:11:44.9069885+07:00,2026/09/02 12:11:44.937, NVIDIA GeForce RTX 5060, 591.86, P8, 28, 0, 583, 8151, 7.86, 145.00, 210, 405, 1, 8
2026-09-02T12:11:49.9627553+07:00,2026/09/02 12:11:49.993, NVIDIA GeForce RTX 5060, 591.86, P8, 28, 0, 583, 8151, 7.92, 145.00, 210, 405, 1, 8
2026-09-02T12:11:55.0136673+07:00,2026/09/02 12:11:55.075, NVIDIA GeForce RTX 5060, 591.86, P8, 28, 0, 583, 8151, 7.84, 145.00, 210, 405, 1, 8
2026-09-02T12:12:00.0969484+07:00,2026/09/02 12:12:00.127, NVIDIA GeForce RTX 5060, 591.86, P8, 28, 0, 583, 8151, 7.70, 145.00, 210, 405, 1, 8
2026-09-02T12:12:05.1483288+07:00,2026/09/02 12:12:05.194, NVIDIA GeForce RTX 5060, 591.86, P8, 28, 0, 583, 8151, 7.91, 145.00, 210, 405, 1, 8
2026-09-02T12:12:10.2401207+07:00,2026/09/02 12:12:10.286, NVIDIA GeForce RTX 5060, 591.86, P8, 28, 0, 583, 8151, 7.98, 145.00, 210, 405, 1, 8
2026-09-02T12:12:15.3696261+07:00,2026/09/02 12:12:15.400, NVIDIA GeForce RTX 5060, 591.86, P8, 28, 0, 583, 8151, 7.97, 145.00, 210, 405, 1, 8
2026-09-02T12:12:20.4195772+07:00,2026/09/02 12:12:20.450, NVIDIA GeForce RTX 5060, 591.86, P8, 28, 0, 583, 8151, 7.93, 145.00, 210, 405, 1, 8
2026-09-02T12:12:25.4701167+07:00,2026/09/02 12:12:25.501, NVIDIA GeForce RTX 5060, 591.86, P8, 28, 0, 583, 8151, 7.91, 145.00, 210, 405, 1, 8
2026-09-02T12:12:30.5157618+07:00,2026/09/02 12:12:30.546, NVIDIA GeForce RTX 5060, 591.86, P8, 28, 0, 583, 8151, 7.98, 145.00, 210, 405, 1, 8
2026-09-02T12:12:35.5826205+07:00,2026/09/02 12:12:35.629, NVIDIA GeForce RTX 5060, 591.86, P8, 28, 0, 583, 8151, 7.99, 145.00, 210, 405, 1, 8
2026-09-02T12:12:40.6491138+07:00,2026/09/02 12:12:40.680, NVIDIA GeForce RTX 5060, 591.86, P8, 28, 0, 583, 8151, 7.86, 145.00, 210, 405, 1, 8
2026-09-02T12:12:45.7698795+07:00,2026/09/02 12:12:45.816, NVIDIA GeForce RTX 5060, 591.86, P8, 28, 0, 583, 8151, 7.95, 145.00, 210, 405, 1, 8
2026-09-02T12:12:50.8373336+07:00,2026/09/02 12:12:50.868, NVIDIA GeForce RTX 5060, 591.86, P8, 28, 0, 583, 8151, 7.91, 145.00, 210, 405, 1, 8
2026-09-02T12:12:55.8894638+07:00,2026/09/02 12:12:55.920, NVIDIA GeForce RTX 5060, 591.86, P8, 28, 0, 583, 8151, 8.02, 145.00, 210, 405, 1, 8
2026-09-02T12:13:00.9407321+07:00,2026/09/02 12:13:00.971, NVIDIA GeForce RTX 5060, 591.86, P8, 28, 0, 583, 8151, 8.16, 145.00, 210, 405, 1, 8
2026-09-02T12:13:06.0003034+07:00,2026/09/02 12:13:06.031, NVIDIA GeForce RTX 5060, 591.86, P8, 28, 0, 583, 8151, 7.92, 145.00, 210, 405, 1, 8
2026-09-02T12:13:11.0666353+07:00,2026/09/02 12:13:11.097, NVIDIA GeForce RTX 5060, 591.86, P8, 28, 0, 583, 8151, 7.84, 145.00, 210, 405, 1, 8
2026-09-02T12:13:16.1800717+07:00,2026/09/02 12:13:16.211, NVIDIA GeForce RTX 5060, 591.86, P8, 28, 0, 583, 8151, 7.97, 145.00, 210, 405, 1, 8
2026-09-02T12:13:21.2311673+07:00,2026/09/02 12:13:21.262, NVIDIA GeForce RTX 5060, 591.86, P8, 28, 0, 583, 8151, 7.87, 145.00, 210, 405, 1, 8
2026-09-02T12:13:26.2899353+07:00,2026/09/02 12:13:26.336, NVIDIA GeForce RTX 5060, 591.86, P8, 28, 0, 583, 8151, 7.90, 145.00, 210, 405, 1, 8
2026-09-02T12:13:31.3574967+07:00,2026/09/02 12:13:31.388, NVIDIA GeForce RTX 5060, 591.86, P8, 28, 0, 583, 8151, 8.06, 145.00, 210, 405, 1, 8
2026-09-02T12:13:36.4077855+07:00,2026/09/02 12:13:36.438, NVIDIA GeForce RTX 5060, 591.86, P8, 28, 0, 583, 8151, 7.88, 145.00, 210, 405, 1, 8
2026-09-02T12:13:41.4596074+07:00,2026/09/02 12:13:41.506, NVIDIA GeForce RTX 5060, 591.86, P8, 28, 0, 583, 8151, 8.03, 145.00, 210, 405, 1, 8
2026-09-02T12:13:46.5955734+07:00,2026/09/02 12:13:46.626, NVIDIA GeForce RTX 5060, 591.86, P8, 28, 0, 583, 8151, 7.92, 145.00, 210, 405, 1, 8
2026-09-02T12:13:51.6471631+07:00,2026/09/02 12:13:51.678, NVIDIA GeForce RTX 5060, 591.86, P8, 28, 0, 583, 8151, 7.91, 145.00, 210, 405, 1, 8
2026-09-02T12:13:56.6991505+07:00,2026/09/02 12:13:56.745, NVIDIA GeForce RTX 5060, 591.86, P8, 28, 0, 583, 8151, 7.92, 145.00, 210, 405, 1, 8
2026-09-02T12:14:01.7649310+07:00,2026/09/02 12:14:01.811, NVIDIA GeForce RTX 5060, 591.86, P8, 28, 0, 583, 8151, 8.58, 145.00, 210, 405, 1, 8
2026-09-02T12:14:06.8567490+07:00,2026/09/02 12:14:06.887, NVIDIA GeForce RTX 5060, 591.86, P8, 28, 0, 583, 8151, 7.97, 145.00, 210, 405, 1, 8
2026-09-02T12:14:11.9066277+07:00,2026/09/02 12:14:11.937, NVIDIA GeForce RTX 5060, 591.86, P8, 28, 0, 583, 8151, 8.05, 145.00, 210, 405, 1, 8
2026-09-02T12:14:17.0333972+07:00,2026/09/02 12:14:17.064, NVIDIA GeForce RTX 5060, 591.86, P8, 28, 0, 583, 8151, 8.11, 145.00, 210, 405, 1, 8
2026-09-02T12:14:22.0932204+07:00,2026/09/02 12:14:22.138, NVIDIA GeForce RTX 5060, 591.86, P8, 28, 0, 583, 8151, 7.89, 145.00, 210, 405, 1, 8
2026-09-02T12:14:27.1560089+07:00,2026/09/02 12:14:27.187, NVIDIA GeForce RTX 5060, 591.86, P8, 28, 0, 583, 8151, 7.83, 145.00, 210, 405, 1, 8
2026-09-02T12:14:32.2066128+07:00,2026/09/02 12:14:32.253, NVIDIA GeForce RTX 5060, 591.86, P8, 28, 0, 583, 8151, 7.75, 145.00, 202, 405, 1, 8
2026-09-02T12:14:37.2732515+07:00,2026/09/02 12:14:37.304, NVIDIA GeForce RTX 5060, 591.86, P8, 28, 0, 583, 8151, 7.87, 145.00, 210, 405, 1, 8
2026-09-02T12:14:42.3346464+07:00,2026/09/02 12:14:42.365, NVIDIA GeForce RTX 5060, 591.86, P8, 28, 0, 583, 8151, 7.99, 145.00, 210, 405, 1, 8
2026-09-02T12:14:47.4630301+07:00,2026/09/02 12:14:47.494, NVIDIA GeForce RTX 5060, 591.86, P8, 28, 0, 583, 8151, 7.75, 145.00, 210, 405, 1, 8
2026-09-02T12:14:52.5136253+07:00,2026/09/02 12:14:52.544, NVIDIA GeForce RTX 5060, 591.86, P8, 28, 0, 583, 8151, 7.89, 145.00, 210, 405, 1, 8
2026-09-02T12:14:57.5645513+07:00,2026/09/02 12:14:57.611, NVIDIA GeForce RTX 5060, 591.86, P8, 28, 0, 583, 8151, 7.85, 145.00, 210, 405, 1, 8
2026-09-02T12:15:02.6400377+07:00,2026/09/02 12:15:02.671, NVIDIA GeForce RTX 5060, 591.86, P8, 28, 0, 583, 8151, 8.35, 145.00, 210, 405, 1, 8
2026-09-02T12:15:07.6910006+07:00,2026/09/02 12:15:07.722, NVIDIA GeForce RTX 5060, 591.86, P8, 28, 0, 583, 8151, 7.80, 145.00, 210, 405, 1, 8
2026-09-02T12:15:12.7431382+07:00,2026/09/02 12:15:12.789, NVIDIA GeForce RTX 5060, 591.86, P8, 28, 0, 583, 8151, 7.89, 145.00, 210, 405, 1, 8
2026-09-02T12:15:17.8718773+07:00,2026/09/02 12:15:17.902, NVIDIA GeForce RTX 5060, 591.86, P8, 28, 0, 583, 8151, 8.35, 145.00, 210, 405, 1, 8
2026-09-02T12:15:22.9307685+07:00,2026/09/02 12:15:22.961, NVIDIA GeForce RTX 5060, 591.86, P8, 28, 0, 583, 8151, 7.98, 145.00, 210, 405, 1, 8
2026-09-02T12:15:27.9819166+07:00,2026/09/02 12:15:28.028, NVIDIA GeForce RTX 5060, 591.86, P8, 28, 0, 583, 8151, 7.89, 145.00, 210, 405, 1, 8
2026-09-02T12:15:33.0492608+07:00,2026/09/02 12:15:33.080, NVIDIA GeForce RTX 5060, 591.86, P8, 28, 0, 583, 8151, 8.10, 145.00, 210, 405, 1, 8
2026-09-02T12:15:38.1012839+07:00,2026/09/02 12:15:38.147, NVIDIA GeForce RTX 5060, 591.86, P8, 28, 0, 583, 8151, 7.86, 145.00, 210, 405, 1, 8
2026-09-02T12:15:43.1636596+07:00,2026/09/02 12:15:43.210, NVIDIA GeForce RTX 5060, 591.86, P8, 28, 0, 583, 8151, 7.93, 145.00, 210, 405, 1, 8
2026-09-02T12:15:48.2914145+07:00,2026/09/02 12:15:48.337, NVIDIA GeForce RTX 5060, 591.86, P8, 28, 0, 583, 8151, 7.98, 145.00, 210, 405, 1, 8
2026-09-02T12:15:53.3597320+07:00,2026/09/02 12:15:53.390, NVIDIA GeForce RTX 5060, 591.86, P8, 28, 0, 583, 8151, 7.92, 145.00, 210, 405, 1, 8
2026-09-02T12:15:58.4188833+07:00,2026/09/02 12:15:58.449, NVIDIA GeForce RTX 5060, 591.86, P8, 28, 0, 583, 8151, 7.98, 145.00, 210, 405, 1, 8
2026-09-02T12:16:03.4704115+07:00,2026/09/02 12:16:03.500, NVIDIA GeForce RTX 5060, 591.86, P8, 28, 0, 583, 8151, 8.32, 145.00, 210, 405, 1, 8
2026-09-02T12:16:08.5214077+07:00,2026/09/02 12:16:08.552, NVIDIA GeForce RTX 5060, 591.86, P8, 28, 0, 583, 8151, 8.10, 145.00, 210, 405, 1, 8
2026-09-02T12:16:13.5736931+07:00,2026/09/02 12:16:13.620, NVIDIA GeForce RTX 5060, 591.86, P8, 28, 0, 583, 8151, 7.94, 145.00, 210, 405, 1, 8
2026-09-02T12:16:18.7106419+07:00,2026/09/02 12:16:18.741, NVIDIA GeForce RTX 5060, 591.86, P8, 28, 0, 583, 8151, 8.45, 145.00, 210, 405, 1, 8
2026-09-02T12:16:23.7630839+07:00,2026/09/02 12:16:23.809, NVIDIA GeForce RTX 5060, 591.86, P8, 28, 0, 583, 8151, 8.01, 145.00, 210, 405, 1, 8
2026-09-02T12:16:28.8300407+07:00,2026/09/02 12:16:28.861, NVIDIA GeForce RTX 5060, 591.86, P8, 28, 0, 583, 8151, 7.97, 145.00, 210, 405, 1, 8
2026-09-02T12:16:33.8815594+07:00,2026/09/02 12:16:33.912, NVIDIA GeForce RTX 5060, 591.86, P8, 28, 0, 583, 8151, 8.04, 145.00, 210, 405, 1, 8
2026-09-02T12:16:38.9391113+07:00,2026/09/02 12:16:38.969, NVIDIA GeForce RTX 5060, 591.86, P8, 28, 0, 583, 8151, 8.06, 145.00, 210, 405, 1, 8
2026-09-02T12:16:43.9892679+07:00,2026/09/02 12:16:44.020, NVIDIA GeForce RTX 5060, 591.86, P8, 28, 0, 583, 8151, 7.99, 145.00, 210, 405, 1, 8
2026-09-02T12:16:49.1026944+07:00,2026/09/02 12:16:49.133, NVIDIA GeForce RTX 5060, 591.86, P8, 28, 0, 583, 8151, 7.84, 145.00, 210, 405, 1, 8
2026-09-02T12:16:54.1516891+07:00,2026/09/02 12:16:54.198, NVIDIA GeForce RTX 5060, 591.86, P8, 28, 0, 583, 8151, 8.14, 145.00, 210, 405, 1, 8
2026-09-02T12:16:59.2252074+07:00,2026/09/02 12:16:59.271, NVIDIA GeForce RTX 5060, 591.86, P8, 28, 0, 583, 8151, 8.08, 145.00, 210, 405, 1, 8
2026-09-02T12:17:04.2916438+07:00,2026/09/02 12:17:04.322, NVIDIA GeForce RTX 5060, 591.86, P8, 28, 0, 583, 8151, 8.46, 145.00, 210, 405, 1, 8
2026-09-02T12:17:09.3418098+07:00,2026/09/02 12:17:09.372, NVIDIA GeForce RTX 5060, 591.86, P8, 28, 0, 583, 8151, 8.06, 145.00, 202, 405, 1, 8
2026-09-02T12:17:14.3925869+07:00,2026/09/02 12:17:14.423, NVIDIA GeForce RTX 5060, 591.86, P8, 28, 0, 583, 8151, 7.95, 145.00, 210, 405, 1, 8
2026-09-02T12:17:19.5150842+07:00,2026/09/02 12:17:19.546, NVIDIA GeForce RTX 5060, 591.86, P8, 28, 0, 583, 8151, 7.92, 145.00, 210, 405, 1, 8
2026-09-02T12:17:24.5652588+07:00,2026/09/02 12:17:24.596, NVIDIA GeForce RTX 5060, 591.86, P8, 28, 0, 583, 8151, 7.88, 145.00, 210, 405, 1, 8
2026-09-02T12:17:29.6174286+07:00,2026/09/02 12:17:29.648, NVIDIA GeForce RTX 5060, 591.86, P8, 28, 0, 583, 8151, 7.99, 145.00, 210, 405, 1, 8
2026-09-02T12:17:34.6687129+07:00,2026/09/02 12:17:34.699, NVIDIA GeForce RTX 5060, 591.86, P8, 28, 0, 583, 8151, 7.93, 145.00, 210, 405, 1, 8
2026-09-02T12:17:39.7281402+07:00,2026/09/02 12:17:39.759, NVIDIA GeForce RTX 5060, 591.86, P8, 28, 0, 583, 8151, 7.85, 145.00, 210, 405, 1, 8
2026-09-02T12:17:44.7789410+07:00,2026/09/02 12:17:44.809, NVIDIA GeForce RTX 5060, 591.86, P8, 28, 0, 583, 8151, 7.80, 145.00, 210, 405, 1, 8
2026-09-02T12:17:49.8919922+07:00,2026/09/02 12:17:49.922, NVIDIA GeForce RTX 5060, 591.86, P8, 28, 0, 583, 8151, 7.90, 145.00, 210, 405, 1, 8
2026-09-02T12:17:54.9409082+07:00,2026/09/02 12:17:54.971, NVIDIA GeForce RTX 5060, 591.86, P8, 28, 0, 583, 8151, 7.74, 145.00, 210, 405, 1, 8
2026-09-02T12:18:00.0019308+07:00,2026/09/02 12:18:00.032, NVIDIA GeForce RTX 5060, 591.86, P8, 28, 0, 583, 8151, 7.82, 145.00, 210, 405, 1, 8
2026-09-02T12:18:05.0526401+07:00,2026/09/02 12:18:05.083, NVIDIA GeForce RTX 5060, 591.86, P8, 28, 0, 583, 8151, 7.91, 145.00, 210, 405, 1, 8
2026-09-02T12:18:10.1024332+07:00,2026/09/02 12:18:10.133, NVIDIA GeForce RTX 5060, 591.86, P8, 28, 0, 583, 8151, 7.75, 145.00, 210, 405, 1, 8
2026-09-02T12:18:15.1511310+07:00,2026/09/02 12:18:15.196, NVIDIA GeForce RTX 5060, 591.86, P8, 28, 0, 583, 8151, 7.85, 145.00, 210, 405, 1, 8
2026-09-02T12:18:20.2457371+07:00,2026/09/02 12:18:20.276, NVIDIA GeForce RTX 5060, 591.86, P8, 28, 0, 583, 8151, 7.92, 145.00, 210, 405, 1, 8
2026-09-02T12:18:25.2970355+07:00,2026/09/02 12:18:25.328, NVIDIA GeForce RTX 5060, 591.86, P8, 28, 0, 583, 8151, 7.80, 145.00, 210, 405, 1, 8
2026-09-02T12:18:30.3481610+07:00,2026/09/02 12:18:30.394, NVIDIA GeForce RTX 5060, 591.86, P8, 28, 0, 583, 8151, 7.86, 145.00, 210, 405, 1, 8
2026-09-02T12:18:35.4239667+07:00,2026/09/02 12:18:35.454, NVIDIA GeForce RTX 5060, 591.86, P8, 28, 0, 583, 8151, 7.80, 145.00, 210, 405, 1, 8
2026-09-02T12:18:40.4743552+07:00,2026/09/02 12:18:40.520, NVIDIA GeForce RTX 5060, 591.86, P8, 28, 0, 583, 8151, 7.70, 145.00, 210, 405, 1, 8
2026-09-02T12:18:45.5399733+07:00,2026/09/02 12:18:45.570, NVIDIA GeForce RTX 5060, 591.86, P8, 28, 0, 583, 8151, 7.74, 145.00, 210, 405, 1, 8
2026-09-02T12:18:50.6530365+07:00,2026/09/02 12:18:50.684, NVIDIA GeForce RTX 5060, 591.86, P8, 28, 0, 583, 8151, 7.59, 145.00, 210, 405, 1, 8
2026-09-02T12:18:55.7136783+07:00,2026/09/02 12:18:55.744, NVIDIA GeForce RTX 5060, 591.86, P8, 28, 0, 583, 8151, 7.66, 145.00, 210, 405, 1, 8
2026-09-02T12:19:00.7628730+07:00,2026/09/02 12:19:00.793, NVIDIA GeForce RTX 5060, 591.86, P8, 28, 0, 583, 8151, 7.85, 145.00, 210, 405, 1, 8
2026-09-02T12:19:05.8121744+07:00,2026/09/02 12:19:05.843, NVIDIA GeForce RTX 5060, 591.86, P8, 28, 0, 583, 8151, 7.86, 145.00, 210, 405, 1, 8
2026-09-02T12:19:10.8602319+07:00,2026/09/02 12:19:10.891, NVIDIA GeForce RTX 5060, 591.86, P8, 28, 0, 583, 8151, 7.78, 145.00, 210, 405, 1, 8
2026-09-02T12:19:15.8994815+07:00,2026/09/02 12:19:15.930, NVIDIA GeForce RTX 5060, 591.86, P8, 28, 0, 583, 8151, 7.85, 145.00, 210, 405, 1, 8
2026-09-02T12:19:21.0116334+07:00,2026/09/02 12:19:21.042, NVIDIA GeForce RTX 5060, 591.86, P8, 28, 0, 583, 8151, 7.87, 145.00, 210, 405, 1, 8
2026-09-02T12:19:26.0637143+07:00,2026/09/02 12:19:26.094, NVIDIA GeForce RTX 5060, 591.86, P8, 28, 0, 583, 8151, 7.73, 145.00, 210, 405, 1, 8
2026-09-02T12:19:31.1152693+07:00,2026/09/02 12:19:31.146, NVIDIA GeForce RTX 5060, 591.86, P8, 28, 0, 583, 8151, 7.75, 145.00, 210, 405, 1, 8
2026-09-02T12:19:36.1750121+07:00,2026/09/02 12:19:36.221, NVIDIA GeForce RTX 5060, 591.86, P8, 28, 0, 583, 8151, 7.90, 145.00, 210, 405, 1, 8
2026-09-02T12:19:41.2411372+07:00,2026/09/02 12:19:41.272, NVIDIA GeForce RTX 5060, 591.86, P8, 28, 0, 583, 8151, 7.81, 145.00, 210, 405, 1, 8
2026-09-02T12:19:46.2915359+07:00,2026/09/02 12:19:46.322, NVIDIA GeForce RTX 5060, 591.86, P8, 28, 0, 583, 8151, 7.84, 145.00, 210, 405, 1, 8
2026-09-02T12:19:51.4198051+07:00,2026/09/02 12:19:51.450, NVIDIA GeForce RTX 5060, 591.86, P8, 28, 0, 583, 8151, 7.77, 145.00, 210, 405, 1, 8
2026-09-02T12:19:56.4675019+07:00,2026/09/02 12:19:56.498, NVIDIA GeForce RTX 5060, 591.86, P8, 28, 0, 583, 8151, 7.85, 145.00, 210, 405, 1, 8
2026-09-02T12:20:01.5189394+07:00,2026/09/02 12:20:01.549, NVIDIA GeForce RTX 5060, 591.86, P8, 28, 0, 583, 8151, 8.42, 145.00, 210, 405, 1, 8
2026-09-02T12:20:06.5698057+07:00,2026/09/02 12:20:06.600, NVIDIA GeForce RTX 5060, 591.86, P8, 28, 0, 583, 8151, 7.82, 145.00, 210, 405, 1, 8
2026-09-02T12:20:11.6313906+07:00,2026/09/02 12:20:11.677, NVIDIA GeForce RTX 5060, 591.86, P8, 28, 0, 583, 8151, 7.95, 145.00, 210, 405, 1, 8
2026-09-02T12:20:16.6927686+07:00,2026/09/02 12:20:16.737, NVIDIA GeForce RTX 5060, 591.86, P8, 28, 0, 583, 8151, 7.97, 145.00, 210, 405, 1, 8
2026-09-02T12:20:21.8101624+07:00,2026/09/02 12:20:21.855, NVIDIA GeForce RTX 5060, 591.86, P8, 28, 0, 583, 8151, 7.96, 145.00, 210, 405, 1, 8
2026-09-02T12:20:26.8709645+07:00,2026/09/02 12:20:26.916, NVIDIA GeForce RTX 5060, 591.86, P8, 28, 0, 583, 8151, 7.84, 145.00, 210, 405, 1, 8
2026-09-02T12:20:31.9324666+07:00,2026/09/02 12:20:31.963, NVIDIA GeForce RTX 5060, 591.86, P8, 28, 0, 583, 8151, 8.09, 145.00, 210, 405, 1, 8
2026-09-02T12:20:37.0001085+07:00,2026/09/02 12:20:37.031, NVIDIA GeForce RTX 5060, 591.86, P8, 28, 0, 583, 8151, 7.86, 145.00, 210, 405, 1, 8
2026-09-02T12:20:42.0509583+07:00,2026/09/02 12:20:42.081, NVIDIA GeForce RTX 5060, 591.86, P8, 28, 0, 583, 8151, 7.64, 145.00, 210, 405, 1, 8
2026-09-02T12:20:47.1020940+07:00,2026/09/02 12:20:47.133, NVIDIA GeForce RTX 5060, 591.86, P8, 28, 0, 583, 8151, 7.87, 145.00, 210, 405, 1, 8
2026-09-02T12:20:52.2251462+07:00,2026/09/02 12:20:52.256, NVIDIA GeForce RTX 5060, 591.86, P8, 28, 0, 583, 8151, 7.75, 145.00, 210, 405, 1, 8
2026-09-02T12:20:57.2769081+07:00,2026/09/02 12:20:57.323, NVIDIA GeForce RTX 5060, 591.86, P8, 28, 0, 583, 8151, 7.75, 145.00, 210, 405, 1, 8
2026-09-02T12:21:02.3443342+07:00,2026/09/02 12:21:02.375, NVIDIA GeForce RTX 5060, 591.86, P8, 28, 0, 583, 8151, 8.39, 145.00, 210, 405, 1, 8
2026-09-02T12:21:07.3947337+07:00,2026/09/02 12:21:07.425, NVIDIA GeForce RTX 5060, 591.86, P8, 28, 0, 583, 8151, 7.91, 145.00, 210, 405, 1, 8
2026-09-02T12:21:12.4420853+07:00,2026/09/02 12:21:12.473, NVIDIA GeForce RTX 5060, 591.86, P8, 28, 0, 583, 8151, 7.87, 145.00, 210, 405, 1, 8
2026-09-02T12:21:17.4931532+07:00,2026/09/02 12:21:17.539, NVIDIA GeForce RTX 5060, 591.86, P8, 28, 0, 583, 8151, 8.13, 145.00, 210, 405, 1, 8
2026-09-02T12:21:22.6264763+07:00,2026/09/02 12:21:22.652, NVIDIA GeForce RTX 5060, 591.86, P8, 28, 0, 583, 8151, 7.93, 145.00, 210, 405, 1, 8
2026-09-02T12:21:27.6729758+07:00,2026/09/02 12:21:27.703, NVIDIA GeForce RTX 5060, 591.86, P8, 28, 0, 583, 8151, 7.78, 145.00, 210, 405, 1, 8
2026-09-02T12:21:32.7324619+07:00,2026/09/02 12:21:32.763, NVIDIA GeForce RTX 5060, 591.86, P8, 28, 0, 583, 8151, 8.04, 145.00, 210, 405, 1, 8
2026-09-02T12:21:37.7833792+07:00,2026/09/02 12:21:37.814, NVIDIA GeForce RTX 5060, 591.86, P8, 28, 0, 583, 8151, 7.92, 145.00, 210, 405, 1, 8
2026-09-02T12:21:42.8353073+07:00,2026/09/02 12:21:42.866, NVIDIA GeForce RTX 5060, 591.86, P8, 28, 0, 583, 8151, 7.96, 145.00, 210, 405, 1, 8
2026-09-02T12:21:47.8870393+07:00,2026/09/02 12:21:47.917, NVIDIA GeForce RTX 5060, 591.86, P8, 28, 0, 583, 8151, 7.90, 145.00, 202, 405, 1, 8
2026-09-02T12:21:53.0046430+07:00,2026/09/02 12:21:53.035, NVIDIA GeForce RTX 5060, 591.86, P8, 28, 0, 583, 8151, 8.04, 145.00, 210, 405, 1, 8
2026-09-02T12:21:58.0561378+07:00,2026/09/02 12:21:58.087, NVIDIA GeForce RTX 5060, 591.86, P8, 28, 0, 583, 8151, 7.88, 145.00, 210, 405, 1, 8
2026-09-02T12:22:03.1083805+07:00,2026/09/02 12:22:03.139, NVIDIA GeForce RTX 5060, 591.86, P8, 28, 0, 583, 8151, 8.10, 145.00, 210, 405, 1, 8
2026-09-02T12:22:08.1588939+07:00,2026/09/02 12:22:08.189, NVIDIA GeForce RTX 5060, 591.86, P8, 28, 0, 583, 8151, 7.83, 145.00, 210, 405, 1, 8
2026-09-02T12:22:13.2213313+07:00,2026/09/02 12:22:13.252, NVIDIA GeForce RTX 5060, 591.86, P8, 28, 0, 583, 8151, 7.78, 145.00, 210, 405, 1, 8
2026-09-02T12:22:18.2725466+07:00,2026/09/02 12:22:18.303, NVIDIA GeForce RTX 5060, 591.86, P8, 28, 0, 583, 8151, 8.26, 145.00, 210, 405, 1, 8
2026-09-02T12:22:23.3851229+07:00,2026/09/02 12:22:23.416, NVIDIA GeForce RTX 5060, 591.86, P8, 28, 0, 583, 8151, 7.93, 145.00, 210, 405, 1, 8
2026-09-02T12:22:28.4346840+07:00,2026/09/02 12:22:28.480, NVIDIA GeForce RTX 5060, 591.86, P8, 28, 0, 583, 8151, 7.65, 145.00, 210, 405, 1, 8
2026-09-02T12:22:33.5003947+07:00,2026/09/02 12:22:33.531, NVIDIA GeForce RTX 5060, 591.86, P8, 28, 1, 602, 8151, 7.81, 145.00, 210, 405, 1, 8
2026-09-02T12:22:38.5449621+07:00,2026/09/02 12:22:38.575, NVIDIA GeForce RTX 5060, 591.86, P8, 28, 1, 602, 8151, 8.35, 145.00, 210, 405, 1, 8
2026-09-02T12:22:43.5954255+07:00,2026/09/02 12:22:43.626, NVIDIA GeForce RTX 5060, 591.86, P8, 28, 0, 598, 8151, 8.18, 145.00, 210, 405, 1, 8
2026-09-02T12:22:48.6460239+07:00,2026/09/02 12:22:48.677, NVIDIA GeForce RTX 5060, 591.86, P8, 28, 0, 598, 8151, 7.62, 145.00, 210, 405, 1, 8
2026-09-02T12:22:53.7593038+07:00,2026/09/02 12:22:53.790, NVIDIA GeForce RTX 5060, 591.86, P8, 28, 0, 598, 8151, 7.93, 145.00, 210, 405, 1, 8
2026-09-02T12:22:58.8162891+07:00,2026/09/02 12:22:58.847, NVIDIA GeForce RTX 5060, 591.86, P8, 28, 0, 598, 8151, 7.68, 145.00, 210, 405, 1, 8
2026-09-02T12:23:03.8674409+07:00,2026/09/02 12:23:03.898, NVIDIA GeForce RTX 5060, 591.86, P8, 28, 0, 598, 8151, 8.20, 145.00, 210, 405, 1, 8
2026-09-02T12:23:08.9194085+07:00,2026/09/02 12:23:08.950, NVIDIA GeForce RTX 5060, 591.86, P8, 28, 0, 598, 8151, 7.70, 145.00, 210, 405, 1, 8
2026-09-02T12:23:13.9705352+07:00,2026/09/02 12:23:14.001, NVIDIA GeForce RTX 5060, 591.86, P8, 28, 0, 598, 8151, 7.68, 145.00, 210, 405, 1, 8
2026-09-02T12:23:19.0314019+07:00,2026/09/02 12:23:19.062, NVIDIA GeForce RTX 5060, 591.86, P8, 28, 0, 598, 8151, 8.38, 145.00, 210, 405, 1, 8
2026-09-02T12:23:24.1452622+07:00,2026/09/02 12:23:24.191, NVIDIA GeForce RTX 5060, 591.86, P8, 28, 0, 598, 8151, 7.83, 145.00, 210, 405, 1, 8
2026-09-02T12:23:29.2126859+07:00,2026/09/02 12:23:29.243, NVIDIA GeForce RTX 5060, 591.86, P8, 28, 0, 598, 8151, 7.75, 145.00, 210, 405, 1, 8
2026-09-02T12:23:34.2637935+07:00,2026/09/02 12:23:34.294, NVIDIA GeForce RTX 5060, 591.86, P8, 28, 0, 598, 8151, 7.70, 145.00, 210, 405, 1, 8
2026-09-02T12:23:39.3222274+07:00,2026/09/02 12:23:39.353, NVIDIA GeForce RTX 5060, 591.86, P8, 28, 0, 598, 8151, 7.91, 145.00, 210, 405, 1, 8
2026-09-02T12:23:44.3742813+07:00,2026/09/02 12:23:44.405, NVIDIA GeForce RTX 5060, 591.86, P8, 28, 0, 598, 8151, 8.02, 145.00, 210, 405, 1, 8
2026-09-02T12:23:49.4257473+07:00,2026/09/02 12:23:49.456, NVIDIA GeForce RTX 5060, 591.86, P8, 28, 0, 598, 8151, 7.94, 145.00, 210, 405, 1, 8
2026-09-02T12:23:54.5391512+07:00,2026/09/02 12:23:54.570, NVIDIA GeForce RTX 5060, 591.86, P8, 28, 0, 598, 8151, 7.97, 145.00, 210, 405, 1, 8
2026-09-02T12:23:59.5984177+07:00,2026/09/02 12:23:59.629, NVIDIA GeForce RTX 5060, 591.86, P8, 28, 0, 598, 8151, 7.97, 145.00, 210, 405, 1, 8
2026-09-02T12:24:04.6484438+07:00,2026/09/02 12:24:04.679, NVIDIA GeForce RTX 5060, 591.86, P8, 28, 0, 598, 8151, 8.24, 145.00, 210, 405, 1, 8
2026-09-02T12:24:09.6968615+07:00,2026/09/02 12:24:09.727, NVIDIA GeForce RTX 5060, 591.86, P8, 28, 0, 598, 8151, 7.91, 145.00, 210, 405, 1, 8
2026-09-02T12:24:14.7465942+07:00,2026/09/02 12:24:14.777, NVIDIA GeForce RTX 5060, 591.86, P8, 28, 0, 598, 8151, 7.82, 145.00, 210, 405, 1, 8
2026-09-02T12:24:19.7918135+07:00,2026/09/02 12:24:19.838, NVIDIA GeForce RTX 5060, 591.86, P8, 28, 0, 598, 8151, 8.02, 145.00, 210, 405, 1, 8
2026-09-02T12:24:24.9197401+07:00,2026/09/02 12:24:24.950, NVIDIA GeForce RTX 5060, 591.86, P8, 28, 0, 598, 8151, 7.81, 145.00, 210, 405, 1, 8
2026-09-02T12:24:29.9707455+07:00,2026/09/02 12:24:30.001, NVIDIA GeForce RTX 5060, 591.86, P8, 28, 0, 598, 8151, 7.81, 145.00, 210, 405, 1, 8
2026-09-02T12:24:35.0473243+07:00,2026/09/02 12:24:35.078, NVIDIA GeForce RTX 5060, 591.86, P8, 28, 0, 598, 8151, 7.93, 145.00, 210, 405, 1, 8
2026-09-02T12:24:40.1094463+07:00,2026/09/02 12:24:40.155, NVIDIA GeForce RTX 5060, 591.86, P8, 28, 0, 598, 8151, 7.76, 145.00, 210, 405, 1, 8
2026-09-02T12:24:45.1753671+07:00,2026/09/02 12:24:45.206, NVIDIA GeForce RTX 5060, 591.86, P8, 28, 0, 598, 8151, 7.89, 145.00, 210, 405, 1, 8
2026-09-02T12:24:50.2255178+07:00,2026/09/02 12:24:50.256, NVIDIA GeForce RTX 5060, 591.86, P8, 28, 0, 598, 8151, 7.98, 145.00, 210, 405, 1, 8
2026-09-02T12:24:55.3361026+07:00,2026/09/02 12:24:55.382, NVIDIA GeForce RTX 5060, 591.86, P8, 28, 0, 598, 8151, 7.98, 145.00, 210, 405, 1, 8
2026-09-02T12:25:00.3998673+07:00,2026/09/02 12:25:00.430, NVIDIA GeForce RTX 5060, 591.86, P8, 28, 0, 598, 8151, 8.13, 145.00, 210, 405, 1, 8
2026-09-02T12:25:05.4502878+07:00,2026/09/02 12:25:05.496, NVIDIA GeForce RTX 5060, 591.86, P8, 28, 0, 598, 8151, 7.85, 145.00, 210, 405, 1, 8
2026-09-02T12:25:10.5169537+07:00,2026/09/02 12:25:10.547, NVIDIA GeForce RTX 5060, 591.86, P8, 28, 0, 598, 8151, 7.89, 145.00, 210, 405, 1, 8
2026-09-02T12:25:15.5768560+07:00,2026/09/02 12:25:15.607, NVIDIA GeForce RTX 5060, 591.86, P8, 28, 0, 598, 8151, 8.01, 145.00, 210, 405, 1, 8
2026-09-02T12:25:20.6280153+07:00,2026/09/02 12:25:20.659, NVIDIA GeForce RTX 5060, 591.86, P8, 28, 0, 598, 8151, 7.84, 145.00, 210, 405, 1, 8
2026-09-02T12:25:25.7405146+07:00,2026/09/02 12:25:25.787, NVIDIA GeForce RTX 5060, 591.86, P8, 28, 0, 598, 8151, 7.89, 145.00, 210, 405, 1, 8
2026-09-02T12:25:30.8079336+07:00,2026/09/02 12:25:30.838, NVIDIA GeForce RTX 5060, 591.86, P8, 28, 0, 598, 8151, 8.01, 145.00, 210, 405, 1, 8
2026-09-02T12:25:35.8664152+07:00,2026/09/02 12:25:35.912, NVIDIA GeForce RTX 5060, 591.86, P8, 28, 0, 598, 8151, 7.96, 145.00, 210, 405, 1, 8
2026-09-02T12:25:40.9338986+07:00,2026/09/02 12:25:40.964, NVIDIA GeForce RTX 5060, 591.86, P8, 28, 0, 598, 8151, 7.74, 145.00, 210, 405, 1, 8
2026-09-02T12:25:45.9854917+07:00,2026/09/02 12:25:46.016, NVIDIA GeForce RTX 5060, 591.86, P8, 28, 0, 598, 8151, 7.75, 145.00, 210, 405, 1, 8
2026-09-02T12:25:51.0366277+07:00,2026/09/02 12:25:51.067, NVIDIA GeForce RTX 5060, 591.86, P8, 28, 0, 598, 8151, 7.78, 145.00, 210, 405, 1, 8
2026-09-02T12:25:56.1590459+07:00,2026/09/02 12:25:56.220, NVIDIA GeForce RTX 5060, 591.86, P8, 28, 0, 598, 8151, 7.92, 145.00, 210, 405, 1, 8
2026-09-02T12:26:01.2405093+07:00,2026/09/02 12:26:01.287, NVIDIA GeForce RTX 5060, 591.86, P8, 28, 0, 598, 8151, 8.39, 145.00, 210, 405, 1, 8
2026-09-02T12:26:06.3075971+07:00,2026/09/02 12:26:06.338, NVIDIA GeForce RTX 5060, 591.86, P8, 28, 0, 598, 8151, 7.78, 145.00, 210, 405, 1, 8
2026-09-02T12:26:11.3584972+07:00,2026/09/02 12:26:11.435, NVIDIA GeForce RTX 5060, 591.86, P8, 28, 0, 598, 8151, 7.69, 145.00, 210, 405, 1, 8
2026-09-02T12:26:16.4635860+07:00,2026/09/02 12:26:16.494, NVIDIA GeForce RTX 5060, 591.86, P8, 28, 0, 598, 8151, 7.68, 145.00, 210, 405, 1, 8
2026-09-02T12:26:21.5150425+07:00,2026/09/02 12:26:21.561, NVIDIA GeForce RTX 5060, 591.86, P8, 28, 0, 598, 8151, 7.84, 145.00, 210, 405, 1, 8
2026-09-02T12:26:26.6436925+07:00,2026/09/02 12:26:26.674, NVIDIA GeForce RTX 5060, 591.86, P8, 28, 0, 598, 8151, 7.97, 145.00, 210, 405, 1, 8
2026-09-02T12:26:31.6927181+07:00,2026/09/02 12:26:31.723, NVIDIA GeForce RTX 5060, 591.86, P8, 28, 0, 598, 8151, 8.15, 145.00, 210, 405, 1, 8
2026-09-02T12:26:36.7385918+07:00,2026/09/02 12:26:36.785, NVIDIA GeForce RTX 5060, 591.86, P8, 28, 0, 598, 8151, 7.86, 145.00, 210, 405, 1, 8
2026-09-02T12:26:41.8050776+07:00,2026/09/02 12:26:41.836, NVIDIA GeForce RTX 5060, 591.86, P8, 28, 0, 598, 8151, 7.87, 145.00, 210, 405, 1, 8
2026-09-02T12:26:46.8557757+07:00,2026/09/02 12:26:46.902, NVIDIA GeForce RTX 5060, 591.86, P8, 28, 0, 598, 8151, 7.75, 145.00, 210, 405, 1, 8
2026-09-02T12:26:51.9201134+07:00,2026/09/02 12:26:51.951, NVIDIA GeForce RTX 5060, 591.86, P8, 28, 0, 598, 8151, 7.80, 145.00, 210, 405, 1, 8
2026-09-02T12:26:57.0141003+07:00,2026/09/02 12:26:57.045, NVIDIA GeForce RTX 5060, 591.86, P8, 28, 0, 598, 8151, 7.74, 145.00, 210, 405, 1, 8
2026-09-02T12:27:02.0659563+07:00,2026/09/02 12:27:02.096, NVIDIA GeForce RTX 5060, 591.86, P8, 28, 0, 598, 8151, 8.43, 145.00, 210, 405, 1, 8
2026-09-02T12:27:07.1182132+07:00,2026/09/02 12:27:07.149, NVIDIA GeForce RTX 5060, 591.86, P8, 28, 0, 598, 8151, 7.83, 145.00, 210, 405, 1, 8
2026-09-02T12:27:12.1801166+07:00,2026/09/02 12:27:12.224, NVIDIA GeForce RTX 5060, 591.86, P8, 28, 0, 598, 8151, 7.78, 145.00, 210, 405, 1, 8
2026-09-02T12:27:17.2431884+07:00,2026/09/02 12:27:17.274, NVIDIA GeForce RTX 5060, 591.86, P8, 28, 0, 598, 8151, 8.11, 145.00, 210, 405, 1, 8
2026-09-02T12:27:22.2938120+07:00,2026/09/02 12:27:22.324, NVIDIA GeForce RTX 5060, 591.86, P5, 28, 0, 598, 8151, 9.30, 145.00, 210, 810, 1, 8
2026-09-02T12:27:27.4078261+07:00,2026/09/02 12:27:27.453, NVIDIA GeForce RTX 5060, 591.86, P8, 28, 0, 598, 8151, 8.56, 145.00, 210, 405, 1, 8
2026-09-02T12:27:32.4827677+07:00,2026/09/02 12:27:32.529, NVIDIA GeForce RTX 5060, 591.86, P8, 28, 0, 598, 8151, 7.93, 145.00, 210, 405, 1, 8
2026-09-02T12:27:37.5502743+07:00,2026/09/02 12:27:37.580, NVIDIA GeForce RTX 5060, 591.86, P8, 28, 0, 598, 8151, 7.88, 145.00, 210, 405, 1, 8
2026-09-02T12:27:42.6011222+07:00,2026/09/02 12:27:42.632, NVIDIA GeForce RTX 5060, 591.86, P8, 28, 0, 598, 8151, 7.84, 145.00, 210, 405, 1, 8
2026-09-02T12:27:47.6508796+07:00,2026/09/02 12:27:47.681, NVIDIA GeForce RTX 5060, 591.86, P8, 28, 0, 598, 8151, 7.86, 145.00, 210, 405, 1, 8
2026-09-02T12:27:52.7180491+07:00,2026/09/02 12:27:52.758, NVIDIA GeForce RTX 5060, 591.86, P8, 28, 0, 598, 8151, 8.00, 145.00, 210, 405, 1, 8
2026-09-02T12:27:57.8403281+07:00,2026/09/02 12:27:57.886, NVIDIA GeForce RTX 5060, 591.86, P8, 28, 0, 598, 8151, 7.89, 145.00, 210, 405, 1, 8
2026-09-02T12:28:02.9066181+07:00,2026/09/02 12:28:02.937, NVIDIA GeForce RTX 5060, 591.86, P8, 28, 0, 598, 8151, 8.13, 145.00, 210, 405, 1, 8
2026-09-02T12:28:07.9570381+07:00,2026/09/02 12:28:07.988, NVIDIA GeForce RTX 5060, 591.86, P8, 28, 0, 598, 8151, 7.99, 145.00, 202, 405, 1, 8
2026-09-02T12:28:13.0166898+07:00,2026/09/02 12:28:13.047, NVIDIA GeForce RTX 5060, 591.86, P8, 28, 0, 598, 8151, 8.03, 145.00, 210, 405, 1, 8
2026-09-02T12:28:18.0668875+07:00,2026/09/02 12:28:18.113, NVIDIA GeForce RTX 5060, 591.86, P8, 28, 0, 598, 8151, 8.35, 145.00, 210, 405, 1, 8
2026-09-02T12:28:23.1464325+07:00,2026/09/02 12:28:23.180, NVIDIA GeForce RTX 5060, 591.86, P8, 28, 0, 598, 8151, 7.81, 145.00, 210, 405, 1, 8
2026-09-02T12:28:28.2628275+07:00,2026/09/02 12:28:28.293, NVIDIA GeForce RTX 5060, 591.86, P8, 28, 0, 598, 8151, 7.64, 145.00, 210, 405, 1, 8
2026-09-02T12:28:33.3250118+07:00,2026/09/02 12:28:33.356, NVIDIA GeForce RTX 5060, 591.86, P8, 28, 0, 598, 8151, 7.76, 145.00, 210, 405, 1, 8
2026-09-02T12:28:38.3765883+07:00,2026/09/02 12:28:38.423, NVIDIA GeForce RTX 5060, 591.86, P8, 28, 0, 598, 8151, 7.76, 145.00, 210, 405, 1, 8
2026-09-02T12:28:43.4424696+07:00,2026/09/02 12:28:43.504, NVIDIA GeForce RTX 5060, 591.86, P8, 28, 0, 598, 8151, 7.80, 145.00, 210, 405, 1, 8
2026-09-02T12:28:48.5246962+07:00,2026/09/02 12:28:48.555, NVIDIA GeForce RTX 5060, 591.86, P8, 28, 0, 598, 8151, 7.83, 145.00, 210, 405, 1, 8
2026-09-02T12:28:53.5840908+07:00,2026/09/02 12:28:53.615, NVIDIA GeForce RTX 5060, 591.86, P8, 28, 0, 598, 8151, 7.77, 145.00, 210, 405, 1, 8
2026-09-02T12:28:58.6968040+07:00,2026/09/02 12:28:58.743, NVIDIA GeForce RTX 5060, 591.86, P8, 28, 0, 598, 8151, 8.02, 145.00, 210, 405, 1, 8
2026-09-02T12:29:03.7794765+07:00,2026/09/02 12:29:03.825, NVIDIA GeForce RTX 5060, 591.86, P8, 28, 0, 598, 8151, 8.40, 145.00, 210, 405, 1, 8
2026-09-02T12:29:08.8443158+07:00,2026/09/02 12:29:08.875, NVIDIA GeForce RTX 5060, 591.86, P8, 28, 0, 598, 8151, 7.90, 145.00, 210, 405, 1, 8
2026-09-02T12:29:13.9068591+07:00,2026/09/02 12:29:13.937, NVIDIA GeForce RTX 5060, 591.86, P8, 28, 0, 598, 8151, 7.86, 145.00, 210, 405, 1, 8
2026-09-02T12:29:18.9621620+07:00,2026/09/02 12:29:19.004, NVIDIA GeForce RTX 5060, 591.86, P8, 28, 0, 598, 8151, 8.38, 145.00, 210, 405, 1, 8
2026-09-02T12:29:24.0242140+07:00,2026/09/02 12:29:24.055, NVIDIA GeForce RTX 5060, 591.86, P8, 28, 0, 598, 8151, 7.83, 145.00, 210, 405, 1, 8
2026-09-02T12:29:29.1352716+07:00,2026/09/02 12:29:29.197, NVIDIA GeForce RTX 5060, 591.86, P8, 28, 0, 598, 8151, 7.97, 145.00, 210, 405, 1, 8
2026-09-02T12:29:34.2272784+07:00,2026/09/02 12:29:34.258, NVIDIA GeForce RTX 5060, 591.86, P8, 28, 0, 598, 8151, 7.87, 145.00, 210, 405, 1, 8
2026-09-02T12:29:39.2778612+07:00,2026/09/02 12:29:39.308, NVIDIA GeForce RTX 5060, 591.86, P8, 28, 0, 598, 8151, 7.85, 145.00, 210, 405, 1, 8
2026-09-02T12:29:44.3295172+07:00,2026/09/02 12:29:44.360, NVIDIA GeForce RTX 5060, 591.86, P8, 28, 0, 598, 8151, 7.83, 145.00, 210, 405, 1, 8
2026-09-02T12:29:49.3787422+07:00,2026/09/02 12:29:49.409, NVIDIA GeForce RTX 5060, 591.86, P8, 28, 0, 598, 8151, 7.95, 145.00, 210, 405, 1, 8
2026-09-02T12:29:54.4558507+07:00,2026/09/02 12:29:54.486, NVIDIA GeForce RTX 5060, 591.86, P8, 28, 0, 598, 8151, 7.92, 145.00, 210, 405, 1, 8
2026-09-02T12:29:59.5687960+07:00,2026/09/02 12:29:59.599, NVIDIA GeForce RTX 5060, 591.86, P8, 28, 0, 598, 8151, 7.91, 145.00, 210, 405, 1, 8
2026-09-02T12:30:04.6210947+07:00,2026/09/02 12:30:04.652, NVIDIA GeForce RTX 5060, 591.86, P8, 28, 0, 598, 8151, 8.31, 145.00, 210, 405, 1, 8
2026-09-02T12:30:09.6802473+07:00,2026/09/02 12:30:09.711, NVIDIA GeForce RTX 5060, 591.86, P8, 28, 0, 598, 8151, 8.01, 145.00, 210, 405, 1, 8
2026-09-02T12:30:14.7314819+07:00,2026/09/02 12:30:14.762, NVIDIA GeForce RTX 5060, 591.86, P8, 28, 0, 598, 8151, 7.79, 145.00, 210, 405, 1, 8
2026-09-02T12:30:19.7825227+07:00,2026/09/02 12:30:19.813, NVIDIA GeForce RTX 5060, 591.86, P8, 28, 0, 598, 8151, 8.01, 145.00, 210, 405, 1, 8
2026-09-02T12:30:24.8337063+07:00,2026/09/02 12:30:24.864, NVIDIA GeForce RTX 5060, 591.86, P8, 28, 0, 598, 8151, 7.85, 145.00, 210, 405, 1, 8
2026-09-02T12:30:29.9587245+07:00,2026/09/02 12:30:29.989, NVIDIA GeForce RTX 5060, 591.86, P8, 28, 0, 598, 8151, 8.06, 145.00, 210, 405, 1, 8
2026-09-02T12:30:35.0094577+07:00,2026/09/02 12:30:35.055, NVIDIA GeForce RTX 5060, 591.86, P8, 28, 0, 598, 8151, 8.00, 145.00, 210, 405, 1, 8
2026-09-02T12:30:40.0766334+07:00,2026/09/02 12:30:40.123, NVIDIA GeForce RTX 5060, 591.86, P8, 28, 0, 598, 8151, 7.94, 145.00, 210, 405, 1, 8
2026-09-02T12:30:45.1424414+07:00,2026/09/02 12:30:45.173, NVIDIA GeForce RTX 5060, 591.86, P8, 28, 0, 598, 8151, 7.89, 145.00, 210, 405, 1, 8
2026-09-02T12:30:50.2018038+07:00,2026/09/02 12:30:50.232, NVIDIA GeForce RTX 5060, 591.86, P8, 28, 0, 598, 8151, 7.85, 145.00, 210, 405, 1, 8
2026-09-02T12:30:55.2525738+07:00,2026/09/02 12:30:55.283, NVIDIA GeForce RTX 5060, 591.86, P8, 28, 0, 598, 8151, 7.82, 145.00, 210, 405, 1, 8
2026-09-02T12:31:00.3658694+07:00,2026/09/02 12:31:00.412, NVIDIA GeForce RTX 5060, 591.86, P8, 28, 1, 598, 8151, 8.07, 145.00, 210, 405, 1, 8
2026-09-02T12:31:05.4313005+07:00,2026/09/02 12:31:05.461, NVIDIA GeForce RTX 5060, 591.86, P8, 28, 0, 598, 8151, 8.00, 145.00, 210, 405, 1, 8
2026-09-02T12:31:10.4788604+07:00,2026/09/02 12:31:10.525, NVIDIA GeForce RTX 5060, 591.86, P8, 28, 0, 598, 8151, 7.79, 145.00, 210, 405, 1, 8
2026-09-02T12:31:15.5459990+07:00,2026/09/02 12:31:15.576, NVIDIA GeForce RTX 5060, 591.86, P8, 28, 0, 598, 8151, 7.90, 145.00, 210, 405, 1, 8
2026-09-02T12:31:20.5960203+07:00,2026/09/02 12:31:20.627, NVIDIA GeForce RTX 5060, 591.86, P8, 28, 0, 598, 8151, 7.77, 145.00, 210, 405, 1, 8
2026-09-02T12:31:25.6449266+07:00,2026/09/02 12:31:25.675, NVIDIA GeForce RTX 5060, 591.86, P8, 28, 0, 598, 8151, 7.85, 145.00, 210, 405, 1, 8
2026-09-02T12:31:30.7631873+07:00,2026/09/02 12:31:30.809, NVIDIA GeForce RTX 5060, 591.86, P8, 28, 0, 598, 8151, 7.90, 145.00, 210, 405, 1, 8
2026-09-02T12:31:35.8295819+07:00,2026/09/02 12:31:35.860, NVIDIA GeForce RTX 5060, 591.86, P8, 28, 0, 598, 8151, 7.82, 145.00, 210, 405, 1, 8
2026-09-02T12:31:40.8791503+07:00,2026/09/02 12:31:40.910, NVIDIA GeForce RTX 5060, 591.86, P8, 28, 0, 598, 8151, 7.94, 145.00, 210, 405, 1, 8
2026-09-02T12:31:45.9281792+07:00,2026/09/02 12:31:45.959, NVIDIA GeForce RTX 5060, 591.86, P8, 28, 0, 598, 8151, 7.97, 145.00, 210, 405, 1, 8
2026-09-02T12:31:50.9872360+07:00,2026/09/02 12:31:51.018, NVIDIA GeForce RTX 5060, 591.86, P8, 28, 0, 598, 8151, 7.80, 145.00, 210, 405, 1, 8
2026-09-02T12:31:56.0364339+07:00,2026/09/02 12:31:56.067, NVIDIA GeForce RTX 5060, 591.86, P8, 28, 0, 598, 8151, 7.97, 145.00, 210, 405, 1, 8
2026-09-02T12:32:01.1485834+07:00,2026/09/02 12:32:01.179, NVIDIA GeForce RTX 5060, 591.86, P8, 28, 0, 598, 8151, 8.16, 145.00, 210, 405, 1, 8
2026-09-02T12:32:06.1976294+07:00,2026/09/02 12:32:06.228, NVIDIA GeForce RTX 5060, 591.86, P8, 28, 0, 598, 8151, 7.98, 145.00, 210, 405, 1, 8
2026-09-02T12:32:11.2457933+07:00,2026/09/02 12:32:11.276, NVIDIA GeForce RTX 5060, 591.86, P8, 28, 0, 598, 8151, 7.80, 145.00, 210, 405, 1, 8
2026-09-02T12:32:16.2951865+07:00,2026/09/02 12:32:16.326, NVIDIA GeForce RTX 5060, 591.86, P8, 28, 0, 598, 8151, 7.83, 145.00, 210, 405, 1, 8
2026-09-02T12:32:21.3450749+07:00,2026/09/02 12:32:21.391, NVIDIA GeForce RTX 5060, 591.86, P8, 28, 0, 598, 8151, 7.79, 145.00, 210, 405, 1, 8
2026-09-02T12:32:26.4200246+07:00,2026/09/02 12:32:26.451, NVIDIA GeForce RTX 5060, 591.86, P8, 28, 0, 598, 8151, 8.03, 145.00, 210, 405, 1, 8
2026-09-02T12:32:31.5328400+07:00,2026/09/02 12:32:31.563, NVIDIA GeForce RTX 5060, 591.86, P8, 28, 0, 598, 8151, 7.87, 145.00, 210, 405, 1, 8
2026-09-02T12:32:36.5838939+07:00,2026/09/02 12:32:36.614, NVIDIA GeForce RTX 5060, 591.86, P8, 28, 0, 598, 8151, 7.96, 145.00, 210, 405, 1, 8
2026-09-02T12:32:41.6351824+07:00,2026/09/02 12:32:41.666, NVIDIA GeForce RTX 5060, 591.86, P8, 28, 0, 598, 8151, 7.84, 145.00, 210, 405, 1, 8
2026-09-02T12:32:46.7097572+07:00,2026/09/02 12:32:46.740, NVIDIA GeForce RTX 5060, 591.86, P8, 28, 0, 598, 8151, 7.85, 145.00, 210, 405, 1, 8
2026-09-02T12:32:51.7608168+07:00,2026/09/02 12:32:51.791, NVIDIA GeForce RTX 5060, 591.86, P8, 28, 0, 598, 8151, 7.75, 145.00, 210, 405, 1, 8
2026-09-02T12:32:56.8123919+07:00,2026/09/02 12:32:56.843, NVIDIA GeForce RTX 5060, 591.86, P8, 28, 0, 598, 8151, 7.74, 145.00, 210, 405, 1, 8
2026-09-02T12:33:01.9402495+07:00,2026/09/02 12:33:01.971, NVIDIA GeForce RTX 5060, 591.86, P8, 28, 0, 598, 8151, 8.18, 145.00, 210, 405, 1, 8
2026-09-02T12:33:07.0004113+07:00,2026/09/02 12:33:07.046, NVIDIA GeForce RTX 5060, 591.86, P8, 28, 0, 598, 8151, 7.74, 145.00, 210, 405, 1, 8
2026-09-02T12:33:12.0668097+07:00,2026/09/02 12:33:12.113, NVIDIA GeForce RTX 5060, 591.86, P8, 28, 0, 598, 8151, 7.66, 145.00, 210, 405, 1, 8
2026-09-02T12:33:17.1331728+07:00,2026/09/02 12:33:17.179, NVIDIA GeForce RTX 5060, 591.86, P8, 28, 0, 598, 8151, 8.07, 145.00, 210, 405, 1, 8
2026-09-02T12:33:22.1992582+07:00,2026/09/02 12:33:22.230, NVIDIA GeForce RTX 5060, 591.86, P8, 28, 0, 598, 8151, 7.75, 145.00, 210, 405, 1, 8
2026-09-02T12:33:27.2593646+07:00,2026/09/02 12:33:27.290, NVIDIA GeForce RTX 5060, 591.86, P8, 28, 0, 602, 8151, 7.93, 145.00, 225, 405, 1, 8
2026-09-02T12:33:32.3738153+07:00,2026/09/02 12:33:32.404, NVIDIA GeForce RTX 5060, 591.86, P8, 28, 0, 598, 8151, 8.53, 145.00, 210, 405, 1, 8
2026-09-02T12:33:37.4253710+07:00,2026/09/02 12:33:37.471, NVIDIA GeForce RTX 5060, 591.86, P8, 28, 0, 598, 8151, 7.85, 145.00, 210, 405, 1, 8
2026-09-02T12:33:42.4901641+07:00,2026/09/02 12:33:42.521, NVIDIA GeForce RTX 5060, 591.86, P8, 28, 0, 598, 8151, 7.92, 145.00, 210, 405, 1, 8
2026-09-02T12:33:47.5440515+07:00,2026/09/02 12:33:47.575, NVIDIA GeForce RTX 5060, 591.86, P8, 28, 0, 598, 8151, 8.00, 145.00, 210, 405, 1, 8
2026-09-02T12:33:52.5948036+07:00,2026/09/02 12:33:52.625, NVIDIA GeForce RTX 5060, 591.86, P8, 28, 0, 598, 8151, 7.96, 145.00, 202, 405, 1, 8
2026-09-02T12:33:57.6465888+07:00,2026/09/02 12:33:57.693, NVIDIA GeForce RTX 5060, 591.86, P8, 28, 0, 598, 8151, 7.87, 145.00, 210, 405, 1, 8
2026-09-02T12:34:02.7741232+07:00,2026/09/02 12:34:02.805, NVIDIA GeForce RTX 5060, 591.86, P8, 28, 0, 598, 8151, 8.40, 145.00, 210, 405, 1, 8
2026-09-02T12:34:07.8226296+07:00,2026/09/02 12:34:07.853, NVIDIA GeForce RTX 5060, 591.86, P8, 28, 0, 598, 8151, 7.93, 145.00, 210, 405, 1, 8
2026-09-02T12:34:12.8730359+07:00,2026/09/02 12:34:12.903, NVIDIA GeForce RTX 5060, 591.86, P8, 28, 0, 598, 8151, 7.79, 145.00, 210, 405, 1, 8
2026-09-02T12:34:17.9236866+07:00,2026/09/02 12:34:17.954, NVIDIA GeForce RTX 5060, 591.86, P8, 28, 0, 598, 8151, 8.30, 145.00, 210, 405, 1, 8
2026-09-02T12:34:22.9742417+07:00,2026/09/02 12:34:23.005, NVIDIA GeForce RTX 5060, 591.86, P8, 28, 0, 598, 8151, 7.87, 145.00, 210, 405, 1, 8
2026-09-02T12:34:28.0239879+07:00,2026/09/02 12:34:28.054, NVIDIA GeForce RTX 5060, 591.86, P8, 28, 0, 598, 8151, 7.95, 145.00, 210, 405, 1, 8
2026-09-02T12:34:33.1376734+07:00,2026/09/02 12:34:33.168, NVIDIA GeForce RTX 5060, 591.86, P8, 28, 0, 598, 8151, 7.95, 145.00, 210, 405, 1, 8
2026-09-02T12:34:38.2048014+07:00,2026/09/02 12:34:38.235, NVIDIA GeForce RTX 5060, 591.86, P8, 28, 0, 598, 8151, 7.93, 145.00, 210, 405, 1, 8
2026-09-02T12:34:43.2545253+07:00,2026/09/02 12:34:43.285, NVIDIA GeForce RTX 5060, 591.86, P8, 28, 0, 598, 8151, 7.97, 145.00, 210, 405, 1, 8
2026-09-02T12:34:48.3037462+07:00,2026/09/02 12:34:48.334, NVIDIA GeForce RTX 5060, 591.86, P8, 28, 0, 598, 8151, 7.81, 145.00, 210, 405, 1, 8
2026-09-02T12:34:53.3549032+07:00,2026/09/02 12:34:53.401, NVIDIA GeForce RTX 5060, 591.86, P8, 28, 0, 598, 8151, 8.02, 145.00, 210, 405, 1, 8
2026-09-02T12:34:58.4215507+07:00,2026/09/02 12:34:58.452, NVIDIA GeForce RTX 5060, 591.86, P8, 28, 0, 598, 8151, 7.95, 145.00, 210, 405, 1, 8
2026-09-02T12:35:03.5433710+07:00,2026/09/02 12:35:03.574, NVIDIA GeForce RTX 5060, 591.86, P8, 28, 0, 598, 8151, 8.28, 145.00, 210, 405, 1, 8
2026-09-02T12:35:08.5945178+07:00,2026/09/02 12:35:08.625, NVIDIA GeForce RTX 5060, 591.86, P8, 28, 0, 598, 8151, 7.93, 145.00, 210, 405, 1, 8
2026-09-02T12:35:13.6454280+07:00,2026/09/02 12:35:13.676, NVIDIA GeForce RTX 5060, 591.86, P8, 28, 0, 598, 8151, 7.85, 145.00, 210, 405, 1, 8
2026-09-02T12:35:18.6958794+07:00,2026/09/02 12:35:18.726, NVIDIA GeForce RTX 5060, 591.86, P8, 28, 0, 598, 8151, 8.47, 145.00, 210, 405, 1, 8
2026-09-02T12:35:23.7551008+07:00,2026/09/02 12:35:23.786, NVIDIA GeForce RTX 5060, 591.86, P8, 28, 0, 598, 8151, 7.86, 145.00, 210, 405, 1, 8
2026-09-02T12:35:28.8051650+07:00,2026/09/02 12:35:28.836, NVIDIA GeForce RTX 5060, 591.86, P8, 28, 0, 598, 8151, 7.74, 145.00, 202, 405, 1, 8
2026-09-02T12:35:33.9316726+07:00,2026/09/02 12:35:33.962, NVIDIA GeForce RTX 5060, 591.86, P8, 28, 0, 598, 8151, 7.91, 145.00, 210, 405, 1, 8
2026-09-02T12:35:38.9814646+07:00,2026/09/02 12:35:39.011, NVIDIA GeForce RTX 5060, 591.86, P8, 28, 0, 598, 8151, 7.92, 145.00, 210, 405, 1, 8
2026-09-02T12:35:44.0396638+07:00,2026/09/02 12:35:44.070, NVIDIA GeForce RTX 5060, 591.86, P8, 28, 0, 598, 8151, 7.94, 145.00, 210, 405, 1, 8
2026-09-02T12:35:49.0898422+07:00,2026/09/02 12:35:49.120, NVIDIA GeForce RTX 5060, 591.86, P8, 28, 0, 598, 8151, 7.92, 145.00, 210, 405, 1, 8
2026-09-02T12:35:54.1425392+07:00,2026/09/02 12:35:54.173, NVIDIA GeForce RTX 5060, 591.86, P8, 28, 0, 598, 8151, 8.07, 145.00, 210, 405, 1, 8
2026-09-02T12:35:59.2092977+07:00,2026/09/02 12:35:59.240, NVIDIA GeForce RTX 5060, 591.86, P8, 28, 0, 598, 8151, 8.11, 145.00, 210, 405, 1, 8
2026-09-02T12:36:04.3262545+07:00,2026/09/02 12:36:04.357, NVIDIA GeForce RTX 5060, 591.86, P8, 28, 0, 598, 8151, 8.32, 145.00, 210, 405, 1, 8
2026-09-02T12:36:09.3777483+07:00,2026/09/02 12:36:09.408, NVIDIA GeForce RTX 5060, 591.86, P8, 28, 0, 598, 8151, 7.90, 145.00, 210, 405, 1, 8
2026-09-02T12:36:14.4289205+07:00,2026/09/02 12:36:14.459, NVIDIA GeForce RTX 5060, 591.86, P8, 28, 0, 598, 8151, 7.91, 145.00, 210, 405, 1, 8
2026-09-02T12:36:19.4807703+07:00,2026/09/02 12:36:19.527, NVIDIA GeForce RTX 5060, 591.86, P8, 28, 0, 598, 8151, 7.98, 145.00, 210, 405, 1, 8
2026-09-02T12:36:24.5598163+07:00,2026/09/02 12:36:24.590, NVIDIA GeForce RTX 5060, 591.86, P8, 28, 0, 598, 8151, 7.70, 145.00, 210, 405, 1, 8
2026-09-02T12:36:29.6102304+07:00,2026/09/02 12:36:29.641, NVIDIA GeForce RTX 5060, 591.86, P8, 28, 0, 598, 8151, 7.75, 145.00, 210, 405, 1, 8
2026-09-02T12:36:34.7239544+07:00,2026/09/02 12:36:34.754, NVIDIA GeForce RTX 5060, 591.86, P8, 28, 0, 598, 8151, 7.85, 145.00, 210, 405, 1, 8
2026-09-02T12:36:39.7739438+07:00,2026/09/02 12:36:39.805, NVIDIA GeForce RTX 5060, 591.86, P8, 28, 0, 598, 8151, 7.78, 145.00, 210, 405, 1, 8
2026-09-02T12:36:44.8307535+07:00,2026/09/02 12:36:44.861, NVIDIA GeForce RTX 5060, 591.86, P8, 28, 0, 598, 8151, 7.92, 145.00, 210, 405, 1, 8
2026-09-02T12:36:49.8793879+07:00,2026/09/02 12:36:49.910, NVIDIA GeForce RTX 5060, 591.86, P8, 28, 0, 598, 8151, 7.78, 145.00, 210, 405, 1, 8
2026-09-02T12:36:54.9296267+07:00,2026/09/02 12:36:54.960, NVIDIA GeForce RTX 5060, 591.86, P8, 28, 0, 598, 8151, 7.88, 145.00, 210, 405, 1, 8
2026-09-02T12:36:59.9789008+07:00,2026/09/02 12:37:00.009, NVIDIA GeForce RTX 5060, 591.86, P8, 28, 0, 598, 8151, 7.86, 145.00, 210, 405, 1, 8
2026-09-02T12:37:05.1045667+07:00,2026/09/02 12:37:05.135, NVIDIA GeForce RTX 5060, 591.86, P8, 28, 0, 598, 8151, 7.88, 145.00, 210, 405, 1, 8
2026-09-02T12:37:10.1555558+07:00,2026/09/02 12:37:10.186, NVIDIA GeForce RTX 5060, 591.86, P8, 28, 0, 598, 8151, 7.69, 145.00, 210, 405, 1, 8
2026-09-02T12:37:15.2061802+07:00,2026/09/02 12:37:15.237, NVIDIA GeForce RTX 5060, 591.86, P8, 28, 0, 598, 8151, 7.93, 145.00, 210, 405, 1, 8
2026-09-02T12:37:20.2544361+07:00,2026/09/02 12:37:20.284, NVIDIA GeForce RTX 5060, 591.86, P8, 28, 0, 598, 8151, 7.98, 145.00, 210, 405, 1, 8
2026-09-02T12:37:25.3053377+07:00,2026/09/02 12:37:25.336, NVIDIA GeForce RTX 5060, 591.86, P8, 28, 0, 598, 8151, 8.02, 145.00, 210, 405, 1, 8
2026-09-02T12:37:30.3562308+07:00,2026/09/02 12:37:30.387, NVIDIA GeForce RTX 5060, 591.86, P8, 28, 0, 598, 8151, 7.83, 145.00, 210, 405, 1, 8
2026-09-02T12:37:35.4698589+07:00,2026/09/02 12:37:35.516, NVIDIA GeForce RTX 5060, 591.86, P8, 28, 0, 598, 8151, 8.01, 145.00, 210, 405, 1, 8
2026-09-02T12:37:40.5426881+07:00,2026/09/02 12:37:40.589, NVIDIA GeForce RTX 5060, 591.86, P8, 28, 0, 598, 8151, 7.99, 145.00, 210, 405, 1, 8
2026-09-02T12:37:45.6079802+07:00,2026/09/02 12:37:45.654, NVIDIA GeForce RTX 5060, 591.86, P8, 28, 0, 598, 8151, 7.83, 145.00, 210, 405, 1, 8
2026-09-02T12:37:50.6894717+07:00,2026/09/02 12:37:50.720, NVIDIA GeForce RTX 5060, 591.86, P8, 28, 0, 598, 8151, 7.86, 145.00, 210, 405, 1, 8
2026-09-02T12:37:55.7404791+07:00,2026/09/02 12:37:55.771, NVIDIA GeForce RTX 5060, 591.86, P8, 28, 0, 598, 8151, 8.02, 145.00, 210, 405, 1, 8
2026-09-02T12:38:00.8184419+07:00,2026/09/02 12:38:00.849, NVIDIA GeForce RTX 5060, 591.86, P8, 28, 0, 598, 8151, 8.14, 145.00, 240, 405, 1, 8
2026-09-02T12:38:05.9310721+07:00,2026/09/02 12:38:05.962, NVIDIA GeForce RTX 5060, 591.86, P8, 28, 0, 598, 8151, 7.95, 145.00, 210, 405, 1, 8
2026-09-02T12:38:10.9822722+07:00,2026/09/02 12:38:11.013, NVIDIA GeForce RTX 5060, 591.86, P8, 28, 0, 598, 8151, 8.01, 145.00, 210, 405, 1, 8
2026-09-02T12:38:16.0321106+07:00,2026/09/02 12:38:16.063, NVIDIA GeForce RTX 5060, 591.86, P8, 28, 0, 598, 8151, 7.85, 145.00, 210, 405, 1, 8
2026-09-02T12:38:21.0907684+07:00,2026/09/02 12:38:21.121, NVIDIA GeForce RTX 5060, 591.86, P8, 28, 0, 598, 8151, 7.85, 145.00, 210, 405, 1, 8
2026-09-02T12:38:26.1419759+07:00,2026/09/02 12:38:26.173, NVIDIA GeForce RTX 5060, 591.86, P8, 28, 0, 598, 8151, 7.89, 145.00, 210, 405, 1, 8
2026-09-02T12:38:31.1917991+07:00,2026/09/02 12:38:31.222, NVIDIA GeForce RTX 5060, 591.86, P8, 28, 0, 598, 8151, 8.03, 145.00, 210, 405, 1, 8
2026-09-02T12:38:36.3169108+07:00,2026/09/02 12:38:36.347, NVIDIA GeForce RTX 5060, 591.86, P8, 28, 0, 598, 8151, 7.95, 145.00, 210, 405, 1, 8
2026-09-02T12:38:41.3675698+07:00,2026/09/02 12:38:41.398, NVIDIA GeForce RTX 5060, 591.86, P8, 28, 0, 598, 8151, 8.00, 145.00, 210, 405, 1, 8
2026-09-02T12:38:46.4188788+07:00,2026/09/02 12:38:46.449, NVIDIA GeForce RTX 5060, 591.86, P8, 28, 0, 598, 8151, 7.84, 145.00, 210, 405, 1, 8
2026-09-02T12:38:51.4709404+07:00,2026/09/02 12:38:51.501, NVIDIA GeForce RTX 5060, 591.86, P8, 28, 0, 598, 8151, 7.83, 145.00, 210, 405, 1, 8
2026-09-02T12:38:56.5334120+07:00,2026/09/02 12:38:56.564, NVIDIA GeForce RTX 5060, 591.86, P8, 28, 0, 598, 8151, 7.87, 145.00, 210, 405, 1, 8
2026-09-02T12:39:01.5830338+07:00,2026/09/02 12:39:01.644, NVIDIA GeForce RTX 5060, 591.86, P8, 28, 0, 598, 8151, 8.42, 145.00, 210, 405, 1, 8
2026-09-02T12:39:06.7265693+07:00,2026/09/02 12:39:06.757, NVIDIA GeForce RTX 5060, 591.86, P8, 28, 0, 598, 8151, 7.96, 145.00, 210, 405, 1, 8
2026-09-02T12:39:11.7777937+07:00,2026/09/02 12:39:11.808, NVIDIA GeForce RTX 5060, 591.86, P8, 28, 0, 598, 8151, 7.91, 145.00, 210, 405, 1, 8
2026-09-02T12:39:16.8352705+07:00,2026/09/02 12:39:16.866, NVIDIA GeForce RTX 5060, 591.86, P8, 28, 0, 598, 8151, 7.93, 145.00, 210, 405, 1, 8
2026-09-02T12:39:21.8867730+07:00,2026/09/02 12:39:21.917, NVIDIA GeForce RTX 5060, 591.86, P8, 28, 0, 598, 8151, 7.72, 145.00, 210, 405, 1, 8
2026-09-02T12:39:26.9378303+07:00,2026/09/02 12:39:26.984, NVIDIA GeForce RTX 5060, 591.86, P8, 28, 0, 598, 8151, 7.85, 145.00, 210, 405, 1, 8
2026-09-02T12:39:32.0043199+07:00,2026/09/02 12:39:32.035, NVIDIA GeForce RTX 5060, 591.86, P8, 28, 0, 598, 8151, 7.82, 145.00, 210, 405, 1, 8
2026-09-02T12:39:37.1273468+07:00,2026/09/02 12:39:37.158, NVIDIA GeForce RTX 5060, 591.86, P8, 28, 0, 598, 8151, 7.89, 145.00, 210, 405, 1, 8
2026-09-02T12:39:42.1779634+07:00,2026/09/02 12:39:42.209, NVIDIA GeForce RTX 5060, 591.86, P8, 28, 0, 598, 8151, 7.93, 145.00, 210, 405, 1, 8
2026-09-02T12:39:47.2295167+07:00,2026/09/02 12:39:47.276, NVIDIA GeForce RTX 5060, 591.86, P8, 28, 0, 598, 8151, 8.03, 145.00, 210, 405, 1, 8
2026-09-02T12:39:52.2960554+07:00,2026/09/02 12:39:52.327, NVIDIA GeForce RTX 5060, 591.86, P8, 28, 0, 598, 8151, 7.91, 145.00, 210, 405, 1, 8
2026-09-02T12:39:57.3482522+07:00,2026/09/02 12:39:57.379, NVIDIA GeForce RTX 5060, 591.86, P8, 28, 0, 598, 8151, 8.01, 145.00, 210, 405, 1, 8
2026-09-02T12:40:02.3994005+07:00,2026/09/02 12:40:02.445, NVIDIA GeForce RTX 5060, 591.86, P8, 28, 0, 598, 8151, 8.31, 145.00, 210, 405, 1, 8
2026-09-02T12:40:07.5431634+07:00,2026/09/02 12:40:07.574, NVIDIA GeForce RTX 5060, 591.86, P8, 28, 0, 598, 8151, 7.97, 145.00, 202, 405, 1, 8
2026-09-02T12:40:12.5937552+07:00,2026/09/02 12:40:12.624, NVIDIA GeForce RTX 5060, 591.86, P8, 28, 0, 598, 8151, 7.91, 145.00, 210, 405, 1, 8
2026-09-02T12:40:17.6556306+07:00,2026/09/02 12:40:17.686, NVIDIA GeForce RTX 5060, 591.86, P8, 28, 0, 598, 8151, 8.49, 145.00, 210, 405, 1, 8
2026-09-02T12:40:22.7068197+07:00,2026/09/02 12:40:22.753, NVIDIA GeForce RTX 5060, 591.86, P8, 28, 0, 691, 8151, 9.21, 145.00, 210, 405, 1, 8
2026-09-02T12:40:27.7889503+07:00,2026/09/02 12:40:27.819, NVIDIA GeForce RTX 5060, 591.86, P8, 28, 0, 691, 8151, 8.52, 145.00, 210, 405, 1, 8
2026-09-02T12:40:32.8389260+07:00,2026/09/02 12:40:32.885, NVIDIA GeForce RTX 5060, 591.86, P8, 29, 0, 694, 8151, 8.67, 145.00, 210, 405, 1, 8
2026-09-02T12:40:37.9613748+07:00,2026/09/02 12:40:37.992, NVIDIA GeForce RTX 5060, 591.86, P8, 28, 0, 694, 8151, 8.42, 145.00, 210, 405, 1, 8
2026-09-02T12:40:43.0275193+07:00,2026/09/02 12:40:43.058, NVIDIA GeForce RTX 5060, 591.86, P5, 29, 0, 694, 8151, 9.90, 145.00, 210, 810, 2, 8
2026-09-02T12:40:48.0776740+07:00,2026/09/02 12:40:48.108, NVIDIA GeForce RTX 5060, 591.86, P8, 28, 0, 694, 8151, 8.02, 145.00, 210, 405, 1, 8
2026-09-02T12:40:53.1261272+07:00,2026/09/02 12:40:53.156, NVIDIA GeForce RTX 5060, 591.86, P8, 29, 0, 700, 8151, 8.52, 145.00, 210, 405, 1, 8
2026-09-02T12:40:58.1840954+07:00,2026/09/02 12:40:58.215, NVIDIA GeForce RTX 5060, 591.86, P8, 29, 0, 694, 8151, 8.53, 145.00, 210, 405, 1, 8
2026-09-02T12:41:03.2356401+07:00,2026/09/02 12:41:03.266, NVIDIA GeForce RTX 5060, 591.86, P8, 29, 0, 694, 8151, 8.35, 145.00, 210, 405, 1, 8
2026-09-02T12:41:08.3488603+07:00,2026/09/02 12:41:08.379, NVIDIA GeForce RTX 5060, 591.86, P8, 28, 0, 694, 8151, 8.00, 145.00, 210, 405, 1, 8
2026-09-02T12:41:13.3997914+07:00,2026/09/02 12:41:13.430, NVIDIA GeForce RTX 5060, 591.86, P8, 28, 0, 694, 8151, 7.98, 145.00, 210, 405, 1, 8
2026-09-02T12:41:18.4457060+07:00,2026/09/02 12:41:18.476, NVIDIA GeForce RTX 5060, 591.86, P8, 29, 0, 694, 8151, 8.41, 145.00, 210, 405, 1, 8
2026-09-02T12:41:23.4967469+07:00,2026/09/02 12:41:23.543, NVIDIA GeForce RTX 5060, 591.86, P8, 28, 0, 694, 8151, 8.06, 145.00, 210, 405, 1, 8
2026-09-02T12:41:28.5632878+07:00,2026/09/02 12:41:28.594, NVIDIA GeForce RTX 5060, 591.86, P8, 28, 0, 694, 8151, 8.16, 145.00, 210, 405, 1, 8
2026-09-02T12:41:33.6125947+07:00,2026/09/02 12:41:33.643, NVIDIA GeForce RTX 5060, 591.86, P8, 29, 0, 694, 8151, 8.17, 145.00, 210, 405, 1, 8
2026-09-02T12:41:38.7085063+07:00,2026/09/02 12:41:38.755, NVIDIA GeForce RTX 5060, 591.86, P8, 29, 0, 694, 8151, 7.88, 145.00, 210, 405, 1, 8
2026-09-02T12:41:43.7749139+07:00,2026/09/02 12:41:43.805, NVIDIA GeForce RTX 5060, 591.86, P8, 28, 0, 694, 8151, 7.88, 145.00, 210, 405, 1, 8
2026-09-02T12:41:48.8253669+07:00,2026/09/02 12:41:48.856, NVIDIA GeForce RTX 5060, 591.86, P8, 28, 0, 694, 8151, 7.87, 145.00, 202, 405, 1, 8
2026-09-02T12:41:53.8852223+07:00,2026/09/02 12:41:53.916, NVIDIA GeForce RTX 5060, 591.86, P8, 28, 0, 694, 8151, 8.01, 145.00, 210, 405, 1, 8
2026-09-02T12:41:58.9363924+07:00,2026/09/02 12:41:58.967, NVIDIA GeForce RTX 5060, 591.86, P8, 28, 0, 694, 8151, 8.06, 145.00, 210, 405, 1, 8
2026-09-02T12:42:03.9876428+07:00,2026/09/02 12:42:04.018, NVIDIA GeForce RTX 5060, 591.86, P8, 29, 0, 694, 8151, 8.41, 145.00, 210, 405, 1, 8
2026-09-02T12:42:09.0987156+07:00,2026/09/02 12:42:09.129, NVIDIA GeForce RTX 5060, 591.86, P8, 28, 0, 694, 8151, 8.01, 145.00, 210, 405, 1, 8
2026-09-02T12:42:14.1586717+07:00,2026/09/02 12:42:14.189, NVIDIA GeForce RTX 5060, 591.86, P8, 28, 0, 694, 8151, 7.89, 145.00, 210, 405, 1, 8
2026-09-02T12:42:19.2102302+07:00,2026/09/02 12:42:19.241, NVIDIA GeForce RTX 5060, 591.86, P8, 29, 0, 694, 8151, 8.41, 145.00, 210, 405, 1, 8
2026-09-02T12:42:24.2615073+07:00,2026/09/02 12:42:24.292, NVIDIA GeForce RTX 5060, 591.86, P8, 28, 0, 694, 8151, 8.01, 145.00, 210, 405, 1, 8
2026-09-02T12:42:29.3121519+07:00,2026/09/02 12:42:29.343, NVIDIA GeForce RTX 5060, 591.86, P8, 28, 0, 694, 8151, 7.93, 145.00, 210, 405, 1, 8
2026-09-02T12:42:34.3722314+07:00,2026/09/02 12:42:34.403, NVIDIA GeForce RTX 5060, 591.86, P8, 28, 0, 694, 8151, 7.98, 145.00, 210, 405, 1, 8
2026-09-02T12:42:39.4846945+07:00,2026/09/02 12:42:39.515, NVIDIA GeForce RTX 5060, 591.86, P8, 28, 0, 694, 8151, 7.97, 145.00, 210, 405, 1, 8
2026-09-02T12:42:44.5365331+07:00,2026/09/02 12:42:44.567, NVIDIA GeForce RTX 5060, 591.86, P8, 28, 0, 694, 8151, 7.89, 145.00, 210, 405, 1, 8
2026-09-02T12:42:49.5879797+07:00,2026/09/02 12:42:49.618, NVIDIA GeForce RTX 5060, 591.86, P8, 28, 0, 694, 8151, 7.98, 145.00, 210, 405, 1, 8
2026-09-02T12:42:54.6414741+07:00,2026/09/02 12:42:54.687, NVIDIA GeForce RTX 5060, 591.86, P8, 28, 0, 694, 8151, 8.18, 145.00, 210, 405, 1, 8
2026-09-02T12:42:59.7070772+07:00,2026/09/02 12:42:59.738, NVIDIA GeForce RTX 5060, 591.86, P8, 28, 0, 694, 8151, 7.94, 145.00, 210, 405, 1, 8
2026-09-02T12:43:04.7572092+07:00,2026/09/02 12:43:04.803, NVIDIA GeForce RTX 5060, 591.86, P8, 29, 0, 694, 8151, 8.56, 145.00, 210, 405, 1, 8
2026-09-02T12:43:09.8860197+07:00,2026/09/02 12:43:09.917, NVIDIA GeForce RTX 5060, 591.86, P8, 28, 0, 694, 8151, 8.08, 145.00, 210, 405, 1, 8
2026-09-02T12:43:14.9480515+07:00,2026/09/02 12:43:14.994, NVIDIA GeForce RTX 5060, 591.86, P8, 28, 0, 694, 8151, 7.86, 145.00, 210, 405, 1, 8
2026-09-02T12:43:20.0300311+07:00,2026/09/02 12:43:20.061, NVIDIA GeForce RTX 5060, 591.86, P8, 28, 0, 694, 8151, 7.91, 145.00, 210, 405, 1, 8
2026-09-02T12:43:25.0807754+07:00,2026/09/02 12:43:25.111, NVIDIA GeForce RTX 5060, 591.86, P8, 28, 0, 694, 8151, 8.02, 145.00, 210, 405, 1, 8
2026-09-02T12:43:30.1299194+07:00,2026/09/02 12:43:30.160, NVIDIA GeForce RTX 5060, 591.86, P8, 28, 0, 694, 8151, 7.83, 145.00, 210, 405, 1, 8
2026-09-02T12:43:35.1855492+07:00,2026/09/02 12:43:35.216, NVIDIA GeForce RTX 5060, 591.86, P8, 28, 0, 694, 8151, 7.95, 145.00, 210, 405, 1, 8
2026-09-02T12:43:40.2986676+07:00,2026/09/02 12:43:40.329, NVIDIA GeForce RTX 5060, 591.86, P8, 28, 0, 694, 8151, 7.93, 145.00, 210, 405, 1, 8
2026-09-02T12:43:45.3493006+07:00,2026/09/02 12:43:45.380, NVIDIA GeForce RTX 5060, 591.86, P8, 28, 0, 694, 8151, 7.96, 145.00, 210, 405, 1, 8
2026-09-02T12:43:50.4006759+07:00,2026/09/02 12:43:50.431, NVIDIA GeForce RTX 5060, 591.86, P8, 28, 0, 694, 8151, 7.96, 145.00, 210, 405, 1, 8
2026-09-02T12:43:55.4557762+07:00,2026/09/02 12:43:55.486, NVIDIA GeForce RTX 5060, 591.86, P8, 28, 0, 694, 8151, 8.05, 145.00, 210, 405, 1, 8
2026-09-02T12:44:00.5070052+07:00,2026/09/02 12:44:00.537, NVIDIA GeForce RTX 5060, 591.86, P8, 28, 0, 694, 8151, 7.94, 145.00, 210, 405, 1, 8
2026-09-02T12:44:05.5567569+07:00,2026/09/02 12:44:05.587, NVIDIA GeForce RTX 5060, 591.86, P8, 28, 0, 694, 8151, 7.86, 145.00, 210, 405, 1, 8
2026-09-02T12:44:10.6681298+07:00,2026/09/02 12:44:10.699, NVIDIA GeForce RTX 5060, 591.86, P8, 28, 0, 694, 8151, 7.70, 145.00, 210, 405, 1, 8
2026-09-02T12:44:15.7438143+07:00,2026/09/02 12:44:15.774, NVIDIA GeForce RTX 5060, 591.86, P8, 28, 0, 694, 8151, 7.94, 145.00, 210, 405, 1, 8
2026-09-02T12:44:20.7939411+07:00,2026/09/02 12:44:20.824, NVIDIA GeForce RTX 5060, 591.86, P8, 28, 0, 694, 8151, 7.90, 145.00, 210, 405, 1, 8
2026-09-02T12:44:25.8444861+07:00,2026/09/02 12:44:25.875, NVIDIA GeForce RTX 5060, 591.86, P8, 28, 0, 694, 8151, 7.83, 145.00, 202, 405, 1, 8
2026-09-02T12:44:30.8950289+07:00,2026/09/02 12:44:30.926, NVIDIA GeForce RTX 5060, 591.86, P8, 29, 0, 694, 8151, 8.02, 145.00, 210, 405, 1, 8
2026-09-02T12:44:35.9428850+07:00,2026/09/02 12:44:35.989, NVIDIA GeForce RTX 5060, 591.86, P8, 28, 0, 694, 8151, 7.84, 145.00, 210, 405, 1, 8
2026-09-02T12:44:41.0710456+07:00,2026/09/02 12:44:41.117, NVIDIA GeForce RTX 5060, 591.86, P8, 28, 0, 694, 8151, 7.81, 145.00, 210, 405, 1, 8
2026-09-02T12:44:46.1388986+07:00,2026/09/02 12:44:46.185, NVIDIA GeForce RTX 5060, 591.86, P8, 28, 0, 694, 8151, 7.95, 145.00, 210, 405, 1, 8
2026-09-02T12:44:51.2046855+07:00,2026/09/02 12:44:51.235, NVIDIA GeForce RTX 5060, 591.86, P8, 28, 0, 694, 8151, 7.76, 145.00, 210, 405, 1, 8
2026-09-02T12:44:56.2534670+07:00,2026/09/02 12:44:56.284, NVIDIA GeForce RTX 5060, 591.86, P8, 28, 0, 694, 8151, 8.07, 145.00, 210, 405, 1, 8
2026-09-02T12:45:01.3036408+07:00,2026/09/02 12:45:01.350, NVIDIA GeForce RTX 5060, 591.86, P8, 29, 0, 694, 8151, 8.25, 145.00, 210, 405, 1, 8
2026-09-02T12:45:06.3715593+07:00,2026/09/02 12:45:06.402, NVIDIA GeForce RTX 5060, 591.86, P8, 28, 0, 694, 8151, 7.82, 145.00, 210, 405, 1, 8
2026-09-02T12:45:11.4925353+07:00,2026/09/02 12:45:11.523, NVIDIA GeForce RTX 5060, 591.86, P8, 28, 0, 694, 8151, 8.02, 145.00, 210, 405, 1, 8
2026-09-02T12:45:16.5430046+07:00,2026/09/02 12:45:16.589, NVIDIA GeForce RTX 5060, 591.86, P8, 28, 0, 694, 8151, 8.08, 145.00, 210, 405, 1, 8
2026-09-02T12:45:21.6102766+07:00,2026/09/02 12:45:21.641, NVIDIA GeForce RTX 5060, 591.86, P8, 28, 0, 694, 8151, 7.82, 145.00, 210, 405, 1, 8
2026-09-02T12:45:26.6618979+07:00,2026/09/02 12:45:26.692, NVIDIA GeForce RTX 5060, 591.86, P8, 28, 0, 694, 8151, 7.94, 145.00, 210, 405, 1, 8
2026-09-02T12:45:31.7192403+07:00,2026/09/02 12:45:31.765, NVIDIA GeForce RTX 5060, 591.86, P8, 28, 0, 694, 8151, 7.97, 145.00, 210, 405, 1, 8
2026-09-02T12:45:36.7861093+07:00,2026/09/02 12:45:36.832, NVIDIA GeForce RTX 5060, 591.86, P8, 28, 0, 694, 8151, 7.95, 145.00, 210, 405, 1, 8
2026-09-02T12:45:41.9300694+07:00,2026/09/02 12:45:41.961, NVIDIA GeForce RTX 5060, 591.86, P8, 28, 0, 694, 8151, 7.85, 145.00, 210, 405, 1, 8
2026-09-02T12:45:46.9821820+07:00,2026/09/02 12:45:47.013, NVIDIA GeForce RTX 5060, 591.86, P8, 28, 0, 694, 8151, 7.90, 145.00, 210, 405, 1, 8
2026-09-02T12:45:52.0411309+07:00,2026/09/02 12:45:52.072, NVIDIA GeForce RTX 5060, 591.86, P8, 28, 0, 694, 8151, 8.09, 145.00, 210, 405, 1, 8
2026-09-02T12:45:57.0936012+07:00,2026/09/02 12:45:57.124, NVIDIA GeForce RTX 5060, 591.86, P8, 28, 0, 694, 8151, 7.93, 145.00, 210, 405, 1, 8
2026-09-02T12:46:02.1445436+07:00,2026/09/02 12:46:02.175, NVIDIA GeForce RTX 5060, 591.86, P8, 28, 0, 694, 8151, 8.48, 145.00, 210, 405, 1, 8
2026-09-02T12:46:07.1955106+07:00,2026/09/02 12:46:07.226, NVIDIA GeForce RTX 5060, 591.86, P8, 28, 0, 694, 8151, 8.00, 145.00, 210, 405, 1, 8
2026-09-02T12:46:12.3309176+07:00,2026/09/02 12:46:12.377, NVIDIA GeForce RTX 5060, 591.86, P8, 28, 0, 694, 8151, 8.18, 145.00, 210, 405, 1, 8
2026-09-02T12:46:17.3978662+07:00,2026/09/02 12:46:17.428, NVIDIA GeForce RTX 5060, 591.86, P8, 28, 0, 694, 8151, 8.19, 145.00, 210, 405, 1, 8
2026-09-02T12:46:22.4485541+07:00,2026/09/02 12:46:22.479, NVIDIA GeForce RTX 5060, 591.86, P8, 28, 0, 694, 8151, 7.85, 145.00, 210, 405, 1, 8
2026-09-02T12:46:27.5001234+07:00,2026/09/02 12:46:27.561, NVIDIA GeForce RTX 5060, 591.86, P8, 28, 0, 694, 8151, 7.74, 145.00, 210, 405, 1, 8
2026-09-02T12:46:32.5805529+07:00,2026/09/02 12:46:32.611, NVIDIA GeForce RTX 5060, 591.86, P8, 28, 0, 694, 8151, 8.10, 145.00, 210, 405, 1, 8
2026-09-02T12:46:37.6324765+07:00,2026/09/02 12:46:37.663, NVIDIA GeForce RTX 5060, 591.86, P8, 28, 0, 694, 8151, 7.88, 145.00, 210, 405, 1, 8
2026-09-02T12:46:42.7457946+07:00,2026/09/02 12:46:42.776, NVIDIA GeForce RTX 5060, 591.86, P8, 28, 0, 694, 8151, 7.84, 145.00, 210, 405, 1, 8
2026-09-02T12:46:47.7951461+07:00,2026/09/02 12:46:47.841, NVIDIA GeForce RTX 5060, 591.86, P8, 28, 0, 694, 8151, 7.90, 145.00, 210, 405, 1, 8
2026-09-02T12:46:52.8558661+07:00,2026/09/02 12:46:52.886, NVIDIA GeForce RTX 5060, 591.86, P8, 28, 0, 694, 8151, 7.79, 145.00, 210, 405, 1, 8
2026-09-02T12:46:57.9064131+07:00,2026/09/02 12:46:57.937, NVIDIA GeForce RTX 5060, 591.86, P8, 28, 0, 694, 8151, 7.75, 145.00, 210, 405, 1, 8
2026-09-02T12:47:02.9584061+07:00,2026/09/02 12:47:02.989, NVIDIA GeForce RTX 5060, 591.86, P8, 29, 0, 694, 8151, 8.35, 145.00, 210, 405, 1, 8
2026-09-02T12:47:08.0154156+07:00,2026/09/02 12:47:08.046, NVIDIA GeForce RTX 5060, 591.86, P8, 28, 0, 694, 8151, 7.91, 145.00, 210, 405, 1, 8
2026-09-02T12:47:13.1288779+07:00,2026/09/02 12:47:13.159, NVIDIA GeForce RTX 5060, 591.86, P8, 28, 0, 694, 8151, 8.05, 145.00, 210, 405, 1, 8
2026-09-02T12:47:18.1803104+07:00,2026/09/02 12:47:18.211, NVIDIA GeForce RTX 5060, 591.86, P8, 29, 0, 694, 8151, 8.33, 145.00, 210, 405, 1, 8
2026-09-02T12:47:23.2315440+07:00,2026/09/02 12:47:23.262, NVIDIA GeForce RTX 5060, 591.86, P8, 28, 0, 694, 8151, 7.68, 145.00, 210, 405, 1, 8
2026-09-02T12:47:28.2803230+07:00,2026/09/02 12:47:28.311, NVIDIA GeForce RTX 5060, 591.86, P8, 28, 0, 694, 8151, 7.92, 145.00, 210, 405, 1, 8
2026-09-02T12:47:33.3319038+07:00,2026/09/02 12:47:33.362, NVIDIA GeForce RTX 5060, 591.86, P8, 28, 0, 694, 8151, 7.72, 145.00, 210, 405, 1, 8
2026-09-02T12:47:38.3838420+07:00,2026/09/02 12:47:38.414, NVIDIA GeForce RTX 5060, 591.86, P8, 28, 0, 694, 8151, 7.79, 145.00, 210, 405, 1, 8
2026-09-02T12:47:43.5106654+07:00,2026/09/02 12:47:43.556, NVIDIA GeForce RTX 5060, 591.86, P8, 28, 0, 694, 8151, 7.83, 145.00, 210, 405, 1, 8
2026-09-02T12:47:48.5877711+07:00,2026/09/02 12:47:48.618, NVIDIA GeForce RTX 5060, 591.86, P8, 28, 0, 694, 8151, 7.78, 145.00, 210, 405, 1, 8
2026-09-02T12:47:53.6382316+07:00,2026/09/02 12:47:53.684, NVIDIA GeForce RTX 5060, 591.86, P8, 28, 0, 694, 8151, 7.83, 145.00, 210, 405, 1, 8
2026-09-02T12:47:58.7054582+07:00,2026/09/02 12:47:58.751, NVIDIA GeForce RTX 5060, 591.86, P8, 28, 0, 694, 8151, 7.70, 145.00, 210, 405, 1, 8
2026-09-02T12:48:03.7695134+07:00,2026/09/02 12:48:03.816, NVIDIA GeForce RTX 5060, 591.86, P8, 29, 0, 694, 8151, 8.13, 145.00, 210, 405, 1, 8
2026-09-02T12:48:08.8325377+07:00,2026/09/02 12:48:08.863, NVIDIA GeForce RTX 5060, 591.86, P8, 28, 0, 694, 8151, 7.70, 145.00, 210, 405, 1, 8
2026-09-02T12:48:13.9460715+07:00,2026/09/02 12:48:13.992, NVIDIA GeForce RTX 5060, 591.86, P8, 28, 0, 694, 8151, 7.75, 145.00, 210, 405, 1, 8
2026-09-02T12:48:19.0134591+07:00,2026/09/02 12:48:19.044, NVIDIA GeForce RTX 5060, 591.86, P8, 29, 0, 694, 8151, 8.36, 145.00, 210, 405, 1, 8
2026-09-02T12:48:24.0720510+07:00,2026/09/02 12:48:24.103, NVIDIA GeForce RTX 5060, 591.86, P8, 28, 0, 694, 8151, 7.93, 145.00, 210, 405, 1, 8
2026-09-02T12:48:29.1221159+07:00,2026/09/02 12:48:29.153, NVIDIA GeForce RTX 5060, 591.86, P8, 28, 0, 694, 8151, 7.75, 145.00, 210, 405, 1, 8
2026-09-02T12:48:34.1735035+07:00,2026/09/02 12:48:34.204, NVIDIA GeForce RTX 5060, 591.86, P8, 28, 0, 694, 8151, 8.09, 145.00, 202, 405, 1, 8
2026-09-02T12:48:39.2240794+07:00,2026/09/02 12:48:39.255, NVIDIA GeForce RTX 5060, 591.86, P8, 28, 0, 694, 8151, 7.97, 145.00, 210, 405, 1, 8
2026-09-02T12:48:44.3432032+07:00,2026/09/02 12:48:44.374, NVIDIA GeForce RTX 5060, 591.86, P8, 29, 0, 694, 8151, 7.99, 145.00, 210, 405, 1, 8
2026-09-02T12:48:49.3944864+07:00,2026/09/02 12:48:49.425, NVIDIA GeForce RTX 5060, 591.86, P8, 28, 0, 694, 8151, 7.78, 145.00, 210, 405, 1, 8
2026-09-02T12:48:54.4456910+07:00,2026/09/02 12:48:54.476, NVIDIA GeForce RTX 5060, 591.86, P8, 28, 0, 694, 8151, 7.80, 145.00, 210, 405, 1, 8
2026-09-02T12:48:59.4968514+07:00,2026/09/02 12:48:59.527, NVIDIA GeForce RTX 5060, 591.86, P8, 28, 0, 694, 8151, 7.89, 145.00, 210, 405, 1, 8
2026-09-02T12:49:04.5556708+07:00,2026/09/02 12:49:04.586, NVIDIA GeForce RTX 5060, 591.86, P8, 29, 0, 694, 8151, 8.20, 145.00, 210, 405, 1, 8
2026-09-02T12:49:09.6064341+07:00,2026/09/02 12:49:09.637, NVIDIA GeForce RTX 5060, 591.86, P8, 28, 0, 694, 8151, 7.86, 145.00, 210, 405, 1, 8
2026-09-02T12:49:14.7355712+07:00,2026/09/02 12:49:14.766, NVIDIA GeForce RTX 5060, 591.86, P8, 29, 0, 694, 8151, 7.96, 145.00, 210, 405, 1, 8
2026-09-02T12:49:19.7875789+07:00,2026/09/02 12:49:19.834, NVIDIA GeForce RTX 5060, 591.86, P8, 28, 0, 694, 8151, 7.98, 145.00, 210, 405, 1, 8
2026-09-02T12:49:24.8629552+07:00,2026/09/02 12:49:24.893, NVIDIA GeForce RTX 5060, 591.86, P8, 28, 0, 694, 8151, 7.76, 145.00, 210, 405, 1, 8
2026-09-02T12:49:29.9135069+07:00,2026/09/02 12:49:29.944, NVIDIA GeForce RTX 5060, 591.86, P8, 28, 0, 694, 8151, 7.87, 145.00, 210, 405, 1, 8
2026-09-02T12:49:34.9654619+07:00,2026/09/02 12:49:34.996, NVIDIA GeForce RTX 5060, 591.86, P8, 28, 0, 694, 8151, 7.78, 145.00, 210, 405, 1, 8
2026-09-02T12:49:40.0159059+07:00,2026/09/02 12:49:40.046, NVIDIA GeForce RTX 5060, 591.86, P8, 28, 0, 694, 8151, 7.91, 145.00, 210, 405, 1, 8
2026-09-02T12:49:45.1390436+07:00,2026/09/02 12:49:45.170, NVIDIA GeForce RTX 5060, 591.86, P8, 28, 0, 694, 8151, 7.86, 145.00, 210, 405, 1, 8
2026-09-02T12:49:50.1904450+07:00,2026/09/02 12:49:50.221, NVIDIA GeForce RTX 5060, 591.86, P8, 28, 0, 694, 8151, 7.91, 145.00, 210, 405, 1, 8
2026-09-02T12:49:55.2414142+07:00,2026/09/02 12:49:55.272, NVIDIA GeForce RTX 5060, 591.86, P8, 28, 0, 694, 8151, 7.81, 145.00, 210, 405, 1, 8
2026-09-02T12:50:00.3029539+07:00,2026/09/02 12:50:00.333, NVIDIA GeForce RTX 5060, 591.86, P8, 28, 0, 694, 8151, 7.99, 145.00, 210, 405, 1, 8
2026-09-02T12:50:05.3507705+07:00,2026/09/02 12:50:05.381, NVIDIA GeForce RTX 5060, 591.86, P8, 28, 0, 694, 8151, 8.15, 145.00, 210, 405, 1, 8
2026-09-02T12:50:10.4194747+07:00,2026/09/02 12:50:10.450, NVIDIA GeForce RTX 5060, 591.86, P8, 28, 0, 694, 8151, 8.04, 145.00, 210, 405, 1, 8
2026-09-02T12:50:15.5324838+07:00,2026/09/02 12:50:15.563, NVIDIA GeForce RTX 5060, 591.86, P8, 29, 0, 694, 8151, 7.97, 145.00, 210, 405, 1, 8
2026-09-02T12:50:20.5908402+07:00,2026/09/02 12:50:20.621, NVIDIA GeForce RTX 5060, 591.86, P8, 28, 0, 694, 8151, 7.96, 145.00, 210, 405, 1, 8
2026-09-02T12:50:25.6415903+07:00,2026/09/02 12:50:25.672, NVIDIA GeForce RTX 5060, 591.86, P8, 28, 0, 694, 8151, 7.93, 145.00, 210, 405, 1, 8
2026-09-02T12:50:30.6914668+07:00,2026/09/02 12:50:30.738, NVIDIA GeForce RTX 5060, 591.86, P8, 29, 0, 694, 8151, 8.18, 145.00, 210, 405, 1, 8
2026-09-02T12:50:35.7585263+07:00,2026/09/02 12:50:35.789, NVIDIA GeForce RTX 5060, 591.86, P8, 28, 0, 694, 8151, 8.17, 145.00, 210, 405, 1, 8
2026-09-02T12:50:40.8183857+07:00,2026/09/02 12:50:40.849, NVIDIA GeForce RTX 5060, 591.86, P8, 28, 0, 694, 8151, 8.09, 145.00, 210, 405, 1, 8
2026-09-02T12:50:45.9321993+07:00,2026/09/02 12:50:45.963, NVIDIA GeForce RTX 5060, 591.86, P8, 28, 0, 694, 8151, 7.96, 145.00, 210, 405, 1, 8
2026-09-02T12:50:50.9830510+07:00,2026/09/02 12:50:51.014, NVIDIA GeForce RTX 5060, 591.86, P8, 28, 0, 694, 8151, 7.98, 145.00, 210, 405, 1, 8
2026-09-02T12:50:56.0340234+07:00,2026/09/02 12:50:56.065, NVIDIA GeForce RTX 5060, 591.86, P8, 28, 0, 694, 8151, 7.95, 145.00, 210, 405, 1, 8
2026-09-02T12:51:01.0926396+07:00,2026/09/02 12:51:01.139, NVIDIA GeForce RTX 5060, 591.86, P8, 29, 0, 694, 8151, 8.18, 145.00, 240, 405, 1, 8
2026-09-02T12:51:06.1594723+07:00,2026/09/02 12:51:06.190, NVIDIA GeForce RTX 5060, 591.86, P8, 29, 0, 694, 8151, 8.03, 145.00, 210, 405, 1, 8
2026-09-02T12:51:11.2107036+07:00,2026/09/02 12:51:11.241, NVIDIA GeForce RTX 5060, 591.86, P8, 29, 0, 694, 8151, 7.96, 145.00, 210, 405, 1, 8
2026-09-02T12:51:16.3217088+07:00,2026/09/02 12:51:16.352, NVIDIA GeForce RTX 5060, 591.86, P8, 28, 0, 694, 8151, 7.97, 145.00, 210, 405, 1, 8
2026-09-02T12:51:21.3706089+07:00,2026/09/02 12:51:21.416, NVIDIA GeForce RTX 5060, 591.86, P8, 29, 0, 694, 8151, 7.91, 145.00, 210, 405, 1, 8
2026-09-02T12:51:26.4378328+07:00,2026/09/02 12:51:26.484, NVIDIA GeForce RTX 5060, 591.86, P8, 29, 0, 694, 8151, 8.03, 145.00, 210, 405, 1, 8
2026-09-02T12:51:31.5042875+07:00,2026/09/02 12:51:31.535, NVIDIA GeForce RTX 5060, 591.86, P8, 28, 0, 694, 8151, 8.08, 145.00, 210, 405, 1, 8
2026-09-02T12:51:36.5639068+07:00,2026/09/02 12:51:36.594, NVIDIA GeForce RTX 5060, 591.86, P8, 28, 0, 694, 8151, 7.90, 145.00, 210, 405, 1, 8
2026-09-02T12:51:41.6306314+07:00,2026/09/02 12:51:41.661, NVIDIA GeForce RTX 5060, 591.86, P8, 28, 0, 694, 8151, 7.93, 145.00, 210, 405, 1, 8
2026-09-02T12:51:46.7598012+07:00,2026/09/02 12:51:46.806, NVIDIA GeForce RTX 5060, 591.86, P8, 28, 0, 694, 8151, 7.91, 145.00, 210, 405, 1, 8
2026-09-02T12:51:51.8265069+07:00,2026/09/02 12:51:51.873, NVIDIA GeForce RTX 5060, 591.86, P8, 28, 0, 694, 8151, 7.81, 145.00, 210, 405, 1, 8
2026-09-02T12:51:56.9025627+07:00,2026/09/02 12:51:56.933, NVIDIA GeForce RTX 5060, 591.86, P8, 28, 0, 694, 8151, 7.81, 145.00, 210, 405, 1, 8
2026-09-02T12:52:01.9544699+07:00,2026/09/02 12:52:01.985, NVIDIA GeForce RTX 5060, 591.86, P8, 29, 0, 694, 8151, 8.50, 145.00, 210, 405, 1, 8
2026-09-02T12:52:07.0058525+07:00,2026/09/02 12:52:07.036, NVIDIA GeForce RTX 5060, 591.86, P8, 28, 0, 694, 8151, 7.88, 145.00, 210, 405, 1, 8
2026-09-02T12:52:12.0570878+07:00,2026/09/02 12:52:12.087, NVIDIA GeForce RTX 5060, 591.86, P8, 28, 0, 694, 8151, 8.09, 145.00, 210, 405, 1, 8
2026-09-02T12:52:17.1786174+07:00,2026/09/02 12:52:17.209, NVIDIA GeForce RTX 5060, 591.86, P8, 29, 0, 694, 8151, 8.12, 145.00, 210, 405, 1, 8
2026-09-02T12:52:22.2289970+07:00,2026/09/02 12:52:22.275, NVIDIA GeForce RTX 5060, 591.86, P8, 28, 0, 694, 8151, 7.91, 145.00, 210, 405, 1, 8
2026-09-02T12:52:27.2957329+07:00,2026/09/02 12:52:27.326, NVIDIA GeForce RTX 5060, 591.86, P8, 28, 0, 694, 8151, 7.84, 145.00, 210, 405, 1, 8
2026-09-02T12:52:32.3469434+07:00,2026/09/02 12:52:32.377, NVIDIA GeForce RTX 5060, 591.86, P8, 28, 0, 694, 8151, 8.02, 145.00, 210, 405, 1, 8
2026-09-02T12:52:37.4031341+07:00,2026/09/02 12:52:37.434, NVIDIA GeForce RTX 5060, 591.86, P8, 28, 0, 694, 8151, 7.94, 145.00, 210, 405, 1, 8
2026-09-02T12:52:42.4546624+07:00,2026/09/02 12:52:42.485, NVIDIA GeForce RTX 5060, 591.86, P8, 28, 0, 694, 8151, 7.84, 145.00, 210, 405, 1, 8
2026-09-02T12:52:47.5820059+07:00,2026/09/02 12:52:47.613, NVIDIA GeForce RTX 5060, 591.86, P8, 28, 0, 694, 8151, 8.09, 145.00, 210, 405, 1, 8
2026-09-02T12:52:52.6332462+07:00,2026/09/02 12:52:52.664, NVIDIA GeForce RTX 5060, 591.86, P8, 29, 0, 694, 8151, 7.95, 145.00, 210, 405, 1, 8
2026-09-02T12:52:57.6892423+07:00,2026/09/02 12:52:57.720, NVIDIA GeForce RTX 5060, 591.86, P8, 28, 0, 694, 8151, 7.99, 145.00, 210, 405, 1, 8
2026-09-02T12:53:02.7404186+07:00,2026/09/02 12:53:02.771, NVIDIA GeForce RTX 5060, 591.86, P8, 29, 0, 694, 8151, 8.37, 145.00, 210, 405, 1, 8
2026-09-02T12:53:07.7927252+07:00,2026/09/02 12:53:07.823, NVIDIA GeForce RTX 5060, 591.86, P8, 28, 0, 694, 8151, 7.91, 145.00, 210, 405, 1, 8
2026-09-02T12:53:12.8432814+07:00,2026/09/02 12:53:12.874, NVIDIA GeForce RTX 5060, 591.86, P8, 28, 0, 694, 8151, 7.85, 145.00, 210, 405, 1, 8
2026-09-02T12:53:17.9627030+07:00,2026/09/02 12:53:17.993, NVIDIA GeForce RTX 5060, 591.86, P8, 29, 0, 694, 8151, 8.35, 145.00, 210, 405, 1, 8
2026-09-02T12:53:23.0136378+07:00,2026/09/02 12:53:23.044, NVIDIA GeForce RTX 5060, 591.86, P8, 28, 0, 694, 8151, 7.93, 145.00, 210, 405, 1, 8
2026-09-02T12:53:28.0656528+07:00,2026/09/02 12:53:28.096, NVIDIA GeForce RTX 5060, 591.86, P8, 28, 0, 694, 8151, 7.92, 145.00, 210, 405, 1, 8
2026-09-02T12:53:33.1156434+07:00,2026/09/02 12:53:33.146, NVIDIA GeForce RTX 5060, 591.86, P8, 28, 0, 694, 8151, 7.81, 145.00, 210, 405, 1, 8
2026-09-02T12:53:38.1736390+07:00,2026/09/02 12:53:38.204, NVIDIA GeForce RTX 5060, 591.86, P8, 28, 0, 694, 8151, 7.95, 145.00, 210, 405, 1, 8
2026-09-02T12:53:43.2405994+07:00,2026/09/02 12:53:43.271, NVIDIA GeForce RTX 5060, 591.86, P8, 28, 0, 694, 8151, 7.87, 145.00, 202, 405, 1, 8
2026-09-02T12:53:48.3536223+07:00,2026/09/02 12:53:48.384, NVIDIA GeForce RTX 5060, 591.86, P8, 28, 0, 694, 8151, 7.78, 145.00, 210, 405, 1, 8
2026-09-02T12:53:53.4052504+07:00,2026/09/02 12:53:53.451, NVIDIA GeForce RTX 5060, 591.86, P8, 28, 0, 694, 8151, 7.89, 145.00, 210, 405, 1, 8
2026-09-02T12:53:58.4827011+07:00,2026/09/02 12:53:58.513, NVIDIA GeForce RTX 5060, 591.86, P8, 28, 0, 694, 8151, 7.94, 145.00, 210, 405, 1, 8
2026-09-02T12:54:03.5329437+07:00,2026/09/02 12:54:03.579, NVIDIA GeForce RTX 5060, 591.86, P8, 29, 0, 694, 8151, 8.40, 145.00, 210, 405, 1, 8
2026-09-02T12:54:08.6144733+07:00,2026/09/02 12:54:08.645, NVIDIA GeForce RTX 5060, 591.86, P5, 29, 0, 694, 8151, 12.08, 145.00, 210, 810, 2, 8
2026-09-02T12:54:13.6627955+07:00,2026/09/02 12:54:13.708, NVIDIA GeForce RTX 5060, 591.86, P8, 29, 0, 694, 8151, 8.01, 145.00, 210, 405, 1, 8
2026-09-02T12:54:18.7572444+07:00,2026/09/02 12:54:18.803, NVIDIA GeForce RTX 5060, 591.86, P8, 29, 0, 694, 8151, 8.64, 145.00, 210, 405, 1, 8
2026-09-02T12:54:23.8236705+07:00,2026/09/02 12:54:23.870, NVIDIA GeForce RTX 5060, 591.86, P8, 28, 0, 694, 8151, 8.20, 145.00, 210, 405, 1, 8
2026-09-02T12:54:28.8895698+07:00,2026/09/02 12:54:28.936, NVIDIA GeForce RTX 5060, 591.86, P8, 29, 0, 694, 8151, 7.87, 145.00, 210, 405, 1, 8
2026-09-02T12:54:33.9641885+07:00,2026/09/02 12:54:33.995, NVIDIA GeForce RTX 5060, 591.86, P8, 29, 0, 694, 8151, 7.85, 145.00, 210, 405, 1, 8
2026-09-02T12:54:39.0146273+07:00,2026/09/02 12:54:39.045, NVIDIA GeForce RTX 5060, 591.86, P8, 29, 0, 694, 8151, 7.86, 145.00, 210, 405, 1, 8
2026-09-02T12:54:44.0661424+07:00,2026/09/02 12:54:44.097, NVIDIA GeForce RTX 5060, 591.86, P8, 29, 0, 694, 8151, 7.89, 145.00, 210, 405, 1, 8
2026-09-02T12:54:49.1795476+07:00,2026/09/02 12:54:49.226, NVIDIA GeForce RTX 5060, 591.86, P8, 29, 0, 694, 8151, 7.94, 145.00, 210, 405, 1, 8
2026-09-02T12:54:54.2444153+07:00,2026/09/02 12:54:54.275, NVIDIA GeForce RTX 5060, 591.86, P8, 28, 0, 694, 8151, 8.03, 145.00, 210, 405, 1, 8
2026-09-02T12:54:59.2957022+07:00,2026/09/02 12:54:59.326, NVIDIA GeForce RTX 5060, 591.86, P8, 28, 0, 694, 8151, 7.88, 145.00, 210, 405, 1, 8
2026-09-02T12:55:04.3458293+07:00,2026/09/02 12:55:04.376, NVIDIA GeForce RTX 5060, 591.86, P8, 29, 0, 694, 8151, 8.38, 145.00, 210, 405, 1, 8
2026-09-02T12:55:09.3973368+07:00,2026/09/02 12:55:09.428, NVIDIA GeForce RTX 5060, 591.86, P8, 28, 0, 694, 8151, 7.89, 145.00, 210, 405, 1, 8
2026-09-02T12:55:14.4436340+07:00,2026/09/02 12:55:14.474, NVIDIA GeForce RTX 5060, 591.86, P8, 29, 0, 694, 8151, 8.12, 145.00, 210, 405, 1, 8
2026-09-02T12:55:19.5565621+07:00,2026/09/02 12:55:19.587, NVIDIA GeForce RTX 5060, 591.86, P8, 29, 0, 694, 8151, 8.57, 145.00, 210, 405, 1, 8
2026-09-02T12:55:24.6061445+07:00,2026/09/02 12:55:24.637, NVIDIA GeForce RTX 5060, 591.86, P8, 29, 0, 694, 8151, 8.24, 145.00, 210, 405, 1, 8
2026-09-02T12:55:29.6573075+07:00,2026/09/02 12:55:29.688, NVIDIA GeForce RTX 5060, 591.86, P8, 29, 0, 694, 8151, 8.24, 145.00, 210, 405, 1, 8
2026-09-02T12:55:34.7026767+07:00,2026/09/02 12:55:34.733, NVIDIA GeForce RTX 5060, 591.86, P8, 28, 0, 694, 8151, 8.05, 145.00, 210, 405, 1, 8
2026-09-02T12:55:39.7541093+07:00,2026/09/02 12:55:39.785, NVIDIA GeForce RTX 5060, 591.86, P8, 29, 0, 694, 8151, 8.03, 145.00, 210, 405, 1, 8
2026-09-02T12:55:44.8057993+07:00,2026/09/02 12:55:44.836, NVIDIA GeForce RTX 5060, 591.86, P8, 28, 0, 694, 8151, 8.02, 145.00, 210, 405, 1, 8
2026-09-02T12:55:49.9157990+07:00,2026/09/02 12:55:49.946, NVIDIA GeForce RTX 5060, 591.86, P8, 28, 0, 694, 8151, 8.11, 145.00, 210, 405, 1, 8
2026-09-02T12:55:54.9622123+07:00,2026/09/02 12:55:54.993, NVIDIA GeForce RTX 5060, 591.86, P8, 28, 0, 694, 8151, 8.16, 145.00, 210, 405, 1, 8
2026-09-02T12:56:00.0164221+07:00,2026/09/02 12:56:00.045, NVIDIA GeForce RTX 5060, 591.86, P8, 28, 0, 694, 8151, 8.05, 145.00, 210, 405, 1, 8
2026-09-02T12:56:05.0656254+07:00,2026/09/02 12:56:05.112, NVIDIA GeForce RTX 5060, 591.86, P8, 29, 0, 694, 8151, 8.05, 145.00, 210, 405, 1, 8
2026-09-02T12:56:10.1413895+07:00,2026/09/02 12:56:10.172, NVIDIA GeForce RTX 5060, 591.86, P8, 29, 0, 694, 8151, 8.15, 145.00, 210, 405, 1, 8
2026-09-02T12:56:15.1925422+07:00,2026/09/02 12:56:15.223, NVIDIA GeForce RTX 5060, 591.86, P8, 28, 0, 694, 8151, 8.01, 145.00, 210, 405, 1, 8
2026-09-02T12:56:20.3044617+07:00,2026/09/02 12:56:20.335, NVIDIA GeForce RTX 5060, 591.86, P8, 29, 0, 694, 8151, 8.02, 145.00, 210, 405, 1, 8
2026-09-02T12:56:25.3560168+07:00,2026/09/02 12:56:25.387, NVIDIA GeForce RTX 5060, 591.86, P8, 28, 0, 694, 8151, 8.06, 145.00, 210, 405, 1, 8
2026-09-02T12:56:30.4168459+07:00,2026/09/02 12:56:30.447, NVIDIA GeForce RTX 5060, 591.86, P8, 28, 0, 694, 8151, 8.10, 145.00, 210, 405, 1, 8
2026-09-02T12:56:35.4687184+07:00,2026/09/02 12:56:35.499, NVIDIA GeForce RTX 5060, 591.86, P8, 28, 0, 694, 8151, 7.87, 145.00, 210, 405, 1, 8
2026-09-02T12:56:40.5193978+07:00,2026/09/02 12:56:40.550, NVIDIA GeForce RTX 5060, 591.86, P8, 28, 0, 694, 8151, 8.00, 145.00, 210, 405, 1, 8
2026-09-02T12:56:45.5696968+07:00,2026/09/02 12:56:45.616, NVIDIA GeForce RTX 5060, 591.86, P8, 28, 0, 694, 8151, 8.00, 145.00, 210, 405, 1, 8
2026-09-02T12:56:50.7059400+07:00,2026/09/02 12:56:50.752, NVIDIA GeForce RTX 5060, 591.86, P8, 28, 0, 694, 8151, 8.00, 145.00, 210, 405, 1, 8
2026-09-02T12:56:55.7719858+07:00,2026/09/02 12:56:55.802, NVIDIA GeForce RTX 5060, 591.86, P8, 28, 0, 694, 8151, 7.89, 145.00, 210, 405, 1, 8
2026-09-02T12:57:00.8225692+07:00,2026/09/02 12:57:00.853, NVIDIA GeForce RTX 5060, 591.86, P8, 28, 0, 694, 8151, 7.98, 145.00, 240, 405, 1, 8
2026-09-02T12:57:05.8724939+07:00,2026/09/02 12:57:05.918, NVIDIA GeForce RTX 5060, 591.86, P8, 29, 0, 694, 8151, 7.97, 145.00, 210, 405, 1, 8
2026-09-02T12:57:10.9490037+07:00,2026/09/02 12:57:10.980, NVIDIA GeForce RTX 5060, 591.86, P8, 28, 0, 694, 8151, 7.85, 145.00, 210, 405, 1, 8
2026-09-02T12:57:15.9999306+07:00,2026/09/02 12:57:16.061, NVIDIA GeForce RTX 5060, 591.86, P8, 28, 0, 694, 8151, 8.00, 145.00, 210, 405, 1, 8
2026-09-02T12:57:21.1455085+07:00,2026/09/02 12:57:21.176, NVIDIA GeForce RTX 5060, 591.86, P8, 28, 0, 694, 8151, 7.96, 145.00, 202, 405, 1, 8
2026-09-02T12:57:26.1929316+07:00,2026/09/02 12:57:26.223, NVIDIA GeForce RTX 5060, 591.86, P8, 28, 0, 694, 8151, 8.02, 145.00, 210, 405, 1, 8
2026-09-02T12:57:31.2356858+07:00,2026/09/02 12:57:31.266, NVIDIA GeForce RTX 5060, 591.86, P8, 28, 0, 694, 8151, 8.05, 145.00, 210, 405, 1, 8
2026-09-02T12:57:36.2877379+07:00,2026/09/02 12:57:36.334, NVIDIA GeForce RTX 5060, 591.86, P8, 28, 0, 694, 8151, 7.93, 145.00, 210, 405, 1, 8
2026-09-02T12:57:41.3544113+07:00,2026/09/02 12:57:41.385, NVIDIA GeForce RTX 5060, 591.86, P8, 29, 0, 705, 8151, 8.51, 145.00, 495, 405, 1, 8
2026-09-02T12:57:46.4040656+07:00,2026/09/02 12:57:46.435, NVIDIA GeForce RTX 5060, 591.86, P8, 29, 1, 700, 8151, 8.54, 145.00, 210, 405, 1, 8
2026-09-02T12:57:51.5126522+07:00,2026/09/02 12:57:51.559, NVIDIA GeForce RTX 5060, 591.86, P8, 29, 0, 695, 8151, 8.02, 145.00, 210, 405, 1, 8
2026-09-02T12:57:56.5801100+07:00,2026/09/02 12:57:56.626, NVIDIA GeForce RTX 5060, 591.86, P8, 28, 0, 695, 8151, 7.88, 145.00, 210, 405, 1, 8
2026-09-02T12:58:01.6461563+07:00,2026/09/02 12:58:01.692, NVIDIA GeForce RTX 5060, 591.86, P8, 29, 0, 695, 8151, 8.36, 145.00, 202, 405, 1, 8
2026-09-02T12:58:06.7105784+07:00,2026/09/02 12:58:06.756, NVIDIA GeForce RTX 5060, 591.86, P8, 28, 0, 695, 8151, 7.75, 145.00, 210, 405, 1, 8
2026-09-02T12:58:11.7743402+07:00,2026/09/02 12:58:11.835, NVIDIA GeForce RTX 5060, 591.86, P8, 28, 0, 695, 8151, 7.78, 145.00, 210, 405, 1, 8
2026-09-02T12:58:16.8558781+07:00,2026/09/02 12:58:16.886, NVIDIA GeForce RTX 5060, 591.86, P8, 29, 0, 695, 8151, 7.89, 145.00, 210, 405, 1, 8
2026-09-02T12:58:21.9681825+07:00,2026/09/02 12:58:21.999, NVIDIA GeForce RTX 5060, 591.86, P8, 28, 0, 695, 8151, 7.97, 145.00, 210, 405, 1, 8
2026-09-02T12:58:27.0337238+07:00,2026/09/02 12:58:27.058, NVIDIA GeForce RTX 5060, 591.86, P8, 28, 0, 695, 8151, 7.93, 145.00, 210, 405, 1, 8
2026-09-02T12:58:32.0779278+07:00,2026/09/02 12:58:32.108, NVIDIA GeForce RTX 5060, 591.86, P8, 28, 0, 695, 8151, 7.75, 145.00, 210, 405, 1, 8
2026-09-02T12:58:37.1285800+07:00,2026/09/02 12:58:37.159, NVIDIA GeForce RTX 5060, 591.86, P8, 28, 0, 695, 8151, 7.97, 145.00, 210, 405, 1, 8
2026-09-02T12:58:42.1788310+07:00,2026/09/02 12:58:42.209, NVIDIA GeForce RTX 5060, 591.86, P8, 28, 0, 695, 8151, 7.91, 145.00, 210, 405, 1, 8
2026-09-02T12:58:47.2375226+07:00,2026/09/02 12:58:47.268, NVIDIA GeForce RTX 5060, 591.86, P8, 29, 0, 695, 8151, 7.99, 145.00, 210, 405, 1, 8
2026-09-02T12:58:52.3500250+07:00,2026/09/02 12:58:52.381, NVIDIA GeForce RTX 5060, 591.86, P8, 29, 0, 695, 8151, 7.93, 145.00, 210, 405, 1, 8
2026-09-02T12:58:57.4016428+07:00,2026/09/02 12:58:57.432, NVIDIA GeForce RTX 5060, 591.86, P8, 28, 0, 695, 8151, 7.89, 145.00, 210, 405, 1, 8
2026-09-02T12:59:02.4514824+07:00,2026/09/02 12:59:02.482, NVIDIA GeForce RTX 5060, 591.86, P8, 29, 0, 695, 8151, 8.32, 145.00, 210, 405, 1, 8
2026-09-02T12:59:07.5099159+07:00,2026/09/02 12:59:07.540, NVIDIA GeForce RTX 5060, 591.86, P8, 28, 0, 695, 8151, 7.95, 145.00, 210, 405, 1, 8
2026-09-02T12:59:12.5605758+07:00,2026/09/02 12:59:12.591, NVIDIA GeForce RTX 5060, 591.86, P8, 28, 0, 695, 8151, 7.91, 145.00, 210, 405, 1, 8
2026-09-02T12:59:17.6121284+07:00,2026/09/02 12:59:17.643, NVIDIA GeForce RTX 5060, 591.86, P8, 29, 0, 695, 8151, 8.13, 145.00, 210, 405, 1, 8
2026-09-02T12:59:22.7258480+07:00,2026/09/02 12:59:22.756, NVIDIA GeForce RTX 5060, 591.86, P8, 28, 0, 695, 8151, 7.91, 145.00, 210, 405, 1, 8
2026-09-02T12:59:27.7810283+07:00,2026/09/02 12:59:27.812, NVIDIA GeForce RTX 5060, 591.86, P8, 28, 0, 695, 8151, 8.03, 145.00, 202, 405, 1, 8
2026-09-02T12:59:32.8325524+07:00,2026/09/02 12:59:32.863, NVIDIA GeForce RTX 5060, 591.86, P8, 28, 0, 695, 8151, 7.80, 145.00, 210, 405, 1, 8
2026-09-02T12:59:37.8849674+07:00,2026/09/02 12:59:37.915, NVIDIA GeForce RTX 5060, 591.86, P8, 28, 0, 695, 8151, 7.78, 145.00, 210, 405, 1, 8
2026-09-02T12:59:42.9364573+07:00,2026/09/02 12:59:42.967, NVIDIA GeForce RTX 5060, 591.86, P8, 28, 0, 695, 8151, 7.74, 145.00, 210, 405, 1, 8
2026-09-02T12:59:47.9945248+07:00,2026/09/02 12:59:48.025, NVIDIA GeForce RTX 5060, 591.86, P8, 28, 0, 695, 8151, 7.72, 145.00, 210, 405, 1, 8
2026-09-02T12:59:53.1076136+07:00,2026/09/02 12:59:53.138, NVIDIA GeForce RTX 5060, 591.86, P8, 29, 0, 695, 8151, 7.89, 145.00, 210, 405, 1, 8
2026-09-02T12:59:58.1743422+07:00,2026/09/02 12:59:58.205, NVIDIA GeForce RTX 5060, 591.86, P8, 28, 0, 695, 8151, 7.94, 145.00, 210, 405, 1, 8
2026-09-02T13:00:03.2228893+07:00,2026/09/02 13:00:03.269, NVIDIA GeForce RTX 5060, 591.86, P8, 29, 0, 695, 8151, 8.22, 145.00, 210, 405, 1, 8
2026-09-02T13:00:08.2939743+07:00,2026/09/02 13:00:08.340, NVIDIA GeForce RTX 5060, 591.86, P8, 29, 0, 695, 8151, 8.19, 145.00, 210, 405, 1, 8
2026-09-02T13:00:13.3614296+07:00,2026/09/02 13:00:13.392, NVIDIA GeForce RTX 5060, 591.86, P8, 28, 0, 695, 8151, 7.96, 145.00, 210, 405, 1, 8
2026-09-02T13:00:18.4125378+07:00,2026/09/02 13:00:18.443, NVIDIA GeForce RTX 5060, 591.86, P8, 29, 0, 695, 8151, 8.35, 145.00, 210, 405, 1, 8
2026-09-02T13:00:23.5249631+07:00,2026/09/02 13:00:23.555, NVIDIA GeForce RTX 5060, 591.86, P8, 28, 0, 695, 8151, 7.88, 145.00, 210, 405, 1, 8
2026-09-02T13:00:28.5672864+07:00,2026/09/02 13:00:28.598, NVIDIA GeForce RTX 5060, 591.86, P8, 29, 0, 695, 8151, 7.85, 145.00, 210, 405, 1, 8
2026-09-02T13:00:33.6187444+07:00,2026/09/02 13:00:33.649, NVIDIA GeForce RTX 5060, 591.86, P8, 29, 0, 695, 8151, 7.82, 145.00, 210, 405, 1, 8
2026-09-02T13:00:38.6698155+07:00,2026/09/02 13:00:38.700, NVIDIA GeForce RTX 5060, 591.86, P8, 28, 0, 695, 8151, 7.79, 145.00, 210, 405, 1, 8
2026-09-02T13:00:43.7203340+07:00,2026/09/02 13:00:43.751, NVIDIA GeForce RTX 5060, 591.86, P8, 28, 0, 695, 8151, 7.93, 145.00, 210, 405, 1, 8
2026-09-02T13:00:48.7730274+07:00,2026/09/02 13:00:48.803, NVIDIA GeForce RTX 5060, 591.86, P8, 28, 0, 695, 8151, 8.01, 145.00, 210, 405, 1, 8
2026-09-02T13:00:53.8849447+07:00,2026/09/02 13:00:53.915, NVIDIA GeForce RTX 5060, 591.86, P8, 28, 0, 695, 8151, 7.88, 145.00, 210, 405, 1, 8
2026-09-02T13:00:58.9353061+07:00,2026/09/02 13:00:58.966, NVIDIA GeForce RTX 5060, 591.86, P8, 28, 0, 695, 8151, 7.94, 145.00, 210, 405, 1, 8
2026-09-02T13:01:03.9861982+07:00,2026/09/02 13:01:04.017, NVIDIA GeForce RTX 5060, 591.86, P8, 29, 0, 695, 8151, 8.30, 145.00, 210, 405, 1, 8
2026-09-02T13:01:09.0462708+07:00,2026/09/02 13:01:09.077, NVIDIA GeForce RTX 5060, 591.86, P8, 29, 0, 695, 8151, 7.81, 145.00, 210, 405, 1, 8
2026-09-02T13:01:14.0964513+07:00,2026/09/02 13:01:14.127, NVIDIA GeForce RTX 5060, 591.86, P8, 29, 0, 695, 8151, 7.76, 145.00, 210, 405, 1, 8
2026-09-02T13:01:19.1475673+07:00,2026/09/02 13:01:19.178, NVIDIA GeForce RTX 5060, 591.86, P8, 29, 0, 695, 8151, 8.34, 145.00, 210, 405, 1, 8
2026-09-02T13:01:24.2588528+07:00,2026/09/02 13:01:24.289, NVIDIA GeForce RTX 5060, 591.86, P8, 29, 0, 695, 8151, 7.93, 145.00, 210, 405, 1, 8
2026-09-02T13:01:29.3062281+07:00,2026/09/02 13:01:29.337, NVIDIA GeForce RTX 5060, 591.86, P8, 28, 0, 695, 8151, 8.02, 145.00, 210, 405, 1, 8
2026-09-02T13:01:34.3564695+07:00,2026/09/02 13:01:34.387, NVIDIA GeForce RTX 5060, 591.86, P8, 29, 0, 695, 8151, 7.87, 145.00, 210, 405, 1, 8
2026-09-02T13:01:39.4072790+07:00,2026/09/02 13:01:39.438, NVIDIA GeForce RTX 5060, 591.86, P8, 29, 0, 695, 8151, 7.76, 145.00, 210, 405, 1, 8
2026-09-02T13:01:44.4558045+07:00,2026/09/02 13:01:44.486, NVIDIA GeForce RTX 5060, 591.86, P8, 28, 0, 695, 8151, 7.83, 145.00, 210, 405, 1, 8
2026-09-02T13:01:49.5066382+07:00,2026/09/02 13:01:49.537, NVIDIA GeForce RTX 5060, 591.86, P8, 28, 0, 695, 8151, 7.98, 145.00, 210, 405, 1, 8
2026-09-02T13:01:54.6185592+07:00,2026/09/02 13:01:54.649, NVIDIA GeForce RTX 5060, 591.86, P8, 28, 0, 695, 8151, 7.93, 145.00, 210, 405, 1, 8
2026-09-02T13:01:59.6698613+07:00,2026/09/02 13:01:59.700, NVIDIA GeForce RTX 5060, 591.86, P8, 28, 0, 695, 8151, 7.97, 145.00, 210, 405, 1, 8
2026-09-02T13:02:04.7279686+07:00,2026/09/02 13:02:04.758, NVIDIA GeForce RTX 5060, 591.86, P8, 29, 0, 695, 8151, 8.43, 145.00, 210, 405, 1, 8
2026-09-02T13:02:09.7783203+07:00,2026/09/02 13:02:09.809, NVIDIA GeForce RTX 5060, 591.86, P8, 28, 0, 695, 8151, 7.94, 145.00, 210, 405, 1, 8
2026-09-02T13:02:14.8298662+07:00,2026/09/02 13:02:14.876, NVIDIA GeForce RTX 5060, 591.86, P8, 28, 0, 695, 8151, 7.79, 145.00, 210, 405, 1, 8
2026-09-02T13:02:19.8965540+07:00,2026/09/02 13:02:19.927, NVIDIA GeForce RTX 5060, 591.86, P8, 29, 0, 695, 8151, 7.94, 145.00, 210, 405, 1, 8
2026-09-02T13:02:25.0135754+07:00,2026/09/02 13:02:25.044, NVIDIA GeForce RTX 5060, 591.86, P8, 29, 0, 695, 8151, 7.87, 145.00, 210, 405, 1, 8
2026-09-02T13:02:30.0654168+07:00,2026/09/02 13:02:30.096, NVIDIA GeForce RTX 5060, 591.86, P8, 29, 0, 695, 8151, 7.83, 145.00, 210, 405, 1, 8
2026-09-02T13:02:35.1157251+07:00,2026/09/02 13:02:35.146, NVIDIA GeForce RTX 5060, 591.86, P8, 28, 0, 695, 8151, 7.86, 145.00, 210, 405, 1, 8
2026-09-02T13:02:40.1669719+07:00,2026/09/02 13:02:40.197, NVIDIA GeForce RTX 5060, 591.86, P8, 28, 0, 695, 8151, 7.81, 145.00, 210, 405, 1, 8
2026-09-02T13:02:45.2278906+07:00,2026/09/02 13:02:45.274, NVIDIA GeForce RTX 5060, 591.86, P8, 29, 0, 695, 8151, 7.75, 145.00, 210, 405, 1, 8
2026-09-02T13:02:50.2955285+07:00,2026/09/02 13:02:50.326, NVIDIA GeForce RTX 5060, 591.86, P8, 29, 0, 695, 8151, 7.67, 145.00, 210, 405, 1, 8
2026-09-02T13:02:55.4089503+07:00,2026/09/02 13:02:55.439, NVIDIA GeForce RTX 5060, 591.86, P8, 28, 0, 695, 8151, 7.70, 145.00, 210, 405, 1, 8
2026-09-02T13:03:00.4576528+07:00,2026/09/02 13:03:00.488, NVIDIA GeForce RTX 5060, 591.86, P8, 28, 0, 695, 8151, 7.82, 145.00, 210, 405, 1, 8
2026-09-02T13:03:05.5185767+07:00,2026/09/02 13:03:05.565, NVIDIA GeForce RTX 5060, 591.86, P8, 29, 0, 695, 8151, 8.10, 145.00, 210, 405, 1, 8
2026-09-02T13:03:10.5858616+07:00,2026/09/02 13:03:10.616, NVIDIA GeForce RTX 5060, 591.86, P8, 28, 0, 695, 8151, 7.80, 145.00, 210, 405, 1, 8
2026-09-02T13:03:15.6362525+07:00,2026/09/02 13:03:15.667, NVIDIA GeForce RTX 5060, 591.86, P8, 29, 0, 695, 8151, 7.82, 145.00, 210, 405, 1, 8
2026-09-02T13:03:20.6864921+07:00,2026/09/02 13:03:20.716, NVIDIA GeForce RTX 5060, 591.86, P8, 28, 0, 695, 8151, 7.93, 145.00, 210, 405, 1, 8
2026-09-02T13:03:25.7803723+07:00,2026/09/02 13:03:25.811, NVIDIA GeForce RTX 5060, 591.86, P8, 29, 0, 695, 8151, 7.90, 145.00, 210, 405, 1, 8
2026-09-02T13:03:30.8304010+07:00,2026/09/02 13:03:30.861, NVIDIA GeForce RTX 5060, 591.86, P8, 29, 0, 695, 8151, 7.90, 145.00, 210, 405, 1, 8
2026-09-02T13:03:35.8828342+07:00,2026/09/02 13:03:35.929, NVIDIA GeForce RTX 5060, 591.86, P8, 29, 0, 695, 8151, 7.83, 145.00, 210, 405, 1, 8
2026-09-02T13:03:40.9593769+07:00,2026/09/02 13:03:40.990, NVIDIA GeForce RTX 5060, 591.86, P8, 29, 0, 695, 8151, 7.76, 145.00, 210, 405, 1, 8
2026-09-02T13:03:46.0093779+07:00,2026/09/02 13:03:46.040, NVIDIA GeForce RTX 5060, 591.86, P8, 29, 0, 695, 8151, 7.86, 145.00, 210, 405, 1, 8
2026-09-02T13:03:51.0617617+07:00,2026/09/02 13:03:51.092, NVIDIA GeForce RTX 5060, 591.86, P8, 29, 0, 695, 8151, 7.92, 145.00, 210, 405, 1, 8
2026-09-02T13:03:56.2048899+07:00,2026/09/02 13:03:56.235, NVIDIA GeForce RTX 5060, 591.86, P8, 28, 0, 695, 8151, 7.86, 145.00, 210, 405, 1, 8
2026-09-02T13:04:01.2636681+07:00,2026/09/02 13:04:01.310, NVIDIA GeForce RTX 5060, 591.86, P8, 28, 0, 695, 8151, 8.23, 145.00, 210, 405, 1, 8
2026-09-02T13:04:06.3287260+07:00,2026/09/02 13:04:06.359, NVIDIA GeForce RTX 5060, 591.86, P8, 28, 0, 695, 8151, 7.69, 145.00, 210, 405, 1, 8
2026-09-02T13:04:11.3797531+07:00,2026/09/02 13:04:11.410, NVIDIA GeForce RTX 5060, 591.86, P8, 28, 0, 695, 8151, 7.82, 145.00, 202, 405, 1, 8
2026-09-02T13:04:16.4303984+07:00,2026/09/02 13:04:16.476, NVIDIA GeForce RTX 5060, 591.86, P8, 29, 0, 695, 8151, 7.69, 145.00, 210, 405, 1, 8
2026-09-02T13:04:21.5075016+07:00,2026/09/02 13:04:21.538, NVIDIA GeForce RTX 5060, 591.86, P8, 29, 0, 695, 8151, 7.75, 145.00, 210, 405, 1, 8
2026-09-02T13:04:26.6197860+07:00,2026/09/02 13:04:26.650, NVIDIA GeForce RTX 5060, 591.86, P8, 29, 0, 695, 8151, 7.70, 145.00, 210, 405, 1, 8
2026-09-02T13:04:31.6685897+07:00,2026/09/02 13:04:31.699, NVIDIA GeForce RTX 5060, 591.86, P8, 29, 0, 695, 8151, 7.69, 145.00, 210, 405, 1, 8
2026-09-02T13:04:36.7187485+07:00,2026/09/02 13:04:36.749, NVIDIA GeForce RTX 5060, 591.86, P8, 29, 0, 695, 8151, 7.65, 145.00, 210, 405, 1, 8
2026-09-02T13:04:41.7723652+07:00,2026/09/02 13:04:41.803, NVIDIA GeForce RTX 5060, 591.86, P8, 28, 0, 695, 8151, 7.81, 145.00, 210, 405, 1, 8
2026-09-02T13:04:46.8234213+07:00,2026/09/02 13:04:46.854, NVIDIA GeForce RTX 5060, 591.86, P8, 29, 0, 695, 8151, 7.63, 145.00, 210, 405, 1, 8
2026-09-02T13:04:51.8734075+07:00,2026/09/02 13:04:51.904, NVIDIA GeForce RTX 5060, 591.86, P8, 29, 0, 695, 8151, 7.78, 145.00, 210, 405, 1, 8
2026-09-02T13:04:57.0329354+07:00,2026/09/02 13:04:57.063, NVIDIA GeForce RTX 5060, 591.86, P8, 28, 0, 695, 8151, 7.67, 145.00, 210, 405, 1, 8
2026-09-02T13:05:02.0929244+07:00,2026/09/02 13:05:02.123, NVIDIA GeForce RTX 5060, 591.86, P8, 29, 0, 695, 8151, 8.26, 145.00, 210, 405, 1, 8
2026-09-02T13:05:07.1437259+07:00,2026/09/02 13:05:07.174, NVIDIA GeForce RTX 5060, 591.86, P8, 29, 0, 695, 8151, 8.31, 145.00, 210, 405, 1, 8
2026-09-02T13:05:12.1944073+07:00,2026/09/02 13:05:12.225, NVIDIA GeForce RTX 5060, 591.86, P8, 29, 0, 695, 8151, 7.82, 145.00, 210, 405, 1, 8
2026-09-02T13:05:17.2457676+07:00,2026/09/02 13:05:17.276, NVIDIA GeForce RTX 5060, 591.86, P8, 29, 0, 695, 8151, 7.90, 145.00, 210, 405, 1, 8
2026-09-02T13:05:22.3028104+07:00,2026/09/02 13:05:22.333, NVIDIA GeForce RTX 5060, 591.86, P8, 29, 0, 695, 8151, 7.95, 145.00, 210, 405, 1, 8
2026-09-02T13:05:27.4154947+07:00,2026/09/02 13:05:27.446, NVIDIA GeForce RTX 5060, 591.86, P8, 29, 0, 695, 8151, 8.42, 145.00, 210, 405, 1, 8
2026-09-02T13:05:32.4656830+07:00,2026/09/02 13:05:32.496, NVIDIA GeForce RTX 5060, 591.86, P8, 29, 0, 695, 8151, 7.99, 145.00, 210, 405, 1, 8
2026-09-02T13:05:37.5150144+07:00,2026/09/02 13:05:37.561, NVIDIA GeForce RTX 5060, 591.86, P8, 29, 0, 695, 8151, 7.99, 145.00, 210, 405, 1, 8
2026-09-02T13:05:42.5899011+07:00,2026/09/02 13:05:42.620, NVIDIA GeForce RTX 5060, 591.86, P8, 29, 0, 695, 8151, 7.68, 145.00, 210, 405, 1, 8
2026-09-02T13:05:47.6410118+07:00,2026/09/02 13:05:47.672, NVIDIA GeForce RTX 5060, 591.86, P8, 29, 0, 695, 8151, 7.79, 145.00, 210, 405, 1, 8
2026-09-02T13:05:52.6926607+07:00,2026/09/02 13:05:52.723, NVIDIA GeForce RTX 5060, 591.86, P8, 29, 0, 695, 8151, 8.08, 145.00, 210, 405, 1, 8
2026-09-02T13:05:57.8194954+07:00,2026/09/02 13:05:57.863, NVIDIA GeForce RTX 5060, 591.86, P8, 29, 0, 695, 8151, 8.13, 145.00, 210, 405, 1, 8
2026-09-02T13:06:02.8815840+07:00,2026/09/02 13:06:02.912, NVIDIA GeForce RTX 5060, 591.86, P8, 29, 0, 695, 8151, 8.36, 145.00, 210, 405, 1, 8
2026-09-02T13:06:07.9330115+07:00,2026/09/02 13:06:07.964, NVIDIA GeForce RTX 5060, 591.86, P8, 29, 0, 695, 8151, 7.90, 145.00, 210, 405, 1, 8
2026-09-02T13:06:12.9840599+07:00,2026/09/02 13:06:13.015, NVIDIA GeForce RTX 5060, 591.86, P8, 29, 0, 695, 8151, 7.83, 145.00, 210, 405, 1, 8
2026-09-02T13:06:18.0419067+07:00,2026/09/02 13:06:18.072, NVIDIA GeForce RTX 5060, 591.86, P8, 29, 0, 695, 8151, 8.33, 145.00, 202, 405, 1, 8
2026-09-02T13:06:23.0917452+07:00,2026/09/02 13:06:23.123, NVIDIA GeForce RTX 5060, 591.86, P8, 28, 0, 695, 8151, 7.90, 145.00, 210, 405, 1, 8
2026-09-02T13:06:28.2183868+07:00,2026/09/02 13:06:28.249, NVIDIA GeForce RTX 5060, 591.86, P8, 29, 0, 695, 8151, 7.99, 145.00, 210, 405, 1, 8
2026-09-02T13:06:33.2672165+07:00,2026/09/02 13:06:33.298, NVIDIA GeForce RTX 5060, 591.86, P8, 29, 0, 695, 8151, 7.77, 145.00, 210, 405, 1, 8
2026-09-02T13:06:38.3265342+07:00,2026/09/02 13:06:38.357, NVIDIA GeForce RTX 5060, 591.86, P8, 28, 0, 695, 8151, 7.82, 145.00, 210, 405, 1, 8
2026-09-02T13:06:43.3756837+07:00,2026/09/02 13:06:43.422, NVIDIA GeForce RTX 5060, 591.86, P8, 29, 0, 695, 8151, 7.59, 145.00, 210, 405, 1, 8
2026-09-02T13:06:48.4571316+07:00,2026/09/02 13:06:48.487, NVIDIA GeForce RTX 5060, 591.86, P8, 28, 0, 695, 8151, 7.66, 145.00, 210, 405, 1, 8
2026-09-02T13:06:53.5077868+07:00,2026/09/02 13:06:53.538, NVIDIA GeForce RTX 5060, 591.86, P8, 29, 0, 695, 8151, 7.84, 145.00, 210, 405, 1, 8
2026-09-02T13:06:58.6249268+07:00,2026/09/02 13:06:58.671, NVIDIA GeForce RTX 5060, 591.86, P8, 28, 0, 695, 8151, 7.84, 145.00, 210, 405, 1, 8
2026-09-02T13:07:03.6920046+07:00,2026/09/02 13:07:03.723, NVIDIA GeForce RTX 5060, 591.86, P8, 29, 0, 695, 8151, 8.14, 145.00, 210, 405, 1, 8
2026-09-02T13:07:08.7430114+07:00,2026/09/02 13:07:08.789, NVIDIA GeForce RTX 5060, 591.86, P8, 29, 0, 695, 8151, 7.89, 145.00, 210, 405, 1, 8
2026-09-02T13:07:13.8097132+07:00,2026/09/02 13:07:13.840, NVIDIA GeForce RTX 5060, 591.86, P8, 29, 0, 695, 8151, 7.76, 145.00, 210, 405, 1, 8
2026-09-02T13:07:18.8710319+07:00,2026/09/02 13:07:18.902, NVIDIA GeForce RTX 5060, 591.86, P8, 29, 0, 695, 8151, 7.82, 145.00, 210, 405, 1, 8
2026-09-02T13:07:23.9382588+07:00,2026/09/02 13:07:23.969, NVIDIA GeForce RTX 5060, 591.86, P8, 29, 0, 695, 8151, 7.72, 145.00, 210, 405, 1, 8
2026-09-02T13:07:29.0523368+07:00,2026/09/02 13:07:29.083, NVIDIA GeForce RTX 5060, 591.86, P8, 29, 0, 695, 8151, 7.84, 145.00, 210, 405, 1, 8
2026-09-02T13:07:34.1037969+07:00,2026/09/02 13:07:34.150, NVIDIA GeForce RTX 5060, 591.86, P8, 28, 0, 695, 8151, 7.75, 145.00, 210, 405, 1, 8
2026-09-02T13:07:39.1671804+07:00,2026/09/02 13:07:39.198, NVIDIA GeForce RTX 5060, 591.86, P8, 29, 0, 695, 8151, 7.70, 145.00, 210, 405, 1, 8
2026-09-02T13:07:44.2186175+07:00,2026/09/02 13:07:44.249, NVIDIA GeForce RTX 5060, 591.86, P8, 29, 0, 695, 8151, 7.79, 145.00, 210, 405, 1, 8
2026-09-02T13:07:49.2700062+07:00,2026/09/02 13:07:49.301, NVIDIA GeForce RTX 5060, 591.86, P8, 28, 0, 695, 8151, 7.75, 145.00, 210, 405, 1, 8
2026-09-02T13:07:54.3319279+07:00,2026/09/02 13:07:54.377, NVIDIA GeForce RTX 5060, 591.86, P8, 29, 0, 695, 8151, 7.82, 145.00, 210, 405, 1, 8
2026-09-02T13:07:59.4573508+07:00,2026/09/02 13:07:59.488, NVIDIA GeForce RTX 5060, 591.86, P8, 28, 0, 695, 8151, 7.70, 145.00, 210, 405, 1, 8
2026-09-02T13:08:04.5077984+07:00,2026/09/02 13:08:04.538, NVIDIA GeForce RTX 5060, 591.86, P8, 29, 0, 695, 8151, 7.84, 145.00, 210, 405, 1, 8
2026-09-02T13:08:09.5601500+07:00,2026/09/02 13:08:09.591, NVIDIA GeForce RTX 5060, 591.86, P8, 28, 0, 695, 8151, 7.82, 145.00, 210, 405, 1, 8
2026-09-02T13:08:14.6200582+07:00,2026/09/02 13:08:14.653, NVIDIA GeForce RTX 5060, 591.86, P8, 29, 0, 695, 8151, 8.06, 145.00, 210, 405, 1, 8
2026-09-02T13:08:19.6702528+07:00,2026/09/02 13:08:19.701, NVIDIA GeForce RTX 5060, 591.86, P8, 29, 0, 695, 8151, 7.85, 145.00, 202, 405, 1, 8
2026-09-02T13:08:24.7221893+07:00,2026/09/02 13:08:24.753, NVIDIA GeForce RTX 5060, 591.86, P8, 29, 0, 695, 8151, 7.91, 145.00, 210, 405, 1, 8
2026-09-02T13:08:29.8510908+07:00,2026/09/02 13:08:29.881, NVIDIA GeForce RTX 5060, 591.86, P8, 29, 0, 695, 8151, 7.85, 145.00, 210, 405, 1, 8
2026-09-02T13:08:34.9103928+07:00,2026/09/02 13:08:34.941, NVIDIA GeForce RTX 5060, 591.86, P8, 29, 0, 695, 8151, 7.91, 145.00, 210, 405, 1, 8
2026-09-02T13:08:39.9619993+07:00,2026/09/02 13:08:40.007, NVIDIA GeForce RTX 5060, 591.86, P8, 29, 0, 695, 8151, 8.07, 145.00, 210, 405, 1, 8
2026-09-02T13:08:45.0294889+07:00,2026/09/02 13:08:45.075, NVIDIA GeForce RTX 5060, 591.86, P8, 29, 0, 695, 8151, 8.01, 145.00, 210, 405, 1, 8
2026-09-02T13:08:50.0951940+07:00,2026/09/02 13:08:50.126, NVIDIA GeForce RTX 5060, 591.86, P8, 29, 0, 695, 8151, 7.80, 145.00, 210, 405, 1, 8
2026-09-02T13:08:55.1532814+07:00,2026/09/02 13:08:55.184, NVIDIA GeForce RTX 5060, 591.86, P8, 29, 0, 695, 8151, 7.91, 145.00, 210, 405, 1, 8
2026-09-02T13:09:00.2653438+07:00,2026/09/02 13:09:00.296, NVIDIA GeForce RTX 5060, 591.86, P8, 29, 0, 695, 8151, 7.80, 145.00, 210, 405, 1, 8
2026-09-02T13:09:05.3159108+07:00,2026/09/02 13:09:05.346, NVIDIA GeForce RTX 5060, 591.86, P8, 29, 0, 703, 8151, 8.20, 145.00, 210, 405, 1, 8
2026-09-02T13:09:10.3656167+07:00,2026/09/02 13:09:10.396, NVIDIA GeForce RTX 5060, 591.86, P8, 29, 0, 703, 8151, 7.77, 145.00, 210, 405, 1, 8
2026-09-02T13:09:15.4105844+07:00,2026/09/02 13:09:15.441, NVIDIA GeForce RTX 5060, 591.86, P8, 29, 0, 703, 8151, 7.89, 145.00, 210, 405, 1, 8
2026-09-02T13:09:20.4616289+07:00,2026/09/02 13:09:20.492, NVIDIA GeForce RTX 5060, 591.86, P8, 28, 0, 703, 8151, 7.70, 145.00, 210, 405, 1, 8
2026-09-02T13:09:25.5117795+07:00,2026/09/02 13:09:25.558, NVIDIA GeForce RTX 5060, 591.86, P8, 29, 0, 703, 8151, 7.84, 145.00, 210, 405, 1, 8
2026-09-02T13:09:30.6533355+07:00,2026/09/02 13:09:30.684, NVIDIA GeForce RTX 5060, 591.86, P8, 29, 0, 703, 8151, 7.79, 145.00, 210, 405, 1, 8
2026-09-02T13:09:35.7142663+07:00,2026/09/02 13:09:35.745, NVIDIA GeForce RTX 5060, 591.86, P8, 28, 0, 703, 8151, 7.89, 145.00, 210, 405, 1, 8
2026-09-02T13:09:40.7665799+07:00,2026/09/02 13:09:40.797, NVIDIA GeForce RTX 5060, 591.86, P8, 29, 0, 703, 8151, 7.87, 145.00, 210, 405, 1, 8
2026-09-02T13:09:45.8166555+07:00,2026/09/02 13:09:45.847, NVIDIA GeForce RTX 5060, 591.86, P8, 29, 0, 703, 8151, 7.79, 145.00, 210, 405, 1, 8
2026-09-02T13:09:50.8654929+07:00,2026/09/02 13:09:50.910, NVIDIA GeForce RTX 5060, 591.86, P8, 29, 0, 703, 8151, 7.82, 145.00, 210, 405, 1, 8
2026-09-02T13:09:55.9272446+07:00,2026/09/02 13:09:55.957, NVIDIA GeForce RTX 5060, 591.86, P8, 29, 0, 703, 8151, 7.81, 145.00, 210, 405, 1, 8
2026-09-02T13:10:01.0557744+07:00,2026/09/02 13:10:01.086, NVIDIA GeForce RTX 5060, 591.86, P8, 29, 0, 703, 8151, 8.08, 145.00, 210, 405, 1, 8
2026-09-02T13:10:06.1058980+07:00,2026/09/02 13:10:06.152, NVIDIA GeForce RTX 5060, 591.86, P8, 28, 0, 703, 8151, 7.87, 145.00, 210, 405, 1, 8
2026-09-02T13:10:11.1831552+07:00,2026/09/02 13:10:11.214, NVIDIA GeForce RTX 5060, 591.86, P8, 28, 0, 703, 8151, 8.10, 145.00, 210, 405, 1, 8
2026-09-02T13:10:16.2335218+07:00,2026/09/02 13:10:16.264, NVIDIA GeForce RTX 5060, 591.86, P8, 29, 0, 703, 8151, 7.89, 145.00, 210, 405, 1, 8
2026-09-02T13:10:21.2835956+07:00,2026/09/02 13:10:21.314, NVIDIA GeForce RTX 5060, 591.86, P8, 28, 0, 703, 8151, 7.91, 145.00, 210, 405, 1, 8
2026-09-02T13:10:26.3341234+07:00,2026/09/02 13:10:26.364, NVIDIA GeForce RTX 5060, 591.86, P8, 29, 0, 703, 8151, 7.90, 145.00, 210, 405, 1, 8
2026-09-02T13:10:31.4390256+07:00,2026/09/02 13:10:31.470, NVIDIA GeForce RTX 5060, 591.86, P8, 28, 0, 703, 8151, 7.82, 145.00, 210, 405, 1, 8
2026-09-02T13:10:36.4899256+07:00,2026/09/02 13:10:36.536, NVIDIA GeForce RTX 5060, 591.86, P8, 29, 0, 703, 8151, 7.95, 145.00, 210, 405, 1, 8
2026-09-02T13:10:41.5559714+07:00,2026/09/02 13:10:41.586, NVIDIA GeForce RTX 5060, 591.86, P8, 29, 0, 703, 8151, 7.87, 145.00, 210, 405, 1, 8
2026-09-02T13:10:46.6050294+07:00,2026/09/02 13:10:46.636, NVIDIA GeForce RTX 5060, 591.86, P8, 29, 0, 703, 8151, 7.92, 145.00, 210, 405, 1, 8
2026-09-02T13:10:51.6642112+07:00,2026/09/02 13:10:51.695, NVIDIA GeForce RTX 5060, 591.86, P8, 29, 0, 703, 8151, 7.97, 145.00, 210, 405, 1, 8
2026-09-02T13:10:56.7143203+07:00,2026/09/02 13:10:56.745, NVIDIA GeForce RTX 5060, 591.86, P8, 29, 0, 703, 8151, 8.14, 145.00, 210, 405, 1, 8
2026-09-02T13:11:01.8271495+07:00,2026/09/02 13:11:01.858, NVIDIA GeForce RTX 5060, 591.86, P8, 29, 0, 703, 8151, 8.30, 145.00, 210, 405, 1, 8
2026-09-02T13:11:06.8949079+07:00,2026/09/02 13:11:06.941, NVIDIA GeForce RTX 5060, 591.86, P8, 28, 0, 703, 8151, 7.84, 145.00, 210, 405, 1, 8
2026-09-02T13:11:11.9708478+07:00,2026/09/02 13:11:12.001, NVIDIA GeForce RTX 5060, 591.86, P8, 29, 0, 703, 8151, 7.91, 145.00, 210, 405, 1, 8
2026-09-02T13:11:17.0210495+07:00,2026/09/02 13:11:17.052, NVIDIA GeForce RTX 5060, 591.86, P8, 29, 0, 703, 8151, 8.01, 145.00, 210, 405, 1, 8
2026-09-02T13:11:22.0716671+07:00,2026/09/02 13:11:22.118, NVIDIA GeForce RTX 5060, 591.86, P8, 29, 0, 703, 8151, 7.82, 145.00, 210, 405, 1, 8
2026-09-02T13:11:27.1360095+07:00,2026/09/02 13:11:27.182, NVIDIA GeForce RTX 5060, 591.86, P8, 29, 0, 703, 8151, 7.83, 145.00, 210, 405, 1, 8
2026-09-02T13:11:32.2869717+07:00,2026/09/02 13:11:32.317, NVIDIA GeForce RTX 5060, 591.86, P8, 29, 0, 703, 8151, 8.09, 145.00, 210, 405, 1, 8
2026-09-02T13:11:37.3381501+07:00,2026/09/02 13:11:37.369, NVIDIA GeForce RTX 5060, 591.86, P8, 29, 0, 703, 8151, 7.70, 145.00, 210, 405, 1, 8
2026-09-02T13:11:42.3875906+07:00,2026/09/02 13:11:42.418, NVIDIA GeForce RTX 5060, 591.86, P8, 29, 0, 703, 8151, 7.98, 145.00, 210, 405, 1, 8
2026-09-02T13:11:47.4390014+07:00,2026/09/02 13:11:47.470, NVIDIA GeForce RTX 5060, 591.86, P8, 29, 0, 703, 8151, 7.80, 145.00, 210, 405, 1, 8
2026-09-02T13:11:52.4992081+07:00,2026/09/02 13:11:52.530, NVIDIA GeForce RTX 5060, 591.86, P8, 28, 0, 703, 8151, 7.92, 145.00, 210, 405, 1, 8
2026-09-02T13:11:57.5501300+07:00,2026/09/02 13:11:57.581, NVIDIA GeForce RTX 5060, 591.86, P8, 29, 0, 703, 8151, 7.89, 145.00, 210, 405, 1, 8
2026-09-02T13:12:02.6636961+07:00,2026/09/02 13:12:02.709, NVIDIA GeForce RTX 5060, 591.86, P8, 29, 0, 703, 8151, 8.39, 145.00, 210, 405, 1, 8
2026-09-02T13:12:07.7270636+07:00,2026/09/02 13:12:07.758, NVIDIA GeForce RTX 5060, 591.86, P8, 29, 0, 703, 8151, 7.93, 145.00, 210, 405, 1, 8
2026-09-02T13:12:12.7743261+07:00,2026/09/02 13:12:12.805, NVIDIA GeForce RTX 5060, 591.86, P8, 29, 0, 703, 8151, 7.95, 145.00, 210, 405, 1, 8
2026-09-02T13:12:17.8254892+07:00,2026/09/02 13:12:17.871, NVIDIA GeForce RTX 5060, 591.86, P8, 29, 0, 703, 8151, 8.35, 145.00, 210, 405, 1, 8
2026-09-02T13:12:22.8920085+07:00,2026/09/02 13:12:22.923, NVIDIA GeForce RTX 5060, 591.86, P8, 29, 0, 703, 8151, 7.85, 145.00, 210, 405, 1, 8
2026-09-02T13:12:27.9514320+07:00,2026/09/02 13:12:27.997, NVIDIA GeForce RTX 5060, 591.86, P8, 29, 0, 703, 8151, 8.01, 145.00, 210, 405, 1, 8
2026-09-02T13:12:33.0638233+07:00,2026/09/02 13:12:33.110, NVIDIA GeForce RTX 5060, 591.86, P8, 29, 0, 703, 8151, 7.90, 145.00, 210, 405, 1, 8
2026-09-02T13:12:38.1311269+07:00,2026/09/02 13:12:38.162, NVIDIA GeForce RTX 5060, 591.86, P8, 28, 0, 703, 8151, 7.93, 145.00, 210, 405, 1, 8
2026-09-02T13:12:43.1827174+07:00,2026/09/02 13:12:43.229, NVIDIA GeForce RTX 5060, 591.86, P8, 28, 0, 703, 8151, 8.01, 145.00, 210, 405, 1, 8
2026-09-02T13:12:48.2572993+07:00,2026/09/02 13:12:48.288, NVIDIA GeForce RTX 5060, 591.86, P8, 28, 0, 703, 8151, 7.90, 145.00, 210, 405, 1, 8
2026-09-02T13:12:53.3090283+07:00,2026/09/02 13:12:53.340, NVIDIA GeForce RTX 5060, 591.86, P8, 29, 0, 703, 8151, 8.05, 145.00, 210, 405, 1, 8
2026-09-02T13:12:58.3614883+07:00,2026/09/02 13:12:58.392, NVIDIA GeForce RTX 5060, 591.86, P8, 29, 0, 703, 8151, 7.96, 145.00, 210, 405, 1, 8
2026-09-02T13:13:03.4755287+07:00,2026/09/02 13:13:03.506, NVIDIA GeForce RTX 5060, 591.86, P8, 29, 0, 703, 8151, 8.32, 145.00, 210, 405, 1, 8
2026-09-02T13:13:08.5354707+07:00,2026/09/02 13:13:08.566, NVIDIA GeForce RTX 5060, 591.86, P8, 28, 0, 703, 8151, 7.96, 145.00, 210, 405, 1, 8
2026-09-02T13:13:13.5856263+07:00,2026/09/02 13:13:13.616, NVIDIA GeForce RTX 5060, 591.86, P8, 28, 0, 703, 8151, 8.00, 145.00, 210, 405, 1, 8
2026-09-02T13:13:18.6376327+07:00,2026/09/02 13:13:18.668, NVIDIA GeForce RTX 5060, 591.86, P8, 29, 0, 703, 8151, 8.39, 145.00, 210, 405, 1, 8
2026-09-02T13:13:23.6885321+07:00,2026/09/02 13:13:23.735, NVIDIA GeForce RTX 5060, 591.86, P8, 29, 0, 703, 8151, 8.01, 145.00, 210, 405, 1, 8
2026-09-02T13:13:28.7645063+07:00,2026/09/02 13:13:28.795, NVIDIA GeForce RTX 5060, 591.86, P8, 29, 0, 703, 8151, 8.01, 145.00, 210, 405, 1, 8
2026-09-02T13:13:33.8792088+07:00,2026/09/02 13:13:33.925, NVIDIA GeForce RTX 5060, 591.86, P8, 29, 0, 703, 8151, 8.20, 145.00, 210, 405, 1, 8
2026-09-02T13:13:38.9462147+07:00,2026/09/02 13:13:38.977, NVIDIA GeForce RTX 5060, 591.86, P8, 28, 0, 703, 8151, 7.65, 145.00, 210, 405, 1, 8
2026-09-02T13:13:43.9956256+07:00,2026/09/02 13:13:44.042, NVIDIA GeForce RTX 5060, 591.86, P8, 28, 0, 703, 8151, 7.93, 145.00, 210, 405, 1, 8
2026-09-02T13:13:49.0730247+07:00,2026/09/02 13:13:49.104, NVIDIA GeForce RTX 5060, 591.86, P8, 28, 0, 703, 8151, 7.80, 145.00, 210, 405, 1, 8
2026-09-02T13:13:54.1243336+07:00,2026/09/02 13:13:54.155, NVIDIA GeForce RTX 5060, 591.86, P8, 29, 0, 703, 8151, 7.89, 145.00, 210, 405, 1, 8
2026-09-02T13:13:59.1757330+07:00,2026/09/02 13:13:59.206, NVIDIA GeForce RTX 5060, 591.86, P8, 29, 0, 703, 8151, 7.98, 145.00, 210, 405, 1, 8
2026-09-02T13:14:04.3008280+07:00,2026/09/02 13:14:04.331, NVIDIA GeForce RTX 5060, 591.86, P8, 29, 0, 703, 8151, 8.51, 145.00, 210, 405, 1, 8
2026-09-02T13:14:09.3559417+07:00,2026/09/02 13:14:09.386, NVIDIA GeForce RTX 5060, 591.86, P8, 28, 0, 703, 8151, 8.08, 145.00, 210, 405, 1, 8
2026-09-02T13:14:14.4073872+07:00,2026/09/02 13:14:14.438, NVIDIA GeForce RTX 5060, 591.86, P8, 29, 0, 703, 8151, 7.87, 145.00, 210, 405, 1, 8
2026-09-02T13:14:19.4578096+07:00,2026/09/02 13:14:19.488, NVIDIA GeForce RTX 5060, 591.86, P8, 29, 0, 703, 8151, 8.38, 145.00, 210, 405, 1, 8
2026-09-02T13:14:24.5083744+07:00,2026/09/02 13:14:24.539, NVIDIA GeForce RTX 5060, 591.86, P8, 28, 0, 703, 8151, 7.96, 145.00, 210, 405, 1, 8
2026-09-02T13:14:29.5483100+07:00,2026/09/02 13:14:29.579, NVIDIA GeForce RTX 5060, 591.86, P8, 29, 0, 703, 8151, 8.06, 145.00, 210, 405, 1, 8
2026-09-02T13:14:34.6625348+07:00,2026/09/02 13:14:34.709, NVIDIA GeForce RTX 5060, 591.86, P8, 28, 0, 703, 8151, 7.98, 145.00, 210, 405, 1, 8
2026-09-02T13:14:39.7302687+07:00,2026/09/02 13:14:39.776, NVIDIA GeForce RTX 5060, 591.86, P8, 28, 0, 703, 8151, 8.00, 145.00, 210, 405, 1, 8
2026-09-02T13:14:44.7971906+07:00,2026/09/02 13:14:44.843, NVIDIA GeForce RTX 5060, 591.86, P8, 28, 0, 703, 8151, 7.87, 145.00, 210, 405, 1, 8
2026-09-02T13:14:49.8901529+07:00,2026/09/02 13:14:49.921, NVIDIA GeForce RTX 5060, 591.86, P8, 29, 0, 703, 8151, 8.04, 145.00, 210, 405, 1, 8
2026-09-02T13:14:54.9406833+07:00,2026/09/02 13:14:54.971, NVIDIA GeForce RTX 5060, 591.86, P8, 29, 0, 703, 8151, 7.99, 145.00, 210, 405, 1, 8
2026-09-02T13:14:59.9931723+07:00,2026/09/02 13:15:00.024, NVIDIA GeForce RTX 5060, 591.86, P8, 28, 0, 703, 8151, 8.18, 145.00, 210, 405, 1, 8
2026-09-02T13:15:05.1168989+07:00,2026/09/02 13:15:05.168, NVIDIA GeForce RTX 5060, 591.86, P8, 28, 0, 703, 8151, 8.17, 145.00, 210, 405, 1, 8
2026-09-02T13:15:10.1775180+07:00,2026/09/02 13:15:10.208, NVIDIA GeForce RTX 5060, 591.86, P8, 28, 0, 703, 8151, 8.16, 145.00, 210, 405, 1, 8
2026-09-02T13:15:15.2277044+07:00,2026/09/02 13:15:15.258, NVIDIA GeForce RTX 5060, 591.86, P8, 28, 0, 703, 8151, 7.98, 145.00, 210, 405, 1, 8
2026-09-02T13:15:20.2784239+07:00,2026/09/02 13:15:20.309, NVIDIA GeForce RTX 5060, 591.86, P8, 29, 0, 703, 8151, 8.10, 145.00, 210, 405, 1, 8
2026-09-02T13:15:25.3288159+07:00,2026/09/02 13:15:25.359, NVIDIA GeForce RTX 5060, 591.86, P8, 29, 0, 703, 8151, 8.08, 145.00, 210, 405, 1, 8
2026-09-02T13:15:30.3751128+07:00,2026/09/02 13:15:30.406, NVIDIA GeForce RTX 5060, 591.86, P8, 29, 0, 703, 8151, 8.00, 145.00, 210, 405, 1, 8
2026-09-02T13:15:35.4883612+07:00,2026/09/02 13:15:35.519, NVIDIA GeForce RTX 5060, 591.86, P8, 29, 0, 703, 8151, 8.14, 145.00, 210, 405, 1, 8
2026-09-02T13:15:40.5401481+07:00,2026/09/02 13:15:40.570, NVIDIA GeForce RTX 5060, 591.86, P8, 28, 0, 703, 8151, 8.00, 145.00, 210, 405, 1, 8
2026-09-02T13:15:45.5892053+07:00,2026/09/02 13:15:45.620, NVIDIA GeForce RTX 5060, 591.86, P8, 29, 0, 703, 8151, 8.10, 145.00, 210, 405, 1, 8
2026-09-02T13:15:50.6368298+07:00,2026/09/02 13:15:50.683, NVIDIA GeForce RTX 5060, 591.86, P8, 29, 0, 703, 8151, 7.94, 145.00, 210, 405, 1, 8
2026-09-02T13:15:55.7043416+07:00,2026/09/02 13:15:55.735, NVIDIA GeForce RTX 5060, 591.86, P8, 29, 0, 703, 8151, 8.02, 145.00, 210, 405, 1, 8
2026-09-02T13:16:00.7559473+07:00,2026/09/02 13:16:00.787, NVIDIA GeForce RTX 5060, 591.86, P8, 29, 0, 703, 8151, 8.11, 145.00, 247, 405, 1, 8
2026-09-02T13:16:05.8676580+07:00,2026/09/02 13:16:05.898, NVIDIA GeForce RTX 5060, 591.86, P8, 29, 0, 703, 8151, 8.06, 145.00, 210, 405, 1, 8
2026-09-02T13:16:10.9108860+07:00,2026/09/02 13:16:10.941, NVIDIA GeForce RTX 5060, 591.86, P8, 29, 0, 703, 8151, 8.12, 145.00, 210, 405, 1, 8
2026-09-02T13:16:15.9621876+07:00,2026/09/02 13:16:15.993, NVIDIA GeForce RTX 5060, 591.86, P8, 29, 0, 703, 8151, 8.08, 145.00, 202, 405, 1, 8
2026-09-02T13:16:21.0125920+07:00,2026/09/02 13:16:21.043, NVIDIA GeForce RTX 5060, 591.86, P8, 29, 0, 703, 8151, 8.04, 145.00, 210, 405, 1, 8
2026-09-02T13:16:26.0605986+07:00,2026/09/02 13:16:26.091, NVIDIA GeForce RTX 5060, 591.86, P8, 29, 0, 703, 8151, 8.23, 145.00, 210, 405, 1, 8
2026-09-02T13:16:31.1077792+07:00,2026/09/02 13:16:31.138, NVIDIA GeForce RTX 5060, 591.86, P8, 29, 0, 703, 8151, 8.00, 145.00, 210, 405, 1, 8
2026-09-02T13:16:36.2216618+07:00,2026/09/02 13:16:36.252, NVIDIA GeForce RTX 5060, 591.86, P8, 28, 0, 703, 8151, 8.05, 145.00, 210, 405, 1, 8
2026-09-02T13:16:41.2880864+07:00,2026/09/02 13:16:41.319, NVIDIA GeForce RTX 5060, 591.86, P8, 28, 0, 703, 8151, 8.03, 145.00, 210, 405, 1, 8
2026-09-02T13:16:46.3395232+07:00,2026/09/02 13:16:46.368, NVIDIA GeForce RTX 5060, 591.86, P8, 28, 0, 703, 8151, 8.15, 145.00, 210, 405, 1, 8
2026-09-02T13:16:51.3981538+07:00,2026/09/02 13:16:51.429, NVIDIA GeForce RTX 5060, 591.86, P8, 28, 0, 703, 8151, 8.17, 145.00, 210, 405, 1, 8
2026-09-02T13:16:56.4492604+07:00,2026/09/02 13:16:56.495, NVIDIA GeForce RTX 5060, 591.86, P8, 28, 0, 703, 8151, 8.18, 145.00, 210, 405, 1, 8
2026-09-02T13:17:01.5168892+07:00,2026/09/02 13:17:01.563, NVIDIA GeForce RTX 5060, 591.86, P8, 29, 0, 703, 8151, 8.47, 145.00, 210, 405, 1, 8
2026-09-02T13:17:06.6537487+07:00,2026/09/02 13:17:06.699, NVIDIA GeForce RTX 5060, 591.86, P8, 28, 0, 703, 8151, 8.13, 145.00, 210, 405, 1, 8
2026-09-02T13:17:11.7180055+07:00,2026/09/02 13:17:11.749, NVIDIA GeForce RTX 5060, 591.86, P8, 28, 0, 703, 8151, 8.34, 145.00, 210, 405, 1, 8
2026-09-02T13:17:16.7692050+07:00,2026/09/02 13:17:16.800, NVIDIA GeForce RTX 5060, 591.86, P8, 29, 0, 703, 8151, 8.17, 145.00, 210, 405, 1, 8
2026-09-02T13:17:21.8207771+07:00,2026/09/02 13:17:21.851, NVIDIA GeForce RTX 5060, 591.86, P8, 28, 0, 703, 8151, 8.06, 145.00, 210, 405, 1, 8
2026-09-02T13:17:26.8794135+07:00,2026/09/02 13:17:26.910, NVIDIA GeForce RTX 5060, 591.86, P8, 29, 0, 703, 8151, 8.31, 145.00, 210, 405, 1, 8
2026-09-02T13:17:31.9312880+07:00,2026/09/02 13:17:31.977, NVIDIA GeForce RTX 5060, 591.86, P8, 28, 0, 703, 8151, 8.04, 145.00, 210, 405, 1, 8
2026-09-02T13:17:37.0769185+07:00,2026/09/02 13:17:37.107, NVIDIA GeForce RTX 5060, 591.86, P8, 28, 0, 703, 8151, 8.12, 145.00, 210, 405, 1, 8
2026-09-02T13:17:42.1282062+07:00,2026/09/02 13:17:42.174, NVIDIA GeForce RTX 5060, 591.86, P8, 28, 0, 703, 8151, 8.04, 145.00, 210, 405, 1, 8
2026-09-02T13:17:47.2181962+07:00,2026/09/02 13:17:47.264, NVIDIA GeForce RTX 5060, 591.86, P8, 28, 0, 703, 8151, 8.09, 145.00, 210, 405, 1, 8
2026-09-02T13:17:52.2854784+07:00,2026/09/02 13:17:52.316, NVIDIA GeForce RTX 5060, 591.86, P8, 28, 0, 703, 8151, 7.96, 145.00, 210, 405, 1, 8
2026-09-02T13:17:57.3375613+07:00,2026/09/02 13:17:57.368, NVIDIA GeForce RTX 5060, 591.86, P8, 28, 0, 703, 8151, 7.92, 145.00, 210, 405, 1, 8
2026-09-02T13:18:02.3888800+07:00,2026/09/02 13:18:02.419, NVIDIA GeForce RTX 5060, 591.86, P8, 28, 0, 703, 8151, 8.38, 145.00, 210, 405, 1, 8
2026-09-02T13:18:07.5081458+07:00,2026/09/02 13:18:07.539, NVIDIA GeForce RTX 5060, 591.86, P8, 28, 0, 703, 8151, 7.98, 145.00, 210, 405, 1, 8
2026-09-02T13:18:12.5592424+07:00,2026/09/02 13:18:12.590, NVIDIA GeForce RTX 5060, 591.86, P8, 28, 0, 703, 8151, 7.87, 145.00, 210, 405, 1, 8
2026-09-02T13:18:17.6099612+07:00,2026/09/02 13:18:17.640, NVIDIA GeForce RTX 5060, 591.86, P8, 29, 0, 703, 8151, 8.05, 145.00, 210, 405, 1, 8
2026-09-02T13:18:22.6627108+07:00,2026/09/02 13:18:22.708, NVIDIA GeForce RTX 5060, 591.86, P8, 28, 0, 703, 8151, 7.89, 145.00, 210, 405, 1, 8
2026-09-02T13:18:27.7191896+07:00,2026/09/02 13:18:27.765, NVIDIA GeForce RTX 5060, 591.86, P8, 28, 0, 703, 8151, 8.03, 145.00, 210, 405, 1, 8
2026-09-02T13:18:32.7857819+07:00,2026/09/02 13:18:32.816, NVIDIA GeForce RTX 5060, 591.86, P8, 28, 0, 703, 8151, 7.89, 145.00, 210, 405, 1, 8
2026-09-02T13:18:37.8993037+07:00,2026/09/02 13:18:37.930, NVIDIA GeForce RTX 5060, 591.86, P8, 28, 0, 703, 8151, 7.90, 145.00, 210, 405, 1, 8
2026-09-02T13:18:42.9483773+07:00,2026/09/02 13:18:42.979, NVIDIA GeForce RTX 5060, 591.86, P8, 28, 0, 703, 8151, 7.91, 145.00, 210, 405, 1, 8
2026-09-02T13:18:48.0104215+07:00,2026/09/02 13:18:48.041, NVIDIA GeForce RTX 5060, 591.86, P8, 29, 0, 703, 8151, 8.09, 145.00, 210, 405, 1, 8
2026-09-02T13:18:53.0619209+07:00,2026/09/02 13:18:53.092, NVIDIA GeForce RTX 5060, 591.86, P8, 29, 0, 703, 8151, 8.04, 145.00, 210, 405, 1, 8
2026-09-02T13:18:58.1130338+07:00,2026/09/02 13:18:58.144, NVIDIA GeForce RTX 5060, 591.86, P8, 29, 0, 703, 8151, 8.01, 145.00, 210, 405, 1, 8
2026-09-02T13:19:03.1717288+07:00,2026/09/02 13:19:03.202, NVIDIA GeForce RTX 5060, 591.86, P8, 29, 0, 703, 8151, 8.50, 145.00, 210, 405, 1, 8
2026-09-02T13:19:08.2852192+07:00,2026/09/02 13:19:08.316, NVIDIA GeForce RTX 5060, 591.86, P8, 28, 0, 703, 8151, 8.16, 145.00, 210, 405, 1, 8
2026-09-02T13:19:13.3356011+07:00,2026/09/02 13:19:13.382, NVIDIA GeForce RTX 5060, 591.86, P8, 28, 0, 703, 8151, 8.25, 145.00, 210, 405, 1, 8
2026-09-02T13:19:18.4030005+07:00,2026/09/02 13:19:18.434, NVIDIA GeForce RTX 5060, 591.86, P8, 29, 0, 703, 8151, 8.73, 145.00, 210, 405, 1, 8
2026-09-02T13:19:23.4609194+07:00,2026/09/02 13:19:23.491, NVIDIA GeForce RTX 5060, 591.86, P8, 29, 0, 703, 8151, 8.09, 145.00, 210, 405, 1, 8
2026-09-02T13:19:28.5115196+07:00,2026/09/02 13:19:28.542, NVIDIA GeForce RTX 5060, 591.86, P8, 29, 0, 703, 8151, 8.24, 145.00, 210, 405, 1, 8
2026-09-02T13:19:33.5620052+07:00,2026/09/02 13:19:33.593, NVIDIA GeForce RTX 5060, 591.86, P8, 29, 0, 703, 8151, 8.12, 145.00, 210, 405, 1, 8
2026-09-02T13:19:38.6758197+07:00,2026/09/02 13:19:38.706, NVIDIA GeForce RTX 5060, 591.86, P8, 29, 0, 703, 8151, 8.07, 145.00, 210, 405, 1, 8
2026-09-02T13:19:43.7354940+07:00,2026/09/02 13:19:43.766, NVIDIA GeForce RTX 5060, 591.86, P8, 28, 0, 703, 8151, 8.11, 145.00, 210, 405, 1, 8
2026-09-02T13:19:48.7866025+07:00,2026/09/02 13:19:48.817, NVIDIA GeForce RTX 5060, 591.86, P8, 29, 0, 703, 8151, 7.97, 145.00, 210, 405, 1, 8
2026-09-02T13:19:53.8378581+07:00,2026/09/02 13:19:53.868, NVIDIA GeForce RTX 5060, 591.86, P8, 29, 0, 703, 8151, 8.30, 145.00, 210, 405, 1, 8
2026-09-02T13:19:58.8881324+07:00,2026/09/02 13:19:58.919, NVIDIA GeForce RTX 5060, 591.86, P8, 29, 0, 703, 8151, 8.13, 145.00, 210, 405, 1, 8
2026-09-02T13:20:03.9456176+07:00,2026/09/02 13:20:03.976, NVIDIA GeForce RTX 5060, 591.86, P8, 29, 0, 703, 8151, 8.43, 145.00, 210, 405, 1, 8
2026-09-02T13:20:09.0591239+07:00,2026/09/02 13:20:09.090, NVIDIA GeForce RTX 5060, 591.86, P8, 29, 0, 703, 8151, 8.03, 145.00, 210, 405, 1, 8
2026-09-02T13:20:14.1107001+07:00,2026/09/02 13:20:14.141, NVIDIA GeForce RTX 5060, 591.86, P8, 29, 0, 703, 8151, 8.10, 145.00, 210, 405, 1, 8
2026-09-02T13:20:19.1606969+07:00,2026/09/02 13:20:19.191, NVIDIA GeForce RTX 5060, 591.86, P8, 29, 0, 703, 8151, 8.59, 145.00, 210, 405, 1, 8
2026-09-02T13:20:24.2035677+07:00,2026/09/02 13:20:24.234, NVIDIA GeForce RTX 5060, 591.86, P8, 29, 0, 703, 8151, 8.03, 145.00, 210, 405, 1, 8
2026-09-02T13:20:29.2548716+07:00,2026/09/02 13:20:29.285, NVIDIA GeForce RTX 5060, 591.86, P8, 29, 0, 703, 8151, 8.10, 145.00, 210, 405, 1, 8
2026-09-02T13:20:34.3066045+07:00,2026/09/02 13:20:34.337, NVIDIA GeForce RTX 5060, 591.86, P8, 28, 0, 703, 8151, 7.91, 145.00, 210, 405, 1, 8
2026-09-02T13:20:39.4196032+07:00,2026/09/02 13:20:39.450, NVIDIA GeForce RTX 5060, 591.86, P8, 29, 0, 703, 8151, 7.99, 145.00, 210, 405, 1, 8
2026-09-02T13:20:44.4575864+07:00,2026/09/02 13:20:44.504, NVIDIA GeForce RTX 5060, 591.86, P8, 29, 0, 703, 8151, 8.06, 145.00, 210, 405, 1, 8
2026-09-02T13:20:49.5242020+07:00,2026/09/02 13:20:49.555, NVIDIA GeForce RTX 5060, 591.86, P8, 29, 0, 703, 8151, 8.11, 145.00, 210, 405, 1, 8
2026-09-02T13:20:54.5752973+07:00,2026/09/02 13:20:54.606, NVIDIA GeForce RTX 5060, 591.86, P8, 29, 0, 703, 8151, 7.98, 145.00, 210, 405, 1, 8
2026-09-02T13:20:59.6264105+07:00,2026/09/02 13:20:59.657, NVIDIA GeForce RTX 5060, 591.86, P8, 29, 0, 703, 8151, 8.02, 145.00, 210, 405, 1, 8
2026-09-02T13:21:04.6864745+07:00,2026/09/02 13:21:04.717, NVIDIA GeForce RTX 5060, 591.86, P8, 29, 0, 703, 8151, 8.51, 145.00, 210, 405, 1, 8
2026-09-02T13:21:09.8001731+07:00,2026/09/02 13:21:09.831, NVIDIA GeForce RTX 5060, 591.86, P8, 29, 0, 703, 8151, 8.04, 145.00, 210, 405, 1, 8
2026-09-02T13:21:14.8516936+07:00,2026/09/02 13:21:14.882, NVIDIA GeForce RTX 5060, 591.86, P8, 29, 0, 703, 8151, 7.83, 145.00, 210, 405, 1, 8
2026-09-02T13:21:19.9172186+07:00,2026/09/02 13:21:19.962, NVIDIA GeForce RTX 5060, 591.86, P8, 29, 0, 703, 8151, 7.95, 145.00, 210, 405, 1, 8
2026-09-02T13:21:24.9739732+07:00,2026/09/02 13:21:25.004, NVIDIA GeForce RTX 5060, 591.86, P8, 29, 0, 703, 8151, 7.89, 145.00, 210, 405, 1, 8
2026-09-02T13:21:30.0233327+07:00,2026/09/02 13:21:30.054, NVIDIA GeForce RTX 5060, 591.86, P8, 29, 0, 703, 8151, 8.24, 145.00, 210, 405, 1, 8
2026-09-02T13:21:35.0737658+07:00,2026/09/02 13:21:35.104, NVIDIA GeForce RTX 5060, 591.86, P8, 29, 0, 703, 8151, 7.94, 145.00, 210, 405, 1, 8
2026-09-02T13:21:40.1866958+07:00,2026/09/02 13:21:40.217, NVIDIA GeForce RTX 5060, 591.86, P8, 29, 0, 703, 8151, 8.00, 145.00, 210, 405, 1, 8
2026-09-02T13:21:45.2333571+07:00,2026/09/02 13:21:45.264, NVIDIA GeForce RTX 5060, 591.86, P8, 29, 0, 703, 8151, 8.09, 145.00, 210, 405, 1, 8
2026-09-02T13:21:50.2851961+07:00,2026/09/02 13:21:50.316, NVIDIA GeForce RTX 5060, 591.86, P8, 29, 0, 703, 8151, 8.07, 145.00, 210, 405, 1, 8
2026-09-02T13:21:55.3366461+07:00,2026/09/02 13:21:55.367, NVIDIA GeForce RTX 5060, 591.86, P8, 29, 0, 703, 8151, 8.09, 145.00, 210, 405, 1, 8
2026-09-02T13:22:00.3856419+07:00,2026/09/02 13:22:00.416, NVIDIA GeForce RTX 5060, 591.86, P8, 29, 0, 703, 8151, 8.08, 145.00, 210, 405, 1, 8
2026-09-02T13:22:05.4461144+07:00,2026/09/02 13:22:05.492, NVIDIA GeForce RTX 5060, 591.86, P8, 29, 0, 703, 8151, 8.05, 145.00, 210, 405, 1, 8
2026-09-02T13:22:10.5750841+07:00,2026/09/02 13:22:10.606, NVIDIA GeForce RTX 5060, 591.86, P8, 29, 0, 703, 8151, 8.25, 145.00, 210, 405, 1, 8
2026-09-02T13:22:15.6262998+07:00,2026/09/02 13:22:15.657, NVIDIA GeForce RTX 5060, 591.86, P8, 29, 0, 703, 8151, 8.08, 145.00, 210, 405, 1, 8
2026-09-02T13:22:20.6861649+07:00,2026/09/02 13:22:20.731, NVIDIA GeForce RTX 5060, 591.86, P8, 29, 0, 703, 8151, 8.10, 145.00, 210, 405, 1, 8
2026-09-02T13:22:25.7518806+07:00,2026/09/02 13:22:25.782, NVIDIA GeForce RTX 5060, 591.86, P8, 29, 0, 703, 8151, 7.95, 145.00, 210, 405, 1, 8
2026-09-02T13:22:30.8034203+07:00,2026/09/02 13:22:30.849, NVIDIA GeForce RTX 5060, 591.86, P8, 29, 0, 703, 8151, 8.04, 145.00, 210, 405, 1, 8
2026-09-02T13:22:35.8708369+07:00,2026/09/02 13:22:35.901, NVIDIA GeForce RTX 5060, 591.86, P8, 29, 0, 703, 8151, 8.13, 145.00, 210, 405, 1, 8
2026-09-02T13:22:40.9924811+07:00,2026/09/02 13:22:41.023, NVIDIA GeForce RTX 5060, 591.86, P8, 28, 0, 703, 8151, 8.20, 145.00, 210, 405, 1, 8
2026-09-02T13:22:46.0436721+07:00,2026/09/02 13:22:46.074, NVIDIA GeForce RTX 5060, 591.86, P8, 28, 0, 703, 8151, 7.92, 145.00, 210, 405, 1, 8
2026-09-02T13:22:51.0947420+07:00,2026/09/02 13:22:51.141, NVIDIA GeForce RTX 5060, 591.86, P8, 29, 0, 703, 8151, 7.84, 145.00, 210, 405, 1, 8
2026-09-02T13:22:56.1622675+07:00,2026/09/02 13:22:56.193, NVIDIA GeForce RTX 5060, 591.86, P8, 29, 0, 703, 8151, 8.06, 145.00, 210, 405, 1, 8
2026-09-02T13:23:01.2226843+07:00,2026/09/02 13:23:01.253, NVIDIA GeForce RTX 5060, 591.86, P8, 29, 0, 703, 8151, 8.21, 145.00, 210, 405, 1, 8
2026-09-02T13:23:06.2736723+07:00,2026/09/02 13:23:06.304, NVIDIA GeForce RTX 5060, 591.86, P8, 29, 0, 703, 8151, 8.08, 145.00, 210, 405, 1, 8
2026-09-02T13:23:11.3868911+07:00,2026/09/02 13:23:11.417, NVIDIA GeForce RTX 5060, 591.86, P8, 29, 0, 703, 8151, 8.16, 145.00, 210, 405, 1, 8
2026-09-02T13:23:16.4380392+07:00,2026/09/02 13:23:16.469, NVIDIA GeForce RTX 5060, 591.86, P8, 28, 0, 703, 8151, 7.96, 145.00, 210, 405, 1, 8
2026-09-02T13:23:21.4971487+07:00,2026/09/02 13:23:21.543, NVIDIA GeForce RTX 5060, 591.86, P8, 29, 0, 703, 8151, 7.98, 145.00, 210, 405, 1, 8
2026-09-02T13:23:26.5623724+07:00,2026/09/02 13:23:26.593, NVIDIA GeForce RTX 5060, 591.86, P8, 29, 0, 703, 8151, 7.87, 145.00, 210, 405, 1, 8
2026-09-02T13:23:31.6132461+07:00,2026/09/02 13:23:31.644, NVIDIA GeForce RTX 5060, 591.86, P8, 29, 0, 703, 8151, 8.23, 145.00, 210, 405, 1, 8
2026-09-02T13:23:36.6652444+07:00,2026/09/02 13:23:36.696, NVIDIA GeForce RTX 5060, 591.86, P8, 29, 0, 703, 8151, 7.98, 145.00, 210, 405, 1, 8
2026-09-02T13:23:41.7863864+07:00,2026/09/02 13:23:41.817, NVIDIA GeForce RTX 5060, 591.86, P8, 28, 0, 703, 8151, 8.05, 145.00, 210, 405, 1, 8
2026-09-02T13:23:46.8383236+07:00,2026/09/02 13:23:46.885, NVIDIA GeForce RTX 5060, 591.86, P8, 29, 0, 703, 8151, 8.08, 145.00, 210, 405, 1, 8
2026-09-02T13:23:51.9042965+07:00,2026/09/02 13:23:51.937, NVIDIA GeForce RTX 5060, 591.86, P8, 29, 0, 703, 8151, 7.99, 145.00, 210, 405, 1, 8
2026-09-02T13:23:56.9545257+07:00,2026/09/02 13:23:56.985, NVIDIA GeForce RTX 5060, 591.86, P8, 29, 0, 703, 8151, 8.06, 145.00, 210, 405, 1, 8
2026-09-02T13:24:02.0161901+07:00,2026/09/02 13:24:02.047, NVIDIA GeForce RTX 5060, 591.86, P8, 29, 0, 703, 8151, 8.52, 145.00, 202, 405, 1, 8
2026-09-02T13:24:07.0664472+07:00,2026/09/02 13:24:07.097, NVIDIA GeForce RTX 5060, 591.86, P8, 29, 0, 703, 8151, 8.54, 145.00, 210, 405, 1, 8
2026-09-02T13:24:12.1788201+07:00,2026/09/02 13:24:12.209, NVIDIA GeForce RTX 5060, 591.86, P8, 29, 0, 703, 8151, 8.03, 145.00, 210, 405, 1, 8
2026-09-02T13:24:17.2273827+07:00,2026/09/02 13:24:17.289, NVIDIA GeForce RTX 5060, 591.86, P8, 29, 0, 703, 8151, 8.35, 145.00, 210, 405, 1, 8
2026-09-02T13:24:22.3156166+07:00,2026/09/02 13:24:22.346, NVIDIA GeForce RTX 5060, 591.86, P8, 29, 0, 703, 8151, 8.23, 145.00, 210, 405, 1, 8
2026-09-02T13:24:27.3672694+07:00,2026/09/02 13:24:27.398, NVIDIA GeForce RTX 5060, 591.86, P8, 29, 0, 703, 8151, 8.02, 145.00, 210, 405, 1, 8
2026-09-02T13:24:32.4175814+07:00,2026/09/02 13:24:32.448, NVIDIA GeForce RTX 5060, 591.86, P8, 29, 0, 703, 8151, 8.01, 145.00, 210, 405, 1, 8
2026-09-02T13:24:37.4673871+07:00,2026/09/02 13:24:37.498, NVIDIA GeForce RTX 5060, 591.86, P8, 28, 0, 703, 8151, 7.99, 145.00, 210, 405, 1, 8
2026-09-02T13:24:42.5748919+07:00,2026/09/02 13:24:42.605, NVIDIA GeForce RTX 5060, 591.86, P8, 28, 0, 703, 8151, 7.97, 145.00, 210, 405, 1, 8
2026-09-02T13:24:47.6233910+07:00,2026/09/02 13:24:47.654, NVIDIA GeForce RTX 5060, 591.86, P8, 29, 0, 703, 8151, 7.84, 145.00, 210, 405, 1, 8
2026-09-02T13:24:52.6728977+07:00,2026/09/02 13:24:52.719, NVIDIA GeForce RTX 5060, 591.86, P8, 29, 0, 703, 8151, 7.94, 145.00, 210, 405, 1, 8
2026-09-02T13:24:57.7381246+07:00,2026/09/02 13:24:57.769, NVIDIA GeForce RTX 5060, 591.86, P8, 29, 0, 703, 8151, 8.02, 145.00, 210, 405, 1, 8
2026-09-02T13:25:02.8008440+07:00,2026/09/02 13:25:02.831, NVIDIA GeForce RTX 5060, 591.86, P8, 29, 0, 703, 8151, 8.65, 145.00, 210, 405, 1, 8
2026-09-02T13:25:07.8524960+07:00,2026/09/02 13:25:07.883, NVIDIA GeForce RTX 5060, 591.86, P8, 28, 0, 703, 8151, 8.18, 145.00, 210, 405, 1, 8
2026-09-02T13:25:12.9653996+07:00,2026/09/02 13:25:12.996, NVIDIA GeForce RTX 5060, 591.86, P8, 28, 0, 703, 8151, 8.06, 145.00, 210, 405, 1, 8
2026-09-02T13:25:18.0135924+07:00,2026/09/02 13:25:18.044, NVIDIA GeForce RTX 5060, 591.86, P8, 29, 0, 703, 8151, 8.72, 145.00, 210, 405, 1, 8
2026-09-02T13:25:23.0618464+07:00,2026/09/02 13:25:23.092, NVIDIA GeForce RTX 5060, 591.86, P8, 29, 0, 703, 8151, 8.19, 145.00, 210, 405, 1, 8
2026-09-02T13:25:28.1118777+07:00,2026/09/02 13:25:28.158, NVIDIA GeForce RTX 5060, 591.86, P8, 29, 0, 703, 8151, 8.05, 145.00, 210, 405, 1, 8
2026-09-02T13:25:33.1768449+07:00,2026/09/02 13:25:33.207, NVIDIA GeForce RTX 5060, 591.86, P8, 29, 0, 703, 8151, 7.98, 145.00, 210, 405, 1, 8
2026-09-02T13:25:38.2242670+07:00,2026/09/02 13:25:38.255, NVIDIA GeForce RTX 5060, 591.86, P8, 29, 0, 703, 8151, 7.99, 145.00, 210, 405, 1, 8
2026-09-02T13:25:43.3362130+07:00,2026/09/02 13:25:43.367, NVIDIA GeForce RTX 5060, 591.86, P8, 29, 0, 703, 8151, 8.10, 145.00, 210, 405, 1, 8
2026-09-02T13:25:48.3853746+07:00,2026/09/02 13:25:48.416, NVIDIA GeForce RTX 5060, 591.86, P8, 29, 0, 703, 8151, 8.19, 145.00, 210, 405, 1, 8
2026-09-02T13:25:53.4372317+07:00,2026/09/02 13:25:53.468, NVIDIA GeForce RTX 5060, 591.86, P8, 29, 0, 703, 8151, 7.96, 145.00, 210, 405, 1, 8
2026-09-02T13:25:58.4970098+07:00,2026/09/02 13:25:58.543, NVIDIA GeForce RTX 5060, 591.86, P8, 29, 0, 703, 8151, 8.16, 145.00, 210, 405, 1, 8
2026-09-02T13:26:03.5633024+07:00,2026/09/02 13:26:03.594, NVIDIA GeForce RTX 5060, 591.86, P8, 29, 0, 703, 8151, 8.55, 145.00, 210, 405, 1, 8
2026-09-02T13:26:08.6146735+07:00,2026/09/02 13:26:08.645, NVIDIA GeForce RTX 5060, 591.86, P8, 29, 0, 703, 8151, 8.13, 145.00, 210, 405, 1, 8
2026-09-02T13:26:13.7277058+07:00,2026/09/02 13:26:13.758, NVIDIA GeForce RTX 5060, 591.86, P8, 29, 0, 703, 8151, 8.14, 145.00, 210, 405, 1, 8
2026-09-02T13:26:18.7878781+07:00,2026/09/02 13:26:18.818, NVIDIA GeForce RTX 5060, 591.86, P8, 29, 0, 703, 8151, 8.60, 145.00, 210, 405, 1, 8
2026-09-02T13:26:23.8384383+07:00,2026/09/02 13:26:23.869, NVIDIA GeForce RTX 5060, 591.86, P8, 29, 0, 703, 8151, 8.17, 145.00, 210, 405, 1, 8
2026-09-02T13:26:28.8887804+07:00,2026/09/02 13:26:28.919, NVIDIA GeForce RTX 5060, 591.86, P8, 29, 0, 703, 8151, 7.98, 145.00, 210, 405, 1, 8
2026-09-02T13:26:33.9396618+07:00,2026/09/02 13:26:33.970, NVIDIA GeForce RTX 5060, 591.86, P8, 29, 0, 703, 8151, 8.19, 145.00, 210, 405, 1, 8
2026-09-02T13:26:38.9988170+07:00,2026/09/02 13:26:39.029, NVIDIA GeForce RTX 5060, 591.86, P8, 29, 0, 703, 8151, 8.11, 145.00, 210, 405, 1, 8
2026-09-02T13:26:44.1276002+07:00,2026/09/02 13:26:44.158, NVIDIA GeForce RTX 5060, 591.86, P8, 29, 0, 703, 8151, 7.97, 145.00, 210, 405, 1, 8
2026-09-02T13:26:49.1787672+07:00,2026/09/02 13:26:49.225, NVIDIA GeForce RTX 5060, 591.86, P8, 29, 0, 703, 8151, 7.99, 145.00, 210, 405, 1, 8
2026-09-02T13:26:54.2449271+07:00,2026/09/02 13:26:54.291, NVIDIA GeForce RTX 5060, 591.86, P8, 28, 0, 703, 8151, 8.03, 145.00, 210, 405, 1, 8
2026-09-02T13:26:59.3215715+07:00,2026/09/02 13:26:59.352, NVIDIA GeForce RTX 5060, 591.86, P8, 28, 0, 703, 8151, 8.07, 145.00, 210, 405, 1, 8
2026-09-02T13:27:04.3723549+07:00,2026/09/02 13:27:04.403, NVIDIA GeForce RTX 5060, 591.86, P8, 29, 0, 703, 8151, 8.55, 145.00, 210, 405, 1, 8
2026-09-02T13:27:09.4228832+07:00,2026/09/02 13:27:09.453, NVIDIA GeForce RTX 5060, 591.86, P8, 29, 0, 703, 8151, 8.07, 145.00, 210, 405, 1, 8
2026-09-02T13:27:14.5483347+07:00,2026/09/02 13:27:14.594, NVIDIA GeForce RTX 5060, 591.86, P8, 29, 0, 703, 8151, 8.06, 145.00, 210, 405, 1, 8
2026-09-02T13:27:19.6315488+07:00,2026/09/02 13:27:19.678, NVIDIA GeForce RTX 5060, 591.86, P8, 29, 0, 703, 8151, 8.27, 145.00, 210, 405, 1, 8
2026-09-02T13:27:24.6997271+07:00,2026/09/02 13:27:24.730, NVIDIA GeForce RTX 5060, 591.86, P8, 29, 0, 703, 8151, 8.04, 145.00, 210, 405, 1, 8
2026-09-02T13:27:29.7512323+07:00,2026/09/02 13:27:29.797, NVIDIA GeForce RTX 5060, 591.86, P8, 29, 0, 703, 8151, 8.05, 145.00, 210, 405, 1, 8
2026-09-02T13:27:34.8268506+07:00,2026/09/02 13:27:34.873, NVIDIA GeForce RTX 5060, 591.86, P8, 29, 0, 703, 8151, 8.21, 145.00, 210, 405, 1, 8
2026-09-02T13:27:39.8946602+07:00,2026/09/02 13:27:39.925, NVIDIA GeForce RTX 5060, 591.86, P8, 29, 0, 703, 8151, 8.14, 145.00, 210, 405, 1, 8
2026-09-02T13:27:45.0066965+07:00,2026/09/02 13:27:45.037, NVIDIA GeForce RTX 5060, 591.86, P8, 29, 0, 703, 8151, 8.09, 145.00, 210, 405, 1, 8
2026-09-02T13:27:50.0564459+07:00,2026/09/02 13:27:50.087, NVIDIA GeForce RTX 5060, 591.86, P8, 29, 0, 703, 8151, 8.02, 145.00, 210, 405, 1, 8
2026-09-02T13:27:55.1147853+07:00,2026/09/02 13:27:55.145, NVIDIA GeForce RTX 5060, 591.86, P8, 29, 0, 703, 8151, 8.17, 145.00, 210, 405, 1, 8
2026-09-02T13:28:00.1646429+07:00,2026/09/02 13:28:00.195, NVIDIA GeForce RTX 5060, 591.86, P8, 29, 0, 703, 8151, 7.98, 145.00, 210, 405, 1, 8
2026-09-02T13:28:05.2139399+07:00,2026/09/02 13:28:05.244, NVIDIA GeForce RTX 5060, 591.86, P8, 29, 0, 703, 8151, 8.01, 145.00, 210, 405, 1, 8
2026-09-02T13:28:10.2652696+07:00,2026/09/02 13:28:10.296, NVIDIA GeForce RTX 5060, 591.86, P8, 29, 0, 703, 8151, 8.02, 145.00, 210, 405, 1, 8
2026-09-02T13:28:15.3857778+07:00,2026/09/02 13:28:15.416, NVIDIA GeForce RTX 5060, 591.86, P8, 29, 0, 703, 8151, 8.10, 145.00, 210, 405, 1, 8
2026-09-02T13:28:20.4370111+07:00,2026/09/02 13:28:20.483, NVIDIA GeForce RTX 5060, 591.86, P8, 29, 0, 703, 8151, 8.06, 145.00, 210, 405, 1, 8
2026-09-02T13:28:25.5036934+07:00,2026/09/02 13:28:25.534, NVIDIA GeForce RTX 5060, 591.86, P8, 29, 0, 703, 8151, 7.89, 145.00, 210, 405, 1, 8
2026-09-02T13:28:30.5533706+07:00,2026/09/02 13:28:30.599, NVIDIA GeForce RTX 5060, 591.86, P8, 29, 0, 703, 8151, 7.96, 145.00, 210, 405, 1, 8
2026-09-02T13:28:35.6123805+07:00,2026/09/02 13:28:35.643, NVIDIA GeForce RTX 5060, 591.86, P8, 29, 0, 703, 8151, 8.14, 145.00, 210, 405, 1, 8
2026-09-02T13:28:40.6622416+07:00,2026/09/02 13:28:40.693, NVIDIA GeForce RTX 5060, 591.86, P8, 29, 0, 703, 8151, 7.95, 145.00, 210, 405, 1, 8
2026-09-02T13:28:45.7759922+07:00,2026/09/02 13:28:45.806, NVIDIA GeForce RTX 5060, 591.86, P8, 29, 0, 703, 8151, 8.00, 145.00, 210, 405, 1, 8
2026-09-02T13:28:50.8276638+07:00,2026/09/02 13:28:50.858, NVIDIA GeForce RTX 5060, 591.86, P8, 29, 0, 703, 8151, 8.09, 145.00, 210, 405, 1, 8
2026-09-02T13:28:55.8866226+07:00,2026/09/02 13:28:55.917, NVIDIA GeForce RTX 5060, 591.86, P8, 29, 0, 703, 8151, 8.12, 145.00, 210, 405, 1, 8
2026-09-02T13:29:00.9386756+07:00,2026/09/02 13:29:00.969, NVIDIA GeForce RTX 5060, 591.86, P8, 29, 0, 703, 8151, 8.18, 145.00, 210, 405, 1, 8
2026-09-02T13:29:05.9911088+07:00,2026/09/02 13:29:06.021, NVIDIA GeForce RTX 5060, 591.86, P8, 29, 0, 703, 8151, 7.99, 145.00, 210, 405, 1, 8
2026-09-02T13:29:11.0411526+07:00,2026/09/02 13:29:11.071, NVIDIA GeForce RTX 5060, 591.86, P8, 29, 0, 703, 8151, 7.95, 145.00, 210, 405, 1, 8
2026-09-02T13:29:16.2001363+07:00,2026/09/02 13:29:16.244, NVIDIA GeForce RTX 5060, 591.86, P8, 29, 0, 703, 8151, 8.03, 145.00, 210, 405, 1, 8
2026-09-02T13:29:21.2545500+07:00,2026/09/02 13:29:21.299, NVIDIA GeForce RTX 5060, 591.86, P8, 29, 0, 703, 8151, 7.99, 145.00, 210, 405, 1, 8
2026-09-02T13:29:26.3213577+07:00,2026/09/02 13:29:26.352, NVIDIA GeForce RTX 5060, 591.86, P8, 29, 0, 703, 8151, 8.15, 145.00, 210, 405, 1, 8
2026-09-02T13:29:31.3737372+07:00,2026/09/02 13:29:31.418, NVIDIA GeForce RTX 5060, 591.86, P8, 29, 0, 703, 8151, 8.20, 145.00, 210, 405, 1, 8
2026-09-02T13:29:36.4287567+07:00,2026/09/02 13:29:36.459, NVIDIA GeForce RTX 5060, 591.86, P8, 29, 0, 703, 8151, 7.97, 145.00, 210, 405, 1, 8
2026-09-02T13:29:41.4683223+07:00,2026/09/02 13:29:41.514, NVIDIA GeForce RTX 5060, 591.86, P8, 28, 0, 703, 8151, 8.31, 145.00, 210, 405, 1, 8
2026-09-02T13:29:46.5851045+07:00,2026/09/02 13:29:46.630, NVIDIA GeForce RTX 5060, 591.86, P8, 29, 0, 703, 8151, 8.09, 145.00, 210, 405, 1, 8
2026-09-02T13:29:51.6499626+07:00,2026/09/02 13:29:51.681, NVIDIA GeForce RTX 5060, 591.86, P8, 29, 0, 703, 8151, 8.22, 145.00, 210, 405, 1, 8
2026-09-02T13:29:56.7005525+07:00,2026/09/02 13:29:56.731, NVIDIA GeForce RTX 5060, 591.86, P8, 29, 0, 703, 8151, 8.31, 145.00, 210, 405, 1, 8
2026-09-02T13:30:01.7597088+07:00,2026/09/02 13:30:01.797, NVIDIA GeForce RTX 5060, 591.86, P8, 29, 0, 703, 8151, 8.63, 145.00, 210, 405, 1, 8
2026-09-02T13:30:06.8167256+07:00,2026/09/02 13:30:06.847, NVIDIA GeForce RTX 5060, 591.86, P8, 29, 0, 703, 8151, 8.19, 145.00, 210, 405, 1, 8
2026-09-02T13:30:11.8770722+07:00,2026/09/02 13:30:11.908, NVIDIA GeForce RTX 5060, 591.86, P8, 29, 0, 703, 8151, 8.26, 145.00, 210, 405, 1, 8
2026-09-02T13:30:17.0050882+07:00,2026/09/02 13:30:17.036, NVIDIA GeForce RTX 5060, 591.86, P8, 29, 0, 703, 8151, 8.26, 145.00, 210, 405, 1, 8
2026-09-02T13:30:22.0569468+07:00,2026/09/02 13:30:22.103, NVIDIA GeForce RTX 5060, 591.86, P8, 29, 0, 703, 8151, 8.03, 145.00, 210, 405, 1, 8
2026-09-02T13:30:27.1218662+07:00,2026/09/02 13:30:27.152, NVIDIA GeForce RTX 5060, 591.86, P8, 29, 0, 703, 8151, 8.03, 145.00, 210, 405, 1, 8
2026-09-02T13:30:32.1693897+07:00,2026/09/02 13:30:32.200, NVIDIA GeForce RTX 5060, 591.86, P8, 29, 0, 703, 8151, 8.33, 145.00, 210, 405, 1, 8
2026-09-02T13:30:37.2219604+07:00,2026/09/02 13:30:37.268, NVIDIA GeForce RTX 5060, 591.86, P8, 29, 0, 703, 8151, 8.05, 145.00, 210, 405, 1, 8
2026-09-02T13:30:42.2887844+07:00,2026/09/02 13:30:42.319, NVIDIA GeForce RTX 5060, 591.86, P8, 29, 0, 703, 8151, 8.13, 145.00, 210, 405, 1, 8
2026-09-02T13:30:47.4132806+07:00,2026/09/02 13:30:47.458, NVIDIA GeForce RTX 5060, 591.86, P8, 29, 0, 703, 8151, 8.40, 145.00, 210, 405, 1, 8
2026-09-02T13:30:52.4787331+07:00,2026/09/02 13:30:52.509, NVIDIA GeForce RTX 5060, 591.86, P8, 29, 0, 703, 8151, 8.10, 145.00, 210, 405, 1, 8
2026-09-02T13:30:57.5306743+07:00,2026/09/02 13:30:57.561, NVIDIA GeForce RTX 5060, 591.86, P8, 29, 0, 703, 8151, 7.98, 145.00, 210, 405, 1, 8
2026-09-02T13:31:02.5818181+07:00,2026/09/02 13:31:02.628, NVIDIA GeForce RTX 5060, 591.86, P8, 29, 0, 703, 8151, 8.45, 145.00, 210, 405, 1, 8
2026-09-02T13:31:07.6587947+07:00,2026/09/02 13:31:07.689, NVIDIA GeForce RTX 5060, 591.86, P8, 29, 0, 703, 8151, 8.06, 145.00, 210, 405, 1, 8
2026-09-02T13:31:12.7107106+07:00,2026/09/02 13:31:12.741, NVIDIA GeForce RTX 5060, 591.86, P8, 29, 0, 703, 8151, 8.10, 145.00, 202, 405, 1, 8
2026-09-02T13:31:17.8367792+07:00,2026/09/02 13:31:17.867, NVIDIA GeForce RTX 5060, 591.86, P8, 29, 0, 703, 8151, 8.47, 145.00, 210, 405, 1, 8
2026-09-02T13:31:22.8738500+07:00,2026/09/02 13:31:22.904, NVIDIA GeForce RTX 5060, 591.86, P8, 29, 0, 703, 8151, 8.11, 145.00, 210, 405, 1, 8
2026-09-02T13:31:27.9186231+07:00,2026/09/02 13:31:27.949, NVIDIA GeForce RTX 5060, 591.86, P8, 29, 0, 703, 8151, 8.16, 145.00, 210, 405, 1, 8
2026-09-02T13:31:32.9700298+07:00,2026/09/02 13:31:33.016, NVIDIA GeForce RTX 5060, 591.86, P8, 29, 0, 703, 8151, 8.12, 145.00, 210, 405, 1, 8
2026-09-02T13:31:38.0361855+07:00,2026/09/02 13:31:38.067, NVIDIA GeForce RTX 5060, 591.86, P8, 29, 0, 703, 8151, 8.07, 145.00, 210, 405, 1, 8
2026-09-02T13:31:43.0866447+07:00,2026/09/02 13:31:43.117, NVIDIA GeForce RTX 5060, 591.86, P8, 29, 0, 703, 8151, 8.12, 145.00, 210, 405, 1, 8
2026-09-02T13:31:48.2106414+07:00,2026/09/02 13:31:48.241, NVIDIA GeForce RTX 5060, 591.86, P8, 29, 0, 703, 8151, 8.39, 145.00, 210, 405, 1, 8
2026-09-02T13:31:53.2609748+07:00,2026/09/02 13:31:53.307, NVIDIA GeForce RTX 5060, 591.86, P8, 29, 0, 703, 8151, 8.40, 145.00, 210, 405, 1, 8
2026-09-02T13:31:58.3272693+07:00,2026/09/02 13:31:58.358, NVIDIA GeForce RTX 5060, 591.86, P8, 28, 0, 704, 8151, 8.32, 145.00, 210, 405, 1, 8
2026-09-02T13:32:03.3766129+07:00,2026/09/02 13:32:03.407, NVIDIA GeForce RTX 5060, 591.86, P8, 29, 0, 708, 8151, 8.75, 145.00, 210, 405, 1, 8
2026-09-02T13:32:08.4348885+07:00,2026/09/02 13:32:08.465, NVIDIA GeForce RTX 5060, 591.86, P8, 29, 0, 703, 8151, 8.31, 145.00, 210, 405, 1, 8
2026-09-02T13:32:13.4854017+07:00,2026/09/02 13:32:13.516, NVIDIA GeForce RTX 5060, 591.86, P8, 29, 0, 703, 8151, 8.04, 145.00, 210, 405, 1, 8
2026-09-02T13:32:18.6107792+07:00,2026/09/02 13:32:18.672, NVIDIA GeForce RTX 5060, 591.86, P8, 29, 0, 703, 8151, 8.15, 145.00, 210, 405, 1, 8
2026-09-02T13:32:23.6895311+07:00,2026/09/02 13:32:23.720, NVIDIA GeForce RTX 5060, 591.86, P8, 29, 0, 703, 8151, 8.05, 145.00, 202, 405, 1, 8
2026-09-02T13:32:28.7485459+07:00,2026/09/02 13:32:28.779, NVIDIA GeForce RTX 5060, 591.86, P8, 29, 0, 703, 8151, 8.06, 145.00, 210, 405, 1, 8
2026-09-02T13:32:33.8001130+07:00,2026/09/02 13:32:33.831, NVIDIA GeForce RTX 5060, 591.86, P8, 29, 0, 703, 8151, 7.98, 145.00, 210, 405, 1, 8
2026-09-02T13:32:38.8510799+07:00,2026/09/02 13:32:38.882, NVIDIA GeForce RTX 5060, 591.86, P8, 29, 0, 703, 8151, 8.02, 145.00, 210, 405, 1, 8
2026-09-02T13:32:43.9025111+07:00,2026/09/02 13:32:43.933, NVIDIA GeForce RTX 5060, 591.86, P8, 29, 0, 703, 8151, 8.14, 145.00, 210, 405, 1, 8
2026-09-02T13:32:49.0210320+07:00,2026/09/02 13:32:49.052, NVIDIA GeForce RTX 5060, 591.86, P8, 29, 0, 703, 8151, 8.10, 145.00, 210, 405, 1, 8
2026-09-02T13:32:54.0716334+07:00,2026/09/02 13:32:54.102, NVIDIA GeForce RTX 5060, 591.86, P8, 29, 0, 703, 8151, 8.12, 145.00, 210, 405, 1, 8
2026-09-02T13:32:59.1235786+07:00,2026/09/02 13:32:59.154, NVIDIA GeForce RTX 5060, 591.86, P8, 29, 0, 703, 8151, 7.92, 145.00, 210, 405, 1, 8
2026-09-02T13:33:04.1753466+07:00,2026/09/02 13:33:04.206, NVIDIA GeForce RTX 5060, 591.86, P8, 29, 0, 703, 8151, 8.41, 145.00, 210, 405, 1, 8
2026-09-02T13:33:09.2362127+07:00,2026/09/02 13:33:09.267, NVIDIA GeForce RTX 5060, 591.86, P8, 29, 0, 703, 8151, 8.14, 145.00, 210, 405, 1, 8
2026-09-02T13:33:14.2868202+07:00,2026/09/02 13:33:14.317, NVIDIA GeForce RTX 5060, 591.86, P8, 29, 0, 703, 8151, 8.01, 145.00, 210, 405, 1, 8
2026-09-02T13:33:19.4001009+07:00,2026/09/02 13:33:19.431, NVIDIA GeForce RTX 5060, 591.86, P8, 29, 0, 703, 8151, 8.57, 145.00, 210, 405, 1, 8
2026-09-02T13:33:24.4515791+07:00,2026/09/02 13:33:24.482, NVIDIA GeForce RTX 5060, 591.86, P8, 29, 0, 703, 8151, 8.06, 145.00, 210, 405, 1, 8
2026-09-02T13:33:29.4969066+07:00,2026/09/02 13:33:29.527, NVIDIA GeForce RTX 5060, 591.86, P8, 29, 0, 703, 8151, 8.18, 145.00, 210, 405, 1, 8
2026-09-02T13:33:34.5464164+07:00,2026/09/02 13:33:34.577, NVIDIA GeForce RTX 5060, 591.86, P8, 29, 0, 703, 8151, 7.99, 145.00, 210, 405, 1, 8
2026-09-02T13:33:39.5990935+07:00,2026/09/02 13:33:39.645, NVIDIA GeForce RTX 5060, 591.86, P8, 29, 0, 703, 8151, 8.07, 145.00, 210, 405, 1, 8
2026-09-02T13:33:44.6660492+07:00,2026/09/02 13:33:44.697, NVIDIA GeForce RTX 5060, 591.86, P8, 29, 0, 703, 8151, 8.30, 145.00, 210, 405, 1, 8
2026-09-02T13:33:49.7914948+07:00,2026/09/02 13:33:49.822, NVIDIA GeForce RTX 5060, 591.86, P8, 28, 0, 703, 8151, 8.24, 145.00, 210, 405, 1, 8
2026-09-02T13:33:54.8425266+07:00,2026/09/02 13:33:54.873, NVIDIA GeForce RTX 5060, 591.86, P8, 29, 0, 703, 8151, 8.20, 145.00, 210, 405, 1, 8
2026-09-02T13:33:59.8928356+07:00,2026/09/02 13:33:59.923, NVIDIA GeForce RTX 5060, 591.86, P8, 29, 0, 703, 8151, 8.21, 145.00, 210, 405, 1, 8
2026-09-02T13:34:04.9429151+07:00,2026/09/02 13:34:04.973, NVIDIA GeForce RTX 5060, 591.86, P8, 29, 0, 703, 8151, 8.73, 145.00, 210, 405, 1, 8
2026-09-02T13:34:10.0056639+07:00,2026/09/02 13:34:10.052, NVIDIA GeForce RTX 5060, 591.86, P8, 29, 0, 703, 8151, 8.23, 145.00, 210, 405, 1, 8
2026-09-02T13:34:15.0694864+07:00,2026/09/02 13:34:15.116, NVIDIA GeForce RTX 5060, 591.86, P8, 29, 0, 703, 8151, 8.30, 145.00, 210, 405, 1, 8
2026-09-02T13:34:20.1977107+07:00,2026/09/02 13:34:20.228, NVIDIA GeForce RTX 5060, 591.86, P8, 29, 0, 703, 8151, 8.19, 145.00, 210, 405, 1, 8
2026-09-02T13:34:25.2414603+07:00,2026/09/02 13:34:25.272, NVIDIA GeForce RTX 5060, 591.86, P8, 29, 0, 703, 8151, 8.30, 145.00, 210, 405, 1, 8
2026-09-02T13:34:30.2918651+07:00,2026/09/02 13:34:30.322, NVIDIA GeForce RTX 5060, 591.86, P8, 29, 0, 703, 8151, 8.25, 145.00, 210, 405, 1, 8
2026-09-02T13:34:35.3434951+07:00,2026/09/02 13:34:35.374, NVIDIA GeForce RTX 5060, 591.86, P8, 29, 0, 703, 8151, 8.17, 145.00, 210, 405, 1, 8
2026-09-02T13:34:40.3945173+07:00,2026/09/02 13:34:40.425, NVIDIA GeForce RTX 5060, 591.86, P8, 29, 0, 703, 8151, 8.20, 145.00, 210, 405, 1, 8
2026-09-02T13:34:45.4539984+07:00,2026/09/02 13:34:45.484, NVIDIA GeForce RTX 5060, 591.86, P8, 29, 0, 703, 8151, 8.35, 145.00, 210, 405, 1, 8
2026-09-02T13:34:50.5814166+07:00,2026/09/02 13:34:50.612, NVIDIA GeForce RTX 5060, 591.86, P8, 29, 0, 703, 8151, 8.09, 145.00, 210, 405, 1, 8
2026-09-02T13:34:55.6324253+07:00,2026/09/02 13:34:55.663, NVIDIA GeForce RTX 5060, 591.86, P8, 29, 0, 703, 8151, 8.08, 145.00, 210, 405, 1, 8
2026-09-02T13:35:00.6834586+07:00,2026/09/02 13:35:00.714, NVIDIA GeForce RTX 5060, 591.86, P8, 29, 0, 703, 8151, 8.24, 145.00, 240, 405, 1, 8
2026-09-02T13:35:05.7430751+07:00,2026/09/02 13:35:05.774, NVIDIA GeForce RTX 5060, 591.86, P8, 29, 0, 703, 8151, 8.23, 145.00, 210, 405, 1, 8
2026-09-02T13:35:10.7937895+07:00,2026/09/02 13:35:10.824, NVIDIA GeForce RTX 5060, 591.86, P8, 29, 0, 703, 8151, 8.15, 145.00, 210, 405, 1, 8
2026-09-02T13:35:15.8458484+07:00,2026/09/02 13:35:15.876, NVIDIA GeForce RTX 5060, 591.86, P8, 29, 0, 703, 8151, 8.20, 145.00, 210, 405, 1, 8
2026-09-02T13:35:20.9597549+07:00,2026/09/02 13:35:20.990, NVIDIA GeForce RTX 5060, 591.86, P8, 29, 0, 703, 8151, 7.95, 145.00, 210, 405, 1, 8
2026-09-02T13:35:26.0197688+07:00,2026/09/02 13:35:26.050, NVIDIA GeForce RTX 5060, 591.86, P8, 29, 0, 703, 8151, 8.07, 145.00, 210, 405, 1, 8
2026-09-02T13:35:31.0712715+07:00,2026/09/02 13:35:31.102, NVIDIA GeForce RTX 5060, 591.86, P8, 29, 0, 703, 8151, 8.28, 145.00, 202, 405, 1, 8
2026-09-02T13:35:36.1227169+07:00,2026/09/02 13:35:36.153, NVIDIA GeForce RTX 5060, 591.86, P8, 29, 0, 703, 8151, 8.01, 145.00, 210, 405, 1, 8
2026-09-02T13:35:41.1731820+07:00,2026/09/02 13:35:41.204, NVIDIA GeForce RTX 5060, 591.86, P8, 29, 0, 703, 8151, 7.82, 145.00, 210, 405, 1, 8
2026-09-02T13:35:46.2355647+07:00,2026/09/02 13:35:46.266, NVIDIA GeForce RTX 5060, 591.86, P8, 29, 0, 703, 8151, 7.88, 145.00, 210, 405, 1, 8
2026-09-02T13:35:51.3481693+07:00,2026/09/02 13:35:51.379, NVIDIA GeForce RTX 5060, 591.86, P8, 29, 0, 703, 8151, 7.97, 145.00, 210, 405, 1, 8
2026-09-02T13:35:56.4001612+07:00,2026/09/02 13:35:56.431, NVIDIA GeForce RTX 5060, 591.86, P8, 29, 0, 703, 8151, 7.91, 145.00, 210, 405, 1, 8
2026-09-02T13:36:01.4507585+07:00,2026/09/02 13:36:01.481, NVIDIA GeForce RTX 5060, 591.86, P8, 29, 0, 703, 8151, 8.36, 145.00, 210, 405, 1, 8
2026-09-02T13:36:06.4979251+07:00,2026/09/02 13:36:06.528, NVIDIA GeForce RTX 5060, 591.86, P8, 29, 0, 703, 8151, 8.05, 145.00, 210, 405, 1, 8
2026-09-02T13:36:11.5487033+07:00,2026/09/02 13:36:11.579, NVIDIA GeForce RTX 5060, 591.86, P8, 29, 0, 703, 8151, 8.07, 145.00, 210, 405, 1, 8
2026-09-02T13:36:16.5993335+07:00,2026/09/02 13:36:16.630, NVIDIA GeForce RTX 5060, 591.86, P8, 29, 0, 703, 8151, 7.99, 145.00, 210, 405, 1, 8
2026-09-02T13:36:21.7235231+07:00,2026/09/02 13:36:21.769, NVIDIA GeForce RTX 5060, 591.86, P8, 29, 0, 703, 8151, 8.13, 145.00, 210, 405, 1, 8
2026-09-02T13:36:26.7862436+07:00,2026/09/02 13:36:26.817, NVIDIA GeForce RTX 5060, 591.86, P8, 29, 0, 703, 8151, 7.99, 145.00, 210, 405, 1, 8
2026-09-02T13:36:31.8360469+07:00,2026/09/02 13:36:31.867, NVIDIA GeForce RTX 5060, 591.86, P8, 29, 0, 703, 8151, 7.99, 145.00, 210, 405, 1, 8
2026-09-02T13:36:36.8875651+07:00,2026/09/02 13:36:36.918, NVIDIA GeForce RTX 5060, 591.86, P8, 29, 0, 703, 8151, 7.90, 145.00, 210, 405, 1, 8
2026-09-02T13:36:41.9483074+07:00,2026/09/02 13:36:41.979, NVIDIA GeForce RTX 5060, 591.86, P8, 29, 0, 703, 8151, 7.87, 145.00, 210, 405, 1, 8
2026-09-02T13:36:46.9986365+07:00,2026/09/02 13:36:47.029, NVIDIA GeForce RTX 5060, 591.86, P8, 29, 0, 703, 8151, 7.97, 145.00, 210, 405, 1, 8
2026-09-02T13:36:52.1116334+07:00,2026/09/02 13:36:52.142, NVIDIA GeForce RTX 5060, 591.86, P8, 29, 0, 703, 8151, 8.02, 145.00, 210, 405, 1, 8
2026-09-02T13:36:57.1625932+07:00,2026/09/02 13:36:57.193, NVIDIA GeForce RTX 5060, 591.86, P8, 29, 0, 703, 8151, 7.85, 145.00, 210, 405, 1, 8
2026-09-02T13:37:02.2239608+07:00,2026/09/02 13:37:02.254, NVIDIA GeForce RTX 5060, 591.86, P8, 29, 0, 703, 8151, 8.40, 145.00, 210, 405, 1, 8
2026-09-02T13:37:07.2740840+07:00,2026/09/02 13:37:07.305, NVIDIA GeForce RTX 5060, 591.86, P8, 29, 0, 703, 8151, 7.90, 145.00, 210, 405, 1, 8
2026-09-02T13:37:12.3240988+07:00,2026/09/02 13:37:12.355, NVIDIA GeForce RTX 5060, 591.86, P8, 29, 0, 703, 8151, 7.84, 145.00, 210, 405, 1, 8
2026-09-02T13:37:17.3737889+07:00,2026/09/02 13:37:17.404, NVIDIA GeForce RTX 5060, 591.86, P8, 29, 0, 703, 8151, 8.08, 145.00, 210, 405, 1, 8
2026-09-02T13:37:22.4943512+07:00,2026/09/02 13:37:22.540, NVIDIA GeForce RTX 5060, 591.86, P8, 29, 0, 703, 8151, 8.22, 145.00, 210, 405, 1, 8
2026-09-02T13:37:27.5604531+07:00,2026/09/02 13:37:27.591, NVIDIA GeForce RTX 5060, 591.86, P8, 29, 0, 703, 8151, 8.29, 145.00, 210, 405, 1, 8
2026-09-02T13:37:32.6279078+07:00,2026/09/02 13:37:32.658, NVIDIA GeForce RTX 5060, 591.86, P8, 29, 0, 703, 8151, 8.03, 145.00, 210, 405, 1, 8
2026-09-02T13:37:37.6790403+07:00,2026/09/02 13:37:37.710, NVIDIA GeForce RTX 5060, 591.86, P8, 29, 0, 703, 8151, 7.92, 145.00, 210, 405, 1, 8
2026-09-02T13:37:42.7260824+07:00,2026/09/02 13:37:42.756, NVIDIA GeForce RTX 5060, 591.86, P8, 29, 0, 703, 8151, 8.01, 145.00, 210, 405, 1, 8
2026-09-02T13:37:47.7780441+07:00,2026/09/02 13:37:47.809, NVIDIA GeForce RTX 5060, 591.86, P8, 29, 0, 703, 8151, 8.13, 145.00, 210, 405, 1, 8
2026-09-02T13:37:52.8915417+07:00,2026/09/02 13:37:52.922, NVIDIA GeForce RTX 5060, 591.86, P8, 29, 0, 703, 8151, 8.07, 145.00, 210, 405, 1, 8
2026-09-02T13:37:57.9417523+07:00,2026/09/02 13:37:57.972, NVIDIA GeForce RTX 5060, 591.86, P8, 29, 0, 703, 8151, 8.21, 145.00, 210, 405, 1, 8
2026-09-02T13:38:02.9895096+07:00,2026/09/02 13:38:03.020, NVIDIA GeForce RTX 5060, 591.86, P8, 29, 0, 703, 8151, 8.55, 145.00, 210, 405, 1, 8
2026-09-02T13:38:08.0398033+07:00,2026/09/02 13:38:08.070, NVIDIA GeForce RTX 5060, 591.86, P8, 29, 0, 703, 8151, 8.01, 145.00, 210, 405, 1, 8
2026-09-02T13:38:13.0909310+07:00,2026/09/02 13:38:13.121, NVIDIA GeForce RTX 5060, 591.86, P8, 29, 0, 703, 8151, 8.08, 145.00, 210, 405, 1, 8
2026-09-02T13:38:18.1519389+07:00,2026/09/02 13:38:18.183, NVIDIA GeForce RTX 5060, 591.86, P8, 29, 0, 703, 8151, 8.59, 145.00, 210, 405, 1, 8
2026-09-02T13:38:23.2641976+07:00,2026/09/02 13:38:23.326, NVIDIA GeForce RTX 5060, 591.86, P8, 29, 0, 703, 8151, 7.90, 145.00, 210, 405, 1, 8
2026-09-02T13:38:28.3468608+07:00,2026/09/02 13:38:28.377, NVIDIA GeForce RTX 5060, 591.86, P8, 29, 0, 703, 8151, 8.05, 145.00, 210, 405, 1, 8
2026-09-02T13:38:33.3969960+07:00,2026/09/02 13:38:33.427, NVIDIA GeForce RTX 5060, 591.86, P8, 29, 0, 703, 8151, 8.03, 145.00, 210, 405, 1, 8
2026-09-02T13:38:38.4569947+07:00,2026/09/02 13:38:38.487, NVIDIA GeForce RTX 5060, 591.86, P8, 29, 0, 703, 8151, 8.15, 145.00, 210, 405, 1, 8
2026-09-02T13:38:43.5077919+07:00,2026/09/02 13:38:43.538, NVIDIA GeForce RTX 5060, 591.86, P8, 29, 0, 703, 8151, 7.94, 145.00, 210, 405, 1, 8
2026-09-02T13:38:48.5589162+07:00,2026/09/02 13:38:48.589, NVIDIA GeForce RTX 5060, 591.86, P8, 29, 0, 703, 8151, 8.10, 145.00, 210, 405, 1, 8
2026-09-02T13:38:53.6717532+07:00,2026/09/02 13:38:53.702, NVIDIA GeForce RTX 5060, 591.86, P8, 29, 0, 703, 8151, 8.02, 145.00, 210, 405, 1, 8
2026-09-02T13:38:58.7310289+07:00,2026/09/02 13:38:58.762, NVIDIA GeForce RTX 5060, 591.86, P8, 29, 0, 703, 8151, 8.15, 145.00, 210, 405, 1, 8
2026-09-02T13:39:03.7954853+07:00,2026/09/02 13:39:03.826, NVIDIA GeForce RTX 5060, 591.86, P8, 29, 0, 703, 8151, 8.37, 145.00, 210, 405, 1, 8
2026-09-02T13:39:08.8462892+07:00,2026/09/02 13:39:08.877, NVIDIA GeForce RTX 5060, 591.86, P8, 29, 0, 703, 8151, 7.92, 145.00, 210, 405, 1, 8
2026-09-02T13:39:13.8966007+07:00,2026/09/02 13:39:13.927, NVIDIA GeForce RTX 5060, 591.86, P8, 29, 0, 703, 8151, 7.89, 145.00, 210, 405, 1, 8
2026-09-02T13:39:18.9581028+07:00,2026/09/02 13:39:19.004, NVIDIA GeForce RTX 5060, 591.86, P8, 29, 0, 703, 8151, 8.45, 145.00, 210, 405, 1, 8
2026-09-02T13:39:24.0865784+07:00,2026/09/02 13:39:24.133, NVIDIA GeForce RTX 5060, 591.86, P8, 29, 0, 703, 8151, 8.04, 145.00, 210, 405, 1, 8
2026-09-02T13:39:29.1530156+07:00,2026/09/02 13:39:29.184, NVIDIA GeForce RTX 5060, 591.86, P8, 29, 0, 703, 8151, 7.84, 145.00, 210, 405, 1, 8
2026-09-02T13:39:34.2040029+07:00,2026/09/02 13:39:34.235, NVIDIA GeForce RTX 5060, 591.86, P8, 29, 0, 703, 8151, 7.96, 145.00, 210, 405, 1, 8
2026-09-02T13:39:39.2634678+07:00,2026/09/02 13:39:39.294, NVIDIA GeForce RTX 5060, 591.86, P8, 29, 0, 703, 8151, 7.94, 145.00, 210, 405, 1, 8
2026-09-02T13:39:44.3150086+07:00,2026/09/02 13:39:44.346, NVIDIA GeForce RTX 5060, 591.86, P8, 29, 0, 703, 8151, 7.93, 145.00, 210, 405, 1, 8
2026-09-02T13:39:49.3671944+07:00,2026/09/02 13:39:49.413, NVIDIA GeForce RTX 5060, 591.86, P8, 29, 0, 703, 8151, 7.89, 145.00, 210, 405, 1, 8
2026-09-02T13:39:54.4947988+07:00,2026/09/02 13:39:54.525, NVIDIA GeForce RTX 5060, 591.86, P8, 29, 0, 703, 8151, 7.79, 145.00, 210, 405, 1, 8
2026-09-02T13:39:59.5504876+07:00,2026/09/02 13:39:59.581, NVIDIA GeForce RTX 5060, 591.86, P8, 29, 0, 703, 8151, 7.86, 145.00, 210, 405, 1, 8
2026-09-02T13:40:04.6011345+07:00,2026/09/02 13:40:04.647, NVIDIA GeForce RTX 5060, 591.86, P8, 29, 0, 703, 8151, 8.25, 145.00, 210, 405, 1, 8
2026-09-02T13:40:09.6676982+07:00,2026/09/02 13:40:09.698, NVIDIA GeForce RTX 5060, 591.86, P8, 29, 0, 703, 8151, 7.80, 145.00, 210, 405, 1, 8
2026-09-02T13:40:14.7193897+07:00,2026/09/02 13:40:14.750, NVIDIA GeForce RTX 5060, 591.86, P8, 29, 0, 703, 8151, 7.84, 145.00, 210, 405, 1, 8
2026-09-02T13:40:19.7661228+07:00,2026/09/02 13:40:19.797, NVIDIA GeForce RTX 5060, 591.86, P8, 29, 0, 703, 8151, 7.85, 145.00, 210, 405, 1, 8
2026-09-02T13:40:24.8783505+07:00,2026/09/02 13:40:24.909, NVIDIA GeForce RTX 5060, 591.86, P8, 29, 0, 703, 8151, 7.68, 145.00, 210, 405, 1, 8
2026-09-02T13:40:29.9448424+07:00,2026/09/02 13:40:29.975, NVIDIA GeForce RTX 5060, 591.86, P8, 29, 0, 703, 8151, 7.66, 145.00, 210, 405, 1, 8
2026-09-02T13:40:34.9941850+07:00,2026/09/02 13:40:35.025, NVIDIA GeForce RTX 5060, 591.86, P8, 29, 1, 778, 8151, 8.32, 145.00, 210, 405, 1, 8
2026-09-02T13:40:40.0513665+07:00,2026/09/02 13:40:40.082, NVIDIA GeForce RTX 5060, 591.86, P8, 29, 1, 539, 8151, 8.41, 145.00, 210, 405, 1, 8
2026-09-02T13:40:45.1031222+07:00,2026/09/02 13:40:45.134, NVIDIA GeForce RTX 5060, 591.86, P8, 29, 0, 543, 8151, 8.64, 145.00, 210, 405, 1, 8
2026-09-02T13:40:50.1546720+07:00,2026/09/02 13:40:50.185, NVIDIA GeForce RTX 5060, 591.86, P8, 29, 0, 543, 8151, 8.09, 145.00, 210, 405, 1, 8
2026-09-02T13:40:55.2825489+07:00,2026/09/02 13:40:55.312, NVIDIA GeForce RTX 5060, 591.86, P8, 29, 0, 543, 8151, 7.81, 145.00, 210, 405, 1, 8
2026-09-02T13:41:00.3267614+07:00,2026/09/02 13:41:00.357, NVIDIA GeForce RTX 5060, 591.86, P8, 29, 0, 543, 8151, 8.21, 145.00, 210, 405, 1, 8
2026-09-02T13:41:05.3776181+07:00,2026/09/02 13:41:05.408, NVIDIA GeForce RTX 5060, 591.86, P8, 29, 0, 543, 8151, 7.86, 145.00, 210, 405, 1, 8
2026-09-02T13:41:10.4280299+07:00,2026/09/02 13:41:10.458, NVIDIA GeForce RTX 5060, 591.86, P8, 29, 0, 543, 8151, 7.98, 145.00, 210, 405, 1, 8
2026-09-02T13:41:15.4772910+07:00,2026/09/02 13:41:15.508, NVIDIA GeForce RTX 5060, 591.86, P8, 29, 0, 543, 8151, 7.81, 145.00, 210, 405, 1, 8
2026-09-02T13:41:20.5252726+07:00,2026/09/02 13:41:20.556, NVIDIA GeForce RTX 5060, 591.86, P8, 29, 0, 543, 8151, 7.82, 145.00, 210, 405, 1, 8
2026-09-02T13:41:25.6389345+07:00,2026/09/02 13:41:25.669, NVIDIA GeForce RTX 5060, 591.86, P8, 29, 0, 543, 8151, 8.34, 145.00, 210, 405, 1, 8
2026-09-02T13:41:30.6894708+07:00,2026/09/02 13:41:30.719, NVIDIA GeForce RTX 5060, 591.86, P8, 29, 0, 543, 8151, 7.79, 145.00, 210, 405, 1, 8
2026-09-02T13:41:35.7486997+07:00,2026/09/02 13:41:35.810, NVIDIA GeForce RTX 5060, 591.86, P8, 29, 0, 543, 8151, 7.87, 145.00, 210, 405, 1, 8
2026-09-02T13:41:40.8474807+07:00,2026/09/02 13:41:40.878, NVIDIA GeForce RTX 5060, 591.86, P8, 29, 0, 543, 8151, 7.94, 145.00, 210, 405, 1, 8
2026-09-02T13:41:45.8980361+07:00,2026/09/02 13:41:45.929, NVIDIA GeForce RTX 5060, 591.86, P8, 29, 0, 543, 8151, 7.80, 145.00, 210, 405, 1, 8
2026-09-02T13:41:50.9488170+07:00,2026/09/02 13:41:50.995, NVIDIA GeForce RTX 5060, 591.86, P8, 29, 0, 543, 8151, 7.80, 145.00, 210, 405, 1, 8
2026-09-02T13:41:56.0881715+07:00,2026/09/02 13:41:56.119, NVIDIA GeForce RTX 5060, 591.86, P8, 29, 0, 543, 8151, 7.92, 145.00, 210, 405, 1, 8
2026-09-02T13:42:01.1388681+07:00,2026/09/02 13:42:01.169, NVIDIA GeForce RTX 5060, 591.86, P8, 29, 0, 543, 8151, 7.99, 145.00, 240, 405, 1, 8
2026-09-02T13:42:06.1903628+07:00,2026/09/02 13:42:06.221, NVIDIA GeForce RTX 5060, 591.86, P8, 29, 0, 543, 8151, 8.03, 145.00, 210, 405, 1, 8
2026-09-02T13:42:11.2413876+07:00,2026/09/02 13:42:11.272, NVIDIA GeForce RTX 5060, 591.86, P8, 29, 0, 543, 8151, 7.83, 145.00, 210, 405, 1, 8
2026-09-02T13:42:16.2913478+07:00,2026/09/02 13:42:16.322, NVIDIA GeForce RTX 5060, 591.86, P8, 29, 0, 543, 8151, 8.07, 145.00, 202, 405, 1, 8
2026-09-02T13:42:21.3413766+07:00,2026/09/02 13:42:21.372, NVIDIA GeForce RTX 5060, 591.86, P8, 29, 0, 543, 8151, 8.02, 145.00, 210, 405, 1, 8
2026-09-02T13:42:26.4544243+07:00,2026/09/02 13:42:26.500, NVIDIA GeForce RTX 5060, 591.86, P8, 29, 0, 543, 8151, 7.97, 145.00, 210, 405, 1, 8
2026-09-02T13:42:31.5204206+07:00,2026/09/02 13:42:31.551, NVIDIA GeForce RTX 5060, 591.86, P8, 29, 0, 543, 8151, 7.90, 145.00, 210, 405, 1, 8
2026-09-02T13:42:36.5815460+07:00,2026/09/02 13:42:36.612, NVIDIA GeForce RTX 5060, 591.86, P8, 29, 0, 543, 8151, 7.89, 145.00, 210, 405, 1, 8
2026-09-02T13:42:41.6323057+07:00,2026/09/02 13:42:41.663, NVIDIA GeForce RTX 5060, 591.86, P8, 29, 0, 543, 8151, 8.06, 145.00, 210, 405, 1, 8
2026-09-02T13:42:46.6821240+07:00,2026/09/02 13:42:46.712, NVIDIA GeForce RTX 5060, 591.86, P8, 29, 0, 543, 8151, 7.88, 145.00, 210, 405, 1, 8
2026-09-02T13:42:51.7319184+07:00,2026/09/02 13:42:51.777, NVIDIA GeForce RTX 5060, 591.86, P8, 29, 0, 543, 8151, 7.93, 145.00, 210, 405, 1, 8
2026-09-02T13:42:56.8548977+07:00,2026/09/02 13:42:56.885, NVIDIA GeForce RTX 5060, 591.86, P8, 29, 0, 543, 8151, 7.91, 145.00, 210, 405, 1, 8
2026-09-02T13:43:01.9056130+07:00,2026/09/02 13:43:01.936, NVIDIA GeForce RTX 5060, 591.86, P8, 29, 0, 543, 8151, 8.54, 145.00, 210, 405, 1, 8
2026-09-02T13:43:06.9581136+07:00,2026/09/02 13:43:06.989, NVIDIA GeForce RTX 5060, 591.86, P8, 29, 0, 543, 8151, 7.85, 145.00, 210, 405, 1, 8
2026-09-02T13:43:12.0213832+07:00,2026/09/02 13:43:12.066, NVIDIA GeForce RTX 5060, 591.86, P8, 29, 0, 543, 8151, 7.90, 145.00, 210, 405, 1, 8
2026-09-02T13:43:17.0831403+07:00,2026/09/02 13:43:17.114, NVIDIA GeForce RTX 5060, 591.86, P8, 29, 0, 543, 8151, 7.93, 145.00, 210, 405, 1, 8
2026-09-02T13:43:22.1330675+07:00,2026/09/02 13:43:22.164, NVIDIA GeForce RTX 5060, 591.86, P8, 29, 0, 543, 8151, 8.04, 145.00, 210, 405, 1, 8
2026-09-02T13:43:27.2452744+07:00,2026/09/02 13:43:27.276, NVIDIA GeForce RTX 5060, 591.86, P8, 29, 0, 543, 8151, 7.97, 145.00, 210, 405, 1, 8
2026-09-02T13:43:32.3069857+07:00,2026/09/02 13:43:32.353, NVIDIA GeForce RTX 5060, 591.86, P8, 29, 0, 543, 8151, 8.13, 145.00, 210, 405, 1, 8
2026-09-02T13:43:37.3731317+07:00,2026/09/02 13:43:37.404, NVIDIA GeForce RTX 5060, 591.86, P8, 29, 0, 543, 8151, 7.95, 145.00, 210, 405, 1, 8
2026-09-02T13:43:42.4245945+07:00,2026/09/02 13:43:42.455, NVIDIA GeForce RTX 5060, 591.86, P8, 29, 0, 543, 8151, 7.98, 145.00, 210, 405, 1, 8
2026-09-02T13:43:47.4754041+07:00,2026/09/02 13:43:47.506, NVIDIA GeForce RTX 5060, 591.86, P8, 29, 0, 543, 8151, 8.12, 145.00, 210, 405, 1, 8
2026-09-02T13:43:52.5361056+07:00,2026/09/02 13:43:52.567, NVIDIA GeForce RTX 5060, 591.86, P8, 29, 0, 543, 8151, 8.16, 145.00, 210, 405, 1, 8
2026-09-02T13:43:57.6481552+07:00,2026/09/02 13:43:57.679, NVIDIA GeForce RTX 5060, 591.86, P8, 29, 0, 543, 8151, 7.91, 145.00, 210, 405, 1, 8
2026-09-02T13:44:02.6986878+07:00,2026/09/02 13:44:02.730, NVIDIA GeForce RTX 5060, 591.86, P8, 29, 0, 543, 8151, 8.29, 145.00, 210, 405, 1, 8
2026-09-02T13:44:07.7515481+07:00,2026/09/02 13:44:07.782, NVIDIA GeForce RTX 5060, 591.86, P8, 29, 0, 543, 8151, 7.89, 145.00, 210, 405, 1, 8
2026-09-02T13:44:12.8120328+07:00,2026/09/02 13:44:12.843, NVIDIA GeForce RTX 5060, 591.86, P8, 29, 0, 543, 8151, 7.90, 145.00, 210, 405, 1, 8
2026-09-02T13:44:17.8633824+07:00,2026/09/02 13:44:17.909, NVIDIA GeForce RTX 5060, 591.86, P8, 29, 0, 543, 8151, 8.40, 145.00, 210, 405, 1, 8
2026-09-02T13:44:22.9295820+07:00,2026/09/02 13:44:22.960, NVIDIA GeForce RTX 5060, 591.86, P8, 29, 0, 543, 8151, 7.96, 145.00, 210, 405, 1, 8
2026-09-02T13:44:28.0408169+07:00,2026/09/02 13:44:28.071, NVIDIA GeForce RTX 5060, 591.86, P8, 29, 0, 543, 8151, 7.80, 145.00, 210, 405, 1, 8
2026-09-02T13:44:33.1001561+07:00,2026/09/02 13:44:33.131, NVIDIA GeForce RTX 5060, 591.86, P8, 29, 0, 543, 8151, 7.85, 145.00, 210, 405, 1, 8
2026-09-02T13:44:38.1518625+07:00,2026/09/02 13:44:38.182, NVIDIA GeForce RTX 5060, 591.86, P8, 29, 0, 543, 8151, 7.89, 145.00, 210, 405, 1, 8
2026-09-02T13:44:43.2174627+07:00,2026/09/02 13:44:43.248, NVIDIA GeForce RTX 5060, 591.86, P8, 29, 0, 543, 8151, 7.91, 145.00, 210, 405, 1, 8
2026-09-02T13:44:48.2685960+07:00,2026/09/02 13:44:48.299, NVIDIA GeForce RTX 5060, 591.86, P8, 29, 0, 543, 8151, 7.88, 145.00, 202, 405, 1, 8
2026-09-02T13:44:53.3255471+07:00,2026/09/02 13:44:53.356, NVIDIA GeForce RTX 5060, 591.86, P8, 29, 0, 543, 8151, 7.95, 145.00, 210, 405, 1, 8
2026-09-02T13:44:58.4385937+07:00,2026/09/02 13:44:58.469, NVIDIA GeForce RTX 5060, 591.86, P8, 29, 0, 543, 8151, 7.93, 145.00, 210, 405, 1, 8
2026-09-02T13:45:03.4890532+07:00,2026/09/02 13:45:03.520, NVIDIA GeForce RTX 5060, 591.86, P8, 29, 0, 543, 8151, 8.23, 145.00, 210, 405, 1, 8
2026-09-02T13:45:08.5398735+07:00,2026/09/02 13:45:08.570, NVIDIA GeForce RTX 5060, 591.86, P8, 29, 0, 543, 8151, 7.79, 145.00, 210, 405, 1, 8
2026-09-02T13:45:13.6001454+07:00,2026/09/02 13:45:13.646, NVIDIA GeForce RTX 5060, 591.86, P8, 29, 0, 543, 8151, 7.92, 145.00, 210, 405, 1, 8
2026-09-02T13:45:18.6668077+07:00,2026/09/02 13:45:18.697, NVIDIA GeForce RTX 5060, 591.86, P8, 29, 0, 543, 8151, 8.23, 145.00, 210, 405, 1, 8
2026-09-02T13:45:23.7187873+07:00,2026/09/02 13:45:23.749, NVIDIA GeForce RTX 5060, 591.86, P8, 29, 0, 543, 8151, 7.81, 145.00, 210, 405, 1, 8
2026-09-02T13:45:28.8347263+07:00,2026/09/02 13:45:28.861, NVIDIA GeForce RTX 5060, 591.86, P8, 29, 0, 543, 8151, 7.68, 145.00, 210, 405, 1, 8
2026-09-02T13:45:33.8706514+07:00,2026/09/02 13:45:33.901, NVIDIA GeForce RTX 5060, 591.86, P8, 29, 0, 543, 8151, 7.79, 145.00, 210, 405, 1, 8
2026-09-02T13:45:38.9220178+07:00,2026/09/02 13:45:38.968, NVIDIA GeForce RTX 5060, 591.86, P8, 29, 0, 543, 8151, 7.74, 145.00, 210, 405, 1, 8
2026-09-02T13:45:43.9889643+07:00,2026/09/02 13:45:44.019, NVIDIA GeForce RTX 5060, 591.86, P8, 29, 0, 543, 8151, 7.91, 145.00, 210, 405, 1, 8
2026-09-02T13:45:49.0404030+07:00,2026/09/02 13:45:49.071, NVIDIA GeForce RTX 5060, 591.86, P8, 29, 0, 543, 8151, 7.73, 145.00, 210, 405, 1, 8
2026-09-02T13:45:54.1010977+07:00,2026/09/02 13:45:54.132, NVIDIA GeForce RTX 5060, 591.86, P8, 29, 0, 543, 8151, 7.89, 145.00, 210, 405, 1, 8
2026-09-02T13:45:59.2131594+07:00,2026/09/02 13:45:59.244, NVIDIA GeForce RTX 5060, 591.86, P8, 29, 0, 543, 8151, 8.05, 145.00, 210, 405, 1, 8
2026-09-02T13:46:04.2645935+07:00,2026/09/02 13:46:04.295, NVIDIA GeForce RTX 5060, 591.86, P8, 29, 0, 543, 8151, 8.23, 145.00, 210, 405, 1, 8
2026-09-02T13:46:09.3159152+07:00,2026/09/02 13:46:09.346, NVIDIA GeForce RTX 5060, 591.86, P8, 29, 0, 543, 8151, 7.83, 145.00, 210, 405, 1, 8
2026-09-02T13:46:14.3775015+07:00,2026/09/02 13:46:14.408, NVIDIA GeForce RTX 5060, 591.86, P8, 29, 0, 543, 8151, 7.90, 145.00, 210, 405, 1, 8
2026-09-02T13:46:19.4457761+07:00,2026/09/02 13:46:19.476, NVIDIA GeForce RTX 5060, 591.86, P8, 29, 0, 543, 8151, 8.44, 145.00, 210, 405, 1, 8
2026-09-02T13:46:24.4979332+07:00,2026/09/02 13:46:24.528, NVIDIA GeForce RTX 5060, 591.86, P8, 29, 0, 543, 8151, 7.91, 145.00, 210, 405, 1, 8
2026-09-02T13:46:29.6219204+07:00,2026/09/02 13:46:29.652, NVIDIA GeForce RTX 5060, 591.86, P8, 29, 0, 543, 8151, 7.93, 145.00, 210, 405, 1, 8
2026-09-02T13:46:34.6708278+07:00,2026/09/02 13:46:34.701, NVIDIA GeForce RTX 5060, 591.86, P8, 29, 0, 543, 8151, 7.97, 145.00, 210, 405, 1, 8
2026-09-02T13:46:39.7201691+07:00,2026/09/02 13:46:39.751, NVIDIA GeForce RTX 5060, 591.86, P8, 29, 0, 543, 8151, 8.09, 145.00, 210, 405, 1, 8
2026-09-02T13:46:44.7717806+07:00,2026/09/02 13:46:44.802, NVIDIA GeForce RTX 5060, 591.86, P8, 29, 0, 543, 8151, 8.15, 145.00, 210, 405, 1, 8
2026-09-02T13:46:49.8308130+07:00,2026/09/02 13:46:49.861, NVIDIA GeForce RTX 5060, 591.86, P8, 29, 0, 543, 8151, 8.16, 145.00, 210, 405, 1, 8
2026-09-02T13:46:54.8803743+07:00,2026/09/02 13:46:54.911, NVIDIA GeForce RTX 5060, 591.86, P8, 29, 0, 543, 8151, 7.93, 145.00, 202, 405, 1, 8
2026-09-02T13:46:59.9943720+07:00,2026/09/02 13:47:00.025, NVIDIA GeForce RTX 5060, 591.86, P8, 29, 0, 543, 8151, 8.00, 145.00, 210, 405, 1, 8
2026-09-02T13:47:05.0459662+07:00,2026/09/02 13:47:05.076, NVIDIA GeForce RTX 5060, 591.86, P8, 29, 0, 543, 8151, 8.44, 145.00, 210, 405, 1, 8
2026-09-02T13:47:10.1075493+07:00,2026/09/02 13:47:10.138, NVIDIA GeForce RTX 5060, 591.86, P8, 29, 0, 543, 8151, 8.05, 145.00, 210, 405, 1, 8
2026-09-02T13:47:15.1591558+07:00,2026/09/02 13:47:15.190, NVIDIA GeForce RTX 5060, 591.86, P8, 29, 0, 543, 8151, 8.10, 145.00, 210, 405, 1, 8
2026-09-02T13:47:20.2100288+07:00,2026/09/02 13:47:20.256, NVIDIA GeForce RTX 5060, 591.86, P8, 29, 0, 543, 8151, 8.03, 145.00, 210, 405, 1, 8
2026-09-02T13:47:25.2767553+07:00,2026/09/02 13:47:25.307, NVIDIA GeForce RTX 5060, 591.86, P8, 29, 0, 543, 8151, 8.08, 145.00, 210, 405, 1, 8
2026-09-02T13:47:30.4003280+07:00,2026/09/02 13:47:30.431, NVIDIA GeForce RTX 5060, 591.86, P8, 29, 0, 543, 8151, 8.29, 145.00, 210, 405, 1, 8
2026-09-02T13:47:35.4515517+07:00,2026/09/02 13:47:35.482, NVIDIA GeForce RTX 5060, 591.86, P8, 29, 0, 543, 8151, 8.17, 145.00, 210, 405, 1, 8
2026-09-02T13:47:40.5032251+07:00,2026/09/02 13:47:40.534, NVIDIA GeForce RTX 5060, 591.86, P8, 29, 0, 543, 8151, 8.08, 145.00, 210, 405, 1, 8
2026-09-02T13:47:45.5553146+07:00,2026/09/02 13:47:45.586, NVIDIA GeForce RTX 5060, 591.86, P8, 29, 0, 543, 8151, 8.15, 145.00, 210, 405, 1, 8
2026-09-02T13:47:50.6034705+07:00,2026/09/02 13:47:50.634, NVIDIA GeForce RTX 5060, 591.86, P8, 29, 0, 543, 8151, 8.15, 145.00, 210, 405, 1, 8
2026-09-02T13:47:55.6705262+07:00,2026/09/02 13:47:55.701, NVIDIA GeForce RTX 5060, 591.86, P8, 29, 0, 543, 8151, 8.18, 145.00, 210, 405, 1, 8
2026-09-02T13:48:00.7849009+07:00,2026/09/02 13:48:00.815, NVIDIA GeForce RTX 5060, 591.86, P8, 29, 0, 543, 8151, 8.17, 145.00, 240, 405, 1, 8
2026-09-02T13:48:05.8364137+07:00,2026/09/02 13:48:05.867, NVIDIA GeForce RTX 5060, 591.86, P8, 29, 0, 543, 8151, 8.27, 145.00, 210, 405, 1, 8
2026-09-02T13:48:10.8924265+07:00,2026/09/02 13:48:10.923, NVIDIA GeForce RTX 5060, 591.86, P8, 29, 0, 543, 8151, 8.39, 145.00, 210, 405, 1, 8
2026-09-02T13:48:15.9431162+07:00,2026/09/02 13:48:15.974, NVIDIA GeForce RTX 5060, 591.86, P8, 29, 0, 543, 8151, 8.02, 145.00, 210, 405, 1, 8
2026-09-02T13:48:20.9951601+07:00,2026/09/02 13:48:21.025, NVIDIA GeForce RTX 5060, 591.86, P8, 29, 0, 543, 8151, 8.20, 145.00, 210, 405, 1, 8
2026-09-02T13:48:26.0431812+07:00,2026/09/02 13:48:26.074, NVIDIA GeForce RTX 5060, 591.86, P8, 29, 0, 543, 8151, 7.96, 145.00, 210, 405, 1, 8
2026-09-02T13:48:31.1623382+07:00,2026/09/02 13:48:31.193, NVIDIA GeForce RTX 5060, 591.86, P8, 29, 0, 543, 8151, 8.58, 145.00, 210, 405, 1, 8
2026-09-02T13:48:36.2129789+07:00,2026/09/02 13:48:36.243, NVIDIA GeForce RTX 5060, 591.86, P8, 29, 0, 543, 8151, 8.07, 145.00, 210, 405, 1, 8
2026-09-02T13:48:41.2621855+07:00,2026/09/02 13:48:41.293, NVIDIA GeForce RTX 5060, 591.86, P8, 29, 0, 543, 8151, 8.09, 145.00, 210, 405, 1, 8
2026-09-02T13:48:46.2974163+07:00,2026/09/02 13:48:46.328, NVIDIA GeForce RTX 5060, 591.86, P8, 29, 0, 543, 8151, 8.22, 145.00, 210, 405, 1, 8
2026-09-02T13:48:51.3587755+07:00,2026/09/02 13:48:51.389, NVIDIA GeForce RTX 5060, 591.86, P8, 29, 0, 543, 8151, 8.19, 145.00, 210, 405, 1, 8
2026-09-02T13:48:56.4092071+07:00,2026/09/02 13:48:56.440, NVIDIA GeForce RTX 5060, 591.86, P8, 29, 0, 543, 8151, 8.13, 145.00, 210, 405, 1, 8
2026-09-02T13:49:01.5221494+07:00,2026/09/02 13:49:01.553, NVIDIA GeForce RTX 5060, 591.86, P8, 29, 0, 543, 8151, 8.40, 145.00, 210, 405, 1, 8
2026-09-02T13:49:06.5717787+07:00,2026/09/02 13:49:06.602, NVIDIA GeForce RTX 5060, 591.86, P8, 29, 0, 543, 8151, 8.15, 145.00, 210, 405, 1, 8
2026-09-02T13:49:11.6192762+07:00,2026/09/02 13:49:11.650, NVIDIA GeForce RTX 5060, 591.86, P8, 29, 0, 543, 8151, 7.91, 145.00, 210, 405, 1, 8
2026-09-02T13:49:16.6707904+07:00,2026/09/02 13:49:16.701, NVIDIA GeForce RTX 5060, 591.86, P8, 29, 0, 543, 8151, 8.04, 145.00, 210, 405, 1, 8
2026-09-02T13:49:21.7225501+07:00,2026/09/02 13:49:21.769, NVIDIA GeForce RTX 5060, 591.86, P8, 29, 0, 543, 8151, 8.10, 145.00, 210, 405, 1, 8
2026-09-02T13:49:26.7985879+07:00,2026/09/02 13:49:26.829, NVIDIA GeForce RTX 5060, 591.86, P8, 29, 0, 543, 8151, 8.12, 145.00, 210, 405, 1, 8
2026-09-02T13:49:31.9100106+07:00,2026/09/02 13:49:31.941, NVIDIA GeForce RTX 5060, 591.86, P8, 29, 0, 543, 8151, 7.98, 145.00, 210, 405, 1, 8
2026-09-02T13:49:36.9625052+07:00,2026/09/02 13:49:37.009, NVIDIA GeForce RTX 5060, 591.86, P8, 29, 0, 543, 8151, 7.98, 145.00, 210, 405, 1, 8
2026-09-02T13:49:42.0294328+07:00,2026/09/02 13:49:42.060, NVIDIA GeForce RTX 5060, 591.86, P8, 29, 0, 543, 8151, 8.11, 145.00, 210, 405, 1, 8
2026-09-02T13:49:47.0905707+07:00,2026/09/02 13:49:47.121, NVIDIA GeForce RTX 5060, 591.86, P8, 29, 0, 543, 8151, 8.10, 145.00, 210, 405, 1, 8
2026-09-02T13:49:52.1413653+07:00,2026/09/02 13:49:52.187, NVIDIA GeForce RTX 5060, 591.86, P8, 29, 0, 543, 8151, 8.10, 145.00, 210, 405, 1, 8
2026-09-02T13:49:57.2086595+07:00,2026/09/02 13:49:57.255, NVIDIA GeForce RTX 5060, 591.86, P8, 29, 0, 543, 8151, 7.95, 145.00, 210, 405, 1, 8
2026-09-02T13:50:02.3520448+07:00,2026/09/02 13:50:02.383, NVIDIA GeForce RTX 5060, 591.86, P8, 29, 0, 543, 8151, 8.51, 145.00, 210, 405, 1, 8
2026-09-02T13:50:07.4121759+07:00,2026/09/02 13:50:07.442, NVIDIA GeForce RTX 5060, 591.86, P8, 29, 0, 543, 8151, 8.12, 145.00, 210, 405, 1, 8
2026-09-02T13:50:12.4623298+07:00,2026/09/02 13:50:12.508, NVIDIA GeForce RTX 5060, 591.86, P8, 29, 0, 543, 8151, 8.04, 145.00, 210, 405, 1, 8
2026-09-02T13:50:17.5291214+07:00,2026/09/02 13:50:17.575, NVIDIA GeForce RTX 5060, 591.86, P8, 29, 0, 543, 8151, 8.31, 145.00, 210, 405, 1, 8
2026-09-02T13:50:22.5924469+07:00,2026/09/02 13:50:22.623, NVIDIA GeForce RTX 5060, 591.86, P8, 29, 0, 543, 8151, 7.93, 145.00, 210, 405, 1, 8
2026-09-02T13:50:27.6534461+07:00,2026/09/02 13:50:27.683, NVIDIA GeForce RTX 5060, 591.86, P8, 29, 0, 543, 8151, 8.06, 145.00, 210, 405, 1, 8
2026-09-02T13:50:32.7790757+07:00,2026/09/02 13:50:32.810, NVIDIA GeForce RTX 5060, 591.86, P8, 29, 0, 543, 8151, 8.03, 145.00, 210, 405, 1, 8
2026-09-02T13:50:37.8302685+07:00,2026/09/02 13:50:37.861, NVIDIA GeForce RTX 5060, 591.86, P8, 29, 0, 543, 8151, 8.08, 145.00, 210, 405, 1, 8
2026-09-02T13:50:42.8780071+07:00,2026/09/02 13:50:42.909, NVIDIA GeForce RTX 5060, 591.86, P8, 29, 0, 543, 8151, 8.04, 145.00, 210, 405, 1, 8
2026-09-02T13:50:47.9228244+07:00,2026/09/02 13:50:47.969, NVIDIA GeForce RTX 5060, 591.86, P8, 29, 0, 543, 8151, 8.03, 145.00, 210, 405, 1, 8
2026-09-02T13:50:52.9909485+07:00,2026/09/02 13:50:53.021, NVIDIA GeForce RTX 5060, 591.86, P8, 29, 0, 543, 8151, 8.01, 145.00, 210, 405, 1, 8
2026-09-02T13:50:58.0410911+07:00,2026/09/02 13:50:58.072, NVIDIA GeForce RTX 5060, 591.86, P8, 29, 0, 543, 8151, 8.13, 145.00, 210, 405, 1, 8
2026-09-02T13:51:03.1637743+07:00,2026/09/02 13:51:03.194, NVIDIA GeForce RTX 5060, 591.86, P8, 29, 0, 543, 8151, 8.63, 145.00, 210, 405, 1, 8
2026-09-02T13:51:08.2125169+07:00,2026/09/02 13:51:08.243, NVIDIA GeForce RTX 5060, 591.86, P8, 29, 0, 543, 8151, 7.94, 145.00, 210, 405, 1, 8
2026-09-02T13:51:13.2630901+07:00,2026/09/02 13:51:13.309, NVIDIA GeForce RTX 5060, 591.86, P8, 29, 0, 543, 8151, 8.01, 145.00, 210, 405, 1, 8
2026-09-02T13:51:18.3306198+07:00,2026/09/02 13:51:18.376, NVIDIA GeForce RTX 5060, 591.86, P8, 29, 0, 543, 8151, 8.53, 145.00, 210, 405, 1, 8
2026-09-02T13:51:23.4062319+07:00,2026/09/02 13:51:23.437, NVIDIA GeForce RTX 5060, 591.86, P8, 29, 0, 543, 8151, 7.95, 145.00, 210, 405, 1, 8
2026-09-02T13:51:28.4566863+07:00,2026/09/02 13:51:28.487, NVIDIA GeForce RTX 5060, 591.86, P8, 29, 0, 543, 8151, 8.03, 145.00, 210, 405, 1, 8
2026-09-02T13:51:33.5694047+07:00,2026/09/02 13:51:33.600, NVIDIA GeForce RTX 5060, 591.86, P8, 29, 0, 543, 8151, 7.85, 145.00, 210, 405, 1, 8
2026-09-02T13:51:38.6218015+07:00,2026/09/02 13:51:38.667, NVIDIA GeForce RTX 5060, 591.86, P8, 29, 0, 543, 8151, 7.89, 145.00, 210, 405, 1, 8
2026-09-02T13:51:43.6986853+07:00,2026/09/02 13:51:43.729, NVIDIA GeForce RTX 5060, 591.86, P8, 29, 0, 543, 8151, 8.09, 145.00, 210, 405, 1, 8
2026-09-02T13:51:48.7490269+07:00,2026/09/02 13:51:48.780, NVIDIA GeForce RTX 5060, 591.86, P8, 29, 0, 543, 8151, 7.91, 145.00, 210, 405, 1, 8
2026-09-02T13:51:53.7995096+07:00,2026/09/02 13:51:53.830, NVIDIA GeForce RTX 5060, 591.86, P8, 29, 0, 543, 8151, 8.11, 145.00, 210, 405, 1, 8
2026-09-02T13:51:58.8497904+07:00,2026/09/02 13:51:58.880, NVIDIA GeForce RTX 5060, 591.86, P8, 29, 0, 543, 8151, 8.21, 145.00, 210, 405, 1, 8
2026-09-02T13:52:03.9732524+07:00,2026/09/02 13:52:04.004, NVIDIA GeForce RTX 5060, 591.86, P8, 29, 0, 543, 8151, 8.64, 145.00, 210, 405, 1, 8
2026-09-02T13:52:09.0247115+07:00,2026/09/02 13:52:09.055, NVIDIA GeForce RTX 5060, 591.86, P8, 29, 0, 543, 8151, 8.02, 145.00, 210, 405, 1, 8
2026-09-02T13:52:14.0760647+07:00,2026/09/02 13:52:14.122, NVIDIA GeForce RTX 5060, 591.86, P8, 29, 0, 543, 8151, 8.06, 145.00, 210, 405, 1, 8
2026-09-02T13:52:19.1421517+07:00,2026/09/02 13:52:19.173, NVIDIA GeForce RTX 5060, 591.86, P8, 29, 0, 543, 8151, 8.59, 145.00, 210, 405, 1, 8
2026-09-02T13:52:24.2044718+07:00,2026/09/02 13:52:24.235, NVIDIA GeForce RTX 5060, 591.86, P8, 29, 0, 543, 8151, 7.93, 145.00, 210, 405, 1, 8
2026-09-02T13:52:29.2566461+07:00,2026/09/02 13:52:29.287, NVIDIA GeForce RTX 5060, 591.86, P8, 29, 0, 543, 8151, 7.88, 145.00, 210, 405, 1, 8
2026-09-02T13:52:34.3702373+07:00,2026/09/02 13:52:34.401, NVIDIA GeForce RTX 5060, 591.86, P8, 29, 0, 543, 8151, 7.89, 145.00, 202, 405, 1, 8
2026-09-02T13:52:39.4205077+07:00,2026/09/02 13:52:39.451, NVIDIA GeForce RTX 5060, 591.86, P8, 29, 0, 543, 8151, 7.97, 145.00, 210, 405, 1, 8
2026-09-02T13:52:44.4663102+07:00,2026/09/02 13:52:44.497, NVIDIA GeForce RTX 5060, 591.86, P8, 29, 0, 543, 8151, 8.07, 145.00, 210, 405, 1, 8
2026-09-02T13:52:49.5155834+07:00,2026/09/02 13:52:49.546, NVIDIA GeForce RTX 5060, 591.86, P8, 29, 0, 543, 8151, 7.78, 145.00, 210, 405, 1, 8
2026-09-02T13:52:54.5659211+07:00,2026/09/02 13:52:54.596, NVIDIA GeForce RTX 5060, 591.86, P8, 29, 0, 543, 8151, 8.00, 145.00, 210, 405, 1, 8
2026-09-02T13:52:59.6170530+07:00,2026/09/02 13:52:59.648, NVIDIA GeForce RTX 5060, 591.86, P8, 29, 0, 543, 8151, 7.87, 145.00, 210, 405, 1, 8
2026-09-02T13:53:04.7364538+07:00,2026/09/02 13:53:04.767, NVIDIA GeForce RTX 5060, 591.86, P8, 29, 0, 543, 8151, 8.42, 145.00, 210, 405, 1, 8
2026-09-02T13:53:09.7872847+07:00,2026/09/02 13:53:09.818, NVIDIA GeForce RTX 5060, 591.86, P8, 29, 0, 543, 8151, 8.10, 145.00, 210, 405, 1, 8
2026-09-02T13:53:14.8386269+07:00,2026/09/02 13:53:14.869, NVIDIA GeForce RTX 5060, 591.86, P8, 29, 0, 543, 8151, 8.07, 145.00, 210, 405, 1, 8
2026-09-02T13:53:19.8894643+07:00,2026/09/02 13:53:19.935, NVIDIA GeForce RTX 5060, 591.86, P8, 29, 0, 543, 8151, 7.99, 145.00, 210, 405, 1, 8
2026-09-02T13:53:24.9592237+07:00,2026/09/02 13:53:24.990, NVIDIA GeForce RTX 5060, 591.86, P8, 29, 0, 543, 8151, 8.07, 145.00, 210, 405, 1, 8
2026-09-02T13:53:30.0105275+07:00,2026/09/02 13:53:30.041, NVIDIA GeForce RTX 5060, 591.86, P8, 29, 0, 543, 8151, 7.84, 145.00, 210, 405, 1, 8
2026-09-02T13:53:35.1240119+07:00,2026/09/02 13:53:35.155, NVIDIA GeForce RTX 5060, 591.86, P8, 29, 0, 543, 8151, 7.88, 145.00, 210, 405, 1, 8
2026-09-02T13:53:40.1746642+07:00,2026/09/02 13:53:40.205, NVIDIA GeForce RTX 5060, 591.86, P8, 29, 0, 543, 8151, 8.12, 145.00, 210, 405, 1, 8
2026-09-02T13:53:45.2323975+07:00,2026/09/02 13:53:45.263, NVIDIA GeForce RTX 5060, 591.86, P8, 29, 0, 543, 8151, 7.93, 145.00, 210, 405, 1, 8
2026-09-02T13:53:50.2989683+07:00,2026/09/02 13:53:50.329, NVIDIA GeForce RTX 5060, 591.86, P8, 29, 0, 543, 8151, 8.03, 145.00, 210, 405, 1, 8
2026-09-02T13:53:55.3490353+07:00,2026/09/02 13:53:55.380, NVIDIA GeForce RTX 5060, 591.86, P8, 29, 0, 543, 8151, 7.94, 145.00, 210, 405, 1, 8
2026-09-02T13:54:00.3987261+07:00,2026/09/02 13:54:00.429, NVIDIA GeForce RTX 5060, 591.86, P8, 29, 0, 543, 8151, 7.96, 145.00, 210, 405, 1, 8
2026-09-02T13:54:05.5203101+07:00,2026/09/02 13:54:05.551, NVIDIA GeForce RTX 5060, 591.86, P8, 29, 0, 543, 8151, 8.20, 145.00, 210, 405, 1, 8
2026-09-02T13:54:10.5714630+07:00,2026/09/02 13:54:10.602, NVIDIA GeForce RTX 5060, 591.86, P8, 29, 0, 543, 8151, 7.98, 145.00, 210, 405, 1, 8
2026-09-02T13:54:15.6208512+07:00,2026/09/02 13:54:15.667, NVIDIA GeForce RTX 5060, 591.86, P8, 29, 0, 543, 8151, 8.14, 145.00, 210, 405, 1, 8
2026-09-02T13:54:20.6844678+07:00,2026/09/02 13:54:20.730, NVIDIA GeForce RTX 5060, 591.86, P8, 29, 0, 543, 8151, 8.09, 145.00, 210, 405, 1, 8
2026-09-02T13:54:25.7422857+07:00,2026/09/02 13:54:25.788, NVIDIA GeForce RTX 5060, 591.86, P8, 29, 0, 543, 8151, 8.10, 145.00, 210, 405, 1, 8
2026-09-02T13:54:30.8093434+07:00,2026/09/02 13:54:30.840, NVIDIA GeForce RTX 5060, 591.86, P8, 29, 0, 543, 8151, 8.12, 145.00, 210, 405, 1, 8
2026-09-02T13:54:35.9231378+07:00,2026/09/02 13:54:35.954, NVIDIA GeForce RTX 5060, 591.86, P8, 29, 0, 543, 8151, 8.17, 145.00, 210, 405, 1, 8
2026-09-02T13:54:40.9760593+07:00,2026/09/02 13:54:41.007, NVIDIA GeForce RTX 5060, 591.86, P8, 29, 0, 543, 8151, 8.10, 145.00, 210, 405, 1, 8
2026-09-02T13:54:46.0204213+07:00,2026/09/02 13:54:46.051, NVIDIA GeForce RTX 5060, 591.86, P8, 29, 0, 543, 8151, 7.88, 145.00, 210, 405, 1, 8
2026-09-02T13:54:51.0704904+07:00,2026/09/02 13:54:51.101, NVIDIA GeForce RTX 5060, 591.86, P8, 29, 0, 543, 8151, 8.02, 145.00, 210, 405, 1, 8
2026-09-02T13:54:56.1210185+07:00,2026/09/02 13:54:56.152, NVIDIA GeForce RTX 5060, 591.86, P8, 29, 0, 543, 8151, 8.03, 145.00, 210, 405, 1, 8
2026-09-02T13:55:01.1707497+07:00,2026/09/02 13:55:01.201, NVIDIA GeForce RTX 5060, 591.86, P8, 29, 0, 543, 8151, 8.10, 145.00, 210, 405, 1, 8
2026-09-02T13:55:06.2948960+07:00,2026/09/02 13:55:06.325, NVIDIA GeForce RTX 5060, 591.86, P8, 29, 0, 543, 8151, 7.92, 145.00, 210, 405, 1, 8
2026-09-02T13:55:11.3452789+07:00,2026/09/02 13:55:11.376, NVIDIA GeForce RTX 5060, 591.86, P8, 29, 0, 543, 8151, 8.08, 145.00, 210, 405, 1, 8
2026-09-02T13:55:16.3973856+07:00,2026/09/02 13:55:16.428, NVIDIA GeForce RTX 5060, 591.86, P8, 29, 0, 543, 8151, 7.98, 145.00, 210, 405, 1, 8
2026-09-02T13:55:21.4463226+07:00,2026/09/02 13:55:21.477, NVIDIA GeForce RTX 5060, 591.86, P8, 29, 0, 543, 8151, 7.96, 145.00, 210, 405, 1, 8
2026-09-02T13:55:26.4945167+07:00,2026/09/02 13:55:26.541, NVIDIA GeForce RTX 5060, 591.86, P8, 29, 0, 543, 8151, 8.06, 145.00, 210, 405, 1, 8
2026-09-02T13:55:31.5605210+07:00,2026/09/02 13:55:31.591, NVIDIA GeForce RTX 5060, 591.86, P8, 29, 0, 543, 8151, 8.01, 145.00, 210, 405, 1, 8
2026-09-02T13:55:36.6738785+07:00,2026/09/02 13:55:36.704, NVIDIA GeForce RTX 5060, 591.86, P8, 29, 0, 543, 8151, 8.04, 145.00, 210, 405, 1, 8
2026-09-02T13:55:41.7351080+07:00,2026/09/02 13:55:41.766, NVIDIA GeForce RTX 5060, 591.86, P8, 29, 0, 543, 8151, 8.10, 145.00, 210, 405, 1, 8
2026-09-02T13:55:46.7865871+07:00,2026/09/02 13:55:46.817, NVIDIA GeForce RTX 5060, 591.86, P8, 29, 0, 543, 8151, 8.06, 145.00, 210, 405, 1, 8
2026-09-02T13:55:51.8370311+07:00,2026/09/02 13:55:51.868, NVIDIA GeForce RTX 5060, 591.86, P8, 29, 0, 543, 8151, 8.10, 145.00, 210, 405, 1, 8
2026-09-02T13:55:56.8874683+07:00,2026/09/02 13:55:56.933, NVIDIA GeForce RTX 5060, 591.86, P8, 29, 0, 543, 8151, 8.06, 145.00, 210, 405, 1, 8
2026-09-02T13:56:01.9629954+07:00,2026/09/02 13:56:01.993, NVIDIA GeForce RTX 5060, 591.86, P8, 29, 0, 543, 8151, 8.43, 145.00, 210, 405, 1, 8
2026-09-02T13:56:07.0753120+07:00,2026/09/02 13:56:07.106, NVIDIA GeForce RTX 5060, 591.86, P8, 29, 0, 543, 8151, 8.17, 145.00, 210, 405, 1, 8
2026-09-02T13:56:12.1271816+07:00,2026/09/02 13:56:12.158, NVIDIA GeForce RTX 5060, 591.86, P8, 29, 0, 543, 8151, 7.97, 145.00, 210, 405, 1, 8
2026-09-02T13:56:17.1781068+07:00,2026/09/02 13:56:17.209, NVIDIA GeForce RTX 5060, 591.86, P8, 29, 0, 543, 8151, 8.25, 145.00, 210, 405, 1, 8
2026-09-02T13:56:22.2396000+07:00,2026/09/02 13:56:22.270, NVIDIA GeForce RTX 5060, 591.86, P8, 29, 0, 543, 8151, 7.97, 145.00, 210, 405, 1, 8
2026-09-02T13:56:27.2891243+07:00,2026/09/02 13:56:27.320, NVIDIA GeForce RTX 5060, 591.86, P8, 29, 0, 543, 8151, 8.09, 145.00, 210, 405, 1, 8
2026-09-02T13:56:32.3408164+07:00,2026/09/02 13:56:32.371, NVIDIA GeForce RTX 5060, 591.86, P8, 29, 0, 543, 8151, 7.95, 145.00, 210, 405, 1, 8
2026-09-02T13:56:37.4531425+07:00,2026/09/02 13:56:37.484, NVIDIA GeForce RTX 5060, 591.86, P8, 29, 0, 543, 8151, 7.95, 145.00, 210, 405, 1, 8
2026-09-02T13:56:42.4995140+07:00,2026/09/02 13:56:42.530, NVIDIA GeForce RTX 5060, 591.86, P8, 29, 0, 543, 8151, 7.86, 145.00, 210, 405, 1, 8
2026-09-02T13:56:47.5505991+07:00,2026/09/02 13:56:47.581, NVIDIA GeForce RTX 5060, 591.86, P8, 29, 0, 543, 8151, 7.98, 145.00, 210, 405, 1, 8
2026-09-02T13:56:52.5999233+07:00,2026/09/02 13:56:52.630, NVIDIA GeForce RTX 5060, 591.86, P8, 29, 0, 543, 8151, 7.84, 145.00, 210, 405, 1, 8
2026-09-02T13:56:57.6628346+07:00,2026/09/02 13:56:57.693, NVIDIA GeForce RTX 5060, 591.86, P8, 29, 0, 543, 8151, 7.99, 145.00, 210, 405, 1, 8
2026-09-02T13:57:02.7098629+07:00,2026/09/02 13:57:02.740, NVIDIA GeForce RTX 5060, 591.86, P8, 29, 0, 543, 8151, 8.57, 145.00, 210, 405, 1, 8
2026-09-02T13:57:07.8222537+07:00,2026/09/02 13:57:07.853, NVIDIA GeForce RTX 5060, 591.86, P8, 29, 0, 543, 8151, 8.02, 145.00, 210, 405, 1, 8
2026-09-02T13:57:12.8722513+07:00,2026/09/02 13:57:12.903, NVIDIA GeForce RTX 5060, 591.86, P8, 29, 0, 543, 8151, 7.88, 145.00, 202, 405, 1, 8
2026-09-02T13:57:17.9333000+07:00,2026/09/02 13:57:17.964, NVIDIA GeForce RTX 5060, 591.86, P8, 29, 0, 543, 8151, 8.35, 145.00, 210, 405, 1, 8
2026-09-02T13:57:22.9845081+07:00,2026/09/02 13:57:23.015, NVIDIA GeForce RTX 5060, 591.86, P8, 29, 0, 543, 8151, 8.02, 145.00, 210, 405, 1, 8
2026-09-02T13:57:28.0357285+07:00,2026/09/02 13:57:28.066, NVIDIA GeForce RTX 5060, 591.86, P8, 29, 0, 543, 8151, 7.87, 145.00, 210, 405, 1, 8
2026-09-02T13:57:33.0865912+07:00,2026/09/02 13:57:33.117, NVIDIA GeForce RTX 5060, 591.86, P8, 29, 0, 543, 8151, 8.06, 145.00, 210, 405, 1, 8
2026-09-02T13:57:38.2105625+07:00,2026/09/02 13:57:38.241, NVIDIA GeForce RTX 5060, 591.86, P8, 29, 0, 543, 8151, 8.26, 145.00, 210, 405, 1, 8
2026-09-02T13:57:43.2608350+07:00,2026/09/02 13:57:43.291, NVIDIA GeForce RTX 5060, 591.86, P8, 29, 0, 543, 8151, 7.89, 145.00, 210, 405, 1, 8
2026-09-02T13:57:48.3107567+07:00,2026/09/02 13:57:48.341, NVIDIA GeForce RTX 5060, 591.86, P8, 29, 0, 543, 8151, 8.10, 145.00, 210, 405, 1, 8
2026-09-02T13:57:53.3617533+07:00,2026/09/02 13:57:53.408, NVIDIA GeForce RTX 5060, 591.86, P8, 29, 0, 543, 8151, 8.08, 145.00, 210, 405, 1, 8
2026-09-02T13:57:58.4384632+07:00,2026/09/02 13:57:58.484, NVIDIA GeForce RTX 5060, 591.86, P8, 29, 0, 543, 8151, 8.18, 145.00, 210, 405, 1, 8
2026-09-02T13:58:03.5057945+07:00,2026/09/02 13:58:03.551, NVIDIA GeForce RTX 5060, 591.86, P8, 29, 0, 554, 8151, 9.19, 145.00, 442, 405, 1, 8
2026-09-02T13:58:08.6329676+07:00,2026/09/02 13:58:08.663, NVIDIA GeForce RTX 5060, 591.86, P8, 29, 1, 554, 8151, 8.59, 145.00, 210, 405, 1, 8
2026-09-02T13:58:13.6834591+07:00,2026/09/02 13:58:13.714, NVIDIA GeForce RTX 5060, 591.86, P8, 29, 0, 544, 8151, 8.14, 145.00, 210, 405, 1, 8
2026-09-02T13:58:18.7446763+07:00,2026/09/02 13:58:18.775, NVIDIA GeForce RTX 5060, 591.86, P8, 29, 0, 544, 8151, 8.40, 145.00, 210, 405, 1, 8
2026-09-02T13:58:23.7942306+07:00,2026/09/02 13:58:23.825, NVIDIA GeForce RTX 5060, 591.86, P8, 29, 0, 544, 8151, 7.98, 145.00, 210, 405, 1, 8
2026-09-02T13:58:28.8452985+07:00,2026/09/02 13:58:28.876, NVIDIA GeForce RTX 5060, 591.86, P8, 29, 0, 544, 8151, 8.03, 145.00, 210, 405, 1, 8
2026-09-02T13:58:33.8959464+07:00,2026/09/02 13:58:33.926, NVIDIA GeForce RTX 5060, 591.86, P8, 29, 0, 544, 8151, 8.21, 145.00, 210, 405, 1, 8
2026-09-02T13:58:39.0184510+07:00,2026/09/02 13:58:39.049, NVIDIA GeForce RTX 5060, 591.86, P8, 29, 0, 544, 8151, 7.87, 145.00, 210, 405, 1, 8
2026-09-02T13:58:44.0701020+07:00,2026/09/02 13:58:44.101, NVIDIA GeForce RTX 5060, 591.86, P8, 29, 0, 544, 8151, 8.01, 145.00, 210, 405, 1, 8
2026-09-02T13:58:49.1220825+07:00,2026/09/02 13:58:49.153, NVIDIA GeForce RTX 5060, 591.86, P8, 29, 0, 544, 8151, 7.96, 145.00, 210, 405, 1, 8
2026-09-02T13:58:54.1735839+07:00,2026/09/02 13:58:54.204, NVIDIA GeForce RTX 5060, 591.86, P8, 29, 0, 544, 8151, 8.09, 145.00, 210, 405, 1, 8
2026-09-02T13:58:59.2356766+07:00,2026/09/02 13:58:59.266, NVIDIA GeForce RTX 5060, 591.86, P8, 29, 0, 544, 8151, 8.12, 145.00, 210, 405, 1, 8
2026-09-02T13:59:04.2871957+07:00,2026/09/02 13:59:04.333, NVIDIA GeForce RTX 5060, 591.86, P8, 29, 0, 544, 8151, 8.41, 145.00, 210, 405, 1, 8
2026-09-02T13:59:09.4158287+07:00,2026/09/02 13:59:09.446, NVIDIA GeForce RTX 5060, 591.86, P8, 29, 0, 544, 8151, 8.13, 145.00, 210, 405, 1, 8
2026-09-02T13:59:14.4648415+07:00,2026/09/02 13:59:14.495, NVIDIA GeForce RTX 5060, 591.86, P8, 29, 0, 544, 8151, 8.19, 145.00, 210, 405, 1, 8
2026-09-02T13:59:19.5276580+07:00,2026/09/02 13:59:19.558, NVIDIA GeForce RTX 5060, 591.86, P8, 29, 0, 544, 8151, 8.62, 145.00, 210, 405, 1, 8
2026-09-02T13:59:24.5788006+07:00,2026/09/02 13:59:24.609, NVIDIA GeForce RTX 5060, 591.86, P8, 29, 0, 544, 8151, 8.09, 145.00, 210, 405, 1, 8
2026-09-02T13:59:29.6304436+07:00,2026/09/02 13:59:29.661, NVIDIA GeForce RTX 5060, 591.86, P8, 29, 0, 544, 8151, 7.92, 145.00, 210, 405, 1, 8
2026-09-02T13:59:34.6897836+07:00,2026/09/02 13:59:34.736, NVIDIA GeForce RTX 5060, 591.86, P8, 29, 0, 544, 8151, 8.08, 145.00, 210, 405, 1, 8
2026-09-02T13:59:39.8339566+07:00,2026/09/02 13:59:39.864, NVIDIA GeForce RTX 5060, 591.86, P8, 29, 0, 544, 8151, 7.92, 145.00, 210, 405, 1, 8
2026-09-02T13:59:44.8849311+07:00,2026/09/02 13:59:44.915, NVIDIA GeForce RTX 5060, 591.86, P8, 29, 0, 544, 8151, 7.87, 145.00, 210, 405, 1, 8
2026-09-02T13:59:49.9353235+07:00,2026/09/02 13:59:49.966, NVIDIA GeForce RTX 5060, 591.86, P8, 29, 0, 544, 8151, 7.88, 145.00, 210, 405, 1, 8
2026-09-02T13:59:54.9951255+07:00,2026/09/02 13:59:55.041, NVIDIA GeForce RTX 5060, 591.86, P8, 29, 0, 544, 8151, 8.08, 145.00, 202, 405, 1, 8
2026-09-02T14:00:00.0626166+07:00,2026/09/02 14:00:00.093, NVIDIA GeForce RTX 5060, 591.86, P8, 29, 0, 544, 8151, 7.96, 145.00, 210, 405, 1, 8
2026-09-02T14:00:05.1128557+07:00,2026/09/02 14:00:05.159, NVIDIA GeForce RTX 5060, 591.86, P8, 29, 0, 544, 8151, 7.95, 145.00, 210, 405, 1, 8
2026-09-02T14:00:10.2409327+07:00,2026/09/02 14:00:10.271, NVIDIA GeForce RTX 5060, 591.86, P8, 29, 0, 544, 8151, 7.88, 145.00, 210, 405, 1, 8
2026-09-02T14:00:15.3009058+07:00,2026/09/02 14:00:15.347, NVIDIA GeForce RTX 5060, 591.86, P8, 29, 0, 544, 8151, 7.90, 145.00, 210, 405, 1, 8
2026-09-02T14:00:20.3682096+07:00,2026/09/02 14:00:20.399, NVIDIA GeForce RTX 5060, 591.86, P8, 29, 0, 544, 8151, 7.72, 145.00, 210, 405, 1, 8
2026-09-02T14:00:25.4202000+07:00,2026/09/02 14:00:25.451, NVIDIA GeForce RTX 5060, 591.86, P8, 29, 0, 544, 8151, 7.88, 145.00, 210, 405, 1, 8
2026-09-02T14:00:30.4710793+07:00,2026/09/02 14:00:30.517, NVIDIA GeForce RTX 5060, 591.86, P8, 29, 0, 544, 8151, 7.81, 145.00, 210, 405, 1, 8
2026-09-02T14:00:35.5467299+07:00,2026/09/02 14:00:35.577, NVIDIA GeForce RTX 5060, 591.86, P8, 29, 0, 544, 8151, 7.82, 145.00, 210, 405, 1, 8
2026-09-02T14:00:40.6599856+07:00,2026/09/02 14:00:40.690, NVIDIA GeForce RTX 5060, 591.86, P8, 29, 0, 544, 8151, 7.77, 145.00, 210, 405, 1, 8
2026-09-02T14:00:45.7114625+07:00,2026/09/02 14:00:45.742, NVIDIA GeForce RTX 5060, 591.86, P8, 29, 0, 544, 8151, 7.74, 145.00, 210, 405, 1, 8
2026-09-02T14:00:50.7608694+07:00,2026/09/02 14:00:50.791, NVIDIA GeForce RTX 5060, 591.86, P8, 29, 0, 544, 8151, 7.76, 145.00, 210, 405, 1, 8
2026-09-02T14:00:55.8180681+07:00,2026/09/02 14:00:55.849, NVIDIA GeForce RTX 5060, 591.86, P8, 29, 0, 544, 8151, 7.76, 145.00, 210, 405, 1, 8
2026-09-02T14:01:00.8677699+07:00,2026/09/02 14:01:00.898, NVIDIA GeForce RTX 5060, 591.86, P8, 29, 0, 544, 8151, 7.93, 145.00, 210, 405, 1, 8
2026-09-02T14:01:05.9182160+07:00,2026/09/02 14:01:05.949, NVIDIA GeForce RTX 5060, 591.86, P8, 29, 0, 544, 8151, 7.72, 145.00, 210, 405, 1, 8
2026-09-02T14:01:11.0446690+07:00,2026/09/02 14:01:11.075, NVIDIA GeForce RTX 5060, 591.86, P8, 29, 0, 544, 8151, 7.81, 145.00, 210, 405, 1, 8
2026-09-02T14:01:16.0868687+07:00,2026/09/02 14:01:16.117, NVIDIA GeForce RTX 5060, 591.86, P8, 29, 0, 544, 8151, 7.89, 145.00, 210, 405, 1, 8
2026-09-02T14:01:21.1368286+07:00,2026/09/02 14:01:21.167, NVIDIA GeForce RTX 5060, 591.86, P8, 29, 0, 544, 8151, 7.78, 145.00, 210, 405, 1, 8
2026-09-02T14:01:26.1881780+07:00,2026/09/02 14:01:26.219, NVIDIA GeForce RTX 5060, 591.86, P8, 29, 0, 544, 8151, 7.85, 145.00, 210, 405, 1, 8
2026-09-02T14:01:31.2398395+07:00,2026/09/02 14:01:31.286, NVIDIA GeForce RTX 5060, 591.86, P8, 29, 0, 544, 8151, 7.92, 145.00, 210, 405, 1, 8
2026-09-02T14:01:36.3155173+07:00,2026/09/02 14:01:36.346, NVIDIA GeForce RTX 5060, 591.86, P8, 29, 0, 544, 8151, 7.85, 145.00, 210, 405, 1, 8
2026-09-02T14:01:41.4288848+07:00,2026/09/02 14:01:41.459, NVIDIA GeForce RTX 5060, 591.86, P8, 29, 0, 544, 8151, 8.16, 145.00, 210, 405, 1, 8
2026-09-02T14:01:46.4802783+07:00,2026/09/02 14:01:46.511, NVIDIA GeForce RTX 5060, 591.86, P8, 29, 0, 544, 8151, 7.90, 145.00, 210, 405, 1, 8
2026-09-02T14:01:51.5291974+07:00,2026/09/02 14:01:51.560, NVIDIA GeForce RTX 5060, 591.86, P8, 29, 0, 544, 8151, 7.80, 145.00, 210, 405, 1, 8
2026-09-02T14:01:56.5897156+07:00,2026/09/02 14:01:56.620, NVIDIA GeForce RTX 5060, 591.86, P8, 29, 0, 544, 8151, 7.92, 145.00, 210, 405, 1, 8
2026-09-02T14:02:01.6402780+07:00,2026/09/02 14:02:01.671, NVIDIA GeForce RTX 5060, 591.86, P8, 29, 0, 544, 8151, 8.39, 145.00, 210, 405, 1, 8
2026-09-02T14:02:06.6919709+07:00,2026/09/02 14:02:06.738, NVIDIA GeForce RTX 5060, 591.86, P8, 29, 0, 544, 8151, 7.77, 145.00, 210, 405, 1, 8
2026-09-02T14:02:11.8179439+07:00,2026/09/02 14:02:11.848, NVIDIA GeForce RTX 5060, 591.86, P8, 29, 0, 544, 8151, 7.95, 145.00, 210, 405, 1, 8
2026-09-02T14:02:16.8680900+07:00,2026/09/02 14:02:16.899, NVIDIA GeForce RTX 5060, 591.86, P8, 29, 0, 544, 8151, 7.78, 145.00, 210, 405, 1, 8
2026-09-02T14:02:21.9183644+07:00,2026/09/02 14:02:21.949, NVIDIA GeForce RTX 5060, 591.86, P8, 29, 0, 544, 8151, 7.94, 145.00, 210, 405, 1, 8
2026-09-02T14:02:26.9688048+07:00,2026/09/02 14:02:27.015, NVIDIA GeForce RTX 5060, 591.86, P8, 29, 0, 544, 8151, 7.95, 145.00, 210, 405, 1, 8
2026-09-02T14:02:32.0447064+07:00,2026/09/02 14:02:32.075, NVIDIA GeForce RTX 5060, 591.86, P8, 29, 0, 544, 8151, 7.78, 145.00, 210, 405, 1, 8
2026-09-02T14:02:37.0949734+07:00,2026/09/02 14:02:37.125, NVIDIA GeForce RTX 5060, 591.86, P8, 29, 0, 544, 8151, 7.63, 145.00, 210, 405, 1, 8
2026-09-02T14:02:42.2076186+07:00,2026/09/02 14:02:42.238, NVIDIA GeForce RTX 5060, 591.86, P8, 29, 0, 544, 8151, 7.72, 145.00, 210, 405, 1, 8
2026-09-02T14:02:47.2596681+07:00,2026/09/02 14:02:47.290, NVIDIA GeForce RTX 5060, 591.86, P8, 29, 0, 544, 8151, 7.82, 145.00, 210, 405, 1, 8
2026-09-02T14:02:52.3176883+07:00,2026/09/02 14:02:52.348, NVIDIA GeForce RTX 5060, 591.86, P8, 29, 0, 544, 8151, 7.83, 145.00, 210, 405, 1, 8
2026-09-02T14:02:57.3683027+07:00,2026/09/02 14:02:57.399, NVIDIA GeForce RTX 5060, 591.86, P8, 29, 0, 544, 8151, 7.79, 145.00, 210, 405, 1, 8
2026-09-02T14:03:02.4182799+07:00,2026/09/02 14:03:02.449, NVIDIA GeForce RTX 5060, 591.86, P8, 29, 0, 544, 8151, 8.28, 145.00, 210, 405, 1, 8
2026-09-02T14:03:07.4692472+07:00,2026/09/02 14:03:07.500, NVIDIA GeForce RTX 5060, 591.86, P8, 29, 0, 544, 8151, 7.84, 145.00, 210, 405, 1, 8
2026-09-02T14:03:12.5920993+07:00,2026/09/02 14:03:12.623, NVIDIA GeForce RTX 5060, 591.86, P8, 29, 0, 544, 8151, 7.89, 145.00, 210, 405, 1, 8
2026-09-02T14:03:17.6435677+07:00,2026/09/02 14:03:17.690, NVIDIA GeForce RTX 5060, 591.86, P8, 29, 0, 544, 8151, 8.11, 145.00, 210, 405, 1, 8
2026-09-02T14:03:22.7109532+07:00,2026/09/02 14:03:22.741, NVIDIA GeForce RTX 5060, 591.86, P8, 29, 0, 544, 8151, 7.90, 145.00, 210, 405, 1, 8
2026-09-02T14:03:27.7599543+07:00,2026/09/02 14:03:27.806, NVIDIA GeForce RTX 5060, 591.86, P8, 29, 0, 544, 8151, 7.68, 145.00, 202, 405, 1, 8
2026-09-02T14:03:32.8180405+07:00,2026/09/02 14:03:32.849, NVIDIA GeForce RTX 5060, 591.86, P8, 29, 0, 544, 8151, 7.87, 145.00, 210, 405, 1, 8
2026-09-02T14:03:37.8691102+07:00,2026/09/02 14:03:37.900, NVIDIA GeForce RTX 5060, 591.86, P8, 29, 0, 544, 8151, 7.88, 145.00, 210, 405, 1, 8
2026-09-02T14:03:42.9825899+07:00,2026/09/02 14:03:43.013, NVIDIA GeForce RTX 5060, 591.86, P8, 29, 0, 544, 8151, 8.01, 145.00, 210, 405, 1, 8
2026-09-02T14:03:48.0345835+07:00,2026/09/02 14:03:48.065, NVIDIA GeForce RTX 5060, 591.86, P8, 29, 0, 544, 8151, 7.89, 145.00, 210, 405, 1, 8
2026-09-02T14:03:53.0958324+07:00,2026/09/02 14:03:53.126, NVIDIA GeForce RTX 5060, 591.86, P8, 29, 0, 544, 8151, 7.85, 145.00, 210, 405, 1, 8
2026-09-02T14:03:58.1478630+07:00,2026/09/02 14:03:58.178, NVIDIA GeForce RTX 5060, 591.86, P8, 29, 0, 544, 8151, 7.79, 145.00, 210, 405, 1, 8
2026-09-02T14:04:03.1999731+07:00,2026/09/02 14:04:03.230, NVIDIA GeForce RTX 5060, 591.86, P8, 29, 0, 544, 8151, 8.13, 145.00, 210, 405, 1, 8
2026-09-02T14:04:08.2489837+07:00,2026/09/02 14:04:08.279, NVIDIA GeForce RTX 5060, 591.86, P8, 29, 0, 544, 8151, 7.93, 145.00, 210, 405, 1, 8
2026-09-02T14:04:13.3587999+07:00,2026/09/02 14:04:13.389, NVIDIA GeForce RTX 5060, 591.86, P8, 29, 0, 544, 8151, 7.74, 145.00, 210, 405, 1, 8
2026-09-02T14:04:18.4114024+07:00,2026/09/02 14:04:18.441, NVIDIA GeForce RTX 5060, 591.86, P8, 29, 0, 544, 8151, 8.19, 145.00, 210, 405, 1, 8
2026-09-02T14:04:23.4610830+07:00,2026/09/02 14:04:23.507, NVIDIA GeForce RTX 5060, 591.86, P8, 29, 0, 544, 8151, 7.69, 145.00, 210, 405, 1, 8
2026-09-02T14:04:28.5365855+07:00,2026/09/02 14:04:28.567, NVIDIA GeForce RTX 5060, 591.86, P8, 29, 0, 544, 8151, 7.88, 145.00, 210, 405, 1, 8
2026-09-02T14:04:33.5878833+07:00,2026/09/02 14:04:33.618, NVIDIA GeForce RTX 5060, 591.86, P8, 29, 0, 544, 8151, 7.81, 145.00, 210, 405, 1, 8
2026-09-02T14:04:38.6391916+07:00,2026/09/02 14:04:38.670, NVIDIA GeForce RTX 5060, 591.86, P8, 29, 0, 544, 8151, 7.79, 145.00, 210, 405, 1, 8
2026-09-02T14:04:43.7515075+07:00,2026/09/02 14:04:43.782, NVIDIA GeForce RTX 5060, 591.86, P8, 29, 0, 544, 8151, 7.85, 145.00, 210, 405, 1, 8
2026-09-02T14:04:48.8130336+07:00,2026/09/02 14:04:48.844, NVIDIA GeForce RTX 5060, 591.86, P8, 29, 0, 544, 8151, 8.07, 145.00, 210, 405, 1, 8
2026-09-02T14:04:53.8633084+07:00,2026/09/02 14:04:53.894, NVIDIA GeForce RTX 5060, 591.86, P8, 29, 0, 544, 8151, 7.85, 145.00, 210, 405, 1, 8
2026-09-02T14:04:58.9143250+07:00,2026/09/02 14:04:58.945, NVIDIA GeForce RTX 5060, 591.86, P8, 29, 0, 544, 8151, 7.87, 145.00, 210, 405, 1, 8
2026-09-02T14:05:03.9655912+07:00,2026/09/02 14:05:04.012, NVIDIA GeForce RTX 5060, 591.86, P8, 29, 0, 544, 8151, 8.34, 145.00, 210, 405, 1, 8
2026-09-02T14:05:09.0136727+07:00,2026/09/02 14:05:09.044, NVIDIA GeForce RTX 5060, 591.86, P8, 29, 0, 544, 8151, 8.09, 145.00, 210, 405, 1, 8
2026-09-02T14:05:14.1422209+07:00,2026/09/02 14:05:14.173, NVIDIA GeForce RTX 5060, 591.86, P8, 29, 0, 544, 8151, 7.89, 145.00, 210, 405, 1, 8
2026-09-02T14:05:19.1925872+07:00,2026/09/02 14:05:19.223, NVIDIA GeForce RTX 5060, 591.86, P8, 29, 0, 544, 8151, 8.35, 145.00, 210, 405, 1, 8
2026-09-02T14:05:24.2435990+07:00,2026/09/02 14:05:24.274, NVIDIA GeForce RTX 5060, 591.86, P8, 29, 0, 544, 8151, 7.72, 145.00, 210, 405, 1, 8
2026-09-02T14:05:29.3037685+07:00,2026/09/02 14:05:29.334, NVIDIA GeForce RTX 5060, 591.86, P8, 29, 0, 544, 8151, 7.97, 145.00, 210, 405, 1, 8
2026-09-02T14:05:34.3553400+07:00,2026/09/02 14:05:34.386, NVIDIA GeForce RTX 5060, 591.86, P8, 29, 0, 544, 8151, 7.83, 145.00, 210, 405, 1, 8
2026-09-02T14:05:39.4073716+07:00,2026/09/02 14:05:39.438, NVIDIA GeForce RTX 5060, 591.86, P8, 29, 0, 544, 8151, 7.87, 145.00, 210, 405, 1, 8
2026-09-02T14:05:44.5356071+07:00,2026/09/02 14:05:44.566, NVIDIA GeForce RTX 5060, 591.86, P8, 29, 0, 544, 8151, 7.73, 145.00, 210, 405, 1, 8
2026-09-02T14:05:49.5833057+07:00,2026/09/02 14:05:49.614, NVIDIA GeForce RTX 5060, 591.86, P8, 29, 0, 544, 8151, 7.94, 145.00, 210, 405, 1, 8
2026-09-02T14:05:54.6342704+07:00,2026/09/02 14:05:54.665, NVIDIA GeForce RTX 5060, 591.86, P8, 29, 0, 544, 8151, 7.78, 145.00, 210, 405, 1, 8
2026-09-02T14:05:59.6858183+07:00,2026/09/02 14:05:59.732, NVIDIA GeForce RTX 5060, 591.86, P8, 29, 0, 544, 8151, 7.88, 145.00, 210, 405, 1, 8
2026-09-02T14:06:04.7504529+07:00,2026/09/02 14:06:04.781, NVIDIA GeForce RTX 5060, 591.86, P8, 29, 0, 544, 8151, 8.30, 145.00, 210, 405, 1, 8
2026-09-02T14:06:09.7979570+07:00,2026/09/02 14:06:09.828, NVIDIA GeForce RTX 5060, 591.86, P8, 29, 0, 544, 8151, 7.98, 145.00, 210, 405, 1, 8
2026-09-02T14:06:14.9106196+07:00,2026/09/02 14:06:14.941, NVIDIA GeForce RTX 5060, 591.86, P8, 29, 0, 544, 8151, 7.97, 145.00, 210, 405, 1, 8
2026-09-02T14:06:19.9618625+07:00,2026/09/02 14:06:19.992, NVIDIA GeForce RTX 5060, 591.86, P8, 29, 0, 544, 8151, 7.97, 145.00, 210, 405, 1, 8
2026-09-02T14:06:25.0217717+07:00,2026/09/02 14:06:25.052, NVIDIA GeForce RTX 5060, 591.86, P8, 29, 0, 544, 8151, 8.14, 145.00, 210, 405, 1, 8
2026-09-02T14:06:30.0732016+07:00,2026/09/02 14:06:30.119, NVIDIA GeForce RTX 5060, 591.86, P8, 29, 0, 544, 8151, 8.00, 145.00, 210, 405, 1, 8
2026-09-02T14:06:35.1558916+07:00,2026/09/02 14:06:35.186, NVIDIA GeForce RTX 5060, 591.86, P8, 29, 0, 544, 8151, 7.87, 145.00, 210, 405, 1, 8
2026-09-02T14:06:40.2072577+07:00,2026/09/02 14:06:40.238, NVIDIA GeForce RTX 5060, 591.86, P8, 29, 0, 544, 8151, 8.00, 145.00, 210, 405, 1, 8
2026-09-02T14:06:45.3304077+07:00,2026/09/02 14:06:45.361, NVIDIA GeForce RTX 5060, 591.86, P8, 29, 0, 544, 8151, 8.16, 145.00, 210, 405, 1, 8
2026-09-02T14:06:50.3827035+07:00,2026/09/02 14:06:50.413, NVIDIA GeForce RTX 5060, 591.86, P8, 29, 0, 544, 8151, 8.19, 145.00, 210, 405, 1, 8
2026-09-02T14:06:55.4319635+07:00,2026/09/02 14:06:55.462, NVIDIA GeForce RTX 5060, 591.86, P8, 29, 0, 544, 8151, 8.12, 145.00, 210, 405, 1, 8
2026-09-02T14:07:00.4822225+07:00,2026/09/02 14:07:00.513, NVIDIA GeForce RTX 5060, 591.86, P8, 29, 0, 544, 8151, 8.00, 145.00, 210, 405, 1, 8
2026-09-02T14:07:05.5596756+07:00,2026/09/02 14:07:05.590, NVIDIA GeForce RTX 5060, 591.86, P8, 29, 0, 544, 8151, 7.95, 145.00, 210, 405, 1, 8
2026-09-02T14:07:10.6107858+07:00,2026/09/02 14:07:10.641, NVIDIA GeForce RTX 5060, 591.86, P8, 29, 0, 544, 8151, 7.97, 145.00, 210, 405, 1, 8
2026-09-02T14:07:15.7239739+07:00,2026/09/02 14:07:15.754, NVIDIA GeForce RTX 5060, 591.86, P8, 29, 0, 544, 8151, 8.15, 145.00, 210, 405, 1, 8
2026-09-02T14:07:20.7736501+07:00,2026/09/02 14:07:20.804, NVIDIA GeForce RTX 5060, 591.86, P8, 29, 0, 544, 8151, 8.06, 145.00, 210, 405, 1, 8
2026-09-02T14:07:25.8139581+07:00,2026/09/02 14:07:25.844, NVIDIA GeForce RTX 5060, 591.86, P8, 29, 0, 544, 8151, 8.10, 145.00, 210, 405, 1, 8
2026-09-02T14:07:30.8642587+07:00,2026/09/02 14:07:30.895, NVIDIA GeForce RTX 5060, 591.86, P8, 29, 0, 544, 8151, 8.09, 145.00, 210, 405, 1, 8
2026-09-02T14:07:35.9167471+07:00,2026/09/02 14:07:35.947, NVIDIA GeForce RTX 5060, 591.86, P8, 29, 0, 544, 8151, 7.82, 145.00, 210, 405, 1, 8
2026-09-02T14:07:40.9679054+07:00,2026/09/02 14:07:40.998, NVIDIA GeForce RTX 5060, 591.86, P8, 29, 0, 544, 8151, 7.82, 145.00, 210, 405, 1, 8
2026-09-02T14:07:46.0933130+07:00,2026/09/02 14:07:46.124, NVIDIA GeForce RTX 5060, 591.86, P8, 29, 0, 544, 8151, 8.02, 145.00, 210, 405, 1, 8
2026-09-02T14:07:51.1611552+07:00,2026/09/02 14:07:51.192, NVIDIA GeForce RTX 5060, 591.86, P8, 29, 0, 544, 8151, 8.02, 145.00, 210, 405, 1, 8
2026-09-02T14:07:56.2125041+07:00,2026/09/02 14:07:56.243, NVIDIA GeForce RTX 5060, 591.86, P8, 29, 0, 544, 8151, 8.10, 145.00, 210, 405, 1, 8
2026-09-02T14:08:01.2629711+07:00,2026/09/02 14:08:01.293, NVIDIA GeForce RTX 5060, 591.86, P8, 29, 0, 544, 8151, 8.19, 145.00, 210, 405, 1, 8
2026-09-02T14:08:06.3121646+07:00,2026/09/02 14:08:06.358, NVIDIA GeForce RTX 5060, 591.86, P8, 29, 0, 544, 8151, 7.94, 145.00, 210, 405, 1, 8
2026-09-02T14:08:11.3784175+07:00,2026/09/02 14:08:11.409, NVIDIA GeForce RTX 5060, 591.86, P8, 29, 0, 554, 8151, 8.56, 145.00, 210, 405, 1, 8
2026-09-02T14:08:16.5053843+07:00,2026/09/02 14:08:16.536, NVIDIA GeForce RTX 5060, 591.86, P8, 29, 0, 543, 8151, 8.44, 145.00, 210, 405, 1, 8
2026-09-02T14:08:21.5648516+07:00,2026/09/02 14:08:21.595, NVIDIA GeForce RTX 5060, 591.86, P8, 29, 0, 543, 8151, 8.18, 145.00, 210, 405, 1, 8
2026-09-02T14:08:26.6137823+07:00,2026/09/02 14:08:26.644, NVIDIA GeForce RTX 5060, 591.86, P8, 29, 0, 543, 8151, 7.77, 145.00, 210, 405, 1, 8
2026-09-02T14:08:31.6646629+07:00,2026/09/02 14:08:31.695, NVIDIA GeForce RTX 5060, 591.86, P8, 29, 0, 543, 8151, 7.87, 145.00, 210, 405, 1, 8
2026-09-02T14:08:36.7166627+07:00,2026/09/02 14:08:36.747, NVIDIA GeForce RTX 5060, 591.86, P8, 29, 0, 543, 8151, 7.88, 145.00, 210, 405, 1, 8
2026-09-02T14:08:41.7634033+07:00,2026/09/02 14:08:41.794, NVIDIA GeForce RTX 5060, 591.86, P8, 29, 0, 543, 8151, 8.04, 145.00, 210, 405, 1, 8
2026-09-02T14:08:46.8907059+07:00,2026/09/02 14:08:46.921, NVIDIA GeForce RTX 5060, 591.86, P8, 29, 0, 543, 8151, 7.87, 145.00, 210, 405, 1, 8
2026-09-02T14:08:51.9429857+07:00,2026/09/02 14:08:51.973, NVIDIA GeForce RTX 5060, 591.86, P8, 29, 0, 543, 8151, 8.02, 145.00, 210, 405, 1, 8
2026-09-02T14:08:56.9936342+07:00,2026/09/02 14:08:57.024, NVIDIA GeForce RTX 5060, 591.86, P8, 29, 0, 543, 8151, 7.88, 145.00, 210, 405, 1, 8
2026-09-02T14:09:02.0543721+07:00,2026/09/02 14:09:02.085, NVIDIA GeForce RTX 5060, 591.86, P8, 29, 0, 543, 8151, 8.33, 145.00, 210, 405, 1, 8
2026-09-02T14:09:07.1040851+07:00,2026/09/02 14:09:07.135, NVIDIA GeForce RTX 5060, 591.86, P8, 29, 0, 543, 8151, 7.85, 145.00, 210, 405, 1, 8
2026-09-02T14:09:12.1536979+07:00,2026/09/02 14:09:12.184, NVIDIA GeForce RTX 5060, 591.86, P8, 29, 0, 543, 8151, 8.14, 145.00, 210, 405, 1, 8
2026-09-02T14:09:17.2676310+07:00,2026/09/02 14:09:17.298, NVIDIA GeForce RTX 5060, 591.86, P8, 29, 0, 543, 8151, 8.24, 145.00, 210, 405, 1, 8
2026-09-02T14:09:22.3260919+07:00,2026/09/02 14:09:22.357, NVIDIA GeForce RTX 5060, 591.86, P8, 29, 0, 543, 8151, 7.94, 145.00, 210, 405, 1, 8
2026-09-02T14:09:27.3749497+07:00,2026/09/02 14:09:27.405, NVIDIA GeForce RTX 5060, 591.86, P8, 29, 0, 543, 8151, 7.98, 145.00, 210, 405, 1, 8
2026-09-02T14:09:32.4255924+07:00,2026/09/02 14:09:32.456, NVIDIA GeForce RTX 5060, 591.86, P8, 29, 0, 543, 8151, 7.93, 145.00, 210, 405, 1, 8
2026-09-02T14:09:37.4761117+07:00,2026/09/02 14:09:37.507, NVIDIA GeForce RTX 5060, 591.86, P8, 29, 0, 543, 8151, 7.77, 145.00, 210, 405, 1, 8
2026-09-02T14:09:42.5366391+07:00,2026/09/02 14:09:42.567, NVIDIA GeForce RTX 5060, 591.86, P8, 29, 0, 543, 8151, 7.91, 145.00, 210, 405, 1, 8
2026-09-02T14:09:47.6501831+07:00,2026/09/02 14:09:47.681, NVIDIA GeForce RTX 5060, 591.86, P8, 29, 0, 543, 8151, 7.96, 145.00, 210, 405, 1, 8
2026-09-02T14:09:52.7024245+07:00,2026/09/02 14:09:52.748, NVIDIA GeForce RTX 5060, 591.86, P8, 29, 0, 543, 8151, 8.01, 145.00, 210, 405, 1, 8
2026-09-02T14:09:57.7690893+07:00,2026/09/02 14:09:57.800, NVIDIA GeForce RTX 5060, 591.86, P8, 29, 0, 543, 8151, 7.91, 145.00, 210, 405, 1, 8
2026-09-02T14:10:02.8163582+07:00,2026/09/02 14:10:02.847, NVIDIA GeForce RTX 5060, 591.86, P8, 29, 0, 543, 8151, 8.47, 145.00, 210, 405, 1, 8
2026-09-02T14:10:07.8675306+07:00,2026/09/02 14:10:07.898, NVIDIA GeForce RTX 5060, 591.86, P8, 29, 0, 543, 8151, 7.75, 145.00, 210, 405, 1, 8
2026-09-02T14:10:12.9193414+07:00,2026/09/02 14:10:12.950, NVIDIA GeForce RTX 5060, 591.86, P8, 29, 0, 543, 8151, 7.78, 145.00, 210, 405, 1, 8
2026-09-02T14:10:18.0316018+07:00,2026/09/02 14:10:18.062, NVIDIA GeForce RTX 5060, 591.86, P8, 29, 0, 543, 8151, 8.21, 145.00, 210, 405, 1, 8
2026-09-02T14:10:23.0915693+07:00,2026/09/02 14:10:23.122, NVIDIA GeForce RTX 5060, 591.86, P8, 29, 0, 543, 8151, 7.97, 145.00, 210, 405, 1, 8
2026-09-02T14:10:28.1424559+07:00,2026/09/02 14:10:28.173, NVIDIA GeForce RTX 5060, 591.86, P8, 29, 0, 543, 8151, 7.80, 145.00, 210, 405, 1, 8
2026-09-02T14:10:33.1937736+07:00,2026/09/02 14:10:33.240, NVIDIA GeForce RTX 5060, 591.86, P8, 29, 0, 543, 8151, 7.94, 145.00, 210, 405, 1, 8
2026-09-02T14:10:38.2599714+07:00,2026/09/02 14:10:38.290, NVIDIA GeForce RTX 5060, 591.86, P8, 29, 0, 543, 8151, 7.90, 145.00, 210, 405, 1, 8
2026-09-02T14:10:43.3204884+07:00,2026/09/02 14:10:43.351, NVIDIA GeForce RTX 5060, 591.86, P8, 29, 0, 543, 8151, 7.90, 145.00, 210, 405, 1, 8
2026-09-02T14:10:48.4485734+07:00,2026/09/02 14:10:48.479, NVIDIA GeForce RTX 5060, 591.86, P8, 29, 0, 543, 8151, 8.02, 145.00, 210, 405, 1, 8
2026-09-02T14:10:53.4989336+07:00,2026/09/02 14:10:53.529, NVIDIA GeForce RTX 5060, 591.86, P8, 29, 0, 543, 8151, 7.85, 145.00, 210, 405, 1, 8
2026-09-02T14:10:58.5499473+07:00,2026/09/02 14:10:58.580, NVIDIA GeForce RTX 5060, 591.86, P8, 28, 0, 543, 8151, 7.81, 145.00, 210, 405, 1, 8
2026-09-02T14:11:03.5959211+07:00,2026/09/02 14:11:03.626, NVIDIA GeForce RTX 5060, 591.86, P8, 29, 0, 543, 8151, 8.26, 145.00, 210, 405, 1, 8
2026-09-02T14:11:08.6463859+07:00,2026/09/02 14:11:08.677, NVIDIA GeForce RTX 5060, 591.86, P8, 29, 0, 543, 8151, 7.85, 145.00, 210, 405, 1, 8
2026-09-02T14:11:13.6987254+07:00,2026/09/02 14:11:13.729, NVIDIA GeForce RTX 5060, 591.86, P8, 29, 0, 543, 8151, 8.01, 145.00, 210, 405, 1, 8
2026-09-02T14:11:18.8232192+07:00,2026/09/02 14:11:18.868, NVIDIA GeForce RTX 5060, 591.86, P8, 29, 0, 543, 8151, 8.58, 145.00, 210, 405, 1, 8
2026-09-02T14:11:23.8878185+07:00,2026/09/02 14:11:23.918, NVIDIA GeForce RTX 5060, 591.86, P8, 29, 0, 543, 8151, 7.99, 145.00, 202, 405, 1, 8
2026-09-02T14:11:28.9378910+07:00,2026/09/02 14:11:28.968, NVIDIA GeForce RTX 5060, 591.86, P8, 29, 0, 543, 8151, 7.88, 145.00, 210, 405, 1, 8
2026-09-02T14:11:33.9904922+07:00,2026/09/02 14:11:34.021, NVIDIA GeForce RTX 5060, 591.86, P8, 29, 0, 543, 8151, 8.06, 145.00, 210, 405, 1, 8
2026-09-02T14:11:39.0499117+07:00,2026/09/02 14:11:39.080, NVIDIA GeForce RTX 5060, 591.86, P8, 29, 0, 543, 8151, 8.07, 145.00, 210, 405, 1, 8
2026-09-02T14:11:44.1014237+07:00,2026/09/02 14:11:44.132, NVIDIA GeForce RTX 5060, 591.86, P8, 29, 0, 543, 8151, 7.95, 145.00, 210, 405, 1, 8
2026-09-02T14:11:49.2146618+07:00,2026/09/02 14:11:49.245, NVIDIA GeForce RTX 5060, 591.86, P8, 29, 0, 543, 8151, 7.96, 145.00, 210, 405, 1, 8
2026-09-02T14:11:54.2652641+07:00,2026/09/02 14:11:54.296, NVIDIA GeForce RTX 5060, 591.86, P8, 29, 0, 543, 8151, 7.90, 145.00, 210, 405, 1, 8
2026-09-02T14:11:59.3237334+07:00,2026/09/02 14:11:59.354, NVIDIA GeForce RTX 5060, 591.86, P8, 29, 0, 543, 8151, 7.99, 145.00, 210, 405, 1, 8
2026-09-02T14:12:04.3749516+07:00,2026/09/02 14:12:04.405, NVIDIA GeForce RTX 5060, 591.86, P8, 29, 0, 543, 8151, 8.48, 145.00, 210, 405, 1, 8
2026-09-02T14:12:09.4269279+07:00,2026/09/02 14:12:09.457, NVIDIA GeForce RTX 5060, 591.86, P8, 29, 0, 543, 8151, 8.03, 145.00, 210, 405, 1, 8
2026-09-02T14:12:14.4768585+07:00,2026/09/02 14:12:14.507, NVIDIA GeForce RTX 5060, 591.86, P8, 29, 0, 543, 8151, 8.02, 145.00, 210, 405, 1, 8
2026-09-02T14:12:19.5810128+07:00,2026/09/02 14:12:19.612, NVIDIA GeForce RTX 5060, 591.86, P8, 29, 0, 543, 8151, 8.44, 145.00, 210, 405, 1, 8
2026-09-02T14:12:24.6310861+07:00,2026/09/02 14:12:24.662, NVIDIA GeForce RTX 5060, 591.86, P8, 29, 0, 543, 8151, 8.06, 145.00, 210, 405, 1, 8
2026-09-02T14:12:29.6832493+07:00,2026/09/02 14:12:29.714, NVIDIA GeForce RTX 5060, 591.86, P8, 29, 0, 543, 8151, 8.14, 145.00, 210, 405, 1, 8
2026-09-02T14:12:34.7340340+07:00,2026/09/02 14:12:34.765, NVIDIA GeForce RTX 5060, 591.86, P8, 29, 0, 543, 8151, 8.03, 145.00, 210, 405, 1, 8
2026-09-02T14:12:39.7938006+07:00,2026/09/02 14:12:39.824, NVIDIA GeForce RTX 5060, 591.86, P8, 29, 0, 543, 8151, 8.13, 145.00, 210, 405, 1, 8
2026-09-02T14:12:44.8451147+07:00,2026/09/02 14:12:44.876, NVIDIA GeForce RTX 5060, 591.86, P8, 29, 0, 543, 8151, 7.87, 145.00, 210, 405, 1, 8
2026-09-02T14:12:49.9739737+07:00,2026/09/02 14:12:50.004, NVIDIA GeForce RTX 5060, 591.86, P8, 29, 0, 543, 8151, 8.00, 145.00, 210, 405, 1, 8
2026-09-02T14:12:55.0253228+07:00,2026/09/02 14:12:55.071, NVIDIA GeForce RTX 5060, 591.86, P8, 29, 0, 543, 8151, 7.94, 145.00, 202, 405, 1, 8
2026-09-02T14:13:00.0890994+07:00,2026/09/02 14:13:00.120, NVIDIA GeForce RTX 5060, 591.86, P8, 29, 0, 543, 8151, 7.95, 145.00, 210, 405, 1, 8
2026-09-02T14:13:05.1396239+07:00,2026/09/02 14:13:05.170, NVIDIA GeForce RTX 5060, 591.86, P8, 29, 0, 543, 8151, 8.37, 145.00, 210, 405, 1, 8
2026-09-02T14:13:10.1914399+07:00,2026/09/02 14:13:10.222, NVIDIA GeForce RTX 5060, 591.86, P8, 29, 0, 543, 8151, 8.13, 145.00, 210, 405, 1, 8
2026-09-02T14:13:15.2409906+07:00,2026/09/02 14:13:15.271, NVIDIA GeForce RTX 5060, 591.86, P8, 29, 0, 543, 8151, 8.01, 145.00, 210, 405, 1, 8
2026-09-02T14:13:20.3491678+07:00,2026/09/02 14:13:20.380, NVIDIA GeForce RTX 5060, 591.86, P8, 29, 0, 543, 8151, 7.96, 145.00, 210, 405, 1, 8
2026-09-02T14:13:25.4007081+07:00,2026/09/02 14:13:25.431, NVIDIA GeForce RTX 5060, 591.86, P8, 28, 0, 543, 8151, 7.82, 145.00, 210, 405, 1, 8
2026-09-02T14:13:30.4522477+07:00,2026/09/02 14:13:30.483, NVIDIA GeForce RTX 5060, 591.86, P8, 29, 0, 543, 8151, 7.85, 145.00, 210, 405, 1, 8
2026-09-02T14:13:35.5142794+07:00,2026/09/02 14:13:35.559, NVIDIA GeForce RTX 5060, 591.86, P8, 28, 0, 543, 8151, 7.98, 145.00, 210, 405, 1, 8
2026-09-02T14:13:40.5788249+07:00,2026/09/02 14:13:40.625, NVIDIA GeForce RTX 5060, 591.86, P8, 28, 0, 543, 8151, 7.93, 145.00, 210, 405, 1, 8
2026-09-02T14:13:45.6469135+07:00,2026/09/02 14:13:45.677, NVIDIA GeForce RTX 5060, 591.86, P8, 29, 0, 543, 8151, 7.86, 145.00, 210, 405, 1, 8
2026-09-02T14:13:50.7607369+07:00,2026/09/02 14:13:50.791, NVIDIA GeForce RTX 5060, 591.86, P8, 29, 0, 543, 8151, 7.93, 145.00, 210, 405, 1, 8
2026-09-02T14:13:55.8189508+07:00,2026/09/02 14:13:55.865, NVIDIA GeForce RTX 5060, 591.86, P8, 29, 0, 543, 8151, 8.15, 145.00, 210, 405, 1, 8
2026-09-02T14:14:00.8849936+07:00,2026/09/02 14:14:00.915, NVIDIA GeForce RTX 5060, 591.86, P8, 29, 1, 543, 8151, 8.17, 145.00, 210, 405, 1, 8
2026-09-02T14:14:05.9359661+07:00,2026/09/02 14:14:05.966, NVIDIA GeForce RTX 5060, 591.86, P8, 29, 0, 543, 8151, 8.19, 145.00, 210, 405, 1, 8
2026-09-02T14:14:10.9851898+07:00,2026/09/02 14:14:11.016, NVIDIA GeForce RTX 5060, 591.86, P8, 29, 0, 543, 8151, 8.07, 145.00, 210, 405, 1, 8
2026-09-02T14:14:16.0467697+07:00,2026/09/02 14:14:16.077, NVIDIA GeForce RTX 5060, 591.86, P8, 29, 0, 543, 8151, 8.06, 145.00, 210, 405, 1, 8
2026-09-02T14:14:21.1604568+07:00,2026/09/02 14:14:21.191, NVIDIA GeForce RTX 5060, 591.86, P8, 28, 0, 543, 8151, 8.05, 145.00, 210, 405, 1, 8
2026-09-02T14:14:26.2111842+07:00,2026/09/02 14:14:26.242, NVIDIA GeForce RTX 5060, 591.86, P8, 28, 0, 543, 8151, 8.18, 145.00, 210, 405, 1, 8
2026-09-02T14:14:31.2621271+07:00,2026/09/02 14:14:31.293, NVIDIA GeForce RTX 5060, 591.86, P8, 29, 0, 543, 8151, 8.14, 145.00, 210, 405, 1, 8
2026-09-02T14:14:36.3088189+07:00,2026/09/02 14:14:36.339, NVIDIA GeForce RTX 5060, 591.86, P8, 29, 0, 543, 8151, 7.95, 145.00, 210, 405, 1, 8
2026-09-02T14:14:41.3605123+07:00,2026/09/02 14:14:41.407, NVIDIA GeForce RTX 5060, 591.86, P8, 29, 0, 543, 8151, 8.08, 145.00, 210, 405, 1, 8
2026-09-02T14:14:46.4280016+07:00,2026/09/02 14:14:46.459, NVIDIA GeForce RTX 5060, 591.86, P8, 29, 0, 543, 8151, 8.28, 145.00, 210, 405, 1, 8
2026-09-02T14:14:51.5394032+07:00,2026/09/02 14:14:51.570, NVIDIA GeForce RTX 5060, 591.86, P8, 28, 0, 543, 8151, 8.09, 145.00, 210, 405, 1, 8
2026-09-02T14:14:56.5832511+07:00,2026/09/02 14:14:56.614, NVIDIA GeForce RTX 5060, 591.86, P8, 28, 0, 543, 8151, 8.34, 145.00, 202, 405, 1, 8
2026-09-02T14:15:01.6335270+07:00,2026/09/02 14:15:01.664, NVIDIA GeForce RTX 5060, 591.86, P8, 29, 0, 543, 8151, 8.28, 145.00, 210, 405, 1, 8
2026-09-02T14:15:06.7004940+07:00,2026/09/02 14:15:06.731, NVIDIA GeForce RTX 5060, 591.86, P8, 29, 0, 543, 8151, 8.05, 145.00, 210, 405, 1, 8
2026-09-02T14:15:11.7501217+07:00,2026/09/02 14:15:11.781, NVIDIA GeForce RTX 5060, 591.86, P8, 29, 0, 543, 8151, 7.92, 145.00, 210, 405, 1, 8
2026-09-02T14:15:16.7928665+07:00,2026/09/02 14:15:16.823, NVIDIA GeForce RTX 5060, 591.86, P8, 29, 0, 543, 8151, 8.03, 145.00, 210, 405, 1, 8
2026-09-02T14:15:21.9046750+07:00,2026/09/02 14:15:21.935, NVIDIA GeForce RTX 5060, 591.86, P8, 29, 0, 543, 8151, 7.79, 145.00, 210, 405, 1, 8
2026-09-02T14:15:26.9567574+07:00,2026/09/02 14:15:26.987, NVIDIA GeForce RTX 5060, 591.86, P8, 28, 0, 543, 8151, 7.93, 145.00, 210, 405, 1, 8
2026-09-02T14:15:32.0075164+07:00,2026/09/02 14:15:32.038, NVIDIA GeForce RTX 5060, 591.86, P8, 29, 0, 543, 8151, 8.00, 145.00, 210, 405, 1, 8
2026-09-02T14:15:37.0520400+07:00,2026/09/02 14:15:37.083, NVIDIA GeForce RTX 5060, 591.86, P8, 29, 0, 543, 8151, 8.11, 145.00, 210, 405, 1, 8
2026-09-02T14:15:42.1031672+07:00,2026/09/02 14:15:42.134, NVIDIA GeForce RTX 5060, 591.86, P8, 28, 0, 543, 8151, 7.96, 145.00, 210, 405, 1, 8
2026-09-02T14:15:47.1541059+07:00,2026/09/02 14:15:47.185, NVIDIA GeForce RTX 5060, 591.86, P8, 28, 0, 543, 8151, 7.92, 145.00, 210, 405, 1, 8
2026-09-02T14:15:52.2674156+07:00,2026/09/02 14:15:52.313, NVIDIA GeForce RTX 5060, 591.86, P8, 28, 0, 543, 8151, 7.99, 145.00, 210, 405, 1, 8
2026-09-02T14:15:57.3440007+07:00,2026/09/02 14:15:57.390, NVIDIA GeForce RTX 5060, 591.86, P8, 28, 0, 543, 8151, 8.00, 145.00, 210, 405, 1, 8
2026-09-02T14:16:02.4112721+07:00,2026/09/02 14:16:02.442, NVIDIA GeForce RTX 5060, 591.86, P8, 29, 0, 543, 8151, 8.49, 145.00, 202, 405, 1, 8
2026-09-02T14:16:07.4634702+07:00,2026/09/02 14:16:07.494, NVIDIA GeForce RTX 5060, 591.86, P8, 29, 0, 543, 8151, 8.20, 145.00, 210, 405, 1, 8
2026-09-02T14:16:12.5145068+07:00,2026/09/02 14:16:12.561, NVIDIA GeForce RTX 5060, 591.86, P8, 29, 0, 543, 8151, 8.00, 145.00, 210, 405, 1, 8
2026-09-02T14:16:17.5781010+07:00,2026/09/02 14:16:17.609, NVIDIA GeForce RTX 5060, 591.86, P8, 29, 0, 543, 8151, 8.16, 145.00, 210, 405, 1, 8
2026-09-02T14:16:22.6916545+07:00,2026/09/02 14:16:22.722, NVIDIA GeForce RTX 5060, 591.86, P8, 28, 0, 543, 8151, 7.97, 145.00, 210, 405, 1, 8
2026-09-02T14:16:27.7426859+07:00,2026/09/02 14:16:27.773, NVIDIA GeForce RTX 5060, 591.86, P8, 29, 0, 543, 8151, 8.01, 145.00, 210, 405, 1, 8
2026-09-02T14:16:32.7927573+07:00,2026/09/02 14:16:32.823, NVIDIA GeForce RTX 5060, 591.86, P8, 28, 0, 543, 8151, 7.99, 145.00, 210, 405, 1, 8
2026-09-02T14:16:37.8403014+07:00,2026/09/02 14:16:37.871, NVIDIA GeForce RTX 5060, 591.86, P8, 28, 0, 543, 8151, 7.91, 145.00, 210, 405, 1, 8
2026-09-02T14:16:42.8913333+07:00,2026/09/02 14:16:42.922, NVIDIA GeForce RTX 5060, 591.86, P8, 29, 0, 543, 8151, 7.97, 145.00, 210, 405, 1, 8
2026-09-02T14:16:47.9429240+07:00,2026/09/02 14:16:47.973, NVIDIA GeForce RTX 5060, 591.86, P8, 28, 0, 543, 8151, 8.16, 145.00, 210, 405, 1, 8
2026-09-02T14:16:53.0651243+07:00,2026/09/02 14:16:53.096, NVIDIA GeForce RTX 5060, 591.86, P8, 28, 0, 543, 8151, 8.21, 145.00, 210, 405, 1, 8
2026-09-02T14:16:58.1150871+07:00,2026/09/02 14:16:58.146, NVIDIA GeForce RTX 5060, 591.86, P8, 28, 0, 543, 8151, 8.01, 145.00, 210, 405, 1, 8
2026-09-02T14:17:03.1667858+07:00,2026/09/02 14:17:03.197, NVIDIA GeForce RTX 5060, 591.86, P8, 29, 0, 543, 8151, 8.47, 145.00, 210, 405, 1, 8
2026-09-02T14:17:08.2177572+07:00,2026/09/02 14:17:08.248, NVIDIA GeForce RTX 5060, 591.86, P8, 28, 0, 543, 8151, 7.90, 145.00, 210, 405, 1, 8
2026-09-02T14:17:13.2786733+07:00,2026/09/02 14:17:13.309, NVIDIA GeForce RTX 5060, 591.86, P8, 28, 0, 543, 8151, 8.10, 145.00, 210, 405, 1, 8
2026-09-02T14:17:18.3301921+07:00,2026/09/02 14:17:18.376, NVIDIA GeForce RTX 5060, 591.86, P8, 29, 0, 543, 8151, 8.45, 145.00, 210, 405, 1, 8
2026-09-02T14:17:23.4589764+07:00,2026/09/02 14:17:23.489, NVIDIA GeForce RTX 5060, 591.86, P8, 29, 0, 543, 8151, 8.05, 145.00, 210, 405, 1, 8
2026-09-02T14:17:28.5089657+07:00,2026/09/02 14:17:28.539, NVIDIA GeForce RTX 5060, 591.86, P8, 29, 0, 543, 8151, 7.91, 145.00, 210, 405, 1, 8
2026-09-02T14:17:33.5688765+07:00,2026/09/02 14:17:33.599, NVIDIA GeForce RTX 5060, 591.86, P8, 29, 0, 543, 8151, 8.12, 145.00, 210, 405, 1, 8
2026-09-02T14:17:38.6199124+07:00,2026/09/02 14:17:38.650, NVIDIA GeForce RTX 5060, 591.86, P8, 29, 0, 543, 8151, 8.00, 145.00, 210, 405, 1, 8
2026-09-02T14:17:43.6705239+07:00,2026/09/02 14:17:43.701, NVIDIA GeForce RTX 5060, 591.86, P8, 29, 0, 543, 8151, 7.80, 145.00, 210, 405, 1, 8
2026-09-02T14:17:48.7218704+07:00,2026/09/02 14:17:48.752, NVIDIA GeForce RTX 5060, 591.86, P8, 29, 0, 543, 8151, 7.96, 145.00, 210, 405, 1, 8
2026-09-02T14:17:53.8435906+07:00,2026/09/02 14:17:53.874, NVIDIA GeForce RTX 5060, 591.86, P8, 29, 0, 543, 8151, 7.99, 145.00, 210, 405, 1, 8
2026-09-02T14:17:58.8941469+07:00,2026/09/02 14:17:58.925, NVIDIA GeForce RTX 5060, 591.86, P8, 29, 0, 543, 8151, 8.13, 145.00, 210, 405, 1, 8
2026-09-02T14:18:03.9444606+07:00,2026/09/02 14:18:03.974, NVIDIA GeForce RTX 5060, 591.86, P8, 29, 0, 543, 8151, 8.28, 145.00, 210, 405, 1, 8
2026-09-02T14:18:08.9949989+07:00,2026/09/02 14:18:09.025, NVIDIA GeForce RTX 5060, 591.86, P8, 29, 0, 543, 8151, 7.82, 145.00, 210, 405, 1, 8
2026-09-02T14:18:14.0545403+07:00,2026/09/02 14:18:14.101, NVIDIA GeForce RTX 5060, 591.86, P8, 29, 0, 543, 8151, 7.93, 145.00, 210, 405, 1, 8
2026-09-02T14:18:19.1201667+07:00,2026/09/02 14:18:19.151, NVIDIA GeForce RTX 5060, 591.86, P8, 29, 0, 543, 8151, 8.34, 145.00, 210, 405, 1, 8
2026-09-02T14:18:24.2327031+07:00,2026/09/02 14:18:24.263, NVIDIA GeForce RTX 5060, 591.86, P8, 29, 0, 543, 8151, 8.08, 145.00, 210, 405, 1, 8
2026-09-02T14:18:29.2817425+07:00,2026/09/02 14:18:29.312, NVIDIA GeForce RTX 5060, 591.86, P8, 29, 0, 543, 8151, 8.29, 145.00, 210, 405, 1, 8
2026-09-02T14:18:34.3298301+07:00,2026/09/02 14:18:34.360, NVIDIA GeForce RTX 5060, 591.86, P8, 29, 0, 543, 8151, 8.24, 145.00, 202, 405, 1, 8
2026-09-02T14:18:39.3807452+07:00,2026/09/02 14:18:39.427, NVIDIA GeForce RTX 5060, 591.86, P8, 29, 0, 543, 8151, 8.15, 145.00, 210, 405, 1, 8
2026-09-02T14:18:44.4473332+07:00,2026/09/02 14:18:44.478, NVIDIA GeForce RTX 5060, 591.86, P8, 29, 0, 543, 8151, 8.06, 145.00, 210, 405, 1, 8
2026-09-02T14:18:49.5106059+07:00,2026/09/02 14:18:49.556, NVIDIA GeForce RTX 5060, 591.86, P8, 29, 0, 543, 8151, 8.25, 145.00, 210, 405, 1, 8
2026-09-02T14:18:54.6212376+07:00,2026/09/02 14:18:54.652, NVIDIA GeForce RTX 5060, 591.86, P8, 29, 0, 543, 8151, 8.02, 145.00, 210, 405, 1, 8
2026-09-02T14:18:59.6725798+07:00,2026/09/02 14:18:59.703, NVIDIA GeForce RTX 5060, 591.86, P8, 29, 0, 543, 8151, 7.91, 145.00, 210, 405, 1, 8
2026-09-02T14:19:04.7243196+07:00,2026/09/02 14:19:04.755, NVIDIA GeForce RTX 5060, 591.86, P8, 29, 0, 543, 8151, 8.51, 145.00, 210, 405, 1, 8
2026-09-02T14:19:09.7866641+07:00,2026/09/02 14:19:09.833, NVIDIA GeForce RTX 5060, 591.86, P8, 29, 0, 543, 8151, 8.24, 145.00, 210, 405, 1, 8
2026-09-02T14:19:14.8532587+07:00,2026/09/02 14:19:14.899, NVIDIA GeForce RTX 5060, 591.86, P8, 29, 0, 543, 8151, 8.13, 145.00, 210, 405, 1, 8
2026-09-02T14:19:19.9182550+07:00,2026/09/02 14:19:19.949, NVIDIA GeForce RTX 5060, 591.86, P8, 29, 0, 543, 8151, 8.18, 145.00, 210, 405, 1, 8
2026-09-02T14:19:25.0452605+07:00,2026/09/02 14:19:25.076, NVIDIA GeForce RTX 5060, 591.86, P8, 29, 0, 543, 8151, 8.23, 145.00, 210, 405, 1, 8
2026-09-02T14:19:30.1054725+07:00,2026/09/02 14:19:30.136, NVIDIA GeForce RTX 5060, 591.86, P8, 29, 0, 543, 8151, 8.12, 145.00, 210, 405, 1, 8
2026-09-02T14:19:35.1573844+07:00,2026/09/02 14:19:35.188, NVIDIA GeForce RTX 5060, 591.86, P8, 29, 0, 543, 8151, 8.09, 145.00, 210, 405, 1, 8
2026-09-02T14:19:40.2086558+07:00,2026/09/02 14:19:40.239, NVIDIA GeForce RTX 5060, 591.86, P8, 29, 0, 543, 8151, 8.06, 145.00, 210, 405, 1, 8
2026-09-02T14:19:45.2601923+07:00,2026/09/02 14:19:45.291, NVIDIA GeForce RTX 5060, 591.86, P8, 29, 0, 543, 8151, 8.03, 145.00, 210, 405, 1, 8
2026-09-02T14:19:50.3166280+07:00,2026/09/02 14:19:50.347, NVIDIA GeForce RTX 5060, 591.86, P8, 29, 0, 543, 8151, 8.11, 145.00, 210, 405, 1, 8
2026-09-02T14:19:55.4290399+07:00,2026/09/02 14:19:55.460, NVIDIA GeForce RTX 5060, 591.86, P8, 29, 0, 543, 8151, 7.95, 145.00, 210, 405, 1, 8
2026-09-02T14:20:00.4815039+07:00,2026/09/02 14:20:00.512, NVIDIA GeForce RTX 5060, 591.86, P8, 29, 0, 543, 8151, 8.19, 145.00, 210, 405, 1, 8
2026-09-02T14:20:05.5317430+07:00,2026/09/02 14:20:05.578, NVIDIA GeForce RTX 5060, 591.86, P8, 29, 0, 543, 8151, 8.22, 145.00, 210, 405, 1, 8
2026-09-02T14:20:10.6052066+07:00,2026/09/02 14:20:10.651, NVIDIA GeForce RTX 5060, 591.86, P8, 29, 0, 543, 8151, 8.26, 145.00, 210, 405, 1, 8
2026-09-02T14:20:15.6702403+07:00,2026/09/02 14:20:15.701, NVIDIA GeForce RTX 5060, 591.86, P8, 29, 0, 543, 8151, 8.18, 145.00, 210, 405, 1, 8
2026-09-02T14:20:20.7196602+07:00,2026/09/02 14:20:20.750, NVIDIA GeForce RTX 5060, 591.86, P8, 29, 0, 543, 8151, 8.22, 145.00, 210, 405, 1, 8
2026-09-02T14:20:25.8451889+07:00,2026/09/02 14:20:25.876, NVIDIA GeForce RTX 5060, 591.86, P8, 29, 0, 543, 8151, 8.23, 145.00, 210, 405, 1, 8
2026-09-02T14:20:30.9215835+07:00,2026/09/02 14:20:30.952, NVIDIA GeForce RTX 5060, 591.86, P8, 29, 0, 543, 8151, 8.23, 145.00, 210, 405, 1, 8
2026-09-02T14:20:35.9719558+07:00,2026/09/02 14:20:36.002, NVIDIA GeForce RTX 5060, 591.86, P8, 29, 0, 543, 8151, 8.16, 145.00, 210, 405, 1, 8
2026-09-02T14:20:41.0226066+07:00,2026/09/02 14:20:41.053, NVIDIA GeForce RTX 5060, 591.86, P8, 29, 0, 543, 8151, 8.25, 145.00, 210, 405, 1, 8
2026-09-02T14:20:46.0723031+07:00,2026/09/02 14:20:46.103, NVIDIA GeForce RTX 5060, 591.86, P8, 29, 0, 543, 8151, 8.38, 145.00, 210, 405, 1, 8
2026-09-02T14:20:51.1201089+07:00,2026/09/02 14:20:51.166, NVIDIA GeForce RTX 5060, 591.86, P8, 29, 0, 543, 8151, 8.12, 145.00, 210, 405, 1, 8
2026-09-02T14:20:56.2500947+07:00,2026/09/02 14:20:56.281, NVIDIA GeForce RTX 5060, 591.86, P8, 29, 0, 543, 8151, 8.18, 145.00, 210, 405, 1, 8
2026-09-02T14:21:01.3000279+07:00,2026/09/02 14:21:01.331, NVIDIA GeForce RTX 5060, 591.86, P8, 29, 0, 543, 8151, 8.32, 145.00, 247, 405, 1, 8
2026-09-02T14:21:06.3500433+07:00,2026/09/02 14:21:06.396, NVIDIA GeForce RTX 5060, 591.86, P8, 29, 0, 543, 8151, 8.07, 145.00, 210, 405, 1, 8
2026-09-02T14:21:11.4243372+07:00,2026/09/02 14:21:11.455, NVIDIA GeForce RTX 5060, 591.86, P8, 29, 0, 543, 8151, 8.42, 145.00, 210, 405, 1, 8
2026-09-02T14:21:16.4762263+07:00,2026/09/02 14:21:16.522, NVIDIA GeForce RTX 5060, 591.86, P8, 29, 0, 543, 8151, 8.27, 145.00, 210, 405, 1, 8
2026-09-02T14:21:21.5434916+07:00,2026/09/02 14:21:21.574, NVIDIA GeForce RTX 5060, 591.86, P8, 29, 0, 543, 8151, 8.24, 145.00, 210, 405, 1, 8
2026-09-02T14:21:26.6546566+07:00,2026/09/02 14:21:26.685, NVIDIA GeForce RTX 5060, 591.86, P8, 29, 0, 543, 8151, 8.14, 145.00, 210, 405, 1, 8
2026-09-02T14:21:31.7011545+07:00,2026/09/02 14:21:31.732, NVIDIA GeForce RTX 5060, 591.86, P8, 29, 0, 543, 8151, 8.22, 145.00, 210, 405, 1, 8
2026-09-02T14:21:36.7527943+07:00,2026/09/02 14:21:36.783, NVIDIA GeForce RTX 5060, 591.86, P8, 29, 0, 543, 8151, 8.18, 145.00, 210, 405, 1, 8
2026-09-02T14:21:41.8032841+07:00,2026/09/02 14:21:41.834, NVIDIA GeForce RTX 5060, 591.86, P8, 29, 0, 543, 8151, 7.98, 145.00, 210, 405, 1, 8
2026-09-02T14:21:46.8536170+07:00,2026/09/02 14:21:46.884, NVIDIA GeForce RTX 5060, 591.86, P8, 29, 0, 543, 8151, 8.13, 145.00, 210, 405, 1, 8
2026-09-02T14:21:51.9167979+07:00,2026/09/02 14:21:51.947, NVIDIA GeForce RTX 5060, 591.86, P8, 29, 0, 543, 8151, 8.32, 145.00, 210, 405, 1, 8
2026-09-02T14:21:57.0306683+07:00,2026/09/02 14:21:57.061, NVIDIA GeForce RTX 5060, 591.86, P8, 29, 0, 543, 8151, 8.13, 145.00, 210, 405, 1, 8
2026-09-02T14:22:02.0824554+07:00,2026/09/02 14:22:02.113, NVIDIA GeForce RTX 5060, 591.86, P8, 29, 0, 543, 8151, 8.62, 145.00, 210, 405, 1, 8
2026-09-02T14:22:07.1313490+07:00,2026/09/02 14:22:07.162, NVIDIA GeForce RTX 5060, 591.86, P8, 29, 0, 543, 8151, 8.11, 145.00, 210, 405, 1, 8
2026-09-02T14:22:12.1810463+07:00,2026/09/02 14:22:12.212, NVIDIA GeForce RTX 5060, 591.86, P8, 29, 0, 543, 8151, 7.99, 145.00, 210, 405, 1, 8
2026-09-02T14:22:17.2330232+07:00,2026/09/02 14:22:17.279, NVIDIA GeForce RTX 5060, 591.86, P8, 29, 0, 543, 8151, 8.11, 145.00, 210, 405, 1, 8
2026-09-02T14:22:22.2993277+07:00,2026/09/02 14:22:22.330, NVIDIA GeForce RTX 5060, 591.86, P8, 29, 0, 543, 8151, 8.12, 145.00, 210, 405, 1, 8
2026-09-02T14:22:27.4214570+07:00,2026/09/02 14:22:27.452, NVIDIA GeForce RTX 5060, 591.86, P8, 29, 0, 543, 8151, 8.31, 145.00, 210, 405, 1, 8
2026-09-02T14:22:32.4720610+07:00,2026/09/02 14:22:32.518, NVIDIA GeForce RTX 5060, 591.86, P8, 29, 0, 543, 8151, 8.08, 145.00, 210, 405, 1, 8
2026-09-02T14:22:37.5383583+07:00,2026/09/02 14:22:37.584, NVIDIA GeForce RTX 5060, 591.86, P8, 29, 0, 543, 8151, 8.03, 145.00, 210, 405, 1, 8
2026-09-02T14:22:42.6044060+07:00,2026/09/02 14:22:42.635, NVIDIA GeForce RTX 5060, 591.86, P8, 29, 0, 543, 8151, 7.97, 145.00, 210, 405, 1, 8
2026-09-02T14:22:47.6654814+07:00,2026/09/02 14:22:47.696, NVIDIA GeForce RTX 5060, 591.86, P8, 29, 0, 543, 8151, 8.04, 145.00, 210, 405, 1, 8
2026-09-02T14:22:52.7158443+07:00,2026/09/02 14:22:52.746, NVIDIA GeForce RTX 5060, 591.86, P8, 29, 0, 543, 8151, 8.01, 145.00, 210, 405, 1, 8
2026-09-02T14:22:57.8305124+07:00,2026/09/02 14:22:57.861, NVIDIA GeForce RTX 5060, 591.86, P8, 30, 0, 543, 8151, 8.30, 145.00, 210, 405, 1, 8
2026-09-02T14:23:02.8809768+07:00,2026/09/02 14:23:02.911, NVIDIA GeForce RTX 5060, 591.86, P8, 30, 0, 543, 8151, 8.60, 145.00, 210, 405, 1, 8
2026-09-02T14:23:07.9252157+07:00,2026/09/02 14:23:07.956, NVIDIA GeForce RTX 5060, 591.86, P8, 30, 0, 543, 8151, 8.22, 145.00, 210, 405, 1, 8
2026-09-02T14:23:12.9760312+07:00,2026/09/02 14:23:13.007, NVIDIA GeForce RTX 5060, 591.86, P8, 30, 0, 543, 8151, 8.12, 145.00, 202, 405, 1, 8
2026-09-02T14:23:18.0265828+07:00,2026/09/02 14:23:18.057, NVIDIA GeForce RTX 5060, 591.86, P8, 30, 0, 543, 8151, 8.44, 145.00, 210, 405, 1, 8
2026-09-02T14:23:23.0783737+07:00,2026/09/02 14:23:23.109, NVIDIA GeForce RTX 5060, 591.86, P8, 30, 0, 543, 8151, 8.09, 145.00, 210, 405, 1, 8
2026-09-02T14:23:28.1966171+07:00,2026/09/02 14:23:28.227, NVIDIA GeForce RTX 5060, 591.86, P8, 30, 0, 543, 8151, 8.13, 145.00, 210, 405, 1, 8
2026-09-02T14:23:33.2485135+07:00,2026/09/02 14:23:33.279, NVIDIA GeForce RTX 5060, 591.86, P8, 30, 0, 543, 8151, 8.05, 145.00, 210, 405, 1, 8
2026-09-02T14:23:38.3001770+07:00,2026/09/02 14:23:38.331, NVIDIA GeForce RTX 5060, 591.86, P8, 30, 0, 543, 8151, 8.25, 145.00, 210, 405, 1, 8
2026-09-02T14:23:43.3507308+07:00,2026/09/02 14:23:43.397, NVIDIA GeForce RTX 5060, 591.86, P8, 30, 0, 543, 8151, 8.13, 145.00, 210, 405, 1, 8
2026-09-02T14:23:48.4268912+07:00,2026/09/02 14:23:48.457, NVIDIA GeForce RTX 5060, 591.86, P8, 30, 0, 543, 8151, 8.15, 145.00, 210, 405, 1, 8
2026-09-02T14:23:53.4767403+07:00,2026/09/02 14:23:53.507, NVIDIA GeForce RTX 5060, 591.86, P8, 30, 0, 543, 8151, 8.16, 145.00, 210, 405, 1, 8
2026-09-02T14:23:58.5900907+07:00,2026/09/02 14:23:58.636, NVIDIA GeForce RTX 5060, 591.86, P8, 30, 0, 543, 8151, 8.16, 145.00, 210, 405, 1, 8
2026-09-02T14:24:03.6533499+07:00,2026/09/02 14:24:03.684, NVIDIA GeForce RTX 5060, 591.86, P8, 30, 0, 543, 8151, 8.72, 145.00, 210, 405, 1, 8
2026-09-02T14:24:08.6982713+07:00,2026/09/02 14:24:08.729, NVIDIA GeForce RTX 5060, 591.86, P8, 30, 0, 543, 8151, 8.08, 145.00, 210, 405, 1, 8
2026-09-02T14:24:13.7641636+07:00,2026/09/02 14:24:13.795, NVIDIA GeForce RTX 5060, 591.86, P8, 30, 0, 543, 8151, 8.46, 145.00, 210, 405, 1, 8
2026-09-02T14:24:18.8168320+07:00,2026/09/02 14:24:18.847, NVIDIA GeForce RTX 5060, 591.86, P8, 30, 0, 543, 8151, 8.64, 145.00, 210, 405, 1, 8
2026-09-02T14:24:23.8789826+07:00,2026/09/02 14:24:23.924, NVIDIA GeForce RTX 5060, 591.86, P8, 30, 0, 543, 8151, 8.20, 145.00, 210, 405, 1, 8
2026-09-02T14:24:28.9819936+07:00,2026/09/02 14:24:29.012, NVIDIA GeForce RTX 5060, 591.86, P8, 30, 0, 543, 8151, 8.15, 145.00, 210, 405, 1, 8
2026-09-02T14:24:34.0306395+07:00,2026/09/02 14:24:34.061, NVIDIA GeForce RTX 5060, 591.86, P8, 30, 0, 543, 8151, 8.07, 145.00, 210, 405, 1, 8
2026-09-02T14:24:39.0836087+07:00,2026/09/02 14:24:39.114, NVIDIA GeForce RTX 5060, 591.86, P8, 30, 0, 543, 8151, 8.19, 145.00, 210, 405, 1, 8
2026-09-02T14:24:44.1327642+07:00,2026/09/02 14:24:44.163, NVIDIA GeForce RTX 5060, 591.86, P8, 30, 0, 543, 8151, 8.30, 145.00, 210, 405, 1, 8
2026-09-02T14:24:49.1814746+07:00,2026/09/02 14:24:49.212, NVIDIA GeForce RTX 5060, 591.86, P8, 30, 0, 543, 8151, 8.23, 145.00, 210, 405, 1, 8
2026-09-02T14:24:54.2321939+07:00,2026/09/02 14:24:54.263, NVIDIA GeForce RTX 5060, 591.86, P8, 30, 0, 543, 8151, 8.38, 145.00, 210, 405, 1, 8
2026-09-02T14:24:59.3468703+07:00,2026/09/02 14:24:59.393, NVIDIA GeForce RTX 5060, 591.86, P8, 30, 0, 543, 8151, 8.08, 145.00, 210, 405, 1, 8
2026-09-02T14:25:04.4230382+07:00,2026/09/02 14:25:04.454, NVIDIA GeForce RTX 5060, 591.86, P8, 30, 0, 543, 8151, 8.70, 145.00, 210, 405, 1, 8
2026-09-02T14:25:09.4712273+07:00,2026/09/02 14:25:09.502, NVIDIA GeForce RTX 5060, 591.86, P8, 30, 0, 543, 8151, 8.26, 145.00, 210, 405, 1, 8
2026-09-02T14:25:14.5219858+07:00,2026/09/02 14:25:14.552, NVIDIA GeForce RTX 5060, 591.86, P8, 30, 0, 543, 8151, 8.19, 145.00, 210, 405, 1, 8
2026-09-02T14:25:19.5734119+07:00,2026/09/02 14:25:19.604, NVIDIA GeForce RTX 5060, 591.86, P8, 30, 0, 543, 8151, 8.52, 145.00, 202, 405, 1, 8
2026-09-02T14:25:24.6342754+07:00,2026/09/02 14:25:24.665, NVIDIA GeForce RTX 5060, 591.86, P8, 30, 0, 543, 8151, 8.35, 145.00, 210, 405, 1, 8
2026-09-02T14:25:29.7477031+07:00,2026/09/02 14:25:29.778, NVIDIA GeForce RTX 5060, 591.86, P8, 30, 0, 543, 8151, 8.23, 145.00, 210, 405, 1, 8
2026-09-02T14:25:34.7981093+07:00,2026/09/02 14:25:34.829, NVIDIA GeForce RTX 5060, 591.86, P8, 30, 0, 543, 8151, 8.22, 145.00, 210, 405, 1, 8
2026-09-02T14:25:39.8495600+07:00,2026/09/02 14:25:39.880, NVIDIA GeForce RTX 5060, 591.86, P8, 30, 0, 543, 8151, 8.24, 145.00, 210, 405, 1, 8
2026-09-02T14:25:44.9113347+07:00,2026/09/02 14:25:44.942, NVIDIA GeForce RTX 5060, 591.86, P8, 30, 0, 543, 8151, 8.13, 145.00, 210, 405, 1, 8
2026-09-02T14:25:49.9605266+07:00,2026/09/02 14:25:50.006, NVIDIA GeForce RTX 5060, 591.86, P8, 30, 0, 543, 8151, 8.07, 145.00, 210, 405, 1, 8
2026-09-02T14:25:55.0267519+07:00,2026/09/02 14:25:55.057, NVIDIA GeForce RTX 5060, 591.86, P8, 30, 0, 543, 8151, 8.12, 145.00, 210, 405, 1, 8
2026-09-02T14:26:00.1403464+07:00,2026/09/02 14:26:00.171, NVIDIA GeForce RTX 5060, 591.86, P8, 30, 0, 543, 8151, 8.03, 145.00, 210, 405, 1, 8
2026-09-02T14:26:05.2009130+07:00,2026/09/02 14:26:05.231, NVIDIA GeForce RTX 5060, 591.86, P8, 30, 0, 543, 8151, 8.58, 145.00, 210, 405, 1, 8
2026-09-02T14:26:10.2513893+07:00,2026/09/02 14:26:10.282, NVIDIA GeForce RTX 5060, 591.86, P8, 30, 0, 543, 8151, 8.19, 145.00, 210, 405, 1, 8
2026-09-02T14:26:15.3025284+07:00,2026/09/02 14:26:15.333, NVIDIA GeForce RTX 5060, 591.86, P8, 30, 0, 543, 8151, 8.04, 145.00, 210, 405, 1, 8
2026-09-02T14:26:20.3533937+07:00,2026/09/02 14:26:20.384, NVIDIA GeForce RTX 5060, 591.86, P8, 30, 0, 543, 8151, 8.31, 145.00, 210, 405, 1, 8
2026-09-02T14:26:25.4088795+07:00,2026/09/02 14:26:25.439, NVIDIA GeForce RTX 5060, 591.86, P8, 30, 0, 543, 8151, 8.24, 145.00, 210, 405, 1, 8
2026-09-02T14:26:30.5208898+07:00,2026/09/02 14:26:30.551, NVIDIA GeForce RTX 5060, 591.86, P8, 30, 0, 543, 8151, 8.25, 145.00, 210, 405, 1, 8
2026-09-02T14:26:35.5713739+07:00,2026/09/02 14:26:35.602, NVIDIA GeForce RTX 5060, 591.86, P8, 30, 0, 543, 8151, 8.17, 145.00, 210, 405, 1, 8
2026-09-02T14:26:40.6228039+07:00,2026/09/02 14:26:40.653, NVIDIA GeForce RTX 5060, 591.86, P8, 30, 0, 543, 8151, 8.23, 145.00, 210, 405, 1, 8
2026-09-02T14:26:45.6833109+07:00,2026/09/02 14:26:45.714, NVIDIA GeForce RTX 5060, 591.86, P8, 30, 0, 543, 8151, 8.35, 145.00, 210, 405, 1, 8
2026-09-02T14:26:50.7333011+07:00,2026/09/02 14:26:50.764, NVIDIA GeForce RTX 5060, 591.86, P8, 30, 0, 543, 8151, 8.49, 145.00, 210, 405, 1, 8
2026-09-02T14:26:55.7854486+07:00,2026/09/02 14:26:55.831, NVIDIA GeForce RTX 5060, 591.86, P8, 30, 0, 543, 8151, 8.27, 145.00, 210, 405, 1, 8
2026-09-02T14:27:00.9131998+07:00,2026/09/02 14:27:00.943, NVIDIA GeForce RTX 5060, 591.86, P8, 30, 0, 543, 8151, 8.17, 145.00, 210, 405, 1, 8
2026-09-02T14:27:05.9688511+07:00,2026/09/02 14:27:05.999, NVIDIA GeForce RTX 5060, 591.86, P8, 30, 0, 543, 8151, 8.21, 145.00, 210, 405, 1, 8
2026-09-02T14:27:11.0200916+07:00,2026/09/02 14:27:11.051, NVIDIA GeForce RTX 5060, 591.86, P8, 30, 0, 543, 8151, 8.15, 145.00, 210, 405, 1, 8
2026-09-02T14:27:16.0713959+07:00,2026/09/02 14:27:16.102, NVIDIA GeForce RTX 5060, 591.86, P8, 30, 0, 543, 8151, 8.01, 145.00, 210, 405, 1, 8
2026-09-02T14:27:21.1223607+07:00,2026/09/02 14:27:21.168, NVIDIA GeForce RTX 5060, 591.86, P8, 30, 0, 543, 8151, 8.22, 145.00, 210, 405, 1, 8
2026-09-02T14:27:26.1987279+07:00,2026/09/02 14:27:26.229, NVIDIA GeForce RTX 5060, 591.86, P8, 30, 0, 543, 8151, 8.19, 145.00, 210, 405, 1, 8
2026-09-02T14:27:31.3126083+07:00,2026/09/02 14:27:31.343, NVIDIA GeForce RTX 5060, 591.86, P8, 30, 0, 543, 8151, 8.19, 145.00, 210, 405, 1, 8
2026-09-02T14:27:36.3637913+07:00,2026/09/02 14:27:36.394, NVIDIA GeForce RTX 5060, 591.86, P8, 30, 0, 543, 8151, 8.05, 145.00, 210, 405, 1, 8
2026-09-02T14:27:41.4143973+07:00,2026/09/02 14:27:41.445, NVIDIA GeForce RTX 5060, 591.86, P8, 30, 0, 543, 8151, 8.09, 145.00, 210, 405, 1, 8
2026-09-02T14:27:46.4601394+07:00,2026/09/02 14:27:46.491, NVIDIA GeForce RTX 5060, 591.86, P8, 30, 0, 543, 8151, 8.13, 145.00, 210, 405, 1, 8
2026-09-02T14:27:51.5139610+07:00,2026/09/02 14:27:51.544, NVIDIA GeForce RTX 5060, 591.86, P8, 30, 0, 543, 8151, 8.16, 145.00, 202, 405, 1, 8
2026-09-02T14:27:56.5655851+07:00,2026/09/02 14:27:56.612, NVIDIA GeForce RTX 5060, 591.86, P8, 30, 0, 543, 8151, 8.01, 145.00, 210, 405, 1, 8
2026-09-02T14:28:01.6927826+07:00,2026/09/02 14:28:01.723, NVIDIA GeForce RTX 5060, 591.86, P8, 30, 0, 543, 8151, 8.38, 145.00, 210, 405, 1, 8
2026-09-02T14:28:06.7418668+07:00,2026/09/02 14:28:06.772, NVIDIA GeForce RTX 5060, 591.86, P8, 30, 0, 543, 8151, 8.14, 145.00, 210, 405, 1, 8
2026-09-02T14:28:11.7932568+07:00,2026/09/02 14:28:11.824, NVIDIA GeForce RTX 5060, 591.86, P8, 30, 0, 543, 8151, 8.21, 145.00, 210, 405, 1, 8
2026-09-02T14:28:16.8452021+07:00,2026/09/02 14:28:16.876, NVIDIA GeForce RTX 5060, 591.86, P8, 30, 0, 543, 8151, 8.11, 145.00, 210, 405, 1, 8
2026-09-02T14:28:21.9063770+07:00,2026/09/02 14:28:21.937, NVIDIA GeForce RTX 5060, 591.86, P8, 30, 0, 543, 8151, 8.28, 145.00, 210, 405, 1, 8
2026-09-02T14:28:26.9560370+07:00,2026/09/02 14:28:26.986, NVIDIA GeForce RTX 5060, 591.86, P8, 30, 0, 543, 8151, 8.07, 145.00, 210, 405, 1, 8
2026-09-02T14:28:32.0682509+07:00,2026/09/02 14:28:32.099, NVIDIA GeForce RTX 5060, 591.86, P8, 30, 0, 543, 8151, 8.07, 145.00, 210, 405, 1, 8
2026-09-02T14:28:37.1349682+07:00,2026/09/02 14:28:37.165, NVIDIA GeForce RTX 5060, 591.86, P8, 30, 0, 543, 8151, 8.20, 145.00, 210, 405, 1, 8
2026-09-02T14:28:42.1977549+07:00,2026/09/02 14:28:42.228, NVIDIA GeForce RTX 5060, 591.86, P8, 30, 0, 543, 8151, 8.16, 145.00, 210, 405, 1, 8
2026-09-02T14:28:47.2481647+07:00,2026/09/02 14:28:47.279, NVIDIA GeForce RTX 5060, 591.86, P8, 30, 0, 543, 8151, 8.18, 145.00, 210, 405, 1, 8
2026-09-02T14:28:52.2992324+07:00,2026/09/02 14:28:52.330, NVIDIA GeForce RTX 5060, 591.86, P8, 30, 0, 543, 8151, 8.32, 145.00, 210, 405, 1, 8
2026-09-02T14:28:57.3510799+07:00,2026/09/02 14:28:57.382, NVIDIA GeForce RTX 5060, 591.86, P8, 30, 0, 543, 8151, 8.48, 145.00, 210, 405, 1, 8
2026-09-02T14:29:02.4730341+07:00,2026/09/02 14:29:02.504, NVIDIA GeForce RTX 5060, 591.86, P8, 30, 0, 543, 8151, 8.89, 145.00, 210, 405, 1, 8
2026-09-02T14:29:07.5244980+07:00,2026/09/02 14:29:07.555, NVIDIA GeForce RTX 5060, 591.86, P8, 30, 0, 543, 8151, 8.13, 145.00, 210, 405, 1, 8
2026-09-02T14:29:12.5756179+07:00,2026/09/02 14:29:12.606, NVIDIA GeForce RTX 5060, 591.86, P8, 30, 0, 543, 8151, 8.11, 145.00, 210, 405, 1, 8
2026-09-02T14:29:17.6258995+07:00,2026/09/02 14:29:17.656, NVIDIA GeForce RTX 5060, 591.86, P8, 30, 0, 543, 8151, 8.31, 145.00, 210, 405, 1, 8
2026-09-02T14:29:22.6733138+07:00,2026/09/02 14:29:22.704, NVIDIA GeForce RTX 5060, 591.86, P8, 30, 0, 543, 8151, 8.13, 145.00, 210, 405, 1, 8
2026-09-02T14:29:27.7250352+07:00,2026/09/02 14:29:27.756, NVIDIA GeForce RTX 5060, 591.86, P8, 30, 0, 543, 8151, 8.18, 145.00, 210, 405, 1, 8
2026-09-02T14:29:32.8391020+07:00,2026/09/02 14:29:32.870, NVIDIA GeForce RTX 5060, 591.86, P8, 30, 0, 543, 8151, 8.11, 145.00, 210, 405, 1, 8
2026-09-02T14:29:37.8882682+07:00,2026/09/02 14:29:37.919, NVIDIA GeForce RTX 5060, 591.86, P8, 30, 0, 543, 8151, 8.26, 145.00, 210, 405, 1, 8
2026-09-02T14:29:42.9373935+07:00,2026/09/02 14:29:42.968, NVIDIA GeForce RTX 5060, 591.86, P8, 30, 0, 543, 8151, 8.11, 145.00, 210, 405, 1, 8
2026-09-02T14:29:47.9875971+07:00,2026/09/02 14:29:48.018, NVIDIA GeForce RTX 5060, 591.86, P8, 30, 0, 543, 8151, 8.29, 145.00, 210, 405, 1, 8
2026-09-02T14:29:53.0378730+07:00,2026/09/02 14:29:53.068, NVIDIA GeForce RTX 5060, 591.86, P8, 30, 0, 543, 8151, 8.24, 145.00, 202, 405, 1, 8
2026-09-02T14:29:58.0853264+07:00,2026/09/02 14:29:58.116, NVIDIA GeForce RTX 5060, 591.86, P8, 30, 0, 543, 8151, 8.39, 145.00, 202, 405, 1, 8
2026-09-02T14:30:03.1977350+07:00,2026/09/02 14:30:03.228, NVIDIA GeForce RTX 5060, 591.86, P8, 30, 0, 543, 8151, 8.74, 145.00, 210, 405, 1, 8
2026-09-02T14:30:08.2485868+07:00,2026/09/02 14:30:08.295, NVIDIA GeForce RTX 5060, 591.86, P8, 30, 0, 543, 8151, 8.28, 145.00, 210, 405, 1, 8
2026-09-02T14:30:13.3150385+07:00,2026/09/02 14:30:13.346, NVIDIA GeForce RTX 5060, 591.86, P8, 30, 0, 543, 8151, 8.36, 145.00, 210, 405, 1, 8
2026-09-02T14:30:18.3625941+07:00,2026/09/02 14:30:18.393, NVIDIA GeForce RTX 5060, 591.86, P8, 30, 0, 543, 8151, 8.94, 145.00, 210, 405, 1, 8
2026-09-02T14:30:23.4125007+07:00,2026/09/02 14:30:23.443, NVIDIA GeForce RTX 5060, 591.86, P8, 30, 0, 543, 8151, 8.21, 145.00, 210, 405, 1, 8
2026-09-02T14:30:28.4621602+07:00,2026/09/02 14:30:28.508, NVIDIA GeForce RTX 5060, 591.86, P8, 30, 0, 543, 8151, 8.23, 145.00, 210, 405, 1, 8
2026-09-02T14:30:33.5902095+07:00,2026/09/02 14:30:33.621, NVIDIA GeForce RTX 5060, 591.86, P8, 30, 0, 543, 8151, 8.09, 145.00, 210, 405, 1, 8
2026-09-02T14:30:38.6498571+07:00,2026/09/02 14:30:38.696, NVIDIA GeForce RTX 5060, 591.86, P8, 30, 0, 543, 8151, 8.36, 145.00, 210, 405, 1, 8
2026-09-02T14:30:43.7144404+07:00,2026/09/02 14:30:43.760, NVIDIA GeForce RTX 5060, 591.86, P8, 30, 0, 543, 8151, 8.14, 145.00, 210, 405, 1, 8
2026-09-02T14:30:48.7798112+07:00,2026/09/02 14:30:48.810, NVIDIA GeForce RTX 5060, 591.86, P8, 30, 0, 543, 8151, 8.18, 145.00, 210, 405, 1, 8
2026-09-02T14:30:53.8305240+07:00,2026/09/02 14:30:53.861, NVIDIA GeForce RTX 5060, 591.86, P8, 30, 0, 543, 8151, 8.43, 145.00, 210, 405, 1, 8
2026-09-02T14:30:58.8931882+07:00,2026/09/02 14:30:58.939, NVIDIA GeForce RTX 5060, 591.86, P8, 30, 0, 543, 8151, 8.04, 145.00, 210, 405, 1, 8
2026-09-02T14:31:04.0207593+07:00,2026/09/02 14:31:04.067, NVIDIA GeForce RTX 5060, 591.86, P8, 30, 0, 543, 8151, 8.57, 145.00, 210, 405, 1, 8
2026-09-02T14:31:09.0874406+07:00,2026/09/02 14:31:09.118, NVIDIA GeForce RTX 5060, 591.86, P8, 30, 0, 543, 8151, 8.36, 145.00, 210, 405, 1, 8
2026-09-02T14:31:14.1381188+07:00,2026/09/02 14:31:14.169, NVIDIA GeForce RTX 5060, 591.86, P8, 30, 0, 543, 8151, 8.16, 145.00, 210, 405, 1, 8
2026-09-02T14:31:19.1880921+07:00,2026/09/02 14:31:19.219, NVIDIA GeForce RTX 5060, 591.86, P8, 30, 0, 543, 8151, 8.79, 145.00, 210, 405, 1, 8
2026-09-02T14:31:24.2374498+07:00,2026/09/02 14:31:24.268, NVIDIA GeForce RTX 5060, 591.86, P8, 30, 0, 543, 8151, 8.17, 145.00, 210, 405, 1, 8
2026-09-02T14:31:29.2873850+07:00,2026/09/02 14:31:29.318, NVIDIA GeForce RTX 5060, 591.86, P8, 30, 0, 543, 8151, 8.15, 145.00, 202, 405, 1, 8
2026-09-02T14:31:34.3990785+07:00,2026/09/02 14:31:34.430, NVIDIA GeForce RTX 5060, 591.86, P8, 30, 0, 543, 8151, 8.09, 145.00, 210, 405, 1, 8
2026-09-02T14:31:39.4483854+07:00,2026/09/02 14:31:39.479, NVIDIA GeForce RTX 5060, 591.86, P8, 30, 0, 543, 8151, 8.02, 145.00, 210, 405, 1, 8
2026-09-02T14:31:44.4986662+07:00,2026/09/02 14:31:44.529, NVIDIA GeForce RTX 5060, 591.86, P8, 30, 0, 543, 8151, 8.16, 145.00, 210, 405, 1, 8
2026-09-02T14:31:49.5501106+07:00,2026/09/02 14:31:49.581, NVIDIA GeForce RTX 5060, 591.86, P8, 30, 0, 543, 8151, 8.13, 145.00, 210, 405, 1, 8
2026-09-02T14:31:54.5993928+07:00,2026/09/02 14:31:54.629, NVIDIA GeForce RTX 5060, 591.86, P8, 30, 0, 543, 8151, 8.26, 145.00, 210, 405, 1, 8
2026-09-02T14:31:59.6496036+07:00,2026/09/02 14:31:59.680, NVIDIA GeForce RTX 5060, 591.86, P8, 30, 0, 543, 8151, 8.33, 145.00, 210, 405, 1, 8
2026-09-02T14:32:04.7619912+07:00,2026/09/02 14:32:04.792, NVIDIA GeForce RTX 5060, 591.86, P8, 30, 0, 543, 8151, 8.61, 145.00, 210, 405, 1, 8
2026-09-02T14:32:09.8136917+07:00,2026/09/02 14:32:09.844, NVIDIA GeForce RTX 5060, 591.86, P8, 30, 0, 543, 8151, 8.31, 145.00, 210, 405, 1, 8
2026-09-02T14:32:14.8612482+07:00,2026/09/02 14:32:14.892, NVIDIA GeForce RTX 5060, 591.86, P8, 30, 0, 543, 8151, 8.36, 145.00, 210, 405, 1, 8
2026-09-02T14:32:19.9116879+07:00,2026/09/02 14:32:19.942, NVIDIA GeForce RTX 5060, 591.86, P8, 30, 0, 543, 8151, 8.82, 145.00, 210, 405, 1, 8
2026-09-02T14:32:24.9636022+07:00,2026/09/02 14:32:25.010, NVIDIA GeForce RTX 5060, 591.86, P8, 30, 0, 543, 8151, 8.19, 145.00, 210, 405, 1, 8
2026-09-02T14:32:30.0311458+07:00,2026/09/02 14:32:30.062, NVIDIA GeForce RTX 5060, 591.86, P8, 30, 0, 543, 8151, 8.30, 145.00, 210, 405, 1, 8
2026-09-02T14:32:35.1393383+07:00,2026/09/02 14:32:35.170, NVIDIA GeForce RTX 5060, 591.86, P8, 30, 0, 543, 8151, 8.16, 145.00, 210, 405, 1, 8
2026-09-02T14:32:40.1908196+07:00,2026/09/02 14:32:40.237, NVIDIA GeForce RTX 5060, 591.86, P8, 30, 0, 543, 8151, 8.11, 145.00, 210, 405, 1, 8
2026-09-02T14:32:45.2577005+07:00,2026/09/02 14:32:45.288, NVIDIA GeForce RTX 5060, 591.86, P8, 30, 0, 543, 8151, 8.10, 145.00, 210, 405, 1, 8
2026-09-02T14:32:50.3086189+07:00,2026/09/02 14:32:50.339, NVIDIA GeForce RTX 5060, 591.86, P8, 30, 0, 543, 8151, 8.26, 145.00, 210, 405, 1, 8
2026-09-02T14:32:55.3660855+07:00,2026/09/02 14:32:55.397, NVIDIA GeForce RTX 5060, 591.86, P8, 30, 0, 543, 8151, 8.37, 145.00, 210, 405, 1, 8
2026-09-02T14:33:00.4161584+07:00,2026/09/02 14:33:00.447, NVIDIA GeForce RTX 5060, 591.86, P8, 30, 0, 543, 8151, 8.44, 145.00, 210, 405, 1, 8
2026-09-02T14:33:05.5448500+07:00,2026/09/02 14:33:05.575, NVIDIA GeForce RTX 5060, 591.86, P8, 31, 0, 543, 8151, 8.22, 145.00, 210, 405, 1, 8
2026-09-02T14:33:10.5961180+07:00,2026/09/02 14:33:10.627, NVIDIA GeForce RTX 5060, 591.86, P8, 30, 0, 543, 8151, 8.31, 145.00, 210, 405, 1, 8
2026-09-02T14:33:15.6442475+07:00,2026/09/02 14:33:15.675, NVIDIA GeForce RTX 5060, 591.86, P8, 30, 0, 543, 8151, 8.32, 145.00, 210, 405, 1, 8
2026-09-02T14:33:20.6952188+07:00,2026/09/02 14:33:20.726, NVIDIA GeForce RTX 5060, 591.86, P8, 30, 0, 543, 8151, 8.27, 145.00, 210, 405, 1, 8
2026-09-02T14:33:25.7452076+07:00,2026/09/02 14:33:25.791, NVIDIA GeForce RTX 5060, 591.86, P8, 30, 0, 543, 8151, 8.34, 145.00, 210, 405, 1, 8
2026-09-02T14:33:30.8112766+07:00,2026/09/02 14:33:30.857, NVIDIA GeForce RTX 5060, 591.86, P8, 30, 0, 543, 8151, 8.41, 145.00, 202, 405, 1, 8
2026-09-02T14:33:35.9495477+07:00,2026/09/02 14:33:35.980, NVIDIA GeForce RTX 5060, 591.86, P8, 31, 0, 543, 8151, 8.30, 145.00, 210, 405, 1, 8
2026-09-02T14:33:41.0007149+07:00,2026/09/02 14:33:41.031, NVIDIA GeForce RTX 5060, 591.86, P8, 31, 0, 543, 8151, 8.31, 145.00, 210, 405, 1, 8
2026-09-02T14:33:46.0526634+07:00,2026/09/02 14:33:46.099, NVIDIA GeForce RTX 5060, 591.86, P8, 30, 0, 543, 8151, 8.26, 145.00, 210, 405, 1, 8
2026-09-02T14:33:51.1195807+07:00,2026/09/02 14:33:51.150, NVIDIA GeForce RTX 5060, 591.86, P8, 31, 0, 543, 8151, 8.38, 145.00, 210, 405, 1, 8
2026-09-02T14:33:56.1656205+07:00,2026/09/02 14:33:56.196, NVIDIA GeForce RTX 5060, 591.86, P8, 31, 0, 543, 8151, 8.26, 145.00, 210, 405, 1, 8
2026-09-02T14:34:01.2137570+07:00,2026/09/02 14:34:01.244, NVIDIA GeForce RTX 5060, 591.86, P8, 31, 0, 543, 8151, 8.68, 145.00, 247, 405, 1, 8
2026-09-02T14:34:06.3278540+07:00,2026/09/02 14:34:06.358, NVIDIA GeForce RTX 5060, 591.86, P8, 30, 0, 543, 8151, 8.42, 145.00, 210, 405, 1, 8
2026-09-02T14:34:11.3777234+07:00,2026/09/02 14:34:11.408, NVIDIA GeForce RTX 5060, 591.86, P8, 31, 0, 543, 8151, 8.45, 145.00, 210, 405, 1, 8
2026-09-02T14:34:16.4262981+07:00,2026/09/02 14:34:16.457, NVIDIA GeForce RTX 5060, 591.86, P8, 31, 0, 543, 8151, 8.43, 145.00, 210, 405, 1, 8
2026-09-02T14:34:21.4767645+07:00,2026/09/02 14:34:21.507, NVIDIA GeForce RTX 5060, 591.86, P8, 31, 0, 543, 8151, 8.44, 145.00, 210, 405, 1, 8
2026-09-02T14:34:26.5274414+07:00,2026/09/02 14:34:26.558, NVIDIA GeForce RTX 5060, 591.86, P8, 31, 0, 543, 8151, 8.33, 145.00, 210, 405, 1, 8
2026-09-02T14:34:31.5770388+07:00,2026/09/02 14:34:31.607, NVIDIA GeForce RTX 5060, 591.86, P8, 31, 0, 543, 8151, 8.38, 145.00, 210, 405, 1, 8
2026-09-02T14:34:36.6966127+07:00,2026/09/02 14:34:36.727, NVIDIA GeForce RTX 5060, 591.86, P8, 31, 0, 543, 8151, 8.40, 145.00, 210, 405, 1, 8
2026-09-02T14:34:41.7487047+07:00,2026/09/02 14:34:41.779, NVIDIA GeForce RTX 5060, 591.86, P8, 31, 0, 543, 8151, 8.22, 145.00, 210, 405, 1, 8
2026-09-02T14:34:46.8000532+07:00,2026/09/02 14:34:46.831, NVIDIA GeForce RTX 5060, 591.86, P8, 31, 0, 543, 8151, 8.27, 145.00, 210, 405, 1, 8
2026-09-02T14:34:51.8516868+07:00,2026/09/02 14:34:51.882, NVIDIA GeForce RTX 5060, 591.86, P8, 31, 0, 543, 8151, 8.31, 145.00, 210, 405, 1, 8
2026-09-02T14:34:56.9140320+07:00,2026/09/02 14:34:56.945, NVIDIA GeForce RTX 5060, 591.86, P8, 31, 0, 543, 8151, 8.33, 145.00, 210, 405, 1, 8
2026-09-02T14:35:01.9642173+07:00,2026/09/02 14:35:01.995, NVIDIA GeForce RTX 5060, 591.86, P8, 31, 0, 543, 8151, 8.54, 145.00, 210, 405, 1, 8
2026-09-02T14:35:07.0791630+07:00,2026/09/02 14:35:07.110, NVIDIA GeForce RTX 5060, 591.86, P8, 31, 0, 543, 8151, 8.30, 145.00, 210, 405, 1, 8
2026-09-02T14:35:12.1289589+07:00,2026/09/02 14:35:12.174, NVIDIA GeForce RTX 5060, 591.86, P8, 31, 0, 543, 8151, 8.16, 145.00, 210, 405, 1, 8
2026-09-02T14:35:17.1996783+07:00,2026/09/02 14:35:17.235, NVIDIA GeForce RTX 5060, 591.86, P8, 31, 0, 543, 8151, 8.31, 145.00, 210, 405, 1, 8
2026-09-02T14:35:22.2552301+07:00,2026/09/02 14:35:22.286, NVIDIA GeForce RTX 5060, 591.86, P8, 31, 0, 543, 8151, 8.30, 145.00, 210, 405, 1, 8
2026-09-02T14:35:27.3061707+07:00,2026/09/02 14:35:27.337, NVIDIA GeForce RTX 5060, 591.86, P8, 31, 0, 543, 8151, 8.24, 145.00, 210, 405, 1, 8
2026-09-02T14:35:32.3663519+07:00,2026/09/02 14:35:32.412, NVIDIA GeForce RTX 5060, 591.86, P8, 31, 0, 543, 8151, 8.39, 145.00, 210, 405, 1, 8
2026-09-02T14:35:37.4801025+07:00,2026/09/02 14:35:37.510, NVIDIA GeForce RTX 5060, 591.86, P8, 31, 0, 543, 8151, 8.20, 145.00, 210, 405, 1, 8
2026-09-02T14:35:42.5308665+07:00,2026/09/02 14:35:42.561, NVIDIA GeForce RTX 5060, 591.86, P8, 31, 0, 543, 8151, 8.25, 145.00, 210, 405, 1, 8
2026-09-02T14:35:47.5814007+07:00,2026/09/02 14:35:47.612, NVIDIA GeForce RTX 5060, 591.86, P8, 31, 0, 543, 8151, 8.43, 145.00, 210, 405, 1, 8
2026-09-02T14:35:52.6416156+07:00,2026/09/02 14:35:52.672, NVIDIA GeForce RTX 5060, 591.86, P8, 31, 0, 543, 8151, 8.39, 145.00, 210, 405, 1, 8
2026-09-02T14:35:57.6921538+07:00,2026/09/02 14:35:57.723, NVIDIA GeForce RTX 5060, 591.86, P8, 31, 0, 543, 8151, 8.38, 145.00, 210, 405, 1, 8
2026-09-02T14:36:02.7434988+07:00,2026/09/02 14:36:02.774, NVIDIA GeForce RTX 5060, 591.86, P8, 31, 0, 543, 8151, 8.67, 145.00, 210, 405, 1, 8
2026-09-02T14:36:07.8573603+07:00,2026/09/02 14:36:07.888, NVIDIA GeForce RTX 5060, 591.86, P8, 31, 0, 543, 8151, 8.17, 145.00, 202, 405, 1, 8
2026-09-02T14:36:12.9044655+07:00,2026/09/02 14:36:12.935, NVIDIA GeForce RTX 5060, 591.86, P8, 31, 0, 543, 8151, 8.34, 145.00, 210, 405, 1, 8
2026-09-02T14:36:17.9551155+07:00,2026/09/02 14:36:17.986, NVIDIA GeForce RTX 5060, 591.86, P8, 31, 0, 543, 8151, 8.48, 145.00, 210, 405, 1, 8
2026-09-02T14:36:23.0062770+07:00,2026/09/02 14:36:23.052, NVIDIA GeForce RTX 5060, 591.86, P8, 31, 0, 543, 8151, 8.46, 145.00, 210, 405, 1, 8
2026-09-02T14:36:28.0877180+07:00,2026/09/02 14:36:28.118, NVIDIA GeForce RTX 5060, 591.86, P8, 31, 0, 543, 8151, 8.13, 145.00, 210, 405, 1, 8
2026-09-02T14:36:33.1330128+07:00,2026/09/02 14:36:33.164, NVIDIA GeForce RTX 5060, 591.86, P8, 31, 0, 543, 8151, 8.25, 145.00, 210, 405, 1, 8
2026-09-02T14:36:38.2461069+07:00,2026/09/02 14:36:38.277, NVIDIA GeForce RTX 5060, 591.86, P8, 31, 0, 543, 8151, 8.19, 145.00, 210, 405, 1, 8
2026-09-02T14:36:43.2975722+07:00,2026/09/02 14:36:43.328, NVIDIA GeForce RTX 5060, 591.86, P8, 31, 0, 543, 8151, 8.26, 145.00, 210, 405, 1, 8
2026-09-02T14:36:48.3492084+07:00,2026/09/02 14:36:48.380, NVIDIA GeForce RTX 5060, 591.86, P8, 31, 0, 543, 8151, 8.10, 145.00, 210, 405, 1, 8
2026-09-02T14:36:53.4103541+07:00,2026/09/02 14:36:53.444, NVIDIA GeForce RTX 5060, 591.86, P8, 31, 0, 543, 8151, 8.20, 145.00, 210, 405, 1, 8
2026-09-02T14:36:58.4618315+07:00,2026/09/02 14:36:58.492, NVIDIA GeForce RTX 5060, 591.86, P8, 31, 0, 543, 8151, 8.10, 145.00, 210, 405, 1, 8
2026-09-02T14:37:03.5123507+07:00,2026/09/02 14:37:03.543, NVIDIA GeForce RTX 5060, 591.86, P8, 31, 0, 543, 8151, 8.49, 145.00, 210, 405, 1, 8
2026-09-02T14:37:08.6252585+07:00,2026/09/02 14:37:08.656, NVIDIA GeForce RTX 5060, 591.86, P8, 31, 0, 543, 8151, 8.06, 145.00, 210, 405, 1, 8
2026-09-02T14:37:13.6686194+07:00,2026/09/02 14:37:13.699, NVIDIA GeForce RTX 5060, 591.86, P8, 31, 0, 543, 8151, 8.20, 145.00, 210, 405, 1, 8
2026-09-02T14:37:18.7187337+07:00,2026/09/02 14:37:18.749, NVIDIA GeForce RTX 5060, 591.86, P8, 31, 0, 543, 8151, 8.53, 145.00, 210, 405, 1, 8
2026-09-02T14:37:23.7693962+07:00,2026/09/02 14:37:23.800, NVIDIA GeForce RTX 5060, 591.86, P8, 31, 0, 543, 8151, 8.14, 145.00, 210, 405, 1, 8
2026-09-02T14:37:28.8201326+07:00,2026/09/02 14:37:28.851, NVIDIA GeForce RTX 5060, 591.86, P8, 31, 0, 543, 8151, 8.34, 145.00, 210, 405, 1, 8
2026-09-02T14:37:33.8761024+07:00,2026/09/02 14:37:33.907, NVIDIA GeForce RTX 5060, 591.86, P8, 31, 0, 543, 8151, 8.32, 145.00, 210, 405, 1, 8
2026-09-02T14:37:38.9898238+07:00,2026/09/02 14:37:39.020, NVIDIA GeForce RTX 5060, 591.86, P8, 31, 0, 543, 8151, 8.11, 145.00, 210, 405, 1, 8
2026-09-02T14:37:44.0418804+07:00,2026/09/02 14:37:44.072, NVIDIA GeForce RTX 5060, 591.86, P8, 31, 0, 543, 8151, 8.16, 145.00, 210, 405, 1, 8
2026-09-02T14:37:49.0926497+07:00,2026/09/02 14:37:49.123, NVIDIA GeForce RTX 5060, 591.86, P8, 31, 0, 543, 8151, 8.29, 145.00, 210, 405, 1, 8
2026-09-02T14:37:54.1532418+07:00,2026/09/02 14:37:54.184, NVIDIA GeForce RTX 5060, 591.86, P8, 31, 0, 543, 8151, 8.13, 145.00, 210, 405, 1, 8
2026-09-02T14:37:59.2001731+07:00,2026/09/02 14:37:59.230, NVIDIA GeForce RTX 5060, 591.86, P8, 31, 0, 543, 8151, 8.38, 145.00, 210, 405, 1, 8
2026-09-02T14:38:04.2432488+07:00,2026/09/02 14:38:04.289, NVIDIA GeForce RTX 5060, 591.86, P8, 31, 0, 543, 8151, 8.57, 145.00, 210, 405, 1, 8
2026-09-02T14:38:09.3637988+07:00,2026/09/02 14:38:09.410, NVIDIA GeForce RTX 5060, 591.86, P8, 31, 0, 543, 8151, 8.35, 145.00, 210, 405, 1, 8
2026-09-02T14:38:14.4265786+07:00,2026/09/02 14:38:14.472, NVIDIA GeForce RTX 5060, 591.86, P8, 31, 0, 543, 8151, 8.30, 145.00, 210, 405, 1, 8
2026-09-02T14:38:19.4913577+07:00,2026/09/02 14:38:19.522, NVIDIA GeForce RTX 5060, 591.86, P8, 31, 0, 543, 8151, 8.47, 145.00, 210, 405, 1, 8
2026-09-02T14:38:24.5417406+07:00,2026/09/02 14:38:24.587, NVIDIA GeForce RTX 5060, 591.86, P8, 31, 0, 543, 8151, 8.19, 145.00, 210, 405, 1, 8
2026-09-02T14:38:29.6093017+07:00,2026/09/02 14:38:29.654, NVIDIA GeForce RTX 5060, 591.86, P8, 31, 0, 543, 8151, 8.21, 145.00, 210, 405, 1, 8
2026-09-02T14:38:34.6754659+07:00,2026/09/02 14:38:34.706, NVIDIA GeForce RTX 5060, 591.86, P8, 31, 0, 543, 8151, 8.19, 145.00, 210, 405, 1, 8
2026-09-02T14:38:39.7885180+07:00,2026/09/02 14:38:39.835, NVIDIA GeForce RTX 5060, 591.86, P8, 31, 0, 543, 8151, 8.16, 145.00, 210, 405, 1, 8
2026-09-02T14:38:44.8540860+07:00,2026/09/02 14:38:44.900, NVIDIA GeForce RTX 5060, 591.86, P8, 31, 0, 543, 8151, 8.34, 145.00, 202, 405, 1, 8
2026-09-02T14:38:49.9197962+07:00,2026/09/02 14:38:49.950, NVIDIA GeForce RTX 5060, 591.86, P8, 31, 0, 543, 8151, 8.16, 145.00, 210, 405, 1, 8
2026-09-02T14:38:54.9801880+07:00,2026/09/02 14:38:55.011, NVIDIA GeForce RTX 5060, 591.86, P8, 31, 0, 543, 8151, 8.21, 145.00, 210, 405, 1, 8
2026-09-02T14:39:00.0324979+07:00,2026/09/02 14:39:00.078, NVIDIA GeForce RTX 5060, 591.86, P8, 31, 0, 543, 8151, 8.15, 145.00, 210, 405, 1, 8
2026-09-02T14:39:05.0964308+07:00,2026/09/02 14:39:05.127, NVIDIA GeForce RTX 5060, 591.86, P8, 31, 0, 543, 8151, 8.54, 145.00, 210, 405, 1, 8
2026-09-02T14:39:10.2098458+07:00,2026/09/02 14:39:10.240, NVIDIA GeForce RTX 5060, 591.86, P8, 31, 0, 543, 8151, 8.11, 145.00, 210, 405, 1, 8
2026-09-02T14:39:15.2658584+07:00,2026/09/02 14:39:15.296, NVIDIA GeForce RTX 5060, 591.86, P8, 31, 0, 543, 8151, 8.09, 145.00, 210, 405, 1, 8
2026-09-02T14:39:20.3167952+07:00,2026/09/02 14:39:20.347, NVIDIA GeForce RTX 5060, 591.86, P8, 31, 0, 543, 8151, 8.10, 145.00, 210, 405, 1, 8
2026-09-02T14:39:25.3676249+07:00,2026/09/02 14:39:25.398, NVIDIA GeForce RTX 5060, 591.86, P8, 31, 0, 543, 8151, 7.99, 145.00, 210, 405, 1, 8
2026-09-02T14:39:30.4188493+07:00,2026/09/02 14:39:30.449, NVIDIA GeForce RTX 5060, 591.86, P8, 31, 0, 543, 8151, 8.05, 145.00, 210, 405, 1, 8
2026-09-02T14:39:35.4799912+07:00,2026/09/02 14:39:35.510, NVIDIA GeForce RTX 5060, 591.86, P8, 31, 0, 543, 8151, 8.13, 145.00, 210, 405, 1, 8
2026-09-02T14:39:40.5934969+07:00,2026/09/02 14:39:40.624, NVIDIA GeForce RTX 5060, 591.86, P8, 31, 0, 543, 8151, 8.03, 145.00, 210, 405, 1, 8
2026-09-02T14:39:45.6441191+07:00,2026/09/02 14:39:45.675, NVIDIA GeForce RTX 5060, 591.86, P8, 31, 0, 543, 8151, 8.07, 145.00, 210, 405, 1, 8
2026-09-02T14:39:50.6930975+07:00,2026/09/02 14:39:50.739, NVIDIA GeForce RTX 5060, 591.86, P8, 31, 0, 543, 8151, 8.41, 145.00, 292, 405, 1, 8
2026-09-02T14:39:57.5699766+07:00,NVIDIA_SMI_FAILED,"NVIDIA-SMI has failed because you do not have sufficient permissions. Please try running as an administrator."
2026-09-02T15:32:32.3457146+07:00,2026/09/02 15:32:32.376, NVIDIA GeForce RTX 5060, 591.86, P0, 31, 0, 289, 8151, 23.06, 145.00, 2527, 14201, 4, 8
2026-09-02T15:32:37.4902741+07:00,2026/09/02 15:32:37.521, NVIDIA GeForce RTX 5060, 591.86, P0, 31, 0, 289, 8151, 22.86, 145.00, 2512, 14201, 4, 8
2026-09-02T15:32:42.5421650+07:00,2026/09/02 15:32:42.573, NVIDIA GeForce RTX 5060, 591.86, P0, 31, 0, 289, 8151, 22.94, 145.00, 2512, 14201, 4, 8
2026-09-02T15:32:47.5893641+07:00,2026/09/02 15:32:47.620, NVIDIA GeForce RTX 5060, 591.86, P8, 30, 0, 289, 8151, 8.63, 145.00, 210, 405, 1, 8
2026-09-02T15:32:52.6377472+07:00,2026/09/02 15:32:52.668, NVIDIA GeForce RTX 5060, 591.86, P8, 30, 0, 289, 8151, 8.10, 145.00, 210, 405, 1, 8
2026-09-02T15:32:57.6799397+07:00,2026/09/02 15:32:57.710, NVIDIA GeForce RTX 5060, 591.86, P8, 30, 0, 289, 8151, 8.07, 145.00, 210, 405, 1, 8
2026-09-02T15:33:02.7224646+07:00,2026/09/02 15:33:02.752, NVIDIA GeForce RTX 5060, 591.86, P8, 30, 1, 289, 8151, 8.65, 145.00, 210, 405, 1, 8
2026-09-02T15:33:07.8382752+07:00,2026/09/02 15:33:07.868, NVIDIA GeForce RTX 5060, 591.86, P8, 30, 0, 289, 8151, 8.01, 145.00, 210, 405, 1, 8
2026-09-02T15:33:12.8887855+07:00,2026/09/02 15:33:12.919, NVIDIA GeForce RTX 5060, 591.86, P8, 30, 0, 289, 8151, 7.97, 145.00, 210, 405, 1, 8
2026-09-02T15:33:17.9428578+07:00,2026/09/02 15:33:17.973, NVIDIA GeForce RTX 5060, 591.86, P8, 30, 0, 289, 8151, 8.11, 145.00, 210, 405, 1, 8
2026-09-02T15:33:22.9810686+07:00,2026/09/02 15:33:23.011, NVIDIA GeForce RTX 5060, 591.86, P8, 30, 0, 289, 8151, 7.91, 145.00, 210, 405, 1, 8
2026-09-02T15:33:28.0196647+07:00,2026/09/02 15:33:28.050, NVIDIA GeForce RTX 5060, 591.86, P8, 30, 0, 289, 8151, 8.08, 145.00, 210, 405, 1, 8
2026-09-02T15:33:33.0575486+07:00,2026/09/02 15:33:33.087, NVIDIA GeForce RTX 5060, 591.86, P8, 30, 0, 289, 8151, 7.75, 145.00, 210, 405, 1, 8
2026-09-02T15:33:38.1738447+07:00,2026/09/02 15:33:38.204, NVIDIA GeForce RTX 5060, 591.86, P8, 29, 0, 289, 8151, 7.68, 145.00, 210, 405, 1, 8
2026-09-02T15:33:43.2128597+07:00,2026/09/02 15:33:43.243, NVIDIA GeForce RTX 5060, 591.86, P8, 29, 0, 309, 8151, 7.89, 145.00, 210, 405, 1, 8
2026-09-02T15:33:48.2503671+07:00,2026/09/02 15:33:48.280, NVIDIA GeForce RTX 5060, 591.86, P8, 29, 0, 309, 8151, 7.57, 145.00, 210, 405, 1, 8
2026-09-02T15:33:53.2905384+07:00,2026/09/02 15:33:53.320, NVIDIA GeForce RTX 5060, 591.86, P8, 29, 0, 309, 8151, 7.63, 145.00, 210, 405, 1, 8
2026-09-02T15:33:58.3291011+07:00,2026/09/02 15:33:58.359, NVIDIA GeForce RTX 5060, 591.86, P8, 29, 0, 309, 8151, 7.55, 145.00, 210, 405, 1, 8
2026-09-02T15:34:03.3774038+07:00,2026/09/02 15:34:03.422, NVIDIA GeForce RTX 5060, 591.86, P8, 29, 0, 329, 8151, 7.46, 145.00, 210, 405, 1, 8
2026-09-02T15:34:08.5025108+07:00,2026/09/02 15:34:08.547, NVIDIA GeForce RTX 5060, 591.86, P8, 29, 0, 329, 8151, 7.29, 145.00, 210, 405, 1, 8
2026-09-02T15:34:13.5642173+07:00,2026/09/02 15:34:13.609, NVIDIA GeForce RTX 5060, 591.86, P8, 29, 0, 329, 8151, 7.20, 145.00, 210, 405, 1, 8
2026-09-02T15:34:18.6224759+07:00,2026/09/02 15:34:18.666, NVIDIA GeForce RTX 5060, 591.86, P8, 29, 0, 329, 8151, 7.56, 145.00, 210, 405, 1, 8
2026-09-02T15:34:23.6827247+07:00,2026/09/02 15:34:23.726, NVIDIA GeForce RTX 5060, 591.86, P8, 29, 0, 329, 8151, 7.28, 145.00, 210, 405, 1, 8
2026-09-02T15:34:28.7445528+07:00,2026/09/02 15:34:28.789, NVIDIA GeForce RTX 5060, 591.86, P8, 29, 0, 329, 8151, 7.69, 145.00, 210, 405, 1, 8
2026-09-02T15:34:33.8091307+07:00,2026/09/02 15:34:33.854, NVIDIA GeForce RTX 5060, 591.86, P8, 29, 0, 329, 8151, 7.30, 145.00, 210, 405, 1, 8
2026-09-02T15:34:38.9331839+07:00,2026/09/02 15:34:38.978, NVIDIA GeForce RTX 5060, 591.86, P8, 29, 0, 329, 8151, 7.35, 145.00, 210, 405, 1, 8
2026-09-02T15:34:43.9963379+07:00,2026/09/02 15:34:44.041, NVIDIA GeForce RTX 5060, 591.86, P8, 29, 0, 329, 8151, 7.75, 145.00, 210, 405, 1, 8
2026-09-02T15:34:49.0582629+07:00,2026/09/02 15:34:49.103, NVIDIA GeForce RTX 5060, 591.86, P8, 29, 0, 329, 8151, 7.33, 145.00, 210, 405, 1, 8
2026-09-02T15:34:54.1196177+07:00,2026/09/02 15:34:54.164, NVIDIA GeForce RTX 5060, 591.86, P8, 29, 0, 329, 8151, 7.46, 145.00, 210, 405, 1, 8
2026-09-02T15:34:59.1846938+07:00,2026/09/02 15:34:59.229, NVIDIA GeForce RTX 5060, 591.86, P8, 29, 0, 329, 8151, 7.29, 145.00, 210, 405, 1, 8
2026-09-02T15:35:04.2491191+07:00,2026/09/02 15:35:04.294, NVIDIA GeForce RTX 5060, 591.86, P8, 29, 0, 329, 8151, 7.36, 145.00, 210, 405, 1, 8
2026-09-02T15:35:09.3713165+07:00,2026/09/02 15:35:09.416, NVIDIA GeForce RTX 5060, 591.86, P8, 29, 0, 329, 8151, 7.28, 145.00, 210, 405, 1, 8
2026-09-02T15:35:14.4333332+07:00,2026/09/02 15:35:14.479, NVIDIA GeForce RTX 5060, 591.86, P8, 29, 0, 329, 8151, 7.35, 145.00, 210, 405, 1, 8
2026-09-02T15:35:19.4980266+07:00,2026/09/02 15:35:19.543, NVIDIA GeForce RTX 5060, 591.86, P8, 29, 0, 329, 8151, 7.45, 145.00, 210, 405, 1, 8
2026-09-02T15:35:24.5573660+07:00,2026/09/02 15:35:24.587, NVIDIA GeForce RTX 5060, 591.86, P8, 29, 0, 329, 8151, 7.23, 145.00, 210, 405, 1, 8
2026-09-02T15:35:29.5997955+07:00,2026/09/02 15:35:29.645, NVIDIA GeForce RTX 5060, 591.86, P8, 29, 0, 329, 8151, 7.31, 145.00, 210, 405, 1, 8
2026-09-02T15:35:34.6637601+07:00,2026/09/02 15:35:34.708, NVIDIA GeForce RTX 5060, 591.86, P8, 29, 0, 329, 8151, 7.25, 145.00, 210, 405, 1, 8
2026-09-02T15:35:39.7839467+07:00,2026/09/02 15:35:39.829, NVIDIA GeForce RTX 5060, 591.86, P8, 29, 0, 329, 8151, 7.26, 145.00, 210, 405, 1, 8
2026-09-02T15:35:44.8455068+07:00,2026/09/02 15:35:44.890, NVIDIA GeForce RTX 5060, 591.86, P8, 29, 0, 329, 8151, 7.51, 145.00, 210, 405, 1, 8
2026-09-02T15:35:49.9066696+07:00,2026/09/02 15:35:49.952, NVIDIA GeForce RTX 5060, 591.86, P8, 29, 0, 329, 8151, 7.20, 145.00, 210, 405, 1, 8
2026-09-02T15:35:54.9711789+07:00,2026/09/02 15:35:55.016, NVIDIA GeForce RTX 5060, 591.86, P8, 29, 0, 329, 8151, 7.05, 145.00, 210, 405, 1, 8
2026-09-02T15:36:00.0271374+07:00,2026/09/02 15:36:00.057, NVIDIA GeForce RTX 5060, 591.86, P8, 29, 0, 329, 8151, 7.23, 145.00, 210, 405, 1, 8
2026-09-02T15:36:05.0713698+07:00,2026/09/02 15:36:05.101, NVIDIA GeForce RTX 5060, 591.86, P8, 29, 0, 329, 8151, 7.12, 145.00, 210, 405, 1, 8
2026-09-02T15:36:10.1808865+07:00,2026/09/02 15:36:10.224, NVIDIA GeForce RTX 5060, 591.86, P8, 29, 0, 329, 8151, 7.21, 145.00, 210, 405, 1, 8
2026-09-02T15:36:15.2393663+07:00,2026/09/02 15:36:15.284, NVIDIA GeForce RTX 5060, 591.86, P8, 29, 0, 329, 8151, 7.24, 145.00, 210, 405, 1, 8
2026-09-02T15:36:20.3002887+07:00,2026/09/02 15:36:20.345, NVIDIA GeForce RTX 5060, 591.86, P8, 29, 0, 329, 8151, 7.28, 145.00, 210, 405, 1, 8
2026-09-02T15:36:25.3582710+07:00,2026/09/02 15:36:25.388, NVIDIA GeForce RTX 5060, 591.86, P8, 29, 0, 329, 8151, 7.22, 145.00, 210, 405, 1, 8
2026-09-02T15:36:30.4059927+07:00,2026/09/02 15:36:30.451, NVIDIA GeForce RTX 5060, 591.86, P8, 29, 0, 329, 8151, 7.46, 145.00, 210, 405, 1, 8
2026-09-02T15:36:35.4636617+07:00,2026/09/02 15:36:35.508, NVIDIA GeForce RTX 5060, 591.86, P8, 29, 0, 329, 8151, 7.22, 145.00, 210, 405, 1, 8
2026-09-02T15:36:40.5858092+07:00,2026/09/02 15:36:40.631, NVIDIA GeForce RTX 5060, 591.86, P8, 29, 0, 329, 8151, 7.20, 145.00, 210, 405, 1, 8
2026-09-02T15:36:45.6454159+07:00,2026/09/02 15:36:45.690, NVIDIA GeForce RTX 5060, 591.86, P8, 29, 0, 329, 8151, 7.28, 145.00, 210, 405, 1, 8
2026-09-02T15:36:50.7080911+07:00,2026/09/02 15:36:50.752, NVIDIA GeForce RTX 5060, 591.86, P8, 29, 0, 329, 8151, 7.09, 145.00, 210, 405, 1, 8
2026-09-02T15:36:55.7636532+07:00,2026/09/02 15:36:55.809, NVIDIA GeForce RTX 5060, 591.86, P8, 29, 0, 329, 8151, 7.05, 145.00, 210, 405, 1, 8
2026-09-02T15:37:00.8254623+07:00,2026/09/02 15:37:00.854, NVIDIA GeForce RTX 5060, 591.86, P8, 29, 0, 329, 8151, 7.16, 145.00, 210, 405, 1, 8
2026-09-02T15:37:05.8656288+07:00,2026/09/02 15:37:05.910, NVIDIA GeForce RTX 5060, 591.86, P8, 29, 0, 329, 8151, 7.21, 145.00, 210, 405, 1, 8
2026-09-02T15:37:10.9977647+07:00,2026/09/02 15:37:11.042, NVIDIA GeForce RTX 5060, 591.86, P8, 29, 0, 329, 8151, 7.20, 145.00, 210, 405, 1, 8
2026-09-02T15:37:16.0564765+07:00,2026/09/02 15:37:16.101, NVIDIA GeForce RTX 5060, 591.86, P8, 29, 0, 329, 8151, 7.23, 145.00, 210, 405, 1, 8
2026-09-02T15:37:21.1121261+07:00,2026/09/02 15:37:21.157, NVIDIA GeForce RTX 5060, 591.86, P8, 29, 0, 329, 8151, 7.22, 145.00, 210, 405, 1, 8
2026-09-02T15:37:26.1798716+07:00,2026/09/02 15:37:26.210, NVIDIA GeForce RTX 5060, 591.86, P8, 29, 0, 329, 8151, 7.29, 145.00, 210, 405, 1, 8
2026-09-02T15:37:31.2203084+07:00,2026/09/02 15:37:31.265, NVIDIA GeForce RTX 5060, 591.86, P8, 29, 0, 329, 8151, 7.07, 145.00, 210, 405, 1, 8
2026-09-02T15:37:36.2866381+07:00,2026/09/02 15:37:36.317, NVIDIA GeForce RTX 5060, 591.86, P8, 29, 0, 329, 8151, 7.52, 145.00, 210, 405, 1, 8
2026-09-02T15:37:41.4006978+07:00,2026/09/02 15:37:41.446, NVIDIA GeForce RTX 5060, 591.86, P8, 29, 0, 329, 8151, 7.79, 145.00, 210, 405, 1, 8
2026-09-02T15:37:46.4584035+07:00,2026/09/02 15:37:46.503, NVIDIA GeForce RTX 5060, 591.86, P8, 29, 0, 329, 8151, 7.10, 145.00, 210, 405, 1, 8
2026-09-02T15:37:51.5289445+07:00,2026/09/02 15:37:51.573, NVIDIA GeForce RTX 5060, 591.86, P8, 29, 0, 329, 8151, 7.24, 145.00, 210, 405, 1, 8
2026-09-02T15:37:56.5962661+07:00,2026/09/02 15:37:56.641, NVIDIA GeForce RTX 5060, 591.86, P8, 29, 0, 329, 8151, 7.26, 145.00, 210, 405, 1, 8
2026-09-02T15:38:01.6526090+07:00,2026/09/02 15:38:01.697, NVIDIA GeForce RTX 5060, 591.86, P8, 29, 0, 329, 8151, 7.37, 145.00, 210, 405, 1, 8
2026-09-02T15:38:06.7101975+07:00,2026/09/02 15:38:06.740, NVIDIA GeForce RTX 5060, 591.86, P8, 29, 0, 329, 8151, 7.17, 145.00, 210, 405, 1, 8
2026-09-02T15:38:11.8159311+07:00,2026/09/02 15:38:11.860, NVIDIA GeForce RTX 5060, 591.86, P8, 29, 0, 329, 8151, 7.09, 145.00, 210, 405, 1, 8
2026-09-02T15:38:16.8736519+07:00,2026/09/02 15:38:16.918, NVIDIA GeForce RTX 5060, 591.86, P8, 29, 0, 329, 8151, 7.04, 145.00, 210, 405, 1, 8
2026-09-02T15:38:21.9449537+07:00,2026/09/02 15:38:21.990, NVIDIA GeForce RTX 5060, 591.86, P8, 29, 0, 329, 8151, 7.15, 145.00, 210, 405, 1, 8
2026-09-02T15:38:27.0127430+07:00,2026/09/02 15:38:27.043, NVIDIA GeForce RTX 5060, 591.86, P8, 29, 0, 329, 8151, 7.21, 145.00, 210, 405, 1, 8
2026-09-02T15:38:32.0558649+07:00,2026/09/02 15:38:32.101, NVIDIA GeForce RTX 5060, 591.86, P8, 29, 0, 329, 8151, 7.17, 145.00, 210, 405, 1, 8
2026-09-02T15:38:37.1228937+07:00,2026/09/02 15:38:37.167, NVIDIA GeForce RTX 5060, 591.86, P8, 29, 0, 329, 8151, 7.22, 145.00, 210, 405, 1, 8
2026-09-02T15:38:42.2409585+07:00,2026/09/02 15:38:42.286, NVIDIA GeForce RTX 5060, 591.86, P8, 29, 0, 329, 8151, 7.05, 145.00, 210, 405, 1, 8
2026-09-02T15:38:47.2988219+07:00,2026/09/02 15:38:47.343, NVIDIA GeForce RTX 5060, 591.86, P8, 29, 0, 329, 8151, 7.07, 145.00, 210, 405, 1, 8
2026-09-02T15:38:52.3510362+07:00,2026/09/02 15:38:52.396, NVIDIA GeForce RTX 5060, 591.86, P8, 29, 0, 329, 8151, 7.10, 145.00, 210, 405, 1, 8
2026-09-02T15:38:57.4067339+07:00,2026/09/02 15:38:57.451, NVIDIA GeForce RTX 5060, 591.86, P8, 29, 0, 329, 8151, 7.12, 145.00, 210, 405, 1, 8
2026-09-02T15:39:02.4750896+07:00,2026/09/02 15:39:02.520, NVIDIA GeForce RTX 5060, 591.86, P8, 29, 0, 329, 8151, 7.54, 145.00, 210, 405, 1, 8
2026-09-02T15:39:07.5458581+07:00,2026/09/02 15:39:07.591, NVIDIA GeForce RTX 5060, 591.86, P8, 29, 0, 329, 8151, 7.18, 145.00, 210, 405, 1, 8
2026-09-02T15:39:12.6747720+07:00,2026/09/02 15:39:12.719, NVIDIA GeForce RTX 5060, 591.86, P8, 29, 0, 329, 8151, 7.10, 145.00, 210, 405, 1, 8
2026-09-02T15:39:17.7409409+07:00,2026/09/02 15:39:17.771, NVIDIA GeForce RTX 5060, 591.86, P8, 29, 0, 329, 8151, 7.44, 145.00, 210, 405, 1, 8
2026-09-02T15:39:22.7928963+07:00,2026/09/02 15:39:22.823, NVIDIA GeForce RTX 5060, 591.86, P8, 29, 0, 329, 8151, 7.23, 145.00, 210, 405, 1, 8
2026-09-02T15:39:27.8373887+07:00,2026/09/02 15:39:27.882, NVIDIA GeForce RTX 5060, 591.86, P8, 28, 0, 329, 8151, 7.13, 145.00, 210, 405, 1, 8
2026-09-02T15:39:32.9028613+07:00,2026/09/02 15:39:32.948, NVIDIA GeForce RTX 5060, 591.86, P8, 29, 0, 329, 8151, 7.11, 145.00, 210, 405, 1, 8
2026-09-02T15:39:37.9690846+07:00,2026/09/02 15:39:38.014, NVIDIA GeForce RTX 5060, 591.86, P8, 28, 0, 329, 8151, 7.17, 145.00, 210, 405, 1, 8
2026-09-02T15:39:43.0965186+07:00,2026/09/02 15:39:43.141, NVIDIA GeForce RTX 5060, 591.86, P8, 28, 0, 329, 8151, 7.26, 145.00, 210, 405, 1, 8
2026-09-02T15:39:48.1648056+07:00,2026/09/02 15:39:48.209, NVIDIA GeForce RTX 5060, 591.86, P8, 28, 0, 329, 8151, 7.19, 145.00, 210, 405, 1, 8
2026-09-02T15:39:53.2299676+07:00,2026/09/02 15:39:53.275, NVIDIA GeForce RTX 5060, 591.86, P8, 28, 0, 329, 8151, 7.19, 145.00, 210, 405, 1, 8
2026-09-02T15:39:58.2949755+07:00,2026/09/02 15:39:58.339, NVIDIA GeForce RTX 5060, 591.86, P8, 28, 0, 329, 8151, 7.07, 145.00, 210, 405, 1, 8
2026-09-02T15:40:03.3621581+07:00,2026/09/02 15:40:03.407, NVIDIA GeForce RTX 5060, 591.86, P8, 28, 0, 329, 8151, 7.23, 145.00, 210, 405, 1, 8
2026-09-02T15:40:08.4237331+07:00,2026/09/02 15:40:08.468, NVIDIA GeForce RTX 5060, 591.86, P8, 28, 0, 329, 8151, 7.17, 145.00, 210, 405, 1, 8
2026-09-02T15:40:13.5491202+07:00,2026/09/02 15:40:13.594, NVIDIA GeForce RTX 5060, 591.86, P8, 28, 0, 329, 8151, 7.13, 145.00, 210, 405, 1, 8
2026-09-02T15:40:18.6149319+07:00,2026/09/02 15:40:18.660, NVIDIA GeForce RTX 5060, 591.86, P8, 29, 0, 329, 8151, 7.74, 145.00, 210, 405, 1, 8
2026-09-02T15:40:23.6796776+07:00,2026/09/02 15:40:23.724, NVIDIA GeForce RTX 5060, 591.86, P8, 28, 0, 329, 8151, 7.06, 145.00, 210, 405, 1, 8
2026-09-02T15:40:28.7446742+07:00,2026/09/02 15:40:28.790, NVIDIA GeForce RTX 5060, 591.86, P8, 28, 0, 329, 8151, 7.07, 145.00, 210, 405, 1, 8
2026-09-02T15:40:33.8031215+07:00,2026/09/02 15:40:33.847, NVIDIA GeForce RTX 5060, 591.86, P8, 28, 0, 329, 8151, 7.12, 145.00, 210, 405, 1, 8
2026-09-02T15:40:38.8665125+07:00,2026/09/02 15:40:38.912, NVIDIA GeForce RTX 5060, 591.86, P8, 28, 0, 329, 8151, 7.20, 145.00, 210, 405, 1, 8
2026-09-02T15:40:43.9938919+07:00,2026/09/02 15:40:44.054, NVIDIA GeForce RTX 5060, 591.86, P8, 28, 0, 329, 8151, 7.15, 145.00, 210, 405, 1, 8
2026-09-02T15:40:49.0730505+07:00,2026/09/02 15:40:49.118, NVIDIA GeForce RTX 5060, 591.86, P8, 28, 0, 329, 8151, 7.23, 145.00, 210, 405, 1, 8
2026-09-02T15:40:54.1376649+07:00,2026/09/02 15:40:54.182, NVIDIA GeForce RTX 5060, 591.86, P8, 28, 0, 329, 8151, 7.27, 145.00, 210, 405, 1, 8
2026-09-02T15:40:59.2004154+07:00,2026/09/02 15:40:59.245, NVIDIA GeForce RTX 5060, 591.86, P8, 28, 0, 329, 8151, 7.11, 145.00, 210, 405, 1, 8
2026-09-02T15:41:04.2603164+07:00,2026/09/02 15:41:04.306, NVIDIA GeForce RTX 5060, 591.86, P8, 28, 0, 329, 8151, 7.03, 145.00, 202, 405, 1, 8
2026-09-02T15:41:09.3206799+07:00,2026/09/02 15:41:09.349, NVIDIA GeForce RTX 5060, 591.86, P8, 28, 0, 329, 8151, 7.10, 145.00, 210, 405, 1, 8
2026-09-02T15:41:14.4284222+07:00,2026/09/02 15:41:14.472, NVIDIA GeForce RTX 5060, 591.86, P8, 28, 0, 329, 8151, 7.03, 145.00, 210, 405, 1, 8
2026-09-02T15:41:19.4912707+07:00,2026/09/02 15:41:19.536, NVIDIA GeForce RTX 5060, 591.86, P8, 28, 0, 329, 8151, 7.06, 145.00, 210, 405, 1, 8
2026-09-02T15:41:24.5500570+07:00,2026/09/02 15:41:24.595, NVIDIA GeForce RTX 5060, 591.86, P8, 28, 0, 329, 8151, 7.09, 145.00, 210, 405, 1, 8
2026-09-02T15:41:29.6165451+07:00,2026/09/02 15:41:29.661, NVIDIA GeForce RTX 5060, 591.86, P8, 28, 0, 329, 8151, 7.13, 145.00, 210, 405, 1, 8
2026-09-02T15:41:34.6819529+07:00,2026/09/02 15:41:34.727, NVIDIA GeForce RTX 5060, 591.86, P8, 28, 0, 329, 8151, 7.11, 145.00, 210, 405, 1, 8
2026-09-02T15:41:39.7482566+07:00,2026/09/02 15:41:39.793, NVIDIA GeForce RTX 5060, 591.86, P8, 28, 0, 329, 8151, 6.96, 145.00, 210, 405, 1, 8
2026-09-02T15:41:44.8772313+07:00,2026/09/02 15:41:44.922, NVIDIA GeForce RTX 5060, 591.86, P8, 28, 0, 329, 8151, 7.06, 145.00, 210, 405, 1, 8
2026-09-02T15:41:49.9362954+07:00,2026/09/02 15:41:49.981, NVIDIA GeForce RTX 5060, 591.86, P8, 28, 0, 329, 8151, 6.98, 145.00, 210, 405, 1, 8
2026-09-02T15:41:54.9971301+07:00,2026/09/02 15:41:55.043, NVIDIA GeForce RTX 5060, 591.86, P8, 28, 0, 329, 8151, 6.98, 145.00, 210, 405, 1, 8
2026-09-02T15:42:00.0598237+07:00,2026/09/02 15:42:00.105, NVIDIA GeForce RTX 5060, 591.86, P8, 28, 0, 329, 8151, 7.07, 145.00, 210, 405, 1, 8
2026-09-02T15:42:05.1208845+07:00,2026/09/02 15:42:05.165, NVIDIA GeForce RTX 5060, 591.86, P8, 28, 0, 329, 8151, 7.18, 145.00, 210, 405, 1, 8
2026-09-02T15:42:10.1810318+07:00,2026/09/02 15:42:10.226, NVIDIA GeForce RTX 5060, 591.86, P8, 28, 0, 329, 8151, 7.12, 145.00, 210, 405, 1, 8
2026-09-02T15:42:15.3017595+07:00,2026/09/02 15:42:15.346, NVIDIA GeForce RTX 5060, 591.86, P8, 28, 0, 329, 8151, 6.97, 145.00, 210, 405, 1, 8
2026-09-02T15:42:20.3613721+07:00,2026/09/02 15:42:20.406, NVIDIA GeForce RTX 5060, 591.86, P8, 28, 0, 329, 8151, 7.14, 145.00, 210, 405, 1, 8
2026-09-02T15:42:25.4196815+07:00,2026/09/02 15:42:25.464, NVIDIA GeForce RTX 5060, 591.86, P8, 28, 0, 329, 8151, 7.18, 145.00, 210, 405, 1, 8
2026-09-02T15:42:30.4718596+07:00,2026/09/02 15:42:30.517, NVIDIA GeForce RTX 5060, 591.86, P8, 28, 0, 329, 8151, 7.18, 145.00, 210, 405, 1, 8
2026-09-02T15:42:35.5347304+07:00,2026/09/02 15:42:35.579, NVIDIA GeForce RTX 5060, 591.86, P8, 28, 0, 329, 8151, 7.30, 145.00, 210, 405, 1, 8
2026-09-02T15:42:40.5920163+07:00,2026/09/02 15:42:40.622, NVIDIA GeForce RTX 5060, 591.86, P8, 28, 0, 329, 8151, 7.26, 145.00, 210, 405, 1, 8
2026-09-02T15:42:45.6961728+07:00,2026/09/02 15:42:45.740, NVIDIA GeForce RTX 5060, 591.86, P8, 28, 0, 329, 8151, 7.25, 145.00, 210, 405, 1, 8
2026-09-02T15:42:50.7512002+07:00,2026/09/02 15:42:50.796, NVIDIA GeForce RTX 5060, 591.86, P8, 28, 0, 329, 8151, 7.29, 145.00, 210, 405, 1, 8
2026-09-02T15:42:55.8089532+07:00,2026/09/02 15:42:55.854, NVIDIA GeForce RTX 5060, 591.86, P8, 28, 0, 329, 8151, 7.18, 145.00, 210, 405, 1, 8
2026-09-02T15:43:00.8669164+07:00,2026/09/02 15:43:00.911, NVIDIA GeForce RTX 5060, 591.86, P8, 28, 0, 329, 8151, 7.19, 145.00, 210, 405, 1, 8
2026-09-02T15:43:05.9320568+07:00,2026/09/02 15:43:05.977, NVIDIA GeForce RTX 5060, 591.86, P8, 28, 0, 329, 8151, 7.33, 145.00, 210, 405, 1, 8
2026-09-02T15:43:11.0011397+07:00,2026/09/02 15:43:11.046, NVIDIA GeForce RTX 5060, 591.86, P8, 28, 0, 329, 8151, 7.25, 145.00, 210, 405, 1, 8
2026-09-02T15:43:16.1199099+07:00,2026/09/02 15:43:16.165, NVIDIA GeForce RTX 5060, 591.86, P8, 28, 0, 329, 8151, 7.34, 145.00, 210, 405, 1, 8
2026-09-02T15:43:21.1758152+07:00,2026/09/02 15:43:21.220, NVIDIA GeForce RTX 5060, 591.86, P8, 28, 0, 329, 8151, 7.35, 145.00, 210, 405, 1, 8
2026-09-02T15:43:26.2306214+07:00,2026/09/02 15:43:26.261, NVIDIA GeForce RTX 5060, 591.86, P8, 28, 0, 329, 8151, 7.36, 145.00, 210, 405, 1, 8
2026-09-02T15:43:31.2834138+07:00,2026/09/02 15:43:31.328, NVIDIA GeForce RTX 5060, 591.86, P8, 28, 0, 329, 8151, 7.21, 145.00, 210, 405, 1, 8
2026-09-02T15:43:36.3419976+07:00,2026/09/02 15:43:36.385, NVIDIA GeForce RTX 5060, 591.86, P8, 28, 0, 329, 8151, 7.22, 145.00, 210, 405, 1, 8
2026-09-02T15:43:41.4080686+07:00,2026/09/02 15:43:41.452, NVIDIA GeForce RTX 5060, 591.86, P8, 28, 0, 329, 8151, 7.18, 145.00, 210, 405, 1, 8
2026-09-02T15:43:46.5288964+07:00,2026/09/02 15:43:46.573, NVIDIA GeForce RTX 5060, 591.86, P8, 28, 0, 329, 8151, 7.29, 145.00, 210, 405, 1, 8
2026-09-02T15:43:51.5848747+07:00,2026/09/02 15:43:51.629, NVIDIA GeForce RTX 5060, 591.86, P8, 28, 0, 329, 8151, 7.18, 145.00, 210, 405, 1, 8
2026-09-02T15:43:56.6443772+07:00,2026/09/02 15:43:56.674, NVIDIA GeForce RTX 5060, 591.86, P8, 28, 0, 329, 8151, 7.27, 145.00, 210, 405, 1, 8
2026-09-02T15:44:01.6859282+07:00,2026/09/02 15:44:01.731, NVIDIA GeForce RTX 5060, 591.86, P8, 28, 0, 329, 8151, 7.36, 145.00, 210, 405, 1, 8
2026-09-02T15:44:06.7448843+07:00,2026/09/02 15:44:06.790, NVIDIA GeForce RTX 5060, 591.86, P8, 28, 0, 329, 8151, 7.35, 145.00, 202, 405, 1, 8
2026-09-02T15:44:11.7982086+07:00,2026/09/02 15:44:11.828, NVIDIA GeForce RTX 5060, 591.86, P8, 28, 0, 329, 8151, 7.20, 145.00, 210, 405, 1, 8
2026-09-02T15:44:16.9014298+07:00,2026/09/02 15:44:16.946, NVIDIA GeForce RTX 5060, 591.86, P8, 28, 0, 329, 8151, 7.24, 145.00, 210, 405, 1, 8
2026-09-02T15:44:21.9591237+07:00,2026/09/02 15:44:22.004, NVIDIA GeForce RTX 5060, 591.86, P8, 28, 0, 329, 8151, 7.28, 145.00, 210, 405, 1, 8
2026-09-02T15:44:27.0301667+07:00,2026/09/02 15:44:27.075, NVIDIA GeForce RTX 5060, 591.86, P8, 28, 0, 329, 8151, 7.20, 145.00, 210, 405, 1, 8
2026-09-02T15:44:32.1013953+07:00,2026/09/02 15:44:32.147, NVIDIA GeForce RTX 5060, 591.86, P8, 28, 0, 329, 8151, 7.27, 145.00, 210, 405, 1, 8
2026-09-02T15:44:37.1602198+07:00,2026/09/02 15:44:37.205, NVIDIA GeForce RTX 5060, 591.86, P8, 28, 0, 329, 8151, 7.28, 145.00, 210, 405, 1, 8
2026-09-02T15:44:42.2153040+07:00,2026/09/02 15:44:42.260, NVIDIA GeForce RTX 5060, 591.86, P8, 28, 0, 329, 8151, 7.17, 145.00, 210, 405, 1, 8
2026-09-02T15:44:47.3342908+07:00,2026/09/02 15:44:47.379, NVIDIA GeForce RTX 5060, 591.86, P8, 28, 0, 329, 8151, 7.18, 145.00, 210, 405, 1, 8
2026-09-02T15:44:52.3961716+07:00,2026/09/02 15:44:52.441, NVIDIA GeForce RTX 5060, 591.86, P8, 28, 0, 329, 8151, 7.28, 145.00, 210, 405, 1, 8
2026-09-02T15:44:57.4572377+07:00,2026/09/02 15:44:57.501, NVIDIA GeForce RTX 5060, 591.86, P8, 28, 0, 329, 8151, 7.36, 145.00, 210, 405, 1, 8
2026-09-02T15:45:02.5126528+07:00,2026/09/02 15:45:02.558, NVIDIA GeForce RTX 5060, 591.86, P8, 28, 0, 329, 8151, 7.56, 145.00, 210, 405, 1, 8
2026-09-02T15:45:07.5690287+07:00,2026/09/02 15:45:07.614, NVIDIA GeForce RTX 5060, 591.86, P8, 28, 0, 329, 8151, 7.14, 145.00, 210, 405, 1, 8
2026-09-02T15:45:12.6390072+07:00,2026/09/02 15:45:12.682, NVIDIA GeForce RTX 5060, 591.86, P8, 28, 0, 329, 8151, 7.20, 145.00, 210, 405, 1, 8
2026-09-02T15:45:17.7550664+07:00,2026/09/02 15:45:17.800, NVIDIA GeForce RTX 5060, 591.86, P8, 28, 0, 329, 8151, 7.41, 145.00, 210, 405, 1, 8
2026-09-02T15:45:22.8102857+07:00,2026/09/02 15:45:22.855, NVIDIA GeForce RTX 5060, 591.86, P8, 28, 0, 329, 8151, 7.27, 145.00, 210, 405, 1, 8
2026-09-02T15:45:27.8652479+07:00,2026/09/02 15:45:27.895, NVIDIA GeForce RTX 5060, 591.86, P8, 28, 0, 329, 8151, 7.40, 145.00, 210, 405, 1, 8
2026-09-02T15:45:32.9013731+07:00,2026/09/02 15:45:32.947, NVIDIA GeForce RTX 5060, 591.86, P8, 28, 0, 329, 8151, 7.31, 145.00, 210, 405, 1, 8
2026-09-02T15:45:37.9575840+07:00,2026/09/02 15:45:38.002, NVIDIA GeForce RTX 5060, 591.86, P8, 28, 0, 329, 8151, 7.46, 145.00, 210, 405, 1, 8
2026-09-02T15:45:43.0153665+07:00,2026/09/02 15:45:43.060, NVIDIA GeForce RTX 5060, 591.86, P8, 28, 0, 329, 8151, 7.50, 145.00, 210, 405, 1, 8
2026-09-02T15:45:48.1419627+07:00,2026/09/02 15:45:48.181, NVIDIA GeForce RTX 5060, 591.86, P8, 28, 0, 329, 8151, 7.18, 145.00, 210, 405, 1, 8
2026-09-02T15:45:53.1925297+07:00,2026/09/02 15:45:53.237, NVIDIA GeForce RTX 5060, 591.86, P8, 28, 0, 329, 8151, 7.19, 145.00, 210, 405, 1, 8
2026-09-02T15:45:58.2527368+07:00,2026/09/02 15:45:58.297, NVIDIA GeForce RTX 5060, 591.86, P8, 28, 0, 329, 8151, 7.32, 145.00, 210, 405, 1, 8
2026-09-02T15:46:03.3126319+07:00,2026/09/02 15:46:03.357, NVIDIA GeForce RTX 5060, 591.86, P8, 28, 0, 329, 8151, 7.33, 145.00, 210, 405, 1, 8
2026-09-02T15:46:08.3775516+07:00,2026/09/02 15:46:08.422, NVIDIA GeForce RTX 5060, 591.86, P8, 28, 0, 329, 8151, 7.33, 145.00, 210, 405, 1, 8
2026-09-02T15:46:13.4479724+07:00,2026/09/02 15:46:13.492, NVIDIA GeForce RTX 5060, 591.86, P8, 28, 0, 329, 8151, 7.34, 145.00, 210, 405, 1, 8
2026-09-02T15:46:18.5664764+07:00,2026/09/02 15:46:18.612, NVIDIA GeForce RTX 5060, 591.86, P8, 28, 0, 329, 8151, 7.57, 145.00, 210, 405, 1, 8
2026-09-02T15:46:23.6262876+07:00,2026/09/02 15:46:23.656, NVIDIA GeForce RTX 5060, 591.86, P8, 28, 0, 329, 8151, 7.33, 145.00, 210, 405, 1, 8
2026-09-02T15:46:28.6742425+07:00,2026/09/02 15:46:28.703, NVIDIA GeForce RTX 5060, 591.86, P8, 28, 0, 329, 8151, 7.31, 145.00, 210, 405, 1, 8
2026-09-02T15:46:33.7183315+07:00,2026/09/02 15:46:33.763, NVIDIA GeForce RTX 5060, 591.86, P8, 28, 0, 329, 8151, 7.27, 145.00, 210, 405, 1, 8
2026-09-02T15:46:38.7752895+07:00,2026/09/02 15:46:38.805, NVIDIA GeForce RTX 5060, 591.86, P8, 28, 0, 329, 8151, 7.24, 145.00, 210, 405, 1, 8
2026-09-02T15:46:43.8226685+07:00,2026/09/02 15:46:43.868, NVIDIA GeForce RTX 5060, 591.86, P8, 28, 0, 329, 8151, 7.39, 145.00, 210, 405, 1, 8
2026-09-02T15:46:48.9470926+07:00,2026/09/02 15:46:48.992, NVIDIA GeForce RTX 5060, 591.86, P8, 28, 0, 329, 8151, 7.48, 145.00, 210, 405, 1, 8
2026-09-02T15:46:54.0070838+07:00,2026/09/02 15:46:54.037, NVIDIA GeForce RTX 5060, 591.86, P8, 28, 0, 329, 8151, 7.34, 145.00, 210, 405, 1, 8
2026-09-02T15:46:59.0516811+07:00,2026/09/02 15:46:59.082, NVIDIA GeForce RTX 5060, 591.86, P8, 28, 0, 329, 8151, 7.26, 145.00, 210, 405, 1, 8
2026-09-02T15:47:04.0942730+07:00,2026/09/02 15:47:04.139, NVIDIA GeForce RTX 5060, 591.86, P8, 28, 0, 329, 8151, 7.34, 145.00, 210, 405, 1, 8
2026-09-02T15:47:09.1554912+07:00,2026/09/02 15:47:09.200, NVIDIA GeForce RTX 5060, 591.86, P8, 28, 0, 329, 8151, 7.31, 145.00, 210, 405, 1, 8
2026-09-02T15:47:14.2199091+07:00,2026/09/02 15:47:14.264, NVIDIA GeForce RTX 5060, 591.86, P8, 28, 0, 329, 8151, 7.35, 145.00, 210, 405, 1, 8
2026-09-02T15:47:19.3459580+07:00,2026/09/02 15:47:19.390, NVIDIA GeForce RTX 5060, 591.86, P8, 28, 0, 329, 8151, 7.36, 145.00, 210, 405, 1, 8
2026-09-02T15:47:24.4069292+07:00,2026/09/02 15:47:24.452, NVIDIA GeForce RTX 5060, 591.86, P8, 28, 0, 329, 8151, 7.26, 145.00, 210, 405, 1, 8
2026-09-02T15:47:29.4765619+07:00,2026/09/02 15:47:29.522, NVIDIA GeForce RTX 5060, 591.86, P8, 28, 0, 329, 8151, 7.22, 145.00, 210, 405, 1, 8
2026-09-02T15:47:34.5393174+07:00,2026/09/02 15:47:34.584, NVIDIA GeForce RTX 5060, 591.86, P8, 28, 0, 329, 8151, 7.14, 145.00, 210, 405, 1, 8
2026-09-02T15:47:39.5963295+07:00,2026/09/02 15:47:39.642, NVIDIA GeForce RTX 5060, 591.86, P8, 28, 0, 329, 8151, 7.08, 145.00, 210, 405, 1, 8
2026-09-02T15:47:44.6553784+07:00,2026/09/02 15:47:44.700, NVIDIA GeForce RTX 5060, 591.86, P8, 28, 0, 329, 8151, 7.15, 145.00, 210, 405, 1, 8
2026-09-02T15:47:49.7786363+07:00,2026/09/02 15:47:49.809, NVIDIA GeForce RTX 5060, 591.86, P8, 28, 0, 329, 8151, 7.26, 145.00, 210, 405, 1, 8
2026-09-02T15:47:54.8270330+07:00,2026/09/02 15:47:54.856, NVIDIA GeForce RTX 5060, 591.86, P8, 28, 0, 329, 8151, 7.18, 145.00, 210, 405, 1, 8
2026-09-02T15:47:59.8744623+07:00,2026/09/02 17:10:49.494, NVIDIA GeForce RTX 5060, 591.86, P0, 28, 2, 8012, 8151, 25.50, 145.00, 187, 14201, 4, 8
2026-09-02T17:10:54.7771961+07:00,2026/09/02 17:10:54.807, NVIDIA GeForce RTX 5060, 591.86, P0, 28, 0, 88, 8151, 22.52, 145.00, 2520, 14201, 4, 8
2026-09-02T17:10:59.9112655+07:00,2026/09/02 17:10:59.941, NVIDIA GeForce RTX 5060, 591.86, P0, 28, 0, 88, 8151, 22.55, 145.00, 2520, 14201, 4, 8
2026-09-02T17:11:04.9627150+07:00,2026/09/02 17:11:04.993, NVIDIA GeForce RTX 5060, 591.86, P5, 27, 0, 88, 8151, 9.37, 145.00, 210, 810, 2, 8
2026-09-02T17:11:10.0036637+07:00,2026/09/02 17:11:10.034, NVIDIA GeForce RTX 5060, 591.86, P8, 27, 0, 88, 8151, 8.07, 145.00, 210, 405, 1, 8
2026-09-02T17:11:15.0481134+07:00,2026/09/02 17:11:15.079, NVIDIA GeForce RTX 5060, 591.86, P8, 27, 0, 88, 8151, 7.96, 145.00, 210, 405, 1, 8
2026-09-02T17:11:20.0900867+07:00,2026/09/02 17:11:20.120, NVIDIA GeForce RTX 5060, 591.86, P8, 27, 0, 88, 8151, 8.06, 145.00, 210, 405, 1, 8
2026-09-02T17:11:25.1275623+07:00,2026/09/02 17:11:25.158, NVIDIA GeForce RTX 5060, 591.86, P8, 27, 0, 88, 8151, 7.83, 145.00, 210, 405, 1, 8
2026-09-02T17:11:30.2412592+07:00,2026/09/02 17:11:30.272, NVIDIA GeForce RTX 5060, 591.86, P8, 27, 0, 88, 8151, 7.58, 145.00, 210, 405, 1, 8
2026-09-02T17:11:35.2791672+07:00,2026/09/02 17:11:35.310, NVIDIA GeForce RTX 5060, 591.86, P8, 27, 0, 88, 8151, 7.83, 145.00, 210, 405, 1, 8
2026-09-02T17:11:40.3174554+07:00,2026/09/02 17:11:40.348, NVIDIA GeForce RTX 5060, 591.86, P8, 27, 0, 88, 8151, 7.78, 145.00, 210, 405, 1, 8
2026-09-02T17:11:45.4177269+07:00,2026/09/02 17:11:45.448, NVIDIA GeForce RTX 5060, 591.86, P8, 27, 0, 88, 8151, 7.85, 145.00, 210, 405, 1, 8
2026-09-02T17:11:50.4559702+07:00,2026/09/02 17:11:50.486, NVIDIA GeForce RTX 5060, 591.86, P8, 27, 0, 88, 8151, 7.35, 145.00, 210, 405, 1, 8
2026-09-02T17:11:55.4954561+07:00,2026/09/02 17:11:55.526, NVIDIA GeForce RTX 5060, 591.86, P8, 27, 0, 88, 8151, 7.45, 145.00, 210, 405, 1, 8
2026-09-02T17:12:00.6225614+07:00,2026/09/02 17:12:00.653, NVIDIA GeForce RTX 5060, 591.86, P8, 27, 0, 108, 8151, 7.98, 145.00, 210, 405, 1, 8
2026-09-02T17:12:05.6717478+07:00,2026/09/02 17:12:05.702, NVIDIA GeForce RTX 5060, 591.86, P8, 27, 0, 108, 8151, 7.34, 145.00, 210, 405, 1, 8
2026-09-02T17:12:10.7132624+07:00,2026/09/02 17:12:10.744, NVIDIA GeForce RTX 5060, 591.86, P8, 27, 0, 108, 8151, 7.41, 145.00, 210, 405, 1, 8
2026-09-02T17:12:15.7515792+07:00,2026/09/02 17:12:15.781, NVIDIA GeForce RTX 5060, 591.86, P8, 27, 0, 108, 8151, 7.43, 145.00, 210, 405, 1, 8
2026-09-02T17:12:20.7961792+07:00,2026/09/02 17:12:20.839, NVIDIA GeForce RTX 5060, 591.86, P8, 27, 0, 108, 8151, 7.51, 145.00, 210, 405, 1, 8
2026-09-02T17:12:25.8532419+07:00,2026/09/02 17:12:25.897, NVIDIA GeForce RTX 5060, 591.86, P8, 27, 0, 108, 8151, 7.05, 145.00, 210, 405, 1, 8
2026-09-02T17:12:30.9747462+07:00,2026/09/02 17:12:31.019, NVIDIA GeForce RTX 5060, 591.86, P8, 27, 0, 108, 8151, 7.20, 145.00, 210, 405, 1, 8
2026-09-02T17:12:36.0375596+07:00,2026/09/02 17:12:36.081, NVIDIA GeForce RTX 5060, 591.86, P8, 27, 0, 108, 8151, 7.11, 145.00, 210, 405, 1, 8
2026-09-02T17:12:41.0949014+07:00,2026/09/02 17:12:41.140, NVIDIA GeForce RTX 5060, 591.86, P8, 27, 0, 108, 8151, 7.09, 145.00, 210, 405, 1, 8
2026-09-02T17:12:46.1660336+07:00,2026/09/02 17:12:46.211, NVIDIA GeForce RTX 5060, 591.86, P8, 27, 0, 108, 8151, 7.15, 145.00, 210, 405, 1, 8
2026-09-02T17:12:51.2231734+07:00,2026/09/02 17:12:51.268, NVIDIA GeForce RTX 5060, 591.86, P8, 27, 0, 108, 8151, 7.22, 145.00, 202, 405, 1, 8
2026-09-02T17:12:56.2839277+07:00,2026/09/02 17:12:56.328, NVIDIA GeForce RTX 5060, 591.86, P8, 27, 0, 108, 8151, 7.27, 145.00, 210, 405, 1, 8
2026-09-02T17:13:01.4057291+07:00,2026/09/02 17:13:01.450, NVIDIA GeForce RTX 5060, 591.86, P8, 27, 0, 108, 8151, 7.43, 145.00, 210, 405, 1, 8
2026-09-02T17:13:06.4657519+07:00,2026/09/02 17:13:06.510, NVIDIA GeForce RTX 5060, 591.86, P8, 27, 0, 108, 8151, 7.28, 145.00, 210, 405, 1, 8
2026-09-02T17:13:11.5296374+07:00,2026/09/02 17:13:11.574, NVIDIA GeForce RTX 5060, 591.86, P8, 27, 0, 108, 8151, 7.27, 145.00, 210, 405, 1, 8
2026-09-02T17:13:16.5900501+07:00,2026/09/02 17:13:16.635, NVIDIA GeForce RTX 5060, 591.86, P8, 27, 0, 108, 8151, 7.36, 145.00, 210, 405, 1, 8
2026-09-02T17:13:21.6529019+07:00,2026/09/02 17:13:21.698, NVIDIA GeForce RTX 5060, 591.86, P8, 27, 0, 108, 8151, 7.27, 145.00, 210, 405, 1, 8
2026-09-02T17:13:26.7184559+07:00,2026/09/02 17:13:26.762, NVIDIA GeForce RTX 5060, 591.86, P8, 27, 0, 108, 8151, 7.19, 145.00, 210, 405, 1, 8
2026-09-02T17:13:31.8436832+07:00,2026/09/02 17:13:31.872, NVIDIA GeForce RTX 5060, 591.86, P8, 27, 0, 108, 8151, 7.28, 145.00, 210, 405, 1, 8
2026-09-02T17:13:36.8815864+07:00,2026/09/02 17:13:36.927, NVIDIA GeForce RTX 5060, 591.86, P8, 27, 0, 108, 8151, 7.20, 145.00, 210, 405, 1, 8
2026-09-02T17:13:41.9468210+07:00,2026/09/02 17:13:41.991, NVIDIA GeForce RTX 5060, 591.86, P8, 27, 0, 108, 8151, 7.24, 145.00, 210, 405, 1, 8
2026-09-02T17:13:47.0099348+07:00,2026/09/02 17:13:47.055, NVIDIA GeForce RTX 5060, 591.86, P8, 27, 0, 108, 8151, 7.20, 145.00, 210, 405, 1, 8
2026-09-02T17:13:52.0753087+07:00,2026/09/02 17:13:52.105, NVIDIA GeForce RTX 5060, 591.86, P8, 27, 0, 108, 8151, 7.24, 145.00, 210, 405, 1, 8
2026-09-02T17:13:57.1249158+07:00,2026/09/02 17:13:57.169, NVIDIA GeForce RTX 5060, 591.86, P8, 27, 0, 108, 8151, 7.29, 145.00, 210, 405, 1, 8
2026-09-02T17:14:02.2627888+07:00,2026/09/02 17:14:02.306, NVIDIA GeForce RTX 5060, 591.86, P8, 27, 0, 108, 8151, 7.88, 145.00, 210, 405, 1, 8
2026-09-02T17:14:07.3306193+07:00,2026/09/02 17:14:07.375, NVIDIA GeForce RTX 5060, 591.86, P8, 27, 0, 108, 8151, 7.27, 145.00, 210, 405, 1, 8
2026-09-02T17:14:12.3942399+07:00,2026/09/02 17:14:12.423, NVIDIA GeForce RTX 5060, 591.86, P8, 27, 0, 108, 8151, 7.13, 145.00, 210, 405, 1, 8
2026-09-02T17:14:17.4397159+07:00,2026/09/02 17:14:17.485, NVIDIA GeForce RTX 5060, 591.86, P8, 27, 0, 108, 8151, 7.32, 145.00, 210, 405, 1, 8
2026-09-02T17:14:22.5029333+07:00,2026/09/02 17:14:22.548, NVIDIA GeForce RTX 5060, 591.86, P8, 27, 0, 108, 8151, 7.22, 145.00, 210, 405, 1, 8
2026-09-02T17:14:27.5677995+07:00,2026/09/02 17:14:27.597, NVIDIA GeForce RTX 5060, 591.86, P8, 27, 0, 108, 8151, 7.16, 145.00, 210, 405, 1, 8
2026-09-02T17:14:32.6780695+07:00,2026/09/02 17:14:32.722, NVIDIA GeForce RTX 5060, 591.86, P8, 28, 0, 108, 8151, 7.28, 145.00, 210, 405, 1, 8
2026-09-02T17:14:37.7417263+07:00,2026/09/02 17:14:37.771, NVIDIA GeForce RTX 5060, 591.86, P8, 28, 0, 108, 8151, 7.30, 145.00, 210, 405, 1, 8
2026-09-02T17:14:42.7920832+07:00,2026/09/02 17:14:42.838, NVIDIA GeForce RTX 5060, 591.86, P8, 28, 0, 108, 8151, 7.18, 145.00, 210, 405, 1, 8
2026-09-02T17:14:47.8557997+07:00,2026/09/02 17:14:47.900, NVIDIA GeForce RTX 5060, 591.86, P8, 28, 0, 108, 8151, 7.05, 145.00, 210, 405, 1, 8
2026-09-02T17:14:52.9163402+07:00,2026/09/02 17:14:52.961, NVIDIA GeForce RTX 5060, 591.86, P8, 28, 0, 108, 8151, 7.19, 145.00, 210, 405, 1, 8
2026-09-02T17:14:57.9786052+07:00,2026/09/02 17:14:58.023, NVIDIA GeForce RTX 5060, 591.86, P8, 28, 0, 108, 8151, 7.16, 145.00, 210, 405, 1, 8
2026-09-02T17:15:03.1040172+07:00,2026/09/02 17:15:03.133, NVIDIA GeForce RTX 5060, 591.86, P8, 28, 0, 108, 8151, 7.79, 145.00, 210, 405, 1, 8
2026-09-02T17:15:08.1431163+07:00,2026/09/02 17:15:08.173, NVIDIA GeForce RTX 5060, 591.86, P8, 28, 0, 108, 8151, 7.21, 145.00, 210, 405, 1, 8
2026-09-02T17:15:13.1944714+07:00,2026/09/02 17:15:13.224, NVIDIA GeForce RTX 5060, 591.86, P8, 28, 0, 108, 8151, 7.14, 145.00, 210, 405, 1, 8
2026-09-02T17:15:18.2325079+07:00,2026/09/02 17:15:18.276, NVIDIA GeForce RTX 5060, 591.86, P8, 28, 0, 108, 8151, 7.33, 145.00, 210, 405, 1, 8
2026-09-02T17:15:23.2975709+07:00,2026/09/02 17:15:23.342, NVIDIA GeForce RTX 5060, 591.86, P8, 28, 0, 108, 8151, 7.17, 145.00, 210, 405, 1, 8
2026-09-02T17:15:28.3667274+07:00,2026/09/02 17:15:28.411, NVIDIA GeForce RTX 5060, 591.86, P8, 28, 0, 108, 8151, 7.16, 145.00, 210, 405, 1, 8
2026-09-02T17:15:33.4866200+07:00,2026/09/02 17:15:33.532, NVIDIA GeForce RTX 5060, 591.86, P8, 28, 0, 108, 8151, 7.16, 145.00, 210, 405, 1, 8
2026-09-02T17:15:38.5561060+07:00,2026/09/02 17:15:38.601, NVIDIA GeForce RTX 5060, 591.86, P8, 28, 0, 108, 8151, 7.00, 145.00, 210, 405, 1, 8
2026-09-02T17:15:43.6236413+07:00,2026/09/02 17:15:43.669, NVIDIA GeForce RTX 5060, 591.86, P8, 28, 0, 108, 8151, 7.01, 145.00, 210, 405, 1, 8
2026-09-02T17:15:48.6871777+07:00,2026/09/02 17:15:48.732, NVIDIA GeForce RTX 5060, 591.86, P8, 28, 0, 108, 8151, 7.06, 145.00, 210, 405, 1, 8
2026-09-02T17:15:53.7522432+07:00,2026/09/02 17:15:53.797, NVIDIA GeForce RTX 5060, 591.86, P8, 28, 0, 108, 8151, 7.16, 145.00, 210, 405, 1, 8
2026-09-02T17:15:58.8078005+07:00,2026/09/02 17:15:58.852, NVIDIA GeForce RTX 5060, 591.86, P8, 28, 0, 108, 8151, 7.15, 145.00, 210, 405, 1, 8
2026-09-02T17:16:03.9276942+07:00,2026/09/02 17:16:03.973, NVIDIA GeForce RTX 5060, 591.86, P8, 28, 0, 108, 8151, 7.10, 145.00, 210, 405, 1, 8
2026-09-02T17:16:08.9941558+07:00,2026/09/02 17:16:09.038, NVIDIA GeForce RTX 5060, 591.86, P8, 28, 0, 108, 8151, 7.18, 145.00, 210, 405, 1, 8
2026-09-02T17:16:14.0544842+07:00,2026/09/02 17:16:14.099, NVIDIA GeForce RTX 5060, 591.86, P8, 28, 0, 108, 8151, 7.04, 145.00, 210, 405, 1, 8
2026-09-02T17:16:19.1148735+07:00,2026/09/02 17:16:19.160, NVIDIA GeForce RTX 5060, 591.86, P8, 28, 0, 108, 8151, 7.23, 145.00, 210, 405, 1, 8
2026-09-02T17:16:24.1729348+07:00,2026/09/02 17:16:24.218, NVIDIA GeForce RTX 5060, 591.86, P8, 28, 0, 108, 8151, 7.11, 145.00, 210, 405, 1, 8
2026-09-02T17:16:29.2420379+07:00,2026/09/02 17:16:29.287, NVIDIA GeForce RTX 5060, 591.86, P8, 28, 0, 108, 8151, 7.24, 145.00, 210, 405, 1, 8
2026-09-02T17:16:34.3627615+07:00,2026/09/02 17:16:34.393, NVIDIA GeForce RTX 5060, 591.86, P8, 28, 0, 108, 8151, 7.21, 145.00, 210, 405, 1, 8
2026-09-02T17:16:39.4090076+07:00,2026/09/02 17:16:39.454, NVIDIA GeForce RTX 5060, 591.86, P8, 28, 0, 108, 8151, 7.28, 145.00, 210, 405, 1, 8
2026-09-02T17:16:44.4649635+07:00,2026/09/02 17:16:44.510, NVIDIA GeForce RTX 5060, 591.86, P8, 28, 0, 108, 8151, 7.23, 145.00, 210, 405, 1, 8
2026-09-02T17:16:49.5252011+07:00,2026/09/02 17:16:49.570, NVIDIA GeForce RTX 5060, 591.86, P8, 28, 0, 108, 8151, 7.36, 145.00, 210, 405, 1, 8
2026-09-02T17:16:54.5834373+07:00,2026/09/02 17:16:54.629, NVIDIA GeForce RTX 5060, 591.86, P8, 28, 0, 108, 8151, 7.33, 145.00, 210, 405, 1, 8
2026-09-02T17:16:59.6427460+07:00,2026/09/02 17:16:59.672, NVIDIA GeForce RTX 5060, 591.86, P8, 28, 0, 108, 8151, 7.26, 145.00, 210, 405, 1, 8
2026-09-02T17:17:04.7521923+07:00,2026/09/02 17:17:04.797, NVIDIA GeForce RTX 5060, 591.86, P8, 28, 0, 108, 8151, 7.34, 145.00, 202, 405, 1, 8
2026-09-02T17:17:09.8166956+07:00,2026/09/02 17:17:09.861, NVIDIA GeForce RTX 5060, 591.86, P8, 28, 0, 108, 8151, 7.42, 145.00, 210, 405, 1, 8
2026-09-02T17:17:14.8796095+07:00,2026/09/02 17:17:14.924, NVIDIA GeForce RTX 5060, 591.86, P8, 28, 0, 108, 8151, 7.35, 145.00, 210, 405, 1, 8
2026-09-02T17:17:19.9410748+07:00,2026/09/02 17:17:19.986, NVIDIA GeForce RTX 5060, 591.86, P8, 28, 0, 108, 8151, 7.33, 145.00, 210, 405, 1, 8
2026-09-02T17:17:25.0025224+07:00,2026/09/02 17:17:25.047, NVIDIA GeForce RTX 5060, 591.86, P8, 28, 0, 108, 8151, 7.28, 145.00, 210, 405, 1, 8
2026-09-02T17:17:30.0662064+07:00,2026/09/02 17:17:30.111, NVIDIA GeForce RTX 5060, 591.86, P8, 28, 0, 108, 8151, 7.23, 145.00, 210, 405, 1, 8
2026-09-02T17:17:35.1948191+07:00,2026/09/02 17:17:35.226, NVIDIA GeForce RTX 5060, 591.86, P8, 28, 0, 108, 8151, 7.23, 145.00, 210, 405, 1, 8
2026-09-02T17:17:40.2392045+07:00,2026/09/02 17:17:40.269, NVIDIA GeForce RTX 5060, 591.86, P8, 28, 0, 108, 8151, 7.55, 145.00, 210, 405, 1, 8
2026-09-02T17:17:45.2903723+07:00,2026/09/02 17:17:45.321, NVIDIA GeForce RTX 5060, 591.86, P8, 28, 0, 108, 8151, 7.22, 145.00, 210, 405, 1, 8
2026-09-02T17:17:50.3272581+07:00,2026/09/02 17:17:50.358, NVIDIA GeForce RTX 5060, 591.86, P8, 28, 0, 108, 8151, 7.48, 145.00, 210, 405, 1, 8
2026-09-02T17:17:55.3673374+07:00,2026/09/02 17:17:55.412, NVIDIA GeForce RTX 5060, 591.86, P8, 28, 0, 108, 8151, 7.17, 145.00, 210, 405, 1, 8
2026-09-02T17:18:00.4299962+07:00,2026/09/02 17:18:00.460, NVIDIA GeForce RTX 5060, 591.86, P8, 28, 0, 112, 8151, 7.90, 145.00, 210, 405, 1, 8
2026-09-02T17:18:05.5402973+07:00,2026/09/02 17:18:05.585, NVIDIA GeForce RTX 5060, 591.86, P8, 28, 0, 112, 8151, 7.43, 145.00, 202, 405, 1, 8
2026-09-02T17:18:10.5994698+07:00,2026/09/02 17:18:10.644, NVIDIA GeForce RTX 5060, 591.86, P8, 28, 0, 112, 8151, 7.14, 145.00, 210, 405, 1, 8
2026-09-02T17:18:15.6581062+07:00,2026/09/02 17:18:15.703, NVIDIA GeForce RTX 5060, 591.86, P8, 28, 0, 112, 8151, 7.06, 145.00, 210, 405, 1, 8
2026-09-02T17:18:20.7284226+07:00,2026/09/02 17:18:20.774, NVIDIA GeForce RTX 5060, 591.86, P8, 28, 0, 112, 8151, 7.06, 145.00, 210, 405, 1, 8
2026-09-02T17:18:25.7882282+07:00,2026/09/02 17:18:25.833, NVIDIA GeForce RTX 5060, 591.86, P8, 28, 0, 112, 8151, 6.97, 145.00, 210, 405, 1, 8
2026-09-02T17:18:30.8473763+07:00,2026/09/02 17:18:30.891, NVIDIA GeForce RTX 5060, 591.86, P8, 28, 0, 112, 8151, 7.10, 145.00, 210, 405, 1, 8
2026-09-02T17:18:35.9697241+07:00,2026/09/02 17:18:36.014, NVIDIA GeForce RTX 5060, 591.86, P8, 28, 0, 112, 8151, 7.17, 145.00, 210, 405, 1, 8
2026-09-02T17:18:41.0264157+07:00,2026/09/02 17:18:41.071, NVIDIA GeForce RTX 5060, 591.86, P8, 28, 0, 112, 8151, 7.05, 145.00, 210, 405, 1, 8
2026-09-02T17:18:46.0967824+07:00,2026/09/02 17:18:46.142, NVIDIA GeForce RTX 5060, 591.86, P8, 28, 0, 112, 8151, 7.15, 145.00, 210, 405, 1, 8
2026-09-02T17:18:51.1563503+07:00,2026/09/02 17:18:51.200, NVIDIA GeForce RTX 5060, 591.86, P8, 28, 0, 112, 8151, 7.18, 145.00, 210, 405, 1, 8
2026-09-02T17:18:56.2117451+07:00,2026/09/02 17:18:56.257, NVIDIA GeForce RTX 5060, 591.86, P8, 28, 0, 112, 8151, 7.16, 145.00, 210, 405, 1, 8
2026-09-02T17:19:01.2650557+07:00,2026/09/02 17:19:01.295, NVIDIA GeForce RTX 5060, 591.86, P8, 28, 0, 112, 8151, 7.22, 145.00, 210, 405, 1, 8
2026-09-02T17:19:06.3754399+07:00,2026/09/02 17:19:06.420, NVIDIA GeForce RTX 5060, 591.86, P8, 28, 0, 112, 8151, 7.30, 145.00, 202, 405, 1, 8
2026-09-02T17:19:11.4339321+07:00,2026/09/02 17:19:11.463, NVIDIA GeForce RTX 5060, 591.86, P8, 28, 0, 112, 8151, 7.32, 145.00, 210, 405, 1, 8
2026-09-02T17:19:16.4819096+07:00,2026/09/02 17:19:16.525, NVIDIA GeForce RTX 5060, 591.86, P8, 28, 0, 112, 8151, 7.18, 145.00, 210, 405, 1, 8
2026-09-02T17:19:21.5448126+07:00,2026/09/02 17:19:21.575, NVIDIA GeForce RTX 5060, 591.86, P8, 28, 0, 112, 8151, 7.61, 145.00, 210, 405, 1, 8
2026-09-02T17:19:26.5941197+07:00,2026/09/02 17:19:26.639, NVIDIA GeForce RTX 5060, 591.86, P8, 28, 0, 112, 8151, 7.20, 145.00, 210, 405, 1, 8
2026-09-02T17:19:31.6595828+07:00,2026/09/02 17:19:31.704, NVIDIA GeForce RTX 5060, 591.86, P8, 28, 0, 112, 8151, 7.16, 145.00, 210, 405, 1, 8
2026-09-02T17:19:36.7853459+07:00,2026/09/02 17:19:36.829, NVIDIA GeForce RTX 5060, 591.86, P8, 28, 0, 112, 8151, 7.23, 145.00, 210, 405, 1, 8
2026-09-02T17:19:41.8461370+07:00,2026/09/02 17:19:41.891, NVIDIA GeForce RTX 5060, 591.86, P8, 28, 0, 112, 8151, 7.09, 145.00, 210, 405, 1, 8
2026-09-02T17:19:46.9090095+07:00,2026/09/02 17:19:46.954, NVIDIA GeForce RTX 5060, 591.86, P8, 28, 0, 112, 8151, 7.18, 145.00, 210, 405, 1, 8
2026-09-02T17:19:51.9768797+07:00,2026/09/02 17:19:52.022, NVIDIA GeForce RTX 5060, 591.86, P8, 28, 0, 112, 8151, 7.13, 145.00, 210, 405, 1, 8
2026-09-02T17:19:57.0416002+07:00,2026/09/02 17:19:57.086, NVIDIA GeForce RTX 5060, 591.86, P8, 28, 0, 112, 8151, 7.16, 145.00, 210, 405, 1, 8
2026-09-02T17:20:02.1024264+07:00,2026/09/02 17:20:02.147, NVIDIA GeForce RTX 5060, 591.86, P8, 28, 0, 112, 8151, 7.59, 145.00, 210, 405, 1, 8
2026-09-02T17:20:07.2282496+07:00,2026/09/02 17:20:07.273, NVIDIA GeForce RTX 5060, 591.86, P8, 28, 0, 112, 8151, 7.20, 145.00, 202, 405, 1, 8
2026-09-02T17:20:12.2924916+07:00,2026/09/02 17:20:12.338, NVIDIA GeForce RTX 5060, 591.86, P8, 28, 0, 112, 8151, 7.28, 145.00, 210, 405, 1, 8
2026-09-02T17:20:17.3549377+07:00,2026/09/02 17:20:17.399, NVIDIA GeForce RTX 5060, 591.86, P8, 28, 0, 112, 8151, 7.26, 145.00, 210, 405, 1, 8
2026-09-02T17:20:22.4183664+07:00,2026/09/02 17:20:22.463, NVIDIA GeForce RTX 5060, 591.86, P8, 28, 0, 112, 8151, 7.26, 145.00, 210, 405, 1, 8
2026-09-02T17:20:27.4799606+07:00,2026/09/02 17:20:27.525, NVIDIA GeForce RTX 5060, 591.86, P8, 28, 0, 112, 8151, 7.34, 145.00, 210, 405, 1, 8
2026-09-02T17:20:32.5490959+07:00,2026/09/02 17:20:32.593, NVIDIA GeForce RTX 5060, 591.86, P8, 28, 0, 112, 8151, 7.28, 145.00, 210, 405, 1, 8
2026-09-02T17:20:37.6739588+07:00,2026/09/02 17:20:37.718, NVIDIA GeForce RTX 5060, 591.86, P8, 28, 0, 112, 8151, 7.33, 145.00, 210, 405, 1, 8
2026-09-02T17:20:42.7346759+07:00,2026/09/02 17:20:42.779, NVIDIA GeForce RTX 5060, 591.86, P8, 28, 0, 112, 8151, 7.28, 145.00, 210, 405, 1, 8
2026-09-02T17:20:47.7985567+07:00,2026/09/02 17:20:47.844, NVIDIA GeForce RTX 5060, 591.86, P8, 28, 0, 112, 8151, 7.39, 145.00, 210, 405, 1, 8
2026-09-02T17:20:52.8708059+07:00,2026/09/02 17:20:52.915, NVIDIA GeForce RTX 5060, 591.86, P8, 28, 0, 112, 8151, 7.28, 145.00, 210, 405, 1, 8
2026-09-02T17:20:57.9346207+07:00,2026/09/02 17:20:57.980, NVIDIA GeForce RTX 5060, 591.86, P8, 28, 0, 112, 8151, 7.20, 145.00, 210, 405, 1, 8
2026-09-02T17:21:02.9994649+07:00,2026/09/02 17:21:03.029, NVIDIA GeForce RTX 5060, 591.86, P8, 28, 0, 112, 8151, 7.26, 145.00, 210, 405, 1, 8
2026-09-02T17:21:08.1116949+07:00,2026/09/02 17:21:08.156, NVIDIA GeForce RTX 5060, 591.86, P8, 28, 0, 112, 8151, 7.21, 145.00, 210, 405, 1, 8
2026-09-02T17:21:13.1737162+07:00,2026/09/02 17:21:13.219, NVIDIA GeForce RTX 5060, 591.86, P8, 28, 0, 112, 8151, 7.23, 145.00, 210, 405, 1, 8
2026-09-02T17:21:18.2349775+07:00,2026/09/02 17:21:18.280, NVIDIA GeForce RTX 5060, 591.86, P8, 28, 0, 112, 8151, 7.83, 145.00, 210, 405, 1, 8
2026-09-02T17:21:23.2989308+07:00,2026/09/02 17:21:23.344, NVIDIA GeForce RTX 5060, 591.86, P8, 28, 0, 112, 8151, 7.18, 145.00, 210, 405, 1, 8
2026-09-02T17:21:28.3629349+07:00,2026/09/02 17:21:28.408, NVIDIA GeForce RTX 5060, 591.86, P8, 28, 0, 112, 8151, 7.20, 145.00, 210, 405, 1, 8
2026-09-02T17:21:33.4282792+07:00,2026/09/02 17:21:33.473, NVIDIA GeForce RTX 5060, 591.86, P8, 28, 0, 112, 8151, 7.28, 145.00, 210, 405, 1, 8
2026-09-02T17:21:38.5526037+07:00,2026/09/02 17:21:38.598, NVIDIA GeForce RTX 5060, 591.86, P8, 28, 0, 112, 8151, 7.26, 145.00, 210, 405, 1, 8
2026-09-02T17:21:43.6143444+07:00,2026/09/02 17:21:43.659, NVIDIA GeForce RTX 5060, 591.86, P8, 28, 0, 112, 8151, 7.30, 145.00, 210, 405, 1, 8
2026-09-02T17:21:48.6803323+07:00,2026/09/02 17:21:48.725, NVIDIA GeForce RTX 5060, 591.86, P8, 28, 0, 112, 8151, 7.32, 145.00, 210, 405, 1, 8
2026-09-02T17:21:53.7499928+07:00,2026/09/02 17:21:53.794, NVIDIA GeForce RTX 5060, 591.86, P8, 28, 0, 112, 8151, 7.22, 145.00, 210, 405, 1, 8
2026-09-02T17:21:58.8121252+07:00,2026/09/02 17:21:58.857, NVIDIA GeForce RTX 5060, 591.86, P8, 28, 0, 112, 8151, 7.20, 145.00, 210, 405, 1, 8
2026-09-02T17:22:03.8732997+07:00,2026/09/02 17:22:03.919, NVIDIA GeForce RTX 5060, 591.86, P8, 28, 0, 112, 8151, 7.43, 145.00, 210, 405, 1, 8
2026-09-02T17:22:09.0122366+07:00,2026/09/02 17:22:09.057, NVIDIA GeForce RTX 5060, 591.86, P8, 28, 0, 112, 8151, 7.25, 145.00, 210, 405, 1, 8
2026-09-02T17:22:14.0750834+07:00,2026/09/02 17:22:14.120, NVIDIA GeForce RTX 5060, 591.86, P8, 28, 0, 112, 8151, 7.36, 145.00, 202, 405, 1, 8
2026-09-02T17:22:19.1422907+07:00,2026/09/02 17:22:19.187, NVIDIA GeForce RTX 5060, 591.86, P8, 28, 0, 112, 8151, 7.92, 145.00, 210, 405, 1, 8
2026-09-02T17:22:24.2058468+07:00,2026/09/02 17:22:24.251, NVIDIA GeForce RTX 5060, 591.86, P8, 28, 0, 112, 8151, 7.32, 145.00, 210, 405, 1, 8
2026-09-02T17:22:29.2631563+07:00,2026/09/02 17:22:29.308, NVIDIA GeForce RTX 5060, 591.86, P8, 28, 0, 112, 8151, 7.30, 145.00, 210, 405, 1, 8
2026-09-02T17:22:34.3210021+07:00,2026/09/02 17:22:34.365, NVIDIA GeForce RTX 5060, 591.86, P8, 28, 0, 112, 8151, 7.34, 145.00, 210, 405, 1, 8
2026-09-02T17:22:39.4305820+07:00,2026/09/02 17:22:39.475, NVIDIA GeForce RTX 5060, 591.86, P8, 28, 0, 112, 8151, 7.37, 145.00, 210, 405, 1, 8
2026-09-02T17:22:44.4908478+07:00,2026/09/02 17:22:44.535, NVIDIA GeForce RTX 5060, 591.86, P8, 28, 0, 112, 8151, 7.20, 145.00, 210, 405, 1, 8
2026-09-02T17:22:49.5551321+07:00,2026/09/02 17:22:49.600, NVIDIA GeForce RTX 5060, 591.86, P8, 28, 0, 112, 8151, 7.13, 145.00, 210, 405, 1, 8
2026-09-02T17:22:54.6210796+07:00,2026/09/02 17:22:54.666, NVIDIA GeForce RTX 5060, 591.86, P8, 28, 0, 112, 8151, 7.20, 145.00, 210, 405, 1, 8
2026-09-02T17:22:59.6840875+07:00,2026/09/02 17:22:59.728, NVIDIA GeForce RTX 5060, 591.86, P8, 28, 0, 112, 8151, 7.08, 145.00, 210, 405, 1, 8
2026-09-02T17:23:04.7429303+07:00,2026/09/02 17:23:04.788, NVIDIA GeForce RTX 5060, 591.86, P8, 28, 0, 112, 8151, 7.16, 145.00, 210, 405, 1, 8
2026-09-02T17:23:09.8689916+07:00,2026/09/02 17:23:09.913, NVIDIA GeForce RTX 5060, 591.86, P8, 28, 0, 112, 8151, 7.14, 145.00, 210, 405, 1, 8
2026-09-02T17:23:14.9307872+07:00,2026/09/02 17:23:14.974, NVIDIA GeForce RTX 5060, 591.86, P8, 28, 0, 112, 8151, 7.01, 145.00, 210, 405, 1, 8
2026-09-02T17:23:19.9915684+07:00,2026/09/02 17:23:20.035, NVIDIA GeForce RTX 5060, 591.86, P8, 28, 0, 112, 8151, 7.07, 145.00, 210, 405, 1, 8
2026-09-02T17:23:25.0500024+07:00,2026/09/02 17:23:25.095, NVIDIA GeForce RTX 5060, 591.86, P8, 28, 0, 112, 8151, 7.06, 145.00, 210, 405, 1, 8
2026-09-02T17:23:30.1066172+07:00,2026/09/02 17:23:30.137, NVIDIA GeForce RTX 5060, 591.86, P8, 28, 0, 112, 8151, 7.00, 145.00, 210, 405, 1, 8
2026-09-02T17:23:35.1553617+07:00,2026/09/02 17:23:35.200, NVIDIA GeForce RTX 5060, 591.86, P8, 28, 0, 112, 8151, 7.31, 145.00, 210, 405, 1, 8
2026-09-02T17:23:40.2864960+07:00,2026/09/02 17:23:40.331, NVIDIA GeForce RTX 5060, 591.86, P8, 28, 0, 112, 8151, 7.12, 145.00, 210, 405, 1, 8
2026-09-02T17:23:45.3456224+07:00,2026/09/02 17:23:45.390, NVIDIA GeForce RTX 5060, 591.86, P8, 28, 0, 112, 8151, 7.14, 145.00, 210, 405, 1, 8
2026-09-02T17:23:50.4082288+07:00,2026/09/02 17:23:50.453, NVIDIA GeForce RTX 5060, 591.86, P8, 28, 0, 112, 8151, 7.46, 145.00, 210, 405, 1, 8
2026-09-02T17:23:55.4641674+07:00,2026/09/02 17:23:55.507, NVIDIA GeForce RTX 5060, 591.86, P8, 28, 0, 112, 8151, 7.28, 145.00, 210, 405, 1, 8
2026-09-02T17:24:00.5307456+07:00,2026/09/02 17:24:00.575, NVIDIA GeForce RTX 5060, 591.86, P8, 28, 0, 112, 8151, 7.21, 145.00, 210, 405, 1, 8
2026-09-02T17:24:05.5865339+07:00,2026/09/02 17:24:05.631, NVIDIA GeForce RTX 5060, 591.86, P8, 28, 0, 112, 8151, 6.99, 145.00, 210, 405, 1, 8
2026-09-02T17:24:10.7044304+07:00,2026/09/02 17:24:10.749, NVIDIA GeForce RTX 5060, 591.86, P8, 28, 0, 112, 8151, 7.05, 145.00, 210, 405, 1, 8
2026-09-02T17:24:15.7700836+07:00,2026/09/02 17:24:15.814, NVIDIA GeForce RTX 5060, 591.86, P8, 28, 0, 112, 8151, 7.07, 145.00, 210, 405, 1, 8
2026-09-02T17:24:20.8276712+07:00,2026/09/02 17:24:20.872, NVIDIA GeForce RTX 5060, 591.86, P8, 28, 0, 112, 8151, 7.14, 145.00, 210, 405, 1, 8
2026-09-02T17:24:25.8990025+07:00,2026/09/02 17:24:25.943, NVIDIA GeForce RTX 5060, 591.86, P8, 28, 0, 112, 8151, 7.22, 145.00, 210, 405, 1, 8
2026-09-02T17:24:30.9690234+07:00,2026/09/02 17:24:31.014, NVIDIA GeForce RTX 5060, 591.86, P8, 28, 0, 112, 8151, 7.11, 145.00, 210, 405, 1, 8
2026-09-02T17:24:36.0271326+07:00,2026/09/02 17:24:36.072, NVIDIA GeForce RTX 5060, 591.86, P8, 28, 0, 112, 8151, 7.08, 145.00, 210, 405, 1, 8
2026-09-02T17:24:41.1590394+07:00,2026/09/02 17:24:41.203, NVIDIA GeForce RTX 5060, 591.86, P8, 28, 0, 112, 8151, 7.13, 145.00, 210, 405, 1, 8
2026-09-02T17:24:46.2133064+07:00,2026/09/02 17:24:46.258, NVIDIA GeForce RTX 5060, 591.86, P8, 28, 0, 112, 8151, 7.13, 145.00, 210, 405, 1, 8
2026-09-02T17:24:51.2727133+07:00,2026/09/02 17:24:51.318, NVIDIA GeForce RTX 5060, 591.86, P8, 28, 0, 112, 8151, 7.17, 145.00, 210, 405, 1, 8
2026-09-02T17:24:56.3380251+07:00,2026/09/02 17:24:56.382, NVIDIA GeForce RTX 5060, 591.86, P8, 28, 0, 112, 8151, 7.22, 145.00, 210, 405, 1, 8
2026-09-02T17:25:01.3993218+07:00,2026/09/02 17:25:01.445, NVIDIA GeForce RTX 5060, 591.86, P8, 28, 0, 112, 8151, 7.10, 145.00, 210, 405, 1, 8
2026-09-02T17:25:06.4644383+07:00,2026/09/02 17:25:06.494, NVIDIA GeForce RTX 5060, 591.86, P8, 28, 0, 112, 8151, 7.13, 145.00, 210, 405, 1, 8
2026-09-02T17:25:11.5635409+07:00,2026/09/02 17:25:11.609, NVIDIA GeForce RTX 5060, 591.86, P8, 28, 0, 112, 8151, 7.19, 145.00, 210, 405, 1, 8
2026-09-02T17:25:16.6253133+07:00,2026/09/02 17:25:16.669, NVIDIA GeForce RTX 5060, 591.86, P8, 28, 0, 112, 8151, 7.18, 145.00, 210, 405, 1, 8
2026-09-02T17:25:21.6907719+07:00,2026/09/02 17:25:21.736, NVIDIA GeForce RTX 5060, 591.86, P8, 28, 0, 112, 8151, 7.25, 145.00, 210, 405, 1, 8
2026-09-02T17:25:26.7522459+07:00,2026/09/02 17:25:26.797, NVIDIA GeForce RTX 5060, 591.86, P8, 28, 0, 112, 8151, 7.20, 145.00, 210, 405, 1, 8
2026-09-02T17:25:31.8164802+07:00,2026/09/02 17:25:31.861, NVIDIA GeForce RTX 5060, 591.86, P8, 28, 0, 112, 8151, 7.39, 145.00, 210, 405, 1, 8
2026-09-02T17:25:36.8819161+07:00,2026/09/02 17:25:36.926, NVIDIA GeForce RTX 5060, 591.86, P8, 28, 0, 112, 8151, 7.28, 145.00, 210, 405, 1, 8
2026-09-02T17:25:42.0070492+07:00,2026/09/02 17:25:42.052, NVIDIA GeForce RTX 5060, 591.86, P8, 28, 0, 112, 8151, 7.24, 145.00, 210, 405, 1, 8
2026-09-02T17:25:47.0710138+07:00,2026/09/02 17:25:47.115, NVIDIA GeForce RTX 5060, 591.86, P8, 28, 0, 112, 8151, 7.21, 145.00, 210, 405, 1, 8
2026-09-02T17:25:52.1351686+07:00,2026/09/02 17:25:52.180, NVIDIA GeForce RTX 5060, 591.86, P8, 28, 0, 112, 8151, 7.24, 145.00, 202, 405, 1, 8
2026-09-02T17:25:57.2019088+07:00,2026/09/02 17:25:57.246, NVIDIA GeForce RTX 5060, 591.86, P8, 28, 0, 112, 8151, 7.10, 145.00, 210, 405, 1, 8
2026-09-02T17:26:02.2654026+07:00,2026/09/02 17:26:02.310, NVIDIA GeForce RTX 5060, 591.86, P8, 28, 0, 112, 8151, 7.67, 145.00, 210, 405, 1, 8
2026-09-02T17:26:07.3176463+07:00,2026/09/02 17:26:07.363, NVIDIA GeForce RTX 5060, 591.86, P8, 28, 0, 112, 8151, 7.20, 145.00, 210, 405, 1, 8
2026-09-02T17:26:12.4498655+07:00,2026/09/02 17:26:12.495, NVIDIA GeForce RTX 5060, 591.86, P8, 28, 0, 112, 8151, 7.15, 145.00, 210, 405, 1, 8
2026-09-02T17:26:17.5092587+07:00,NVIDIA_SMI_FAILED,"NVIDIA-SMI has failed because you do not have sufficient permissions. Please try running as an administrator."
2026-09-02T17:29:58.5019589+07:00,2026/09/02 17:29:58.532, NVIDIA GeForce RTX 5060, 591.86, P0, 29, 0, 91, 8151, 22.75, 145.00, 2527, 14201, 4, 8
2026-09-02T17:30:03.6387203+07:00,2026/09/02 17:30:03.668, NVIDIA GeForce RTX 5060, 591.86, P0, 30, 0, 92, 8151, 22.51, 145.00, 2512, 14201, 4, 8
2026-09-02T17:30:08.6778916+07:00,2026/09/02 17:30:08.708, NVIDIA GeForce RTX 5060, 591.86, P0, 30, 0, 92, 8151, 22.38, 145.00, 2512, 14201, 4, 8
2026-09-02T17:30:13.7298681+07:00,2026/09/02 17:30:13.759, NVIDIA GeForce RTX 5060, 591.86, P8, 28, 0, 102, 8151, 9.38, 145.00, 225, 405, 1, 8
2026-09-02T17:30:18.7736986+07:00,2026/09/02 17:30:18.804, NVIDIA GeForce RTX 5060, 591.86, P5, 28, 0, 118, 8151, 10.58, 145.00, 367, 810, 2, 8
2026-09-02T17:30:23.8224758+07:00,2026/09/02 17:30:23.853, NVIDIA GeForce RTX 5060, 591.86, P5, 29, 1, 186, 8151, 11.22, 145.00, 442, 810, 2, 8
2026-09-02T17:30:28.8639935+07:00,2026/09/02 17:30:28.894, NVIDIA GeForce RTX 5060, 591.86, P8, 29, 10, 216, 8151, 11.32, 145.00, 585, 405, 1, 8
2026-09-02T17:30:33.9783499+07:00,2026/09/02 17:30:34.024, NVIDIA GeForce RTX 5060, 591.86, P0, 30, 1, 231, 8151, 13.31, 145.00, 1815, 14201, 4, 8
2026-09-02T17:30:39.0462639+07:00,2026/09/02 17:30:39.076, NVIDIA GeForce RTX 5060, 591.86, P5, 29, 2, 262, 8151, 13.18, 145.00, 607, 810, 2, 8
2026-09-02T17:30:44.0832108+07:00,2026/09/02 17:30:44.113, NVIDIA GeForce RTX 5060, 591.86, P8, 29, 2, 260, 8151, 10.84, 145.00, 510, 405, 1, 8
2026-09-02T17:30:49.1218563+07:00,2026/09/02 17:30:49.152, NVIDIA GeForce RTX 5060, 591.86, P8, 29, 2, 263, 8151, 10.63, 145.00, 495, 405, 1, 8
2026-09-02T17:30:54.1609585+07:00,2026/09/02 17:30:54.191, NVIDIA GeForce RTX 5060, 591.86, P8, 29, 2, 263, 8151, 10.83, 145.00, 570, 405, 1, 8
2026-09-02T17:30:59.2114631+07:00,2026/09/02 17:30:59.242, NVIDIA GeForce RTX 5060, 591.86, P8, 29, 3, 266, 8151, 10.30, 145.00, 562, 405, 1, 8
2026-09-02T17:31:04.3132681+07:00,2026/09/02 17:31:04.344, NVIDIA GeForce RTX 5060, 591.86, P8, 29, 1, 267, 8151, 10.67, 145.00, 495, 405, 1, 8
2026-09-02T17:31:09.3514631+07:00,2026/09/02 17:31:09.382, NVIDIA GeForce RTX 5060, 591.86, P8, 29, 4, 269, 8151, 10.77, 145.00, 525, 405, 1, 8
2026-09-02T17:31:14.4009377+07:00,2026/09/02 17:31:14.431, NVIDIA GeForce RTX 5060, 591.86, P8, 29, 3, 268, 8151, 10.38, 145.00, 502, 405, 1, 8
2026-09-02T17:31:19.4510061+07:00,2026/09/02 17:31:19.481, NVIDIA GeForce RTX 5060, 591.86, P8, 29, 3, 268, 8151, 10.56, 145.00, 502, 405, 1, 8
2026-09-02T17:31:24.5011760+07:00,2026/09/02 17:31:24.531, NVIDIA GeForce RTX 5060, 591.86, P8, 29, 3, 268, 8151, 10.54, 145.00, 495, 405, 1, 8
2026-09-02T17:31:29.5414032+07:00,2026/09/02 17:31:29.572, NVIDIA GeForce RTX 5060, 591.86, P8, 29, 8, 269, 8151, 10.48, 145.00, 525, 405, 2, 8
2026-09-02T17:31:34.6499045+07:00,2026/09/02 17:31:34.695, NVIDIA GeForce RTX 5060, 591.86, P5, 29, 1, 217, 8151, 18.85, 145.00, 1027, 810, 2, 8
2026-09-02T17:31:39.7072865+07:00,2026/09/02 17:31:39.753, NVIDIA GeForce RTX 5060, 591.86, P3, 29, 1, 218, 8151, 18.97, 145.00, 735, 7001, 2, 8
